股票代码,股票名称,最新收盘,ret1,ret5,ret10,ret20,ret40,ret60,ret120,amp5,距20日高点,前10日区间振幅,振幅收敛比,近5日平均成交量,前10日平均成交量,成交量收敛比,近5日平均换手率,前10日平均换手率,换手率收敛比,流动性收敛证据,MA5_3日斜率,MA10_3日斜率,短期下行停止证据,整理证据可用项,整理收敛支持项,整理成熟度状态,距250日高点,250日位置,MA20距离,MA30_5日斜率,MA60_10日斜率,MA120_20日斜率,距稳健5日上沿,近5日低点,近10日低点,距近5日低点,距近10日低点,20日方向证据,MA20上方证据,短波动非极端证据,10日不过热证据,10日非急跌证据,短沿附近辅助,阶段1分,阶段1通过,阶段1风险提示,阶段1规则说明,阶段排名,本阶段入选,阶段软容量下限,阶段软容量上限,实际入选数,边界分数,决策说明
000020,深华发Ａ,12.45,0.01384364820846895,-0.01813880126182965,0.012195121951219301,0.11659192825112097,,,,0.07944307944307935,-0.09388646288209612,0.2367236723672368,0.3355941492823617,7538243.2,17410408.7,0.4329733626528825,0.041609731077168,0.09610228865401774,0.43297336265288233,True,-0.027253019510684262,0.005775773399794293,False,3,2,部分收敛/待确认,-0.09388646288209612,0.5728476821192049,0.012030564135912858,,,,-0.055386949924127515,12.21,11.56,0.019656019656019597,0.07698961937716242,2,2,1,1,1,1,8,True,,宽松粗筛：方向/非极端波动/不过热；不以精确MA距离或距20日高点为硬规则,1,True,150,200,174,8,入选：阶段1分=8；软容量150-200只，本次实际174只
000026,飞亚达,21.13,0.069873417721519,0.04037419990152635,0.07204464738711303,0.10802307288935498,,,,0.11196712891628145,-0.10504023718763233,0.24002100840336138,0.46648886970809594,10844075.2,11875241.0,0.913166747521166,0.02975562533481192,0.032585095127023546,0.913166747521167,True,-0.0017855371490924643,-0.006789333858112867,True,3,3,收敛较充分,-0.10504023718763233,0.6942046855733661,0.02069898316547114,,,,0.022254475084663605,19.47,19.1,0.0852593733949667,0.1062827225130889,2,2,1,1,1,1,8,True,,宽松粗筛：方向/非极端波动/不过热；不以精确MA距离或距20日高点为硬规则,1,True,150,200,174,8,入选：阶段1分=8；软容量150-200只，本次实际174只
000062,深圳华强,24.05,0.011779554059739183,-0.020366598778004064,0.09967992684042071,0.03485370051635117,,,,0.05977108944467995,-0.03799999999999992,0.1612149532710282,0.3707540040916376,34400517.6,24195140.8,1.4217944786665593,0.03292665852802104,0.023158521869420617,1.421794478666561,False,0.00024785194976861824,0.023812605150770105,True,3,2,部分收敛/待确认,-0.03799999999999992,0.7361111111111114,0.030177121929279682,,,,-0.03645833333333337,23.59,21.4,0.019499788045782118,0.12383177570093462,2,2,1,1,1,1,8,True,,宽松粗筛：方向/非极端波动/不过热；不以精确MA距离或距20日高点为硬规则,1,True,150,200,174,8,入选：阶段1分=8；软容量150-200只，本次实际174只
000520,凤凰航运,4.4,-0.009009009009009028,0.05011933174224348,0.032863849765258246,0.1055276381909549,,,,0.11510791366906485,-0.053763440860215006,0.10804020100502516,1.065417433495065,84429748.0,36073409.4,2.340498150973221,0.0834217253358815,0.03564272217057434,2.3404981509732217,False,0.028937381404174456,0.007775683317624571,True,3,1,结构未成熟,-0.053763440860215006,0.7191011235955058,0.05074626865671661,,,,-0.045553145336225564,4.17,4.13,0.05515587529976029,0.06537530266343827,2,2,1,1,1,1,8,True,,宽松粗筛：方向/非极端波动/不过热；不以精确MA距离或距20日高点为硬规则,1,True,150,200,174,8,入选：阶段1分=8；软容量150-200只，本次实际174只
000523,红棉股份,3.6,0.06824925816023741,0.06824925816023741,0.17263843648208477,0.21212121212121215,,,,0.1557632398753894,-0.029649595687331498,0.22635135135135134,0.6881480448226158,80536447.6,125707948.7,0.6406631277724445,0.04487165003745828,0.07003938277745889,0.6406631277724443,True,-0.0017492711370260539,0.015540944411237101,True,3,3,收敛较充分,-0.029649595687331498,0.8764044943820226,0.1124845488257109,,,,0.022727272727272707,3.21,3.09,0.12149532710280386,0.16504854368932054,2,2,1,1,1,1,8,True,,宽松粗筛：方向/非极端波动/不过热；不以精确MA距离或距20日高点为硬规则,1,True,150,200,174,8,入选：阶段1分=8；软容量150-200只，本次实际174只
000526,学大教育,37.35,0.0056542810985460434,0.031198233020430788,0.08010410641989596,0.026945284575199402,,,,0.07602663706992237,-0.04451266308518809,0.15959655888460406,0.4763676460273386,4399282.6,7325393.7,0.6005523771370813,0.03621598351950135,0.060304454529258714,0.6005523771370813,True,0.023337543243094894,0.008623072245868002,True,3,3,收敛较充分,-0.04451266308518809,0.8009153318077802,0.03863961847026598,,,,-0.028861154446177872,36.04,33.71,0.036348501664816846,0.10797982794423011,2,2,1,1,1,1,8,True,,宽松粗筛：方向/非极端波动/不过热；不以精确MA距离或距20日高点为硬规则,1,True,150,200,174,8,入选：阶段1分=8；软容量150-200只，本次实际174只
000536,华映科技,3.64,0.011111111111111072,0.011111111111111072,0.1518987341772151,0.0930930930930931,,,,0.10614525139664802,-0.08080808080808077,0.17857142857142852,0.5944134078212291,118773535.6,68707672.7,1.7286793589793645,0.04298588077345712,0.02486631228062821,1.7286793589793665,False,0.013609145345672147,0.03912543153049475,True,3,2,部分收敛/待确认,-0.08080808080808077,0.6363636363636365,0.0599883517763542,,,,-0.054545454545454564,3.58,3.12,0.016759776536312776,0.16666666666666674,2,2,1,1,1,1,8,True,,宽松粗筛：方向/非极端波动/不过热；不以精确MA距离或距20日高点为硬规则,1,True,150,200,174,8,入选：阶段1分=8；软容量150-200只，本次实际174只
000596,古井贡酒,101.0,-0.0016803400217455522,0.10129756842220039,0.1141753998896855,0.04587345966656309,,,,0.11355191256830602,-0.03191795265024444,0.0963936636332996,1.178001834231343,5919205.0,3869741.2,1.5296126262913912,0.01448655163974542,0.009470732256485499,1.5296126262913958,False,0.044396397909276075,0.0270160210041257,True,3,1,结构未成熟,-0.03191795265024444,0.7976913730255164,0.057453212930244524,,,,0.0011895321173671647,91.5,89.01,0.10382513661202175,0.1347039658465341,2,2,1,1,1,1,8,True,,宽松粗筛：方向/非极端波动/不过热；不以精确MA距离或距20日高点为硬规则,1,True,150,200,174,8,入选：阶段1分=8；软容量150-200只，本次实际174只
000721,西安饮食,7.59,0.04979253112033177,0.09999999999999987,0.18593749999999987,0.12444444444444436,,,,0.10144927536231874,-0.001315789473684159,0.15905511811023634,0.6378246520304193,50543515.6,18477077.2,2.7354713655685763,0.09864838241919395,0.03606266315227523,2.7354713655685776,False,0.03284671532846706,0.03655162370758713,True,3,2,部分收敛/待确认,-0.001315789473684159,0.9920000000000002,0.10819097678493228,,,,0.0,6.9,6.37,0.09999999999999987,0.1915227629513343,2,2,1,1,1,1,8,True,,宽松粗筛：方向/非极端波动/不过热；不以精确MA距离或距20日高点为硬规则,1,True,150,200,174,8,入选：阶段1分=8；软容量150-200只，本次实际174只
000887,中鼎股份,21.32,0.03696498054474717,-0.0023397285914834587,0.01186521120075934,0.1063829787234043,,,,0.08819133034379668,-0.10004221190375695,0.1342013019529294,0.6571570399125447,35089618.4,56273360.5,0.6235564766031699,0.026696898261741996,0.04281392185544061,0.6235564766031698,True,-0.00037972280235420985,-0.010896226415094246,False,3,2,部分收敛/待确认,-0.10004221190375695,0.6419939577039274,0.0006570918989956542,,,,-0.01751152073732709,20.07,19.97,0.06228201295465863,0.0676014021031548,2,2,1,1,1,1,8,True,,宽松粗筛：方向/非极端波动/不过热；不以精确MA距离或距20日高点为硬规则,1,True,150,200,174,8,入选：阶段1分=8；软容量150-200只，本次实际174只
001210,金房能源,28.29,0.005330490405117239,-0.04166666666666663,0.07077971233913694,0.25176991150442474,,,,0.13442028985507237,-0.09645480677099971,0.15393563396665383,0.8732239988318172,9000890.4,10668891.8,0.8436574827762335,0.06746288227742592,0.0799647767663069,0.8436574827762335,True,-0.0024154589371979673,0.0035937004544972506,True,3,3,收敛较充分,-0.09645480677099971,0.7691131498470948,0.045242097873676945,,,,-0.07820136852394921,27.6,25.79,0.02499999999999991,0.09693679720822024,2,2,1,1,1,1,8,True,,宽松粗筛：方向/非极端波动/不过热；不以精确MA距离或距20日高点为硬规则,1,True,150,200,174,8,入选：阶段1分=8；软容量150-200只，本次实际174只
001223,欧克科技,41.36,0.07067046337043736,0.006815968841285436,0.028855721393034717,0.06187419768934532,,,,0.10000000000000014,-0.031381733021077385,0.12368421052631587,0.808510638297873,1808913.4,1665032.4,1.0864133334582557,0.025902750491159136,0.023842445313797686,1.0864133334582566,False,-0.010117199238705687,-0.006130382775119458,False,3,1,结构未成熟,-0.031381733021077385,0.8196500672947505,0.024472406618448517,,,,-0.004572803850782181,38.3,38.0,0.07989556135770237,0.08842105263157896,2,2,1,1,1,1,8,True,,宽松粗筛：方向/非极端波动/不过热；不以精确MA距离或距20日高点为硬规则,1,True,150,200,174,8,入选：阶段1分=8；软容量150-200只，本次实际174只
001268,联合精密,26.02,0.05088852988691439,0.0038580246913579863,0.16057091882247976,0.3316274309109519,,,,0.10388548057259711,-0.0359392367543534,0.36734693877551017,0.2827993637809588,4417748.8,7762610.0,0.5691061125059741,0.04682913285799868,0.08228541537147369,0.5691061125059738,True,-0.01232665639445285,0.05492716724404212,False,3,2,部分收敛/待确认,-0.0359392367543534,0.8950216450216452,0.142731664470795,,,,-0.014020462296324365,24.45,22.08,0.06421267893660532,0.17844202898550732,2,2,1,1,1,1,8,True,,宽松粗筛：方向/非极端波动/不过热；不以精确MA距离或距20日高点为硬规则,1,True,150,200,174,8,入选：阶段1分=8；软容量150-200只，本次实际174只
001696,宗申动力,16.48,0.0024330900243307862,0.0778286461739699,0.11051212938005395,0.014778325123152802,,,,0.17105263157894746,-0.08393551973318503,0.1744505494505495,0.9805221715706591,72408933.6,37601563.6,1.925689430638464,0.08122023060426523,0.04217722199230047,1.9256894306384646,False,0.055792880258899835,0.02900353541966716,True,3,2,部分收敛/待确认,-0.08393551973318503,0.5597667638483969,0.03941974140649629,,,,-0.0577472841623784,15.2,14.56,0.08421052631578951,0.13186813186813184,2,2,1,1,1,1,8,True,,宽松粗筛：方向/非极端波动/不过热；不以精确MA距离或距20日高点为硬规则,1,True,150,200,174,8,入选：阶段1分=8；软容量150-200只，本次实际174只
002012,凯恩股份,7.2,0.016949152542372836,-0.008264462809917328,0.09090909090909105,0.08108108108108114,,,,0.05848787446504995,-0.029649595687331498,0.13395638629283493,0.43661878379723323,11101152.8,12116553.6,0.9161972262475694,0.023739410088163056,0.025910807638429078,0.9161972262475694,True,0.0022203719122952936,0.022063037249283823,True,3,3,收敛较充分,-0.029649595687331498,0.8253968253968256,0.050558108995403916,,,,-0.024390243902438935,7.01,6.51,0.02710413694721825,0.10599078341013835,2,2,1,1,1,1,8,True,,宽松粗筛：方向/非极端波动/不过热；不以精确MA距离或距20日高点为硬规则,1,True,150,200,174,8,入选：阶段1分=8；软容量150-200只，本次实际174只
002015,协鑫能科,17.19,0.0011648223645894795,0.08522727272727271,0.10404624277456653,0.10121716848174267,,,,0.13685550604710367,-0.03751399776035824,0.26453488372093015,0.5173438909912492,143783505.6,98683473.2,1.4570170762899333,0.08857347714682032,0.06079096709858669,1.4570170762899335,False,0.03444123314065495,0.04805706776797458,True,3,2,部分收敛/待确认,-0.03751399776035824,0.836585365853659,0.0813020915238245,,,,-0.031003382187147488,15.71,15.41,0.09420751113940162,0.11550940947436739,2,2,1,1,1,1,8,True,,宽松粗筛：方向/非极端波动/不过热；不以精确MA距离或距20日高点为硬规则,1,True,150,200,174,8,入选：阶段1分=8；软容量150-200只，本次实际174只
002017,东信和平,16.35,-0.041617819460726735,0.030245746691871522,0.023153942428035146,0.1813583815028903,,,,0.14623243933588756,-0.08913649025069625,0.3545098039215686,0.4124919472417182,61160340.4,44023653.3,1.3892609044329358,0.10541753030580706,0.07588029719215054,1.3892609044329363,False,0.013012282621914117,0.03864976785042029,True,3,2,部分收敛/待确认,-0.08913649025069625,0.6923076923076926,0.07375057463715784,,,,-0.05436668594563321,15.66,15.23,0.04406130268199249,0.07353906762967832,2,2,1,1,1,1,8,True,,宽松粗筛：方向/非极端波动/不过热；不以精确MA距离或距20日高点为硬规则,1,True,150,200,174,8,入选：阶段1分=8；软容量150-200只，本次实际174只
002041,登海种业,11.58,0.05464480874316946,0.07222222222222219,0.13640824337585866,0.2924107142857142,,,,0.16584887144259092,-0.025252525252525304,0.3363329583802025,0.4931091863293087,74435247.2,80432772.7,0.9254343062078724,0.08458550818181815,0.09140087806818176,0.9254343062078727,True,-0.004287245444801857,0.03122676579925643,True,3,3,收敛较充分,-0.025252525252525304,0.9122807017543858,0.13651977622926692,,,,-0.014468085106382977,10.19,10.16,0.13640824337585866,0.13976377952755903,2,2,1,1,1,1,8,True,,宽松粗筛：方向/非极端波动/不过热；不以精确MA距离或距20日高点为硬规则,1,True,150,200,174,8,入选：阶段1分=8；软容量150-200只，本次实际174只
002072,凯瑞德,8.56,-0.038202247191011174,-0.06550218340611347,0.17260273972602747,0.17260273972602747,,,,0.12220916568742667,-0.12563840653728287,0.3769338959212375,0.3242190925513448,22598459.2,20208503.8,1.118264836608042,0.06148708547124358,0.054984368155354145,1.118264836608043,False,-0.01911667765326297,0.05679758308157101,False,3,1,结构未成熟,-0.12563840653728287,0.560714285714286,0.06315593367695449,,,,-0.09799789251844038,8.51,7.2,0.005875440658049458,0.18888888888888888,2,2,1,1,1,1,8,True,,宽松粗筛：方向/非极端波动/不过热；不以精确MA距离或距20日高点为硬规则,1,True,150,200,174,8,入选：阶段1分=8；软容量150-200只，本次实际174只
002107,沃华医药,6.84,0.0029325513196480912,0.020895522388059584,0.12131147540983611,0.10500807754442643,,,,0.11497730711043869,-0.07191316146540028,0.19900497512437812,0.5777609682299544,30913625.4,16884243.4,1.8309156452932918,0.05410189123858146,0.02954909002916676,1.8309156452932926,False,0.0017172295363481194,0.026018950218077874,True,3,2,部分收敛/待确认,-0.07191316146540028,0.6369863013698628,0.04411540222866739,,,,-0.06301369863013695,6.61,6.03,0.03479576399394846,0.13432835820895517,2,2,1,1,1,1,8,True,,宽松粗筛：方向/非极端波动/不过热；不以精确MA距离或距20日高点为硬规则,1,True,150,200,174,8,入选：阶段1分=8；软容量150-200只，本次实际174只
002155,湖南黄金,25.97,-0.030246452576549787,-0.046272493573264795,0.03466135458167319,0.13853572994300745,,,,0.12004801920768308,-0.12085308056872035,0.22318840579710147,0.5378774886578008,78624473.0,69070691.7,1.138318888443968,0.050319697597588774,0.044205273327559004,1.1383188884439686,False,-0.021202974306117728,0.022355611989688162,False,3,1,结构未成熟,-0.12085308056872035,0.526525198938992,0.0037102883203214976,,,,-0.06850789096126253,24.99,24.2,0.03921568627450989,0.0731404958677686,2,2,1,1,1,1,8,True,,宽松粗筛：方向/非极端波动/不过热；不以精确MA距离或距20日高点为硬规则,1,True,150,200,174,8,入选：阶段1分=8；软容量150-200只，本次实际174只
002172,澳洋健康,4.63,0.09976247030878849,0.07424593967517401,0.04279279279279269,0.35777126099706735,,,,0.1504854368932039,-0.0885826771653544,0.34748010610079577,0.4330764099903654,131057695.8,197185536.0,0.6646415272568471,0.17128573955277476,0.25771146178559856,0.6646415272568469,True,-0.010974539069358857,0.00798934753661773,False,3,2,部分收敛/待确认,-0.0885826771653544,0.7619047619047619,0.055992701562321834,,,,-0.02114164904862592,4.12,4.12,0.12378640776699035,0.12378640776699035,2,2,1,1,1,1,8,True,,宽松粗筛：方向/非极端波动/不过热；不以精确MA距离或距20日高点为硬规则,1,True,150,200,174,8,入选：阶段1分=8；软容量150-200只，本次实际174只
002212,天融信,6.65,0.0,0.021505376344086002,0.10099337748344372,0.019938650306748684,,,,0.06821705426356581,-0.07252440725244069,0.15307820299500832,0.44563532187394617,74848657.6,51141360.3,1.4635640734022477,0.06414595707010064,0.04382859502760604,1.4635640734022486,False,0.002106530243755733,0.02103786816269282,True,3,2,部分收敛/待确认,-0.16978776529338324,0.3200000000000003,0.018922852983988436,,,,-0.029197080291970656,6.45,6.05,0.03100775193798455,0.09917355371900838,2,2,1,1,1,1,8,True,,宽松粗筛：方向/非极端波动/不过热；不以精确MA距离或距20日高点为硬规则,1,True,150,200,174,8,入选：阶段1分=8；软容量150-200只，本次实际174只
002222,福晶科技,68.29,0.06040372670807459,-0.03134751773049638,0.09089456869009593,0.11694471704285259,,,,0.1055512118842846,-0.034087694483734055,0.1738625041514447,0.6070958910861145,17633205.8,25576217.2,0.6894375998652373,0.037665579923520195,0.05463232630608285,0.6894375998652368,True,-0.021620351330709275,0.012305454104596603,False,3,2,部分收敛/待确认,-0.034087694483734055,0.8879069767441862,0.03897091824703147,,,,-0.03271954674220945,63.95,60.22,0.06786551993745116,0.13400863500498184,2,2,1,1,1,1,8,True,,宽松粗筛：方向/非极端波动/不过热；不以精确MA距离或距20日高点为硬规则,1,True,150,200,174,8,入选：阶段1分=8；软容量150-200只，本次实际174只
002229,鸿博股份,12.37,0.024855012427506207,0.014766201804758072,0.15932521087160256,0.15932521087160256,,,,0.041911148365465216,-0.12887323943661977,0.3184466019417475,0.13161122809886946,50803695.2,65512427.1,0.7754818047338076,0.10301575985322589,0.13284097605434744,0.7754818047338077,True,0.015194523292703543,0.035720539310103216,True,3,3,收敛较充分,-0.12887323943661977,0.5307692307692305,0.03358957219251324,,,,0.0,11.93,10.3,0.03688181056160933,0.20097087378640754,2,2,1,1,1,1,8,True,,宽松粗筛：方向/非极端波动/不过热；不以精确MA距离或距20日高点为硬规则,1,True,150,200,174,8,入选：阶段1分=8；软容量150-200只，本次实际174只
002265,建设工业,20.8,-0.030303030303030276,0.09014675052410914,0.15171650055371,0.012165450121654597,,,,0.1721398305084746,-0.060099412562132803,0.13669467787114833,1.2593016289247025,29336722.0,11802657.6,2.485603072989256,0.028398426432510282,0.01142516548241849,2.4856030729892655,False,0.07065720456649172,0.04315594387079691,True,3,1,结构未成熟,-0.060099412562132803,0.6892523364485984,0.06519178573257545,,,,-0.05239179954441908,18.88,17.98,0.10169491525423746,0.15684093437152402,2,2,1,1,1,1,8,True,,宽松粗筛：方向/非极端波动/不过热；不以精确MA距离或距20日高点为硬规则,1,True,150,200,174,8,入选：阶段1分=8；软容量150-200只，本次实际174只
002277,友阿股份,6.07,0.008305647840531671,-0.01938610662358642,-0.05745341614906829,0.05565217391304356,,,,0.057239057239057214,-0.09538002980625926,0.22,0.2601775329048055,22778907.8,35427548.0,0.6429716163252394,0.01633865457710832,0.025411159936558736,0.6429716163252387,True,-0.030456852791878153,0.002719564869620994,False,3,2,部分收敛/待确认,-0.09538002980625926,0.4710743801652895,0.0027256958784174223,,,,-0.03343949044585992,5.94,5.94,0.02188552188552184,0.02188552188552184,2,2,1,1,1,1,8,True,,宽松粗筛：方向/非极端波动/不过热；不以精确MA距离或距20日高点为硬规则,1,True,150,200,174,8,入选：阶段1分=8；软容量150-200只，本次实际174只
002281,光迅科技,184.47,0.10000000000000009,0.025403001667593017,0.10866037622453284,0.03460459899046553,,,,0.10999458451170348,-0.08849688704417435,0.26242904372777737,0.41914028626268574,29092612.4,32068346.8,0.9072064918544538,0.037012100783686316,0.040794242183296706,0.9072873720115582,True,-0.004796108817374689,0.004334137230411539,True,3,3,收敛较充分,-0.08849688704417435,0.5795774647887324,0.02947742036297063,,,,0.025403001667593017,166.19,160.31,0.10999458451170341,0.15070800324371536,2,2,1,1,1,1,8,True,,宽松粗筛：方向/非极端波动/不过热；不以精确MA距离或距20日高点为硬规则,1,True,150,200,174,8,入选：阶段1分=8；软容量150-200只，本次实际174只
002322,理工能科,12.75,-0.0007836990595611049,0.0007849293563579884,0.07868020304568524,0.17837338262476887,,,,0.04365079365079371,-0.09638554216867468,0.14471403812824973,0.30163482558692145,8593540.8,16531404.6,0.5198312549920895,0.024456480391398812,0.04704696025207443,0.5198312549920897,True,0.013097680290358182,0.024881709903736393,True,3,3,收敛较充分,-0.09638554216867468,0.6211699164345406,0.03996737357259361,,,,-0.03041825095057038,12.6,11.63,0.011904761904761862,0.09630266552020639,2,2,1,1,1,1,8,True,,宽松粗筛：方向/非极端波动/不过热；不以精确MA距离或距20日高点为硬规则,1,True,150,200,174,8,入选：阶段1分=8；软容量150-200只，本次实际174只
002329,皇氏集团,4.04,0.03856041131105403,0.02020202020202011,0.112947658402204,0.1642651296829971,,,,0.07611548556430435,-0.1422505307855626,0.3137829912023461,0.24257365025633437,41247448.6,96069499.3,0.4293500944685365,0.06331185725740836,0.14745974921882304,0.4293500944685364,True,-0.004515805318615063,0.024377593360995764,True,3,3,收敛较充分,-0.1422505307855626,0.5914634146341464,0.014438166980540013,,,,-0.0024691358024691024,3.81,3.64,0.06036745406824151,0.10989010989010994,2,2,1,1,1,1,8,True,,宽松粗筛：方向/非极端波动/不过热；不以精确MA距离或距20日高点为硬规则,1,True,150,200,174,8,入选：阶段1分=8；软容量150-200只，本次实际174只
002349,精华制药,7.65,-0.0013054830287205776,0.00657894736842124,0.12334801762114544,0.11030478955007261,,,,0.1369127516778524,-0.09681227863046049,0.22700296735905034,0.6031319910514547,67228068.2,27754132.3,2.4222723835614204,0.08257141323191033,0.03408840962406841,2.422272383561423,False,0.01281722635221727,0.03013106336981508,True,3,2,部分收敛/待确认,-0.09681227863046049,0.5614973262032087,0.04436860068259385,,,,-0.08492822966507163,7.45,6.74,0.02684563758389258,0.13501483679525217,2,2,1,1,1,1,8,True,,宽松粗筛：方向/非极端波动/不过热；不以精确MA距离或距20日高点为硬规则,1,True,150,200,174,8,入选：阶段1分=8；软容量150-200只，本次实际174只
002396,星网锐捷,38.14,0.030532288570656707,-0.0550049554013875,0.1889027431421446,0.27006327006327013,,,,0.156284454244763,-0.09082240762812877,0.37278911564625855,0.41923019660547733,119724165.2,92775424.9,1.290472830806728,0.15806941827748547,0.12248953600880516,1.2904728308067281,False,0.02316033266659656,0.055981993420673115,True,3,2,部分收敛/待确认,-0.09082240762812877,0.7804034582132564,0.11858988459226016,,,,-0.07382224380767366,36.28,29.53,0.051267916207276665,0.29156789705384356,2,2,1,1,1,1,8,True,,宽松粗筛：方向/非极端波动/不过热；不以精确MA距离或距20日高点为硬规则,1,True,150,200,174,8,入选：阶段1分=8；软容量150-200只，本次实际174只
002436,兴森科技,36.75,0.09997006884166426,0.020549847264648813,0.10559566787003605,0.0989832535885169,,,,0.12042682926829278,-0.06678517013712548,0.23797547940899103,0.5060472178367755,97016429.6,110834163.1,0.875329653659829,0.06391369950615779,0.0730167191742323,0.8753296536598294,True,-0.012158400090903854,0.008550228972233676,False,3,2,部分收敛/待确认,-0.06678517013712548,0.8007575757575756,0.053129298486932486,,,,0.0071252397917236365,32.8,31.81,0.12042682926829285,0.15529707639107193,2,2,1,1,1,1,8,True,,宽松粗筛：方向/非极端波动/不过热；不以精确MA距离或距20日高点为硬规则,1,True,150,200,174,8,入选：阶段1分=8；软容量150-200只，本次实际174只
002476,新叶股份,5.29,0.029182879377432025,0.0372549019607844,0.04752475247524757,0.14008620689655182,,,,0.051383399209486307,-0.005639097744360999,0.08823529411764705,0.5823451910408448,8262456.0,12693797.0,0.6509050050193808,0.013500745098039202,0.02074149836601305,0.6509050050193808,True,0.010208087946603772,0.011060635986569478,True,3,3,收敛较充分,-0.005639097744360999,0.9662921348314604,0.06717772846479719,,,,0.025193798449612448,5.06,4.99,0.045454545454545636,0.060120240480961984,2,2,1,1,1,1,8,True,,宽松粗筛：方向/非极端波动/不过热；不以精确MA距离或距20日高点为硬规则,1,True,150,200,174,8,入选：阶段1分=8；软容量150-200只，本次实际174只
002491,通鼎互联,21.1,0.035328753680078595,-0.05040504050405026,0.013935607880826595,0.21473805411629243,,,,0.09356435643564359,-0.12809917355371891,0.4086146682188591,0.22897943640517907,136269316.6,254471790.2,0.5354987147805274,0.11582909556404412,0.21630135118347832,0.5354987147805272,True,-0.050135501355013545,0.00583711664968023,False,3,2,部分收敛/待确认,-0.12809917355371891,0.6966731898238749,0.02864107251675807,,,,-0.04481665912177446,20.2,19.6,0.044554455445544594,0.07653061224489788,2,2,1,1,1,1,8,True,,宽松粗筛：方向/非极端波动/不过热；不以精确MA距离或距20日高点为硬规则,1,True,150,200,174,8,入选：阶段1分=8；软容量150-200只，本次实际174只
002515,金字火腿,8.16,0.09973045822102433,0.0012269938650306678,0.023839397741530766,0.17073170731707332,,,,0.12809917355371897,-0.08108108108108114,0.15926892950391652,0.8042948110012187,112923694.8,113399480.5,0.9958043396856655,0.10248536335995,0.10291716884091948,0.9958043396856657,True,-0.04580152671755722,-0.013201727328809532,False,3,2,部分收敛/待确认,-0.08108108108108114,0.7142857142857141,0.033958438925494105,,,,-0.003663003663003539,7.26,7.26,0.12396694214876036,0.12396694214876036,2,2,1,1,1,1,8,True,,宽松粗筛：方向/非极端波动/不过热；不以精确MA距离或距20日高点为硬规则,1,True,150,200,174,8,入选：阶段1分=8；软容量150-200只，本次实际174只
002548,金新农,4.57,-0.0021834061135370675,0.0627906976744188,0.1396508728179553,0.09330143540669877,,,,0.1220095693779906,-0.02558635394456288,0.11586901763224168,1.0529956313709201,41935577.0,31880440.6,1.315401425160981,0.05212810822636332,0.03962904952758718,1.315401425160982,False,0.019870609981515575,0.024852071005917242,True,3,1,结构未成熟,-0.02558635394456288,0.8571428571428571,0.07923013342779561,,,,0.024663677130045025,4.18,3.97,0.09330143540669877,0.1511335012594459,2,2,1,1,1,1,8,True,,宽松粗筛：方向/非极端波动/不过热；不以精确MA距离或距20日高点为硬规则,1,True,150,200,174,8,入选：阶段1分=8；软容量150-200只，本次实际174只
002579,中京电子,15.51,0.10000000000000009,0.05653950953678466,0.11824080749819754,0.046558704453441235,,,,0.14888888888888888,-0.010210593490746711,0.19345011424219338,0.7696500437445322,63389782.0,64927320.7,0.9763190798045668,0.10864865517380698,0.11128396179203584,0.9763190798045666,True,-0.0032172331794656506,-0.0046826949958064246,True,3,3,收敛较充分,-0.010210593490746711,0.9674134419551934,0.06980273141122928,,,,0.05295315682281054,13.5,13.13,0.14888888888888885,0.1812642802741813,2,2,1,1,1,1,8,True,,宽松粗筛：方向/非极端波动/不过热；不以精确MA距离或距20日高点为硬规则,1,True,150,200,174,8,入选：阶段1分=8；软容量150-200只，本次实际174只
002580,圣阳股份,22.48,-0.007943512797881747,0.045095304509530365,0.0679334916864609,0.07098618389709399,,,,0.1604819277108433,-0.06644518272425237,0.2091397849462364,0.7673428934245984,86926394.2,74143191.2,1.1724123657628591,0.19217098820618525,0.16391074831520092,1.172412365762859,False,0.028007048131317713,0.03425047438330164,True,3,2,部分收敛/待确认,-0.06644518272425237,0.71326164874552,0.05497806039843245,,,,-0.011868131868131848,20.75,20.19,0.08337349397590366,0.11342248637939578,2,2,1,1,1,1,8,True,,宽松粗筛：方向/非极端波动/不过热；不以精确MA距离或距20日高点为硬规则,1,True,150,200,174,8,入选：阶段1分=8；软容量150-200只，本次实际174只
002655,共达电声,38.85,0.03023070803500394,-0.008169517487873423,0.09807801017524032,0.24240486088903102,,,,0.09262295081967215,-0.047093451066961056,0.2133928571428572,0.4340489745524384,23641335.2,37473080.4,0.6308884924229501,0.06507886292396244,0.10315477558644852,0.6308856042192957,True,-0.006810501689628268,0.020575692963752612,True,3,3,收敛较充分,-0.047093451066961056,0.8930362116991643,0.06830556013859113,,,,-0.016455696202531622,36.6,33.6,0.061475409836065475,0.15625,2,2,1,1,1,1,8,True,,宽松粗筛：方向/非极端波动/不过热；不以精确MA距离或距20日高点为硬规则,1,True,150,200,174,8,入选：阶段1分=8；软容量150-200只，本次实际174只
002686,亿利达,6.55,0.001529051987767538,-0.03676470588235292,0.056451612903225756,0.029874213836477814,,,,0.07298136645962729,-0.1266666666666667,0.25418060200668885,0.2871240601503759,17967382.2,39800468.8,0.4514364463968324,0.034372032517244445,0.07613925014603255,0.4514364463968325,True,-0.019050410316529875,0.011039832910636926,False,3,2,部分收敛/待确认,-0.1266666666666667,0.4411764705882352,0.005680945800706327,,,,-0.050724637681159535,6.44,6.05,0.017080745341614856,0.0826446280991735,2,2,1,1,1,1,8,True,,宽松粗筛：方向/非极端波动/不过热；不以精确MA距离或距20日高点为硬规则,1,True,150,200,174,8,入选：阶段1分=8；软容量150-200只，本次实际174只
002703,浙江世宝,16.86,-0.014611338398597296,0.016887816646562248,0.17246175243393602,0.13765182186234814,,,,0.17396593673965932,-0.12642487046632134,0.33789954337899525,0.514845137107911,85026669.6,61459293.6,1.3834631773249015,0.1450848034012991,0.10487073727675107,1.3834631773249022,False,0.02444987775061125,0.06705303171932453,True,3,2,部分收敛/待确认,-0.12642487046632134,0.6038961038961037,0.06604280610793212,,,,-0.08716838115863557,16.44,13.87,0.025547445255474255,0.2155731795241529,2,2,1,1,1,1,8,True,,宽松粗筛：方向/非极端波动/不过热；不以精确MA距离或距20日高点为硬规则,1,True,150,200,174,8,入选：阶段1分=8；软容量150-200只，本次实际174只
002716,湖南白银,10.7,-0.04634581105169355,-0.01291512915129156,-0.06631762652705075,0.13829787234042534,,,,0.1630218687872762,-0.11570247933884303,0.3580246913580246,0.4553369438541164,249416672.2,369439694.4,0.675121477146826,0.10739258757032732,0.15907150224902633,0.6751214771468261,True,-0.010414796193212394,0.019792907541464233,False,3,2,部分收敛/待确认,-0.11570247933884303,0.6577017114914424,0.028895619981729848,,,,-0.08390410958904115,10.06,10.06,0.06361829025844923,0.06361829025844923,2,2,1,1,1,1,8,True,,宽松粗筛：方向/非极端波动/不过热；不以精确MA距离或距20日高点为硬规则,1,True,150,200,174,8,入选：阶段1分=8；软容量150-200只，本次实际174只
002721,金一文化,2.98,-0.053968253968254,0.03114186851211076,0.04561403508771922,0.07581227436823101,,,,0.1493055555555556,-0.09969788519637468,0.24399999999999994,0.6119080145719493,252893101.4,175938779.6,1.4373926088094795,0.09509480898040534,0.06615785304417811,1.4373926088094795,False,0.01317523056653469,0.03318508381799523,True,3,2,部分收敛/待确认,-0.09969788519637468,0.6373626373626373,0.03167734118054377,,,,-0.06289308176100639,2.88,2.74,0.03472222222222232,0.0875912408759123,2,2,1,1,1,1,8,True,,宽松粗筛：方向/非极端波动/不过热；不以精确MA距离或距20日高点为硬规则,1,True,150,200,174,8,入选：阶段1分=8；软容量150-200只，本次实际174只
002724,海洋王,6.86,0.0,-0.005797101449275366,0.0735524256651019,0.2564102564102564,,,,0.09467455621301783,-0.08042895442359244,0.3019538188277087,0.3135398538113473,19941232.0,42440641.9,0.4698616964132204,0.035202111691168436,0.07492015620743409,0.4698616964132203,True,0.0,0.032253225322532275,True,3,3,收敛较充分,-0.08042895442359244,0.7309417040358746,0.049651901155228995,,,,-0.045897079276773334,6.76,6.36,0.01479289940828421,0.07861635220125796,2,2,1,1,1,1,8,True,,宽松粗筛：方向/非极端波动/不过热；不以精确MA距离或距20日高点为硬规则,1,True,150,200,174,8,入选：阶段1分=8；软容量150-200只，本次实际174只
002734,利民股份,16.9,0.005952380952380931,0.03680981595092003,0.1583276216586702,0.020531400966183666,,,,0.05781057810578091,-0.01744186046511631,0.14225941422594138,0.4063743578612248,15129067.6,17171068.7,0.8810789744263268,0.03505300537990908,0.03942363184001887,0.8891368893194368,True,0.020114592222357786,0.04187711783134063,True,3,3,收敛较充分,-0.01744186046511631,0.9199999999999998,0.0745851084122846,,,,-0.011117612638970265,16.26,14.42,0.03936039360393595,0.1719833564493758,2,2,1,1,1,1,8,True,,宽松粗筛：方向/非极端波动/不过热；不以精确MA距离或距20日高点为硬规则,1,True,150,200,174,8,入选：阶段1分=8；软容量150-200只，本次实际174只
002743,富煌钢构,4.89,-0.0060975609756097615,0.002049180327868827,0.06304347826086953,0.263565891472868,,,,0.11041666666666672,-0.0825515947467168,0.25505050505050497,0.43292079207920825,20020452.0,29678346.9,0.6745811034374021,0.04606946393921408,0.06829343974277083,0.6745811034374022,True,0.02098466505246166,0.039633496697208725,True,3,3,收敛较充分,-0.0825515947467168,0.7380952380952379,0.079946996466431,,,,-0.07034220532319391,4.8,4.42,0.018750000000000044,0.10633484162895912,2,2,1,1,1,1,8,True,,宽松粗筛：方向/非极端波动/不过热；不以精确MA距离或距20日高点为硬规则,1,True,150,200,174,8,入选：阶段1分=8；软容量150-200只，本次实际174只
002779,中坚科技,81.51,0.009786917740337131,0.047551728569592555,0.1107931316434998,0.09541728262330351,,,,0.126947568080206,-0.0200769415724934,0.14224932633668982,0.8924300124960444,3614131.8,2903291.5,1.2448394520495099,0.02179704536566271,0.017509924938333143,1.2448394520495116,False,0.033749373301316554,0.02511139189998013,True,3,2,部分收敛/待确认,-0.0200769415724934,0.9236396890717877,0.06405059821026438,,,,0.0033234859675037587,73.81,71.65,0.10432190760059612,0.13761339846475917,2,2,1,1,1,1,8,True,,宽松粗筛：方向/非极端波动/不过热；不以精确MA距离或距20日高点为硬规则,1,True,150,200,174,8,入选：阶段1分=8；软容量150-200只，本次实际174只
002837,英维克,64.47,0.008762322015334112,-0.05483066998973751,0.17753424657534245,0.1670890658942794,,,,0.1302816901408452,-0.08708581138487692,0.3249710536472404,0.40090244555217336,69451239.2,68129988.9,1.0193930796310462,0.061285547192513536,0.06011964218424447,1.0193930796310464,False,-0.005411288128419733,0.057034591552960645,True,3,2,部分收敛/待确认,-0.08708581138487692,0.7456575682382133,0.0710725677830939,,,,-0.06102534226623946,62.48,53.01,0.03185019206145978,0.2161856253537069,2,2,1,1,1,1,8,True,,宽松粗筛：方向/非极端波动/不过热；不以精确MA距离或距20日高点为硬规则,1,True,150,200,174,8,入选：阶段1分=8；软容量150-200只，本次实际174只
002846,英联股份,11.02,-0.0009066183136898776,-0.0009066183136898776,0.05052430886558623,0.011009174311926495,,,,0.08248378127896207,-0.05650684931506855,0.10379241516966077,0.7946995080915377,8161841.4,5237891.4,1.5582303596443408,0.030074016126964708,0.01937153555727503,1.5524848837122946,False,0.015587749862461031,0.021588785046728898,True,3,2,部分收敛/待确认,-0.05650684931506855,0.6024096385542168,0.02383053839364524,,,,-0.027360988526037078,10.79,10.4,0.02131603336422616,0.059615384615384626,2,2,1,1,1,1,8,True,,宽松粗筛：方向/非极端波动/不过热；不以精确MA距离或距20日高点为硬规则,1,True,150,200,174,8,入选：阶段1分=8；软容量150-200只，本次实际174只
002880,卫光生物,23.18,0.04414414414414414,0.05507510241238056,0.13073170731707306,0.10644391408114551,,,,0.0842644320297951,-0.06569931479242241,0.24798792756539234,0.3397924764203502,4203136.4,5628268.3,0.7467903404676001,0.01853234744268074,0.024815997795414418,0.7467903404675998,True,-0.004642442639049893,0.017049799811057698,True,3,3,收敛较充分,-0.06569931479242241,0.681017612524462,0.06852282941895038,,,,0.032516703786191536,21.48,21.19,0.07914338919925501,0.09391222274657851,2,2,1,1,1,1,8,True,,宽松粗筛：方向/非极端波动/不过热；不以精确MA距离或距20日高点为硬规则,1,True,150,200,174,8,入选：阶段1分=8；软容量150-200只，本次实际174只
002882,金龙羽,23.79,-0.020987654320987703,0.100879222582138,0.0012626262626260765,0.01320272572402037,,,,0.13915857605178,-0.034496753246753276,0.15893719806763282,0.87555699825892,20705917.2,11737313.3,1.7641104629966722,0.08383300544291587,0.04752140367701791,1.764110462996673,False,0.05304363124560174,0.025101250611954118,True,3,2,部分收敛/待确认,-0.040725806451612945,0.7536585365853655,0.05954660847102833,,,,-0.03016714227476569,21.63,21.38,0.09986130374479885,0.11272217025257247,2,2,1,1,1,1,8,True,,宽松粗筛：方向/非极端波动/不过热；不以精确MA距离或距20日高点为硬规则,1,True,150,200,174,8,入选：阶段1分=8；软容量150-200只，本次实际174只
002902,铭普光磁,27.18,0.09995953055443141,-0.00036778227289446797,0.13061564059900177,0.12406947890818865,,,,0.11252045826513911,-0.033771773906860925,0.20626072041166374,0.5455253818592609,13120373.6,15545953.6,0.8439735469170576,0.07036152772106793,0.08336935201119856,0.8439735469170571,True,-0.0189773326304693,0.01520316602014038,False,3,2,部分收敛/待确认,-0.033771773906860925,0.8429752066115704,0.06768275916250932,,,,-0.00036778227289446797,24.44,23.35,0.11211129296235667,0.16402569593147742,2,2,1,1,1,1,8,True,,宽松粗筛：方向/非极端波动/不过热；不以精确MA距离或距20日高点为硬规则,1,True,150,200,174,8,入选：阶段1分=8；软容量150-200只，本次实际174只
002908,德生科技,7.35,-0.005412719891745632,0.011004126547455195,0.0714285714285714,0.008230452674897082,,,,0.04972375690607727,-0.03289473684210531,0.0720588235294118,0.6900439733904598,5959938.0,5807856.6,1.0261854605707723,0.018324281392609203,0.017856695594202904,1.0261854605707732,False,0.013168724279835509,0.01870985758168109,True,3,2,部分收敛/待确认,-0.04296875,0.6249999999999999,0.025676807144850766,,,,-0.025198938992042508,7.24,6.8,0.015193370165745845,0.0808823529411764,2,2,1,1,1,1,8,True,,宽松粗筛：方向/非极端波动/不过热；不以精确MA距离或距20日高点为硬规则,1,True,150,200,174,8,入选：阶段1分=8；软容量150-200只，本次实际174只
002913,奥士康,65.11,0.06737704918032783,0.016549570647931278,0.1323478260869566,0.17675763600216876,,,,0.09950248756218906,-0.017948717948717885,0.17766404679217704,0.5600597833875886,5888564.8,6174777.5,0.9536480950123304,0.019279025485304545,0.02021607927089212,0.953648095012331,True,0.024275338611529085,0.021613276727132424,True,3,3,收敛较充分,-0.017948717948717885,0.9525139664804471,0.09588810529682057,,,,0.006959480358800008,60.3,54.71,0.07976782752902167,0.19009321878998353,2,2,1,1,1,1,8,True,,宽松粗筛：方向/非极端波动/不过热；不以精确MA距离或距20日高点为硬规则,1,True,150,200,174,8,入选：阶段1分=8；软容量150-200只，本次实际174只
002918,蒙娜丽莎,10.91,-0.002742230347349106,-0.05130434782608695,0.11213047910295604,0.08991008991008997,,,,0.10599078341013829,-0.1243980738362761,0.2871900826446282,0.3690614328813447,24198695.8,17276346.9,1.4006836016935966,0.11296981801037995,0.0806533451764451,1.4006836016935962,False,-0.004637887977167243,0.02768622280817401,True,3,2,部分收敛/待确认,-0.1243980738362761,0.49346405228758156,0.042124367179291244,,,,-0.09083333333333332,10.85,9.68,0.0055299539170508005,0.12706611570247928,2,2,1,1,1,1,8,True,,宽松粗筛：方向/非极端波动/不过热；不以精确MA距离或距20日高点为硬规则,1,True,150,200,174,8,入选：阶段1分=8；软容量150-200只，本次实际174只
002951,金时科技,16.38,0.03539823008849541,0.040000000000000036,0.016129032258064502,0.0588235294117645,,,,0.0752895752895754,-0.16725978647686846,0.22582781456953654,0.333393720490495,5153060.0,8278813.0,0.6224394729051134,0.012846618639071345,0.02063914516717951,0.6224394729051139,True,0.0016233766233768598,-0.0026054590570721015,True,3,3,收敛较充分,-0.16725978647686846,0.48107255520504705,0.00021372088052995508,,,,0.0006108735491752171,15.54,15.1,0.054054054054053946,0.08476821192052975,2,2,1,1,1,1,8,True,,宽松粗筛：方向/非极端波动/不过热；不以精确MA距离或距20日高点为硬规则,1,True,150,200,174,8,入选：阶段1分=8；软容量150-200只，本次实际174只
002953,日丰股份,10.68,0.017142857142857126,-0.03085299455535384,0.017142857142857126,0.07552870090634434,,,,0.09903846153846148,-0.10999999999999999,0.1764705882352942,0.5612179487179481,17840171.4,26771090.5,0.6663968880909054,0.0634229781972666,0.09517298074269351,0.6663968880909051,True,-0.04087435578460985,-0.004887762490948577,False,3,2,部分收敛/待确认,-0.10999999999999999,0.4863813229571984,0.0008903050466237961,,,,-0.04472271914132375,10.4,10.2,0.026923076923076827,0.04705882352941182,2,2,1,1,1,1,8,True,,宽松粗筛：方向/非极端波动/不过热；不以精确MA距离或距20日高点为硬规则,1,True,150,200,174,8,入选：阶段1分=8；软容量150-200只，本次实际174只
002957,科瑞技术,40.92,0.09999999999999987,-0.019175455417066112,0.001468428781204123,0.04361132364192799,,,,0.14959349593495944,-0.08415398388540729,0.1635416666666667,0.9147118222774588,14660021.0,19736996.1,0.7427686019555934,0.034999599403180814,0.04712046162295004,0.7427686019555938,True,-0.03791678961345535,-0.016267521221165038,False,3,2,部分收敛/待确认,-0.08415398388540729,0.7055599060297574,0.007894185888988936,,,,-0.022222222222222254,36.9,36.9,0.10894308943089448,0.10894308943089448,2,2,1,1,1,1,8,True,,宽松粗筛：方向/非极端波动/不过热；不以精确MA距离或距20日高点为硬规则,1,True,150,200,174,8,入选：阶段1分=8；软容量150-200只，本次实际174只
002963,豪尔赛,22.15,0.09980139026812296,0.11418511066398396,0.19924201407688136,0.21303395399780922,,,,0.15124740124740127,-0.09886086248982917,0.4762762762762763,0.317562324182753,14784521.2,11985421.5,1.2335420327103221,0.09899884717683474,0.08025575501413255,1.2335420327103226,False,0.018886779254521757,0.04641307122798044,True,3,2,部分收敛/待确认,-0.09886086248982917,0.7560240963855421,0.14517630027918504,,,,0.043826578699340146,19.24,18.23,0.15124740124740121,0.21503017004936908,2,2,1,1,1,1,8,True,,宽松粗筛：方向/非极端波动/不过热；不以精确MA距离或距20日高点为硬规则,1,True,150,200,174,8,入选：阶段1分=8；软容量150-200只，本次实际174只
002973,侨银股份,12.49,-0.012648221343873556,-0.011867088607595,0.07765314926660927,0.05400843881856554,,,,0.0689655172413793,-0.04070660522273417,0.2284894837476098,0.3018323474246142,6181345.8,9004489.9,0.6864737335093241,0.019459423591670653,0.028346931050358008,0.6864737335093243,True,0.006991895757190614,0.04242171189979138,True,3,3,收敛较充分,-0.04070660522273417,0.8551912568306013,0.03664356558907733,,,,-0.039969254419677136,12.18,11.01,0.02545155993431858,0.1344232515894641,2,2,1,1,1,1,8,True,,宽松粗筛：方向/非极端波动/不过热；不以精确MA距离或距20日高点为硬规则,1,True,150,200,174,8,入选：阶段1分=8；软容量150-200只，本次实际174只
002975,博杰股份,104.53,0.09996843102178254,-0.031232622798887943,-0.0399522409992652,0.035052975542132936,,,,0.17835073513743868,-0.08307017543859652,0.23510292524377036,0.7586070439256031,15179501.0,17831459.7,0.851276410085485,0.10978705753050458,0.12896757883785334,0.8512764100854852,True,-0.032826771197404625,-0.003190983773508016,False,3,2,部分收敛/待确认,-0.08307017543859652,0.7848705134029986,0.029243796770382025,,,,-0.047128532360984465,93.86,93.86,0.11367994886000421,0.11367994886000421,2,2,1,1,1,1,8,True,,宽松粗筛：方向/非极端波动/不过热；不以精确MA距离或距20日高点为硬规则,1,True,150,200,174,8,入选：阶段1分=8；软容量150-200只，本次实际174只
300017,网宿科技,15.77,0.007667731629392938,-0.03606356968215163,0.04298941798941791,0.07133152173913038,,,,0.08268229166666664,-0.09834190966266432,0.1928620452985586,0.42871209593712933,155253647.6,191436420.0,0.8109932665895027,0.065605595526426,0.08089536402974026,0.8109932665895025,True,0.0025100401606423794,0.006284468385276298,True,3,3,收敛较充分,-0.09834190966266432,0.48961424332344233,0.004522581056118025,,,,-0.05057194461167969,15.36,14.57,0.02669270833333326,0.08236101578586141,2,2,1,1,1,1,8,True,,宽松粗筛：方向/非极端波动/不过热；不以精确MA距离或距20日高点为硬规则,1,True,150,200,174,8,入选：阶段1分=8；软容量150-200只，本次实际174只
300063,天龙集团,9.51,0.024784482758620774,0.04505494505494512,0.1071012805587892,0.0031645569620253333,,,,0.11617312072892955,-0.15089285714285716,0.14319526627218945,0.8112916282309537,65621569.8,34975053.3,1.8762393079755508,0.10471522478248865,0.055811230655579656,1.8762393079755513,False,0.022631462169957928,0.013845114813147319,True,3,2,部分收敛/待确认,-0.15089285714285716,0.38545454545454566,0.03843633981218608,,,,-0.0020986358866735833,8.78,8.45,0.08314350797266523,0.12544378698224867,2,2,1,1,1,1,8,True,,宽松粗筛：方向/非极端波动/不过热；不以精确MA距离或距20日高点为硬规则,1,True,150,200,174,8,入选：阶段1分=8；软容量150-200只，本次实际174只
300134,大富科技,8.71,0.011614401858304424,-0.003432494279176135,0.07398273736128247,0.009269988412514474,,,,0.042007001166861076,-0.024636058230682933,0.1447028423772609,0.2902983830638437,10971909.4,11868844.6,0.9244294427782803,0.01429568456755051,0.015464332815478331,0.9244294427782803,True,0.007623007623007716,0.019192038857955396,True,3,3,收敛较充分,-0.11842105263157898,0.45327102803738334,0.027849893792778024,,,,-0.022446689113355678,8.57,8.02,0.016336056009334854,0.08603491271820474,2,2,1,1,1,1,8,True,,宽松粗筛：方向/非极端波动/不过热；不以精确MA距离或距20日高点为硬规则,1,True,150,200,174,8,入选：阶段1分=8；软容量150-200只，本次实际174只
300333,兆日科技,12.02,-0.018775510204081636,-0.027508090614886682,0.12652296157450804,0.7001414427157,,,,0.09847198641765706,-0.1612002791346825,0.3953261927945473,0.24909046810574825,46807772.2,53855434.8,0.8691373929822958,0.13981648495219398,0.16086810449201563,0.8691373929822955,True,-0.04527651574494762,0.029564489112227532,False,3,2,部分收敛/待确认,-0.1612002791346825,0.7023195876288659,0.04968998340756281,,,,-0.06604506604506599,11.78,10.3,0.02037351443123936,0.16699029126213571,2,2,1,1,1,1,8,True,,宽松粗筛：方向/非极端波动/不过热；不以精确MA距离或距20日高点为硬规则,1,True,150,200,174,8,入选：阶段1分=8；软容量150-200只，本次实际174只
300369,绿盟科技,7.89,-0.010037641154328703,0.04503311258278142,0.18468468468468457,0.05059920106524629,,,,0.10121457489878542,-0.05622009569377984,0.18931297709923667,0.534641504505681,54272366.6,44596421.8,1.2169668419451536,0.06716412159035606,0.055189771220885066,1.2169668419451543,False,0.04966078697421983,0.04325771452726501,True,3,2,部分收敛/待确认,-0.06516587677725116,0.7089947089947091,0.06809259509949905,,,,0.008951406649616356,7.41,6.55,0.06477732793522262,0.20458015267175567,2,2,1,1,1,1,8,True,,宽松粗筛：方向/非极端波动/不过热；不以精确MA距离或距20日高点为硬规则,1,True,150,200,174,8,入选：阶段1分=8；软容量150-200只，本次实际174只
300386,飞天诚信,12.16,-0.03107569721115544,0.02443133951137333,0.015873015873015817,0.032258064516129004,,,,0.16666666666666674,-0.1137026239067056,0.19781221513217864,0.8425499231950849,22540131.4,22082710.8,1.0207139695910883,0.08763398420341714,0.08585557444513517,1.0207139695910885,False,0.006774193548387153,0.0167322834645669,True,3,2,部分收敛/待确认,-0.1137026239067056,0.559322033898305,0.01574572944075503,,,,-0.07808946171341924,11.76,11.68,0.03401360544217691,0.041095890410958846,2,2,1,1,1,1,8,True,,宽松粗筛：方向/非极端波动/不过热；不以精确MA距离或距20日高点为硬规则,1,True,150,200,174,8,入选：阶段1分=8；软容量150-200只，本次实际174只
300394,天孚通信,267.0,0.07358262967430651,0.015209125475285079,0.0701402805611222,0.19714836569071426,,,,0.13065601345668626,-0.09491525423728808,0.22406639004149378,0.5831129489455813,38138815.0,48105996.1,0.7928079260788864,0.03504155988761688,0.044199305701858156,0.7928079260788868,True,-0.0225625429367583,-0.013174562959209601,False,3,2,部分收敛/待确认,-0.09491525423728808,0.7378768020969856,0.024491878887409335,,,,0.016445865692096717,237.8,237.8,0.12279226240538255,0.12279226240538255,2,2,1,1,1,1,8,True,,宽松粗筛：方向/非极端波动/不过热；不以精确MA距离或距20日高点为硬规则,1,True,150,200,174,8,入选：阶段1分=8；软容量150-200只，本次实际174只
300570,太辰光,206.1,0.14500000000000002,0.033134492957040296,0.015771315919171913,0.45151066976547627,,,,0.16556291390728475,-0.10570164019786521,0.29044179405341847,0.5700381876749948,14055035.0,25050641.3,0.5610648778081382,0.07312987347215785,0.130341207166358,0.561064877808138,True,-0.038633762374249536,-0.027664298401420928,False,3,2,部分收敛/待确认,-0.10570164019786521,0.778867102396514,0.0915561958127884,,,,0.03049999999999997,178.18,178.18,0.15669547648445392,0.15669547648445392,2,2,1,1,1,1,8,True,,宽松粗筛：方向/非极端波动/不过热；不以精确MA距离或距20日高点为硬规则,1,True,150,200,174,8,入选：阶段1分=8；软容量150-200只，本次实际174只
300598,诚迈科技,33.26,-0.0038933812518718858,-0.02691632533645416,0.014643075045759568,0.1270755676042019,,,,0.07902735562310036,-0.10854998659876725,0.3391959798994976,0.23298435213328836,11683108.2,21136659.8,0.5527414601241771,0.0538551352686906,0.09743277672094958,0.5527414601241771,True,0.0013041674076708087,-0.006543759524307524,True,3,3,收敛较充分,-0.10854998659876725,0.5714285714285711,0.023132767318813974,,,,-0.05511363636363653,32.9,31.01,0.01094224924012166,0.07255723960012883,2,2,1,1,1,1,8,True,,宽松粗筛：方向/非极端波动/不过热；不以精确MA距离或距20日高点为硬规则,1,True,150,200,174,8,入选：阶段1分=8；软容量150-200只，本次实际174只
300620,光库科技,302.29,0.08347670250896067,-0.052382445141065714,0.01107097464713358,0.06253075571177513,,,,0.13327781599623448,-0.0936919110151706,0.20176326058679012,0.660565335872454,10627747.0,11348340.7,0.9365022853076662,0.04296885692057771,0.04588227663156343,0.9365022853076668,True,-0.04282027295104274,-0.016571655397629503,False,3,2,部分收敛/待确认,-0.0936919110151706,0.7282608695652174,0.0027665728995276417,,,,-0.03421725239616602,276.19,276.19,0.09450016293131558,0.09450016293131558,2,2,1,1,1,1,8,True,,宽松粗筛：方向/非极端波动/不过热；不以精确MA距离或距20日高点为硬规则,1,True,150,200,174,8,入选：阶段1分=8；软容量150-200只，本次实际174只
300765,石药创新,45.42,0.0350957155879672,0.027601809954751033,0.003978779840848823,0.1137812653261403,,,,0.08418843283582088,-0.12282734646581694,0.22295701464336318,0.37759939049456115,18972935.0,38737475.2,0.4897824368274781,0.013507781796175655,0.027579146944653854,0.48978243682747785,True,-0.008949641569081512,-0.0271068635968722,False,3,2,部分收敛/待确认,-0.12282734646581694,0.5748663101604279,0.016061921166838244,,,,0.008660892738174608,42.88,42.64,0.059235074626865725,0.0651969981238274,2,2,1,1,1,1,8,True,,宽松粗筛：方向/非极端波动/不过热；不以精确MA距离或距20日高点为硬规则,1,True,150,200,174,8,入选：阶段1分=8；软容量150-200只，本次实际174只
300802,矩子科技,25.5,0.08742004264392333,0.035322777101096214,0.08326253186066279,0.10246433203631655,,,,0.14622435617634227,-0.028941355674029,0.1412793373216751,1.0350017132612108,11030988.0,7823276.0,1.4100215817516857,0.05451178407834624,0.03866024803012276,1.410021581751687,False,0.018829516539440094,0.017702899170443764,True,3,1,结构未成熟,-0.028941355674029,0.8839694656488547,0.09065246679925587,,,,0.012306470821754623,22.91,22.5,0.11305106940200793,0.1333333333333333,2,2,1,1,1,1,8,True,,宽松粗筛：方向/非极端波动/不过热；不以精确MA距离或距20日高点为硬规则,1,True,150,200,174,8,入选：阶段1分=8；软容量150-200只，本次实际174只
300805,电声股份,8.6,0.004672897196261516,0.014150943396226356,0.11688311688311681,0.005847953216374213,,,,0.06235011990407669,-0.02934537246049662,0.11417322834645671,0.5461010501943268,10639056.6,7941969.9,1.3395992095109803,0.035436504382207176,0.02645306456633641,1.3395992095109803,False,0.016373991457047765,0.024363369245837596,True,3,2,部分收敛/待确认,-0.02934537246049662,0.7903225806451614,0.03914934751087484,,,,-0.021615472127417434,8.34,7.64,0.031175059952038398,0.12565445026178002,2,2,1,1,1,1,8,True,,宽松粗筛：方向/非极端波动/不过热；不以精确MA距离或距20日高点为硬规则,1,True,150,200,174,8,入选：阶段1分=8；软容量150-200只，本次实际174只
300839,博汇股份,13.19,0.043512658227848,0.028059236165237644,-0.06586402266288949,0.22016651248843644,,,,0.09813463098134624,-0.0711267605633803,0.3759689922480619,0.26101788446584884,18769997.8,19891917.6,0.9435992133810166,0.06628259459330725,0.07024443604166397,0.9435992133810166,True,0.003765296517100669,0.012652222046496853,True,3,3,收敛较充分,-0.0711267605633803,0.7396907216494846,0.09857160704618328,,,,0.003041825095057016,12.33,12.33,0.0697485806974858,0.0697485806974858,2,2,1,1,1,1,8,True,,宽松粗筛：方向/非极端波动/不过热；不以精确MA距离或距20日高点为硬规则,1,True,150,200,174,8,入选：阶段1分=8；软容量150-200只，本次实际174只
300903,科翔股份,89.16,0.03674418604651164,-0.04314230521571161,0.1460154241645244,0.27407830808802514,,,,0.10576470588235289,-0.07730518472524062,0.3420833333333333,0.30917819015547743,22979335.8,27788497.4,0.8269369685314472,0.06539744021214837,0.07908394799217563,0.8269369685314475,True,-0.021791340751349697,0.036691402885761226,False,3,2,部分收敛/待确认,-0.07730518472524062,0.8589235127478754,0.06868033081625291,,,,-0.05138844557931699,85.0,74.03,0.048941176470588266,0.20437660407942726,2,2,1,1,1,1,8,True,,宽松粗筛：方向/非极端波动/不过热；不以精确MA距离或距20日高点为硬规则,1,True,150,200,174,8,入选：阶段1分=8；软容量150-200只，本次实际174只
300981,中红医疗,15.68,-0.049696969696969684,0.02752293577981657,0.08587257617728539,0.01950585175552666,,,,0.1173402868318123,-0.08731082654249123,0.20476858345021037,0.5730385240485081,18240646.0,18113235.8,1.0070340938199458,0.04641416705224382,0.046089965907889635,1.0070340938199456,False,0.007728745948641258,0.026993865030674913,True,3,2,部分收敛/待确认,-0.08731082654249123,0.5049504950495048,0.010341828022810029,,,,-0.07656065959952885,15.34,14.26,0.022164276401564598,0.09957924263674611,2,2,1,1,1,1,8,True,,宽松粗筛：方向/非极端波动/不过热；不以精确MA距离或距20日高点为硬规则,1,True,150,200,174,8,入选：阶段1分=8；软容量150-200只，本次实际174只
301018,申菱环境,106.52,0.03497862417411568,-0.020955882352941213,0.18751393534002214,0.19123238649071794,,,,0.14840114840114835,-0.0817241379310345,0.2960728649160159,0.5012318452190606,20620731.6,20612018.9,1.000422699981126,0.07291040319899977,0.07287959699472564,1.0004226999811259,False,0.00437854699891016,0.05611401954734552,True,3,2,部分收敛/待确认,-0.0817241379310345,0.7956896551724137,0.07778857050348043,,,,-0.06553206421615931,101.01,86.85,0.054549054549054565,0.22648244099021309,2,2,1,1,1,1,8,True,,宽松粗筛：方向/非极端波动/不过热；不以精确MA距离或距20日高点为硬规则,1,True,150,200,174,8,入选：阶段1分=8；软容量150-200只，本次实际174只
301085,亚康股份,67.0,-0.00014923145799139448,0.09602486504171437,0.16908043971383702,0.0951291271657404,,,,0.17489090298757975,-0.042857142857142816,0.20443967060508417,0.8554646095346938,6989568.0,5076309.3,1.37689955180627,0.11703089831789079,0.08499595933803969,1.3768995518062699,False,0.06329489291598023,0.0412324498207286,True,3,2,部分收敛/待确认,-0.042857142857142816,0.7878359264497878,0.08153481089283132,,,,-0.027011327330816126,59.58,56.03,0.12453843571668344,0.19578797072996612,2,2,1,1,1,1,8,True,,宽松粗筛：方向/非极端波动/不过热；不以精确MA距离或距20日高点为硬规则,1,True,150,200,174,8,入选：阶段1分=8；软容量150-200只，本次实际174只
301106,骏成科技,19.98,0.05491024287222812,-0.015763546798029604,-0.04218600191754551,0.17116060961313018,,,,0.09724473257698525,-0.2140047206923682,0.34639830508474595,0.2807309711090949,6596844.4,12496414.9,0.527898957644244,0.046144438408833685,0.08741149748571929,0.5278989576442442,True,-0.026972826631906366,-0.043837602706621515,False,3,2,部分收敛/待确认,-0.2140047206923682,0.4285714285714285,0.005283018867924483,,,,-0.016248153618906858,18.51,18.51,0.0794165316045381,0.0794165316045381,2,2,1,1,1,1,8,True,,宽松粗筛：方向/非极端波动/不过热；不以精确MA距离或距20日高点为硬规则,1,True,150,200,174,8,入选：阶段1分=8；软容量150-200只，本次实际174只
301123,奕东电子,80.1,0.05145707534786026,-0.0018691588785046953,0.08713355048859928,0.13617021276595742,,,,0.12985274431057567,-0.050947867298578364,0.17242355605889004,0.753103272421927,11894111.6,9053794.8,1.3137156145840636,0.07206733941973283,0.05485764089250783,1.3137156145840643,False,0.011061093247588527,0.023204564832426167,True,3,2,部分收敛/待确认,-0.050947867298578364,0.8520302821748104,0.04914339602871065,,,,-0.04060366510959401,74.7,70.64,0.07228915662650581,0.13391845979614936,2,2,1,1,1,1,8,True,,宽松粗筛：方向/非极端波动/不过热；不以精确MA距离或距20日高点为硬规则,1,True,150,200,174,8,入选：阶段1分=8；软容量150-200只，本次实际174只
301127,武汉天源,18.32,0.05590778097982696,0.007700770077007757,-0.010799136069114423,0.2428765264586159,,,,0.10769230769230771,-0.09842519685039375,0.2779874213836478,0.3873999303863558,29373658.6,39907006.3,0.7360526715330186,0.044884534057471975,0.060980057261375606,0.7360526715330188,True,-0.03787059078121635,-0.010262747837300634,False,3,2,部分收敛/待确认,-0.09842519685039375,0.7126436781609196,0.028231464331818,,,,-0.012398921832884158,16.9,15.9,0.08402366863905342,0.1522012578616352,2,2,1,1,1,1,8,True,,宽松粗筛：方向/非极端波动/不过热；不以精确MA距离或距20日高点为硬规则,1,True,150,200,174,8,入选：阶段1分=8；软容量150-200只，本次实际174只
301152,天力锂能,22.27,-0.0017929179740026058,-0.03425845620121415,-0.045025728987993174,0.08001939864209495,,,,0.08814175374829612,-0.12598116169544749,0.36402569593147754,0.24213058235561344,8983500.0,11133381.0,0.8068977429228372,0.12637908263627645,0.15662341820227646,0.806897742922837,True,-0.0063152355056574905,0.023901345291479803,True,3,3,收敛较充分,-0.12598116169544749,0.5279411764705881,0.03682666790818945,,,,-0.0682008368200836,22.01,22.0,0.01181281235801901,0.012272727272727213,2,2,1,1,1,1,8,True,,宽松粗筛：方向/非极端波动/不过热；不以精确MA距离或距20日高点为硬规则,1,True,150,200,174,8,入选：阶段1分=8；软容量150-200只，本次实际174只
301183,东田微,242.75,0.14429150560950332,0.0569052594914663,0.03214422381903992,0.34928575398810513,,,,0.17671161084377535,-0.09718089854210055,0.3309573309573309,0.5339407661181499,3586811.6,6071340.1,0.5907775780836261,0.061104555129851135,0.1034307282413512,0.5907775780836257,True,-0.020254649900171673,-0.01281684027777763,False,3,2,部分收敛/待确认,-0.09718089854210055,0.7912605847579486,0.1008146708779536,,,,0.05232356511184322,209.89,209.89,0.1565581971508887,0.1565581971508887,2,2,1,1,1,1,8,True,,宽松粗筛：方向/非极端波动/不过热；不以精确MA距离或距20日高点为硬规则,1,True,150,200,174,8,入选：阶段1分=8；软容量150-200只，本次实际174只
301205,联特科技,318.98,0.11922807017543868,0.03253164147217813,0.049345351667872794,0.11142857142857143,,,,0.13822695035461,-0.06424548228115456,0.3054034389001647,0.4526044331799286,6221632.2,9036105.7,0.6885302592243914,0.07434232902404331,0.10797249362400965,0.6885302592243914,True,-0.045585412667946135,-0.005647080328901488,False,3,2,部分收敛/待确认,-0.06424548228115456,0.7952505609573675,0.06086557425028016,,,,0.02900093551404881,282.0,282.0,0.13113475177304967,0.13113475177304967,2,2,1,1,1,1,8,True,,宽松粗筛：方向/非极端波动/不过热；不以精确MA距离或距20日高点为硬规则,1,True,150,200,174,8,入选：阶段1分=8；软容量150-200只，本次实际174只
301227,森鹰窗业,35.17,0.03776925346709947,0.05079175380938161,0.1569078947368423,0.3906682483194941,,,,0.11499999999999999,-0.014293721973094087,0.3421259842519687,0.3361334867663979,2440237.8,3247972.8,0.751311033146583,0.03301703971902418,0.04394590024952085,0.7513110331465828,True,0.04118656533464082,0.04236078058067605,True,3,3,收敛较充分,-0.014293721973094087,0.9707568807339451,0.17051902883863357,,,,0.013252664938058212,32.0,29.91,0.09906250000000005,0.17586091608157806,2,2,1,1,1,1,8,True,,宽松粗筛：方向/非极端波动/不过热；不以精确MA距离或距20日高点为硬规则,1,True,150,200,174,8,入选：阶段1分=8；软容量150-200只，本次实际174只
301231,荣信文化,29.8,0.03832752613240431,-0.04731457800511507,0.13480578827113487,0.07194244604316546,,,,0.1449683321604503,-0.08420405654578977,0.23489932885906054,0.6171508997687738,11867605.6,4838889.8,2.4525471937798624,0.18137588604789773,0.07395408598370799,2.452547193779863,False,0.025765341460036062,0.02369515342701467,True,3,2,部分收敛/待确认,-0.08420405654578977,0.6199722607489601,0.06360197016203872,,,,-0.04792332268370603,28.42,25.33,0.04855735397607308,0.17647058823529416,2,2,1,1,1,1,8,True,,宽松粗筛：方向/非极端波动/不过热；不以精确MA距离或距20日高点为硬规则,1,True,150,200,174,8,入选：阶段1分=8；软容量150-200只，本次实际174只
301251,威尔高,55.64,0.03651266766020855,0.0007194244604316058,0.16134418701732423,0.29727209139659605,,,,0.07699619771863113,-0.017828773168579004,0.24711111111111106,0.3115853324944606,7402539.2,9114673.3,0.8121562843069756,0.08799513548273122,0.12058084532332221,0.7297604793429956,True,0.03991803900736124,0.04124142879923465,True,3,3,收敛较充分,-0.017828773168579004,0.964561403508772,0.12640699651793663,,,,-0.01522123893805305,52.6,45.0,0.05779467680608352,0.23644444444444446,2,2,1,1,1,1,8,True,,宽松粗筛：方向/非极端波动/不过热；不以精确MA距离或距20日高点为硬规则,1,True,150,200,174,8,入选：阶段1分=8；软容量150-200只，本次实际174只
301366,一博科技,57.79,0.04635162049610719,-0.0015549412577747779,0.053216694004009524,0.07117701575532887,,,,0.10074626865671639,-0.036833333333333385,0.10054706659120931,1.0019811822687674,7616238.0,9349574.3,0.8146079977138637,0.06509807655554413,0.07991337764696266,0.8146079977138643,True,-0.007104098243609913,0.0016884609857736876,True,3,2,部分收敛/待确认,-0.036833333333333385,0.8817549491706794,0.03612729717615415,,,,-0.009427494000685654,53.6,53.01,0.07817164179104474,0.09017166572344837,2,2,1,1,1,1,8,True,,宽松粗筛：方向/非极端波动/不过热；不以精确MA距离或距20日高点为硬规则,1,True,150,200,174,8,入选：阶段1分=8；软容量150-200只，本次实际174只
301419,阿莱德,40.79,0.14257703081232487,0.05318874257681383,-0.0075425790754258815,0.3077909586405898,,,,0.17114568599717106,-0.09355555555555561,0.2590934527140458,0.6605558118292544,8600902.6,11711708.1,0.7343849869345702,0.0767230441579526,0.10447251172468237,0.7343849869345702,True,0.005808686384225936,-0.01717507665124962,False,3,2,部分收敛/待确认,-0.09355555555555561,0.7592910234419668,0.08931647327449244,,,,0.02771478961955154,35.35,35.35,0.15388967468175374,0.15388967468175374,2,2,1,1,1,1,8,True,,宽松粗筛：方向/非极端波动/不过热；不以精确MA距离或距20日高点为硬规则,1,True,150,200,174,8,入选：阶段1分=8；软容量150-200只，本次实际174只
301449,天溯计量,42.95,0.019705603038936426,-0.06099693922168781,-0.031567080045095786,0.052180303772660475,,,,0.10930399425974648,-0.11534500514933044,0.26267880364109214,0.4161127306225005,2024664.4,3925523.7,0.5157692462791652,0.09855508894087509,0.19108368645836465,0.5157692462791653,True,-0.0466014305147221,0.004620906235980327,False,3,2,部分收敛/待确认,-0.11534500514933044,0.5159896283491794,0.001363906601541176,,,,-0.06345399040558208,41.81,41.81,0.02726620425735482,0.02726620425735482,2,2,1,1,1,1,8,True,,宽松粗筛：方向/非极端波动/不过热；不以精确MA距离或距20日高点为硬规则,1,True,150,200,174,8,入选：阶段1分=8；软容量150-200只，本次实际174只
301626,苏州天脉,268.0,0.06395648894358663,0.009492240470091895,0.06357647432335911,0.08274078862314149,,,,0.11143586365881782,-0.13234913234913237,0.2750990752972258,0.40507538434441825,2141580.4,2106724.7,1.0165449714431125,0.04069975638836757,0.0400373397456181,1.0165449714431132,False,-0.006561933068282677,0.005836122609053751,True,3,2,部分收敛/待确认,-0.13234913234913237,0.5916083916083916,0.025327109954855098,,,,-0.0037174721189591198,242.92,242.24,0.10324386629343008,0.10634081902245707,2,2,1,1,1,1,8,True,,宽松粗筛：方向/非极端波动/不过热；不以精确MA距离或距20日高点为硬规则,1,True,150,200,174,8,入选：阶段1分=8；软容量150-200只，本次实际174只
301630,同宇新材,190.41,0.057715809354516034,-0.07198557364265523,0.17587846600382884,0.09676861931916347,,,,0.15027215083328657,-0.10831694296150607,0.38124191461837,0.3941648204755023,1858550.0,2250359.2,0.8258903734123867,0.08858801603454766,0.10726365009985842,0.8258903734123868,True,-0.05039761232297746,0.03563417948109637,False,3,2,部分收敛/待确认,-0.10831694296150607,0.6761864762704746,0.044610307853093056,,,,-0.07112542075223183,178.21,154.6,0.0684585601256944,0.23163001293661067,2,2,1,1,1,1,8,True,,宽松粗筛：方向/非极端波动/不过热；不以精确MA距离或距20日高点为硬规则,1,True,150,200,174,8,入选：阶段1分=8；软容量150-200只，本次实际174只
600110,诺德股份,11.37,0.030825022665457835,-0.054862842892768104,0.027100271002709952,0.0922190201729105,,,,0.15490375802016493,-0.0976190476190476,0.2703273495248151,0.5730228861136573,190821907.8,199947342.6,0.9543608097945284,0.1099723402216363,0.11523140838663845,0.9543608097945285,True,-0.013074144159642143,0.01989166148654653,False,3,2,部分收敛/待确认,-0.0976190476190476,0.7085308056872036,0.03940031081451689,,,,-0.06955810147299524,10.91,10.43,0.042163153070577275,0.09012464046021096,2,2,1,1,1,1,8,True,,宽松粗筛：方向/非极端波动/不过热；不以精确MA距离或距20日高点为硬规则,1,True,150,200,174,8,入选：阶段1分=8；软容量150-200只，本次实际174只
600165,宁科生物,3.14,0.0,-0.012578616352201255,-0.051359516616314216,0.2975206611570249,,,,0.04501607717041805,-0.12777777777777777,0.3483146067415731,0.12923970542474855,12702535.8,27344613.4,0.4645352126280199,0.017331558594012,0.03730946142050676,0.4645352126280195,True,-0.006273525721455453,-0.004036013660353999,True,3,3,收敛较充分,-0.12777777777777777,0.6488549618320612,0.05475310715485393,,,,-0.03384615384615386,3.11,3.09,0.009646302250803984,0.016181229773462924,2,2,1,1,1,1,8,True,,宽松粗筛：方向/非极端波动/不过热；不以精确MA距离或距20日高点为硬规则,1,True,150,200,174,8,入选：阶段1分=8；软容量150-200只，本次实际174只
600183,生益科技,148.15,0.07745454545454544,-0.03422425032594523,0.17300079176563754,0.06913473334776654,,,,0.12504613567579537,-0.05804933875890128,0.288652191724703,0.43320695030459333,71810982.2,76976528.0,0.9328945337726846,0.02977548097164904,0.03191730671980157,0.9328945337726839,True,-0.015327246305283815,0.031634651079843756,False,3,2,部分收敛/待确认,-0.05804933875890128,0.8302342878393456,0.06755539542424782,,,,-0.027950921855521282,135.47,122.05,0.09360005905366497,0.21384678410487523,2,2,1,1,1,1,8,True,,宽松粗筛：方向/非极端波动/不过热；不以精确MA距离或距20日高点为硬规则,1,True,150,200,174,8,入选：阶段1分=8；软容量150-200只，本次实际174只
600186,莲花控股,12.55,0.056397306397306446,0.08470181503889362,0.10767872903795239,0.1534926470588236,,,,0.15531335149863768,-0.06203288490284009,0.23888888888888887,0.6501489132501113,286878865.2,231833280.2,1.2374360788602603,0.1603447126715148,0.12957817814654327,1.2374360788602605,False,0.02743227125575065,0.024575977847005825,True,3,2,部分收敛/待确认,-0.06203288490284009,0.8316430020283976,0.06799421325844612,,,,0.017842660178426728,11.01,10.8,0.13987284287011814,0.16203703703703698,2,2,1,1,1,1,8,True,,宽松粗筛：方向/非极端波动/不过热；不以精确MA距离或距20日高点为硬规则,1,True,150,200,174,8,入选：阶段1分=8；软容量150-200只，本次实际174只
600313,农发种业,7.8,0.06703146374829005,0.08635097493036215,0.1729323308270676,0.3265306122448979,,,,0.16176470588235303,-0.012658227848101333,0.2515923566878981,0.6429635145197323,131160344.0,156674952.1,0.837149411836329,0.12119802812951726,0.14477466795761507,0.8371494118363288,True,0.010557661072008617,0.03148828014685123,True,3,3,收敛较充分,-0.012658227848101333,0.9572649572649571,0.14764952549106147,,,,-0.007633587786259555,6.8,6.62,0.1470588235294117,0.17824773413897277,2,2,1,1,1,1,8,True,,宽松粗筛：方向/非极端波动/不过热；不以精确MA距离或距20日高点为硬规则,1,True,150,200,174,8,入选：阶段1分=8；软容量150-200只，本次实际174只
600330,天通股份,28.89,0.10015232292460019,0.016537649542575528,0.10817031070195626,0.23040885860306637,,,,0.1241245136186771,-0.04432682765464768,0.19062623079952737,0.6511407852847545,83371771.4,143837460.1,0.5796248859096755,0.06759319370248537,0.11661540997571773,0.5796248859096751,True,-0.028010003572704445,0.004943836562579351,False,3,2,部分收敛/待确认,-0.04432682765464768,0.9017595307917888,0.0742172975384845,,,,0.01689545934530101,25.7,25.42,0.12412451361867705,0.1365066876475216,2,2,1,1,1,1,8,True,,宽松粗筛：方向/非极端波动/不过热；不以精确MA距离或距20日高点为硬规则,1,True,150,200,174,8,入选：阶段1分=8；软容量150-200只，本次实际174只
600368,五洲交通,4.36,0.004608294930875667,0.004608294930875667,0.07389162561576379,0.07125307125307123,,,,0.032710280373831696,-0.013574660633484115,0.12755102040816327,0.2564485981308405,33048232.0,34171771.2,0.9671208380325336,0.02053126629414756,0.021229266795569645,0.9671208380325339,True,0.0,0.02273265451101114,True,3,3,收敛较充分,-0.013574660633484115,0.8909090909090915,0.05047584628358037,,,,-0.0113378684807256,4.28,4.05,0.01869158878504673,0.07654320987654328,2,2,1,1,1,1,8,True,,宽松粗筛：方向/非极端波动/不过热；不以精确MA距离或距20日高点为硬规则,1,True,150,200,174,8,入选：阶段1分=8；软容量150-200只，本次实际174只
600379,宝光股份,14.69,0.02512212142358683,0.008928571428571397,0.0027303754266210234,0.029432375613174466,,,,0.0864022662889519,-0.08644278606965172,0.16945454545454533,0.5098846186579783,17036198.4,22218146.6,0.766769555836849,0.05159333043013686,0.06728661830323732,0.7667695558368489,True,0.012961941533370158,-0.004911993450675056,True,3,3,收敛较充分,-0.08644278606965172,0.7036247334754798,0.005406885223461666,,,,-0.030363036303630464,14.12,13.75,0.040368271954674295,0.0683636363636364,2,2,1,1,1,1,8,True,,宽松粗筛：方向/非极端波动/不过热；不以精确MA距离或距20日高点为硬规则,1,True,150,200,174,8,入选：阶段1分=8；软容量150-200只，本次实际174只
600475,华光环能,15.54,0.04365345869711201,0.039464882943143875,0.06804123711340204,0.06584362139917688,,,,0.059580230196343995,-0.010191082802547768,0.08952116585704366,0.6655435016506338,8793558.8,10511116.0,0.8365961140567758,0.00932621899933327,0.01114781534677356,0.8365961140567777,True,0.000263817438332703,0.007099727954349655,True,3,3,收敛较充分,-0.01520912547528519,0.8674033149171269,0.037279311150418826,,,,0.01237785016286641,14.77,14.5,0.05213270142180093,0.07172413793103449,2,2,1,1,1,1,8,True,,宽松粗筛：方向/非极端波动/不过热；不以精确MA距离或距20日高点为硬规则,1,True,150,200,174,8,入选：阶段1分=8；软容量150-200只，本次实际174只
600487,亨通光电,64.0,0.028608164577306416,-0.05016325319085779,0.05907661757405269,0.07346528010734654,,,,0.12708265272786673,-0.11369616396620963,0.26684210526315777,0.4762466275797769,149003165.2,219774695.4,0.6779814433541014,0.060727240030998456,0.08957065215615549,0.6779814433541014,True,-0.04645512557812759,0.010492923377257268,False,3,2,部分收敛/待确认,-0.11369616396620963,0.6597596353087445,0.0049304399711083136,,,,-0.06936164025010905,61.22,57.0,0.04540999673309387,0.12280701754385959,2,2,1,1,1,1,8,True,,宽松粗筛：方向/非极端波动/不过热；不以精确MA距离或距20日高点为硬规则,1,True,150,200,174,8,入选：阶段1分=8；软容量150-200只，本次实际174只
600500,中化国际,5.5,0.020408163265306145,-0.03169014084507038,0.024208566108007368,0.03578154425612068,,,,0.08614232209737828,-0.05982905982905973,0.17234468937875738,0.4998257991464162,103728838.2,143831495.1,0.7211830630550125,0.028907464815162914,0.040083393934277484,0.7211830630550118,True,-0.019203413940256153,0.007862497714390404,False,3,2,部分收敛/待确认,-0.05982905982905973,0.7200000000000003,0.013451262207481163,,,,-0.03677758318739055,5.34,5.15,0.029962546816479474,0.06796116504854366,2,2,1,1,1,1,8,True,,宽松粗筛：方向/非极端波动/不过热；不以精确MA距离或距20日高点为硬规则,1,True,150,200,174,8,入选：阶段1分=8；软容量150-200只，本次实际174只
600536,中国软件,33.58,0.002388059701492473,-0.008854781582054438,0.011445783132530085,0.03641975308641965,,,,0.05732484076433123,-0.09706910459801021,0.22335526315789472,0.2566531898727054,23925509.8,43129324.4,0.5547388031888578,0.02835932273074432,0.051121938050346885,0.5547388031888569,True,0.0005917860101785077,-0.006994457781334229,True,3,3,收敛较充分,-0.09706910459801021,0.4683357879234168,0.008999263833175508,,,,-0.03616532721010346,32.97,32.12,0.018501668183196873,0.045454545454545414,2,2,1,1,1,1,8,True,,宽松粗筛：方向/非极端波动/不过热；不以精确MA距离或距20日高点为硬规则,1,True,150,200,174,8,入选：阶段1分=8；软容量150-200只，本次实际174只
600547,山东黄金,36.45,-0.03825857519788911,-0.036988110964332854,-0.001369863013698569,0.16156787762906322,,,,0.11735870818915803,-0.05935483870967739,0.287643484132343,0.40800057940878653,102098661.8,136300160.1,0.7490722074360938,0.028247409628025355,0.03770986207686158,0.749072207436094,True,0.01978033987213812,0.00830288940551327,True,3,3,收敛较充分,-0.05935483870967739,0.8060708263069142,0.06300762624126932,,,,-0.055944055944055826,34.68,33.6,0.051038062283737196,0.0848214285714286,2,2,1,1,1,1,8,True,,宽松粗筛：方向/非极端波动/不过热；不以精确MA距离或距20日高点为硬规则,1,True,150,200,174,8,入选：阶段1分=8；软容量150-200只，本次实际174只
600604,市北高新,4.82,-0.008230452674897082,0.004166666666666874,-0.02429149797570851,0.0758928571428572,,,,0.05307855626326964,-0.09906542056074752,0.1746031746031745,0.30399536768963537,31862880.4,47519482.3,0.6705224648459607,0.02263865262987152,0.03376270567619587,0.6705224648459596,True,-0.006573541495480506,0.010609527771999083,True,3,3,收敛较充分,-0.09906542056074752,0.442105263157895,0.006998850934921252,,,,-0.028225806451612878,4.71,4.55,0.023354564755838636,0.05934065934065935,2,2,1,1,1,1,8,True,,宽松粗筛：方向/非极端波动/不过热；不以精确MA距离或距20日高点为硬规则,1,True,150,200,174,8,入选：阶段1分=8；软容量150-200只，本次实际174只
600610,中毅达,8.68,0.015204678362572999,-0.09865005192108,0.002309468822170757,0.20723226703755215,,,,0.15467625899280588,-0.1258811681772407,0.4370477568740954,0.3539115727285725,80167806.4,88975074.4,0.9010142103348441,0.11311526126280229,0.12554215012964695,0.9010142103348441,True,-0.029718004338394888,0.024483809093986286,False,3,2,部分收敛/待确认,-0.1258811681772407,0.5901639344262295,0.048309178743961345,,,,-0.09865005192108,8.34,8.34,0.04076738609112707,0.04076738609112707,2,2,1,1,1,1,8,True,,宽松粗筛：方向/非极端波动/不过热；不以精确MA距离或距20日高点为硬规则,1,True,150,200,174,8,入选：阶段1分=8；软容量150-200只，本次实际174只
600629,华建集团,17.87,-0.027218290691344627,0.09430496019595846,0.11827284105131408,0.0983405039950831,,,,0.1649101053936764,-0.04896221394358691,0.13127413127413123,1.2562269793224177,42859303.8,28165189.0,1.5217119189223263,0.03727528437220633,0.0244956249002798,1.5217119189223278,False,0.05037999509683733,0.023970083374202922,True,3,1,结构未成熟,-0.04896221394358691,0.8083333333333337,0.07969306990514191,,,,0.051795173631548064,16.13,15.54,0.1078735275883449,0.14993564993565012,2,2,1,1,1,1,8,True,,宽松粗筛：方向/非极端波动/不过热；不以精确MA距离或距20日高点为硬规则,1,True,150,200,174,8,入选：阶段1分=8；软容量150-200只，本次实际174只
600654,中安科,3.22,-0.012269938650306678,-0.04166666666666652,0.12195121951219523,0.08417508417508412,,,,0.12578616352201255,-0.11294765840220378,0.30107526881720426,0.4177897574123989,128320383.2,83424857.2,1.5381552633931268,0.05537180508459769,0.0359988399106401,1.5381552633931286,False,-0.0339181286549709,0.03603034134007577,False,3,1,结构未成熟,-0.11294765840220378,0.5119047619047622,0.0398837397061198,,,,-0.07736389684813749,3.18,2.84,0.012578616352201255,0.1338028169014085,2,2,1,1,1,1,8,True,,宽松粗筛：方向/非极端波动/不过热；不以精确MA距离或距20日高点为硬规则,1,True,150,200,174,8,入选：阶段1分=8；软容量150-200只，本次实际174只
600698,湖南天雁,7.84,-0.008849557522123908,0.059459459459459296,0.18429003021148027,0.08587257617728539,,,,0.15363128491620107,-0.05084745762711862,0.17241379310344837,0.8910614525139657,69331114.8,26630111.4,2.6034857218058804,0.08348602498745317,0.03206701856983642,2.6034857218058813,False,0.026202052944354293,0.04346606842400447,True,3,2,部分收敛/待确认,-0.05084745762711862,0.7765957446808511,0.09010011123470507,,,,-0.008849557522123908,7.16,6.67,0.0949720670391061,0.17541229385307355,2,2,1,1,1,1,8,True,,宽松粗筛：方向/非极端波动/不过热；不以精确MA距离或距20日高点为硬规则,1,True,150,200,174,8,入选：阶段1分=8；软容量150-200只，本次实际174只
600712,南宁百货,5.97,0.03466204506065851,0.08152173913043481,0.14587332053742808,0.07181328545780952,,,,0.09764918625678119,-0.016474464579901205,0.10679611650485432,0.914351471313497,20499571.0,10317624.5,1.9868498800281014,0.03805742689232043,0.019154656461404188,1.9868498800281025,False,0.02813390313390296,0.028482746028847927,True,3,2,部分收敛/待确认,-0.016474464579901205,0.9082568807339445,0.0816197119304285,,,,0.02051282051282044,5.53,5.16,0.07956600361663635,0.15697674418604635,2,2,1,1,1,1,8,True,,宽松粗筛：方向/非极端波动/不过热；不以精确MA距离或距20日高点为硬规则,1,True,150,200,174,8,入选：阶段1分=8；软容量150-200只，本次实际174只
600737,中粮糖业,16.51,0.0576553491351699,0.09773936170212782,0.13548830811554358,0.18266475644699143,,,,0.1720136518771332,-0.03843913803145016,0.21323529411764708,0.8066847122513832,105619918.6,105258984.1,1.0034290137139943,0.04938167992348071,0.04921292811805807,1.0034290137139943,False,0.016049060542797644,0.017762460233297972,True,3,2,部分收敛/待确认,-0.03843913803145016,0.8552631578947368,0.1222894432737407,,,,0.029943855271366226,14.65,14.21,0.12696245733788403,0.16185784658691071,2,2,1,1,1,1,8,True,,宽松粗筛：方向/非极端波动/不过热；不以精确MA距离或距20日高点为硬规则,1,True,150,200,174,8,入选：阶段1分=8；软容量150-200只，本次实际174只
600746,江苏索普,7.18,0.00419580419580412,-0.008287292817679592,0.07646176911544234,0.03309352517985609,,,,0.08368794326241133,-0.060209424083769614,0.12248062015503876,0.6832749798007001,21771380.2,15222694.7,1.430192264185657,0.018642388028627936,0.013034882438860602,1.4301922641856595,False,0.00915903413821817,0.02548229196659957,True,3,2,部分收敛/待确认,-0.060209424083769614,0.6434108527131783,0.045961104231917904,,,,-0.05277044854881274,7.05,6.63,0.018439716312056653,0.08295625942684759,2,2,1,1,1,1,8,True,,宽松粗筛：方向/非极端波动/不过热；不以精确MA距离或距20日高点为硬规则,1,True,150,200,174,8,入选：阶段1分=8；软容量150-200只，本次实际174只
600801,华新建材,24.44,-0.014516129032258074,0.046680942184154084,0.03603221704111914,0.017485428809325576,,,,0.09908336970755127,-0.029388403494837068,0.09453405017921145,1.048123607522533,11592535.4,9325568.5,1.2430915498610084,0.008640199532763727,0.006950573780128892,1.2430915498610104,False,0.01575665655544345,0.015250637213254148,True,3,1,结构未成熟,-0.029388403494837068,0.8415417558886512,0.038938955959870736,,,,-0.00040899795501014857,22.91,22.91,0.0667830641641205,0.0667830641641205,2,2,1,1,1,1,8,True,,宽松粗筛：方向/非极端波动/不过热；不以精确MA距离或距20日高点为硬规则,1,True,150,200,174,8,入选：阶段1分=8；软容量150-200只，本次实际174只
600969,郴电国际,10.27,0.008840864440078589,0.04689092762487257,0.1997663551401867,0.19418604651162785,,,,0.10651499482936912,-0.040186915887850394,0.2556750298685784,0.41660304052421454,28448492.0,15948895.0,1.7837280889992693,0.07687732682441241,0.04309924102139528,1.7837280889992715,False,0.015882469724041837,0.05639177443290211,True,3,2,部分收敛/待确认,-0.040186915887850394,0.8346153846153846,0.10045539780337531,,,,-0.03477443609022568,9.67,8.45,0.06204756980351589,0.2153846153846155,2,2,1,1,1,1,8,True,,宽松粗筛：方向/非极端波动/不过热；不以精确MA距离或距20日高点为硬规则,1,True,150,200,174,8,入选：阶段1分=8；软容量150-200只，本次实际174只
601208,东材科技,49.18,0.06611749403858647,-0.05767388388580186,0.12488563586459289,0.08373732921992061,,,,0.14095279720279727,-0.07014558517678204,0.28062953995157397,0.5022735569003904,58183129.4,65389852.3,0.8897883594087886,0.05759662623802586,0.06473070323857169,0.8897883594087885,True,-0.0438472987650349,0.013750793314998955,False,3,2,部分收敛/待确认,-0.07014558517678204,0.8199902959728287,0.03623012821188132,,,,-0.05803485922237117,45.76,41.3,0.0747377622377623,0.19079903147699762,2,2,1,1,1,1,8,True,,宽松粗筛：方向/非极端波动/不过热；不以精确MA距离或距20日高点为硬规则,1,True,150,200,174,8,入选：阶段1分=8；软容量150-200只，本次实际174只
601609,金田股份,13.31,-0.002248875562218866,-0.013343217197924417,-0.0052316890881913825,0.2798076923076922,,,,0.06994619523443506,-0.04382183908045978,0.18711923411662318,0.3738054805784459,52838793.4,94757870.7,0.5576190453591524,0.030566716397894593,0.05481648564963759,0.5576190453591524,True,0.009589451603236654,0.007376740684983174,True,3,3,收敛较充分,-0.04382183908045978,0.8467336683417087,0.059755563517656096,,,,-0.03968253968253965,13.01,12.56,0.023059185242121583,0.0597133757961783,2,2,1,1,1,1,8,True,,宽松粗筛：方向/非极端波动/不过热；不以精确MA距离或距20日高点为硬规则,1,True,150,200,174,8,入选：阶段1分=8；软容量150-200只，本次实际174只
601869,长飞光纤,400.51,0.05731256599788792,-0.04314690493824214,0.05622511142171471,0.16831480995303516,,,,0.10461949265687585,-0.09821448674937516,0.3041933399894285,0.343924336609446,11564711.6,15563044.8,0.7430879849423809,0.02846079535586194,0.03830070722791841,0.74308798494238,True,-0.045760703032405314,0.018259026572592596,False,3,2,部分收敛/待确认,-0.09821448674937516,0.7580967169476486,0.05271319867001334,,,,-0.03183620189518477,374.5,345.01,0.069452603471295,0.16086490246659513,2,2,1,1,1,1,8,True,,宽松粗筛：方向/非极端波动/不过热；不以精确MA距离或距20日高点为硬规则,1,True,150,200,174,8,入选：阶段1分=8；软容量150-200只，本次实际174只
601886,江河集团,13.75,0.021545319465081647,0.0029175784099197966,0.03930461073318203,0.510989010989011,,,,0.08443067389620448,-0.03169014084507038,0.1639344262295082,0.5150271107668473,21612316.0,31461066.7,0.6869543301276558,0.019075266288571376,0.027767881286994263,0.6869543301276545,True,0.010228640192539107,0.010908264525414824,True,3,3,收敛较充分,-0.03169014084507038,0.9247491638795987,0.08216590587124206,,,,-0.017857142857142905,12.91,12.81,0.06506584043377228,0.07338017174082734,2,2,1,1,1,1,8,True,,宽松粗筛：方向/非极端波动/不过热；不以精确MA距离或距20日高点为硬规则,1,True,150,200,174,8,入选：阶段1分=8；软容量150-200只，本次实际174只
603002,宏昌电子,16.32,0.08007941760423565,-0.06955530216647654,0.04214559386973171,0.07509881422924902,,,,0.17647058823529416,-0.14105263157894732,0.27602417730020146,0.6393301846285961,70676709.8,77978774.2,0.9063583074379745,0.062320826326495535,0.06875959078773089,0.9063583074379749,True,-0.056212671272982684,-0.007161063235829768,False,3,2,部分收敛/待确认,-0.14105263157894732,0.6313617606602476,0.0031964593066142744,,,,-0.07272727272727275,14.96,14.89,0.09090909090909083,0.09603760913364678,2,2,1,1,1,1,8,True,,宽松粗筛：方向/非极端波动/不过热；不以精确MA距离或距20日高点为硬规则,1,True,150,200,174,8,入选：阶段1分=8；软容量150-200只，本次实际174只
603009,北特科技,48.84,0.10000000000000009,0.022613065326633208,0.07814569536423854,0.22100000000000009,,,,0.10723192019950134,-0.023199999999999887,0.1519226232602028,0.7058324685181465,6551291.0,8094571.9,0.8093437282334844,0.01891305897663298,0.023368388877138272,0.8093437282334844,True,-0.004233664043790442,0.01008117308195855,True,3,3,收敛较充分,-0.023199999999999887,0.8964285714285718,0.05644542023123278,,,,0.012227979274611389,44.11,43.95,0.10723192019950134,0.11126279863481225,2,2,1,1,1,1,8,True,,宽松粗筛：方向/非极端波动/不过热；不以精确MA距离或距20日高点为硬规则,1,True,150,200,174,8,入选：阶段1分=8；软容量150-200只，本次实际174只
603011,合锻智能,26.33,0.08801652892561984,-0.017537313432835933,0.16042309387395304,0.09937369519832973,,,,0.12744689712619736,-0.047739602169981965,0.27890841813135975,0.4569489081042103,51000954.2,50815808.0,1.0036434764552007,0.10315425760918868,0.102779781893788,1.0036434764552007,False,-0.028686961165789393,0.02425274769842245,False,3,1,结构未成熟,-0.047739602169981965,0.8541436464088397,0.06295795401788418,,,,-0.027336534909493948,24.01,21.62,0.09662640566430647,0.21785383903792765,2,2,1,1,1,1,8,True,,宽松粗筛：方向/非极端波动/不过热；不以精确MA距离或距20日高点为硬规则,1,True,150,200,174,8,入选：阶段1分=8；软容量150-200只，本次实际174只
603016,新宏泰,32.18,-0.024848484848484897,0.0018679950186799577,0.11542461005199289,0.09904371584699456,,,,0.10800627943485079,-0.08812694814395017,0.2093862815884477,0.5158230931629942,7843676.8,4707217.9,1.6663084154230463,0.05294058315334773,0.03177117913066952,1.6663084154230476,False,0.03689187507776537,0.029019378712630273,True,3,2,部分收敛/待确认,-0.08812694814395017,0.5902503293807643,0.05213254646809751,,,,-0.06832657788071794,31.85,28.06,0.010361067503924515,0.1468282252316464,2,2,1,1,1,1,8,True,,宽松粗筛：方向/非极端波动/不过热；不以精确MA距离或距20日高点为硬规则,1,True,150,200,174,8,入选：阶段1分=8；软容量150-200只，本次实际174只
603052,可川科技,58.3,0.05846042120551931,-0.030111462319081683,0.02604716649067229,0.08606557377049184,,,,0.10999083409715858,-0.05341776262380271,0.16037735849056603,0.6858252008411065,4005909.6,6130894.1,0.6533972915956908,0.02131967826974736,0.03262896639452182,0.6533972915956906,True,-0.021468309498617777,-0.005694819606696266,False,3,2,部分收敛/待确认,-0.05341776262380271,0.7724757952973716,0.012302162645529302,,,,-0.03508771929824572,54.55,53.72,0.06874427131072403,0.0852568875651527,2,2,1,1,1,1,8,True,,宽松粗筛：方向/非极端波动/不过热；不以精确MA距离或距20日高点为硬规则,1,True,150,200,174,8,入选：阶段1分=8；软容量150-200只，本次实际174只
603082,北自科技,46.91,0.0697833523375142,0.051793721973093954,0.12037258180081212,0.17187109667749167,,,,0.08885298869143785,-0.005722763883001303,0.1713840560893275,0.5184437264404955,6705871.2,5647001.0,1.1875101846094944,0.16534476747483162,0.1392365047624448,1.1875101846094946,False,0.029430465982378085,0.032813340505648325,True,3,2,部分收敛/待确认,-0.005722763883001303,0.9767841788478071,0.09764372791726128,,,,0.0014944491887274314,43.33,40.01,0.08262174013385648,0.17245688577855534,2,2,1,1,1,1,8,True,,宽松粗筛：方向/非极端波动/不过热；不以精确MA距离或距20日高点为硬规则,1,True,150,200,174,8,入选：阶段1分=8；软容量150-200只，本次实际174只
603093,南华期货,13.14,-0.02594514455151964,-0.009796533534287777,0.1618037135278514,0.051200000000000134,,,,0.09655172413793102,-0.08176100628930816,0.2441229656419529,0.39550446998722866,24097973.6,25723998.1,0.9367895887070525,0.02732075778192073,0.029164241480980325,0.9367895887070529,True,-0.0020768431983385627,0.04787021497642452,True,3,3,收敛较充分,-0.08176100628930816,0.64,0.05529454282616553,,,,-0.0594130279169649,13.05,11.29,0.006896551724137945,0.1638618246235608,2,2,1,1,1,1,8,True,,宽松粗筛：方向/非极端波动/不过热；不以精确MA距离或距20日高点为硬规则,1,True,150,200,174,8,入选：阶段1分=8；软容量150-200只，本次实际174只
603118,共进股份,17.89,0.10024600246002446,-0.03817204301075272,0.11742660836976881,0.21866485013623982,,,,0.1559405940594059,-0.13070942662779383,0.33549643088903297,0.4648055231055021,75568316.8,138948653.7,0.5438578553136424,0.09598702085325796,0.1764928462748825,0.5438578553136423,True,-0.035634991119005144,0.0030855379692589224,False,3,2,部分收敛/待确认,-0.13070942662779383,0.6506493506493508,0.038576528983193636,,,,-0.04229122055674517,16.16,15.41,0.1070544554455446,0.16093445814406238,2,2,1,1,1,1,8,True,,宽松粗筛：方向/非极端波动/不过热；不以精确MA距离或距20日高点为硬规则,1,True,150,200,174,8,入选：阶段1分=8；软容量150-200只，本次实际174只
603186,华正新材,186.09,0.10001773364071664,0.019671232876712352,0.125907550822846,0.2242763157894736,,,,0.12232835820895528,-0.08194375925012332,0.2615920831518019,0.4676302001768461,19512539.0,27199814.0,0.7173776629501952,0.12444973872718501,0.17347869212346118,0.7173776629501952,True,-0.015379156641201042,0.01937246224736522,False,3,2,部分收敛/待确认,-0.08194375925012332,0.8413411023020347,0.0769034901418395,,,,-0.010106920580882028,167.5,163.26,0.11098507462686569,0.13983829474457932,2,2,1,1,1,1,8,True,,宽松粗筛：方向/非极端波动/不过热；不以精确MA距离或距20日高点为硬规则,1,True,150,200,174,8,入选：阶段1分=8；软容量150-200只，本次实际174只
603188,亚邦股份,4.96,0.016393442622950838,0.024793388429751984,0.06437768240343344,0.11711711711711703,,,,0.12101910828025483,-0.06060606060606066,0.14125560538116588,0.8567384490951376,24415320.0,22274203.7,1.0961253802307644,0.04282112352456284,0.03906589911780695,1.0961253802307647,False,-0.0024291497975709175,0.019134775374376245,True,3,2,部分收敛/待确认,-0.06060606060606066,0.7611940298507461,0.034087355363285665,,,,-0.042471042471042386,4.71,4.54,0.05307855626326963,0.09251101321585908,2,2,1,1,1,1,8,True,,宽松粗筛：方向/非极端波动/不过热；不以精确MA距离或距20日高点为硬规则,1,True,150,200,174,8,入选：阶段1分=8；软容量150-200只，本次实际174只
603191,望变电气,15.73,-0.004430379746835467,0.0571236559139785,0.09084604715672673,0.09999999999999987,,,,0.09986225895316812,-0.07361601884570079,0.1336633663366337,0.7471176410570354,20669765.2,11262924.1,1.835204163366421,0.06264236453531011,0.0341337306146917,1.835204163366422,False,0.03677663601947034,0.02166825159625052,True,3,2,部分收敛/待确认,-0.07361601884570079,0.6212121212121213,0.03907256333190223,,,,-0.008821676118462407,14.52,14.14,0.08333333333333348,0.11244695898161239,2,2,1,1,1,1,8,True,,宽松粗筛：方向/非极端波动/不过热；不以精确MA距离或距20日高点为硬规则,1,True,150,200,174,8,入选：阶段1分=8；软容量150-200只，本次实际174只
603200,上海洗霸,40.3,-0.01946472019464729,-0.04818138875767608,0.029900332225913484,0.04893284747527327,,,,0.10376652531803433,-0.13630518645520784,0.34738665896621407,0.2987061323161705,11001359.4,10867465.3,1.0123206374535192,0.06269291624475506,0.061929900394462355,1.012320637453519,False,-0.026961695797694363,0.03677284466855246,False,3,1,结构未成熟,-0.13630518645520784,0.4713216957605983,0.01758682944689216,,,,-0.0840909090909091,40.09,38.21,0.005238214018458365,0.05469772310913368,2,2,1,1,1,1,8,True,,宽松粗筛：方向/非极端波动/不过热；不以精确MA距离或距20日高点为硬规则,1,True,150,200,174,8,入选：阶段1分=8；软容量150-200只，本次实际174只
603216,梦天家居,22.16,0.002714932126696823,-0.02163355408388512,0.07834549878345487,0.03745318352059934,,,,0.14019562179785755,-0.09477124183006536,0.149746192893401,0.9362216099721337,12462749.2,4063143.4,3.0672678695022184,0.055964565988594006,0.018245738021464796,3.0672678695022215,False,0.03287197231833927,0.02189542483660145,True,3,2,部分收敛/待确认,-0.09477124183006536,0.5146443514644352,0.037550332428129884,,,,-0.08011623080116226,21.47,20.15,0.03213786679087094,0.0997518610421837,2,2,1,1,1,1,8,True,,宽松粗筛：方向/非极端波动/不过热；不以精确MA距离或距20日高点为硬规则,1,True,150,200,174,8,入选：阶段1分=8；软容量150-200只，本次实际174只
603217,元利科技,29.16,0.0055172413793103114,-0.03283582089552228,0.12979465323518014,0.16826923076923084,,,,0.09964285714285712,-0.052939265995453066,0.20768925881886635,0.47976894765539807,4276220.8,5630652.5,0.7594538643611908,0.02055009909288202,0.027059048689109765,0.7594538643611907,True,-0.008315040244794791,0.03270277816557332,True,3,3,收敛较充分,-0.052939265995453066,0.830385015608741,0.049638241963932295,,,,-0.05139882888744307,28.0,25.28,0.04142857142857137,0.15348101265822778,2,2,1,1,1,1,8,True,,宽松粗筛：方向/非极端波动/不过热；不以精确MA距离或距20日高点为硬规则,1,True,150,200,174,8,入选：阶段1分=8；软容量150-200只，本次实际174只
603236,移远通信,63.22,0.016889174843171872,0.025632706035042085,0.11893805309734518,0.2712648300824452,,,,0.08778877887788779,-0.040958737864077666,0.1494274104174362,0.587501172861415,17326402.4,14453581.9,1.1987618377144282,0.0427427026177716,0.03573890271792888,1.1959713188488346,False,0.045459083496955044,0.02495293513606045,True,3,2,部分收敛/待确认,-0.040958737864077666,0.8714897667777248,0.07440263757180232,,,,-0.029921743133343615,60.6,54.14,0.043234323432343125,0.16771333579608427,2,2,1,1,1,1,8,True,,宽松粗筛：方向/非极端波动/不过热；不以精确MA距离或距20日高点为硬规则,1,True,150,200,174,8,入选：阶段1分=8；软容量150-200只，本次实际174只
603261,立航科技,56.4,-0.022869022869022926,0.004631278945493422,0.1302605210420842,0.14517766497461926,,,,0.10090415913200734,-0.12693498452012375,0.35600335852225007,0.28343597529769055,2701480.0,2407860.0,1.121942305615775,0.03485554781211468,0.031067148139123136,1.1219423056157762,False,0.0022815022815023678,0.04092731457420751,True,3,2,部分收敛/待确认,-0.12693498452012375,0.5319634703196349,0.04118591814506445,,,,-0.04826189672629089,55.3,47.64,0.019891500904159143,0.18387909319899243,2,2,1,1,1,1,8,True,,宽松粗筛：方向/非极端波动/不过热；不以精确MA距离或距20日高点为硬规则,1,True,150,200,174,8,入选：阶段1分=8；软容量150-200只，本次实际174只
603268,松发股份,193.65,0.005451713395638658,-0.0029861504401996752,0.0703034322666225,0.05669540543490137,,,,0.08287292817679558,-0.021969696969696972,0.13142857142857142,0.6305548883017055,5619942.8,5795984.4,0.9696269713907442,0.0240940956551849,0.024848829875912554,0.9696269713907429,True,0.009277865663346097,0.020096978980695956,True,3,3,收敛较充分,-0.021969696969696972,0.9106776180698153,0.05371698462275121,,,,-0.006821212432044255,181.0,178.0,0.06988950276243089,0.08792134831460685,2,2,1,1,1,1,8,True,,宽松粗筛：方向/非极端波动/不过热；不以精确MA距离或距20日高点为硬规则,1,True,150,200,174,8,入选：阶段1分=8；软容量150-200只，本次实际174只
603297,永新光学,108.33,0.007252440725244114,-0.06499223200414295,0.03269780743565298,0.04950590970742108,,,,0.12516419590917624,-0.09664776517678453,0.14849325931800164,0.8428947986193387,1951039.0,1373966.3,1.4200049884775194,0.01761993008161358,0.01240835787521071,1.420004988477524,False,-0.0007406470726377679,0.008325650009220142,True,3,2,部分收敛/待确认,-0.09664776517678453,0.6223525578364286,0.010107603080767413,,,,-0.08124840980408787,106.58,100.88,0.016419590917620575,0.0738501189532117,2,2,1,1,1,1,8,True,,宽松粗筛：方向/非极端波动/不过热；不以精确MA距离或距20日高点为硬规则,1,True,150,200,174,8,入选：阶段1分=8；软容量150-200只，本次实际174只
603330,天洋新材,10.89,0.03320683111954481,0.032227488151658656,-0.007292616226071136,0.3698113207547171,,,,0.14722753346080297,-0.15777262180974472,0.5052386495925495,0.29140196138900865,75646311.2,113871329.2,0.6643139386485707,0.17483456959959215,0.26318064310868167,0.6643139386485708,True,0.002902231090150531,0.024242424242424176,True,3,3,收敛较充分,-0.15777262180974472,0.6611295681063124,0.03659987625529504,,,,-0.07319148936170206,10.46,10.28,0.041108986615678855,0.05933852140077822,2,2,1,1,1,1,8,True,,宽松粗筛：方向/非极端波动/不过热；不以精确MA距离或距20日高点为硬规则,1,True,150,200,174,8,入选：阶段1分=8；软容量150-200只，本次实际174只
603333,福华尚纬,9.9,-0.002016129032258007,-0.020771513353115667,0.04100946372239744,0.0714285714285714,,,,0.07851239669421485,-0.08671586715867152,0.2678362573099414,0.29313580425132635,15334680.0,27585545.0,0.5558954880173657,0.02467256537829681,0.04438346039881162,0.5558954880173657,True,-0.011767013139831417,0.01725181598062986,False,3,2,部分收敛/待确认,-0.08671586715867152,0.6147540983606559,0.026332158407630146,,,,-0.045323047251687454,9.68,9.25,0.022727272727272707,0.07027027027027022,2,2,1,1,1,1,8,True,,宽松粗筛：方向/非极端波动/不过热；不以精确MA距离或距20日高点为硬规则,1,True,150,200,174,8,入选：阶段1分=8；软容量150-200只，本次实际174只
603358,华达科技,47.08,0.014655172413793105,-0.053097345132743334,0.0212581344902385,0.14773281326182341,,,,0.14155251141552508,-0.10323809523809524,0.1318005918506715,1.073989952760625,14340018.0,10823761.5,1.3248645584069827,0.031054416770275282,0.023439691682608732,1.3248645584069845,False,0.004823808355817194,0.01112349391256795,True,3,1,结构未成熟,-0.10323809523809524,0.6711165048543688,0.013072247027811956,,,,-0.09461538461538466,45.99,43.93,0.023700804522722274,0.07170498520373325,2,2,1,1,1,1,8,True,,宽松粗筛：方向/非极端波动/不过热；不以精确MA距离或距20日高点为硬规则,1,True,150,200,174,8,入选：阶段1分=8；软容量150-200只，本次实际174只
603366,日出东方,7.64,-0.024265644955300147,-0.010362694300518172,0.043715846994535346,0.10086455331412103,,,,0.07549668874172177,-0.059113300492610765,0.18540145985401454,0.40720654951243646,36695346.4,33981177.0,1.07987273071795,0.045133057139998135,0.04179479290118895,1.0798727307179508,False,0.01979936642027469,0.015566290928609838,True,3,2,部分收敛/待确认,-0.059113300492610765,0.6666666666666669,0.03980945899965982,,,,-0.059113300492610765,7.55,7.14,0.01192052980132452,0.07002801120448177,2,2,1,1,1,1,8,True,,宽松粗筛：方向/非极端波动/不过热；不以精确MA距离或距20日高点为硬规则,1,True,150,200,174,8,入选：阶段1分=8；软容量150-200只，本次实际174只
603395,红四方,29.77,0.10014781966001474,0.023024054982817788,0.1472061657032755,0.31667403803626715,,,,0.17801047120418856,-0.10277275467148883,0.32666933226709305,0.5449255672970327,18973825.2,18753691.3,1.0117381637821883,0.2919050030769231,0.2885183276923077,1.0117381637821883,False,-0.028756581611988574,0.003452204232402112,False,3,1,结构未成熟,-0.10277275467148883,0.7029616724738676,0.09708684195979433,,,,-0.054920634920634925,26.74,25.76,0.11331338818249814,0.15566770186335388,2,2,1,1,1,1,8,True,,宽松粗筛：方向/非极端波动/不过热；不以精确MA距离或距20日高点为硬规则,1,True,150,200,174,8,入选：阶段1分=8；软容量150-200只，本次实际174只
603396,金辰股份,29.08,0.007623007623007494,-0.05767984445884644,0.13905209557383458,0.16459751702042458,,,,0.10814606741573028,-0.09745499689633774,0.28468899521531105,0.3798744216787836,6476048.2,6670931.4,0.9707862083546535,0.04674919585268126,0.048156015660661876,0.9707862083546536,True,-0.0297936853206775,0.03717327485586952,False,3,2,部分收敛/待确认,-0.09745499689633774,0.6193939393939393,0.049952160020219294,,,,-0.07858048162230669,28.48,25.19,0.02106741573033699,0.15442635966653429,2,2,1,1,1,1,8,True,,宽松粗筛：方向/非极端波动/不过热；不以精确MA距离或距20日高点为硬规则,1,True,150,200,174,8,入选：阶段1分=8；软容量150-200只，本次实际174只
603559,中通国脉,10.79,0.020813623462629938,0.02371916508538896,0.19358407079646023,0.18441273326015373,,,,0.1352941176470589,-0.06822107081174444,0.2653061224489795,0.5099547511312221,38850435.0,19089587.2,2.0351637043256754,0.09681700429667559,0.04757209657920593,2.0351637043256767,False,0.06562252180808881,0.054878048780487854,True,3,2,部分收敛/待确认,-0.06822107081174444,0.762048192771084,0.12925170068027203,,,,-0.046819787985865835,10.2,8.59,0.05784313725490198,0.25611175785797435,2,2,1,1,1,1,8,True,,宽松粗筛：方向/非极端波动/不过热；不以精确MA距离或距20日高点为硬规则,1,True,150,200,174,8,入选：阶段1分=8；软容量150-200只，本次实际174只
603626,科森科技,19.72,0.09983268265476841,-0.051010587102983784,0.012320328542094305,0.2504755865567534,,,,0.17330342120022454,-0.06095238095238098,0.3770491803278688,0.45963081274842166,37955841.2,56254342.7,0.6747184195612332,0.06840373126650211,0.10138115291262506,0.6747184195612334,True,-0.025473217881594734,0.011850783182193014,False,3,2,部分收敛/待确认,-0.06095238095238098,0.8369426751592355,0.07439592470511314,,,,-0.05736137667304031,17.83,17.83,0.10600112170499165,0.10600112170499165,2,2,1,1,1,1,8,True,,宽松粗筛：方向/非极端波动/不过热；不以精确MA距离或距20日高点为硬规则,1,True,150,200,174,8,入选：阶段1分=8；软容量150-200只，本次实际174只
603637,镇海股份,14.97,0.01975476839237067,-0.02729044834307992,0.1741176470588235,0.09349890430971519,,,,0.08263888888888886,-0.07018633540372676,0.2973408541498792,0.2779264528756397,8212814.0,13903547.8,0.5906991595339428,0.034408462298755924,0.058250399959776364,0.5906991595339429,True,-0.016798941798941924,0.032367618519545394,False,3,2,部分收敛/待确认,-0.07018633540372676,0.7263922518159804,0.05526575496968866,,,,-0.039769082745349515,14.4,12.55,0.039583333333333304,0.19282868525896402,2,2,1,1,1,1,8,True,,宽松粗筛：方向/非极端波动/不过热；不以精确MA距离或距20日高点为硬规则,1,True,150,200,174,8,入选：阶段1分=8；软容量150-200只，本次实际174只
603679,华体科技,23.77,0.09995372512725598,0.004649196956889146,0.055506216696270094,0.05926916221033851,,,,0.13255269320843083,-0.03726204941271771,0.16462264150943406,0.8051911449910406,7432586.6,8489274.7,0.8755266925218005,0.0418298432230115,0.04777677663090771,0.8755266925218009,True,-0.03289700310024091,0.003862529078698884,False,3,2,部分收敛/待确认,-0.03726204941271771,0.7899543378995431,0.054172117879238035,,,,-0.01614238410596025,21.35,21.35,0.11334894613583124,0.11334894613583124,2,2,1,1,1,1,8,True,,宽松粗筛：方向/非极端波动/不过热；不以精确MA距离或距20日高点为硬规则,1,True,150,200,174,8,入选：阶段1分=8；软容量150-200只，本次实际174只
603848,好太太,13.88,0.02359882005899716,-0.002873563218390718,0.08522283033620037,0.033507073715562274,,,,0.04444444444444442,-0.05320600272851295,0.15615141955835965,0.2846240179573511,2536280.0,5634812.5,0.4501090320219173,0.006302780722153839,0.01400278660004082,0.45010903202191666,True,-0.004327131112072835,0.011852179034157917,True,3,3,收敛较充分,-0.05320600272851295,0.6060606060606065,0.018229835307926656,,,,-0.011396011396011319,13.5,12.69,0.028148148148148255,0.09377462568951933,2,2,1,1,1,1,8,True,,宽松粗筛：方向/非极端波动/不过热；不以精确MA距离或距20日高点为硬规则,1,True,150,200,174,8,入选：阶段1分=8；软容量150-200只，本次实际174只
603880,南卫股份,10.23,0.05791106514994837,0.07345225603357819,0.1785714285714286,0.3285714285714285,,,,0.09722222222222224,-0.003894839337877265,0.28481012658227844,0.3413580246913581,11659109.8,18895493.2,0.6170312506053032,0.0403370783484753,0.06537282886224147,0.6170312506053031,True,0.027812630698452745,0.045827408946735426,True,3,3,收敛较充分,-0.003894839337877265,0.9889196675900279,0.1374881859120476,,,,0.026078234704112413,9.36,8.6,0.09294871794871806,0.1895348837209303,2,2,1,1,1,1,8,True,,宽松粗筛：方向/非极端波动/不过热；不以精确MA距离或距20日高点为硬规则,1,True,150,200,174,8,入选：阶段1分=8；软容量150-200只，本次实际174只
603912,佳力图,9.09,-0.006557377049180357,-0.016233766233766267,0.10181818181818181,0.17746113989637302,,,,0.07303370786516858,-0.04816753926701578,0.1766200762388818,0.41350739633012723,26376641.6,32072747.9,0.8224004279970037,0.04863611092871782,0.05913920916502128,0.8224004279970036,True,0.011231006386258624,0.028926553672316446,True,3,3,收敛较充分,-0.04816753926701578,0.8067226890756299,0.03962943901183724,,,,-0.04516806722689071,8.9,8.07,0.02134831460674147,0.12639405204460963,2,2,1,1,1,1,8,True,,宽松粗筛：方向/非极端波动/不过热；不以精确MA距离或距20日高点为硬规则,1,True,150,200,174,8,入选：阶段1分=8；软容量150-200只，本次实际174只
603936,博敏电子,17.58,0.10012515644555675,-0.0414394765539805,0.02149912841371271,0.14453125,,,,0.15476942514213526,-0.0984615384615386,0.20743034055727566,0.7461272286702935,37066848.2,68595531.0,0.5403682668481713,0.058799120499753346,0.10881305233320501,0.5403682668481712,True,-0.050206865705020864,-0.011083323860407224,False,3,2,部分收敛/待确认,-0.0984615384615386,0.7329624478442278,0.026030115559705802,,,,-0.038293216630197136,15.83,15.83,0.11054958938723924,0.11054958938723924,2,2,1,1,1,1,8,True,,宽松粗筛：方向/非极端波动/不过热；不以精确MA距离或距20日高点为硬规则,1,True,150,200,174,8,入选：阶段1分=8；软容量150-200只，本次实际174只
603955,大千生态,21.73,0.026452527161076933,0.06000000000000005,0.13531870428422144,0.05281007751937983,,,,0.08663366336633664,-0.017186793306196213,0.20687772925764186,0.4187674704145878,2712304.0,3455337.6,0.7849606359737468,0.01998455643972882,0.025459310344827533,0.7849606359737471,True,0.02866927592954993,0.03609585621567657,True,3,3,收敛较充分,-0.017186793306196213,0.8997361477572562,0.07223921839534198,,,,0.006484483557202436,20.2,19.02,0.07574257425742581,0.14248159831756047,2,2,1,1,1,1,8,True,,宽松粗筛：方向/非极端波动/不过热；不以精确MA距离或距20日高点为硬规则,1,True,150,200,174,8,入选：阶段1分=8；软容量150-200只，本次实际174只
605006,山东玻纤,15.53,0.05862304021813225,0.026437541308658163,0.1294545454545455,0.0500338066260988,,,,0.14911660777385166,-0.06445783132530136,0.23605805958747134,0.6316946264594557,63488206.2,31394195.5,2.02229122896301,0.09713598460017754,0.048032639023009006,2.0222912289630104,False,0.013285505513484619,0.027045721795669664,True,3,2,部分收敛/待确认,-0.06445783132530136,0.7698924731182792,0.052524567943070144,,,,-0.02694235588972438,14.15,13.09,0.09752650176678435,0.18640183346065697,2,2,1,1,1,1,8,True,,宽松粗筛：方向/非极端波动/不过热；不以精确MA距离或距20日高点为硬规则,1,True,150,200,174,8,入选：阶段1分=8；软容量150-200只，本次实际174只
605162,新中港,10.26,-0.0393258426966292,-0.031161473087818692,0.15022421524663665,0.09967845659163976,,,,0.10700000000000003,-0.07317073170731714,0.2792899408284025,0.3831144067796609,34317286.4,37532391.9,0.9143378469305603,0.07749254210226444,0.08475263532227996,0.9143378469305606,True,0.014324428958575552,0.04237461617195515,True,3,3,收敛较充分,-0.07317073170731714,0.7075812274368228,0.06172711750400972,,,,-0.06557377049180335,10.0,8.65,0.026000000000000023,0.18612716763005777,2,2,1,1,1,1,8,True,,宽松粗筛：方向/非极端波动/不过热；不以精确MA距离或距20日高点为硬规则,1,True,150,200,174,8,入选：阶段1分=8；软容量150-200只，本次实际174只
605167,利柏特,16.34,0.018068535825545018,0.13947001394700131,0.09885675857431075,0.09224598930481287,,,,0.1725105189340813,-0.022727272727272707,0.12144886363636358,1.4204374892350091,14159067.0,10710641.0,1.3219626164297729,0.027767907688780173,0.02100506273299391,1.3219626164297742,False,0.06859156838823366,0.027153304442036896,True,3,1,结构未成熟,-0.05275362318840582,0.7156249999999998,0.09191753817367765,,,,-0.015069318866787196,14.26,14.08,0.1458625525946704,0.16051136363636354,2,2,1,1,1,1,8,True,,宽松粗筛：方向/非极端波动/不过热；不以精确MA距离或距20日高点为硬规则,1,True,150,200,174,8,入选：阶段1分=8；软容量150-200只，本次实际174只
605168,三人行,52.49,0.09995808885163471,0.09036144578313254,0.10505263157894751,0.24177903950792512,,,,0.10645025295109621,0.0,0.08084163898117383,1.316775046778629,6361269.0,6038453.2,1.0534600152237663,0.03017436650005036,0.02864310563665868,1.053460015223765,False,0.03202401801351007,0.017370565018256956,True,3,1,结构未成熟,0.0,1.0,0.11845049114657691,,,,0.049800000000000066,47.44,45.15,0.10645025295109622,0.1625692137320045,2,2,1,1,1,1,8,True,,宽松粗筛：方向/非极端波动/不过热；不以精确MA距离或距20日高点为硬规则,1,True,150,200,174,8,入选：阶段1分=8；软容量150-200只，本次实际174只
605178,时空科技,69.15,0.06204884042389813,-0.01579846285226305,0.058148431522570876,0.04471974618522445,,,,0.1431010398882508,-0.06109979633401219,0.13047603985449957,1.096761060864738,3513600.0,3792370.0,0.9264918771111469,0.0354622527250706,0.03827583770690346,0.9264918771111469,True,-0.017372547876526756,0.005758928571428346,False,3,1,结构未成熟,-0.06109979633401219,0.7383720930232559,0.0330995226676829,,,,-0.018313458262350868,64.43,63.23,0.07325779916188102,0.09362644314407742,2,2,1,1,1,1,8,True,,宽松粗筛：方向/非极端波动/不过热；不以精确MA距离或距20日高点为硬规则,1,True,150,200,174,8,入选：阶段1分=8；软容量150-200只，本次实际174只
605388,均瑶健康,6.49,0.050161812297734754,0.05700325732899025,0.10186757215619702,0.04677419354838719,,,,0.09816971713810314,-0.04698972099853149,0.10787671232876711,0.9100176953754324,10501664.0,11717557.8,0.8962331724107219,0.017488665809580254,0.019513522092178947,0.8962331724107224,True,0.006785137318255474,0.013108307389808393,True,3,3,收敛较充分,-0.04698972099853149,0.7064220183486244,0.0517786240985334,,,,0.030158730158730274,6.01,5.84,0.07986688851913493,0.11130136986301387,2,2,1,1,1,1,8,True,,宽松粗筛：方向/非极端波动/不过热；不以精确MA距离或距20日高点为硬规则,1,True,150,200,174,8,入选：阶段1分=8；软容量150-200只，本次实际174只
605488,福莱新材,29.94,0.09992652461425422,0.012512681772066214,0.01182832037850634,0.06321022727272729,,,,0.11823946288698253,-0.05313092979127132,0.15328467153284683,0.7713717340722188,7219957.2,6037983.2,1.1957564240986958,0.02462016610035569,0.02187848057130352,1.125314256632988,False,-0.01840532930430605,-0.009901666211417637,False,3,1,结构未成熟,-0.05313092979127132,0.6836158192090397,0.018159559273617676,,,,0.0023434884499498043,26.81,26.81,0.11674748228273035,0.11674748228273035,2,2,1,1,1,1,8,True,,宽松粗筛：方向/非极端波动/不过热；不以精确MA距离或距20日高点为硬规则,1,True,150,200,174,8,入选：阶段1分=8；软容量150-200只，本次实际174只
688112,鼎阳科技,69.57,0.07676830212041463,-0.022893258426966434,0.0199384254508137,0.3692186577445382,,,,0.1228674283925496,-0.05346938775510213,0.20373403209957414,0.6030775866277396,2731527.0,4940671.3,0.5528655589777851,0.01711516508752864,0.03095719168901307,0.5528655589777846,True,-0.029144477888400022,-0.013698431775727937,False,3,2,部分收敛/待确认,-0.05346938775510213,0.8642017968210087,0.07666831744459546,,,,-0.02970711297071138,63.89,63.89,0.08890280169040521,0.08890280169040521,2,2,1,1,1,1,8,True,,宽松粗筛：方向/非极端波动/不过热；不以精确MA距离或距20日高点为硬规则,1,True,150,200,174,8,入选：阶段1分=8；软容量150-200只，本次实际174只
688123,聚辰股份,137.79,0.10003193357815743,-0.022973835354180072,0.04063137225285085,0.05102974828375295,,,,0.1474617244157938,-0.10525974025974028,0.24193548387096775,0.6095084609186143,6800587.2,9310366.8,0.7304317161811498,0.04279087014180253,0.05859166946507956,0.7303234492627958,True,-0.03166052635441563,-0.012643550828994599,False,3,2,部分收敛/待确认,-0.10525974025974028,0.6912380952380951,0.006559915846068298,,,,-0.03135325131810196,124.1,124.0,0.110314262691378,0.11120967741935472,2,2,1,1,1,1,8,True,,宽松粗筛：方向/非极端波动/不过热；不以精确MA距离或距20日高点为硬规则,1,True,150,200,174,8,入选：阶段1分=8；软容量150-200只，本次实际174只
688152,麒麟信安,36.49,0.003575357535753554,-0.028229027962716202,0.1467630421118793,0.27498252969951076,,,,0.12426696453504595,-0.10738747553816053,0.4491315136476427,0.27668279948963265,6145066.8,7121436.5,0.8628970854405568,0.06030601402130498,0.06988784066933704,0.8628970854405573,True,0.009327951123718092,0.024663547623173576,True,3,3,收敛较充分,-0.10738747553816053,0.672876304023845,0.08732251672402747,,,,-0.0936413313462493,35.81,30.6,0.01898910918737773,0.19248366013071894,2,2,1,1,1,1,8,True,,宽松粗筛：方向/非极端波动/不过热；不以精确MA距离或距20日高点为硬规则,1,True,150,200,174,8,入选：阶段1分=8；软容量150-200只，本次实际174只
688195,腾景科技,204.0,0.056173958063681084,0.03616416091019903,0.19788608338226643,0.3737373737373737,,,,0.15469248542193864,-0.02810862315388285,0.27701863354037265,0.5584190617249355,13934042.4,13205586.2,1.0551627310569522,0.07694539952509802,0.07292277983323206,1.0551627310569527,False,0.04628674574522962,0.045272857558725565,True,3,2,部分收敛/待确认,-0.02810862315388285,0.9398572884811416,0.1565445397207852,,,,-0.01114881240911303,181.78,161.0,0.12223566949059306,0.26708074534161486,2,2,1,1,1,1,8,True,,宽松粗筛：方向/非极端波动/不过热；不以精确MA距离或距20日高点为硬规则,1,True,150,200,174,8,入选：阶段1分=8；软容量150-200只，本次实际174只
688378,奥来德,44.9,0.06676170111665458,0.0042496085886825075,0.028165788871078457,0.08297153883260977,,,,0.15865384615384617,-0.11387408723110326,0.2595078299776288,0.6113643899204242,10297328.0,10711784.9,0.9613083250019331,0.041308402969124705,0.04383157171396964,0.9424349014607484,True,0.0001358265042785689,-0.013661016179908003,False,3,2,部分收敛/待确认,-0.11387408723110326,0.6243489583333331,0.016791784141218402,,,,-0.032327586206896575,41.6,40.23,0.0793269230769229,0.11608252547849873,2,2,1,1,1,1,8,True,,宽松粗筛：方向/非极端波动/不过热；不以精确MA距离或距20日高点为硬规则,1,True,150,200,174,8,入选：阶段1分=8；软容量150-200只，本次实际174只
688432,有研硅,45.22,-0.016742770167427756,0.023076923076922995,0.10292682926829255,0.5496915695681974,,,,0.16000956708921305,-0.11176586132390487,0.31380645161290316,0.5098989082818263,61735265.8,72094065.6,0.8563154995658894,0.04937628893773906,0.05766132805346911,0.8563154995658898,True,-0.0177271151178916,0.027085346939693,False,3,2,部分收敛/待确认,-0.11176586132390487,0.7711182622687048,0.09702696473841899,,,,-0.0575239683201334,41.81,40.23,0.08155943554173639,0.12403678846631871,2,2,1,1,1,1,8,True,,宽松粗筛：方向/非极端波动/不过热；不以精确MA距离或距20日高点为硬规则,1,True,150,200,174,8,入选：阶段1分=8；软容量150-200只，本次实际174只
688433,华曙高科,110.41,0.025162488393686067,-0.009331538806639839,0.04160377358490552,0.18529253891572717,,,,0.10714955901670109,-0.06432203389830515,0.33466603951081836,0.320168605016875,6242975.0,8688076.6,0.7185681350921791,0.01502240687704911,0.020906029843811545,0.7185681350921795,True,0.041290274013851214,0.015501645131274833,True,3,3,收敛较充分,-0.06432203389830515,0.8461070559610705,0.08917288560281333,,,,-0.0382404181184669,106.58,92.92,0.03593544755113531,0.18822643133878603,2,2,1,1,1,1,8,True,,宽松粗筛：方向/非极端波动/不过热；不以精确MA距离或距20日高点为硬规则,1,True,150,200,174,8,入选：阶段1分=8；软容量150-200只，本次实际174只
688603,天承科技,120.52,0.021355932203389827,0.011413225914736591,0.15462732324200035,0.08196426968309534,,,,0.1710198431010614,-0.050126103404791955,0.26512788521522146,0.645046608214121,7438738.4,5013949.8,1.483608471708273,0.059641345273845195,0.04020019190452066,1.4836084717082731,False,0.023376172282042473,0.04099439788626902,True,3,2,部分收敛/待确认,-0.050126103404791955,0.863225806451613,0.0752457934086328,,,,-0.03583999999999998,108.35,96.18,0.11232118135671443,0.25306716573092114,2,2,1,1,1,1,8,True,,宽松粗筛：方向/非极端波动/不过热；不以精确MA距离或距20日高点为硬规则,1,True,150,200,174,8,入选：阶段1分=8；软容量150-200只，本次实际174只
688618,三旺通信,30.65,0.06018678657903842,-0.007448186528497436,0.017596281540504632,0.05945385413066018,,,,0.08498780912574008,-0.10038156736131498,0.18710801393728227,0.45421789979678584,1714319.2,3040457.3,0.5638359729636723,0.015577943877648562,0.027628503012616806,0.5638359729636728,True,-0.018500423425184098,-0.011034303702982418,False,3,2,部分收敛/待确认,-0.10038156736131498,0.5808823529411763,0.011567847654251562,,,,-0.010652033570045294,28.71,28.7,0.06757227446882608,0.06794425087108014,2,2,1,1,1,1,8,True,,宽松粗筛：方向/非极端波动/不过热；不以精确MA距离或距20日高点为硬规则,1,True,150,200,174,8,入选：阶段1分=8；软容量150-200只，本次实际174只
688661,和林微纳,104.15,0.07481940144478849,-0.035648148148148096,0.03415748187866163,0.006766553890768412,,,,0.13866163205370252,-0.07008928571428563,0.23076923076923078,0.6008670722327109,3494571.8,4172163.1,0.8375923271072504,0.023007583241068972,0.027468712996129113,0.837592327107251,True,-0.04028917840198809,0.005045871559633097,False,3,2,部分收敛/待确认,-0.10662206210327663,0.6682679476914867,0.014528753098866698,,,,-0.040445918555371274,95.34,91.0,0.09240612544577309,0.14450549450549466,2,2,1,1,1,1,8,True,,宽松粗筛：方向/非极端波动/不过热；不以精确MA距离或距20日高点为硬规则,1,True,150,200,174,8,入选：阶段1分=8；软容量150-200只，本次实际174只
688790,昂瑞微,107.42,0.013587469333836477,-0.08734069668649114,0.14288754122779035,0.10890884690822755,,,,0.10661243023365823,-0.13384937913239792,0.3464336119856693,0.30774274361711873,741280.2,765679.8,0.9681334155609171,0.05848007849304339,0.06040497885217727,0.9681334155609178,True,-0.041735580814301065,0.03240151870164398,False,3,2,部分收敛/待确认,-0.13384937913239792,0.47978690065810103,0.03785935469534274,,,,-0.08172337151649856,105.71,92.11,0.016176331472897543,0.1662143089783954,2,2,1,1,1,1,8,True,,宽松粗筛：方向/非极端波动/不过热；不以精确MA距离或距20日高点为硬规则,1,True,150,200,174,8,入选：阶段1分=8；软容量150-200只，本次实际174只
688808,联讯仪器,2656.9,0.0778498985801217,0.0880194597782109,0.1725117939620211,0.24212248714352502,,,,0.16379310344827586,-0.015962962962962957,0.1751672162034857,0.9350671147162782,890206.6,930519.4,0.9566770988331892,0.046133911521389945,0.04822307503509505,0.9566770988331896,True,0.05151882204078473,0.032215088974104855,True,3,3,收敛较充分,-0.015962962962962957,0.9581553398058253,0.14398450116071215,,,,0.03623244929797198,2320.0,2123.0,0.14521551724137938,0.25148374941121054,2,2,1,1,1,1,8,True,,宽松粗筛：方向/非极端波动/不过热；不以精确MA距离或距20日高点为硬规则,1,True,150,200,174,8,入选：阶段1分=8；软容量150-200只，本次实际174只
688825,长鑫科技,58.47,0.06697080291970803,0.007929667298741672,0.03303886925795041,0.1397660818713451,,,,0.09203703703703701,-0.053883495145631066,0.11637224549262432,0.790884773662551,246284202.4,309976340.3,0.7945258085234578,0.05469288717821308,0.0688371436037478,0.7945258085234576,True,-0.024114465189321366,-0.005863614086676683,False,3,2,部分收敛/待确认,-0.053883495145631066,0.7231920199501247,0.03426317372154308,,,,-0.006963315217391353,54.0,54.0,0.08277777777777784,0.08277777777777784,2,2,1,1,1,1,8,True,,宽松粗筛：方向/非极端波动/不过热；不以精确MA距离或距20日高点为硬规则,1,True,150,200,174,8,入选：阶段1分=8；软容量150-200只，本次实际174只
000011,深物业A,8.63,0.015294117647058902,-0.1429990069513406,0.08281053952321216,0.08827238335435061,,,,0.17090909090909093,-0.1429990069513406,0.27307206068268014,0.6258754208754209,36274679.2,8034290.1,4.514982499822854,0.06890097684936525,0.015260519138682935,4.5149824998228585,False,-0.04538444591319668,0.0140877867039233,False,3,1,结构未成熟,-0.1429990069513406,0.39748953974895435,0.018529446477044687,,,,-0.10662525879917173,8.25,7.93,0.046060606060606135,0.08827238335435061,2,2,1,1,1,0,7,True,,宽松粗筛：方向/非极端波动/不过热；不以精确MA距离或距20日高点为硬规则,175,False,150,200,174,8,未入选：满足基础条件，但位于本次软容量边界之外（150-200只）
000059,华锦股份,5.59,-0.02782608695652178,-0.03287197231833916,0.1995708154506437,0.1995708154506437,,,,0.12208258527827642,-0.10560000000000003,0.33624454148471616,0.36307677959383505,103340674.6,74678417.4,1.3838091137694621,0.06461162654045646,0.04669114106674434,1.383809113769463,False,0.02720848056537095,0.05642994241842625,True,3,2,部分收敛/待确认,-0.10560000000000003,0.6271186440677965,0.09607843137254912,,,,-0.1012861736334405,5.57,4.62,0.0035906642728904536,0.2099567099567099,2,2,1,1,1,0,7,True,,宽松粗筛：方向/非极端波动/不过热；不以精确MA距离或距20日高点为硬规则,175,False,150,200,174,8,未入选：满足基础条件，但位于本次软容量边界之外（150-200只）
000505,京粮控股,7.35,0.04107648725212476,0.04403409090909083,0.10360360360360343,0.2585616438356164,,,,0.30521472392638044,-0.13631022326674502,0.32569558101472984,0.9371165644171785,83428049.0,87786094.5,0.9503560840151056,0.12602895481964174,0.1326123512433246,0.950356084015106,True,-0.012355848434925987,0.0035058196606367886,False,3,2,部分收敛/待确认,-0.13631022326674502,0.6146179401993355,0.0841507485802786,,,,-0.050387596899224896,6.52,6.52,0.12730061349693256,0.12730061349693256,2,2,0,1,1,1,7,True,近5日波动仍偏大,宽松粗筛：方向/非极端波动/不过热；不以精确MA距离或距20日高点为硬规则,175,False,150,200,174,8,未入选：满足基础条件，但位于本次软容量边界之外（150-200只）
000560,我爱我家,3.13,-0.006349206349206327,0.07931034482758625,0.4423963133640554,0.3973214285714284,,,,0.17832167832167842,-0.07121661721068251,0.3551401869158877,0.5021163047478842,767778961.8,237393689.6,3.2342012253724204,0.32773417663796156,0.10133388549446942,3.2342012253724204,False,0.08385744234800852,0.09330236159504457,True,3,2,部分收敛/待确认,-0.07121661721068251,0.8110236220472439,0.2359328726554788,,,,-0.018808777429467072,2.86,2.15,0.09440559440559437,0.45581395348837206,2,2,1,0,1,1,7,True,近10日速度偏快,宽松粗筛：方向/非极端波动/不过热；不以精确MA距离或距20日高点为硬规则,175,False,150,200,174,8,未入选：满足基础条件，但位于本次软容量边界之外（150-200只）
000626,远大控股,9.86,0.04118268215417098,0.11918274687854691,0.22332506203473934,0.24025157232704397,,,,0.1497695852534563,-0.012024048096192508,0.21951219512195122,0.6822836661546342,32836504.8,20052362.1,1.6375379935912886,0.0651113885830981,0.03976175749076951,1.6375379935912888,False,0.03462050599201061,0.044392794886693565,True,3,2,部分收敛/待确认,-0.012024048096192508,0.9578947368421049,0.16431481372143808,,,,0.018595041322313932,8.68,7.93,0.1359447004608294,0.2433795712484237,2,2,1,0,1,1,7,True,近10日速度偏快,宽松粗筛：方向/非极端波动/不过热；不以精确MA距离或距20日高点为硬规则,175,False,150,200,174,8,未入选：满足基础条件，但位于本次软容量边界之外（150-200只）
000628,高新发展,53.38,-0.0003745318352059712,0.09228565582156745,0.11767169179229486,0.36906899204924337,,,,0.20169983416252066,-0.07917888563049846,0.28520225294418844,0.7072168332484791,15968316.2,15623866.9,1.0220463539663154,0.08306509434617407,0.08127331409560677,1.0220463539663156,False,0.06728062414541935,0.05529192884169154,True,3,2,部分收敛/待确认,-0.07917888563049846,0.7716417910447764,0.16048523848862994,,,,-0.041479619321242556,48.24,45.83,0.10655058043117749,0.1647392537639103,2,2,0,1,1,1,7,True,近5日波动仍偏大,宽松粗筛：方向/非极端波动/不过热；不以精确MA距离或距20日高点为硬规则,175,False,150,200,174,8,未入选：满足基础条件，但位于本次软容量边界之外（150-200只）
000635,英 力 特,7.39,-0.03901170351105343,0.12652439024390238,0.16745655608214838,0.13692307692307693,,,,0.1968838526912181,-0.12544378698224845,0.0662358642972535,2.9724659711186403,34106874.8,4413523.6,7.727810677165066,0.09297991360423123,0.012031857079389582,7.727810677165094,False,0.08371691599539721,0.05160999097201313,True,3,1,结构未成熟,-0.12544378698224845,0.5601659751037344,0.10109513521567459,,,,-0.08765432098765435,7.06,6.19,0.04674220963172804,0.1938610662358642,2,2,0,1,1,1,7,True,近5日波动仍偏大,宽松粗筛：方向/非极端波动/不过热；不以精确MA距离或距20日高点为硬规则,175,False,150,200,174,8,未入选：满足基础条件，但位于本次软容量边界之外（150-200只）
000890,法尔胜,8.33,-0.021151586368977626,-0.07751937984496116,0.18323863636363646,0.09894459102902364,,,,0.15144230769230765,-0.1358921161825727,0.393063583815029,0.38528704751131204,72447319.2,34545308.7,2.0971680939125608,0.1727028976918854,0.08235052697644465,2.097168093912561,False,-0.018564079624245,0.05074333456198543,False,3,1,结构未成熟,-0.1358921161825727,0.5183823529411764,0.04878816493547378,,,,-0.11571125265392779,8.32,6.92,0.0012019230769231282,0.20375722543352603,2,2,1,1,1,0,7,True,,宽松粗筛：方向/非极端波动/不过热；不以精确MA距离或距20日高点为硬规则,175,False,150,200,174,8,未入选：满足基础条件，但位于本次软容量边界之外（150-200只）
000912,泸天化,4.3,0.0213776722090262,-0.07327586206896552,0.12860892388451428,0.1345646437994723,,,,0.17761557177615558,-0.11157024793388426,0.3150684931506849,0.5637363799851894,105109089.8,60662120.4,1.732697259952687,0.06703385829081628,0.03868757678571425,1.7326972599526873,False,-0.01180744777475029,0.03428154631655711,False,3,1,结构未成熟,-0.11157024793388426,0.5813953488372093,0.08040201005025138,,,,-0.10416666666666663,4.11,3.78,0.04622871046228694,0.13756613756613767,2,2,1,1,1,0,7,True,,宽松粗筛：方向/非极端波动/不过热；不以精确MA距离或距20日高点为硬规则,175,False,150,200,174,8,未入选：满足基础条件，但位于本次软容量边界之外（150-200只）
001326,联域股份,72.21,0.025273321027970752,-0.021544715447154528,0.1221445221445221,0.2278524060533922,,,,0.1943113309630547,-0.06536370696350002,0.2727118644067797,0.7125151352902565,2921942.0,2014274.2,1.4506177957300948,0.12165973993194663,0.0838675358113302,1.4506177957300952,False,0.011542616705521036,0.04311685205118998,True,3,2,部分收敛/待确认,-0.06536370696350002,0.8352902804957596,0.10032609026910055,,,,-0.03848202396804257,64.69,61.8,0.11624671510279794,0.16844660194174743,2,2,0,1,1,1,7,True,近5日波动仍偏大,宽松粗筛：方向/非极端波动/不过热；不以精确MA距离或距20日高点为硬规则,175,False,150,200,174,8,未入选：满足基础条件，但位于本次软容量边界之外（150-200只）
001330,博纳影业,6.35,0.10051993067590992,0.13190730837789655,0.3568376068376069,0.17810760667903525,,,,0.13799283154121855,0.0,0.21428571428571433,0.6439665471923531,236316716.8,62112421.2,3.804661164939421,0.20322248013914246,0.05341408113076428,3.804661164939423,False,0.07675675675675686,0.07049558202074513,True,3,2,部分收敛/待确认,0.0,1.0,0.1993578241571441,,,,0.024193548387096753,5.58,4.62,0.13799283154121866,0.3744588744588744,2,2,1,0,1,1,7,True,近10日速度偏快,宽松粗筛：方向/非极端波动/不过热；不以精确MA距离或距20日高点为硬规则,175,False,150,200,174,8,未入选：满足基础条件，但位于本次软容量边界之外（150-200只）
002084,海鸥住工,7.25,0.021126760563380254,0.13636363636363646,0.8354430379746836,1.0773638968481376,,,,0.16153846153846152,-0.039735099337748325,0.9570552147239265,0.16878698224852068,151797643.2,16819159.2,9.025281311327381,0.23093029832247156,0.026091003061856223,8.85095516546393,False,0.12060778727445398,0.2001936108422071,True,3,2,部分收敛/待确认,-0.039735099337748325,0.9300699300699301,0.4893179950698441,,,,0.0013812154696133394,6.5,4.35,0.11538461538461542,0.6666666666666667,2,2,1,0,1,1,7,True,近10日速度偏快,宽松粗筛：方向/非极端波动/不过热；不以精确MA距离或距20日高点为硬规则,175,False,150,200,174,8,未入选：满足基础条件，但位于本次软容量边界之外（150-200只）
002094,青岛金王,5.85,0.017391304347825987,0.054054054054053946,0.25267665952890783,0.2136929460580912,,,,0.08576642335766418,-0.0233722871452422,0.32522123893805327,0.2637171656983959,65145228.2,60308925.4,1.080192156764909,0.09435135541609037,0.08734682512291639,1.0801921567649087,False,0.005272407732864748,0.060560466428437154,True,3,2,部分收敛/待确认,-0.0233722871452422,0.9047619047619044,0.1325137934372278,,,,0.0034305317324183626,5.48,4.62,0.06751824817518237,0.26623376623376616,2,2,1,0,1,1,7,True,近10日速度偏快,宽松粗筛：方向/非极端波动/不过热；不以精确MA距离或距20日高点为硬规则,175,False,150,200,174,8,未入选：满足基础条件，但位于本次软容量边界之外（150-200只）
002104,恒宝股份,13.53,-0.03701067615658371,0.2123655913978495,0.17549956559513458,0.2504621072088724,,,,0.31283422459893045,-0.08146639511201637,0.2712765957446807,1.1531928279333128,149402029.0,73142091.3,2.0426272525789813,0.24588003074531678,0.12037440038796772,2.0426272525789813,False,0.09912295217607148,0.07250519750519757,True,3,1,结构未成熟,-0.08146639511201637,0.7748592870544088,0.18715451434588037,,,,-0.05779944289693595,11.22,10.95,0.2058823529411764,0.2356164383561643,2,2,0,1,1,1,7,True,近5日波动仍偏大,宽松粗筛：方向/非极端波动/不过热；不以精确MA距离或距20日高点为硬规则,175,False,150,200,174,8,未入选：满足基础条件，但位于本次软容量边界之外（150-200只）
002297,博云新材,20.84,-0.022514071294559068,0.12466270912034538,0.1935853379152348,0.08881922675026122,,,,0.2801120448179272,-0.08796498905908101,0.21540312876052936,1.300408431529037,114771056.0,44022175.2,2.607119150259526,0.2002618931040606,0.07681347938552227,2.607119150259528,False,0.09665666523789129,0.06431810640415891,True,3,1,结构未成熟,-0.08796498905908101,0.7148936170212764,0.10439851616322215,,,,-0.052727272727272734,17.85,16.62,0.1675070028011203,0.2539109506618531,2,2,0,1,1,1,7,True,近5日波动仍偏大,宽松粗筛：方向/非极端波动/不过热；不以精确MA距离或距20日高点为硬规则,175,False,150,200,174,8,未入选：满足基础条件，但位于本次软容量边界之外（150-200只）
002354,天娱数科,8.43,-0.002366863905325367,0.04981320049813198,0.21294964028776975,0.007168458781362075,,,,0.13695090439276492,-0.06020066889632114,0.2150220913107511,0.636915507415667,472209475.6,194635230.9,2.426125390642214,0.29023434612653176,0.11962874929960007,2.4261253906422144,False,0.04138106118304119,0.04229486324216136,True,3,2,部分收敛/待确认,-0.06020066889632114,0.752293577981651,0.07745398773006129,,,,-0.0140350877192984,7.74,6.79,0.08914728682170536,0.2415316642120766,2,2,1,0,1,1,7,True,近10日速度偏快,宽松粗筛：方向/非极端波动/不过热；不以精确MA距离或距20日高点为硬规则,175,False,150,200,174,8,未入选：满足基础条件，但位于本次软容量边界之外（150-200只）
002631,德尔未来,11.2,0.0172570390554041,0.040892193308550207,0.2829324169530354,0.222707423580786,,,,0.1663286004056796,-0.026086956521739202,0.3204819277108434,0.5189952569049401,39392287.2,45784780.4,0.8603795159843117,0.04963183931448326,0.05768598437365428,0.8603795159843122,True,0.0655186064924782,0.06739564714541069,True,3,3,收敛较充分,-0.026086956521739202,0.9410609037328093,0.17708880714661057,,,,0.0053859964093356805,9.86,8.34,0.13590263691683568,0.34292565947242193,2,2,1,0,1,1,7,True,近10日速度偏快,宽松粗筛：方向/非极端波动/不过热；不以精确MA距离或距20日高点为硬规则,175,False,150,200,174,8,未入选：满足基础条件，但位于本次软容量边界之外（150-200只）
002638,勤上股份,4.25,-0.013921113689094988,-0.09188034188034178,0.01674641148325362,0.13941018766756041,,,,0.15311004784689008,-0.1182572614107884,0.3628571428571427,0.4219568247748941,51595626.6,55106597.9,0.93628764188326,0.03814326097577446,0.04073882775922647,0.9362876418832603,True,-0.04482758620689664,0.01767905711695361,False,3,2,部分收敛/待确认,-0.1182572614107884,0.6095890410958903,0.03192910040063124,,,,-0.1090146750524108,4.18,4.11,0.01674641148325362,0.03406326034063256,2,2,1,1,1,0,7,True,,宽松粗筛：方向/非极端波动/不过热；不以精确MA距离或距20日高点为硬规则,175,False,150,200,174,8,未入选：满足基础条件，但位于本次软容量边界之外（150-200只）
002811,郑中设计,14.38,-0.036193029490616535,0.06676557863501476,0.08774583963691374,0.3630331753554503,,,,0.19475655430711608,-0.09843260188087766,0.205574912891986,0.9473751031549548,21772295.8,15138649.1,1.43819277771621,0.07691670607275387,0.05348149932646329,1.4381927777162105,False,0.07348850827111697,0.036420395421435936,True,3,2,部分收敛/待确认,-0.09843260188087766,0.735690235690236,0.115333902117428,,,,-0.0927444794952681,13.35,12.9,0.07715355805243451,0.11472868217054266,2,2,0,1,1,1,7,True,近5日波动仍偏大,宽松粗筛：方向/非极端波动/不过热；不以精确MA距离或距20日高点为硬规则,175,False,150,200,174,8,未入选：满足基础条件，但位于本次软容量边界之外（150-200只）
002851,麦格米特,132.03,0.08962614508541722,0.010949464012251164,0.10171895861148195,0.09386909693454837,,,,0.1870748299319728,-0.054226361031518566,0.18563862116870722,1.0077365838758323,34505829.0,28492452.1,1.2110515753047453,0.07017814195206053,0.05794810343597552,1.2110515753047462,False,-0.006172051928168165,0.011441222336239454,True,3,1,结构未成熟,-0.054226361031518566,0.8043422072887052,0.0513533098159753,,,,0.00786259541984724,117.6,115.76,0.12270408163265323,0.1405494125777471,2,2,0,1,1,1,7,True,近5日波动仍偏大,宽松粗筛：方向/非极端波动/不过热；不以精确MA距离或距20日高点为硬规则,175,False,150,200,174,8,未入选：满足基础条件，但位于本次软容量边界之外（150-200只）
002870,香山股份,53.0,0.062337141711765964,0.12288135593220328,0.08717948717948709,0.38598326359832624,,,,0.1579289428076258,-0.008419083255378879,0.1922256458876511,0.8215810230645786,4345132.0,6558244.4,0.662544994511031,0.033492986350060955,0.050552017791303826,0.6625449945110314,True,0.035462489973403066,0.01714884696016772,True,3,3,收敛较充分,-0.008419083255378879,0.9726443768996959,0.15101039166929087,,,,0.08185343947744439,46.16,46.15,0.1481802426343155,0.1484290357529794,2,2,1,1,1,0,7,True,,宽松粗筛：方向/非极端波动/不过热；不以精确MA距离或距20日高点为硬规则,175,False,150,200,174,8,未入选：满足基础条件，但位于本次软容量边界之外（150-200只）
002947,恒铭达,66.75,-0.01881522857562845,-0.0020929884885633188,0.23177708064218505,0.1552440290758048,,,,0.12774233701571508,-0.07905629139072856,0.2966571155682902,0.4306060104811776,13767518.6,11220266.0,1.2270224787897186,0.0694264164891124,0.05658120995272361,1.2270224787897182,False,0.022026965611271043,0.05866936780500365,True,3,2,部分收敛/待确认,-0.07905629139072856,0.7193927522037217,0.07715147896528896,,,,-0.06091727630838495,64.27,52.68,0.03858721020693956,0.2670842824601367,2,2,1,0,1,1,7,True,近10日速度偏快,宽松粗筛：方向/非极端波动/不过热；不以精确MA距离或距20日高点为硬规则,175,False,150,200,174,8,未入选：满足基础条件，但位于本次软容量边界之外（150-200只）
002949,华阳国际,14.05,-0.001421464108031234,0.034609720176730585,0.24226348364279393,0.31924882629107976,,,,0.14984227129337543,-0.037011651816312496,0.4055876685934488,0.3694448399109828,15493383.0,15060508.4,1.0287423630400152,0.10198004371033202,0.09913079054018238,1.0287423630400154,False,0.006733502917851242,0.06415454328642989,True,3,2,部分收敛/待确认,-0.037011651816312496,0.8791946308724834,0.16665282736859588,,,,-0.001421464108031234,12.68,11.3,0.10804416403785488,0.24336283185840712,2,2,1,0,1,1,7,True,近10日速度偏快,宽松粗筛：方向/非极端波动/不过热；不以精确MA距离或距20日高点为硬规则,175,False,150,200,174,8,未入选：满足基础条件，但位于本次软容量边界之外（150-200只）
300319,麦捷科技,19.45,0.06926882902693787,-0.07380952380952388,0.10135900339750847,0.17664851784633995,,,,0.18161559888579396,-0.11990950226244357,0.3217703349282298,0.5644261734889356,104864600.2,127994553.6,0.8192895498328454,0.12318603157526169,0.15035713759609723,0.8192895498328454,True,-0.03942259830761585,0.01335085413929038,False,3,2,部分收敛/待确认,-0.11990950226244357,0.6611253196930944,0.03866282174516722,,,,-0.08037825059101655,17.95,16.72,0.08356545961002793,0.16327751196172247,2,2,0,1,1,1,7,True,近5日波动仍偏大,宽松粗筛：方向/非极端波动/不过热；不以精确MA距离或距20日高点为硬规则,175,False,150,200,174,8,未入选：满足基础条件，但位于本次软容量边界之外（150-200只）
300364,中文在线,26.61,0.035005834305717576,-0.024560117302052875,0.1948810058374495,0.03540856031128414,,,,0.19647859143657465,-0.11003344481605348,0.25080238422741874,0.7834000144847698,139067427.4,47318014.1,2.9389954342990907,0.21036218932492562,0.071576221885181,2.938995434299091,False,0.03774178329926081,0.03711245947967745,True,3,2,部分收敛/待确认,-0.11003344481605348,0.5933250927070458,0.08574576167452119,,,,-0.04964285714285721,24.99,21.81,0.06482593037214901,0.2200825309491059,2,2,0,1,1,1,7,True,近5日波动仍偏大,宽松粗筛：方向/非极端波动/不过热；不以精确MA距离或距20日高点为硬规则,175,False,150,200,174,8,未入选：满足基础条件，但位于本次软容量边界之外（150-200只）
300368,汇金股份,9.67,-0.02716297786720323,0.02872340425531905,0.2876165113182423,0.021119324181626098,,,,0.16373626373626377,-0.08687440982058547,0.3469387755102042,0.471945701357466,76315041.6,42608853.3,1.7910606761154024,0.1442782550630764,0.08055464395321255,1.7910606761154027,False,0.022516009089031286,0.07713530290838011,True,3,2,部分收敛/待确认,-0.08687440982058547,0.7160493827160495,0.08304866438931491,,,,-0.07640878701050624,9.1,7.43,0.06263736263736264,0.3014804845222072,2,2,1,0,1,1,7,True,近10日速度偏快,宽松粗筛：方向/非极端波动/不过热；不以精确MA距离或距20日高点为硬规则,175,False,150,200,174,8,未入选：满足基础条件，但位于本次软容量边界之外（150-200只）
300378,鼎捷数智,39.4,-0.008555611474584834,0.02231447846393353,0.30377233620119126,0.07886089813800634,,,,0.11105235325224756,-0.06235126130414104,0.30964467005076146,0.35864448509332403,29142672.2,12810841.4,2.2748445078712782,0.10813079399810532,0.04753326815259577,2.27484450787128,False,0.055639422040112185,0.06865645411675114,True,3,2,部分收敛/待确认,-0.06235126130414104,0.7898957497995185,0.11206762725976915,,,,-0.03075030750307506,37.82,29.55,0.04177683765203599,0.33333333333333326,2,2,1,0,1,1,7,True,近10日速度偏快,宽松粗筛：方向/非极端波动/不过热；不以精确MA距离或距20日高点为硬规则,175,False,150,200,174,8,未入选：满足基础条件，但位于本次软容量边界之外（150-200只）
300456,赛微电子,38.68,0.010977522216414126,-0.039244908097367026,0.2538087520259318,0.22910708611375918,,,,0.09182058047493415,-0.07464114832535884,0.40315542128230947,0.22775479536621884,45163774.6,40426567.7,1.1171805366993843,0.07557996853753068,0.06765242147954464,1.117180536699385,False,-0.009898979643636951,0.06231925148851736,True,3,2,部分收敛/待确认,-0.07464114832535884,0.7680297397769518,0.1141515683958867,,,,-0.06524891251812481,37.9,29.79,0.02058047493403703,0.2984222893588453,2,2,1,0,1,1,7,True,近10日速度偏快,宽松粗筛：方向/非极端波动/不过热；不以精确MA距离或距20日高点为硬规则,175,False,150,200,174,8,未入选：满足基础条件，但位于本次软容量边界之外（150-200只）
300530,领湃科技,21.79,0.014904517931998207,0.14503415659485008,0.10106114199090444,0.05113362276893385,,,,0.19363395225464183,-0.03155555555555556,0.2146892655367232,0.9019265670808315,8624190.4,6195831.7,1.3919342579947742,0.05015482692855092,0.03603246822935741,1.3919342579947753,False,0.08795779648980417,0.04596866244681941,True,3,2,部分收敛/待确认,-0.03155555555555556,0.8520833333333332,0.10092206643930779,,,,-0.01134301270417426,18.85,18.09,0.15596816976127315,0.20453289110005524,2,2,0,1,1,1,7,True,近5日波动仍偏大,宽松粗筛：方向/非极端波动/不过热；不以精确MA距离或距20日高点为硬规则,175,False,150,200,174,8,未入选：满足基础条件，但位于本次软容量边界之外（150-200只）
300562,乐心医疗,17.25,-0.031443009545199296,-0.04006677796327207,0.15461847389558248,0.07947434292866085,,,,0.18712029161603877,-0.11719549641760485,0.30929264909847426,0.6049943060769686,21188702.6,15792653.5,1.3416809657731046,0.12666700594061592,0.09446110414605438,1.3409435246994916,False,0.0036355624104880135,0.04909437559580554,True,3,2,部分收敛/待确认,-0.11719549641760485,0.6072041166380789,0.03931314957071841,,,,-0.09210526315789469,16.46,14.9,0.04799513973268521,0.15771812080536907,2,2,0,1,1,1,7,True,近5日波动仍偏大,宽松粗筛：方向/非极端波动/不过热；不以精确MA距离或距20日高点为硬规则,175,False,150,200,174,8,未入选：满足基础条件，但位于本次软容量边界之外（150-200只）
300864,南大环境,29.23,0.00967184801381693,0.1673322683706071,0.1377968080965355,0.5311681508643269,,,,0.267106347897774,-0.04912166558230313,0.5253360910031024,0.5084485008211563,6933629.6,6732067.2,1.0299406399270643,0.043579182664780974,0.042312324589761814,1.029940639927065,False,0.035531021614056746,0.05203187250996,True,3,2,部分收敛/待确认,-0.04912166558230313,0.8784219001610307,0.24155800025485297,,,,0.05371304974765678,24.26,24.26,0.204863973619126,0.204863973619126,2,2,0,1,1,1,7,True,近5日波动仍偏大,宽松粗筛：方向/非极端波动/不过热；不以精确MA距离或距20日高点为硬规则,175,False,150,200,174,8,未入选：满足基础条件，但位于本次软容量边界之外（150-200只）
300922,天秦装备,19.05,-0.02106885919835566,0.03252032520325221,0.11338398597311516,0.08115777525539158,,,,0.182311448724905,-0.12574575493345563,0.23081534772182263,0.78985843239777,19744189.2,10006745.8,1.9730879143547344,0.15641921751703522,0.07927635478330394,1.9730879143547353,False,0.02120361708762064,0.03690412426352441,True,3,2,部分收敛/待确认,-0.12574575493345563,0.5300171526586622,0.03529795385994938,,,,-0.06982421875,18.43,16.9,0.033640803038524236,0.1272189349112427,2,2,0,1,1,1,7,True,近5日波动仍偏大,宽松粗筛：方向/非极端波动/不过热；不以精确MA距离或距20日高点为硬规则,175,False,150,200,174,8,未入选：满足基础条件，但位于本次软容量边界之外（150-200只）
300970,华绿生物,20.14,0.04460580912863077,0.007000000000000117,0.1301907968574636,0.13082537900056157,,,,0.23634396971335864,-0.18921095008051525,0.41861793260993707,0.5645815702156768,27813514.2,32040313.0,0.8680787294431237,0.22601159440964663,0.2615949758514027,0.8639752872701617,True,-0.028816199376947016,-0.0026490728245113226,False,3,2,部分收敛/待确认,-0.18921095008051525,0.43509615384615397,0.03226467799390065,,,,-0.06888580674988432,18.49,17.66,0.08923742563547865,0.14043035107587776,2,2,0,1,1,1,7,True,近5日波动仍偏大,宽松粗筛：方向/非极端波动/不过热；不以精确MA距离或距20日高点为硬规则,175,False,150,200,174,8,未入选：满足基础条件，但位于本次软容量边界之外（150-200只）
300990,同飞股份,97.6,0.012448132780082943,-0.04845471385395339,0.3327871091082888,0.34084352246187644,,,,0.16872078198045043,-0.11272727272727279,0.5448603683897804,0.30965875253336744,11827427.4,9127649.3,1.295780218023933,0.14275699775803452,0.11017068772336958,1.2957802180239335,False,0.03668450085023456,0.09969974147625194,True,3,2,部分收敛/待确认,-0.11272727272727279,0.7494949494949493,0.1624306233772419,,,,-0.08767994017573388,94.12,71.29,0.03697407564810873,0.3690559685790431,2,2,1,0,1,1,7,True,近10日速度偏快,宽松粗筛：方向/非极端波动/不过热；不以精确MA距离或距20日高点为硬规则,175,False,150,200,174,8,未入选：满足基础条件，但位于本次软容量边界之外（150-200只）
301151,冠龙节能,21.79,-0.015363759602349703,0.05062680810028941,0.3343539497856707,0.24088838268792712,,,,0.13726461843409316,-0.05054466230936816,0.3184996821360456,0.43097254450464795,12899221.0,3397872.0,3.796264544397199,0.07642599991078355,0.02013189518722515,3.7962645443972045,False,0.11323232323232335,0.09636433639513764,True,3,2,部分收敛/待确认,-0.05054466230936816,0.8442953020134227,0.18649605227334587,,,,-0.043878894251864864,20.18,16.06,0.07978196233894952,0.3567870485678706,2,2,1,0,1,1,7,True,近10日速度偏快,宽松粗筛：方向/非极端波动/不过热；不以精确MA距离或距20日高点为硬规则,175,False,150,200,174,8,未入选：满足基础条件，但位于本次软容量边界之外（150-200只）
301171,易点天下,40.3,0.05276907001044928,0.06052631578947354,0.15472779369627498,0.06192358366271389,,,,0.20947922761849044,-0.02515723270440262,0.1759592326139088,1.1904986428199054,99619676.8,59300965.6,1.6798997418011687,0.19849117644183192,0.11815656107489605,1.679899741801169,False,0.0247760203517311,0.014784946236558794,True,3,1,结构未成熟,-0.02515723270440262,0.8835386338185884,0.10056666894244559,,,,0.0346598202824131,34.18,33.36,0.17905207723815098,0.20803357314148685,2,2,0,1,1,1,7,True,近5日波动仍偏大,宽松粗筛：方向/非极端波动/不过热；不以精确MA距离或距20日高点为硬规则,175,False,150,200,174,8,未入选：满足基础条件，但位于本次软容量边界之外（150-200只）
301182,凯旺科技,73.38,0.03352112676056329,0.03614798079638515,0.09982014388489202,0.06967930029154523,,,,0.19421805320621244,-0.05511202678341487,0.1753532182103611,1.1075819148823394,3920927.4,3010836.2,1.302271907053595,0.044869981072093126,0.03445515550866172,1.3022719070535964,False,0.005588184980327204,0.022318517122940307,True,3,1,结构未成熟,-0.07113924050632914,0.7545851528384278,0.04559703619264721,,,,0.012556920104870972,65.03,64.08,0.12840227587267417,0.14513108614232206,2,2,0,1,1,1,7,True,近5日波动仍偏大,宽松粗筛：方向/非极端波动/不过热；不以精确MA距离或距20日高点为硬规则,175,False,150,200,174,8,未入选：满足基础条件，但位于本次软容量边界之外（150-200只）
301282,金禄电子,40.93,0.030463242698892223,0.11861164252528011,0.22252090800477897,0.7139865996649917,,,,0.17314189189189183,-0.02547619047619043,0.3125,0.5540540540540538,20021415.2,24991160.6,0.8011398718313225,0.11338575232032891,0.14153053206694216,0.8011398718313224,True,0.08989774131924944,0.04348568015699228,True,3,3,收敛较充分,-0.02547619047619043,0.9493131217432497,0.18248660204833378,,,,-0.004862630683199698,35.52,32.0,0.1523085585585584,0.2790625,2,2,1,0,1,1,7,True,近10日速度偏快,宽松粗筛：方向/非极端波动/不过热；不以精确MA距离或距20日高点为硬规则,175,False,150,200,174,8,未入选：满足基础条件，但位于本次软容量边界之外（150-200只）
600095,湘财股份,9.63,-0.053097345132743334,0.011554621848739677,0.22988505747126453,0.1772616136919316,,,,0.11336898395721931,-0.0749279538904899,0.3254901960784314,0.3483023001095292,112425966.4,73066318.0,1.5386838898875403,0.03932094584388398,0.02555492138593708,1.5386838898875412,False,0.013530391340549786,0.06744767970882637,True,3,2,部分收敛/待确认,-0.0749279538904899,0.7173913043478263,0.11162414867828696,,,,-0.033132530120481896,9.35,7.77,0.0299465240641712,0.23938223938223957,2,2,1,0,1,1,7,True,近10日速度偏快,宽松粗筛：方向/非极端波动/不过热；不以精确MA距离或距20日高点为硬规则,175,False,150,200,174,8,未入选：满足基础条件，但位于本次软容量边界之外（150-200只）
600162,香江控股,5.0,0.06609808102345416,0.006036217303823088,0.23152709359605916,0.28205128205128216,,,,0.11612903225806452,-0.15254237288135597,0.48989898989899,0.2370468905886265,213319820.6,196897053.9,1.0834078843472223,0.0652665929833993,0.060241940202164834,1.0834078843472228,False,-0.030096308186195686,0.04381778741865494,False,3,1,结构未成熟,-0.15254237288135597,0.6842105263157894,0.09194147193710434,,,,-0.036608863198458685,4.65,4.02,0.07526881720430101,0.2437810945273633,2,2,1,0,1,1,7,True,近10日速度偏快,宽松粗筛：方向/非极端波动/不过热；不以精确MA距离或距20日高点为硬规则,175,False,150,200,174,8,未入选：满足基础条件，但位于本次软容量边界之外（150-200只）
600172,黄河旋风,15.89,0.0063331222292590805,0.09889349930843694,0.24921383647798745,0.2845594179466453,,,,0.17165242165242167,-0.0340425531914893,0.2932454695222404,0.5853540446237079,284923051.2,203714202.2,1.398641077170809,0.22185454886904102,0.1587355873506986,1.3976358582961745,False,0.056394072447859545,0.05623976649818441,True,3,2,部分收敛/待确认,-0.0340425531914893,0.9190751445086707,0.13605490812897703,,,,-0.020948860135551417,14.04,12.14,0.1317663817663819,0.30889621087314656,2,2,1,0,1,1,7,True,近10日速度偏快,宽松粗筛：方向/非极端波动/不过热；不以精确MA距离或距20日高点为硬规则,175,False,150,200,174,8,未入选：满足基础条件，但位于本次软容量边界之外（150-200只）
600691,潞化科技,3.05,0.013289036544850585,-0.05572755417956665,0.196078431372549,0.2055335968379446,,,,0.22413793103448273,-0.14084507042253525,0.31300813008130085,0.7160770264218539,161377703.6,52053608.4,3.100221263431182,0.06793174688717808,0.02191190276915729,3.1002212634311843,False,0.015655577299412915,0.05173635719347969,True,3,2,部分收敛/待确认,-0.14084507042253525,0.5652173913043478,0.11435878699305824,,,,-0.09226190476190477,2.9,2.51,0.051724137931034475,0.21513944223107573,2,2,0,1,1,1,7,True,近5日波动仍偏大,宽松粗筛：方向/非极端波动/不过热；不以精确MA距离或距20日高点为硬规则,175,False,150,200,174,8,未入选：满足基础条件，但位于本次软容量边界之外（150-200只）
600785,新华百货,12.54,0.09999999999999987,0.08948740225890517,0.1708683473389354,0.3995535714285712,,,,0.18613138686131378,-0.041284403669724856,0.4982817869415807,0.37354643845960217,66131855.0,41461538.6,1.5950169056196095,0.20935501179497046,0.13125566949000028,1.5950169056196097,False,0.008941877794336861,0.060412791212684835,True,3,2,部分收敛/待确认,-0.041284403669724856,0.8820960698689955,0.1841359773371105,,,,-0.03538461538461546,10.96,10.12,0.14416058394160558,0.23913043478260865,2,2,0,1,1,1,7,True,近5日波动仍偏大,宽松粗筛：方向/非极端波动/不过热；不以精确MA距离或距20日高点为硬规则,175,False,150,200,174,8,未入选：满足基础条件，但位于本次软容量边界之外（150-200只）
600830,香溢融通,9.51,-0.02860061287027571,0.1334922526817639,0.1625916870415649,0.1711822660098523,,,,0.3329355608591884,-0.1486123545210385,0.07160804020100495,4.649415902524812,64656795.8,4567180.7,14.156828916359713,0.14231467877614326,0.010052722937951382,14.15682891635977,False,0.09408602150537626,0.05843324409265516,True,3,1,结构未成熟,-0.1486123545210385,0.49390243902439024,0.10517141196978486,,,,-0.09342230695900866,8.38,8.14,0.1348448687350834,0.16830466830466828,2,2,0,1,1,1,7,True,近5日波动仍偏大,宽松粗筛：方向/非极端波动/不过热；不以精确MA距离或距20日高点为硬规则,175,False,150,200,174,8,未入选：满足基础条件，但位于本次软容量边界之外（150-200只）
601015,陕西黑猫,3.62,-0.013623978201634857,-0.0670103092783505,-0.016304347826086918,0.055393586005830775,,,,0.15909090909090912,-0.11274509803921573,0.17313432835820897,0.9188871473354233,100812838.0,104421771.5,0.9654388788069929,0.04935762767851108,0.051124549427202515,0.9654388788069928,True,-0.018421052631579005,0.005942733657482657,False,3,2,部分收敛/待确认,-0.11274509803921573,0.45238095238095233,0.0023535926900180026,,,,-0.10617283950617273,3.52,3.5,0.02840909090909083,0.03428571428571425,2,2,1,1,1,0,7,True,,宽松粗筛：方向/非极端波动/不过热；不以精确MA距离或距20日高点为硬规则,175,False,150,200,174,8,未入选：满足基础条件，但位于本次软容量边界之外（150-200只）
601118,海南橡胶,7.2,0.024182076813655806,0.10939907550077033,0.14649681528662417,0.30434782608695676,,,,0.24677419354838712,-0.06856403622250973,0.2700186219739293,0.9139154616240266,183082264.0,168674155.5,1.0854197755269035,0.04278194952333249,0.03941511891338493,1.0854197755269037,False,0.04189602446483165,0.03734375000000001,True,3,2,部分收敛/待确认,-0.06856403622250973,0.7945736434108526,0.1675991243006567,,,,0.03151862464183375,6.2,6.0,0.16129032258064524,0.19999999999999996,2,2,0,1,1,1,7,True,近5日波动仍偏大,宽松粗筛：方向/非极端波动/不过热；不以精确MA距离或距20日高点为硬规则,175,False,150,200,174,8,未入选：满足基础条件，但位于本次软容量边界之外（150-200只）
601212,白银有色,7.0,-0.041095890410958846,0.018922852983988436,0.04477611940298498,0.18644067796610164,,,,0.20799999999999996,-0.08854166666666663,0.4275092936802974,0.48653913043478253,433826511.0,405219304.6,1.070596849842183,0.05858740335111334,0.05472405729547001,1.0705968498421834,False,-0.0019943019943020612,0.04907063197026029,True,3,2,部分收敛/待确认,-0.08854166666666663,0.7414448669201522,0.09298149738465122,,,,-0.04502046384720326,6.25,6.25,0.1200000000000001,0.1200000000000001,2,2,0,1,1,1,7,True,近5日波动仍偏大,宽松粗筛：方向/非极端波动/不过热；不以精确MA距离或距20日高点为硬规则,175,False,150,200,174,8,未入选：满足基础条件，但位于本次软容量边界之外（150-200只）
601233,桐昆股份,24.92,-0.041538461538461524,-0.09906001446131596,0.017142857142857126,0.021311475409836245,,,,0.13765182186234826,-0.1131672597864769,0.2297178130511464,0.5992213665716042,50983162.4,50678019.1,1.006021216010789,0.02146955776490276,0.02134105864092682,1.006021216010789,False,-0.027571343638525647,0.017939860249666317,False,3,1,结构未成熟,-0.1131672597864769,0.5167173252279637,0.004940014114326097,,,,-0.1064897812836142,24.7,22.68,0.00890688259109318,0.09876543209876543,2,2,1,1,1,0,7,True,,宽松粗筛：方向/非极端波动/不过热；不以精确MA距离或距20日高点为硬规则,175,False,150,200,174,8,未入选：满足基础条件，但位于本次软容量边界之外（150-200只）
601579,会稽山,23.7,-0.015371832156211074,0.22480620155038755,0.17268678871845622,0.5124441608168475,,,,0.3305699481865284,-0.0771028037383178,0.1861761426978818,1.7755763085228504,26286905.0,22515042.7,1.1675263223018448,0.05482567492444448,0.04695883414118883,1.1675263223018442,False,0.10839892398126949,0.06125334545270933,True,3,1,结构未成熟,-0.0771028037383178,0.8180147058823529,0.21261736038271617,,,,0.04867256637168138,19.3,19.2,0.22797927461139889,0.234375,2,2,0,1,1,1,7,True,近5日波动仍偏大,宽松粗筛：方向/非极端波动/不过热；不以精确MA距离或距20日高点为硬规则,175,False,150,200,174,8,未入选：满足基础条件，但位于本次软容量边界之外（150-200只）
601595,上海电影,20.63,0.1002666666666665,0.1254773595199128,0.3140127388535032,0.1505856107083101,,,,0.1602924634420696,0.0,0.17424727738629078,0.9199137332098188,24994399.6,5839020.2,4.280581115304242,0.05576617492190983,0.013027711289602808,4.280581115304256,False,0.06461434370771313,0.05288489757586423,True,3,2,部分收敛/待确认,0.0,1.0,0.17996968570366345,,,,0.04455696202531634,17.78,15.62,0.1602924634420697,0.3207426376440461,2,2,1,0,1,1,7,True,近10日速度偏快,宽松粗筛：方向/非极端波动/不过热；不以精确MA距离或距20日高点为硬规则,175,False,150,200,174,8,未入选：满足基础条件，但位于本次软容量边界之外（150-200只）
603083,剑桥科技,207.21,0.10001592610288257,0.10453091684434979,0.184124807131836,0.400824770146025,,,,0.17067796610169497,0.0,0.23864324651726232,0.7152013249591328,20988929.4,24091099.1,0.8712317073155038,0.07616043148525718,0.08741696479335866,0.8712317073155041,True,0.003999405923788446,0.02542832946081508,True,3,3,收敛较充分,0.0,1.0,0.14021113798255103,,,,0.07418351477449447,177.0,168.07,0.17067796610169506,0.23287915749390153,2,2,1,1,1,0,7,True,,宽松粗筛：方向/非极端波动/不过热；不以精确MA距离或距20日高点为硬规则,175,False,150,200,174,8,未入选：满足基础条件，但位于本次软容量边界之外（150-200只）
603090,宏盛股份,42.83,0.008951707891637017,0.01661523854735325,0.1488733905579398,0.07370268237653543,,,,0.18837209302325578,-0.06871058925853457,0.16897891231964493,1.114766869057165,12097870.0,2566811.5,4.713189885583729,0.1209787,0.025668115000000002,4.713189885583729,False,0.052673863921667285,0.045580003611318975,True,3,1,结构未成熟,-0.06871058925853457,0.6984732824427479,0.07988855691287533,,,,-0.03427282976324697,38.7,36.04,0.10671834625322996,0.18840177580466144,2,2,0,1,1,1,7,True,近5日波动仍偏大,宽松粗筛：方向/非极端波动/不过热；不以精确MA距离或距20日高点为硬规则,175,False,150,200,174,8,未入选：满足基础条件，但位于本次软容量边界之外（150-200只）
603115,海星股份,81.94,0.05484037075180215,0.07886767610269918,0.09064288566484757,0.047826086956521685,,,,0.19353490316288144,-0.05924225028702634,0.22142756976581113,0.8740325487362307,13184374.2,7200895.7,1.8309353098948509,0.053905609802169095,0.029441569841844827,1.8309353098948522,False,0.02756703388069015,0.011434240066830359,True,3,2,部分收敛/待确认,-0.05924225028702634,0.7832843343133138,0.04623399175168208,,,,-0.037585153864223675,71.77,71.31,0.14170266127908593,0.1490674519702706,2,2,0,1,1,1,7,True,近5日波动仍偏大,宽松粗筛：方向/非极端波动/不过热；不以精确MA距离或距20日高点为硬规则,175,False,150,200,174,8,未入选：满足基础条件，但位于本次软容量边界之外（150-200只）
603138,海量数据,14.75,-0.037834311806914545,0.1276758409785932,0.1743630573248407,0.09828741623231574,,,,0.23070987654320974,-0.07523510971786829,0.10032362459546927,2.299656511350058,20057571.2,4540891.1,4.417100247129908,0.059248929702956026,0.015748235477314552,3.7622583043226996,False,0.09288020913424577,0.047888415342890456,True,3,1,结构未成熟,-0.07523510971786829,0.6657381615598887,0.10499307038243977,,,,0.01724137931034475,12.96,12.38,0.1381172839506173,0.191437802907916,2,2,0,1,1,1,7,True,近5日波动仍偏大,宽松粗筛：方向/非极端波动/不过热；不以精确MA距离或距20日高点为硬规则,175,False,150,200,174,8,未入选：满足基础条件，但位于本次软容量边界之外（150-200只）
603151,邦基科技,18.39,0.014340871483728757,0.09529481834425257,0.16761904761904756,0.30240793201133154,,,,0.19398403928790672,-0.05449871465295619,0.15646258503401367,1.2398110337096642,6343040.6,4268467.6,1.4860228996467022,0.03703277639539052,0.0249207306322096,1.486022899646703,False,0.051180154142582035,0.036880139546473956,True,3,1,结构未成熟,-0.05449871465295619,0.8525730180806678,0.1498780716563497,,,,0.017146017699115168,16.29,14.98,0.12891344383057102,0.2276368491321763,2,2,0,1,1,1,7,True,近5日波动仍偏大,宽松粗筛：方向/非极端波动/不过热；不以精确MA距离或距20日高点为硬规则,175,False,150,200,174,8,未入选：满足基础条件，但位于本次软容量边界之外（150-200只）
603207,小方制药,25.41,0.007533703409992043,0.10047639670853181,0.11545215100965756,0.07396449704142016,,,,0.2142546718817905,-0.09055118110236227,0.18291592128801432,1.171328719627588,10447487.8,4093339.2,2.5523142084096038,0.19133560669052546,0.07496553757374189,2.552314208409604,False,0.05428872839405985,0.022650902302426834,True,3,1,结构未成熟,-0.09055118110236227,0.5576923076923077,0.04716572912159234,,,,-0.07127192982456143,23.01,22.36,0.10430247718383301,0.13640429338103766,2,2,0,1,1,1,7,True,近5日波动仍偏大,宽松粗筛：方向/非极端波动/不过热；不以精确MA距离或距20日高点为硬规则,175,False,150,200,174,8,未入选：满足基础条件，但位于本次软容量边界之外（150-200只）
603221,爱丽家居,28.16,0.021029731689630182,0.014043932301044393,0.018444846292947625,0.5131649650725416,,,,0.2644845748683221,-0.16215412079738167,0.23456790123456786,1.127539503386005,16281045.8,19083512.2,0.853147241942183,0.06720207124282825,0.07876960498617243,0.8531472419421832,True,0.0016729122055674228,0.01143578770126652,True,3,2,部分收敛/待确认,-0.16215412079738167,0.739109621828626,0.02839404729297912,,,,-0.07823240589198033,26.58,25.8,0.05944319036869827,0.09147286821705425,2,2,0,1,1,1,7,True,近5日波动仍偏大,宽松粗筛：方向/非极端波动/不过热；不以精确MA距离或距20日高点为硬规则,175,False,150,200,174,8,未入选：满足基础条件，但位于本次软容量边界之外（150-200只）
603400,华之杰,53.21,-0.007276119402985115,0.16229794670161635,0.16970762805012085,0.18323326662219253,,,,0.2243989314336598,-0.032545454545454544,0.21950070654733866,1.0223153035057078,5506911.6,5130049.0,1.0734617934448578,0.15199834943758744,0.1415964223093659,1.0734617934448583,False,0.09701946472019474,0.027666881305001167,True,3,1,结构未成熟,-0.032545454545454544,0.8756944444444444,0.12724692024955786,,,,0.005860113421550128,44.92,42.46,0.18455031166518254,0.2531794630240225,2,2,0,1,1,1,7,True,近5日波动仍偏大,宽松粗筛：方向/非极端波动/不过热；不以精确MA距离或距20日高点为硬规则,175,False,150,200,174,8,未入选：满足基础条件，但位于本次软容量边界之外（150-200只）
603533,掌阅科技,24.7,0.029166666666666563,0.09340416113324479,0.2209589718240237,0.08238387379491674,,,,0.11688311688311684,-0.04263565891472876,0.1328986960882647,0.8794903209997552,61314295.4,15846026.9,3.8693797370746603,0.13970092857926397,0.03610421774857408,3.8693797370746634,False,0.07222616093583833,0.0436846228284411,True,3,2,部分收敛/待确认,-0.04263565891472876,0.812286689419795,0.11598066235937288,,,,-0.024871693643900517,23.1,19.94,0.06926406926406914,0.23871614844533595,2,2,1,0,1,1,7,True,近10日速度偏快,宽松粗筛：方向/非极端波动/不过热；不以精确MA距离或距20日高点为硬规则,175,False,150,200,174,8,未入选：满足基础条件，但位于本次软容量边界之外（150-200只）
603721,中广天择,20.68,-0.018043684710351338,0.08272251308900525,0.19675925925925908,0.1553072625698324,,,,0.15549999999999997,-0.10514928602336648,0.15999999999999992,0.9718750000000003,20902427.4,4297702.9,4.863627823133143,0.1607879030769231,0.03305925307692307,4.863627823133146,False,0.08804314010162839,0.053203568532036005,True,3,2,部分收敛/待确认,-0.10514928602336648,0.602291325695581,0.09994149247380468,,,,-0.10514928602336648,20.0,17.26,0.03400000000000003,0.19814600231749702,2,2,1,1,1,0,7,True,,宽松粗筛：方向/非极端波动/不过热；不以精确MA距离或距20日高点为硬规则,175,False,150,200,174,8,未入选：满足基础条件，但位于本次软容量边界之外（150-200只）
603757,大元泵业,72.88,0.006490816185609649,0.05044681464398959,0.14771653543307073,0.1623604465709727,,,,0.18686868686868707,-0.08785982478097631,0.22749648382559756,0.8214135169312928,15896106.6,12726442.5,1.2490612832297792,0.08521222281802596,0.06822101041967063,1.2490612832297796,False,0.06468759984895578,0.06168411774539129,True,3,2,部分收敛/待确认,-0.08785982478097631,0.7514164305949006,0.11140763559005395,,,,-0.0825780463242699,67.32,61.08,0.08259061200237672,0.19318925998690228,2,2,0,1,1,1,7,True,近5日波动仍偏大,宽松粗筛：方向/非极端波动/不过热；不以精确MA距离或距20日高点为硬规则,175,False,150,200,174,8,未入选：满足基础条件，但位于本次软容量边界之外（150-200只）
603900,莱绅通灵,6.68,-0.04022988505747127,-0.05516265912305529,0.05362776025236582,0.04538341158059467,,,,0.17593984962406012,-0.1490445859872611,0.32377740303541314,0.5433975563909774,43097097.2,22074897.0,1.9523124932360953,0.12574875795042445,0.06441015891978798,1.9523124932360962,False,-0.0434782608695653,0.02238805970149249,False,3,1,结构未成熟,-0.1490445859872611,0.42647058823529416,0.015429049175343934,,,,-0.1033557046979866,6.65,6.3,0.004511278195488577,0.060317460317460325,2,2,1,1,1,0,7,True,,宽松粗筛：方向/非极端波动/不过热；不以精确MA距离或距20日高点为硬规则,175,False,150,200,174,8,未入选：满足基础条件，但位于本次软容量边界之外（150-200只）
603978,深圳新星,21.41,-0.02237442922374422,0.02342256214149141,0.13520678685047716,0.07533902561526862,,,,0.18694362017804161,-0.10791666666666666,0.14945054945054959,1.250872752661895,25125298.0,8359113.6,3.0057371154759758,0.11902404811036607,0.0395989547780255,3.0057371154759784,False,0.07340978143683263,0.05109154750394396,True,3,1,结构未成熟,-0.10791666666666666,0.553448275862069,0.07133028096775007,,,,-0.083083511777302,20.22,18.33,0.05885262116716139,0.16803055100927455,2,2,0,1,1,1,7,True,近5日波动仍偏大,宽松粗筛：方向/非极端波动/不过热；不以精确MA距离或距20日高点为硬规则,175,False,150,200,174,8,未入选：满足基础条件，但位于本次软容量边界之外（150-200只）
603980,吉华集团,7.65,-0.03652392947103278,0.0625,0.1383928571428572,0.10389610389610393,,,,0.2170767004341534,-0.09036860879904873,0.1484374999999999,1.462411455556403,88839789.8,28899471.6,3.074097375538174,0.13125799502554072,0.0426980602729156,3.074097375538176,False,0.05942228335625854,0.046047912781523204,True,3,1,结构未成熟,-0.09036860879904873,0.6218905472636816,0.07769247024019177,,,,-0.06134969325153372,6.91,6.4,0.1070911722141823,0.1953125,2,2,0,1,1,1,7,True,近5日波动仍偏大,宽松粗筛：方向/非极端波动/不过热；不以精确MA距离或距20日高点为硬规则,175,False,150,200,174,8,未入选：满足基础条件，但位于本次软容量边界之外（150-200只）
605288,凯迪股份,70.43,0.07346441091297073,0.024287376381617154,0.24062004579883745,0.22210654173173694,,,,0.15230335318082114,-0.04228991025292361,0.3086792452830189,0.493403283532,3378213.0,2165828.2,1.5597788411841713,0.034373884324642105,0.022037665479899528,1.5597788411841715,False,0.029551291735911533,0.06455295691033047,True,3,2,部分收敛/待确认,-0.04228991025292361,0.8485881207400195,0.11934012491854884,,,,-0.02640309648880279,63.82,54.5,0.10357254779066127,0.29229357798165156,2,2,1,0,1,1,7,True,近10日速度偏快,宽松粗筛：方向/非极端波动/不过热；不以精确MA距离或距20日高点为硬规则,175,False,150,200,174,8,未入选：满足基础条件，但位于本次软容量边界之外（150-200只）
688167,炬光科技,316.2,0.05575959933222041,0.09038242698024068,0.1612192434814541,0.5585567823343849,,,,0.18811808118081189,-0.01795142555438234,0.2284209266131928,0.8235588742679886,10498038.2,10165535.1,1.0327088635009485,0.08066790538861719,0.07811292053323515,1.0327088635009487,False,0.01659062341576556,0.022658432426068353,True,3,2,部分收敛/待确认,-0.01795142555438234,0.9589838206074366,0.14433784385325543,,,,0.0435643564356436,271.0,250.59,0.16678966789667893,0.2618220998443672,2,2,0,1,1,1,7,True,近5日波动仍偏大,宽松粗筛：方向/非极端波动/不过热；不以精确MA距离或距20日高点为硬规则,175,False,150,200,174,8,未入选：满足基础条件，但位于本次软容量边界之外（150-200只）
688368,晶丰明源,150.7,0.027897142077620618,-0.0003316749585406953,0.23524590163934422,0.2043474786222328,,,,0.09526446967598996,-0.047408343868520886,0.3790931989924435,0.2512956442615814,4630711.2,5283651.8,0.8764224773479585,0.037432896983715436,0.04271101888781631,0.876422477347959,True,0.026184758571099254,0.05448513839728686,True,3,3,收敛较充分,-0.047408343868520886,0.8795180722891566,0.1149830939856018,,,,-0.04195804195804209,144.44,111.16,0.04333979507061758,0.3557034904641958,2,2,1,0,1,1,7,True,近10日速度偏快,宽松粗筛：方向/非极端波动/不过热；不以精确MA距离或距20日高点为硬规则,175,False,150,200,174,8,未入选：满足基础条件，但位于本次软容量边界之外（150-200只）
688601,力芯微,61.49,0.016195670137167495,-0.04902567274976799,0.24473684210526314,0.4763505402160866,,,,0.0954697986577182,-0.061221374045801524,0.4552321706287492,0.20971672218564644,5431849.4,6070599.1,0.8947797919977949,0.040629364206123446,0.045407109737480036,0.8947797919977951,True,0.03381900815399019,0.0723176477058165,True,3,3,收敛较充分,-0.061221374045801524,0.8642058923129022,0.16442895828204618,,,,-0.05820186858630727,59.6,47.19,0.03171140939597317,0.3030303030303032,2,2,1,0,1,1,7,True,近10日速度偏快,宽松粗筛：方向/非极端波动/不过热；不以精确MA距离或距20日高点为硬规则,175,False,150,200,174,8,未入选：满足基础条件，但位于本次软容量边界之外（150-200只）
688677,海泰新光,93.11,0.1381249236034714,-0.009468085106382973,0.10516320474777441,0.26233731019522777,,,,0.1908953722334005,-0.06694057520793673,0.2874467810605083,0.6641068358083875,9865274.2,12761902.6,0.7730253481169805,0.08229497067827857,0.10645830809913495,0.7730253481169805,True,-0.026934045538907325,-0.0019999318205061734,False,3,2,部分收敛/待确认,-0.06694057520793673,0.8086508163849898,0.08470508743112104,,,,-0.016789862724392868,79.52,77.51,0.1709004024144869,0.2012643529867113,2,2,0,1,1,1,7,True,近5日波动仍偏大,宽松粗筛：方向/非极端波动/不过热；不以精确MA距离或距20日高点为硬规则,175,False,150,200,174,8,未入选：满足基础条件，但位于本次软容量边界之外（150-200只）
000017,深中华A,8.99,-0.05567226890756294,-0.19803746654772525,0.1496163682864451,0.426984126984127,,,,0.32957110609480816,-0.24070945945945943,1.0273972602739727,0.32078254326561323,86488517.8,52752194.3,1.6395245533890521,0.19619830093261392,0.11966780279505633,1.6395245533890523,False,-0.07035531200282841,0.08019162674442826,False,3,1,结构未成熟,-0.24070945945945943,0.525,0.07426659496922983,,,,-0.23684210526315785,8.86,8.48,0.014672686230248422,0.060141509433962126,2,2,0,1,1,0,6,True,近5日波动仍偏大,宽松粗筛：方向/非极端波动/不过热；不以精确MA距离或距20日高点为硬规则,244,False,150,200,174,8,未入选：满足基础条件，但位于本次软容量边界之外（150-200只）
000048,京基智农,22.14,-0.007619901389511297,-0.03487358326068002,0.0018099547511312153,0.012345679012345734,,,,0.10691244239631338,-0.110128617363344,0.17358490566037735,0.6159086355439793,12936794.8,13371775.9,0.967470207154758,0.024441200806154858,0.025263000995177098,0.9674702071547585,True,-0.0004395990856339571,0.002896613190730868,True,3,3,收敛较充分,-0.110128617363344,0.5994152046783628,-0.028478651981218905,,,,-0.05987261146496814,21.7,21.2,0.02027649769585249,0.04433962264150959,2,0,1,1,1,1,6,True,,宽松粗筛：方向/非极端波动/不过热；不以精确MA距离或距20日高点为硬规则,244,False,150,200,174,8,未入选：满足基础条件，但位于本次软容量边界之外（150-200只）
000510,新金路,17.08,0.0674999999999999,-0.044208170117515544,0.02767749699157629,-0.014994232987312617,,,,0.15060625398851316,-0.07625743645213634,0.20770738079686465,0.7250886001774018,41760262.2,44202910.3,0.9447401068521953,0.06879929308247612,0.07282351260783279,0.944740106852195,True,-0.028839551384756357,0.00559976422045394,False,3,2,部分收敛/待确认,-0.07625743645213634,0.7218934911242603,0.013920631622688306,,,,-0.05058365758754868,15.67,15.6,0.08998085513720477,0.09487179487179476,0,2,1,1,1,1,6,True,20日方向仍偏弱,宽松粗筛：方向/非极端波动/不过热；不以精确MA距离或距20日高点为硬规则,244,False,150,200,174,8,未入选：满足基础条件，但位于本次软容量边界之外（150-200只）
000670,盈方微,7.04,0.008595988538681931,-0.0028328611898016387,-0.03693570451436379,0.01734104046242768,,,,0.11337209302325585,-0.11557788944723613,0.20972644376899693,0.5405712841253794,45337135.8,56932649.6,0.7963292788677798,0.05459345125691402,0.06855637825414998,0.7963292788677802,True,0.0016858668165213864,-0.006191950464396356,True,3,3,收敛较充分,-0.11557788944723613,0.3333333333333333,-0.011652393654358995,,,,-0.0395634379263301,6.88,6.58,0.023255813953488413,0.06990881458966558,2,0,1,1,1,1,6,True,,宽松粗筛：方向/非极端波动/不过热；不以精确MA距离或距20日高点为硬规则,244,False,150,200,174,8,未入选：满足基础条件，但位于本次软容量边界之外（150-200只）
000716,黑芝麻,5.72,0.04761904761904767,-0.02555366269165249,0.21186440677966112,0.18426501035196674,,,,0.18749999999999986,-0.08771929824561397,0.34193548387096767,0.5483490566037733,101323636.6,71439665.7,1.4183106206780582,0.13771960372696052,0.09710115803907626,1.4183106206780587,False,-0.0071428571428570065,0.037100456621004696,True,3,2,部分收敛/待确认,-0.08771929824561397,0.6646341463414634,0.08890158004949567,,,,-0.08333333333333337,5.28,4.67,0.08333333333333326,0.22483940042826545,2,2,0,0,1,1,6,True,近5日波动仍偏大,宽松粗筛：方向/非极端波动/不过热；不以精确MA距离或距20日高点为硬规则,244,False,150,200,174,8,未入选：满足基础条件，但位于本次软容量边界之外（150-200只）
000720,新能泰山,3.78,-0.010471204188481686,-0.015625,0.038461538461538325,0.024390243902439046,,,,0.04521276595744691,-0.07804878048780484,0.14000000000000007,0.32294832826747777,23100638.8,43893938.0,0.5262831236513799,0.01838444758026696,0.03493261849765331,0.52628312365138,True,-0.01131105398457577,0.011041009463722551,False,3,2,部分收敛/待确认,-0.07804878048780484,0.4666666666666666,-0.010730175346768012,,,,-0.038167938931297773,3.76,3.56,0.005319148936170137,0.061797752808988804,2,0,1,1,1,1,6,True,,宽松粗筛：方向/非极端波动/不过热；不以精确MA距离或距20日高点为硬规则,244,False,150,200,174,8,未入选：满足基础条件，但位于本次软容量边界之外（150-200只）
000723,美锦能源,3.73,-0.013227513227513144,-0.043589743589743546,-0.04113110539845766,0.04189944134078205,,,,0.12228260869565209,-0.09685230024213076,0.1820809248554913,0.6715838509316767,116919992.6,157683660.0,0.7414845177997517,0.026601890682584846,0.03587652883369989,0.7414845177997516,True,-0.024514811031664974,0.005994266353922306,False,3,2,部分收敛/待确认,-0.09685230024213076,0.4285714285714285,-0.005996002664890088,,,,-0.09466019417475735,3.68,3.68,0.013586956521739024,0.013586956521739024,2,0,1,1,1,1,6,True,,宽松粗筛：方向/非极端波动/不过热；不以精确MA距离或距20日高点为硬规则,244,False,150,200,174,8,未入选：满足基础条件，但位于本次软容量边界之外（150-200只）
000892,欢瑞世纪,5.86,0.04830053667262968,0.3627906976744186,0.6054794520547946,0.4019138755980862,,,,0.28752642706131065,-0.0377668308702791,0.19444444444444436,1.4787073391724554,190017725.6,37057014.0,5.127712815716884,0.26732983304231894,0.052134322386957734,5.127712815716887,False,0.2065663474692201,0.1323818897637794,True,3,1,结构未成熟,-0.0377668308702791,0.9076305220883536,0.3723653395784543,,,,0.04830053667262968,4.73,3.6,0.2389006342494715,0.6277777777777778,2,2,0,0,1,1,6,True,近5日波动仍偏大,宽松粗筛：方向/非极端波动/不过热；不以精确MA距离或距20日高点为硬规则,244,False,150,200,174,8,未入选：满足基础条件，但位于本次软容量边界之外（150-200只）
001277,速达股份,30.79,0.001952489424015491,-0.034190715181932285,-0.03449357165255573,0.05589849108367617,,,,0.07217847769028869,-0.22832080200501248,0.36038186157517904,0.2002833255114633,3493969.2,6575592.0,0.5313543176036469,0.07629471848321792,0.14358539293949696,0.531354317603647,True,-0.00589652548820685,-0.033724026073385205,False,3,2,部分收敛/待确认,-0.22832080200501248,0.267684887459807,-0.020502950579777135,,,,-0.05783353733170138,30.48,29.98,0.01017060367454059,0.027018012008005243,2,0,1,1,1,1,6,True,,宽松粗筛：方向/非极端波动/不过热；不以精确MA距离或距20日高点为硬规则,244,False,150,200,174,8,未入选：满足基础条件，但位于本次软容量边界之外（150-200只）
001337,四川黄金,51.23,-0.03703007518797008,-0.04242990654205614,-0.09487632508833932,-0.002919423900350493,,,,0.11599999999999994,-0.13243014394580865,0.274277082434182,0.4229299763965382,16020651.8,26948239.6,0.5944971559478045,0.03814440904761902,0.06416247523809518,0.5944971559478045,True,-0.012421436275056652,0.004503997297601536,False,3,2,部分收敛/待确认,-0.13243014394580865,0.6088044022011004,0.0021125934040138183,,,,-0.07359855334538878,50.0,50.0,0.024599999999999955,0.024599999999999955,0,2,1,1,1,1,6,True,20日方向仍偏弱,宽松粗筛：方向/非极端波动/不过热；不以精确MA距离或距20日高点为硬规则,244,False,150,200,174,8,未入选：满足基础条件，但位于本次软容量边界之外（150-200只）
002037,保利联合,7.16,-0.00417246175243402,0.027259684361549574,0.07025411061285491,-0.05416116248348746,,,,0.05797101449275354,-0.04533333333333334,0.06344410876132929,0.9137336093857822,6196686.4,4967971.8,1.2473272090634655,0.012806151800575908,0.010266874407551151,1.2473272090634664,False,0.012564249000571293,0.01608462541660627,True,3,2,部分收敛/待确认,-0.06892067620286091,0.5046728971962616,0.027775784109667523,,,,0.008450704225352101,6.9,6.68,0.03768115942028971,0.07185628742514982,0,2,1,1,1,1,6,True,20日方向仍偏弱,宽松粗筛：方向/非极端波动/不过热；不以精确MA距离或距20日高点为硬规则,244,False,150,200,174,8,未入选：满足基础条件，但位于本次软容量边界之外（150-200只）
002059,云南旅游,6.07,0.07054673721340388,0.2942430703624732,0.3640449438202247,0.3370044052863437,,,,0.35683760683760685,-0.04409448818897632,0.08486238532110094,4.204897204897204,101341269.2,10314423.6,9.82519946146094,0.10232427332203353,0.01041447287898807,9.825199461460976,False,0.14797832430179247,0.08716187204808934,True,3,1,结构未成熟,-0.04409448818897632,0.8592964824120606,0.27080498272793885,,,,0.05017301038062283,4.68,4.45,0.29700854700854706,0.3640449438202247,2,2,0,0,1,1,6,True,近5日波动仍偏大,宽松粗筛：方向/非极端波动/不过热；不以精确MA距离或距20日高点为硬规则,244,False,150,200,174,8,未入选：满足基础条件，但位于本次软容量边界之外（150-200只）
002124,天邦食品,2.54,0.04958677685950419,0.09482758620689657,0.1339285714285714,0.09956709956709964,,,,0.2201834862385321,-0.045112781954887216,0.146788990825688,1.5000000000000007,203614616.0,85439110.1,2.3831546906526127,0.10323318289113245,0.043317869081701356,2.3831546906526144,False,0.01551724137931032,0.01348412353197026,True,3,1,结构未成熟,-0.045112781954887216,0.7499999999999998,0.09600862998921267,,,,0.0672268907563025,2.18,2.18,0.16513761467889898,0.16513761467889898,2,2,0,1,1,0,6,True,近5日波动仍偏大,宽松粗筛：方向/非极端波动/不过热；不以精确MA距离或距20日高点为硬规则,244,False,150,200,174,8,未入选：满足基础条件，但位于本次软容量边界之外（150-200只）
002141,贤丰控股,6.63,0.03918495297805635,-0.06619718309859157,0.10869565217391286,-0.013392857142857095,,,,0.15541601255886972,-0.10284167794316645,0.28621908127208484,0.5429966858538288,152100896.2,151843161.4,1.0016973750916647,0.14725106487208794,0.14700154810589686,1.0016973750916647,False,-0.0026833631484795006,0.016011192289755893,True,3,2,部分收敛/待确认,-0.10284167794316645,0.6651982378854626,0.008365019011406849,,,,-0.06619718309859157,6.37,5.66,0.04081632653061229,0.1713780918727914,0,2,1,1,1,1,6,True,20日方向仍偏弱,宽松粗筛：方向/非极端波动/不过热；不以精确MA距离或距20日高点为硬规则,244,False,150,200,174,8,未入选：满足基础条件，但位于本次软容量边界之外（150-200只）
002165,红 宝 丽,8.12,0.04504504504504503,-0.0547147846332946,0.006195786864931607,0.16499282639885204,,,,0.21604139715394566,-0.13617021276595753,0.33875739644970426,0.6377466571007302,153615870.4,156279995.1,0.982952874433511,0.21107883288256807,0.2147395245211686,0.9829528744335109,True,-0.01426194437841688,0.00482076637824469,False,3,2,部分收敛/待确认,-0.13617021276595753,0.5719063545150498,0.05977551553119298,,,,-0.10276243093922666,7.73,7.26,0.05045278137128051,0.11845730027548207,2,2,0,1,1,0,6,True,近5日波动仍偏大,宽松粗筛：方向/非极端波动/不过热；不以精确MA距离或距20日高点为硬规则,244,False,150,200,174,8,未入选：满足基础条件，但位于本次软容量边界之外（150-200只）
002174,游族网络,12.22,0.003284072249589487,0.0243084660519699,0.02088554720133673,0.019182652210175233,,,,0.10689045936395751,-0.11320754716981118,0.19514310494362533,0.5477542206517467,33008843.2,26672111.1,1.2375789481470778,0.03370797897621046,0.02723703326295146,1.2375789481470785,False,0.012001352265043952,8.34585211149097e-05,True,3,2,部分收敛/待确认,-0.11320754716981118,0.36585365853658564,-0.005129040136774288,,,,-0.01768488745980701,11.32,11.32,0.07950530035335701,0.07950530035335701,2,0,1,1,1,1,6,True,,宽松粗筛：方向/非极端波动/不过热；不以精确MA距离或距20日高点为硬规则,244,False,150,200,174,8,未入选：满足基础条件，但位于本次软容量边界之外（150-200只）
002235,安妮股份,8.68,-0.006864988558352492,-0.027995520716685318,0.07425742574257432,0.0,,,,0.08047337278106527,-0.17958412098298682,0.2121212121212121,0.37937447168216487,23210787.0,37448962.2,0.6197978698592613,0.04192864300523108,0.06764889820410626,0.6197978698592616,True,-0.00945520036019809,0.006972225397188003,True,3,3,收敛较充分,-0.17958412098298682,0.29104477611940277,-0.04030073525346911,,,,-0.03662597114317423,8.45,7.92,0.02721893491124261,0.09595959595959602,2,0,1,1,1,1,6,True,,宽松粗筛：方向/非极端波动/不过热；不以精确MA距离或距20日高点为硬规则,244,False,150,200,174,8,未入选：满足基础条件，但位于本次软容量边界之外（150-200只）
002300,太阳电缆,8.0,-0.0037359900373598043,0.16959064327485374,0.2084592145015105,0.012658227848101111,,,,0.27379209370424584,-0.08045977011494243,0.12883435582822098,2.1251481558948586,69243753.8,15812741.3,4.378984800061201,0.09586672981935099,0.021892455488315705,4.378984800061206,False,0.11241084165477888,0.06377402446126967,True,3,1,结构未成熟,-0.08045977011494243,0.6788990825688076,0.11126545353521311,,,,-0.04648390941597147,6.83,6.52,0.17130307467057104,0.22699386503067487,2,2,0,0,1,1,6,True,近5日波动仍偏大,宽松粗筛：方向/非极端波动/不过热；不以精确MA距离或距20日高点为硬规则,244,False,150,200,174,8,未入选：满足基础条件，但位于本次软容量边界之外（150-200只）
002303,美盈森,5.25,0.007677543186180413,-0.077328646748682,0.11228813559322037,-0.04021937842778789,,,,0.12185686653771759,-0.09482758620689657,0.25054945054945066,0.48635854626896036,46685426.0,48148305.4,0.9696172193840077,0.04373901197345106,0.045109566021566974,0.9696172193840071,True,-0.0078037904124862445,0.03335306887704759,True,3,3,收敛较充分,-0.09482758620689657,0.601449275362319,0.025590935729634667,,,,-0.077328646748682,5.17,4.58,0.01547388781431347,0.14628820960698685,0,2,1,1,1,1,6,True,20日方向仍偏弱,宽松粗筛：方向/非极端波动/不过热；不以精确MA距离或距20日高点为硬规则,244,False,150,200,174,8,未入选：满足基础条件，但位于本次软容量边界之外（150-200只）
002328,新朋股份,9.56,-0.04016064257028118,0.12470588235294122,0.3351955307262571,0.3168044077134988,,,,0.23085846867749424,-0.09896324222431663,0.22302158273381292,1.0351395853603775,142123096.0,29922949.6,4.749635243178032,0.24903908962207816,0.052433308427163206,4.749635243178034,False,0.13395193909112524,0.10468530575769175,True,3,1,结构未成熟,-0.09896324222431663,0.7265625000000002,0.19919719016557957,,,,-0.0534653465346534,8.62,7.04,0.10904872389791209,0.3579545454545454,2,2,0,0,1,1,6,True,近5日波动仍偏大,宽松粗筛：方向/非极端波动/不过热；不以精确MA距离或距20日高点为硬规则,244,False,150,200,174,8,未入选：满足基础条件，但位于本次软容量边界之外（150-200只）
002365,永安药业,14.62,0.019525801952580135,-0.03879026955950038,-0.0324288550628723,0.06871345029239762,,,,0.14701704545454536,-0.1465265615878576,0.21489361702127655,0.684138726372637,33121556.2,55107874.6,0.6010312762089358,0.134836368224256,0.22434168330598317,0.6010312762089358,True,-0.02468007312614262,-0.02461399315201218,False,3,2,部分收敛/待确认,-0.1465265615878576,0.4578833693304535,-0.012395717229033654,,,,-0.08739076154806491,14.08,14.08,0.03835227272727271,0.03835227272727271,2,0,1,1,1,1,6,True,,宽松粗筛：方向/非极端波动/不过热；不以精确MA距离或距20日高点为硬规则,244,False,150,200,174,8,未入选：满足基础条件，但位于本次软容量边界之外（150-200只）
002384,东山精密,190.55,0.06649129680416421,-0.03762626262626256,-0.01575413223140487,0.024792943960417313,,,,0.12016973125884022,-0.13327268592221964,0.18793478260869573,0.6394225145062634,54281970.6,58615220.0,0.9260729653492727,0.03915539207056053,0.04228110908711481,0.9260729653492734,True,-0.04743671999503274,-0.02261959267242497,False,3,2,部分收敛/待确认,-0.13327268592221964,0.4935177182368196,-0.028353912717575036,,,,-0.03757765543714331,176.75,176.75,0.07807637906647824,0.07807637906647824,2,0,1,1,1,1,6,True,,宽松粗筛：方向/非极端波动/不过热；不以精确MA距离或距20日高点为硬规则,244,False,150,200,174,8,未入选：满足基础条件，但位于本次软容量边界之外（150-200只）
002421,达实智能,3.38,0.0,0.008955223880596996,0.12292358803986714,-0.03151862464183386,,,,0.10240963855421696,-0.12886597938144329,0.1694915254237288,0.6042168674698801,181288317.0,150321015.5,1.2060077986899975,0.08903270434572536,0.07382431891604296,1.206007798689998,False,0.01846337105419904,0.029102167182662786,True,3,2,部分收敛/待确认,-0.12886597938144329,0.4623655913978493,0.013949302534873143,,,,-0.03151862464183386,3.32,2.95,0.01807228915662651,0.1457627118644067,0,2,1,1,1,1,6,True,20日方向仍偏弱,宽松粗筛：方向/非极端波动/不过热；不以精确MA距离或距20日高点为硬规则,244,False,150,200,174,8,未入选：满足基础条件，但位于本次软容量边界之外（150-200只）
002438,江苏神通,14.11,-0.02890571231933925,0.022463768115941862,0.045959970348406154,-0.0035310734463277482,,,,0.09822747415066471,-0.05110961667787495,0.08295625942684763,1.184087552034377,9674703.2,6500471.0,1.4883080318333854,0.02063361507715992,0.013863806843629128,1.4883080318333877,False,0.014949201741654372,0.00842166400464639,True,3,1,结构未成熟,-0.08197787898503572,0.40284360189573454,0.012594639204851266,,,,0.015838732901367836,13.54,13.26,0.04209748892171339,0.0641025641025641,0,2,1,1,1,1,6,True,20日方向仍偏弱,宽松粗筛：方向/非极端波动/不过热；不以精确MA距离或距20日高点为硬规则,244,False,150,200,174,8,未入选：满足基础条件，但位于本次软容量边界之外（150-200只）
002445,中南文化,3.22,0.012578616352201255,-0.058479532163742576,-0.04451038575667654,0.09152542372881367,,,,0.10158730158730168,-0.2107843137254901,0.3783783783783784,0.268480725623583,103593232.2,139003126.1,0.7452582909932125,0.043779417778983046,0.05874395267798741,0.7452582909932125,True,-0.052386495925494714,-0.0005866823115283637,False,3,2,部分收敛/待确认,-0.2107843137254901,0.31746031746031766,-0.00325027085590468,,,,-0.058479532163742576,3.15,3.15,0.022222222222222365,0.022222222222222365,2,0,1,1,1,1,6,True,,宽松粗筛：方向/非极端波动/不过热；不以精确MA距离或距20日高点为硬规则,244,False,150,200,174,8,未入选：满足基础条件，但位于本次软容量边界之外（150-200只）
002463,沪电股份,122.65,0.10000000000000009,-0.018093026979425164,0.06126157307259672,-0.00040749796251016157,,,,0.13319468306356805,-0.049151096984262344,0.13740866155765463,0.9693325118932298,47215384.8,48433034.8,0.9748591017468102,0.02455487540512068,0.025188127557225225,0.974859101746811,True,-0.029716655148583238,-0.00044450035643894825,False,3,2,部分收敛/待确认,-0.049151096984262344,0.7538819875776397,0.025952027436792813,,,,-0.018799999999999928,110.59,110.59,0.10905145130662808,0.10905145130662808,0,2,1,1,1,1,6,True,20日方向仍偏弱,宽松粗筛：方向/非极端波动/不过热；不以精确MA距离或距20日高点为硬规则,244,False,150,200,174,8,未入选：满足基础条件，但位于本次软容量边界之外（150-200只）
002474,榕基软件,6.52,-0.0060975609756097615,0.023547880690737655,0.08485856905158062,-0.07386363636363646,,,,0.056962025316455604,-0.10928961748633892,0.14020270270270271,0.4062833612932737,22287057.0,25849993.9,0.8621687527748314,0.04148548388155979,0.048117591536507874,0.8621687527748316,True,0.01900903708320345,0.020713830465264538,True,3,3,收敛较充分,-0.10928961748633892,0.4285714285714282,0.015813663628573504,,,,-0.013615733736762614,6.32,5.92,0.03164556962025311,0.10135135135135132,0,2,1,1,1,1,6,True,20日方向仍偏弱,宽松粗筛：方向/非极端波动/不过热；不以精确MA距离或距20日高点为硬规则,244,False,150,200,174,8,未入选：满足基础条件，但位于本次软容量边界之外（150-200只）
002517,恺英网络,17.63,0.012636415852957938,0.02679091438555603,0.06525679758308156,-0.03713817586018564,,,,0.07185628742514966,-0.04856988667026452,0.0861214374225527,0.8343600568646871,66834646.2,54123562.0,1.2348530608536077,0.0355646892894334,0.028800745948549412,1.2348530608536081,False,0.0198478725932969,0.013594442448197297,True,3,2,部分收敛/待确认,-0.07259337190952142,0.5191637630662014,0.030813307606852636,,,,0.010894495412843819,16.7,16.19,0.055688622754491046,0.08894379246448403,0,2,1,1,1,1,6,True,20日方向仍偏弱,宽松粗筛：方向/非极端波动/不过热；不以精确MA距离或距20日高点为硬规则,244,False,150,200,174,8,未入选：满足基础条件，但位于本次软容量边界之外（150-200只）
002536,飞龙股份,57.37,-0.015276347408170299,0.04499089253187605,0.17561475409836058,0.4516700404858298,,,,0.24189477771306545,-0.10317336251367826,0.3520234032179424,0.6871553865505503,72153014.6,56307267.3,1.2814156690569851,0.13231251642685699,0.10325495436170833,1.2814156690569856,False,0.05927118396019315,0.07839656685848051,True,3,2,部分收敛/待确认,-0.10317336251367826,0.8003629764065334,0.15661824743203323,,,,-0.10190983093299943,51.51,47.0,0.11376431760823147,0.22063829787234046,2,2,0,1,1,0,6,True,近5日波动仍偏大,宽松粗筛：方向/非极端波动/不过热；不以精确MA距离或距20日高点为硬规则,244,False,150,200,174,8,未入选：满足基础条件，但位于本次软容量边界之外（150-200只）
002558,巨人网络,27.49,-0.006505240332490225,0.0014571948998178819,0.03113278319579882,-0.07720711648204093,,,,0.08400460299194482,-0.08671096345514961,0.07692307692307694,1.0920598388952822,76024598.6,60439899.2,1.2578544902669193,0.040001273186344784,0.031801192821481604,1.2578544902669202,False,0.000814694119389836,0.010765952674666401,True,3,1,结构未成熟,-0.10775722168127233,0.34516765285996054,0.008825850015596437,,,,-0.006864161849711059,26.07,26.07,0.05446873801304175,0.05446873801304175,0,2,1,1,1,1,6,True,20日方向仍偏弱,宽松粗筛：方向/非极端波动/不过热；不以精确MA距离或距20日高点为硬规则,244,False,150,200,174,8,未入选：满足基础条件，但位于本次软容量边界之外（150-200只）
002582,好想你,10.52,0.0183930300096804,0.0028598665395613843,0.04990019960079839,0.008628954937679678,,,,0.0749506903353057,-0.12260216847372818,0.20951417004048567,0.35773566208348834,22014050.2,32606723.3,0.6751383755263749,0.06396187169872844,0.09473890689276881,0.6751383755263751,True,-0.008768585589020272,0.0007701193685021313,True,3,3,收敛较充分,-0.12260216847372818,0.30985915492957744,-0.008529287027001398,,,,-0.024118738404452666,10.14,9.95,0.03747534516765283,0.05728643216080398,2,0,1,1,1,1,6,True,,宽松粗筛：方向/非极端波动/不过热；不以精确MA距离或距20日高点为硬规则,244,False,150,200,174,8,未入选：满足基础条件，但位于本次软容量边界之外（150-200只）
002636,金安国纪,68.05,0.05324253211577146,-0.1016501650165017,0.12535141392425997,0.01901766996106602,,,,0.19090909090909103,-0.10870988867059594,0.3209342560553633,0.5948542024013727,50347743.2,53840389.0,0.9351296328858248,0.06942266884495665,0.07423855089557715,0.9351296328858244,True,-0.047310935987833536,0.022690557704563075,False,3,2,部分收敛/待确认,-0.10870988867059594,0.717206132879046,0.00983869292296724,,,,-0.1043695709397211,63.8,57.8,0.06661442006269591,0.1773356401384083,2,2,0,1,1,0,6,True,近5日波动仍偏大,宽松粗筛：方向/非极端波动/不过热；不以精确MA距离或距20日高点为硬规则,244,False,150,200,174,8,未入选：满足基础条件，但位于本次软容量边界之外（150-200只）
002659,凯文教育,4.65,0.004319654427645814,0.0021551724137931494,0.054421768707483054,-0.03124999999999989,,,,0.06401766004415012,-0.047131147540983465,0.08120649651972171,0.7883317565436758,15767180.2,11779438.2,1.3385341416367378,0.026354258308978373,0.019688895104874034,1.3385341416367398,False,0.0034364261168384758,0.012697022767075294,True,3,2,部分收敛/待确认,-0.10576923076923073,0.38202247191011296,0.01196953210010876,,,,-0.029227557411273475,4.53,4.39,0.026490066225165476,0.05922551252847397,0,2,1,1,1,1,6,True,20日方向仍偏弱,宽松粗筛：方向/非极端波动/不过热；不以精确MA距离或距20日高点为硬规则,244,False,150,200,174,8,未入选：满足基础条件，但位于本次软容量边界之外（150-200只）
002687,乔治白,6.16,-0.003236245954692518,-0.03296703296703296,-0.06948640483383683,0.13235294117647056,,,,0.07462686567164181,-0.07784431137724546,0.11705685618729084,0.6375266524520264,12349652.8,25302793.4,0.48807468032363577,0.029857732752351103,0.06117451684351429,0.48807468032363566,True,-0.01890359168241984,-0.007590132827324458,False,3,2,部分收敛/待确认,-0.07784431137724546,0.7158469945355194,-0.01957663536527121,,,,-0.04938271604938271,6.03,6.0,0.021558872305140975,0.026666666666666616,2,0,1,1,1,1,6,True,,宽松粗筛：方向/非极端波动/不过热；不以精确MA距离或距20日高点为硬规则,244,False,150,200,174,8,未入选：满足基础条件，但位于本次软容量边界之外（150-200只）
002706,良信股份,9.5,-0.0165631469979296,0.0193133047210301,-0.015544041450777257,0.052048726467331274,,,,0.09281767955801103,-0.12523020257826878,0.1804347826086957,0.5144112361046393,34588385.2,43486967.0,0.7953735931963248,0.0378019439543569,0.047527280610919286,0.795373593196325,True,0.002984438286079749,-0.012063227953410971,False,3,2,部分收敛/待确认,-0.12523020257826878,0.3789954337899545,-0.01798635517882996,,,,-0.015544041450777257,9.05,9.05,0.04972375690607733,0.04972375690607733,2,0,1,1,1,1,6,True,,宽松粗筛：方向/非极端波动/不过热；不以精确MA距离或距20日高点为硬规则,244,False,150,200,174,8,未入选：满足基础条件，但位于本次软容量边界之外（150-200只）
002829,星网宇达,20.81,-0.017469310670443883,-0.0038295835327909478,0.08895866038723188,-0.028931404573028563,,,,0.056603773584905565,-0.06681614349775788,0.1660397635679742,0.3409049276424248,7930041.4,6154846.1,1.2884223701385484,0.05263054101298779,0.04084882584530743,1.2884223701385484,False,0.02648305084745739,0.024584057611125143,True,3,2,部分收敛/待确认,-0.06681614349775788,0.5962059620596202,0.010341311841530088,,,,-0.04585052728106376,20.67,18.61,0.006773101112723667,0.11821601289629236,0,2,1,1,1,1,6,True,20日方向仍偏弱,宽松粗筛：方向/非极端波动/不过热；不以精确MA距离或距20日高点为硬规则,244,False,150,200,174,8,未入选：满足基础条件，但位于本次软容量边界之外（150-200只）
002855,捷荣技术,19.15,0.06685236768802216,0.18944099378881973,0.9149999999999998,0.8941641938674578,,,,0.18719806763285035,-0.025940996948118134,0.6649431230610136,0.28152493219434876,38929496.6,6274480.9,6.204417101660154,0.15810394440855347,0.025482481564021293,6.204417101660161,False,0.1257892781973502,0.17917350440101432,True,3,2,部分收敛/待确认,-0.025940996948118134,0.9498525073746311,0.4804220942367903,,,,0.022423918846769864,16.56,9.81,0.1564009661835748,0.9520897043832821,2,2,0,0,1,1,6,True,近5日波动仍偏大,宽松粗筛：方向/非极端波动/不过热；不以精确MA距离或距20日高点为硬规则,244,False,150,200,174,8,未入选：满足基础条件，但位于本次软容量边界之外（150-200只）
002886,沃特股份,26.52,0.056152927120669105,-0.08677685950413216,0.294921875,0.34824605998983205,,,,0.25314912637139375,-0.1400778210116732,0.537321334039174,0.47113172385769747,56563034.0,23477031.7,2.409292397897133,0.27053534868423657,0.11228830046546609,2.4092923978971332,False,-0.00036148062463836617,0.07573320133646821,True,3,2,部分收敛/待确认,-0.1400778210116732,0.6754320060105183,0.14572082775305661,,,,-0.0961145194274029,24.61,19.9,0.07761072734660712,0.3326633165829147,2,2,0,0,1,1,6,True,近5日波动仍偏大,宽松粗筛：方向/非极端波动/不过热；不以精确MA距离或距20日高点为硬规则,244,False,150,200,174,8,未入选：满足基础条件，但位于本次软容量边界之外（150-200只）
002907,华森制药,14.21,-0.019323671497584516,-0.03856562922868734,-0.004901960784313597,0.022302158273381334,,,,0.07147912243453643,-0.23064428803465065,0.35709037472446725,0.20017095809342406,11831806.8,31305788.7,0.37794309906653145,0.03489738554410775,0.09233502511436134,0.37794309906653156,True,-0.04215364412344069,-0.001911541757300128,False,3,2,部分收敛/待确认,-0.23064428803465065,0.24199288256227783,-0.05383360522022829,,,,-0.06142668428005282,14.13,13.9,0.0056617126680820196,0.022302158273381334,2,0,1,1,1,1,6,True,,宽松粗筛：方向/非极端波动/不过热；不以精确MA距离或距20日高点为硬规则,244,False,150,200,174,8,未入选：满足基础条件，但位于本次软容量边界之外（150-200只）
002909,集泰股份,7.93,0.09986130374479885,0.31727574750830567,0.5398058252427183,0.5368217054263564,,,,0.4878472222222223,-0.074679113185531,0.18972332015810278,2.5713614004629632,76093181.2,8654277.6,8.792551466109662,0.20002025248534752,0.02274882930811527,8.792551466109668,False,0.2044863459037709,0.13329820864067443,True,3,1,结构未成熟,-0.074679113185531,0.8265582655826557,0.3634800550206325,,,,-0.009987515605493158,5.76,5.09,0.37673611111111116,0.5579567779960708,2,2,0,0,1,1,6,True,近5日波动仍偏大,宽松粗筛：方向/非极端波动/不过热；不以精确MA距离或距20日高点为硬规则,244,False,150,200,174,8,未入选：满足基础条件，但位于本次软容量边界之外（150-200只）
002915,中欣氟材,18.05,-0.0005537098560353115,-0.04396186440677963,0.08734939759036142,-0.02008686210640609,,,,0.07214765100671157,-0.07483341875961047,0.1896341463414636,0.3804570664019513,12911078.8,10503684.3,1.2291952453292985,0.04360517050917725,0.036071662315986845,1.2088483787411033,False,-0.008336942399307046,0.02133817603995225,True,3,2,部分收敛/待确认,-0.07483341875961047,0.5423197492163009,0.014729030807285604,,,,-0.05842462180490349,17.88,16.4,0.009507829977628779,0.10060975609756118,0,2,1,1,1,1,6,True,20日方向仍偏弱,宽松粗筛：方向/非极端波动/不过热；不以精确MA距离或距20日高点为硬规则,244,False,150,200,174,8,未入选：满足基础条件，但位于本次软容量边界之外（150-200只）
002916,深南电路,364.98,0.10000000000000009,-0.011108702720277308,0.06213078019963336,-0.019924812030075123,,,,0.12126382499009784,-0.09407267672756148,0.18373493975903615,0.6599932769952865,6077458.4,8779510.2,0.6922320564078849,0.009138743751370323,0.013201849967470263,0.692232056407886,True,-0.03237907864681444,-0.002421348600652795,False,3,2,部分收敛/待确认,-0.09407267672756148,0.6005480607082633,0.011767641066156687,,,,-0.008233471916523905,328.21,328.21,0.11203193077602758,0.11203193077602758,0,2,1,1,1,1,6,True,20日方向仍偏弱,宽松粗筛：方向/非极端波动/不过热；不以精确MA距离或距20日高点为硬规则,244,False,150,200,174,8,未入选：满足基础条件，但位于本次软容量边界之外（150-200只）
002942,新农股份,18.52,0.03060656649972171,-0.1581818181818182,0.17662007623888187,0.1751269035532994,,,,0.29459148446490224,-0.19478260869565223,0.49060272197018795,0.6004685079647876,16785954.2,7404332.3,2.267044956909889,0.12097280271593261,0.05336144850026501,2.2670449569098903,False,-0.07113292905958213,0.03835304328957334,False,3,1,结构未成熟,-0.19478260869565223,0.4516523867809057,0.06507174281852945,,,,-0.17688888888888887,17.38,15.53,0.06559263521288838,0.19253058596265293,2,2,0,1,1,0,6,True,近5日波动仍偏大,宽松粗筛：方向/非极端波动/不过热；不以精确MA距离或距20日高点为硬规则,244,False,150,200,174,8,未入选：满足基础条件，但位于本次软容量边界之外（150-200只）
002989,中天精装,23.62,0.029193899782135047,-0.015833333333333255,-0.012954450480568314,0.008109261630388387,,,,0.0928063943161634,-0.10326499620349272,0.12385919165580173,0.7492895204262883,5132754.8,6895611.1,0.7443509684007557,0.025944586267247,0.03485532772355238,0.744350662057203,True,-0.015189873417721489,-0.015097802060307863,False,3,2,部分收敛/待确认,-0.10326499620349272,0.5654952076677319,-0.01379929437798777,,,,-0.03944692964619756,22.52,22.52,0.04884547069271772,0.04884547069271772,2,0,1,1,1,1,6,True,,宽松粗筛：方向/非极端波动/不过热；不以精确MA距离或距20日高点为硬规则,244,False,150,200,174,8,未入选：满足基础条件，但位于本次软容量边界之外（150-200只）
003005,竞业达,19.18,0.037878787878787845,0.16031457955232908,0.4388597149287321,0.380849532037437,,,,0.2571428571428571,-0.12818181818181817,0.259908536585366,0.9893590280687048,32887558.2,5246650.5,6.268295972830666,0.24507349639618708,0.03909730769868474,6.2682959728306695,False,0.15551558752997607,0.11881581561692811,True,3,2,部分收敛/待确认,-0.12818181818181817,0.6824324324324325,0.25498920369037514,,,,-0.046719681908548805,17.5,13.13,0.09600000000000009,0.4607768469154607,2,2,0,0,1,1,6,True,近5日波动仍偏大,宽松粗筛：方向/非极端波动/不过热；不以精确MA距离或距20日高点为硬规则,244,False,150,200,174,8,未入选：满足基础条件，但位于本次软容量边界之外（150-200只）
003018,金富科技,55.01,-0.00882882882882885,0.11401377075739161,0.31602870813397144,0.4362924281984335,,,,0.228024193548387,-0.096864225907076,0.2730085073472545,0.8352274284931,27102851.0,17952661.6,1.50968427990644,0.09526098576390675,0.06309993882261769,1.5096842808627444,False,0.10533240143074463,0.09407055838673695,True,3,2,部分收敛/待确认,-0.096864225907076,0.802939211756847,0.21128714397384107,,,,-0.025163919900762055,49.6,40.28,0.10907258064516112,0.3656901688182721,2,2,0,0,1,1,6,True,近5日波动仍偏大,宽松粗筛：方向/非极端波动/不过热；不以精确MA距离或距20日高点为硬规则,244,False,150,200,174,8,未入选：满足基础条件，但位于本次软容量边界之外（150-200只）
003031,中瓷电子,120.72,0.06099490244331163,-0.053102204094438776,-0.10312035661218422,0.07078233102714204,,,,0.1356761565836299,-0.19520000000000004,0.22309197651663404,0.6081624211774989,8717771.8,13454759.1,0.6479322100980612,0.025628693782938205,0.03955459133457715,0.6479322100980615,True,-0.04883576182192484,-0.03952520042259666,False,3,2,部分收敛/待确认,-0.19520000000000004,0.49638802889576883,-0.05074936700897992,,,,-0.05428907168037611,112.4,112.4,0.0740213523131672,0.0740213523131672,2,0,1,1,1,1,6,True,,宽松粗筛：方向/非极端波动/不过热；不以精确MA距离或距20日高点为硬规则,244,False,150,200,174,8,未入选：满足基础条件，但位于本次软容量边界之外（150-200只）
300169,天晟新材,5.72,-0.00694444444444442,-0.03050847457627126,0.04954128440366956,-0.00694444444444442,,,,0.0544815465729349,-0.08479999999999999,0.15955473098330247,0.34145992561409183,12722302.4,9908499.6,1.283978696431496,0.0421637179245781,0.03283833138490675,1.2839786964314974,False,0.005904828065300238,0.009897490279250798,True,3,2,部分收敛/待确认,-0.08479999999999999,0.4361702127659574,0.006156552330694787,,,,-0.046666666666666745,5.69,5.41,0.005272407732864526,0.05730129390018468,0,2,1,1,1,1,6,True,20日方向仍偏弱,宽松粗筛：方向/非极端波动/不过热；不以精确MA距离或距20日高点为硬规则,244,False,150,200,174,8,未入选：满足基础条件，但位于本次软容量边界之外（150-200只）
300189,神农种业,7.72,0.09503546099290783,0.22734499205087433,0.32191780821917804,0.5787321063394684,,,,0.2882447665056361,-0.03500000000000003,0.35471698113207545,0.8126049268509954,341026751.6,337580910.6,1.010207452174578,0.3847972789235021,0.3809091668203253,1.0102074521745779,False,0.06690349319123734,0.06310679611650483,True,3,2,部分收敛/待确认,-0.03500000000000003,0.9195402298850575,0.2608198595459743,,,,0.043243243243243246,6.21,5.72,0.24315619967793878,0.3496503496503496,2,2,0,0,1,1,6,True,近5日波动仍偏大,宽松粗筛：方向/非极端波动/不过热；不以精确MA距离或距20日高点为硬规则,244,False,150,200,174,8,未入选：满足基础条件，但位于本次软容量边界之外（150-200只）
300197,节能铁汉,2.03,0.014999999999999902,-0.004901960784313819,0.02010050251256268,0.06842105263157894,,,,0.11111111111111122,-0.1747967479674798,0.12371134020618568,0.8981481481481481,113441155.4,104198603.6,1.0887013019433593,0.03825720775112812,0.035140224121012816,1.08870130194336,False,-0.013605442176870763,-0.002449779519843154,False,3,1,结构未成熟,-0.1747967479674798,0.3582089552238803,-0.01908673592655241,,,,-0.05581395348837215,1.98,1.96,0.025252525252525082,0.03571428571428559,2,0,1,1,1,1,6,True,,宽松粗筛：方向/非极端波动/不过热；不以精确MA距离或距20日高点为硬规则,244,False,150,200,174,8,未入选：满足基础条件，但位于本次软容量边界之外（150-200只）
300209,行云科技,35.91,0.03160011490950865,0.02982506452537992,0.059292035398230025,-0.06460015629070082,,,,0.12852760736196311,-0.12414634146341474,0.24540470815865836,0.5237373330216134,62562633.0,84727318.9,0.7383997724965188,0.08421306154198306,0.11404805997875637,0.738399772496519,True,0.0112889147512365,0.019671168526130378,True,3,3,收敛较充分,-0.12414634146341474,0.5758333333333331,0.025414049114791615,,,,0.011549295774647694,32.6,32.3,0.10153374233128809,0.11176470588235299,0,2,1,1,1,1,6,True,20日方向仍偏弱,宽松粗筛：方向/非极端波动/不过热；不以精确MA距离或距20日高点为硬规则,244,False,150,200,174,8,未入选：满足基础条件，但位于本次软容量边界之外（150-200只）
300243,瑞丰高材,15.85,0.03190104166666674,-0.07634032634032639,-0.008135168961201589,0.07022282241728561,,,,0.13254593175853027,-0.24881516587677732,0.3808900523560211,0.3479900064038388,14951375.8,39151505.2,0.38188508267109994,0.06685201078403002,0.17505792663183603,0.3818850826710998,True,-0.048425290078143335,-0.014433485686793479,False,3,2,部分收敛/待确认,-0.24881516587677732,0.3566176470588235,-0.03770262886284992,,,,-0.08169177288528395,15.24,15.24,0.04002624671916011,0.04002624671916011,2,0,1,1,1,1,6,True,,宽松粗筛：方向/非极端波动/不过热；不以精确MA距离或距20日高点为硬规则,244,False,150,200,174,8,未入选：满足基础条件，但位于本次软容量边界之外（150-200只）
300287,飞利信,3.75,0.01902173913043481,0.030219780219780112,0.09011627906976738,-0.03598971722365041,,,,0.0580110497237569,-0.06015037593984962,0.12316715542521992,0.4709944751381216,34162010.8,24335292.3,1.4038052380410486,0.025824121132987245,0.01839580052359947,1.403805238041051,False,0.01305767138193703,0.01723179544191189,True,3,2,部分收敛/待确认,-0.07178217821782173,0.5396825396825395,0.021798365122615904,,,,-0.01055408970976257,3.62,3.41,0.035911602209944826,0.0997067448680351,0,2,1,1,1,1,6,True,20日方向仍偏弱,宽松粗筛：方向/非极端波动/不过热；不以精确MA距离或距20日高点为硬规则,244,False,150,200,174,8,未入选：满足基础条件，但位于本次软容量边界之外（150-200只）
300305,裕兴股份,6.26,-0.03245749613601234,-0.03245749613601234,0.04682274247491636,0.014586709886547755,,,,0.07568438003220608,-0.07396449704142016,0.10204081632653071,0.7417069243156189,9995407.2,9725374.8,1.0277657576754777,0.03109224452992193,0.030252267404047378,1.0277657576754784,False,0.010678391959799027,0.01702811244979907,True,3,2,部分收敛/待确认,-0.07396449704142016,0.5238095238095237,-0.007452037418741231,,,,-0.042813455657492394,6.21,5.89,0.008051529790660261,0.06281833616298815,2,0,1,1,1,1,6,True,,宽松粗筛：方向/非极端波动/不过热；不以精确MA距离或距20日高点为硬规则,244,False,150,200,174,8,未入选：满足基础条件，但位于本次软容量边界之外（150-200只）
300359,全通教育,4.3,0.018957345971563955,0.007025761124121788,0.06965174129353247,-0.02714932126696834,,,,0.06971153846153846,-0.10416666666666663,0.1037974683544304,0.6716111632270167,15635789.8,14959955.2,1.045176244912819,0.024689322441528213,0.023622161871453152,1.0451762449128206,False,-0.0055839925546765645,0.013330159485836823,True,3,2,部分收敛/待确认,-0.10416666666666663,0.4117647058823527,0.014869011092754292,,,,-0.0182648401826484,4.16,3.98,0.033653846153846034,0.08040201005025116,0,2,1,1,1,1,6,True,20日方向仍偏弱,宽松粗筛：方向/非极端波动/不过热；不以精确MA距离或距20日高点为硬规则,244,False,150,200,174,8,未入选：满足基础条件，但位于本次软容量边界之外（150-200只）
300413,芒果超媒,22.1,0.040000000000000036,0.3015312131919907,0.5808297567954221,0.3658838071693449,,,,0.1953204476093591,-0.05957446808510636,0.22954380883417813,0.8509070604054414,212821149.0,18934144.6,11.240072023111093,0.20830102549539306,0.018532000957564868,11.240072023111104,False,0.21099640412945142,0.12127324298770881,True,3,2,部分收敛/待确认,-0.05957446808510636,0.8555211558307535,0.33587209478042723,,,,-0.04700301854247524,19.66,13.81,0.12410986775178023,0.6002896451846489,2,2,0,0,1,1,6,True,近5日波动仍偏大,宽松粗筛：方向/非极端波动/不过热；不以精确MA距离或距20日高点为硬规则,244,False,150,200,174,8,未入选：满足基础条件，但位于本次软容量边界之外（150-200只）
300538,同益股份,15.32,0.06020761245674744,-0.026064844246662444,0.01658925016589241,0.01591511936339529,,,,0.13403508771929826,-0.08700834326579265,0.1430517711171663,0.9369690893901416,5436035.4,4452423.8,1.220915987377482,0.044387693998619526,0.03635605926822526,1.2209159873774829,False,-0.03802619865191392,-0.006155241674225653,False,3,1,结构未成熟,-0.08700834326579265,0.5667655786350148,-0.00032626427406190484,,,,-0.0382925298179535,14.25,14.25,0.07508771929824554,0.07508771929824554,2,0,1,1,1,1,6,True,,宽松粗筛：方向/非极端波动/不过热；不以精确MA距离或距20日高点为硬规则,244,False,150,200,174,8,未入选：满足基础条件，但位于本次软容量边界之外（150-200只）
300605,恒锋信息,10.53,-0.000948766603415585,-0.0028409090909091717,0.05089820359281427,-0.040983606557377095,,,,0.04423076923076914,-0.043596730245231696,0.08426395939086295,0.5249073215940675,6554985.8,6637200.7,0.9876130158306046,0.05186606104700041,0.05251658313087325,0.9876130158306051,True,0.011045515139973316,0.011672776384333394,True,3,3,收敛较充分,-0.08195292066259818,0.4197530864197527,0.005154639175257714,,,,-0.029493087557603714,10.4,9.87,0.012499999999999956,0.06686930091185417,0,2,1,1,1,1,6,True,20日方向仍偏弱,宽松粗筛：方向/非极端波动/不过热；不以精确MA距离或距20日高点为硬规则,244,False,150,200,174,8,未入选：满足基础条件，但位于本次软容量边界之外（150-200只）
300798,锦鸡股份,8.73,-0.019101123595505642,-0.017997750281214864,0.220979020979021,0.12210796915167088,,,,0.1893491124260357,-0.13134328358208958,0.39769452449567705,0.47611697110024936,60660487.0,31942313.2,1.899063684592511,0.14951922806026172,0.07873313005421645,1.8990636845925117,False,0.03015075376884413,0.064959400374766,True,3,2,部分收敛/待确认,-0.13134328358208958,0.5755627009646301,0.09405351212481983,,,,-0.09999999999999987,8.45,7.0,0.03313609467455625,0.2471428571428571,2,2,0,0,1,1,6,True,近5日波动仍偏大,宽松粗筛：方向/非极端波动/不过热；不以精确MA距离或距20日高点为硬规则,244,False,150,200,174,8,未入选：满足基础条件，但位于本次软容量边界之外（150-200只）
300830,金现代,9.59,-0.039078156312625345,0.1652490886998783,0.20477386934673358,0.13089622641509435,,,,0.278048780487805,-0.08492366412213748,0.08226221079691512,3.3800304878048815,37023822.4,8879043.6,4.169798467934092,0.10988424311397578,0.026352411023935495,4.169798467934095,False,0.131905573132149,0.06927895835892395,True,3,1,结构未成熟,-0.08492366412213748,0.6703703703703702,0.131229725744618,,,,-0.049554013875123926,8.2,7.78,0.16951219512195137,0.23264781491002573,2,2,0,0,1,1,6,True,近5日波动仍偏大,宽松粗筛：方向/非极端波动/不过热；不以精确MA距离或距20日高点为硬规则,244,False,150,200,174,8,未入选：满足基础条件，但位于本次软容量边界之外（150-200只）
300841,康华生物,50.99,0.0009815469179428327,-0.015066640911724938,-0.04280082598085233,0.039551478083588165,,,,0.04765671346648204,-0.15453490300116068,0.19996020692399533,0.2383309869477996,2874212.4,7446467.5,0.3859833404228246,0.02364141068286105,0.061249821448156536,0.38598334042282495,True,-0.025548416530433937,-0.032149056394726094,False,3,2,部分收敛/待确认,-0.15453490300116068,0.37908061292471706,-0.02182149537192457,,,,-0.03354814253222127,50.57,50.57,0.008305319359303898,0.008305319359303898,2,0,1,1,1,1,6,True,,宽松粗筛：方向/非极端波动/不过热；不以精确MA距离或距20日高点为硬规则,244,False,150,200,174,8,未入选：满足基础条件，但位于本次软容量边界之外（150-200只）
300897,山科智能,16.0,-0.007444168734491385,-0.018404907975460127,-0.05493207324276428,0.0018785222291797243,,,,0.05279698302954116,-0.07514450867052025,0.1270358306188926,0.4156070202581827,1768776.4,3552318.2,0.4979217233411128,0.014680814231330292,0.0294841810331558,0.49792172334111295,True,-0.0029393753827312574,0.0006108362348056229,True,3,3,收敛较充分,-0.0939977349943375,0.3196721311475408,-0.014687317178310733,,,,-0.03961584633853543,15.91,15.6,0.0056568196103079504,0.025641025641025772,2,0,1,1,1,1,6,True,,宽松粗筛：方向/非极端波动/不过热；不以精确MA距离或距20日高点为硬规则,244,False,150,200,174,8,未入选：满足基础条件，但位于本次软容量边界之外（150-200只）
300985,致远新能,36.21,-0.0011034482758620623,-0.0667525773195875,-0.04985568092364201,0.06594053576685321,,,,0.09489051094890519,-0.17044673539518895,0.21249999999999997,0.4465435809360245,2577921.4,4797803.1,0.5373128797219711,0.01382170994670169,0.025723764436567438,0.5373128797219716,True,-0.02892868496344192,-0.01924585534229395,False,3,2,部分收敛/待确认,-0.17044673539518895,0.5311909262759925,-0.0499429336062025,,,,-0.07153846153846155,35.62,35.62,0.01656372824256036,0.01656372824256036,2,0,1,1,1,1,6,True,,宽松粗筛：方向/非极端波动/不过热；不以精确MA距离或距20日高点为硬规则,244,False,150,200,174,8,未入选：满足基础条件，但位于本次软容量边界之外（150-200只）
301060,兰卫医学,10.45,0.0009578544061301653,-0.02336448598130836,-0.08573928258967634,0.04814443329989948,,,,0.0766990291262135,-0.2514326647564471,0.3107981220657277,0.24678086410700112,12695489.0,36062720.9,0.3520391330206036,0.03524895368712162,0.10012794141570229,0.3520391330206036,True,-0.03951642006495837,-0.03235216123044293,False,3,2,部分收敛/待确认,-0.2514326647564471,0.31844660194174734,-0.07513939286662552,,,,-0.05429864253393679,10.3,10.3,0.014563106796116276,0.014563106796116276,2,0,1,1,1,1,6,True,,宽松粗筛：方向/非极端波动/不过热；不以精确MA距离或距20日高点为硬规则,244,False,150,200,174,8,未入选：满足基础条件，但位于本次软容量边界之外（150-200只）
301086,鸿富瀚,154.49,-0.018674966651845204,0.1472597653349177,0.32178302532511993,0.3292892789537085,,,,0.30477011044098073,-0.07257774042502108,0.2485027181424491,1.22642566133332,7729606.4,4801204.3,1.609930741751606,0.11080147331319568,0.06882375150662912,1.6099307417516067,False,0.12813323527609244,0.08632802267152506,True,3,1,结构未成熟,-0.07257774042502108,0.8427623878267655,0.19862827704458907,,,,-0.0344374999999999,127.67,108.53,0.2100728440510693,0.4234773795263982,2,2,0,0,1,1,6,True,近5日波动仍偏大,宽松粗筛：方向/非极端波动/不过热；不以精确MA距离或距20日高点为硬规则,244,False,150,200,174,8,未入选：满足基础条件，但位于本次软容量边界之外（150-200只）
301129,瑞纳智能,23.54,0.008137044967879925,-0.008424599831508006,-0.012169534200587417,0.10309278350515472,,,,0.046260268050151335,-0.11035525321239614,0.17547756552643265,0.2636249705845334,3000761.4,6837249.4,0.43888429753637476,0.04447384341768867,0.10133386787209601,0.4388842975363747,True,-0.006064690026954089,-0.01319250198305022,False,3,2,部分收敛/待确认,-0.11035525321239614,0.5092436974789912,-0.006289839165857569,,,,-0.023641642472003288,23.13,22.51,0.017725897103328947,0.045757441137272314,2,0,1,1,1,1,6,True,,宽松粗筛：方向/非极端波动/不过热；不以精确MA距离或距20日高点为硬规则,244,False,150,200,174,8,未入选：满足基础条件，但位于本次软容量边界之外（150-200只）
301177,迪阿股份,24.2,-0.011033919084593391,-0.018255578093306246,-0.015860105734038288,0.011282908483075671,,,,0.10337552742616031,-0.1576749042812392,0.31427264409881067,0.3289358121595144,4939454.8,5096635.1,0.969159985575581,0.01234832829179264,0.012741269218269468,0.9691599855755817,True,-0.03010348071495772,0.011715481171548081,False,3,2,部分收敛/待确认,-0.1576749042812392,0.3406113537117903,-0.0029253018005027664,,,,-0.05616224648985968,23.7,23.17,0.021097046413502074,0.04445403539059112,2,0,1,1,1,1,6,True,,宽松粗筛：方向/非极端波动/不过热；不以精确MA距离或距20日高点为硬规则,244,False,150,200,174,8,未入选：满足基础条件，但位于本次软容量边界之外（150-200只）
301211,亨迪药业,11.79,0.016379310344827536,-0.028029678483099896,0.0034042553191488967,0.01725625539257969,,,,0.05994787141615982,-0.21400000000000008,0.2919896640826874,0.20530819679693668,9306367.2,31815253.3,0.29251274890839857,0.022285554185811945,0.07618660816999379,0.2925127489083986,True,-0.03988973568996268,-0.019883878151594647,False,3,2,部分收敛/待确认,-0.21400000000000008,0.26712328767123283,-0.04715723117953696,,,,-0.03360655737704921,11.51,11.51,0.024326672458731435,0.024326672458731435,2,0,1,1,1,1,6,True,,宽松粗筛：方向/非极端波动/不过热；不以精确MA距离或距20日高点为硬规则,244,False,150,200,174,8,未入选：满足基础条件，但位于本次软容量边界之外（150-200只）
301399,英特科技,20.55,-0.012019230769230727,-0.12254483347566181,0.20457209847596736,0.18443804034582123,,,,0.12728169708929463,-0.12553191489361704,0.41395908543922977,0.3074740996546624,10876007.8,7931767.3,1.3711960258844207,0.1988898058002268,0.14504841178484526,1.3711960258844207,False,-0.036485144044071105,0.05741942023109692,False,3,1,结构未成熟,-0.12553191489361704,0.6402439024390244,0.07811762237028486,,,,-0.10065645514223198,20.27,16.86,0.013813517513566964,0.21886120996441294,2,2,1,0,1,0,6,True,近10日速度偏快,宽松粗筛：方向/非极端波动/不过热；不以精确MA距离或距20日高点为硬规则,244,False,150,200,174,8,未入选：满足基础条件，但位于本次软容量边界之外（150-200只）
301489,思泉新材,138.91,0.06038167938931305,0.1518242122719735,0.21861566804105625,0.39188376753507015,,,,0.2379494357449041,-0.01837325984029392,0.23246492985971948,1.0235928313509235,10585583.8,8031305.9,1.3180401707772083,0.1521337613309149,0.11542422204112808,1.3180401707772087,False,0.08709802532840927,0.0776274024207333,True,3,1,结构未成熟,-0.01837325984029392,0.9547904712223962,0.19564983495367083,,,,-0.010612535612535723,114.31,109.8,0.21520426909281776,0.26511839708561014,2,2,0,0,1,1,6,True,近5日波动仍偏大,宽松粗筛：方向/非极端波动/不过热；不以精确MA距离或距20日高点为硬规则,244,False,150,200,174,8,未入选：满足基础条件，但位于本次软容量边界之外（150-200只）
301529,福赛科技,125.7,0.174766355140187,0.10166520595968453,0.1408604102377926,0.5687008611007114,,,,0.20688034589717083,-0.0210280373831776,0.39162790697674427,0.5282574152956261,3312416.4,3884641.2,0.8526955848586479,0.05210932382587764,0.06111128608050183,0.8526955848586477,True,0.0037691730504127996,0.02840006426161623,True,3,3,收敛较充分,-0.0210280373831776,0.950648875891062,0.1567608854696294,,,,0.0686049477174191,106.39,105.0,0.18150202086662293,0.19714285714285706,2,2,0,1,1,0,6,True,近5日波动仍偏大,宽松粗筛：方向/非极端波动/不过热；不以精确MA距离或距20日高点为硬规则,244,False,150,200,174,8,未入选：满足基础条件，但位于本次软容量边界之外（150-200只）
301550,斯菱智驱,97.75,0.19997544807267387,0.09376748349558017,0.1251151012891345,0.34179821551132483,,,,0.21067624473619032,0.0,0.243605359317905,0.8648259846420612,10433346.0,10060358.4,1.037074981344601,0.05084077265314992,0.049023237053923766,1.0370749813446005,False,0.0017461109347363113,0.01089605075628719,True,3,2,部分收敛/待确认,0.0,1.0,0.11733440018288865,,,,0.06737278881851938,80.74,80.74,0.2106762447361903,0.2106762447361903,2,2,0,1,1,0,6,True,近5日波动仍偏大,宽松粗筛：方向/非极端波动/不过热；不以精确MA距离或距20日高点为硬规则,244,False,150,200,174,8,未入选：满足基础条件，但位于本次软容量边界之外（150-200只）
600103,青山纸业,3.91,0.10140845070422544,0.026246719160105014,0.3671328671328673,0.3120805369127517,,,,0.21449275362318845,-0.06904761904761902,0.5053763440860215,0.4244218316373729,522028600.6,220551312.2,2.3669258432097418,0.23596336237048007,0.0996919117882015,2.366925843209742,False,-0.016836734693877475,0.07292563881711178,False,3,1,结构未成熟,-0.06904761904761902,0.7943262411347518,0.17206235011990412,,,,-0.050970873786407744,3.45,2.83,0.1333333333333333,0.3816254416961131,2,2,0,0,1,1,6,True,近5日波动仍偏大,宽松粗筛：方向/非极端波动/不过热；不以精确MA距离或距20日高点为硬规则,244,False,150,200,174,8,未入选：满足基础条件，但位于本次软容量边界之外（150-200只）
600105,永鼎股份,38.99,0.049246501614639504,-0.03202581926514392,0.024704336399474558,0.03504114680116799,,,,0.09640522875816991,-0.10078413284132837,0.18599562363238503,0.5183198769703962,97310007.2,125684587.2,0.7742397804525709,0.06655974909546908,0.08596787555473126,0.774239780452571,True,-0.028428600282771277,-0.0029825634750687557,False,3,2,部分收敛/待确认,-0.10078413284132837,0.6229508196721314,-0.014271448254939423,,,,-0.031544957774465865,36.72,36.56,0.06181917211328991,0.06646608315098468,2,0,1,1,1,1,6,True,,宽松粗筛：方向/非极端波动/不过热；不以精确MA距离或距20日高点为硬规则,244,False,150,200,174,8,未入选：满足基础条件，但位于本次软容量边界之外（150-200只）
600127,金健米业,13.53,0.09999999999999987,0.12375415282392033,0.5992907801418437,1.1476190476190475,,,,0.21754385964912284,-0.025216138328530313,0.8637037037037038,0.25187325088020224,220135829.8,220842453.2,0.9968003280630104,0.3430065224921478,0.3441075537752687,0.9968003280630103,True,0.06491781504233773,0.12657743785850872,True,3,3,收敛较充分,-0.025216138328530313,0.9581339712918658,0.4337183426936524,,,,0.021903323262839836,11.4,8.46,0.1868421052631577,0.5992907801418437,2,2,0,0,1,1,6,True,近5日波动仍偏大,宽松粗筛：方向/非极端波动/不过热；不以精确MA距离或距20日高点为硬规则,244,False,150,200,174,8,未入选：满足基础条件，但位于本次软容量边界之外（150-200只）
600198,大唐电信,7.58,0.0053050397877985045,-0.056039850560398397,-0.03439490445859872,0.04264099037138935,,,,0.06942590120160208,-0.0845410628019323,0.1342465753424657,0.5171521211956075,18603325.8,35333800.1,0.5265022654611101,0.014288819540388359,0.027139141610101548,0.5265022654611107,True,-0.025095057034220325,-0.0020452511824109454,False,3,2,部分收敛/待确认,-0.0845410628019323,0.44000000000000017,-0.012506513809275699,,,,-0.05368289637952561,7.49,7.49,0.012016021361815676,0.012016021361815676,2,0,1,1,1,1,6,True,,宽松粗筛：方向/非极端波动/不过热；不以精确MA距离或距20日高点为硬规则,244,False,150,200,174,8,未入选：满足基础条件，但位于本次软容量边界之外（150-200只）
600227,赤天化,4.51,0.05128205128205132,-0.10515873015873023,0.14177215189873404,0.228882833787466,,,,0.2793427230046949,-0.1724770642201836,0.5044776119402985,0.5537266994471763,356988304.6,275500931.9,1.2957789367100143,0.27942107048055015,0.21563946022305389,1.295778936710014,False,-0.023470243084660503,0.03632183908045983,False,3,1,结构未成熟,-0.1724770642201836,0.5948275862068965,0.1047152480097977,,,,-0.13766730401529648,4.26,3.69,0.05868544600938974,0.2222222222222221,2,2,0,1,1,0,6,True,近5日波动仍偏大,宽松粗筛：方向/非极端波动/不过热；不以精确MA距离或距20日高点为硬规则,244,False,150,200,174,8,未入选：满足基础条件，但位于本次软容量边界之外（150-200只）
600228,返利科技,9.92,-0.03689320388349526,0.11963882618510158,0.2097560975609758,0.2024242424242424,,,,0.2082866741321388,-0.08063021316033359,0.14285714285714265,1.4580067189249737,47968538.2,25175766.6,1.9053456827010782,0.11529868206946323,0.06051326177516101,1.9053456827010784,False,0.10665471655836889,0.06849633678334666,True,3,1,结构未成熟,-0.08063021316033359,0.766756032171582,0.1319678210760542,,,,-0.07548928238583419,8.93,8.08,0.11086226203807392,0.2277227722772277,2,2,0,0,1,1,6,True,近5日波动仍偏大,宽松粗筛：方向/非极端波动/不过热；不以精确MA距离或距20日高点为硬规则,244,False,150,200,174,8,未入选：满足基础条件，但位于本次软容量边界之外（150-200只）
600354,敦煌种业,9.53,0.10046189376443415,0.14957780458383607,0.4374057315233786,0.5247999999999999,,,,0.27066666666666656,0.0,0.44943820224719083,0.6022333333333333,122557854.6,118589515.6,1.0334628148190192,0.23220419025252798,0.22468557835164268,1.0334628148190195,False,0.0508597723419717,0.08179524631523027,True,3,2,部分收敛/待确认,0.0,1.0,0.3069116840373012,,,,0.05537098560354381,7.5,6.6,0.2706666666666666,0.44393939393939386,2,2,0,0,1,1,6,True,近5日波动仍偏大,宽松粗筛：方向/非极端波动/不过热；不以精确MA距离或距20日高点为硬规则,244,False,150,200,174,8,未入选：满足基础条件，但位于本次软容量边界之外（150-200只）
600409,三友化工,6.93,-0.03347280334728031,-0.06729475100942128,0.0014450867052022698,0.0,,,,0.10818713450292401,-0.08575197889182062,0.1398176291793313,0.7737732011187392,27473841.6,35956411.3,0.764087421594268,0.01330871651920042,0.01741779296854778,0.7640874215942666,True,-0.019553841916827408,0.013877088643443614,False,3,2,部分收敛/待确认,-0.08575197889182062,0.43478260869565205,-0.0046678635547576786,,,,-0.07352941176470595,6.84,6.83,0.013157894736842035,0.014641288433382194,2,0,1,1,1,1,6,True,,宽松粗筛：方向/非极端波动/不过热；不以精确MA距离或距20日高点为硬规则,244,False,150,200,174,8,未入选：满足基础条件，但位于本次软容量边界之外（150-200只）
600468,百利电气,6.3,0.0,-0.01562500000000011,0.0732538330494037,-0.04977375565610864,,,,0.05483870967741933,-0.08695652173913049,0.20000000000000007,0.27419354838709653,33950007.8,33815211.5,1.0039862622181144,0.03121164417901623,0.031087720373842664,1.0039862622181148,False,-0.020401854714065082,0.020793346129238444,False,3,1,结构未成熟,-0.10128388017118406,0.43650793650793646,0.012373453318335281,,,,-0.03669724770642202,6.2,5.81,0.016129032258064502,0.0843373493975903,0,2,1,1,1,1,6,True,20日方向仍偏弱,宽松粗筛：方向/非极端波动/不过热；不以精确MA距离或距20日高点为硬规则,244,False,150,200,174,8,未入选：满足基础条件，但位于本次软容量边界之外（150-200只）
600479,千金药业,13.86,0.05399239543726231,0.1407407407407406,0.41428571428571415,0.3985872855701311,,,,0.27029360967184807,-0.05778382053025166,0.3857290589451914,0.7007343714548983,115603790.0,38484744.1,3.003886155501291,0.2762289703188011,0.09195720344225351,3.0038861555012923,False,0.05740653840137644,0.10157068062827213,True,3,2,部分收敛/待确认,-0.05778382053025166,0.8320158102766796,0.22943185346165773,,,,-0.028050490883590462,11.58,9.76,0.1968911917098446,0.42008196721311464,2,2,0,0,1,1,6,True,近5日波动仍偏大,宽松粗筛：方向/非极端波动/不过热；不以精确MA距离或距20日高点为硬规则,244,False,150,200,174,8,未入选：满足基础条件，但位于本次软容量边界之外（150-200只）
600508,上海能源,11.37,0.013368983957219083,-0.04131534569983142,0.15080971659919018,0.3009153318077802,,,,0.21082089552238803,-0.1240369799691835,0.49766899766899764,0.4236166940473277,73301979.4,50965607.7,1.4382636194878533,0.07244673124826795,0.0503709683444995,1.4382636194878535,False,-0.038402977499576996,0.05325877715647631,False,3,1,结构未成熟,-0.1240369799691835,0.647702407002188,0.11771934136151385,,,,-0.11310452418096728,10.72,10.35,0.06063432835820892,0.09855072463768111,2,2,0,1,1,0,6,True,近5日波动仍偏大,宽松粗筛：方向/非极端波动/不过热；不以精确MA距离或距20日高点为硬规则,244,False,150,200,174,8,未入选：满足基础条件，但位于本次软容量边界之外（150-200只）
600540,新赛股份,6.72,0.09983633387888702,0.2086330935251799,0.6592592592592592,0.6674937965260543,,,,0.22810218978102187,-0.0014858841010402246,0.43298969072164945,0.5268074383037886,132905606.6,34520836.3,3.8500112061306,0.228604873849834,0.05937771648191903,3.8500112061306018,False,0.13155080213903747,0.1409090909090911,True,3,2,部分收敛/待确认,-0.0014858841010402246,0.9966777408637871,0.4080670508119433,,,,0.04510108864696738,5.48,4.0,0.22627737226277356,0.6799999999999999,2,2,0,0,1,1,6,True,近5日波动仍偏大,宽松粗筛：方向/非极端波动/不过热；不以精确MA距离或距20日高点为硬规则,244,False,150,200,174,8,未入选：满足基础条件，但位于本次软容量边界之外（150-200只）
600551,时代出版,8.15,0.012422360248447228,-0.012121212121212088,0.19326500732064433,0.17097701149425304,,,,0.21951219512195122,-0.14210526315789473,0.220414201183432,0.9959076771975771,86519570.0,9168207.2,9.43691259508184,0.12759958927181153,0.013521327869277016,9.436912595081852,False,0.03948348646635225,0.04667647452186707,True,3,2,部分收敛/待确认,-0.14210526315789473,0.5072992700729929,0.10568443901777247,,,,-0.10242290748898675,7.79,6.76,0.04621309370988458,0.20562130177514804,2,2,0,1,1,0,6,True,近5日波动仍偏大,宽松粗筛：方向/非极端波动/不过热；不以精确MA距离或距20日高点为硬规则,244,False,150,200,174,8,未入选：满足基础条件，但位于本次软容量边界之外（150-200只）
600613,神奇制药,9.41,0.0432372505543237,-0.15681003584229392,-0.04949494949494948,0.8131021194605008,,,,0.36757990867579915,-0.2631166797180893,0.7303523035230352,0.5032912293186267,132221108.2,114721520.8,1.1525397090098548,0.2866574653810904,0.23934224748712643,1.1976885334316454,False,-0.13571048430015964,0.0005733397037746002,False,3,1,结构未成熟,-0.2631166797180893,0.5746835443037975,0.06046092297289696,,,,-0.15681003584229392,8.76,8.76,0.07420091324200917,0.07420091324200917,2,2,0,1,1,0,6,True,近5日波动仍偏大,宽松粗筛：方向/非极端波动/不过热；不以精确MA距离或距20日高点为硬规则,244,False,150,200,174,8,未入选：满足基础条件，但位于本次软容量边界之外（150-200只）
600657,信达地产,3.33,-0.0485714285714286,0.2425373134328357,0.3058823529411765,0.28076923076923066,,,,0.39622641509433976,-0.09999999999999998,0.184,2.1534044298605424,155007116.6,32481391.0,4.77218221965925,0.0543526350917473,0.011389471857935077,4.7721822196592605,False,0.15512265512265544,0.08781030011115254,True,3,1,结构未成熟,-0.09999999999999998,0.6916666666666667,0.20346946151066136,,,,-0.008928571428571397,2.65,2.54,0.2566037735849058,0.3110236220472442,2,2,0,0,1,1,6,True,近5日波动仍偏大,宽松粗筛：方向/非极端波动/不过热；不以精确MA距离或距20日高点为硬规则,244,False,150,200,174,8,未入选：满足基础条件，但位于本次软容量边界之外（150-200只）
600683,京投发展,9.96,0.04293193717277477,-0.10189359783588814,0.01116751269035543,0.025746652935118464,,,,0.14194915254237286,-0.29957805907172996,0.2688284518828452,0.5280287542043131,37356026.8,56151526.8,0.6652717909711406,0.05042812708063038,0.07580078963970072,0.6652717909711406,True,-0.07217651458489172,-0.011610055651506523,False,3,2,部分收敛/待确认,-0.29957805907172996,0.32807570977917994,-0.06333756524192413,,,,-0.07606679035250452,9.44,9.44,0.05508474576271194,0.05508474576271194,2,0,1,1,1,1,6,True,,宽松粗筛：方向/非极端波动/不过热；不以精确MA距离或距20日高点为硬规则,244,False,150,200,174,8,未入选：满足基础条件，但位于本次软容量边界之外（150-200只）
600693,东百集团,11.49,0.05123513266239721,0.23415682062298604,0.3501762632197416,0.1309055118110236,,,,0.2579281183932346,-0.03445378151260503,0.2577197149643705,1.0008086437193713,140804278.2,54822017.1,2.5683892284218777,0.16203904414221668,0.06308975382278018,2.568389228421879,False,0.1080412371134023,0.07599439473967884,True,3,1,结构未成熟,-0.03445378151260503,0.882183908045977,0.18009551686951175,,,,0.04076086956521752,9.46,8.42,0.21458773784355167,0.3646080760095012,2,2,0,0,1,1,6,True,近5日波动仍偏大,宽松粗筛：方向/非极端波动/不过热；不以精确MA距离或距20日高点为硬规则,244,False,150,200,174,8,未入选：满足基础条件，但位于本次软容量边界之外（150-200只）
600722,金牛化工,17.97,0.04476744186046511,0.06964285714285712,0.24965229485396367,0.43530351437699677,,,,0.25062972292191427,-0.095166163141994,0.4532871972318339,0.5529159536216276,159456762.0,143971927.7,1.1075545389116854,0.2343850510653171,0.2116239361861408,1.1075545389116852,False,0.07865978143388963,0.07003916449086178,True,3,2,部分收敛/待确认,-0.095166163141994,0.8002114164904862,0.23424568151378788,,,,-0.05071315372424723,15.88,12.87,0.1316120906801006,0.3962703962703962,2,2,0,0,1,1,6,True,近5日波动仍偏大,宽松粗筛：方向/非极端波动/不过热；不以精确MA距离或距20日高点为硬规则,244,False,150,200,174,8,未入选：满足基础条件，但位于本次软容量边界之外（150-200只）
600815,厦工股份,4.02,-0.009852216748768461,-0.11648351648351651,0.041450777202072464,0.11357340720221609,,,,0.21614583333333337,-0.1625000000000001,0.283422459893048,0.7626277515723275,94789586.4,88857316.2,1.0667617530406575,0.0534298412337092,0.050086011315473966,1.066761753040657,False,-0.03796889295516914,0.013081395348837344,False,3,1,结构未成熟,-0.1625000000000001,0.5185185185185183,0.0004977600796416404,,,,-0.13918629550321204,3.84,3.74,0.046875,0.07486631016042766,2,2,0,1,1,0,6,True,近5日波动仍偏大,宽松粗筛：方向/非极端波动/不过热；不以精确MA距离或距20日高点为硬规则,244,False,150,200,174,8,未入选：满足基础条件，但位于本次软容量边界之外（150-200只）
600828,茂业商业,5.08,0.02213279678068414,0.2795969773299747,0.30927835051546393,0.27,,,,0.37121212121212116,-0.0644567219152854,0.08421052631578956,4.408143939393934,91240055.0,12710676.7,7.178221675640605,0.05269848296228086,0.0073414398918765274,7.178221675640625,False,0.14440263405456255,0.08292682926829276,True,3,1,结构未成熟,-0.0644567219152854,0.7852760736196321,0.20880428316478272,,,,-0.03969754253308133,3.96,3.8,0.2828282828282829,0.33684210526315805,2,2,0,0,1,1,6,True,近5日波动仍偏大,宽松粗筛：方向/非极端波动/不过热；不以精确MA距离或距20日高点为硬规则,244,False,150,200,174,8,未入选：满足基础条件，但位于本次软容量边界之外（150-200只）
600857,宁波中百,22.86,0.1000962463907602,0.13618290258449295,0.1844559585492227,0.2864378165447383,,,,0.20315789473684207,0.0,0.13758029978586725,1.4766496006553345,11935653.8,5859173.6,2.0370882678745006,0.05320817631001372,0.026119720558565273,2.0370882678745006,False,0.023060174188440197,0.012146752602875344,True,3,1,结构未成熟,0.0,1.0,0.1316831683168318,,,,0.07932011331444766,19.0,18.68,0.20315789473684198,0.22376873661670227,2,2,0,1,1,0,6,True,近5日波动仍偏大,宽松粗筛：方向/非极端波动/不过热；不以精确MA距离或距20日高点为硬规则,244,False,150,200,174,8,未入选：满足基础条件，但位于本次软容量边界之外（150-200只）
600869,远东股份,20.88,-0.015094339622641506,0.09433962264150941,0.2920792079207921,0.33333333333333326,,,,0.24194460146975677,-0.04961310878470637,0.3168316831683168,0.7636376483889199,269933048.0,220614365.5,1.22355154610274,0.1216269241050156,0.09940482237337857,1.2235515461027402,False,0.08018512539016243,0.07637272159445807,True,3,2,部分收敛/待确认,-0.04961310878470637,0.875,0.18173071481125125,,,,-0.026119402985074758,17.69,15.15,0.18032786885245877,0.3782178217821781,2,2,0,0,1,1,6,True,近5日波动仍偏大,宽松粗筛：方向/非极端波动/不过热；不以精确MA距离或距20日高点为硬规则,244,False,150,200,174,8,未入选：满足基础条件，但位于本次软容量边界之外（150-200只）
600881,亚泰集团,1.88,0.010752688172043001,-0.015706806282722474,0.0053475935828875,0.10588235294117654,,,,0.09392265193370161,-0.23886639676113375,0.19459459459459452,0.4826580724370779,105965263.4,218414370.8,0.4851570114726169,0.032784750401023036,0.06757554693790806,0.48515701147261714,True,-0.03760162601626027,-0.011752682677567572,False,3,2,部分收敛/待确认,-0.23886639676113375,0.2716049382716048,-0.05194150277357534,,,,-0.0505050505050505,1.81,1.81,0.03867403314917128,0.03867403314917128,2,0,1,1,1,1,6,True,,宽松粗筛：方向/非极端波动/不过热；不以精确MA距离或距20日高点为硬规则,244,False,150,200,174,8,未入选：满足基础条件，但位于本次软容量边界之外（150-200只）
600892,大晟文化,4.83,-0.016293279022403295,0.09276018099547523,0.2777777777777779,0.26439790575916233,,,,0.25053078556263264,-0.17996604414261452,0.21428571428571422,1.1691436659589527,111344553.2,31159085.0,3.573421786936298,0.19907145385316918,0.055708915913854275,3.5734217869362994,False,0.12190812720848054,0.091299165673421,True,3,1,结构未成熟,-0.17996604414261452,0.5655737704918034,0.14754098360655732,,,,-0.09719626168224293,4.71,3.72,0.02547770700636942,0.2983870967741935,2,2,0,0,1,1,6,True,近5日波动仍偏大,宽松粗筛：方向/非极端波动/不过热；不以精确MA距离或距20日高点为硬规则,244,False,150,200,174,8,未入选：满足基础条件，但位于本次软容量边界之外（150-200只）
600967,内蒙一机,13.34,-0.02342606149341142,0.20397111913357402,0.2238532110091742,0.09344262295081962,,,,0.3260672116257947,-0.08630136986301373,0.09039548022598878,3.607118528610351,118231950.4,16339830.2,7.235812670807314,0.06947486244531756,0.009601528619668644,7.235812670807327,False,0.12116590408405359,0.0707559623338907,True,3,1,结构未成熟,-0.08630136986301373,0.6834170854271358,0.1379825122627425,,,,-0.06385964912280706,11.01,10.82,0.21162579473206167,0.2329020332717191,2,2,0,0,1,1,6,True,近5日波动仍偏大,宽松粗筛：方向/非极端波动/不过热；不以精确MA距离或距20日高点为硬规则,244,False,150,200,174,8,未入选：满足基础条件，但位于本次软容量边界之外（150-200只）
600988,赤峰黄金,44.48,-0.026482818997592528,-0.04977568895535156,-0.08796391224113198,0.01715069746169684,,,,0.09218069250171987,-0.14445085593383356,0.2786522380718152,0.33080908712444196,51850037.2,79806162.5,0.6496996669900023,0.03116153773906094,0.04796298862739066,0.6496996669900015,True,-0.031158590868625158,-0.015862650094796815,False,3,2,部分收敛/待确认,-0.14445085593383356,0.4939353099730456,-0.008139145947151372,,,,-0.06259220231822982,43.61,43.61,0.019949552854849673,0.019949552854849673,2,0,1,1,1,1,6,True,,宽松粗筛：方向/非极端波动/不过热；不以精确MA距离或距20日高点为硬规则,244,False,150,200,174,8,未入选：满足基础条件，但位于本次软容量边界之外（150-200只）
601002,晋亿实业,5.36,-0.007407407407407418,-0.0445632798573975,0.0248565965583174,-0.02010968921389389,,,,0.06792452830188686,-0.053003533568904526,0.10156249999999992,0.6687953555878097,12771056.2,13723300.6,0.9306111242655429,0.01338066988592016,0.014378368726765919,0.9306111242655433,True,0.0033051781123760726,0.009889904832991459,True,3,3,收敛较充分,-0.053003533568904526,0.5000000000000008,0.001588339717836229,,,,-0.049645390070921835,5.3,5.18,0.01132075471698113,0.0347490347490349,0,2,1,1,1,1,6,True,20日方向仍偏弱,宽松粗筛：方向/非极端波动/不过热；不以精确MA距离或距20日高点为硬规则,244,False,150,200,174,8,未入选：满足基础条件，但位于本次软容量边界之外（150-200只）
601011,宝泰隆,2.88,-0.006896551724137945,-0.06493506493506496,-0.040000000000000036,0.0588235294117645,,,,0.1619718309859155,-0.13772455089820357,0.2462686567164178,0.6577037985488693,86167373.4,124956366.4,0.6895796979576705,0.04498040844091645,0.06522873073864414,0.6895796979576705,True,-0.031393067364290594,-0.012239497188223702,False,3,2,部分收敛/待确认,-0.13772455089820357,0.41025641025641013,-0.009969061533172896,,,,-0.09717868338558,2.84,2.84,0.014084507042253502,0.014084507042253502,2,0,1,1,1,1,6,True,,宽松粗筛：方向/非极端波动/不过热；不以精确MA距离或距20日高点为硬规则,244,False,150,200,174,8,未入选：满足基础条件，但位于本次软容量边界之外（150-200只）
601138,工业富联,66.57,0.04521902967498814,0.026681061073411394,0.1021523178807946,-0.03772766695576779,,,,0.0892508143322475,-0.02817518248175188,0.15234042553191493,0.5858642840245296,106556778.8,109101117.6,0.9766790766586978,0.005369697806027397,0.005497914242616496,0.9766790766587004,True,0.002267859392717675,0.012973683788508161,True,3,3,收敛较充分,-0.06199802733549398,0.6892655367231634,0.04315532154945467,,,,0.02415384615384597,61.4,58.75,0.08420195439739397,0.13310638297872335,0,2,1,1,1,1,6,True,20日方向仍偏弱,宽松粗筛：方向/非极端波动/不过热；不以精确MA距离或距20日高点为硬规则,244,False,150,200,174,8,未入选：满足基础条件，但位于本次软容量边界之外（150-200只）
601566,九牧王,10.69,0.01712654614652709,0.2488317757009344,0.28485576923076916,0.23441108545034628,,,,0.34117647058823536,-0.06228070175438605,0.07411907654921013,4.603085824493737,51204388.6,5803419.3,8.823141316016923,0.0891073412152347,0.01009927621282401,8.82314131601695,False,0.14520062070494322,0.07720588235294135,True,3,1,结构未成熟,-0.06228070175438605,0.7760252365930597,0.19695442839547628,,,,-0.051464063886424105,8.5,8.23,0.25764705882352934,0.29890643985419185,2,2,0,0,1,1,6,True,近5日波动仍偏大,宽松粗筛：方向/非极端波动/不过热；不以精确MA距离或距20日高点为硬规则,244,False,150,200,174,8,未入选：满足基础条件，但位于本次软容量边界之外（150-200只）
603061,金海通,322.51,0.046057539489474886,-0.057484364954117795,-0.0713792110567234,0.007875246101440636,,,,0.1344736842105263,-0.1329910210226357,0.1660815047021944,0.8096848860543201,3309465.4,4288224.1,0.7717566346404331,0.03803983218390805,0.049289932183908015,0.7717566346404336,True,-0.04455650161196989,-0.03073830525976884,False,3,2,部分收敛/待确认,-0.1329910210226357,0.6208614347026362,-0.048819835841716674,,,,-0.06105158961220458,304.0,304.0,0.060888157894736894,0.060888157894736894,2,0,1,1,1,1,6,True,,宽松粗筛：方向/非极端波动/不过热；不以精确MA距离或距20日高点为硬规则,244,False,150,200,174,8,未入选：满足基础条件，但位于本次软容量边界之外（150-200只）
603079,圣达生物,13.08,0.01552795031055898,-0.0083396512509476,0.03562945368171011,0.07125307125307123,,,,0.08127490039840633,-0.19408502772643255,0.3604358759430009,0.22549059575650868,7841361.2,19580594.6,0.40046593886377685,0.04148218165000424,0.10358479367233993,0.400465938863777,True,-0.024009603841536498,-0.0058946425906583055,False,3,2,部分收敛/待确认,-0.19408502772643255,0.37250996015936244,-0.014577918408859691,,,,-0.03610906411201176,12.55,12.55,0.04223107569721107,0.04223107569721107,2,0,1,1,1,1,6,True,,宽松粗筛：方向/非极端波动/不过热；不以精确MA距离或距20日高点为硬规则,244,False,150,200,174,8,未入选：满足基础条件，但位于本次软容量边界之外（150-200只）
603089,正裕工业,9.8,0.01030927835051565,-0.06309751434034416,-0.06932573599240255,0.08768035516093242,,,,0.10072689511941836,-0.1694915254237288,0.2812160694896851,0.3581832834169279,7700126.2,13195587.9,0.5835379414963391,0.032079412425447616,0.05497399593792972,0.5835379414963391,True,-0.02640264026402639,-0.006387921022067422,False,3,2,部分收敛/待确认,-0.1694915254237288,0.38461538461538464,-0.03190753729131679,,,,-0.07547169811320742,9.63,9.63,0.017653167185877505,0.017653167185877505,2,0,1,1,1,1,6,True,,宽松粗筛：方向/非极端波动/不过热；不以精确MA距离或距20日高点为硬规则,244,False,150,200,174,8,未入选：满足基础条件，但位于本次软容量边界之外（150-200只）
603113,金能科技,5.39,-0.03749999999999998,-0.11202635914332792,0.08232931726907622,0.16919739696312353,,,,0.19252336448598137,-0.15517241379310354,0.3224400871459696,0.5970825966153068,42252875.2,41630744.3,1.0149440253942326,0.04979769298945317,0.049064472269897186,1.014944025394233,False,-0.011486251305255935,0.01760435571687835,False,3,1,结构未成熟,-0.15517241379310354,0.4896907216494843,0.03049421661409024,,,,-0.11928104575163401,5.35,4.87,0.007476635514018781,0.10677618069815176,2,2,0,1,1,0,6,True,近5日波动仍偏大,宽松粗筛：方向/非极端波动/不过热；不以精确MA距离或距20日高点为硬规则,244,False,150,200,174,8,未入选：满足基础条件，但位于本次软容量边界之外（150-200只）
603123,翠微股份,11.76,0.051878354203935606,0.23919915700737615,0.18429003021148027,0.19269776876267763,,,,0.2923238696109358,-0.04312449145646857,0.2209165687426558,1.3232319842495013,75795097.8,46694641.5,1.6232076179447699,0.09679801677004644,0.07158725010723949,1.3521683906706934,False,0.0800640512409927,0.0455377109168531,True,3,1,结构未成熟,-0.04312449145646857,0.8597883597883599,0.20269993863775815,,,,0.06233062330623307,9.51,9.4,0.2365930599369086,0.25106382978723407,2,2,0,1,1,0,6,True,近5日波动仍偏大,宽松粗筛：方向/非极端波动/不过热；不以精确MA距离或距20日高点为硬规则,244,False,150,200,174,8,未入选：满足基础条件，但位于本次软容量边界之外（150-200只）
603162,海通发展,14.13,-0.0348360655737705,0.1331194867682437,0.1563011456628478,0.1143533123028393,,,,0.3278969957081545,-0.08661926308985135,0.11234991423670673,2.918533564852733,67196084.2,33131803.8,2.0281444561735573,0.13435835871385385,0.07844216606434833,1.7128333580645374,False,0.08070802208509265,0.0467749876907928,True,3,1,结构未成熟,-0.08661926308985135,0.7351778656126483,0.1500427298254181,,,,0.06160781367392931,11.65,11.65,0.2128755364806867,0.2128755364806867,2,2,0,1,1,0,6,True,近5日波动仍偏大,宽松粗筛：方向/非极端波动/不过热；不以精确MA距离或距20日高点为硬规则,244,False,150,200,174,8,未入选：满足基础条件，但位于本次软容量边界之外（150-200只）
603228,景旺电子,105.97,0.09995848038198041,0.09824852316302213,0.15637276298559577,0.10385416666666658,,,,0.23796728971962625,-0.0003773228940666673,0.16341176470588237,1.456243313619023,43876687.0,36924414.0,1.188283908852284,0.04468045946821499,0.037602096054753766,1.1882438522351033,False,0.007737941707505858,0.016299397041599883,True,3,1,结构未成熟,-0.0003773228940666673,0.9987503905029677,0.12824662361790584,,,,0.09045071002263838,85.6,85.6,0.23796728971962633,0.23796728971962633,2,2,0,1,1,0,6,True,近5日波动仍偏大,宽松粗筛：方向/非极端波动/不过热；不以精确MA距离或距20日高点为硬规则,244,False,150,200,174,8,未入选：满足基础条件，但位于本次软容量边界之外（150-200只）
603269,海鸥股份,26.9,-0.01860634804815764,0.10245901639344268,0.4755896873285792,0.7321313586606568,,,,0.21640853913771443,-0.07432897453544396,0.4277355178466939,0.5059400730319481,76057367.4,23334857.5,3.2593885520835086,0.1760809388240169,0.054022690455686875,3.25938855208351,False,0.1306385471587579,0.13738201925827043,True,3,2,部分收敛/待确认,-0.07432897453544396,0.8797996661101837,0.29722952282207693,,,,-0.05878236529041292,23.89,17.52,0.12599413980745067,0.5353881278538812,2,2,0,0,1,1,6,True,近5日波动仍偏大,宽松粗筛：方向/非极端波动/不过热；不以精确MA距离或距20日高点为硬规则,244,False,150,200,174,8,未入选：满足基础条件，但位于本次软容量边界之外（150-200只）
603270,金帝股份,33.69,0.009589451603236432,0.1137190082644628,0.21317969031328765,0.2322604242867592,,,,0.36347517730496465,-0.12379713914174262,0.12194217939214229,2.980717411455304,19120656.2,4058418.3,4.711356687899816,0.27038401286644353,0.05738984135097882,4.711356687899817,False,0.11068624103789682,0.06523412892839642,True,3,1,结构未成熟,-0.12379713914174262,0.677725118483412,0.14576248129506197,,,,-0.0360515021459229,28.2,27.22,0.19468085106382982,0.23769287288758267,2,2,0,0,1,1,6,True,近5日波动仍偏大,宽松粗筛：方向/非极端波动/不过热；不以精确MA距离或距20日高点为硬规则,244,False,150,200,174,8,未入选：满足基础条件，但位于本次软容量边界之外（150-200只）
603306,华懋科技,75.71,0.05784546597736484,-0.03295440030655272,0.037407508906549536,-0.029358974358974388,,,,0.12561611040698495,-0.058216196044284185,0.1555268075319823,0.8076814048996244,8375196.0,12286225.1,0.6816736574360827,0.025418225719651737,0.03728796828566773,0.6816736574360815,True,-0.027415075690578994,0.001008974563220244,False,3,2,部分收敛/待确认,-0.058216196044284185,0.8098334010564808,0.01844254025477876,,,,-0.05244055068836062,71.01,70.57,0.06618786086466688,0.07283548249964578,0,2,1,1,1,1,6,True,20日方向仍偏弱,宽松粗筛：方向/非极端波动/不过热；不以精确MA距离或距20日高点为硬规则,244,False,150,200,174,8,未入选：满足基础条件，但位于本次软容量边界之外（150-200只）
603618,杭电股份,36.96,0.01371365880416886,0.056301800514432676,0.3294964028776979,0.36787564766839376,,,,0.21666666666666662,-0.07945205479452044,0.47517188693659274,0.45597534833869235,120145095.2,89619488.6,1.3406134879461922,0.17377687673613296,0.12962489061806887,1.3406134879461922,False,0.037553648068669565,0.08879505728212633,True,3,2,部分收敛/待确认,-0.07945205479452044,0.8161383285302595,0.16604095024765742,,,,-0.06430379746835446,33.0,26.22,0.1200000000000001,0.4096109839816935,2,2,0,0,1,1,6,True,近5日波动仍偏大,宽松粗筛：方向/非极端波动/不过热；不以精确MA距离或距20日高点为硬规则,244,False,150,200,174,8,未入选：满足基础条件，但位于本次软容量边界之外（150-200只）
603716,塞力医疗,17.62,0.01673398730525122,0.029807130333138643,0.16921035169210352,-0.05623995715050889,,,,0.05238095238095232,-0.052178590640129086,0.1776718856364875,0.2948184637839805,11828891.2,17295913.3,0.6839124939415601,0.05238872784746693,0.07660150722724403,0.6839124939415605,True,0.013996706657257052,0.02166283432167493,True,3,3,收敛较充分,-0.10010214504596515,0.59918200408998,0.044519532870946676,,,,-0.0016997167138809166,16.8,14.69,0.04880952380952386,0.19945541184479243,0,2,1,1,1,1,6,True,20日方向仍偏弱,宽松粗筛：方向/非极端波动/不过热；不以精确MA距离或距20日高点为硬规则,244,False,150,200,174,8,未入选：满足基础条件，但位于本次软容量边界之外（150-200只）
603797,联泰环保,4.79,0.0,-0.01642710472279263,0.010548523206751037,0.04357298474945548,,,,0.044117647058823525,-0.07350096711798837,0.0842332613390928,0.5237556561085976,7951292.8,13088620.7,0.6074966172715205,0.013789839109842158,0.0226994500344334,0.607496617271519,True,-0.001242236024844745,0.001461683023595839,True,3,3,收敛较充分,-0.07350096711798837,0.6779661016949152,-0.0044684609789048535,,,,-0.030364372469635748,4.76,4.63,0.006302521008403339,0.03455723542116629,2,0,1,1,1,1,6,True,,宽松粗筛：方向/非极端波动/不过热；不以精确MA距离或距20日高点为硬规则,244,False,150,200,174,8,未入选：满足基础条件，但位于本次软容量边界之外（150-200只）
603801,志邦家居,6.37,0.01594896331738438,-0.03191489361702127,-0.08345323741007193,0.06166666666666676,,,,0.09016393442622964,-0.19874213836477983,0.35665529010238906,0.2528041415012946,24063753.0,36549361.9,0.6583905094113285,0.055401567490446446,0.08414697158982647,0.6583905094113286,True,-0.023155294844087626,-0.03565008987417617,False,3,2,部分收敛/待确认,-0.19874213836477983,0.29464285714285715,-0.0028958284417311964,,,,-0.04210526315789476,6.1,6.1,0.04426229508196733,0.04426229508196733,2,0,1,1,1,1,6,True,,宽松粗筛：方向/非极端波动/不过热；不以精确MA距离或距20日高点为硬规则,244,False,150,200,174,8,未入选：满足基础条件，但位于本次软容量边界之外（150-200只）
603890,春秋电子,18.87,-0.037735849056603654,0.0005302226935313126,0.016155088852988664,0.017799352750809128,,,,0.14699453551912556,-0.15834076717216772,0.23809523809523808,0.6173770491803274,58235927.8,39250134.4,1.4837128251973577,0.11554374629828416,0.0801729338299958,1.4411814658459559,False,0.0314539424414253,0.02035817320777311,True,3,2,部分收敛/待确认,-0.15834076717216772,0.3683274021352313,-0.009344813103737803,,,,-0.07135826771653542,18.3,17.28,0.031147540983606614,0.09201388888888884,2,0,1,1,1,1,6,True,,宽松粗筛：方向/非极端波动/不过热；不以精确MA距离或距20日高点为硬规则,244,False,150,200,174,8,未入选：满足基础条件，但位于本次软容量边界之外（150-200只）
603958,哈森股份,20.31,-0.0193143408981169,-0.10132743362831875,-0.1017249004865104,0.364002686366689,,,,0.21250635485510927,-0.1689852700490999,0.5142503097893433,0.4132352490796944,24647895.6,30052022.0,0.8201742831147935,0.11236276258205688,0.13699864150255286,0.8201742831147935,True,-0.048365782750418584,0.002937454808387585,False,3,2,部分收敛/待确认,-0.1689852700490999,0.6136576239476144,0.026950498053294192,,,,-0.14842767295597492,19.67,19.67,0.0325368581596337,0.0325368581596337,2,2,0,1,1,0,6,True,近5日波动仍偏大,宽松粗筛：方向/非极端波动/不过热；不以精确MA距离或距20日高点为硬规则,244,False,150,200,174,8,未入选：满足基础条件，但位于本次软容量边界之外（150-200只）
603989,艾华集团,32.8,0.04060913705583746,0.0425937698664971,0.2001463593121111,0.13849357861853528,,,,0.18541666666666665,-0.03925014645577041,0.2528868360277135,0.7332001522070019,41525198.8,23045064.9,1.801912859876563,0.10413063187293362,0.05778893873928335,1.801912859876564,False,0.053659860253714164,0.04234948810230943,True,3,2,部分收敛/待确认,-0.03925014645577041,0.8751164958061507,0.10226165272036836,,,,-0.00545785324439052,28.8,25.98,0.13888888888888884,0.26250962278675893,2,2,0,0,1,1,6,True,近5日波动仍偏大,宽松粗筛：方向/非极端波动/不过热；不以精确MA距离或距20日高点为硬规则,244,False,150,200,174,8,未入选：满足基础条件，但位于本次软容量边界之外（150-200只）
605068,明新旭腾,21.72,0.026950354609929006,0.17215326497571493,0.2836879432624111,0.02938388625592414,,,,0.28342245989304815,-0.09500000000000008,0.14750150511739912,1.921488595438176,12048774.8,4163292.7,2.8940494143013296,0.07428413438731352,0.025667887362333396,2.894049414301332,False,0.13322851153039794,0.08308115543328731,True,3,1,结构未成熟,-0.09500000000000008,0.6914749661705005,0.1403969337393678,,,,-0.0757446808510639,18.7,16.76,0.16149732620320845,0.29594272076372286,2,2,0,0,1,1,6,True,近5日波动仍偏大,宽松粗筛：方向/非极端波动/不过热；不以精确MA距离或距20日高点为硬规则,244,False,150,200,174,8,未入选：满足基础条件，但位于本次软容量边界之外（150-200只）
605118,力鼎光电,34.39,-0.011213341000575028,0.04783668494820237,0.2028681357117874,0.1614319486659912,,,,0.1945448570489649,-0.053920220082530945,0.17930291052820704,1.0850066877099582,11684667.6,3073726.3,3.8014665131374907,0.02857805773738988,0.0075176402682035695,3.801466513137499,False,0.08062575210589662,0.06066036170565803,True,3,1,结构未成熟,-0.053920220082530945,0.7699530516431925,0.12244398387649524,,,,-0.05183347118830994,30.43,27.83,0.13013473545842924,0.23571685231764294,2,2,0,0,1,1,6,True,近5日波动仍偏大,宽松粗筛：方向/非极端波动/不过热；不以精确MA距离或距20日高点为硬规则,244,False,150,200,174,8,未入选：满足基础条件，但位于本次软容量边界之外（150-200只）
605188,国光连锁,14.88,0.040559440559440496,0.09251101321585908,0.2216748768472907,0.13761467889908263,,,,0.1872278664731495,-0.09046454767726153,0.24344885883347428,0.7690644654088049,37689941.0,8454748.8,4.4578427924434605,0.07422983910278061,0.016651515667759374,4.4578427924434685,False,0.07923221244046763,0.05871517384296565,True,3,2,部分收敛/待确认,-0.09046454767726153,0.6732891832229583,0.11930194072513922,,,,-0.06825297432686284,13.78,11.83,0.07982583454281578,0.25781910397295027,2,2,0,0,1,1,6,True,近5日波动仍偏大,宽松粗筛：方向/非极端波动/不过热；不以精确MA距离或距20日高点为硬规则,244,False,150,200,174,8,未入选：满足基础条件，但位于本次软容量边界之外（150-200只）
605198,安德利,66.3,0.00591715976331364,-0.021402214022140265,0.02330606575088745,-0.03535573985159324,,,,0.052147239263803546,-0.06130539430836757,0.24294781382228495,0.21464378890006797,2063852.0,4319559.1,0.47779228208730845,0.00762875181121916,0.01596667023982017,0.4777922820873065,True,-0.007338464292106717,0.02390530355574061,True,3,3,收敛较充分,-0.06999579183616222,0.7026221692491057,0.0072620096624229635,,,,-0.027716673999120145,65.2,61.75,0.016871165644171793,0.0736842105263158,0,2,1,1,1,1,6,True,20日方向仍偏弱,宽松粗筛：方向/非极端波动/不过热；不以精确MA距离或距20日高点为硬规则,244,False,150,200,174,8,未入选：满足基础条件，但位于本次软容量边界之外（150-200只）
605289,罗曼股份,103.51,0.0073965936739659455,-0.041574074074073986,-0.030805243445692798,0.003976721629486146,,,,0.10031471282454749,-0.11898885011490334,0.15753694581280783,0.6367694403809614,2850915.2,3376550.6,0.844327699398315,0.018696501723421473,0.022143655522310783,0.8443276993983158,True,-0.01501246317697702,-0.008599439248819118,False,3,2,部分收敛/待确认,-0.11898885011490334,0.6073033707865171,-0.0315080348997685,,,,-0.045902848188773104,101.68,101.5,0.017997639653815956,0.01980295566502477,2,0,1,1,1,1,6,True,,宽松粗筛：方向/非极端波动/不过热；不以精确MA距离或距20日高点为硬规则,244,False,150,200,174,8,未入选：满足基础条件，但位于本次软容量边界之外（150-200只）
688003,天准科技,80.5,0.07319024130115981,-0.02836451418225705,-0.027072758037224975,0.03870967741935494,,,,0.11879049676025914,-0.15084388185654007,0.2033136398664269,0.5842721464152734,4817334.8,7112554.1,0.6773002682679068,0.024731889931938172,0.03651539958072987,0.6773002682679073,True,-0.039364418333704965,-0.026605381874779677,False,3,2,部分收敛/待确认,-0.15084388185654007,0.5409309791332264,-0.016138987173141106,,,,-0.028716216216216117,74.08,74.08,0.08666306695464376,0.08666306695464376,2,0,1,1,1,1,6,True,,宽松粗筛：方向/非极端波动/不过热；不以精确MA距离或距20日高点为硬规则,244,False,150,200,174,8,未入选：满足基础条件，但位于本次软容量边界之外（150-200只）
688020,方邦股份,143.0,0.08177623118238908,0.0661298740028331,0.2062420919443273,0.004919184820801004,,,,0.3022026431718063,-0.09493670886075944,0.3932303295525587,0.7685130582772463,6425293.8,4441704.6,1.4465828727106256,0.0779740276446246,0.05390221957938422,1.4465828727106265,False,0.012394009033996234,0.020881484976687403,True,3,2,部分收敛/待确认,-0.09493670886075944,0.7576345128453709,0.08060725593767248,,,,0.03630697876657729,113.5,111.97,0.2599118942731278,0.27712780208984555,2,2,0,0,1,1,6,True,近5日波动仍偏大,宽松粗筛：方向/非极端波动/不过热；不以精确MA距离或距20日高点为硬规则,244,False,150,200,174,8,未入选：满足基础条件，但位于本次软容量边界之外（150-200只）
688143,长盈通,181.2,0.11165644171779143,0.12560566530003725,0.20623086140327507,0.7592233009708738,,,,0.1903700401248329,-0.06113989637305706,0.532232454747539,0.35768213386223074,15902928.4,19435165.3,0.8182553713602837,0.1299530377368226,0.15881721316511016,0.818255371360284,True,0.02749448321106951,0.03747753914605978,True,3,3,收敛较充分,-0.06113989637305706,0.8931449787195508,0.1818804422267879,,,,0.007114273010226713,157.01,141.2,0.15406661996051207,0.2832861189801701,2,2,0,0,1,1,6,True,近5日波动仍偏大,宽松粗筛：方向/非极端波动/不过热；不以精确MA距离或距20日高点为硬规则,244,False,150,200,174,8,未入选：满足基础条件，但位于本次软容量边界之外（150-200只）
688209,英集芯,33.61,-0.025797101449275384,0.16904347826086963,0.5071748878923765,0.5284220100045476,,,,0.2560553633217993,-0.07410468319559227,0.4100238663484487,0.6244889245159133,33995254.8,18095623.4,1.8786451313967996,0.07836907529995416,0.0417157418344813,1.8786451313968013,False,0.12911109559388279,0.13394430736693663,True,3,2,部分收敛/待确认,-0.07410468319559227,0.8355745721271395,0.313634675890641,,,,-0.025797101449275384,28.9,21.2,0.16297577854671275,0.5853773584905662,2,2,0,0,1,1,6,True,近5日波动仍偏大,宽松粗筛：方向/非极端波动/不过热；不以精确MA距离或距20日高点为硬规则,244,False,150,200,174,8,未入选：满足基础条件，但位于本次软容量边界之外（150-200只）
688286,敏芯股份,48.26,0.0491304347826087,-0.06563407550822853,0.02375901569792105,0.06628369421122393,,,,0.14213532513181015,-0.11805555555555558,0.2579310344827586,0.5510594156179806,4344131.8,7663411.9,0.5668665415204942,0.05547103162428359,0.09785554016911072,0.5668665415204942,True,-0.019459679057485135,-0.009587628865979303,False,3,2,部分收敛/待确认,-0.11805555555555558,0.6136363636363635,-0.0025422152408903775,,,,-0.07174456626274295,45.52,43.5,0.06019332161687152,0.10942528735632173,2,0,1,1,1,1,6,True,,宽松粗筛：方向/非极端波动/不过热；不以精确MA距离或距20日高点为硬规则,244,False,150,200,174,8,未入选：满足基础条件，但位于本次软容量边界之外（150-200只）
688300,联瑞新材,175.5,0.07221407624633436,-0.09067357512953367,0.26131953428201826,0.18341200269723523,,,,0.1837506197322755,-0.13495662460567825,0.5579788050990631,0.3293146944885345,15562420.2,16598801.9,0.9375628610881849,0.06444888559074555,0.06874086876259447,0.9375628610881854,True,-0.06717623461809497,0.04857239808037228,False,3,2,部分收敛/待确认,-0.13495662460567825,0.7315159835261816,0.07683575953735922,,,,-0.081199937176064,161.36,130.22,0.08763014377788791,0.3477192443557058,2,2,0,0,1,1,6,True,近5日波动仍偏大,宽松粗筛：方向/非极端波动/不过热；不以精确MA距离或距20日高点为硬规则,244,False,150,200,174,8,未入选：满足基础条件，但位于本次软容量边界之外（150-200只）
688485,九州一轨,101.45,0.06263747774169892,0.14116985376827884,0.24708051628764616,0.6232,,,,0.2074117647058823,-0.01149761278378636,0.23057324840764323,0.8995482612934678,7990797.2,8826346.0,0.9053346877632035,0.053168458091951656,0.058727958632971554,0.9053346877632039,True,0.07968661292153945,0.05531135106296592,True,3,3,收敛较充分,-0.01149761278378636,0.9787884235124934,0.20935056265496854,,,,0.004952947003467045,85.0,78.5,0.19352941176470595,0.2923566878980892,2,2,0,0,1,1,6,True,近5日波动仍偏大,宽松粗筛：方向/非极端波动/不过热；不以精确MA距离或距20日高点为硬规则,244,False,150,200,174,8,未入选：满足基础条件，但位于本次软容量边界之外（150-200只）
688498,源杰科技,1702.0,0.16098226466575727,0.11024135681669933,0.10447761194029859,0.20274185569924397,,,,0.18469754102345093,-0.0023446658851113966,0.11402099978406394,1.6198554772650313,3336718.0,3441018.8,0.9696889769971615,0.027151597257510617,0.028000315463614943,0.9696889769971629,True,-0.0034362467940104446,0.00019440943274573463,True,3,2,部分收敛/待确认,-0.0023446658851113966,0.9922753080220926,0.11119671054435587,,,,0.11024135681669933,1440.03,1440.03,0.18191982111483784,0.18191982111483784,2,2,0,1,1,0,6,True,近5日波动仍偏大,宽松粗筛：方向/非极端波动/不过热；不以精确MA距离或距20日高点为硬规则,244,False,150,200,174,8,未入选：满足基础条件，但位于本次软容量边界之外（150-200只）
688598,金博股份,34.08,0.07203523120478139,-0.06502057613168732,-0.07567127746135072,0.09970958373668926,,,,0.17012448132780078,-0.17879518072289158,0.25075346594333936,0.6784531599106286,11580396.6,23207660.4,0.4989902644387196,0.05688498862260596,0.11400019735172998,0.4989902644387196,True,-0.05615393245820721,-0.03278643243840451,False,3,2,部分收敛/待确认,-0.17879518072289158,0.5535499398315282,-0.034177860908008895,,,,-0.0680885972108286,31.33,31.33,0.08777529524417482,0.08777529524417482,2,0,1,1,1,1,6,True,,宽松粗筛：方向/非极端波动/不过热；不以精确MA距离或距20日高点为硬规则,244,False,150,200,174,8,未入选：满足基础条件，但位于本次软容量边界之外（150-200只）
688662,富信科技,85.37,0.07383647798742143,-0.05658083766161992,-0.04561207378423693,0.02362110311750598,,,,0.1592356687898089,-0.24149266992447793,0.3665614375910636,0.43440376553589477,7534051.6,11063077.9,0.6810086368459901,0.06568161197020088,0.09644754620792675,0.6810086368459904,True,-0.05315290811006845,-0.030369688671410322,False,3,2,部分收敛/待确认,-0.24149266992447793,0.42839116719242915,-0.04812345293579823,,,,-0.06186813186813178,78.5,78.5,0.08751592356687898,0.08751592356687898,2,0,1,1,1,1,6,True,,宽松粗筛：方向/非极端波动/不过热；不以精确MA距离或距20日高点为硬规则,244,False,150,200,174,8,未入选：满足基础条件，但位于本次软容量边界之外（150-200只）
688669,聚石化学,72.5,0.0360102886539011,-0.044795783926218746,-0.042272126816380484,0.02633069082672712,,,,0.13401459854014608,-0.1145578895945285,0.13690641488475425,0.9788774226025679,2829424.4,3442366.3,0.8219416974887304,0.023319431740003123,0.028371150668290362,0.8219416974887309,True,-0.03688056330543388,-0.02512912849764093,False,3,2,部分收敛/待确认,-0.1145578895945285,0.6486891385767791,-0.025360784550960136,,,,-0.060880829015544036,68.5,68.5,0.058394160583941535,0.058394160583941535,2,0,1,1,1,1,6,True,,宽松粗筛：方向/非极端波动/不过热；不以精确MA距离或距20日高点为硬规则,244,False,150,200,174,8,未入选：满足基础条件，但位于本次软容量边界之外（150-200只）
920895,花溪科技,28.3,0.02834302325581395,0.3975308641975308,1.3008130081300813,1.2006220839813375,,,,0.6561181434599155,-0.0987261146496815,0.9277504105090313,0.7072140696762628,102295.6,34434.6,2.9707213093806812,35.598,11.983,2.970708503713594,False,0.2519206717884581,0.27752622227317025,True,3,2,部分收敛/待确认,-0.0987261146496815,0.838877338877339,0.6119385982399681,,,,-0.08384590482356746,18.96,12.27,0.4926160337552743,1.306438467807661,2,2,0,0,1,1,6,True,近5日波动仍偏大,宽松粗筛：方向/非极端波动/不过热；不以精确MA距离或距20日高点为硬规则,244,False,150,200,174,8,未入选：满足基础条件，但位于本次软容量边界之外（150-200只）
000007,全新好,11.5,-0.07407407407407407,-0.10575427682737171,-0.09733124018838302,0.10789980732177251,,,,0.15845070422535218,-0.12613981762917936,0.231060606060606,0.6857538674670981,10547150.0,13759749.4,0.766521954244312,0.0304436702202885,0.0397166317960219,0.7665219542443122,True,-0.027968749999999987,-0.0070228043872800905,False,3,2,部分收敛/待确认,-0.12613981762917936,0.5870646766169153,-0.0401468992571572,,,,-0.11470361816782138,11.36,11.36,0.012323943661971981,0.012323943661971981,2,0,1,1,1,0,5,True,,宽松粗筛：方向/非极端波动/不过热；不以精确MA距离或距20日高点为硬规则,380,False,150,200,174,8,未入选：满足基础条件，但位于本次软容量边界之外（150-200只）
000428,华天酒店,5.16,0.10021321961620466,0.1492204899777283,0.3129770992366412,0.19444444444444442,,,,0.24337349397590355,0.0,0.22422680412371138,1.0853898352028801,79683769.6,44713026.2,1.7821153335400945,0.07820368662689929,0.04388250589346035,1.7821153335400954,False,0.020282186948853642,0.0496681162737469,True,3,1,结构未成熟,0.0,1.0,0.1739278807871687,,,,0.10021321961620466,4.15,4.0,0.24337349397590358,0.29000000000000004,2,2,0,0,1,0,5,True,近5日波动仍偏大,宽松粗筛：方向/非极端波动/不过热；不以精确MA距离或距20日高点为硬规则,380,False,150,200,174,8,未入选：满足基础条件，但位于本次软容量边界之外（150-200只）
000592,平潭发展,7.87,0.05073431241655535,0.17462686567164187,0.3316412859560067,0.17287630402384502,,,,0.23203592814371268,-0.04374240583232081,0.24096385542168683,0.9629491017964074,312870654.0,209580061.7,1.4928455095497284,0.16337104465289443,0.10943600232429296,1.4928455095497288,False,0.047951176983435095,0.06224002464951495,True,3,2,部分收敛/待确认,-0.04374240583232081,0.8512396694214875,0.18132692885019508,,,,0.0678426051560379,6.68,5.81,0.1781437125748504,0.3545611015490535,2,2,0,0,1,0,5,True,近5日波动仍偏大,宽松粗筛：方向/非极端波动/不过热；不以精确MA距离或距20日高点为硬规则,380,False,150,200,174,8,未入选：满足基础条件，但位于本次软容量边界之外（150-200只）
000620,盈新发展,3.02,0.01683501683501687,-0.06790123456790131,-0.12968299711815567,0.09420289855072483,,,,0.11186440677966088,-0.1837837837837838,0.20129870129870134,0.5557135046473475,222324090.6,481755300.4,0.46148758594955774,0.04758905056842189,0.10312097663581252,0.46148758594955797,True,-0.064673581452105,-0.025989724992444896,False,3,2,部分收敛/待确认,-0.1837837837837838,0.3523809523809524,-0.049417689644318585,,,,-0.07926829268292679,2.95,2.95,0.023728813559321882,0.023728813559321882,2,0,1,1,0,1,5,True,,宽松粗筛：方向/非极端波动/不过热；不以精确MA距离或距20日高点为硬规则,380,False,150,200,174,8,未入选：满足基础条件，但位于本次软容量边界之外（150-200只）
000712,锦龙股份,12.35,0.0,-0.04853620955315874,0.36313465783664456,0.3166311300639657,,,,0.18493150684931509,-0.10765895953757232,0.5452380952380952,0.33917568941795784,173618949.4,52163215.3,3.3283789812703515,0.1938286647279403,0.058235154655964426,3.3283789812703524,False,0.029274569728164668,0.10414134804150699,True,3,2,部分收敛/待确认,-0.10765895953757232,0.7261029411764706,0.18470909875773445,,,,-0.10701373825018079,11.68,8.74,0.05736301369863006,0.4130434782608694,2,2,0,0,1,0,5,True,近5日波动仍偏大,宽松粗筛：方向/非极端波动/不过热；不以精确MA距离或距20日高点为硬规则,380,False,150,200,174,8,未入选：满足基础条件，但位于本次软容量边界之外（150-200只）
000735,罗 牛 山,6.74,0.09951060358890707,0.1845342706502635,0.2669172932330828,0.2669172932330828,,,,0.2254545454545455,0.0,0.24903474903474906,0.9053136011275547,56490589.0,103817660.7,0.544132747926577,0.04908394376177979,0.0902058255982839,0.5441327479265771,True,0.03984753984753997,0.030201342281878985,True,3,3,收敛较充分,0.0,1.0,0.1874559548978154,,,,0.10673234811165844,5.5,5.24,0.22545454545454557,0.2862595419847329,2,2,0,0,1,0,5,True,近5日波动仍偏大,宽松粗筛：方向/非极端波动/不过热；不以精确MA距离或距20日高点为硬规则,380,False,150,200,174,8,未入选：满足基础条件，但位于本次软容量边界之外（150-200只）
000798,中水渔业,11.15,0.09960552268244571,0.15904365904365925,0.281609195402299,0.3226571767497035,,,,0.2185792349726776,0.0,0.22074788902291922,0.9901758786467196,28046907.2,25353108.5,1.106251219648273,0.07666520229550153,0.06930180137552917,1.1062512196482732,False,0.03248499896544588,0.04988097814325898,True,3,2,部分收敛/待确认,0.0,1.0,0.22366110623353852,,,,0.09960552268244571,9.15,8.6,0.21857923497267762,0.2965116279069768,2,2,0,0,1,0,5,True,近5日波动仍偏大,宽松粗筛：方向/非极端波动/不过热；不以精确MA距离或距20日高点为硬规则,380,False,150,200,174,8,未入选：满足基础条件，但位于本次软容量边界之外（150-200只）
000931,中 关 村,4.59,0.013245033112582627,-0.07085020242914986,-0.18035714285714288,0.08767772511848348,,,,0.10913140311804014,-0.22986577181208057,0.4258373205741628,0.25627486799629645,46081606.2,87455790.8,0.5269131498151178,0.06135791501738176,0.11644787198594472,0.5269131498151179,True,-0.0873140172278778,-0.031644340904678714,False,3,2,部分收敛/待确认,-0.22986577181208057,0.29743589743589743,-0.03368421052631587,,,,-0.07831325301204828,4.49,4.49,0.022271714922048824,0.022271714922048824,2,0,1,1,0,1,5,True,,宽松粗筛：方向/非极端波动/不过热；不以精确MA距离或距20日高点为硬规则,380,False,150,200,174,8,未入选：满足基础条件，但位于本次软容量边界之外（150-200只）
001366,播恩集团,15.8,0.10027855153203347,0.22291021671826639,0.30363036303630375,0.32773109243697474,,,,0.2569610182975338,0.0,0.20069504778453523,1.2803555500452872,11293796.0,9403394.3,1.2010339713182079,0.07028750311177492,0.05852249377645006,1.2010339713182079,False,0.07214156079854805,0.05382747003055699,True,3,1,结构未成熟,0.0,1.0,0.2278520360584395,,,,0.08965517241379306,12.57,11.88,0.2569610182975339,0.32996632996633,2,2,0,0,1,0,5,True,近5日波动仍偏大,宽松粗筛：方向/非极端波动/不过热；不以精确MA距离或距20日高点为硬规则,380,False,150,200,174,8,未入选：满足基础条件，但位于本次软容量边界之外（150-200只）
002403,爱仕达,12.41,0.10017730496453914,0.328693790149893,0.3372844827586208,0.28601036269430047,,,,0.3518518518518519,0.0,0.0905077262693157,3.8875338753387525,13163283.0,3750145.1,3.510072983576022,0.021696185400950377,0.012619890801853408,1.7192054782093666,False,0.13331897480077548,0.06136217605482974,True,3,1,结构未成熟,0.0,1.0,0.2709954936501435,,,,0.21073170731707314,9.18,9.06,0.35185185185185186,0.369757174392936,2,2,0,0,1,0,5,True,近5日波动仍偏大,宽松粗筛：方向/非极端波动/不过热；不以精确MA距离或距20日高点为硬规则,380,False,150,200,174,8,未入选：满足基础条件，但位于本次软容量边界之外（150-200只）
002418,康盛股份,5.33,0.02303262955854124,-0.011131725417439675,0.44836956521739135,0.42133333333333334,,,,0.22799999999999992,-0.13192182410423448,0.5561959654178674,0.40992746113989625,361162559.4,159203318.5,2.268561753629526,0.3178128822597677,0.14009443725800771,2.268561753629527,False,0.03709254402397888,0.11402557988293971,True,3,2,部分收敛/待确认,-0.13192182410423448,0.6966292134831461,0.19306099608282046,,,,-0.1262295081967213,5.0,3.61,0.06600000000000006,0.476454293628809,2,2,0,0,1,0,5,True,近5日波动仍偏大,宽松粗筛：方向/非极端波动/不过热；不以精确MA距离或距20日高点为硬规则,380,False,150,200,174,8,未入选：满足基础条件，但位于本次软容量边界之外（150-200只）
002564,天沃科技,5.42,0.09939148073022319,0.1991150442477878,0.26635514018691575,0.1885964912280702,,,,0.2125279642058166,0.0,0.08726415094339625,2.4354555898180057,15530217.0,9881729.3,1.5716092324042916,0.01808142513617374,0.01150503876113799,1.5716092324042952,False,0.056387665198238235,0.0386851520572451,True,3,1,结构未成熟,0.0,1.0,0.18508800699682948,,,,0.17062634989200864,4.47,4.24,0.21252796420581666,0.2783018867924527,2,2,0,0,1,0,5,True,近5日波动仍偏大,宽松粗筛：方向/非极端波动/不过热；不以精确MA距离或距20日高点为硬规则,380,False,150,200,174,8,未入选：满足基础条件，但位于本次软容量边界之外（150-200只）
002702,海欣食品,6.17,0.09982174688057044,0.2003891050583657,0.29350104821802936,0.25152129817444235,,,,0.2217821782178218,0.0,0.12711864406779674,1.744686468646863,22098854.0,22865076.1,0.9664894139582592,0.04817254513004263,0.049842806795732914,0.9664894139582588,True,0.052672049211841765,0.04647467725918575,True,3,2,部分收敛/待确认,0.0,1.0,0.20237747247393534,,,,0.15543071161048694,5.05,4.73,0.22178217821782176,0.3044397463002113,2,2,0,0,1,0,5,True,近5日波动仍偏大,宽松粗筛：方向/非极端波动/不过热；不以精确MA距离或距20日高点为硬规则,380,False,150,200,174,8,未入选：满足基础条件，但位于本次软容量边界之外（150-200只）
002708,光洋股份,16.8,0.10019646365422408,0.3217938630999213,0.4608695652173913,0.564245810055866,,,,0.3322759714512293,0.0,0.21557454890788239,1.5413506517098863,66679563.8,20845338.7,3.1987757435670736,0.13083907516332363,0.04090285961010197,3.198775743567076,False,0.1585479367049334,0.11649925901531355,True,3,1,结构未成熟,0.0,1.0,0.34966860815424794,,,,0.07830551989730439,12.61,11.27,0.33227597145122933,0.49068322981366475,2,2,0,0,1,0,5,True,近5日波动仍偏大,宽松粗筛：方向/非极端波动/不过热；不以精确MA距离或距20日高点为硬规则,380,False,150,200,174,8,未入选：满足基础条件，但位于本次软容量边界之外（150-200只）
002827,高争民爆,71.05,0.07407407407407396,0.22289156626506013,0.29511483776886616,0.19251426653239334,,,,0.25502534521936715,-0.010445682451253435,0.17307692307692307,1.4734797723785658,14606035.6,14239562.4,1.0257362684122933,0.052920634549687914,0.05159282768815633,1.0257362684122933,False,0.07307071793492859,0.05180353031465823,True,3,1,结构未成熟,-0.010445682451253435,0.9772589448150394,0.2107940457221733,,,,0.14837562631323742,57.21,52.88,0.24191574899493085,0.343608169440242,2,2,0,0,1,0,5,True,近5日波动仍偏大,宽松粗筛：方向/非极端波动/不过热；不以精确MA距离或距20日高点为硬规则,380,False,150,200,174,8,未入选：满足基础条件，但位于本次软容量边界之外（150-200只）
002980,华盛昌,118.1,0.10003725782414308,0.1658440276406712,0.25665035113854007,0.39730241362991014,,,,0.22726800374103698,0.0,0.18646119977985706,1.2188487685875555,11444545.0,11328395.4,1.0102529613328999,0.11299145449517964,0.11184471495743187,1.0102529613329,False,0.055629826206676336,0.042610356840030006,True,3,1,结构未成熟,0.0,1.0,0.2002520427659662,,,,0.10725670354397154,96.23,90.85,0.22726800374103706,0.2999449642267473,2,2,0,0,1,0,5,True,近5日波动仍偏大,宽松粗筛：方向/非极端波动/不过热；不以精确MA距离或距20日高点为硬规则,380,False,150,200,174,8,未入选：满足基础条件，但位于本次软容量边界之外（150-200只）
003040,楚天龙,22.95,0.08664772727272729,0.2893258426966292,0.6311300639658848,0.8257756563245822,,,,0.3238149628783551,-0.009922346850733454,0.8182656826568266,0.3957332804511126,109613058.2,62203219.7,1.7621766000000156,0.23993213592537796,0.13615669163089317,1.762176600000016,False,0.08607542045335848,0.14862352306123694,True,3,2,部分收敛/待确认,-0.009922346850733454,0.9813614262560778,0.46753205230680694,,,,0.06545961002785505,17.51,13.82,0.3106796116504853,0.6606367583212733,2,2,0,0,1,0,5,True,近5日波动仍偏大,宽松粗筛：方向/非极端波动/不过热；不以精确MA距离或距20日高点为硬规则,380,False,150,200,174,8,未入选：满足基础条件，但位于本次软容量边界之外（150-200只）
300120,经纬辉开,7.52,0.021739130434782483,-0.057644110275689275,-0.15600448933782274,0.09302325581395343,,,,0.13150684931506848,-0.22792607802874754,0.22361809045226133,0.5880868092965983,37123852.0,66894639.3,0.5549600444590483,0.07042720397088084,0.1269049991509394,0.5549600444590486,True,-0.10635811126694716,-0.05096481271282616,False,3,2,部分收敛/待确认,-0.22792607802874754,0.32522796352583566,-0.10937407473204253,,,,-0.08958837772397099,7.3,7.3,0.03013698630136985,0.03013698630136985,2,0,1,1,0,1,5,True,,宽松粗筛：方向/非极端波动/不过热；不以精确MA距离或距20日高点为硬规则,380,False,150,200,174,8,未入选：满足基础条件，但位于本次软容量边界之外（150-200只）
300345,华民股份,7.68,0.029490616621983934,-0.051851851851851816,-0.19999999999999996,0.20565149136577698,,,,0.10391363022941964,-0.23809523809523814,0.29562982005141386,0.35149914921081954,32805091.6,88686273.3,0.3699004409513282,0.0682382141081865,0.18447724455988243,0.3699004409513281,True,-0.04220779220779214,-0.054060351858324696,False,3,2,部分收敛/待确认,-0.23809523809523814,0.4793926247288503,-0.05974534769833517,,,,-0.06112469437652812,7.41,7.41,0.036437246963562764,0.036437246963562764,2,0,1,1,0,1,5,True,,宽松粗筛：方向/非极端波动/不过热；不以精确MA距离或距20日高点为硬规则,380,False,150,200,174,8,未入选：满足基础条件，但位于本次软容量边界之外（150-200只）
300642,透景生命,17.37,0.0028868360277136684,0.02659574468085113,0.28953229398663693,0.2632727272727273,,,,0.21995192307692307,-0.14433497536945816,0.5296352583586625,0.4152894272155392,32021756.4,17726586.4,1.8064254266123116,0.232537842641094,0.12872817178907017,1.8064254266123114,False,0.0005410084397314829,0.0718139311833117,True,3,2,部分收敛/待确认,-0.14433497536945816,0.6194805194805195,0.10243716679360237,,,,-0.13452914798206272,16.64,14.26,0.04387019230769229,0.21809256661991583,2,2,0,0,1,0,5,True,近5日波动仍偏大,宽松粗筛：方向/非极端波动/不过热；不以精确MA距离或距20日高点为硬规则,380,False,150,200,174,8,未入选：满足基础条件，但位于本次软容量边界之外（150-200只）
300672,国科微,171.36,0.008118602188492918,-0.030659576875212036,0.08079470198675498,0.0049261083743843415,,,,0.1437125748502994,-0.14508082219117935,0.3384974958263773,0.4245602304958046,11711706.8,10262768.4,1.14118397137365,0.055680503169615404,0.04879187279733033,1.1411839713736505,False,0.01604217189830459,0.026579968736441195,True,3,2,部分收敛/待确认,-0.14508082219117935,0.6323640960809104,-0.0015295197308045072,,,,-0.10278025027488347,167.0,149.75,0.026107784431137704,0.1443071786310519,2,0,1,1,1,0,5,True,,宽松粗筛：方向/非极端波动/不过热；不以精确MA距离或距20日高点为硬规则,380,False,150,200,174,8,未入选：满足基础条件，但位于本次软容量边界之外（150-200只）
300679,电连技术,44.72,0.040000000000000036,-0.10326849809504712,-0.10916334661354588,0.09420112551994131,,,,0.17140173749706497,-0.19263404946741292,0.1563674321503132,1.0961472932055285,19914673.0,32384458.1,0.6149453833226254,0.05539982566029811,0.09008901792378056,0.6149453833226254,True,-0.08086297092339512,-0.038546894056021075,False,3,1,结构未成熟,-0.19263404946741292,0.4150219298245614,-0.06607635118202326,,,,-0.10362798155943076,42.59,42.59,0.05001173984503393,0.05001173984503393,2,0,1,1,1,0,5,True,,宽松粗筛：方向/非极端波动/不过热；不以精确MA距离或距20日高点为硬规则,380,False,150,200,174,8,未入选：满足基础条件，但位于本次软容量边界之外（150-200只）
300684,中石科技,104.36,0.1739032620922385,0.1043386243386244,0.2394299287410926,1.0166183574879226,,,,0.24524337574413452,-0.021747281589801326,0.20496894409937888,1.1964904089335047,31615062.0,28797515.9,1.0978399008367246,0.15454006915022733,0.14076740063140697,1.0978399008367248,False,0.014765042294561326,0.02673017652003362,True,3,1,结构未成熟,-0.021747281589801326,0.9638741824976643,0.2529113741686073,,,,0.08719658297739352,85.67,81.12,0.21816271740399196,0.2864891518737671,2,2,0,0,1,0,5,True,近5日波动仍偏大,宽松粗筛：方向/非极端波动/不过热；不以精确MA距离或距20日高点为硬规则,380,False,150,200,174,8,未入选：满足基础条件，但位于本次软容量边界之外（150-200只）
300911,亿田智能,27.88,-0.1046885035324342,0.04693954187007132,0.2701594533029612,0.300373134328358,,,,0.29,-0.16875372689326174,0.3017578125,0.9610355987055016,26123549.4,18042533.5,1.4478869832775978,0.15246038058360104,0.10529964927789486,1.447871684560363,False,0.15808880012290683,0.0836114955629732,True,3,2,部分收敛/待确认,-0.16875372689326174,0.5699088145896657,0.12152540327446792,,,,-0.16351635163516354,26.0,20.48,0.07230769230769218,0.361328125,2,2,0,0,1,0,5,True,近5日波动仍偏大,宽松粗筛：方向/非极端波动/不过热；不以精确MA距离或距20日高点为硬规则,380,False,150,200,174,8,未入选：满足基础条件，但位于本次软容量边界之外（150-200只）
300929,华骐环保,15.94,-0.02507645259938851,-0.10045146726862297,-0.019680196801968197,0.11938202247190999,,,,0.14195583596214523,-0.1251372118551043,0.22785665990534154,0.6230049892819368,5548059.4,10188662.6,0.5445326455309257,0.04425689108033841,0.0812750005781333,0.5445326455309253,True,-0.027180857242420475,0.012187836061656077,False,3,2,部分收敛/待确认,-0.1251372118551043,0.5581395348837209,-0.017989157220305585,,,,-0.11738648947951269,15.85,15.85,0.005678233438485725,0.005678233438485725,2,0,1,1,1,0,5,True,,宽松粗筛：方向/非极端波动/不过热；不以精确MA距离或距20日高点为硬规则,380,False,150,200,174,8,未入选：满足基础条件，但位于本次软容量边界之外（150-200只）
300961,深水海纳,14.99,0.022510231923601687,0.23374485596707828,0.2855917667238421,0.2724957555178269,,,,0.27392739273927397,-0.029145077720207246,0.14094558429973222,1.9434975143083952,12770452.6,5304999.6,2.407248550970673,0.08340905969637394,0.034649126556848854,2.407248550970675,False,0.11083944580277105,0.06932495036399722,True,3,1,结构未成熟,-0.029145077720207246,0.9119373776908025,0.21293037180887664,,,,0.08074981975486661,12.12,11.38,0.23679867986798686,0.3172231985940246,2,2,0,0,1,0,5,True,近5日波动仍偏大,宽松粗筛：方向/非极端波动/不过热；不以精确MA距离或距20日高点为硬规则,380,False,150,200,174,8,未入选：满足基础条件，但位于本次软容量边界之外（150-200只）
301357,北方长龙,99.53,-0.019408866995073826,0.11831460674157301,0.1573255813953489,-0.12099266978715895,,,,0.2669160149608976,-0.11244872480827539,0.2777242044358728,0.9610830122029539,7968305.2,4260073.3,1.87046199416334,0.12815415865867877,0.06851470869687584,1.8704619941633407,False,0.07279742765273323,0.04006219399232491,True,3,2,部分收敛/待确认,-0.12099266978715895,0.5474066732738686,0.03457774405297109,,,,-0.06605986675424591,88.23,82.96,0.12807435112773424,0.19973481195756992,0,2,0,1,1,1,5,True,近5日波动仍偏大,宽松粗筛：方向/非极端波动/不过热；不以精确MA距离或距20日高点为硬规则,380,False,150,200,174,8,未入选：满足基础条件，但位于本次软容量边界之外（150-200只）
301591,肯特股份,48.93,0.049774726453550855,-0.11996402877697843,0.30340969632392123,0.6353609625668448,,,,0.25454545454545446,-0.1909722222222222,0.982300884955752,0.2591318591318591,17790372.8,13883345.6,1.2814182771622427,0.3980416848977424,0.3106258838286772,1.2814182771622424,False,-0.07880042894649264,0.07709399847511178,False,3,1,结构未成熟,-0.1909722222222222,0.6620830895260388,0.1739443378119001,,,,-0.1557971014492754,46.2,35.88,0.05909090909090908,0.3637123745819397,2,2,0,0,1,0,5,True,近5日波动仍偏大,宽松粗筛：方向/非极端波动/不过热；不以精确MA距离或距20日高点为硬规则,380,False,150,200,174,8,未入选：满足基础条件，但位于本次软容量边界之外（150-200只）
600108,亚盛集团,4.8,0.10091743119266039,0.29729729729729715,0.4678899082568806,0.47239263803680975,,,,0.3445378151260504,0.0,0.234375,1.4700280112044817,193774967.4,190033460.6,1.0196886737113917,0.1216926780445915,0.09760747068541563,1.2467557779137766,False,0.09728867623604454,0.08820224719101133,True,3,1,结构未成熟,0.0,1.0,0.33965950320960103,,,,0.18226600985221686,3.57,3.22,0.34453781512605053,0.4906832298136645,2,2,0,0,1,0,5,True,近5日波动仍偏大,宽松粗筛：方向/非极端波动/不过热；不以精确MA距离或距20日高点为硬规则,380,False,150,200,174,8,未入选：满足基础条件，但位于本次软容量边界之外（150-200只）
600121,郑州煤电,4.94,-0.03515624999999989,0.006109979633401208,0.21975308641975322,0.22580645161290325,,,,0.2638297872340426,-0.16835016835016836,0.2887139107611549,0.9138104448742748,259021381.0,106909160.0,2.4228174741995914,0.2125893153724734,0.08774466819573559,2.4228174741995923,False,0.08668857847165179,0.08413515327813847,True,3,2,部分收敛/待确认,-0.16835016835016836,0.5305164319248827,0.11764705882352944,,,,-0.15265866209262435,4.7,4.02,0.051063829787234116,0.22885572139303512,2,2,0,0,1,0,5,True,近5日波动仍偏大,宽松粗筛：方向/非极端波动/不过热；不以精确MA距离或距20日高点为硬规则,380,False,150,200,174,8,未入选：满足基础条件，但位于本次软容量边界之外（150-200只）
600353,旭光电子,33.09,0.05888000000000004,-0.09590163934426221,-0.10615883306320906,0.21208791208791222,,,,0.1906765943671091,-0.1590851334180432,0.2100246002460024,0.907877430280877,57833973.2,88663042.8,0.6522895151529811,0.06977943355610632,0.10697616922409217,0.6522895151529808,True,-0.058209210751583584,-0.033306117852417216,False,3,2,部分收敛/待确认,-0.1590851334180432,0.6610720086626964,-0.02194635335845685,,,,-0.09934676102340767,30.89,30.89,0.07122045969569446,0.07122045969569446,2,0,0,1,1,1,5,True,近5日波动仍偏大,宽松粗筛：方向/非极端波动/不过热；不以精确MA距离或距20日高点为硬规则,380,False,150,200,174,8,未入选：满足基础条件，但位于本次软容量边界之外（150-200只）
600367,红星发展,36.03,0.0250355618776672,-0.12186205215695833,-0.05482686253934932,0.08950710613849422,,,,0.1695501730103807,-0.17400275103163676,0.30286738351254483,0.5598165475727362,37894740.0,69232015.8,0.5473586109275184,0.11769533028996179,0.2150241686899252,0.5473586109275181,True,-0.0693019764823618,0.002798942621676348,False,3,2,部分收敛/待确认,-0.17400275103163676,0.5888407367280608,-0.028932580484321013,,,,-0.11168639053254437,34.68,34.68,0.038927335640138505,0.038927335640138505,2,0,1,1,1,0,5,True,,宽松粗筛：方向/非极端波动/不过热；不以精确MA距离或距20日高点为硬规则,380,False,150,200,174,8,未入选：满足基础条件，但位于本次软容量边界之外（150-200只）
600371,万向德农,15.07,0.10000000000000009,0.18754925137903866,0.9124365482233503,1.0729023383768914,,,,0.2506224066390041,0.0,0.726530612244898,0.34495780689076405,77523316.8,31399570.1,2.468929241805129,0.2649663228267334,0.10732033884981096,2.46892924180513,False,0.11299524564183838,0.16706149909978185,True,3,2,部分收敛/待确认,0.0,1.0,0.5014446547773239,,,,0.061267605633802846,12.05,7.72,0.25062240663900415,0.9520725388601037,2,2,0,0,1,0,5,True,近5日波动仍偏大,宽松粗筛：方向/非极端波动/不过热；不以精确MA距离或距20日高点为硬规则,380,False,150,200,174,8,未入选：满足基础条件，但位于本次软容量边界之外（150-200只）
600601,方正科技,13.97,0.0672268907563025,0.09225957779515248,0.2105719237435011,0.05673222390317689,,,,0.1840336134453781,-0.008516678495386731,0.2184115523465704,0.8426001805680948,249101243.0,164323591.7,1.5159189281522991,0.05973230798335449,0.03940336575661084,1.5159189281522987,False,0.03442146089204923,0.027688504326328633,True,3,2,部分收敛/待确认,-0.008516678495386731,0.9757085020242916,0.11581469648562304,,,,0.08126934984520129,11.9,11.08,0.17394957983193282,0.26083032490974745,2,2,0,0,1,0,5,True,近5日波动仍偏大,宽松粗筛：方向/非极端波动/不过热；不以精确MA距离或距20日高点为硬规则,380,False,150,200,174,8,未入选：满足基础条件，但位于本次软容量边界之外（150-200只）
600714,金瑞矿业,23.01,0.07122905027932958,0.2417701025364274,0.46653919694072665,0.505890052356021,,,,0.32022471910112354,-0.020851063829787186,0.3319727891156462,0.9646113464726469,47986648.8,33684503.1,1.4245912625619226,0.16651838924990192,0.11688853752369818,1.424591262561923,False,0.11203007518797015,0.11159712230215835,True,3,2,部分收敛/待确认,-0.020851063829787186,0.9515331355093968,0.32290798286716305,,,,0.08078910286519503,17.8,14.9,0.29269662921348316,0.5442953020134229,2,2,0,0,1,0,5,True,近5日波动仍偏大,宽松粗筛：方向/非极端波动/不过热；不以精确MA距离或距20日高点为硬规则,380,False,150,200,174,8,未入选：满足基础条件，但位于本次软容量边界之外（150-200只）
600865,百大集团,12.49,0.10044052863436126,0.3695175438596492,0.46768507638072854,0.3877777777777778,,,,0.36652078774617064,0.0,0.15338882282996422,2.389488236391703,27860412.6,6268990.4,4.444162587966318,0.08085165772080627,0.01666219736005108,4.852400675234734,False,0.14787669756413035,0.09367342392515021,True,3,1,结构未成熟,0.0,1.0,0.3417123214093887,,,,0.2102713178294573,9.14,8.44,0.3665207877461707,0.4798578199052135,2,2,0,0,1,0,5,True,近5日波动仍偏大,宽松粗筛：方向/非极端波动/不过热；不以精确MA距离或距20日高点为硬规则,380,False,150,200,174,8,未入选：满足基础条件，但位于本次软容量边界之外（150-200只）
601086,国芳集团,13.92,0.10039525691699591,0.5179934569247546,0.8709677419354838,0.7037943696450428,,,,0.41319796954314725,0.0,0.24761904761904768,1.668684107770402,56827725.0,10519900.0,5.401926349109782,0.08532691441441442,0.015795645645645624,5.40192634910979,False,0.29580812445980986,0.19280695486483257,True,3,1,结构未成熟,0.0,1.0,0.5604506473852362,,,,0.14004914004913993,9.85,7.35,0.41319796954314736,0.8938775510204082,2,2,0,0,1,0,5,True,近5日波动仍偏大,宽松粗筛：方向/非极端波动/不过热；不以精确MA距离或距20日高点为硬规则,380,False,150,200,174,8,未入选：满足基础条件，但位于本次软容量边界之外（150-200只）
601949,中国出版,6.41,0.09948542024013718,0.20715630885122427,0.2568627450980394,0.209433962264151,,,,0.2232824427480916,0.0,0.059523809523809486,3.751145038167941,48471322.8,9286929.6,5.219305506526075,0.02545805466544866,0.0048776709149553205,5.219305506526132,False,0.07012888551933294,0.04255319148936154,True,3,1,结构未成熟,0.0,1.0,0.20568042885356919,,,,0.14056939501779353,5.24,5.08,0.2232824427480915,0.2618110236220472,2,2,0,0,1,0,5,True,近5日波动仍偏大,宽松粗筛：方向/非极端波动/不过热；不以精确MA距离或距20日高点为硬规则,380,False,150,200,174,8,未入选：满足基础条件，但位于本次软容量边界之外（150-200只）
603038,华立股份,16.13,0.0006203473945407545,-0.10089186176142706,-0.04556213017751476,0.07104913678618852,,,,0.15849056603773592,-0.12432138979370266,0.15532734274711169,1.0203648838297212,8741090.8,10337438.5,0.8455760873450421,0.03253381328292252,0.0384753232379985,0.8455760873450413,True,-0.0360349988487223,-0.0076407115777192836,False,3,1,结构未成熟,-0.12432138979370266,0.6118644067796607,-0.03091111177866568,,,,-0.10388888888888892,15.9,15.9,0.014465408805031332,0.014465408805031332,2,0,1,1,1,0,5,True,,宽松粗筛：方向/非极端波动/不过热；不以精确MA距离或距20日高点为硬规则,380,False,150,200,174,8,未入选：满足基础条件，但位于本次软容量边界之外（150-200只）
603095,越剑智能,14.98,-0.01963350785340312,-0.08658536585365839,0.0046948356807512415,0.13313161875945534,,,,0.12903225806451613,-0.15748031496062997,0.2930909090909092,0.4402465380613142,9685483.2,16771028.9,0.5775127607108231,0.03750150308282985,0.06493623281444322,0.5775127607108232,True,-0.05106279012948933,0.009245864519781044,False,3,2,部分收敛/待确认,-0.15748031496062997,0.4766355140186916,-0.02334072238883811,,,,-0.10833333333333339,14.88,14.62,0.006720430107526765,0.024623803009576006,2,0,1,1,1,0,5,True,,宽松粗筛：方向/非极端波动/不过热；不以精确MA距离或距20日高点为硬规则,380,False,150,200,174,8,未入选：满足基础条件，但位于本次软容量边界之外（150-200只）
603122,合富中国,13.76,0.014749262536873031,0.1485809682804673,0.2091388400702987,0.09033280507131547,,,,0.23741610738255034,-0.06711864406779666,0.15254237288135583,1.5563944817300532,27814212.2,20215351.5,1.3758955514575149,0.06987571465203699,0.050785624372443196,1.3758955514575157,False,0.04866100587851063,0.032111606405811344,True,3,1,结构未成熟,-0.06711864406779666,0.7468030690537084,0.11169460715007062,,,,0.08346456692913384,11.92,11.21,0.15436241610738244,0.2274754683318465,2,2,0,0,1,0,5,True,近5日波动仍偏大,宽松粗筛：方向/非极端波动/不过热；不以精确MA距离或距20日高点为硬规则,380,False,150,200,174,8,未入选：满足基础条件，但位于本次软容量边界之外（150-200只）
603150,万朗磁塑,69.49,0.044805292437227306,0.2212653778558875,0.31410741301058986,0.3106374952847981,,,,0.3798113207547169,-0.049774374401750365,0.14214113873295903,2.67207174601485,4807477.4,1579270.3,3.0441130945095343,0.056238987868933,0.01847467098721381,3.0441130945095374,False,0.13625465678138027,0.07315611008074363,True,3,1,结构未成熟,-0.049774374401750365,0.8649350649350649,0.25483043808010386,,,,0.11810136765888979,53.0,49.88,0.31113207547169797,0.3931435445068161,2,2,0,0,1,0,5,True,近5日波动仍偏大,宽松粗筛：方向/非极端波动/不过热；不以精确MA距离或距20日高点为硬规则,380,False,150,200,174,8,未入选：满足基础条件，但位于本次软容量边界之外（150-200只）
603668,天马科技,13.12,0.09974853310980714,0.21481481481481457,0.3172690763052206,0.20146520146520142,,,,0.22616822429906544,0.0,0.11788617886178863,1.9185304543989687,15197758.0,7264546.1,2.092045090057313,0.03004716527112708,0.014362580144151621,2.0920450900573146,False,0.08690012970168604,0.05759463344513649,True,3,1,结构未成熟,0.0,1.0,0.22582453517705314,,,,0.12811693895098863,10.7,9.91,0.22616822429906547,0.3239152371342078,2,2,0,0,1,0,5,True,近5日波动仍偏大,宽松粗筛：方向/非极端波动/不过热；不以精确MA距离或距20日高点为硬规则,380,False,150,200,174,8,未入选：满足基础条件，但位于本次软容量边界之外（150-200只）
603696,安记食品,16.64,0.09980171844018515,0.1919770773638969,0.303054032889585,0.1928315412186381,,,,0.22985957132298607,-0.01421800947867291,0.2124802527646129,1.0817926293490723,19283888.4,18279418.6,1.0549508615115362,0.08198932142857143,0.07771861649659861,1.0549508615115366,False,0.046382978723404245,0.046084978351801587,True,3,1,结构未成熟,-0.01421800947867291,0.9431279620853084,0.17005941707977357,,,,0.13972602739726026,13.53,12.66,0.22985957132298607,0.3143759873617693,2,2,0,0,1,0,5,True,近5日波动仍偏大,宽松粗筛：方向/非极端波动/不过热；不以精确MA距离或距20日高点为硬规则,380,False,150,200,174,8,未入选：满足基础条件，但位于本次软容量边界之外（150-200只）
603778,国晟科技,10.5,-0.02687673772011112,0.0714285714285714,0.1326860841423949,-0.038461538461538436,,,,0.19206680584551147,-0.08056042031523647,0.20199778024417317,0.9508362201472846,89378240.0,35023599.0,2.551943333978898,0.13903281796315486,0.054481154072641515,2.5519433339788993,False,0.04431137724550882,0.03891813771033337,True,3,2,部分收敛/待确认,-0.08056042031523647,0.6182572614107884,0.03831891223732997,,,,-0.05745062836624781,9.58,9.01,0.09603340292275564,0.16537180910099902,0,2,0,1,1,1,5,True,近5日波动仍偏大,宽松粗筛：方向/非极端波动/不过热；不以精确MA距离或距20日高点为硬规则,380,False,150,200,174,8,未入选：满足基础条件，但位于本次软容量边界之外（150-200只）
605398,新炬网络,27.99,0.04988747186796694,0.33222275107091837,0.4093655589123866,0.3341277407054337,,,,0.40287081339712927,-0.0453615279672579,0.07477110885045772,5.3880545519643315,6469545.0,1409451.7,4.590114723335323,0.017943267407640573,0.008662014903859141,2.0714888633643893,False,0.15900056785917083,0.08879543696829084,True,3,1,结构未成熟,-0.0453615279672579,0.86231884057971,0.296974190259951,,,,0.15470297029702973,20.9,19.66,0.33923444976076556,0.42370295015259396,2,2,0,0,1,0,5,True,近5日波动仍偏大,宽松粗筛：方向/非极端波动/不过热；不以精确MA距离或距20日高点为硬规则,380,False,150,200,174,8,未入选：满足基础条件，但位于本次软容量边界之外（150-200只）
605577,龙版传媒,17.11,0.10032154340835997,0.6111111111111112,0.763917525773196,0.7512794268167862,,,,0.5249554367201424,0.0,0.14931650893796003,3.5157226783158837,29799942.2,9173064.7,3.248635344303197,0.06704986986618766,0.020639395549200724,3.2486353443032017,False,0.3119367298142359,0.16843937342873727,True,3,1,结构未成熟,0.0,1.0,0.5543241279069768,,,,0.2100424328147099,11.22,9.51,0.5249554367201426,0.7991587802313354,2,2,0,0,1,0,5,True,近5日波动仍偏大,宽松粗筛：方向/非极端波动/不过热；不以精确MA距离或距20日高点为硬规则,380,False,150,200,174,8,未入选：满足基础条件，但位于本次软容量边界之外（150-200只）
605580,恒盛能源,24.41,0.08633733867378734,0.3790960451977401,0.4069164265129681,0.3187466234467855,,,,0.407744874715262,-0.012540453074433633,0.12884160756501178,3.164698752377172,12748047.4,3616038.0,3.5254185381901406,0.022517589285714252,0.01291442142857139,1.7436003161471225,False,0.14648696420680518,0.0810901749663524,True,3,1,结构未成熟,-0.012540453074433633,0.9602564102564104,0.3031176596199019,,,,0.1948115516397455,17.56,16.92,0.39009111617312087,0.44267139479905415,2,2,0,0,1,0,5,True,近5日波动仍偏大,宽松粗筛：方向/非极端波动/不过热；不以精确MA距离或距20日高点为硬规则,380,False,150,200,174,8,未入选：满足基础条件，但位于本次软容量边界之外（150-200只）
688205,德科立,214.03,0.10324742268041232,0.15835904096985431,0.3719871794871794,0.57375,,,,0.28763344128583407,-0.0031206334420120774,0.3332426365553365,0.8631351745954369,16284407.0,13247360.2,1.2292567541116608,0.10226490762024576,0.08319247161196108,1.2292567541116608,False,0.08040964271330764,0.06524600060368235,True,3,2,部分收敛/待确认,-0.0031206334420120774,0.9931211498973307,0.28388085576060784,,,,0.09198979591836731,166.74,147.01,0.2836152093079045,0.4558873546017279,2,2,0,0,1,0,5,True,近5日波动仍偏大,宽松粗筛：方向/非极端波动/不过热；不以精确MA距离或距20日高点为硬规则,380,False,150,200,174,8,未入选：满足基础条件，但位于本次软容量边界之外（150-200只）
688419,耐科装备,49.27,0.04607218683651815,-0.0694995278564684,-0.1322648820007044,0.024324324324324298,,,,0.1435294117647059,-0.15777777777777768,0.25482625482625487,0.5632442067736185,3597493.4,5563180.6,0.6466612642415384,0.0314049845925859,0.048564814887158025,0.6466612642415386,True,-0.05601406082836635,-0.013935891098520892,False,3,2,部分收敛/待确认,-0.15777777777777768,0.6185950413223142,-0.032954523150601434,,,,-0.07212806026365348,46.75,46.75,0.05390374331550807,0.05390374331550807,2,0,1,1,0,1,5,True,,宽松粗筛：方向/非极端波动/不过热；不以精确MA距离或距20日高点为硬规则,380,False,150,200,174,8,未入选：满足基础条件，但位于本次软容量边界之外（150-200只）
688435,英方软件,37.63,0.142726996659581,0.2345800524934385,0.2606365159128978,0.19764481222151487,,,,0.34353741496598644,-0.04734177215189872,0.14881583598444684,2.3084735081681127,4839094.4,1717627.1,2.817313723100899,0.08633816459597686,0.03064556278842386,2.8173137231009013,False,0.06933457422056777,0.030565359259505875,True,3,1,结构未成熟,-0.04734177215189872,0.8331846565566461,0.21261923176076314,,,,0.20763799743260591,29.4,28.29,0.27993197278911586,0.33015199717214583,2,2,0,0,1,0,5,True,近5日波动仍偏大,宽松粗筛：方向/非极端波动/不过热；不以精确MA距离或距20日高点为硬规则,380,False,150,200,174,8,未入选：满足基础条件，但位于本次软容量边界之外（150-200只）
688600,皖仪科技,33.89,0.023867069486404713,0.11406969099276787,0.26313827804696244,0.16340542396155167,,,,0.2341750259425804,-0.0501681614349776,0.2334508421464942,1.0031020826030337,6724985.0,3634292.2,1.850424960326525,0.049922503028576745,0.02697893948629367,1.8504249603265275,False,0.0732490604714724,0.06224377027556938,True,3,1,结构未成熟,-0.0501681614349776,0.8641881638846738,0.19299480770923183,,,,0.07621467132422999,28.91,25.9,0.17225873400207536,0.3084942084942086,2,2,0,0,1,0,5,True,近5日波动仍偏大,宽松粗筛：方向/非极端波动/不过热；不以精确MA距离或距20日高点为硬规则,380,False,150,200,174,8,未入选：满足基础条件，但位于本次软容量边界之外（150-200只）
688625,呈和科技,56.38,0.07533854663360673,-0.015884098446500183,0.06477809254013223,-0.013990905911157703,,,,0.18037545964776466,-0.12575593115211647,0.2895420915816836,0.6229680066978392,5575690.8,5301120.7,1.051794727103648,0.02147247085054416,0.020415077483487094,1.0517947271036492,False,-0.015450148003754105,-0.01067363720524972,False,3,1,结构未成熟,-0.12575593115211647,0.5057891529555153,0.003408170711088676,,,,-0.019478260869565167,51.67,50.01,0.09115540932843036,0.12737452509498115,0,2,0,1,1,1,5,True,近5日波动仍偏大,宽松粗筛：方向/非极端波动/不过热；不以精确MA距离或距20日高点为硬规则,380,False,150,200,174,8,未入选：满足基础条件，但位于本次软容量边界之外（150-200只）
688655,迅捷兴,50.52,0.19999999999999996,0.16405529953917064,0.20890165111270642,0.41472976757210867,,,,0.2208796520057999,0.0,0.18999494694290053,1.1625554024454197,11199858.4,11888985.2,0.9420365331096552,0.08396325361721266,0.08912950895869251,0.9420365331096553,True,0.03242769500438203,0.026110444177670944,True,3,2,部分收敛/待确认,0.0,1.0,0.19236715089864176,,,,0.08179871520342608,41.38,40.05,0.22087965200579984,0.261423220973783,2,2,0,0,1,0,5,True,近5日波动仍偏大,宽松粗筛：方向/非极端波动/不过热；不以精确MA距离或距20日高点为硬规则,380,False,150,200,174,8,未入选：满足基础条件，但位于本次软容量边界之外（150-200只）
920006,晟楠科技,19.69,-0.03480392156862733,0.24541429475015808,0.3179384203480591,0.09693593314763249,,,,0.4387096774193549,-0.11704035874439456,0.19716407832545577,2.2250994255413175,82794.4,10740.9,7.70832984200579,17.324,2.247,7.709835336003562,False,0.15970772442588732,0.09431165462293878,True,3,1,结构未成熟,-0.11704035874439456,0.6515353805073432,0.16433090887587953,,,,-0.11346240432237731,15.5,14.82,0.27032258064516146,0.3286099865047234,2,2,0,0,1,0,5,True,近5日波动仍偏大,宽松粗筛：方向/非极端波动/不过热；不以精确MA距离或距20日高点为硬规则,380,False,150,200,174,8,未入选：满足基础条件，但位于本次软容量边界之外（150-200只）
920021,流金科技,9.01,-0.019586507072905324,0.01807909604519775,0.39689922480620154,0.22086720867208665,,,,0.26252983293556076,-0.1483931947069943,0.3828124999999999,0.6857922166479956,681278.2,149439.8,4.558880565953649,27.52,6.037,4.558555573960576,False,0.11891362857841914,0.10427698574338073,True,3,2,部分收敛/待确认,-0.1483931947069943,0.624401913875598,0.20053297801465697,,,,-0.12097560975609756,8.38,6.45,0.075178997613365,0.39689922480620154,2,2,0,0,1,0,5,True,近5日波动仍偏大,宽松粗筛：方向/非极端波动/不过热；不以精确MA距离或距20日高点为硬规则,380,False,150,200,174,8,未入选：满足基础条件，但位于本次软容量边界之外（150-200只）
920212,智新电子,11.7,-0.051094890510948954,0.16766467065868262,0.2420382165605095,0.22513089005235587,,,,0.4857723577235772,-0.19972640218878246,0.08315565031982936,5.841723994163023,78907.6,6525.9,12.091450987603244,15.292000000000002,1.2639999999999998,12.098101265822788,False,0.13743551952837163,0.07784841075794624,True,3,1,结构未成熟,-0.19972640218878246,0.4480151228733459,0.13625327765368533,,,,-0.17021276595744683,9.84,9.41,0.18902439024390238,0.24335812964930925,2,2,0,0,1,0,5,True,近5日波动仍偏大,宽松粗筛：方向/非极端波动/不过热；不以精确MA距离或距20日高点为硬规则,380,False,150,200,174,8,未入选：满足基础条件，但位于本次软容量边界之外（150-200只）
920592,华信永道,27.33,-0.01335740072202174,0.24623803009575917,0.4384210526315788,0.27116279069767435,,,,0.580170777988615,-0.1795256679675774,0.22958642629904571,2.5270256057425575,108832.6,29160.1,3.7322437165853346,21.642,5.7989999999999995,3.7320227625452667,False,0.13492900608519265,0.10617473275900946,True,3,1,结构未成熟,-0.1795256679675774,0.5861591695501728,0.21280702922185957,,,,-0.10686274509803928,21.08,18.86,0.29648956356736256,0.4490986214209969,2,2,0,0,1,0,5,True,近5日波动仍偏大,宽松粗筛：方向/非极端波动/不过热；不以精确MA距离或距20日高点为硬规则,380,False,150,200,174,8,未入选：满足基础条件，但位于本次软容量边界之外（150-200只）
920855,浙江大农,15.2,0.0066225165562914245,0.1746522411128284,0.2479474548440066,0.22186495176848875,,,,0.5690607734806629,-0.23541247484909456,0.18083333333333332,3.146879853349288,64653.0,9600.4,6.734406899712512,9.645999999999999,1.432,6.7360335195530725,False,0.09997279651795443,0.07161352371088237,True,3,1,结构未成熟,-0.23541247484909456,0.4060913705583756,0.12322187326805834,,,,-0.12844036697247718,12.67,12.01,0.1996842936069454,0.26561199000832625,2,2,0,0,1,0,5,True,近5日波动仍偏大,宽松粗筛：方向/非极端波动/不过热；不以精确MA距离或距20日高点为硬规则,380,False,150,200,174,8,未入选：满足基础条件，但位于本次软容量边界之外（150-200只）
000506,招金黄金,19.83,-0.0392441860465117,-0.023152709359606005,-0.11235452103849608,-0.005516549648946989,,,,0.1410459587955627,-0.12062084257206218,0.30648899188876005,0.4601991018547094,67924553.2,118848733.3,0.571521052971963,0.07313884363143043,0.12797226497799447,0.5715210529719628,True,-0.022389481707317027,-0.0052798310454065245,False,3,2,部分收敛/待确认,-0.12062084257206218,0.6625310173697267,-0.0024398219181528402,,,,-0.0776744186046513,18.93,18.93,0.047543581616481756,0.047543581616481756,0,0,1,1,1,1,4,True,20日方向仍偏弱,宽松粗筛：方向/非极端波动/不过热；不以精确MA距离或距20日高点为硬规则,439,False,150,200,174,8,未入选：满足基础条件，但位于本次软容量边界之外（150-200只）
000517,荣安地产,2.16,-0.013698630136986245,-0.02262443438914019,-0.06896551724137923,-0.00917431192660556,,,,0.08490566037735835,-0.12903225806451601,0.12727272727272718,0.6671159029649589,38041306.0,40344649.9,0.9429083185574998,0.01526545480174078,0.01618975514511791,0.9429083185575009,True,-0.011627906976744096,-0.02484742807323448,False,3,2,部分收敛/待确认,-0.12903225806451601,0.3191489361702134,-0.0509666080843586,,,,-0.060869565217391175,2.12,2.12,0.018867924528301883,0.018867924528301883,0,0,1,1,1,1,4,True,20日方向仍偏弱,宽松粗筛：方向/非极端波动/不过热；不以精确MA距离或距20日高点为硬规则,439,False,150,200,174,8,未入选：满足基础条件，但位于本次软容量边界之外（150-200只）
000603,盛达资源,35.36,-0.022123893805309658,-0.04095470572280979,-0.11289513296537879,-0.047413793103448176,,,,0.12087912087912088,-0.12192699279860952,0.294855305466238,0.4099608134504535,46168131.8,80249983.6,0.5753039406228614,0.0692470361297974,0.12036600349864819,0.5753039406228613,True,-0.026488640034456834,-0.003334056163938115,False,3,2,部分收敛/待确认,-0.12192699279860952,0.6639288158795343,-0.0015248206923815788,,,,-0.056563500533617916,33.67,33.67,0.05019305019305009,0.05019305019305009,0,0,1,1,1,1,4,True,20日方向仍偏弱,宽松粗筛：方向/非极端波动/不过热；不以精确MA距离或距20日高点为硬规则,439,False,150,200,174,8,未入选：满足基础条件，但位于本次软容量边界之外（150-200只）
000657,中钨高新,60.0,0.040943789035392086,-0.08814589665653494,-0.10125823846614745,-0.17582417582417575,,,,0.15259285213735124,-0.20529801324503316,0.21774193548387097,0.7007968024085761,53878456.2,85860944.4,0.6275083109847555,0.0370693053093703,0.05907380772566506,0.6275083109847557,True,-0.06964618249534449,-0.033453120903188194,False,3,2,部分收敛/待确认,-0.20529801324503316,0.43389335281227176,-0.08340271465562688,,,,-0.08800729594163259,57.08,57.08,0.051156271899089,0.051156271899089,0,0,1,1,1,1,4,True,20日方向仍偏弱,宽松粗筛：方向/非极端波动/不过热；不以精确MA距离或距20日高点为硬规则,439,False,150,200,174,8,未入选：满足基础条件，但位于本次软容量边界之外（150-200只）
000737,北方铜业,14.33,-0.0013937282229964376,-0.05661619486504277,-0.03890006706908111,-0.012405237767057153,,,,0.1224345364472752,-0.09646910466582592,0.13531114327062221,0.9048370554552643,68872014.4,100852973.5,0.6828952286667086,0.03616197135334724,0.05295390835275018,0.6828952286667082,True,-0.030322919401417625,-0.0007342143906021725,False,3,2,部分收敛/待确认,-0.09646910466582592,0.3755102040816327,-0.018291429745838195,,,,-0.057856673241288625,14.13,14.13,0.01415428167020516,0.01415428167020516,0,0,1,1,1,1,4,True,20日方向仍偏弱,宽松粗筛：方向/非极端波动/不过热；不以精确MA距离或距20日高点为硬规则,439,False,150,200,174,8,未入选：满足基础条件，但位于本次软容量边界之外（150-200只）
000811,冰轮环境,37.88,0.04640883977900545,-0.09291187739463591,-0.08502415458937185,-0.10828625235404887,,,,0.17614113693643235,-0.1763426831919982,0.19145077720207254,0.9200335434027455,44236460.6,48463604.2,0.9127769453019757,0.045203872610473664,0.049523460077663076,0.9127769453019761,True,-0.05812220566318915,-0.021093615238658492,False,3,2,部分收敛/待确认,-0.1763426831919982,0.39296407185628746,-0.06777575429443317,,,,-0.09680495946590362,35.71,35.71,0.06076729207504905,0.06076729207504905,0,0,1,1,1,1,4,True,20日方向仍偏弱,宽松粗筛：方向/非极端波动/不过热；不以精确MA距离或距20日高点为硬规则,439,False,150,200,174,8,未入选：满足基础条件，但位于本次软容量边界之外（150-200只）
000831,中国稀土,55.82,-0.006938267212239779,-0.10054785691266521,-0.04122294744074195,-0.04352296093214525,,,,0.11953773925604906,-0.11677215189873424,0.15623856567874145,0.7650975208121353,22404906.4,38546316.2,0.581246370827,0.0211123889130455,0.03632261631673792,0.5812463708270003,True,-0.04531722054380671,-0.005275967118811398,False,3,2,部分收敛/待确认,-0.11677215189873424,0.49521203830369354,-0.04627660028874836,,,,-0.09967741935483876,55.38,54.66,0.00794510653665581,0.021222100256128806,0,0,1,1,1,1,4,True,20日方向仍偏弱,宽松粗筛：方向/非极端波动/不过热；不以精确MA距离或距20日高点为硬规则,439,False,150,200,174,8,未入选：满足基础条件，但位于本次软容量边界之外（150-200只）
000859,国风新材,8.9,-0.005586592178770777,-0.005586592178770777,0.026528258362168433,-0.06610703043022026,,,,0.06342015855039643,-0.15479582146248805,0.14420803782505895,0.439782410931438,33347045.0,36063548.0,0.9246745494924681,0.03722097542484591,0.040253054921080715,0.9246745494924687,True,-0.0028914590747333158,0.004395356700101383,True,3,3,收敛较充分,-0.15479582146248805,0.3151260504201682,-0.03002561168328688,,,,-0.030501089324618702,8.83,8.46,0.007927519818799578,0.05200945626477527,0,0,1,1,1,1,4,True,20日方向仍偏弱,宽松粗筛：方向/非极端波动/不过热；不以精确MA距离或距20日高点为硬规则,439,False,150,200,174,8,未入选：满足基础条件，但位于本次软容量边界之外（150-200只）
000889,中嘉博创,3.95,-0.010025062656641603,-0.01741293532338295,0.015424164524421524,-0.012499999999999956,,,,0.043147208121827506,-0.11830357142857151,0.10597826086956524,0.40713263048288506,31354250.8,38176563.9,0.8212957793197309,0.03604767830555919,0.04389122556482276,0.8212957793197306,True,-0.007418397626112627,0.009040683073832323,True,3,3,收敛较充分,-0.11830357142857151,0.3374999999999999,-0.00940438871473348,,,,-0.03892944038929447,3.94,3.82,0.002538071065989911,0.03403141361256545,0,0,1,1,1,1,4,True,20日方向仍偏弱,宽松粗筛：方向/非极端波动/不过热；不以精确MA距离或距20日高点为硬规则,439,False,150,200,174,8,未入选：满足基础条件，但位于本次软容量边界之外（150-200只）
000960,锡业股份,33.98,0.016756433273488858,-0.061066592981486645,-0.056897030252567427,-0.16098765432098772,,,,0.12165010538994275,-0.15891089108910894,0.17416715371127997,0.6984675514167518,30963690.4,44960190.3,0.688691266504715,0.01881797078412393,0.027324247742576933,0.6886912665047158,True,-0.03717409587888987,-0.022652549456673277,False,3,2,部分收敛/待确认,-0.17020757020757038,0.09948320413436638,-0.06840301576422214,,,,-0.06132596685082892,33.21,33.21,0.02318578741342958,0.02318578741342958,0,0,1,1,1,1,4,True,20日方向仍偏弱,宽松粗筛：方向/非极端波动/不过热；不以精确MA距离或距20日高点为硬规则,439,False,150,200,174,8,未入选：满足基础条件，但位于本次软容量边界之外（150-200只）
000962,东方钽业,53.7,0.04434072345390905,-0.05441098784997356,0.04474708171206232,-0.06527415143603132,,,,0.12382075471698108,-0.10200668896321063,0.19839679358717432,0.6241066323613491,20414179.4,27155958.0,0.7517385098327225,0.04058314908227365,0.05398572582280535,0.7517385098327231,True,-0.042480277014243284,0.007306020530842616,False,3,2,部分收敛/待确认,-0.10200668896321063,0.6498277841561426,-0.00904225871932085,,,,-0.060860440713536135,50.88,50.01,0.05542452830188682,0.07378524295140987,0,0,1,1,1,1,4,True,20日方向仍偏弱,宽松粗筛：方向/非极端波动/不过热；不以精确MA距离或距20日高点为硬规则,439,False,150,200,174,8,未入选：满足基础条件，但位于本次软容量边界之外（150-200只）
000975,山金国际,25.8,-0.017142857142857126,-0.020872865275142316,-0.11825017088174983,-0.04937361827560793,,,,0.08641975308641982,-0.14795244385733153,0.1921259842519686,0.4498077312284963,42902894.2,61739876.4,0.6948976366917379,0.017003266591074397,0.024468735671664348,0.6948976366917387,True,-0.017694490070180646,-0.02565035473894861,False,3,2,部分收敛/待确认,-0.14795244385733153,0.43999999999999995,-0.04044630404463034,,,,-0.05042326094957672,25.11,25.11,0.027479091995221028,0.027479091995221028,0,0,1,1,1,1,4,True,20日方向仍偏弱,宽松粗筛：方向/非极端波动/不过热；不以精确MA距离或距20日高点为硬规则,439,False,150,200,174,8,未入选：满足基础条件，但位于本次软容量边界之外（150-200只）
000989,九芝堂,8.91,-0.002239641657334812,0.0011235955056179137,0.02886836027713624,-0.062105263157894774,,,,0.03954802259887002,-0.09081632653061233,0.1502347417840377,0.2632415254237283,15388382.4,29584608.1,0.5201482591212692,0.020957953146255166,0.04029226817304209,0.5201482591212693,True,-0.009247027741083214,-0.005082311346812474,True,3,3,收敛较充分,-0.09081632653061233,0.30468750000000017,-0.028035344169302756,,,,-0.02941176470588236,8.85,8.52,0.006779661016949268,0.045774647887323994,0,0,1,1,1,1,4,True,20日方向仍偏弱,宽松粗筛：方向/非极端波动/不过热；不以精确MA距离或距20日高点为硬规则,439,False,150,200,174,8,未入选：满足基础条件，但位于本次软容量边界之外（150-200只）
001358,兴欣新材,24.17,0.011720385098367592,-0.058067030397505826,-0.04087301587301573,-0.09339834958739679,,,,0.10863986313088121,-0.1578397212543553,0.15353697749196143,0.707581098088043,1434187.2,2744547.2,0.5225587667065809,0.028134387449165604,0.05383966214265652,0.5225587667065813,True,-0.03175734537103014,-0.015661892019518286,False,3,2,部分收敛/待确认,-0.1578397212543553,0.14849624060150426,-0.05356723314276757,,,,-0.06172360248447206,23.38,23.38,0.03378956372968367,0.03378956372968367,0,0,1,1,1,1,4,True,20日方向仍偏弱,宽松粗筛：方向/非极端波动/不过热；不以精确MA距离或距20日高点为硬规则,439,False,150,200,174,8,未入选：满足基础条件，但位于本次软容量边界之外（150-200只）
001359,平安电工,83.51,0.046884793782123735,-0.0734494618883833,-0.05829950383400995,-0.04766792108564255,,,,0.1512318382817435,-0.15011194789334414,0.1753588516746413,0.8624134843351805,3176129.8,4386055.2,0.7241426874882924,0.05268018915395724,0.0727483547982509,0.7241426874882927,True,-0.04956500011357701,-0.03037003610108313,False,3,2,部分收敛/待确认,-0.15011194789334414,0.47750619907899405,-0.05258918492719422,,,,-0.07693157952912566,79.15,79.15,0.05508528111181299,0.05508528111181299,0,0,1,1,1,1,4,True,20日方向仍偏弱,宽松粗筛：方向/非极端波动/不过热；不以精确MA距离或距20日高点为硬规则,439,False,150,200,174,8,未入选：满足基础条件，但位于本次软容量边界之外（150-200只）
001378,德冠新材,20.11,0.012078510317060864,-0.017586712261846604,0.0029925187032417977,-0.015181194906954132,,,,0.04414003044140017,-0.07963386727688793,0.10143442622950823,0.4351582799071369,2539918.8,4091698.4,0.620749271256161,0.030114908291659314,0.048513803698421024,0.6207492712561613,True,-0.012928501469147813,-0.0011801150612185118,False,3,2,部分收敛/待确认,-0.07963386727688793,0.6448979591836732,-0.02143500158147016,,,,-0.021887159533073852,19.71,19.7,0.020294266869609334,0.020812182741116736,0,0,1,1,1,1,4,True,20日方向仍偏弱,宽松粗筛：方向/非极端波动/不过热；不以精确MA距离或距20日高点为硬规则,439,False,150,200,174,8,未入选：满足基础条件，但位于本次软容量边界之外（150-200只）
002038,双鹭药业,5.93,0.008503401360544283,-0.008361204013378032,-0.06907378335949765,-0.008361204013378032,,,,0.05993150684931516,-0.16242937853107353,0.2164948453608247,0.2768264840182653,25859325.4,65626845.8,0.3940357804000996,0.0303443834963806,0.07700920831496379,0.3940357804000997,True,-0.03388189738625358,-0.03337006138832044,False,3,2,部分收敛/待确认,-0.16242937853107353,0.2123287671232874,-0.03967611336032395,,,,-0.042003231017770704,5.84,5.84,0.015410958904109595,0.015410958904109595,0,0,1,1,1,1,4,True,20日方向仍偏弱,宽松粗筛：方向/非极端波动/不过热；不以精确MA距离或距20日高点为硬规则,439,False,150,200,174,8,未入选：满足基础条件，但位于本次软容量边界之外（150-200只）
002081,金 螳 螂,5.33,0.02895752895752901,-0.13474025974025972,0.06600000000000006,0.3291770573566086,,,,0.23481781376518202,-0.16718750000000004,0.35881104033970285,0.6544330786000041,370619546.2,421559193.6,0.8791637137243067,0.13972195294303322,0.15892597790591714,0.8791637137243066,True,-0.06917134831460658,-0.003975424647632897,False,3,2,部分收敛/待确认,-0.16718750000000004,0.5836575875486381,-0.0036452004860266785,,,,-0.1262295081967213,4.94,4.82,0.07894736842105265,0.10580912863070524,2,0,0,1,1,0,4,True,近5日波动仍偏大,宽松粗筛：方向/非极端波动/不过热；不以精确MA距离或距20日高点为硬规则,439,False,150,200,174,8,未入选：满足基础条件，但位于本次软容量边界之外（150-200只）
002112,三变科技,15.29,-0.014819587628866038,0.003939592908732692,0.0045992115637318864,-0.13615819209039548,,,,0.06387225548902202,-0.18453333333333333,0.204040404040404,0.3130372917531278,15231246.6,13334131.2,1.1422751412555474,0.058116783424908426,0.050878095238095236,1.1422751412555474,False,0.004438642297650119,-0.004541915390604889,True,3,2,部分收敛/待确认,-0.18453333333333333,0.11282051282051268,-0.042099987470241906,,,,-0.03350189633375478,15.03,14.85,0.017298735861610126,0.029629629629629672,0,0,1,1,1,1,4,True,20日方向仍偏弱,宽松粗筛：方向/非极端波动/不过热；不以精确MA距离或距20日高点为硬规则,439,False,150,200,174,8,未入选：满足基础条件，但位于本次软容量边界之外（150-200只）
002180,奔图科技,16.7,-0.004174120453190211,-0.026239067055393583,-0.0029850746268657025,-0.106951871657754,,,,0.07631738340399745,-0.12105263157894741,0.15642118076688985,0.4878967351469564,7967265.6,12618996.4,0.631370780009098,0.005788722267159431,0.009168498844808765,0.6313707800090987,True,-0.014868161226623156,-0.011145295176176684,False,3,2,部分收敛/待确认,-0.1893203883495147,0.0647482014388488,-0.042321367129257936,,,,-0.034123770965876266,16.51,16.43,0.01150817686250738,0.016433353621424285,0,0,1,1,1,1,4,True,20日方向仍偏弱,宽松粗筛：方向/非极端波动/不过热；不以精确MA距离或距20日高点为硬规则,439,False,150,200,174,8,未入选：满足基础条件，但位于本次软容量边界之外（150-200只）
002213,大为股份,28.15,0.010046645138141352,-0.07855973813420625,-0.10663281497937172,-0.06291611185086554,,,,0.10659898477157366,-0.1541466346153847,0.16322963998601894,0.6530614463200688,7728566.4,15653131.0,0.49373932921151686,0.03738702085009098,0.07572218504407302,0.493739329211517,True,-0.04819197022068611,-0.019931158826422046,False,3,2,部分收敛/待确认,-0.1541466346153847,0.3682266009852214,-0.06169794340188661,,,,-0.0776539973787681,27.58,27.58,0.020667150108774512,0.020667150108774512,0,0,1,1,1,1,4,True,20日方向仍偏弱,宽松粗筛：方向/非极端波动/不过热；不以精确MA距离或距20日高点为硬规则,439,False,150,200,174,8,未入选：满足基础条件，但位于本次软容量边界之外（150-200只）
002256,兆新股份,3.34,0.0121212121212122,-0.008902077151335397,0.0030030030030030463,-0.07479224376731297,,,,0.04892966360856273,-0.15869017632241822,0.10185185185185174,0.48040033361134377,31113058.2,45203271.7,0.6882921750993524,0.015445729729279017,0.022440658615724453,0.6882921750993529,True,-0.018235294117647127,-0.0029559562518475246,False,3,2,部分收敛/待确认,-0.15869017632241822,0.13698630136986253,-0.03593592148939251,,,,-0.026239067055393694,3.27,3.27,0.021406727828746197,0.021406727828746197,0,0,1,1,1,1,4,True,20日方向仍偏弱,宽松粗筛：方向/非极端波动/不过热；不以精确MA距离或距20日高点为硬规则,439,False,150,200,174,8,未入选：满足基础条件，但位于本次软容量边界之外（150-200只）
002348,高乐股份,10.74,-0.009225092250922495,-0.04448398576512458,-0.02893309222423146,-0.14558472553699287,,,,0.06273408239700375,-0.19187358916478547,0.15420129270544783,0.40683240261050935,12640240.8,15020598.6,0.8415271013233787,0.013989794300805608,0.016624294427125826,0.8415271013233795,True,-0.021926671459381764,-0.010829678689698419,False,3,2,部分收敛/待确认,-0.19187358916478547,0.02298850574712663,-0.06547748531651088,,,,-0.050397877984084904,10.68,10.68,0.005617977528090012,0.005617977528090012,0,0,1,1,1,1,4,True,20日方向仍偏弱,宽松粗筛：方向/非极端波动/不过热；不以精确MA距离或距20日高点为硬规则,439,False,150,200,174,8,未入选：满足基础条件，但位于本次软容量边界之外（150-200只）
002364,中恒电气,38.35,0.02430555555555558,-0.005703914959813261,0.022666666666666613,-0.02590805181610356,,,,0.10461192350956126,-0.21058048579662403,0.26129121640343583,0.4003652512682997,31573011.8,35141600.1,0.8984511721195074,0.05656654933437313,0.06296007071917863,0.8984511721195076,True,-0.003313913089956766,-0.007183265359820945,True,3,3,收敛较充分,-0.21058048579662403,0.28760445682451274,-0.03305514233125728,,,,-0.018930672806344417,35.56,35.56,0.0784589426321709,0.0784589426321709,0,0,1,1,1,1,4,True,20日方向仍偏弱,宽松粗筛：方向/非极端波动/不过热；不以精确MA距离或距20日高点为硬规则,439,False,150,200,174,8,未入选：满足基础条件，但位于本次软容量边界之外（150-200只）
002370,亚太药业,5.4,0.0018552875695734272,-0.0055248618784529135,-0.00917431192660545,-0.07056798623063676,,,,0.033644859813084224,-0.18552036199095012,0.16822429906542063,0.20000000000000057,12329581.6,30185059.0,0.4084663740428667,0.016535956337048987,0.040483029663816596,0.40846637404286695,True,-0.015256084271703663,-0.014021211576487724,False,3,2,部分收敛/待确认,-0.18552036199095012,0.267857142857143,-0.05004837716597754,,,,-0.021739130434782483,5.35,5.35,0.009345794392523477,0.009345794392523477,0,0,1,1,1,1,4,True,20日方向仍偏弱,宽松粗筛：方向/非极端波动/不过热；不以精确MA距离或距20日高点为硬规则,439,False,150,200,174,8,未入选：满足基础条件，但位于本次软容量边界之外（150-200只）
002382,蓝帆医疗,5.9,-0.008403361344537785,0.003401360544217802,0.0,-0.028006589785831926,,,,0.0340136054421769,-0.05901116427432207,0.1019332161687169,0.3336851982172187,10794609.8,14523009.9,0.7432763507239639,0.01081849458023489,0.014555144354717423,0.7432763507239653,True,-0.0066489361702127825,0.0010011680293675607,True,3,3,收敛较充分,-0.05901116427432207,0.3620689655172418,-0.012552301255229992,,,,-0.026402640264026278,5.88,5.69,0.003401360544217802,0.03690685413005279,0,0,1,1,1,1,4,True,20日方向仍偏弱,宽松粗筛：方向/非极端波动/不过热；不以精确MA距离或距20日高点为硬规则,439,False,150,200,174,8,未入选：满足基础条件，但位于本次软容量边界之外（150-200只）
002409,雅克科技,131.0,0.03459169167588061,-0.07986233054716585,-0.06821253289707663,-0.15614532337026543,,,,0.1541470423884411,-0.19725473374594027,0.25357197726225217,0.6079025137269697,13842744.6,21837121.2,0.6339088597447543,0.04345920261701121,0.06855749363482663,0.6339088597447544,True,-0.05641683852266344,-0.020422178847682826,False,3,2,部分收敛/待确认,-0.19725473374594027,0.27254237288135597,-0.07732183859471187,,,,-0.08736240769123582,125.27,125.27,0.04574119901013818,0.04574119901013818,0,0,1,1,1,1,4,True,20日方向仍偏弱,宽松粗筛：方向/非极端波动/不过热；不以精确MA距离或距20日高点为硬规则,439,False,150,200,174,8,未入选：满足基础条件，但位于本次软容量边界之外（150-200只）
002428,云南锗业,92.0,0.056378459065334674,-0.08639523336643495,-0.035336059557512844,-0.10313901345291476,,,,0.16913637416068536,-0.18584070796460173,0.24710296876724425,0.6844773051674721,45997014.8,73729231.9,0.623864017224354,0.070438723598121,0.11290717472617082,0.6238640172243543,True,-0.06347550373325173,-0.02982506452537992,False,3,2,部分收敛/待确认,-0.18584070796460173,0.5023696682464456,-0.06965455869266246,,,,-0.08901871472423006,86.38,86.38,0.06506135679555469,0.06506135679555469,0,0,1,1,1,1,4,True,20日方向仍偏弱,宽松粗筛：方向/非极端波动/不过热；不以精确MA距离或距20日高点为硬规则,439,False,150,200,174,8,未入选：满足基础条件，但位于本次软容量边界之外（150-200只）
002437,誉衡药业,3.95,0.002538071065989911,-0.09610983981693366,0.002538071065989911,0.15160349854227406,,,,0.25000000000000006,-0.22549019607843124,0.32124352331606215,0.7782258064516131,541387373.0,692981391.5,0.7812437384907759,0.2574753745264986,0.3295711208180629,0.7812437384907758,True,-0.06702174877940537,-0.020004546487838115,False,3,2,部分收敛/待确认,-0.22549019607843124,0.4956140350877195,-0.08480074142724736,,,,-0.1523605150214592,3.8,3.8,0.03947368421052633,0.03947368421052633,2,0,0,1,1,0,4,True,近5日波动仍偏大,宽松粗筛：方向/非极端波动/不过热；不以精确MA距离或距20日高点为硬规则,439,False,150,200,174,8,未入选：满足基础条件，但位于本次软容量边界之外（150-200只）
002448,中原内配,11.96,0.025728987993139052,-0.018062397372742067,-0.033144704931285185,-0.026851098454027555,,,,0.06034482758620699,-0.14875444839857654,0.20291095890410968,0.29739560599447146,14611236.0,26486642.5,0.5516454567618376,0.02516967560159239,0.04562654381192321,0.551645456761838,True,-0.017762284196547018,-0.016605616605616658,False,3,2,部分收敛/待确认,-0.14875444839857654,0.2053231939163501,-0.03244074104036887,,,,-0.02446982055464919,11.6,11.6,0.031034482758620863,0.031034482758620863,0,0,1,1,1,1,4,True,20日方向仍偏弱,宽松粗筛：方向/非极端波动/不过热；不以精确MA距离或距20日高点为硬规则,439,False,150,200,174,8,未入选：满足基础条件，但位于本次软容量边界之外（150-200只）
002545,东方铁塔,17.43,-0.02352941176470602,-0.026256983240223408,-0.001718213058419349,-0.07875264270613114,,,,0.09854227405247822,-0.10293360782295424,0.11071428571428568,0.8900592495062551,21010458.8,19531239.3,1.075736079891254,0.018590633066054886,0.017281778880126615,1.075736079891255,False,-0.016121859017122486,0.0033346521223085457,False,3,1,结构未成熟,-0.10293360782295424,0.23954372623574116,-0.017419245729747845,,,,-0.060377358490566135,17.15,16.8,0.01632653061224487,0.03749999999999987,0,0,1,1,1,1,4,True,20日方向仍偏弱,宽松粗筛：方向/非极端波动/不过热；不以精确MA距离或距20日高点为硬规则,439,False,150,200,174,8,未入选：满足基础条件，但位于本次软容量边界之外（150-200只）
002589,瑞康医药,3.26,0.012422360248447006,0.025157232704402288,0.07947019867549665,-0.02395209580838331,,,,0.10759493670886071,-0.16410256410256419,0.2432432432432433,0.4423347398030939,113855032.2,139931472.4,0.8136484969910172,0.08337414827057789,0.10246949214422055,0.8136484969910172,True,-0.009003601440575992,0.00274977085242889,True,3,3,收敛较充分,-0.16410256410256419,0.4621848739495797,-0.022048897555122293,,,,-0.0659025787965617,3.16,2.96,0.03164556962025311,0.10135135135135132,0,0,1,1,1,1,4,True,20日方向仍偏弱,宽松粗筛：方向/非极端波动/不过热；不以精确MA距离或距20日高点为硬规则,439,False,150,200,174,8,未入选：满足基础条件，但位于本次软容量边界之外（150-200只）
002607,中公教育,2.05,0.009852216748768461,-0.019138755980861233,0.02499999999999991,-0.07239819004524894,,,,0.06467661691542306,-0.07657657657657668,0.08585858585858583,0.75329236172081,128873379.2,118910967.0,1.0837804321278457,0.022529895088793574,0.02078824678958207,1.0837804321278466,False,-0.018095238095238053,0.0024177949709864865,False,3,1,结构未成熟,-0.12765957446808518,0.1891891891891887,-0.014186102428468406,,,,-0.03301886792452846,2.01,1.98,0.01990049751243772,0.03535353535353525,0,0,1,1,1,1,4,True,20日方向仍偏弱,宽松粗筛：方向/非极端波动/不过热；不以精确MA距离或距20日高点为硬规则,439,False,150,200,174,8,未入选：满足基础条件，但位于本次软容量边界之外（150-200只）
002645,华宏科技,18.02,0.031482541499713745,-0.07209062821833168,-0.05307409353652137,-0.10348258706467672,,,,0.1265895953757224,-0.18016378525932675,0.1644880174291939,0.7695976725490938,20452611.2,31008920.3,0.6595718587467232,0.030067929541067746,0.045587041263708425,0.6595718587467234,True,-0.04432773109243682,-0.02002831227389512,False,3,2,部分收敛/待确认,-0.18016378525932675,0.34653465346534645,-0.06658724197767474,,,,-0.07256819351518273,17.3,17.3,0.04161849710982657,0.04161849710982657,0,0,1,1,1,1,4,True,20日方向仍偏弱,宽松粗筛：方向/非极端波动/不过热；不以精确MA距离或距20日高点为硬规则,439,False,150,200,174,8,未入选：满足基础条件，但位于本次软容量边界之外（150-200只）
002695,煌上煌,10.5,-0.015932521087160256,-0.03934126258005488,-0.06249999999999989,-0.06997342781222315,,,,0.06118546845124271,-0.09871244635193133,0.10952380952380955,0.5586499293374333,8389150.8,8972217.7,0.9350141827254148,0.01640256528146648,0.017542584470382722,0.9350141827254163,True,-0.010177646188008871,-0.015476190476190532,False,3,2,部分收敛/待确认,-0.09871244635193133,0.3390804597701148,-0.044933600145533936,,,,-0.053201082055906235,10.46,10.46,0.003824091778202643,0.003824091778202643,0,0,1,1,1,1,4,True,20日方向仍偏弱,宽松粗筛：方向/非极端波动/不过热；不以精确MA距离或距20日高点为硬规则,439,False,150,200,174,8,未入选：满足基础条件，但位于本次软容量边界之外（150-200只）
002741,光华科技,23.79,0.04113785557986871,-0.06961282753226439,-0.054075546719681844,-0.05445151033386331,,,,0.13112582781456966,-0.17852209944751385,0.20616409829237814,0.6360264900662259,17072324.6,29365648.3,0.5813706009684793,0.03970062502762184,0.06828798181656646,0.5813706009684794,True,-0.04872779644743175,-0.025142220630942402,False,3,2,部分收敛/待确认,-0.17852209944751385,0.39602803738317754,-0.05478962215423744,,,,-0.07142857142857151,22.65,22.65,0.050331125827814516,0.050331125827814516,0,0,1,1,1,1,4,True,20日方向仍偏弱,宽松粗筛：方向/非极端波动/不过热；不以精确MA距离或距20日高点为硬规则,439,False,150,200,174,8,未入选：满足基础条件，但位于本次软容量边界之外（150-200只）
002742,冀衡医药,4.55,0.06308411214953269,-0.1903914590747331,0.07058823529411762,0.05568445475638062,,,,0.4272300469483569,-0.27083333333333337,0.56,0.7629107981220659,112644290.8,54484186.6,2.06746760536203,0.21500238462422136,0.10399310928336059,2.0674676053620296,False,-0.1481349911190054,0.014023306340114727,False,3,1,结构未成熟,-0.27083333333333337,0.35984848484848475,-0.03795327201606935,,,,-0.2059336823734731,4.26,4.21,0.068075117370892,0.08076009501187653,2,0,0,1,1,0,4,True,近5日波动仍偏大,宽松粗筛：方向/非极端波动/不过热；不以精确MA距离或距20日高点为硬规则,439,False,150,200,174,8,未入选：满足基础条件，但位于本次软容量边界之外（150-200只）
002774,快意电梯,15.62,0.008392511297611316,-0.029813664596273437,-0.04464831804281355,-0.0811764705882353,,,,0.1256544502617801,-0.13986784140969166,0.18152244632400788,0.6922254123740356,9815640.0,14100503.9,0.6961198032078839,0.03483540686903399,0.05004225811204368,0.6961198032078841,True,-0.023907358983937477,-0.009723168390412984,False,3,2,部分收敛/待确认,-0.13986784140969166,0.4187643020594965,-0.03953760068867973,,,,-0.05733252866626437,15.28,15.28,0.022251308900523625,0.022251308900523625,0,0,1,1,1,1,4,True,20日方向仍偏弱,宽松粗筛：方向/非极端波动/不过热；不以精确MA距离或距20日高点为硬规则,439,False,150,200,174,8,未入选：满足基础条件，但位于本次软容量边界之外（150-200只）
002775,文科股份,3.57,0.0,-0.019230769230769273,0.022922636103151817,-0.08695652173913049,,,,0.05698005698005704,-0.08695652173913049,0.10818713450292401,0.526680526680527,9523072.6,11653845.1,0.8171614191096465,0.016052373551631992,0.01964864981249597,0.8169708201233832,True,-0.014199890770071,0.004416229643941394,False,3,2,部分收敛/待确认,-0.09390862944162437,0.28846153846153827,-0.018151815181518205,,,,-0.03513513513513522,3.51,3.47,0.017094017094017033,0.02881844380403442,0,0,1,1,1,1,4,True,20日方向仍偏弱,宽松粗筛：方向/非极端波动/不过热；不以精确MA距离或距20日高点为硬规则,439,False,150,200,174,8,未入选：满足基础条件，但位于本次软容量边界之外（150-200只）
002796,世嘉科技,30.09,0.05764499121265376,-0.01762977473065619,0.02277362338545208,-0.03557692307692306,,,,0.14088495575221227,-0.08401826484018271,0.15625000000000008,0.901663716814158,14338743.4,7506281.1,1.9102326716754587,0.06297105936832306,0.03296512529706201,1.91023267167546,False,-0.0136830102622576,-0.0036620191500083,False,3,1,结构未成熟,-0.08401826484018271,0.6443298969072163,-0.007176441474882389,,,,-0.02841459476913144,28.25,28.16,0.06513274336283192,0.06853693181818188,0,0,1,1,1,1,4,True,20日方向仍偏弱,宽松粗筛：方向/非极端波动/不过热；不以精确MA距离或距20日高点为硬规则,439,False,150,200,174,8,未入选：满足基础条件，但位于本次软容量边界之外（150-200只）
002828,贝肯能源,12.07,0.011735121542330251,-0.025827280064568248,-0.015497553017944532,-0.06216006216006209,,,,0.09745762711864395,-0.1378571428571428,0.13529921942758028,0.720311820947413,17801377.8,14919511.0,1.1931609420710907,0.08856953264778525,0.0742310023105903,1.193160942071091,False,-0.02090368226402939,-0.002032850870060221,False,3,1,结构未成熟,-0.1378571428571428,0.3007246376811595,-0.012355781032648672,,,,-0.06434108527131788,11.8,11.65,0.022881355932203418,0.036051502145922676,0,0,1,1,1,1,4,True,20日方向仍偏弱,宽松粗筛：方向/非极端波动/不过热；不以精确MA距离或距20日高点为硬规则,439,False,150,200,174,8,未入选：满足基础条件，但位于本次软容量边界之外（150-200只）
002859,洁美科技,62.83,0.02262369791666674,-0.0784687591669112,-0.02724880012385822,-0.1501420262410389,,,,0.13626627121436805,-0.23247007085267535,0.27504911591355596,0.49542522891509533,13056334.6,17362682.3,0.751976818696959,0.030483005506225326,0.04053716118409992,0.7519768186969594,True,-0.03588897040841288,-0.016209514479887277,False,3,2,部分收敛/待确认,-0.23247007085267535,0.339236111111111,-0.08382364735303349,,,,-0.08196960841613088,60.69,60.69,0.03526116328884488,0.03526116328884488,0,0,1,1,1,1,4,True,20日方向仍偏弱,宽松粗筛：方向/非极端波动/不过热；不以精确MA距离或距20日高点为硬规则,439,False,150,200,174,8,未入选：满足基础条件，但位于本次软容量边界之外（150-200只）
002929,润建股份,51.95,0.02566633761105641,-0.025328330206378924,-0.010099085365853577,-0.08619173262972735,,,,0.0796812749003984,-0.13560732113144758,0.15322261763542902,0.5200359850918905,7239967.8,12475197.2,0.5803489663474017,0.033430188191694854,0.057603597370212686,0.580348966347402,True,-0.015143444182329935,-0.012190756128351521,False,3,2,部分收敛/待确认,-0.13560732113144758,0.1841841841841845,-0.03556079494295972,,,,-0.02660670788832664,50.2,50.2,0.03486055776892427,0.03486055776892427,0,0,1,1,1,1,4,True,20日方向仍偏弱,宽松粗筛：方向/非极端波动/不过热；不以精确MA距离或距20日高点为硬规则,439,False,150,200,174,8,未入选：满足基础条件，但位于本次软容量边界之外（150-200只）
002931,锋龙股份,45.05,0.03136446886446875,-0.02762788689833806,-0.024258176304960077,-0.11942924159499613,,,,0.0797602581834947,-0.19076701993892586,0.23136474231364743,0.34473817136479884,5316317.4,7528185.2,0.7061884449920282,0.02624358821671633,0.03716230193629486,0.7061884449920288,True,-0.022488100956289947,-0.016475459328905484,False,3,2,部分收敛/待确认,-0.19076701993892586,0.135882831570382,-0.061771076307897355,,,,-0.03821520068317685,43.38,43.38,0.03849700322729355,0.03849700322729355,0,0,1,1,1,1,4,True,20日方向仍偏弱,宽松粗筛：方向/非极端波动/不过热；不以精确MA距离或距20日高点为硬规则,439,False,150,200,174,8,未入选：满足基础条件，但位于本次软容量边界之外（150-200只）
002938,鹏鼎控股,89.99,0.08044182975147063,-0.0354769560557342,0.02319499715747564,-0.08658140479090537,,,,0.13360814742967986,-0.13562578042455098,0.1634751773049647,0.8172992966414249,18964418.8,21704301.8,0.8737631357485086,0.008206769624889995,0.00939244205794933,0.87376313574851,True,-0.03111958716625518,-0.007806498260201411,False,3,2,部分收敛/待确认,-0.13562578042455098,0.37549756744803164,-0.006924711010566353,,,,-0.03754010695187171,82.48,82.48,0.09105237633365659,0.09105237633365659,0,0,1,1,1,1,4,True,20日方向仍偏弱,宽松粗筛：方向/非极端波动/不过热；不以精确MA距离或距20日高点为硬规则,439,False,150,200,174,8,未入选：满足基础条件，但位于本次软容量边界之外（150-200只）
300051,琏升科技,8.2,-0.0024330900243311193,-0.014423076923077094,0.0012210012210012167,-0.012048192771084487,,,,0.06962025316455682,-0.17917917917917925,0.10709838107098398,0.6500588754783609,11515958.6,15901500.0,0.7242058044838537,0.03130639960185599,0.04322859525293124,0.7242058044838542,True,-0.01779273863909614,-0.005165165165165075,False,3,2,部分收敛/待确认,-0.17917917917917925,0.19730941704035848,-0.03823598404879203,,,,-0.024970273483947758,7.9,7.9,0.037974683544303556,0.037974683544303556,0,0,1,1,1,1,4,True,20日方向仍偏弱,宽松粗筛：方向/非极端波动/不过热；不以精确MA距离或距20日高点为硬规则,439,False,150,200,174,8,未入选：满足基础条件，但位于本次软容量边界之外（150-200只）
300122,智飞生物,13.28,0.0022641509433962703,-0.027818448023426146,0.035074045206547,-0.00524344569288393,,,,0.09000762776506482,-0.13654096228868673,0.2784704904405654,0.32322142149663563,40818226.2,68295129.1,0.5976740470060845,0.02886095303455092,0.048288784127608515,0.5976740470060837,True,-0.0368167657887285,-0.006832566168009091,False,3,2,部分收敛/待确认,-0.13654096228868673,0.3731343283582088,-0.014507810470854587,,,,-0.06478873239436622,13.11,12.56,0.012967200610221274,0.0573248407643312,0,0,1,1,1,1,4,True,20日方向仍偏弱,宽松粗筛：方向/非极端波动/不过热；不以精确MA距离或距20日高点为硬规则,439,False,150,200,174,8,未入选：满足基础条件，但位于本次软容量边界之外（150-200只）
300270,中威电子,10.94,-0.006357856494096259,-0.05770887166236005,-0.04370629370629375,-0.18358208955223887,,,,0.09742647058823517,-0.23228070175438598,0.19766397124887683,0.4928893716577536,10554824.0,12144473.2,0.8691051333539935,0.04109946640126651,0.04728940702796004,0.8691051333539939,True,-0.02383008116042118,-0.01575894016797974,False,3,2,部分收敛/待确认,-0.23228070175438598,0.08815426997245185,-0.08478688250303279,,,,-0.07051826677994899,10.88,10.88,0.0055147058823528106,0.0055147058823528106,0,0,1,1,1,1,4,True,20日方向仍偏弱,宽松粗筛：方向/非极端波动/不过热；不以精确MA距离或距20日高点为硬规则,439,False,150,200,174,8,未入选：满足基础条件，但位于本次软容量边界之外（150-200只）
300363,博腾股份,19.9,0.01169293340111821,0.03269330565646067,-0.027370478983382296,-0.0808314087759815,,,,0.075268817204301,-0.18709150326797397,0.2918205804749341,0.2579284061521706,20327487.4,36164478.7,0.5620843471469699,0.04074817524887449,0.0724947696118994,0.5620843471469701,True,-0.004324101719345164,-0.03909064355953673,False,3,2,部分收敛/待确认,-0.18709150326797397,0.4468599033816424,-0.042417534826648784,,,,0.023662551440329027,18.6,18.6,0.06989247311827951,0.06989247311827951,0,0,1,1,1,1,4,True,20日方向仍偏弱,宽松粗筛：方向/非极端波动/不过热；不以精确MA距离或距20日高点为硬规则,439,False,150,200,174,8,未入选：满足基础条件，但位于本次软容量边界之外（150-200只）
300476,胜宏科技,233.46,0.06359908883826892,-0.03981245373036102,-0.04710204081632652,-0.18370629370629366,,,,0.11345658572479772,-0.18847330367074522,0.2094832456864706,0.5416021952161556,24014199.2,31851120.1,0.7539514819135041,0.02775582467139819,0.03681380743619576,0.7539514819135047,True,-0.05997761101206511,-0.031285549444052596,False,3,2,部分收敛/待确认,-0.18847330367074522,0.43900672529746515,-0.06864857101823918,,,,-0.03572756185205073,217.44,217.44,0.07367549668874185,0.07367549668874185,0,0,1,1,1,1,4,True,20日方向仍偏弱,宽松粗筛：方向/非极端波动/不过热；不以精确MA距离或距20日高点为硬规则,439,False,150,200,174,8,未入选：满足基础条件，但位于本次软容量边界之外（150-200只）
300480,光力科技,30.25,0.07766298539365879,-0.03723742838956079,-0.07464056286326082,-0.13891261030458302,,,,0.1337648327939591,-0.16367155100912367,0.19966832504145948,0.6699351675644293,11992212.4,16111552.9,0.744323807545578,0.044400575011325064,0.059652230066020315,0.7443238075455783,True,-0.04467864994180781,-0.03470729548615514,False,3,2,部分收敛/待确认,-0.16367155100912367,0.40442655935613675,-0.06516062240215104,,,,-0.038767079758500134,27.81,27.81,0.08773822366055373,0.08773822366055373,0,0,1,1,1,1,4,True,20日方向仍偏弱,宽松粗筛：方向/非极端波动/不过热；不以精确MA距离或距20日高点为硬规则,439,False,150,200,174,8,未入选：满足基础条件，但位于本次软容量边界之外（150-200只）
300508,维宏股份,40.25,0.0283597342871742,-0.04575628259838782,-0.03823178016726403,-0.13533834586466165,,,,0.0981865284974093,-0.22372227579556414,0.32228837690913786,0.304654264727303,2531351.8,3562908.9,0.7104733438455302,0.03057638944427471,0.04336287947590374,0.7051282067480242,True,-0.013855898653998278,-0.02375296912114011,False,3,2,部分收敛/待确认,-0.22372227579556414,0.12912912912912905,-0.06769355492501017,,,,-0.050483604623732026,38.6,38.6,0.042746113989637236,0.042746113989637236,0,0,1,1,1,1,4,True,20日方向仍偏弱,宽松粗筛：方向/非极端波动/不过热；不以精确MA距离或距20日高点为硬规则,439,False,150,200,174,8,未入选：满足基础条件，但位于本次软容量边界之外（150-200只）
300515,三德科技,15.78,-0.0031585596967783625,-0.025324274243360256,0.003816793893129722,-0.021698698078115308,,,,0.050318471337579565,-0.06847697756788673,0.1043024771838332,0.48242834394904366,3599702.4,5985126.8,0.6014412927726109,0.017813450291601828,0.02961793695521438,0.601441292772611,True,-0.008645177226133005,-0.000932835820895539,True,3,3,收敛较充分,-0.06847697756788673,0.27499999999999947,-0.018931269234355952,,,,-0.041894353369763215,15.7,15.34,0.005095541401273884,0.028683181225554133,0,0,1,1,1,1,4,True,20日方向仍偏弱,宽松粗筛：方向/非极端波动/不过热；不以精确MA距离或距20日高点为硬规则,439,False,150,200,174,8,未入选：满足基础条件，但位于本次软容量边界之外（150-200只）
300613,富瀚微,72.63,0.0035926488876605323,-0.09076114171256888,0.0618421052631577,-0.020498988536749918,,,,0.14033860360990627,-0.10883435582822087,0.23707030040260146,0.5919704128757508,13947842.0,12844438.2,1.0859051819020002,0.06348871317389876,0.05846616650516032,1.0859051819020002,False,-0.008973211936213699,0.015526832913564492,True,3,2,部分收敛/待确认,-0.10883435582822087,0.49022988505747117,-0.013956393059817107,,,,-0.09087495306045823,71.47,64.58,0.016230586259969204,0.12465159492102806,0,0,1,1,1,1,4,True,20日方向仍偏弱,宽松粗筛：方向/非极端波动/不过热；不以精确MA距离或距20日高点为硬规则,439,False,150,200,174,8,未入选：满足基础条件，但位于本次软容量边界之外（150-200只）
300686,智动力,14.81,0.02491349480968874,-0.02565789473684199,0.04075895994378076,-0.07089084065244666,,,,0.07472067039106148,-0.10675512665862474,0.159124087591241,0.4695748552098814,5833245.6,10676731.0,0.5463512754980901,0.022530202448114545,0.04123757636984467,0.5463512754980904,True,-0.008381003059731218,0.009154404285617312,True,3,3,收敛较充分,-0.10675512665862474,0.6365503080082138,-0.0021224269784052563,,,,-0.03455019556714467,14.32,13.73,0.03421787709497215,0.07865986890021848,0,0,1,1,1,1,4,True,20日方向仍偏弱,宽松粗筛：方向/非极端波动/不过热；不以精确MA距离或距20日高点为硬规则,439,False,150,200,174,8,未入选：满足基础条件，但位于本次软容量边界之外（150-200只）
300688,创业黑马,29.78,0.026896551724137963,-0.04977664326738984,0.046380885453267684,-0.05310015898251186,,,,0.11918909472212526,-0.11184014315538326,0.35694050991501414,0.3339186542611922,6870868.2,10904647.6,0.6300862212181896,0.04630637285636167,0.0734921210732625,0.6300862212181898,True,-0.019892438281604252,0.0015115171031445662,False,3,2,部分收敛/待确认,-0.11184014315538326,0.5748299319727891,-0.031087830033674435,,,,-0.05908372827804098,28.61,24.71,0.04089479203075852,0.20518008903278018,0,0,1,1,1,1,4,True,20日方向仍偏弱,宽松粗筛：方向/非极端波动/不过热；不以精确MA距离或距20日高点为硬规则,439,False,150,200,174,8,未入选：满足基础条件，但位于本次软容量边界之外（150-200只）
300711,广哈通信,18.04,-0.004964147821290621,-0.020629750271444203,-0.05943691345151203,-0.032707774798927614,,,,0.06559199555308523,-0.09754877438719356,0.20421686746987933,0.32118794282631735,6365541.6,10280687.6,0.6191746941128724,0.025623408978042474,0.04138316572313184,0.6191746941128726,True,-0.01720085470085464,0.003825224934001392,False,3,2,部分收敛/待确认,-0.14905660377358487,0.4456140350877192,-0.012264564169951808,,,,-0.055002619172341616,17.99,17.93,0.0027793218454696955,0.006134969325153339,0,0,1,1,1,1,4,True,20日方向仍偏弱,宽松粗筛：方向/非极端波动/不过热；不以精确MA距离或距20日高点为硬规则,439,False,150,200,174,8,未入选：满足基础条件，但位于本次软容量边界之外（150-200只）
300789,唐源电气,16.64,-0.008933889219773561,-0.008343265792610244,-0.023474178403755763,-0.10825294748124326,,,,0.06272617611580233,-0.1087305838243171,0.15403726708074514,0.4072142884937173,3000261.0,4502966.0,0.6662855104835347,0.021495039054163004,0.0322610033025687,0.6662855104835352,True,-0.010982591424231747,-0.010212863618107804,False,3,2,部分收敛/待确认,-0.16381909547738682,0.14210526315789462,-0.04944160406729314,,,,-0.04092219020172916,16.58,16.1,0.00361881785283491,0.03354037267080745,0,0,1,1,1,1,4,True,20日方向仍偏弱,宽松粗筛：方向/非极端波动/不过热；不以精确MA距离或距20日高点为硬规则,439,False,150,200,174,8,未入选：满足基础条件，但位于本次软容量边界之外（150-200只）
300846,首都在线,19.27,0.0,-0.006701030927835028,0.05128205128205132,-0.0836899667142178,,,,0.05243838489774515,-0.12049292560474667,0.20705092333519862,0.2532632265196503,22141536.0,24337516.9,0.9097697226457807,0.05326296270797439,0.05856146824239107,0.9095223242613095,True,0.012726893386188154,0.007014397974790532,True,3,3,收敛较充分,-0.12049292560474667,0.34653465346534623,-0.0201113625384558,,,,-0.03649999999999998,19.07,17.87,0.010487676979548999,0.07834359261331825,0,0,1,1,1,1,4,True,20日方向仍偏弱,宽松粗筛：方向/非极端波动/不过热；不以精确MA距离或距20日高点为硬规则,439,False,150,200,174,8,未入选：满足基础条件，但位于本次软容量边界之外（150-200只）
301026,浩通科技,20.17,-0.028420038535645453,-0.04271476032273369,-0.07477064220183482,-0.09834599910594544,,,,0.09606540623403163,-0.15394295302013417,0.14933464760966,0.6432894694681521,5737621.8,10481298.3,0.5474151804266462,0.0358527864287821,0.06549468796396737,0.5474151804266463,True,-0.02281802624073015,-0.013198353753725356,False,3,2,部分收敛/待确认,-0.15394295302013417,0.3973727422003287,-0.05604305604305593,,,,-0.04498106060606055,19.57,19.57,0.030659172202350593,0.030659172202350593,0,0,1,1,1,1,4,True,20日方向仍偏弱,宽松粗筛：方向/非极端波动/不过热；不以精确MA距离或距20日高点为硬规则,439,False,150,200,174,8,未入选：满足基础条件，但位于本次软容量边界之外（150-200只）
301045,天禄科技,65.2,0.06258148631030003,-0.04188096987509171,0.01795472287275568,-0.01584905660377356,,,,0.13072219467856558,-0.11760725402625516,0.23191063687895971,0.563674855271054,2643216.8,4002895.1,0.6603262723522282,0.02914150404595438,0.04413197727563661,0.6603262723522286,True,-0.041000904431715335,-0.008037846775675095,False,3,2,部分收敛/待确认,-0.11760725402625516,0.6561139691333598,-0.01673955662795934,,,,-0.04706226249634604,60.51,59.98,0.07750784994215842,0.08702900966989002,0,0,1,1,1,1,4,True,20日方向仍偏弱,宽松粗筛：方向/非极端波动/不过热；不以精确MA距离或距20日高点为硬规则,439,False,150,200,174,8,未入选：满足基础条件，但位于本次软容量边界之外（150-200只）
301270,汉仪股份,31.41,0.0015943877551021224,-0.027253019510684373,-0.008522727272727293,-0.08771420273017716,,,,0.0587479935794542,-0.12677231025854874,0.08618463524854739,0.681652749472469,2090805.6,2343703.1,0.8920949074138272,0.022126602518175876,0.024802969206853345,0.8920949074138286,True,-0.011171441053485665,-0.004786485218207459,False,3,2,部分收敛/待确认,-0.12677231025854874,0.317365269461078,-0.029657089898053712,,,,-0.03531941031941033,31.15,30.98,0.008346709470305136,0.013879922530664945,0,0,1,1,1,1,4,True,20日方向仍偏弱,宽松粗筛：方向/非极端波动/不过热；不以精确MA距离或距20日高点为硬规则,439,False,150,200,174,8,未入选：满足基础条件，但位于本次软容量边界之外（150-200只）
301292,海科新源,61.82,0.008482871125611746,-0.04672320740169611,-0.06841470765521396,-0.10600144613159801,,,,0.08514884417096287,-0.16684636118598384,0.17983781205279062,0.4734757568445494,5770504.4,8816434.8,0.6545167668001128,0.06773754551885047,0.10349245268385503,0.6545167668001131,True,-0.028471199924828494,-0.019659583661250313,False,3,2,部分收敛/待确认,-0.16684636118598384,0.12011371712864234,-0.0633617163116269,,,,-0.05256704980842908,60.13,60.13,0.028105770829868648,0.028105770829868648,0,0,1,1,1,1,4,True,20日方向仍偏弱,宽松粗筛：方向/非极端波动/不过热；不以精确MA距离或距20日高点为硬规则,439,False,150,200,174,8,未入选：满足基础条件，但位于本次软容量边界之外（150-200只）
301382,蜂助手,37.28,0.010298102981029844,-0.04238376573336755,-0.061430010070493424,-0.03743867802736889,,,,0.06473641081671667,-0.19603191718783686,0.27041095890410954,0.23940010079130283,7776901.6,11697775.9,0.6648188225250579,0.032903259402492946,0.04949206954990021,0.6648188225250582,True,-0.016210261252754044,-0.02842655193607846,False,3,2,部分收敛/待确认,-0.19603191718783686,0.14967259120673543,-0.07199044110325603,,,,-0.04361210877373001,36.61,36.5,0.018301010652827188,0.021369863013698698,0,0,1,1,1,1,4,True,20日方向仍偏弱,宽松粗筛：方向/非极端波动/不过热；不以精确MA距离或距20日高点为硬规则,439,False,150,200,174,8,未入选：满足基础条件，但位于本次软容量边界之外（150-200只）
301668,昊创瑞通,34.69,-0.0031609195402299006,-0.008857142857142897,0.02089464390818141,-0.09637926543370678,,,,0.07490527542990383,-0.0961438249088068,0.15602409638554215,0.48008786568973116,1735240.4,1699739.2,1.0208862630219977,0.07132520267423823,0.0698659637784756,1.020886263021998,False,0.0038726578962353653,0.0029048865368574983,True,3,2,部分收敛/待确认,-0.12177215189873425,0.2365079365079358,-0.02101059701703145,,,,-0.054768392370572294,34.31,33.2,0.011075488195861238,0.04487951807228896,0,0,1,1,1,1,4,True,20日方向仍偏弱,宽松粗筛：方向/非极端波动/不过热；不以精确MA距离或距20日高点为硬规则,439,False,150,200,174,8,未入选：满足基础条件，但位于本次软容量边界之外（150-200只）
600206,有研新材,46.65,0.0316231755860239,-0.09802784222737815,-0.11176694592536185,-0.10271206001154076,,,,0.15316117542297408,-0.23336072308956457,0.2340296085986615,0.654452128258826,56982177.8,111633402.8,0.5104402120760221,0.06731079501557027,0.1318681275948247,0.5104402120760222,True,-0.07043084792445398,-0.0468162990078026,False,3,2,部分收敛/待确认,-0.23336072308956457,0.4917680744452398,-0.10022855930487096,,,,-0.09942084942084939,44.92,44.92,0.038512911843276765,0.038512911843276765,0,0,1,1,1,1,4,True,20日方向仍偏弱,宽松粗筛：方向/非极端波动/不过热；不以精确MA距离或距20日高点为硬规则,439,False,150,200,174,8,未入选：满足基础条件，但位于本次软容量边界之外（150-200只）
600272,开开实业,17.46,-0.00626067159931698,-0.04381161007667034,-0.038016528925619686,0.2235459004905398,,,,0.2692071296865396,-0.24020887728459528,0.4516740366392925,0.5960208199913177,44046610.6,48637674.7,0.9056068340372365,0.27529131625000003,0.303985466875,0.9056068340372366,True,-0.09042877463930099,-0.008503756260434092,False,3,2,部分收敛/待确认,-0.24020887728459528,0.5533980582524273,-0.05381238822955614,,,,-0.1309109009457441,16.27,16.27,0.073140749846343,0.073140749846343,2,0,0,1,1,0,4,True,近5日波动仍偏大,宽松粗筛：方向/非极端波动/不过热；不以精确MA距离或距20日高点为硬规则,439,False,150,200,174,8,未入选：满足基础条件，但位于本次软容量边界之外（150-200只）
600288,大恒科技,11.19,0.0026881720430107503,-0.014096916299559448,0.010840108401083848,-0.007098491570541321,,,,0.05605786618444839,-0.15864661654135348,0.21771217712177116,0.25748613111839863,23216067.0,32528831.5,0.7137073767927999,0.05315033653846154,0.07447076808608058,0.7137073767928,True,-0.0028348688873139904,-0.0009789960840157486,True,3,3,收敛较充分,-0.15864661654135348,0.2895622895622893,-0.029151483602290473,,,,-0.032843560933448646,11.06,10.84,0.011754068716093968,0.032287822878228845,0,0,1,1,1,1,4,True,20日方向仍偏弱,宽松粗筛：方向/非极端波动/不过热；不以精确MA距离或距20日高点为硬规则,439,False,150,200,174,8,未入选：满足基础条件，但位于本次软容量边界之外（150-200只）
600326,西藏天路,7.44,-0.014569536423840956,-0.019762845849802257,0.04936530324400579,-0.11004784688995206,,,,0.0634278002699055,-0.09046454767726153,0.19407407407407415,0.32682263497852054,32490140.2,43629026.7,0.7446909238523076,0.023846597130558596,0.03202214014802203,0.7446909238523076,True,-0.01723237597911209,0.016848631891090537,False,3,2,部分收敛/待确认,-0.11004784688995206,0.428571428571429,-0.0005373455131648663,,,,-0.0522292993630572,7.41,6.99,0.004048582995951344,0.06437768240343344,0,0,1,1,1,1,4,True,20日方向仍偏弱,宽松粗筛：方向/非极端波动/不过热；不以精确MA距离或距20日高点为硬规则,439,False,150,200,174,8,未入选：满足基础条件，但位于本次软容量边界之外（150-200只）
600362,江西铜业,46.02,0.0034888791975578037,-0.04917355371900822,0.001523394994559224,-0.05580631924497326,,,,0.10385296722763519,-0.07683049147442322,0.14177563661390225,0.7325163173871552,53377175.8,67777292.0,0.7875377464180776,0.027342897219524476,0.032659861102199476,0.8372018831912017,True,-0.032540208920577185,0.005060169239273771,False,3,2,部分收敛/待确认,-0.07923169267707075,0.4698795180722899,-0.009342575450983603,,,,-0.050350804787453574,45.16,43.59,0.019043401240035562,0.055746730901582886,0,0,1,1,1,1,4,True,20日方向仍偏弱,宽松粗筛：方向/非极端波动/不过热；不以精确MA距离或距20日高点为硬规则,439,False,150,200,174,8,未入选：满足基础条件，但位于本次软容量边界之外（150-200只）
600397,江钨装备,17.57,0.04707985697258632,-0.08346374543557644,-0.03620405924300607,-0.017887087758524323,,,,0.17090909090909093,-0.12149999999999994,0.21292307692307696,0.802679978980557,82557092.4,104768179.5,0.7879977756032308,0.0833943818341519,0.10583073254275568,0.7879977756032306,True,-0.0545493062175616,-0.0034041618624059966,False,3,2,部分收敛/待确认,-0.12149999999999994,0.6666666666666666,-0.024376700538619622,,,,-0.08584807492195623,16.5,16.5,0.06484848484848493,0.06484848484848493,0,0,1,1,1,1,4,True,20日方向仍偏弱,宽松粗筛：方向/非极端波动/不过热；不以精确MA距离或距20日高点为硬规则,439,False,150,200,174,8,未入选：满足基础条件，但位于本次软容量边界之外（150-200只）
600513,联环药业,15.31,-0.01669877970456002,-0.04965859714463061,-0.0210997442455243,-0.1335597057159027,,,,0.06044678055190538,-0.18215811965811957,0.22193211488250644,0.27236608178093846,7196255.0,14055630.2,0.5119838027611171,0.02520965820789293,0.04923917137991045,0.5119838027611174,True,-0.030824461500371214,-0.019038260762758608,False,3,2,部分收敛/待确认,-0.18477103301384457,0.025280898876404452,-0.08334331217818236,,,,-0.05142503097893436,15.22,15.22,0.005913272010512394,0.005913272010512394,0,0,1,1,1,1,4,True,20日方向仍偏弱,宽松粗筛：方向/非极端波动/不过热；不以精确MA距离或距20日高点为硬规则,439,False,150,200,174,8,未入选：满足基础条件，但位于本次软容量边界之外（150-200只）
600521,华海药业,15.75,-0.015009380863039379,-0.022346368715083775,-0.02777777777777779,-0.1341396371632766,,,,0.040946896992962174,-0.15910304324612923,0.12909319899244326,0.31718864597475105,19320946.8,36181214.5,0.5340049267832068,0.012904270136732529,0.024165076930032413,0.5340049267832072,True,-0.016711722782010496,-0.01423357664233571,False,3,2,部分收敛/待确认,-0.15910304324612923,0.03870967741935459,-0.06152241918665291,,,,-0.0319606637984019,15.63,15.63,0.007677543186180413,0.007677543186180413,0,0,1,1,1,1,4,True,20日方向仍偏弱,宽松粗筛：方向/非极端波动/不过热；不以精确MA距离或距20日高点为硬规则,439,False,150,200,174,8,未入选：满足基础条件，但位于本次软容量边界之外（150-200只）
600578,京能电力,5.38,-0.005545286506469571,-0.01645338208409508,-0.03411131059245964,-0.09121621621621623,,,,0.03551401869158886,-0.18484848484848482,0.08655616942909773,0.4103002585006962,44278136.8,72357074.5,0.6119392900551831,0.006613987065255851,0.010808240576707212,0.6119392900551847,True,-0.01667270750271832,-0.00899766060824203,False,3,2,部分收敛/待确认,-0.18484848484848482,0.024000000000000198,-0.054065934065934074,,,,-0.028880866425992857,5.35,5.35,0.005607476635514086,0.005607476635514086,0,0,1,1,1,1,4,True,20日方向仍偏弱,宽松粗筛：方向/非极端波动/不过热；不以精确MA距离或距20日高点为硬规则,439,False,150,200,174,8,未入选：满足基础条件，但位于本次软容量边界之外（150-200只）
600584,长电科技,69.0,0.02434679334916856,-0.08910891089108908,-0.06504065040650397,-0.1212429954151808,,,,0.14633048176497074,-0.2114285714285714,0.23135378553335206,0.6324965957554028,72299215.4,105631950.5,0.6844445743714636,0.0404038374405323,0.05903156947023179,0.684444574371464,True,-0.05268678392770709,-0.0322357388133202,False,3,2,部分收敛/待确认,-0.2114285714285714,0.2979127134724858,-0.0923202399431714,,,,-0.09210526315789469,66.63,66.63,0.03556956325979299,0.03556956325979299,0,0,1,1,1,1,4,True,20日方向仍偏弱,宽松粗筛：方向/非极端波动/不过热；不以精确MA距离或距20日高点为硬规则,439,False,150,200,174,8,未入选：满足基础条件，但位于本次软容量边界之外（150-200只）
600588,用友网络,10.02,-0.016683022571148176,-0.026239067055393583,-0.010858835143139345,-0.15514333895446875,,,,0.07878787878787873,-0.17868852459016393,0.17563451776649752,0.4485899456997718,72490179.6,57866366.0,1.2527169858912515,0.02121458430406437,0.016934858026987725,1.252716985891254,False,-0.011527940601797626,-0.015797635200620497,False,3,1,结构未成熟,-0.1951807228915663,0.06538461538461536,-0.06464410735122528,,,,-0.05293005671077511,9.9,9.85,0.012121212121211977,0.01725888324873104,0,0,1,1,1,1,4,True,20日方向仍偏弱,宽松粗筛：方向/非极端波动/不过热；不以精确MA距离或距20日高点为硬规则,439,False,150,200,174,8,未入选：满足基础条件，但位于本次软容量边界之外（150-200只）
600617,国新能源,3.33,-0.008928571428571397,-0.03197674418604646,0.00909090909090926,-0.05932203389830504,,,,0.07902735562310023,-0.0672268907563025,0.09567901234567888,0.82596332973821,31529700.4,27531351.5,1.1452289365453054,0.0177577822236185,0.015505879791325,1.145228936545307,False,-0.01567034242600107,0.0002942041776992088,False,3,1,结构未成熟,-0.0672268907563025,0.2727272727272726,-0.025032938076416378,,,,-0.06197183098591541,3.29,3.25,0.012158054711246313,0.024615384615384706,0,0,1,1,1,1,4,True,20日方向仍偏弱,宽松粗筛：方向/非极端波动/不过热；不以精确MA距离或距20日高点为硬规则,439,False,150,200,174,8,未入选：满足基础条件，但位于本次软容量边界之外（150-200只）
600663,陆家嘴,9.02,-0.007700770077007757,-0.014207650273224126,-0.03529411764705881,-0.03940362087326954,,,,0.0474040632054176,-0.07487179487179496,0.09830508474576283,0.48221374639993714,14083643.0,17101469.0,0.823534106923797,0.0035796003752147643,0.00434663281717119,0.8235341069238018,True,-0.00021982853374358235,-0.011136339063682388,False,3,2,部分收敛/待确认,-0.07487179487179496,0.474820143884892,-0.030628694250403043,,,,-0.028017241379310276,8.86,8.85,0.018058690744920947,0.019209039548022666,0,0,1,1,1,1,4,True,20日方向仍偏弱,宽松粗筛：方向/非极端波动/不过热；不以精确MA距离或距20日高点为硬规则,439,False,150,200,174,8,未入选：满足基础条件，但位于本次软容量边界之外（150-200只）
600664,哈药股份,8.0,0.028277634961439535,-0.12280701754385959,-0.02676399026763998,0.06382978723404253,,,,0.2496714848883048,-0.1587802313354364,0.2025316455696202,1.2327529566360051,374142022.0,358514947.8,1.0435883476990133,0.14855690087434859,0.1423520118846657,1.0435883476990133,False,-0.05570175438596503,-0.013034530070889394,False,3,0,结构未成熟,-0.1587802313354364,0.5782122905027933,-0.07956049013403899,,,,-0.1578947368421053,7.61,7.61,0.05124835742444156,0.05124835742444156,2,0,0,1,1,0,4,True,近5日波动仍偏大,宽松粗筛：方向/非极端波动/不过热；不以精确MA距离或距20日高点为硬规则,439,False,150,200,174,8,未入选：满足基础条件，但位于本次软容量边界之外（150-200只）
600666,奥瑞德,3.49,-0.0028571428571427804,-0.030555555555555558,0.03254437869822491,-0.09585492227979264,,,,0.07780979827089338,-0.13613861386138615,0.18484848484848496,0.42093825294089837,74927112.8,101863026.7,0.735567312570342,0.02913359592754943,0.03960697468426912,0.7355673125703427,True,-0.01382743362831873,0.004810413129598068,False,3,2,部分收敛/待确认,-0.13613861386138615,0.2567567567567572,-0.03949360121095358,,,,-0.04644808743169393,3.47,3.3,0.0057636887608070175,0.05757575757575761,0,0,1,1,1,1,4,True,20日方向仍偏弱,宽松粗筛：方向/非极端波动/不过热；不以精确MA距离或距20日高点为硬规则,439,False,150,200,174,8,未入选：满足基础条件，但位于本次软容量边界之外（150-200只）
600756,浪潮软件,14.35,-0.017123287671232834,-0.01577503429355287,0.03460706560922855,-0.09062103929024079,,,,0.051336146272855036,-0.15588235294117647,0.16411378555798686,0.3128082512892634,9712761.8,14508909.7,0.6694342993946679,0.029968525673407947,0.04476694083423392,0.6694342993946681,True,0.0015082956259429015,0.006535493290690253,True,3,3,收敛较充分,-0.1568742655699178,0.19335347432024141,-0.026128266033254133,,,,-0.04013377926421402,14.22,13.71,0.00914205344585084,0.04668125455871608,0,0,1,1,1,1,4,True,20日方向仍偏弱,宽松粗筛：方向/非极端波动/不过热；不以精确MA距离或距20日高点为硬规则,439,False,150,200,174,8,未入选：满足基础条件，但位于本次软容量边界之外（150-200只）
600829,人民同泰,10.14,0.005952380952380931,0.0029673590504453173,0.09978308026030369,-0.03795066413662229,,,,0.07467204843592333,-0.20719311962470666,0.3945054945054945,0.1892801227762959,16221469.8,39467191.4,0.41101150663586367,0.027973424350677477,0.0680599542811841,0.4110115066358637,True,-0.01470019342359774,0.011173736774448662,False,3,2,部分收敛/待确认,-0.20719311962470666,0.2818428184281846,-0.03211950556006293,,,,-0.03703703703703698,9.91,9.1,0.023208879919273562,0.11428571428571432,0,0,1,1,1,1,4,True,20日方向仍偏弱,宽松粗筛：方向/非极端波动/不过热；不以精确MA距离或距20日高点为硬规则,439,False,150,200,174,8,未入选：满足基础条件，但位于本次软容量边界之外（150-200只）
600833,第一医药,10.67,0.004708097928437072,-0.010204081632652962,0.020076481835563875,-0.030881017257039067,,,,0.0542340627973359,-0.1709401709401709,0.14782608695652186,0.36687748362903666,6096600.0,10287072.5,0.5926467418208631,0.027328431712587052,0.046112514899892085,0.5926467418208632,True,-0.012874747103181816,-0.0017563320391941195,False,3,2,部分收敛/待确认,-0.1709401709401709,0.31464174454828664,-0.038738738738738676,,,,-0.03613369467028005,10.51,10.36,0.015223596574690745,0.02992277992277992,0,0,1,1,1,1,4,True,20日方向仍偏弱,宽松粗筛：方向/非极端波动/不过热；不以精确MA距离或距20日高点为硬规则,439,False,150,200,174,8,未入选：满足基础条件，但位于本次软容量边界之外（150-200只）
600844,金煤科技,3.59,-0.019125683060109422,-0.08418367346938782,0.0027932960893854997,0.0056022408963585235,,,,0.20728291316526606,-0.16705336426914152,0.18100890207715128,1.145153143224503,96794174.8,74856612.4,1.293061116401789,0.1176498975483633,0.09098556599996489,1.2930611164017896,False,-0.02119958634953456,0.00856989823245824,False,3,0,结构未成熟,-0.16705336426914152,0.2499999999999999,-0.01292273852075898,,,,-0.16705336426914152,3.57,3.48,0.0056022408963585235,0.031609195402298784,2,0,0,1,1,0,4,True,近5日波动仍偏大,宽松粗筛：方向/非极端波动/不过热；不以精确MA距离或距20日高点为硬规则,439,False,150,200,174,8,未入选：满足基础条件，但位于本次软容量边界之外（150-200只）
600962,国投中鲁,25.22,-0.022101589763474205,-0.013302034428794962,-0.02775636083269095,-0.10408525754884546,,,,0.05877616747181968,-0.15961346217927364,0.1308601712189155,0.44915245734695886,4808207.4,7325654.0,0.6563519652989345,0.01833723885435338,0.02793811830212422,0.656351965298935,True,0.006623038713238216,0.0010565860530640236,True,3,3,收敛较充分,-0.20591939546599503,0.09543568464730258,-0.02634880803011308,,,,-0.04106463878327005,24.84,24.53,0.015297906602254496,0.028128821850794905,0,0,1,1,1,1,4,True,20日方向仍偏弱,宽松粗筛：方向/非极端波动/不过热；不以精确MA距离或距20日高点为硬规则,439,False,150,200,174,8,未入选：满足基础条件，但位于本次软容量边界之外（150-200只）
601003,柳钢股份,3.74,-0.007957559681697535,-0.02604166666666663,0.03601108033241007,-0.023498694516971286,,,,0.06469002695417796,-0.08333333333333326,0.15254237288135594,0.4240790655884999,23955433.6,21387100.9,1.1200879311323586,0.009243380421467754,0.008345230859829014,1.1076242918529808,False,-0.012403100775193798,0.014392324093816633,False,3,1,结构未成熟,-0.09223300970873782,0.3448275862068968,-0.0022675736961450532,,,,-0.05316455696202527,3.71,3.59,0.008086253369272267,0.04178272980501396,0,0,1,1,1,1,4,True,20日方向仍偏弱,宽松粗筛：方向/非极端波动/不过热；不以精确MA距离或距20日高点为硬规则,439,False,150,200,174,8,未入选：满足基础条件，但位于本次软容量边界之外（150-200只）
601179,中国西电,12.51,-0.0071428571428571175,-0.011848341232227555,-0.01728201099764337,-0.11087420042643925,,,,0.035483870967741894,-0.11652542372881358,0.13204508856682776,0.2687254130605818,64125271.6,76948475.4,0.8333533740162966,0.01251009430112648,0.015011752146433152,0.8333533740162987,True,-0.012580594433087011,-0.006572255692043005,False,3,2,部分收敛/待确认,-0.14138641043239542,0.050691244239631075,-0.04104863746119358,,,,-0.020360219263899748,12.4,12.4,0.00887096774193541,0.00887096774193541,0,0,1,1,1,1,4,True,20日方向仍偏弱,宽松粗筛：方向/非极端波动/不过热；不以精确MA距离或距20日高点为硬规则,439,False,150,200,174,8,未入选：满足基础条件，但位于本次软容量边界之外（150-200只）
601700,风范股份,7.16,-0.06770833333333326,-0.10723192019950123,-0.07133592736705574,0.011299435028248705,,,,0.2633093525179855,-0.184510250569476,0.2696969696969699,0.9763155767520804,154733016.2,199107269.4,0.7771339372303199,0.1358788358151469,0.1748460970568531,0.7771339372303199,True,-0.029259896729776136,0.007810499359795164,False,3,2,部分收敛/待确认,-0.184510250569476,0.5060975609756099,-0.04806222163132334,,,,-0.18358038768529072,6.95,6.95,0.030215827338129442,0.030215827338129442,2,0,0,1,1,0,4,True,近5日波动仍偏大,宽松粗筛：方向/非极端波动/不过热；不以精确MA距离或距20日高点为硬规则,439,False,150,200,174,8,未入选：满足基础条件，但位于本次软容量边界之外（150-200只）
601899,紫金矿业,32.87,-0.014392803598201054,-0.02376002376002384,-0.04834973943254206,-0.06139348943460898,,,,0.06213109661385524,-0.07330138144911191,0.11017214397496086,0.5639456070490555,178482629.6,271789843.2,0.6566935228284498,0.008663451204811,0.013192533356346441,0.6566935228284516,True,-0.01981482573568427,-0.010503770208021734,False,3,2,部分收敛/待确认,-0.07330138144911191,0.3673965936739655,-0.01691316116104158,,,,-0.03465491923641706,32.19,32.19,0.021124572848710832,0.021124572848710832,0,0,1,1,1,1,4,True,20日方向仍偏弱,宽松粗筛：方向/非极端波动/不过热；不以精确MA距离或距20日高点为硬规则,439,False,150,200,174,8,未入选：满足基础条件，但位于本次软容量边界之外（150-200只）
601958,金钼股份,21.09,0.00524308865586276,-0.06763925729442977,-0.09446114212108203,-0.14511552492906366,,,,0.09112709832134284,-0.12887236679058245,0.12494172494172494,0.7293568130570165,30734803.4,58587798.3,0.5245939306785659,0.009525432804839664,0.01815772590528914,0.5245939306785666,True,-0.04869812494445924,-0.014910094356418102,False,3,2,部分收敛/待确认,-0.15504807692307698,0.058394160583941236,-0.05569982985582522,,,,-0.06763925729442977,20.85,20.85,0.011510791366906359,0.011510791366906359,0,0,1,1,1,1,4,True,20日方向仍偏弱,宽松粗筛：方向/非极端波动/不过热；不以精确MA距离或距20日高点为硬规则,439,False,150,200,174,8,未入选：满足基础条件，但位于本次软容量边界之外（150-200只）
603039,泛微网络,38.64,-0.024242424242424288,-0.07978090021433681,-0.07426928605654048,-0.14796030871003307,,,,0.11757038581856095,-0.20673373024019703,0.18128053484186157,0.6485549368062181,17980784.0,20909657.5,0.8599272369717199,0.05844764632131698,0.06796813010266253,0.85992723697172,True,-0.02236971484759087,-0.02450490828928442,False,3,2,部分收敛/待确认,-0.21303462321792266,0.0260707635009312,-0.08241412474323506,,,,-0.09231853417899927,38.36,38.36,0.007299270072992803,0.007299270072992803,0,0,1,1,1,1,4,True,20日方向仍偏弱,宽松粗筛：方向/非极端波动/不过热；不以精确MA距离或距20日高点为硬规则,439,False,150,200,174,8,未入选：满足基础条件，但位于本次软容量边界之外（150-200只）
603078,江化微,32.69,0.03679035838883582,-0.09571230982019363,-0.06063218390804592,-0.09845559845559848,,,,0.15865384615384615,-0.16798167472639347,0.2052147239263803,0.773111417730252,18193879.4,28797932.2,0.6317772843426585,0.04717873985035802,0.07467622059163741,0.6317772843426588,True,-0.06257479911095909,-0.026621629358218324,False,3,2,部分收敛/待确认,-0.16798167472639347,0.47157726180944737,-0.07055428400835917,,,,-0.09571230982019363,31.2,31.2,0.04775641025641031,0.04775641025641031,0,0,1,1,1,1,4,True,20日方向仍偏弱,宽松粗筛：方向/非极端波动/不过热；不以精确MA距离或距20日高点为硬规则,439,False,150,200,174,8,未入选：满足基础条件，但位于本次软容量边界之外（150-200只）
603097,江苏华辰,19.21,0.011052631578947425,-0.004663212435233155,-0.0031136481577580533,-0.10526315789473673,,,,0.05526036131774703,-0.11880733944954125,0.1373414230557089,0.4023575705585352,1579296.6,2238307.5,0.7055762445508493,0.007029194046444534,0.009962345105480577,0.7055762445508507,True,0.00041425020712515526,0.00046762963732716045,True,3,3,收敛较充分,-0.11880733944954125,0.2942779291553137,-0.019772930220691376,,,,-0.03126575895108408,18.82,18.6,0.020722635494155206,0.03279569892473111,0,0,1,1,1,1,4,True,20日方向仍偏弱,宽松粗筛：方向/非极端波动/不过热；不以精确MA距离或距20日高点为硬规则,439,False,150,200,174,8,未入选：满足基础条件，但位于本次软容量边界之外（150-200只）
603102,百合股份,38.38,-0.008268733850129162,-0.03495096806638176,0.0345013477088949,-0.017157490396926933,,,,0.08573675930781322,-0.19437447523089835,0.31930213237330385,0.26851295564658584,2235158.4,6010195.0,0.3718944892802979,0.03492435000000001,0.093909296875,0.37189448928029795,True,-0.028508662439462817,-0.010180090045022627,False,3,2,部分收敛/待确认,-0.19437447523089835,0.37726967047747145,-0.04264208832736749,,,,-0.05374753451676528,38.14,36.55,0.0062926061877295325,0.05006839945280461,0,0,1,1,1,1,4,True,20日方向仍偏弱,宽松粗筛：方向/非极端波动/不过热；不以精确MA距离或距20日高点为硬规则,439,False,150,200,174,8,未入选：满足基础条件，但位于本次软容量边界之外（150-200只）
603110,东方材料,24.49,-0.05444015444015449,0.018295218295218296,-0.03468663776113534,-0.07584905660377361,,,,0.16400517911091916,-0.140701754385965,0.2137989778534923,0.7670999214191997,15401107.6,12733936.0,1.2094538248032658,0.07653609163617485,0.06328153259478464,1.2094538248032662,False,0.025248344370860654,-0.0028854750873771318,True,3,2,部分收敛/待确认,-0.140701754385965,0.39242424242424234,-0.0338488243648416,,,,-0.03582677165354331,23.17,23.17,0.056970220112213976,0.056970220112213976,0,0,1,1,1,1,4,True,20日方向仍偏弱,宽松粗筛：方向/非极端波动/不过热；不以精确MA距离或距20日高点为硬规则,439,False,150,200,174,8,未入选：满足基础条件，但位于本次软容量边界之外（150-200只）
603171,税友股份,43.7,-0.024988844265952603,-0.03829225352112664,0.053773812394502185,-0.08882402001668055,,,,0.08532344076049153,-0.107981220657277,0.17946787148594373,0.47542459858713054,10203893.8,8723091.1,1.169756647388447,0.025139554559117,0.021491268816674455,1.1697566473884478,False,0.011637384531787864,0.012264941351703529,True,3,2,部分收敛/待确认,-0.1612284069097888,0.31484502446982054,-0.008811821676854348,,,,-0.06643879512924589,43.13,39.84,0.013215859030837107,0.09688755020080309,0,0,1,1,1,1,4,True,20日方向仍偏弱,宽松粗筛：方向/非极端波动/不过热；不以精确MA距离或距20日高点为硬规则,439,False,150,200,174,8,未入选：满足基础条件，但位于本次软容量边界之外（150-200只）
603203,快克智能,43.59,0.06317073170731713,-0.03753587988518425,0.017269544924154,-0.004794520547945047,,,,0.1115214180206795,-0.08096141682479441,0.16250000000000006,0.6862856493580274,7606759.4,7782670.8,0.9773970395869758,0.02331680615959814,0.023856022900837947,0.9773970395869771,True,-0.026225769669327215,-0.004448644661626533,False,3,2,部分收敛/待确认,-0.08096141682479441,0.6751269035532999,-0.0020490161288474473,,,,-0.034551495016611145,40.62,40.62,0.07311669128508136,0.07311669128508136,0,0,1,1,1,1,4,True,20日方向仍偏弱,宽松粗筛：方向/非极端波动/不过热；不以精确MA距离或距20日高点为硬规则,439,False,150,200,174,8,未入选：满足基础条件，但位于本次软容量边界之外（150-200只）
603206,嘉环科技,13.89,-0.009978617248752597,-0.013494318181818121,0.02358142962417098,-0.04797806716929398,,,,0.03904555314533616,-0.071524064171123,0.07997010463378165,0.48825187017252203,2511720.0,2899079.1,0.8663854670264085,0.008229751306543302,0.009498948931806628,0.8663854670264097,True,0.0025644678729164205,0.007492795389048901,True,3,3,收敛较充分,-0.13187499999999996,0.19465648854961828,-0.011458259198633414,,,,-0.03138075313807531,13.83,13.41,0.004338394793926392,0.03579418344519025,0,0,1,1,1,1,4,True,20日方向仍偏弱,宽松粗筛：方向/非极端波动/不过热；不以精确MA距离或距20日高点为硬规则,439,False,150,200,174,8,未入选：满足基础条件，但位于本次软容量边界之外（150-200只）
603259,XD药明康,153.25,-0.0037703958915686897,-0.0066761731915997435,-0.013390845297109433,-0.050142556092723445,,,,0.04728523245817079,-0.11722350230414746,0.1594202898550725,0.2966073672376167,30211119.0,52311622.1,0.5775221219913194,0.012215000321479947,0.02115070549914543,0.5775221219913199,True,-0.010121976219762074,-0.014100405481249023,False,3,2,部分收敛/待确认,-0.11722350230414746,0.4558823529411767,-0.03853996097695633,,,,-0.025065207710414095,151.21,149.73,0.013491171218834586,0.023508982835771075,0,0,1,1,1,1,4,True,20日方向仍偏弱,宽松粗筛：方向/非极端波动/不过热；不以精确MA距离或距20日高点为硬规则,439,False,150,200,174,8,未入选：满足基础条件，但位于本次软容量边界之外（150-200只）
603285,键邦股份,31.66,0.007317849188673176,-0.06690244621279107,-0.07696793002915447,-0.07642940490081684,,,,0.11488673139158591,-0.1913154533844189,0.2230552952202437,0.5150594218269838,4614525.2,6911610.5,0.6676483288518645,0.07407325386641171,0.11094651280531673,0.6676483288518646,True,-0.03178895499068568,-0.03275867098392693,False,3,2,部分收敛/待确认,-0.1913154533844189,0.18142076502732246,-0.0708594403439522,,,,-0.07155425219941347,30.9,30.9,0.024595469255663582,0.024595469255663582,0,0,1,1,1,1,4,True,20日方向仍偏弱,宽松粗筛：方向/非极端波动/不过热；不以精确MA距离或距20日高点为硬规则,439,False,150,200,174,8,未入选：满足基础条件，但位于本次软容量边界之外（150-200只）
603335,迪生力,6.41,-0.0015576323987538387,-0.0503703703703704,-0.031722054380664666,-0.07101449275362326,,,,0.0834645669291339,-0.0842857142857143,0.08846761453396518,0.9434476940382464,9751228.4,11302234.7,0.8627699440713261,0.022775549195295237,0.02639817178588728,0.8627699440713265,True,-0.02197471402769413,-0.008592101296352128,False,3,2,部分收敛/待确认,-0.08819345661450928,0.4311926605504585,-0.03361977988843656,,,,-0.054572271386430726,6.35,6.35,0.009448818897637823,0.009448818897637823,0,0,1,1,1,1,4,True,20日方向仍偏弱,宽松粗筛：方向/非极端波动/不过热；不以精确MA距离或距20日高点为硬规则,439,False,150,200,174,8,未入选：满足基础条件，但位于本次软容量边界之外（150-200只）
603387,基蛋生物,9.22,-0.005393743257820827,-0.010729613733905574,0.004357298474945592,-0.010729613733905574,,,,0.04362050163576885,-0.07056451612903214,0.09251101321585901,0.4715168510152158,6887034.8,11782232.0,0.5845271761751084,0.013579783180326427,0.02323208181557378,0.5845271761751084,True,-0.005748350010645109,-0.0048889361249866425,True,3,3,收敛较充分,-0.07056451612903214,0.3693693693693697,-0.016061042633797706,,,,-0.030494216614090353,9.17,9.09,0.005452562704471253,0.014301430143014437,0,0,1,1,1,1,4,True,20日方向仍偏弱,宽松粗筛：方向/非极端波动/不过热；不以精确MA距离或距20日高点为硬规则,439,False,150,200,174,8,未入选：满足基础条件，但位于本次软容量边界之外（150-200只）
603459,红板科技,89.35,0.047602298041974356,-0.05917658207855114,0.03606215213358066,-0.12965127605688687,,,,0.10956644674835075,-0.14136075341149346,0.2172371638141809,0.5043632720323631,10952493.2,11760436.6,0.9312998804823284,0.13854820717812855,0.1487686298277771,0.9312998804823281,True,-0.018767351471404736,0.0020585208057639637,False,3,2,部分收敛/待确认,-0.17030364936391496,0.343593414459556,-0.018110288138200814,,,,-0.051284773837332875,84.88,81.8,0.0526625824693685,0.09229828850855748,0,0,1,1,1,1,4,True,20日方向仍偏弱,宽松粗筛：方向/非极端波动/不过热；不以精确MA距离或距20日高点为硬规则,439,False,150,200,174,8,未入选：满足基础条件，但位于本次软容量边界之外（150-200只）
603556,海兴电力,24.81,-0.015476190476190532,0.006490872210953347,-0.004414125200642216,-0.031237797735259698,,,,0.06622516556291397,-0.14477766287487082,0.2178841309823678,0.3039467136240097,4950327.8,11509808.7,0.4300964446090229,0.010180326056102387,0.023669867964978764,0.4300964446090234,True,0.004461750628701244,-0.009476031215161718,True,3,3,收敛较充分,-0.14477766287487082,0.19075144508670486,-0.02367038545540412,,,,-0.014302741358760529,24.16,23.82,0.026903973509933676,0.041561712846347465,0,0,1,1,1,1,4,True,20日方向仍偏弱,宽松粗筛：方向/非极端波动/不过热；不以精确MA距离或距20日高点为硬规则,439,False,150,200,174,8,未入选：满足基础条件，但位于本次软容量边界之外（150-200只）
603580,艾艾精工,67.26,-0.019819294666278076,-0.21635791681230332,-0.07609890109890094,0.137686062246279,,,,0.2988192552225249,-0.2404291360813099,0.47879091516366057,0.6241122079778442,9858998.0,13047031.6,0.7556506569662942,0.0754477429189765,0.09984473939568325,0.7556506569662944,True,-0.11116835958584803,-0.030493639715732934,False,3,2,部分收敛/待确认,-0.2404291360813099,0.4680159920039981,-0.03778200597988568,,,,-0.21608391608391597,66.06,66.06,0.01816530426884655,0.01816530426884655,2,0,0,1,1,0,4,True,近5日波动仍偏大,宽松粗筛：方向/非极端波动/不过热；不以精确MA距离或距20日高点为硬规则,439,False,150,200,174,8,未入选：满足基础条件，但位于本次软容量边界之外（150-200只）
603629,利通电子,111.38,0.027964928472542727,-0.08824492468893252,-0.08539990146165222,-0.1146967649630396,,,,0.1308411214953271,-0.24870151770657678,0.2570878543927196,0.50893544467277,25717045.2,37098516.3,0.6932095340966506,0.0712929773893238,0.10284477330830215,0.6932095340966509,True,-0.06039401261914357,-0.038790861276019606,False,3,2,部分收敛/待确认,-0.24870151770657678,0.2453950061399917,-0.0932883966476582,,,,-0.07950413223140496,107.0,107.0,0.04093457943925238,0.04093457943925238,0,0,1,1,1,1,4,True,20日方向仍偏弱,宽松粗筛：方向/非极端波动/不过热；不以精确MA距离或距20日高点为硬规则,439,False,150,200,174,8,未入选：满足基础条件，但位于本次软容量边界之外（150-200只）
603663,三祥新材,40.11,0.04999999999999982,-0.0846645367412141,-0.03604902667627974,-0.014254116490538205,,,,0.15678524374176536,-0.165765391014975,0.20743345052737314,0.7558339474330628,18053529.4,28270777.2,0.6385933174840344,0.030435832778653894,0.04766074424105574,0.6385933174840348,True,-0.058905965338440835,-0.016021614959827457,False,3,2,部分收敛/待确认,-0.165765391014975,0.5166767738023045,-0.04061423650975893,,,,-0.08633257403189065,37.95,37.95,0.056916996047430723,0.056916996047430723,0,0,1,1,1,1,4,True,20日方向仍偏弱,宽松粗筛：方向/非极端波动/不过热；不以精确MA距离或距20日高点为硬规则,439,False,150,200,174,8,未入选：满足基础条件，但位于本次软容量边界之外（150-200只）
603682,锦和商管,10.8,0.015992474129821188,-0.03657448706512045,-0.041703637976929775,-0.06735751295336778,,,,0.07897240723120838,-0.2058823529411764,0.1206896551724138,0.6543428027728694,11003660.0,17353063.0,0.6341047687085559,0.023288169312169312,0.036726059259259244,0.6341047687085563,True,-0.03542330853701725,-0.01601971657424528,False,3,2,部分收敛/待确认,-0.2058823529411764,0.27272727272727293,-0.06404367796169508,,,,-0.04761904761904756,10.51,10.51,0.027592768791627087,0.027592768791627087,0,0,1,1,1,1,4,True,20日方向仍偏弱,宽松粗筛：方向/非极端波动/不过热；不以精确MA距离或距20日高点为硬规则,439,False,150,200,174,8,未入选：满足基础条件，但位于本次软容量边界之外（150-200只）
603688,石英股份,46.62,0.03646064917741221,-0.08767123287671241,-0.014376321353065546,-0.046040515653775316,,,,0.15842696629213476,-0.14064516129032267,0.20985727029437992,0.7549272230116181,15838675.2,14869529.1,1.0651766504159166,0.029240003746947296,0.027450849336145326,1.0651766504159177,False,-0.06179909329515609,-0.01073817266981647,False,3,1,结构未成熟,-0.14064516129032267,0.4241509433962262,-0.042622008193775596,,,,-0.09563530552861299,44.5,44.5,0.047640449438202115,0.047640449438202115,0,0,1,1,1,1,4,True,20日方向仍偏弱,宽松粗筛：方向/非极端波动/不过热；不以精确MA距离或距20日高点为硬规则,439,False,150,200,174,8,未入选：满足基础条件，但位于本次软容量边界之外（150-200只）
603690,至纯科技,24.17,0.0377844568484329,-0.03358656537385041,-0.05215686274509801,-0.03628389154704936,,,,0.09016038144776758,-0.1543037088873337,0.17254251347988386,0.5225400953619415,19358002.6,25846511.0,0.7489599892225299,0.050547805963611483,0.06749066264018114,0.7489599892225302,True,-0.028785679729076086,-0.016673314718787413,False,3,2,部分收敛/待确认,-0.1543037088873337,0.42428198433420383,-0.048500118100936906,,,,-0.037051792828685204,23.07,23.07,0.047680970957954205,0.047680970957954205,0,0,1,1,1,1,4,True,20日方向仍偏弱,宽松粗筛：方向/非极端波动/不过热；不以精确MA距离或距20日高点为硬规则,439,False,150,200,174,8,未入选：满足基础条件，但位于本次软容量边界之外（150-200只）
603725,天安新材,10.97,0.04079696394686927,-0.013489208633093441,-0.051038062283736974,-0.022281639928698804,,,,0.09257473481195766,-0.1807318894697535,0.28750000000000003,0.32199907760680924,12672541.2,20433527.2,0.6201837341132176,0.04156871232504296,0.06702644722612858,0.6201837341132179,True,-0.032211364458921476,-0.030015525271692156,False,3,2,部分收敛/待确认,-0.1807318894697535,0.3842239185750636,-0.04770172316506793,,,,-0.009033423667569984,10.37,10.37,0.057859209257473676,0.057859209257473676,0,0,1,1,1,1,4,True,20日方向仍偏弱,宽松粗筛：方向/非极端波动/不过热；不以精确MA距离或距20日高点为硬规则,439,False,150,200,174,8,未入选：满足基础条件，但位于本次软容量边界之外（150-200只）
603738,泰晶科技,36.2,0.055393586005831,-0.08098502157908094,0.0075146117450599625,-0.001103752759381904,,,,0.1706021251475795,-0.1520262356523775,0.2537444933920705,0.6723382362586899,24521674.4,44483493.9,0.5512533357906942,0.0635461757853504,0.11527581179024064,0.5512533357906944,True,-0.0766157943255148,-0.008097484276729516,False,3,2,部分收敛/待确认,-0.1520262356523775,0.5185459940652821,-0.03906135938308797,,,,-0.08724155320221871,33.88,33.88,0.06847697756788662,0.06847697756788662,0,0,1,1,1,1,4,True,20日方向仍偏弱,宽松粗筛：方向/非极端波动/不过热；不以精确MA距离或距20日高点为硬规则,439,False,150,200,174,8,未入选：满足基础条件，但位于本次软容量边界之外（150-200只）
603773,沃格光电,90.05,0.06909652142941947,-0.056870548806032706,-0.047895961091139805,-0.058349890201819465,,,,0.14750750750750752,-0.23165529010238917,0.31967120819727507,0.46143507367882153,13654652.2,22424822.7,0.6089079223801399,0.060774146689774454,0.09980843483234117,0.6089079223801399,True,-0.0570987654320988,-0.038478058183265884,False,3,2,部分收敛/待确认,-0.23165529010238917,0.47485493230174075,-0.06361296695869179,,,,-0.05736417879200251,83.25,83.25,0.08168168168168166,0.08168168168168166,0,0,1,1,1,1,4,True,20日方向仍偏弱,宽松粗筛：方向/非极端波动/不过热；不以精确MA距离或距20日高点为硬规则,439,False,150,200,174,8,未入选：满足基础条件，但位于本次软容量边界之外（150-200只）
603800,洪田股份,57.65,0.026714158504007157,-0.08767210001582526,-0.1187710180372975,-0.0827366746221162,,,,0.1650135256988276,-0.22658975046954666,0.25340507819068453,0.6511847626615309,4521311.2,5744565.3,0.7870588919930983,0.021737073076923078,0.027618102403846122,0.7870588919930992,True,-0.05944866675254412,-0.04522494823366996,False,3,2,部分收敛/待确认,-0.22658975046954666,0.39266450916936346,-0.10182206261538829,,,,-0.08940135839519825,55.45,55.45,0.039675383228133354,0.039675383228133354,0,0,1,1,1,1,4,True,20日方向仍偏弱,宽松粗筛：方向/非极端波动/不过热；不以精确MA距离或距20日高点为硬规则,439,False,150,200,174,8,未入选：满足基础条件，但位于本次软容量边界之外（150-200只）
603931,格林达,34.19,0.02580258025802573,-0.06405693950177949,-0.021745350500715466,-0.057347670250896154,,,,0.11060743427017214,-0.1484433374844334,0.2028160575194726,0.5453583686762701,3487298.0,5493772.2,0.6347729525443374,0.017475076716898585,0.02752964921843921,0.634772952544338,True,-0.039688323336509845,-0.01156786953700295,False,3,2,部分收敛/待确认,-0.1484433374844334,0.4527089072543616,-0.051187056848298274,,,,-0.0655916917190491,33.09,33.09,0.03324267150196425,0.03324267150196425,0,0,1,1,1,1,4,True,20日方向仍偏弱,宽松粗筛：方向/非极端波动/不过热；不以精确MA距离或距20日高点为硬规则,439,False,150,200,174,8,未入选：满足基础条件，但位于本次软容量边界之外（150-200只）
603995,甬金股份,23.83,-0.03639304488475548,-0.05623762376237629,-0.03756058158319886,-0.03639304488475548,,,,0.0939738727349347,-0.1480157311405077,0.16009954375777682,0.5869715211500715,4830451.0,7373025.1,0.6551518453395744,0.013284720087778302,0.02027731461382459,0.6551518453395745,True,-0.012918053574258903,-0.006461648917075569,False,3,2,部分收敛/待确认,-0.1480157311405077,0.4671814671814671,-0.05050303815121038,,,,-0.07599844901124475,23.73,23.73,0.004214075010535057,0.004214075010535057,0,0,1,1,1,1,4,True,20日方向仍偏弱,宽松粗筛：方向/非极端波动/不过热；不以精确MA距离或距20日高点为硬规则,439,False,150,200,174,8,未入选：满足基础条件，但位于本次软容量边界之外（150-200只）
605060,联德股份,40.27,-0.017325524646168766,-0.07743413516609388,-0.04550841431618857,-0.04708944628490286,,,,0.08988764044943824,-0.1620890553474823,0.19078295341922702,0.4711513205895229,3275829.2,4437778.5,0.7381687031022391,0.013713054034594196,0.018577127392374514,0.7381687031022403,True,-0.03255024058873468,-0.010702246528841886,False,3,2,部分收敛/待确认,-0.1620890553474823,0.4177877428998507,-0.061688122560726866,,,,-0.07743413516609388,40.05,40.05,0.005493133583021281,0.005493133583021281,0,0,1,1,1,1,4,True,20日方向仍偏弱,宽松粗筛：方向/非极端波动/不过热；不以精确MA距离或距20日高点为硬规则,439,False,150,200,174,8,未入选：满足基础条件，但位于本次软容量边界之外（150-200只）
605179,一鸣食品,27.43,-0.04358437935843795,-0.12975888324873097,-0.0341549295774648,0.09195859872611467,,,,0.3671135646687698,-0.2895622895622896,0.38834951456310685,0.9453174290220822,20391814.4,26076154.3,0.7820100374233481,0.05085240498753117,0.0650278162094763,0.7820100374233482,True,-0.07077837637005369,-0.0340118931504263,False,3,2,部分收敛/待确认,-0.2895622895622896,0.399247716281569,-0.13448188817367157,,,,-0.16878787878787882,25.36,25.36,0.08162460567823349,0.08162460567823349,2,0,0,1,1,0,4,True,近5日波动仍偏大,宽松粗筛：方向/非极端波动/不过热；不以精确MA距离或距20日高点为硬规则,439,False,150,200,174,8,未入选：满足基础条件，但位于本次软容量边界之外（150-200只）
605589,圣泉集团,38.12,0.03418339663591974,-0.06385068762278978,0.015991471215351716,-0.08343351767251761,,,,0.11692223439211379,-0.13363636363636366,0.22364751812604583,0.5227969233542642,22467751.0,32743076.2,0.686183267044408,0.02656016835314059,0.03870710585459623,0.6861832670444084,True,-0.03790513634759807,-0.0033507745444237846,False,3,2,部分收敛/待确认,-0.13363636363636366,0.45454545454545436,-0.03816312369898445,,,,-0.06545721990683995,36.52,35.86,0.043811610076670116,0.06302286670384816,0,0,1,1,1,1,4,True,20日方向仍偏弱,宽松粗筛：方向/非极端波动/不过热；不以精确MA距离或距20日高点为硬规则,439,False,150,200,174,8,未入选：满足基础条件，但位于本次软容量边界之外（150-200只）
688111,金山办公,239.53,-0.014239269105724595,-0.04053675145203284,0.026703814830689954,-0.08785224676313796,,,,0.060590717299578115,-0.112490273815258,0.1283043478260869,0.4722421205998974,5344147.8,7396903.0,0.722484504663641,0.011517226435480258,0.015941139721525496,0.7224845046636421,True,-0.006255504432354231,0.002556137022288185,True,3,3,收敛较充分,-0.16870271395849235,0.1639146886824906,-0.02505637276849315,,,,-0.046457006369426734,237.0,231.0,0.010675105485232095,0.03692640692640703,0,0,1,1,1,1,4,True,20日方向仍偏弱,宽松粗筛：方向/非极端波动/不过热；不以精确MA距离或距20日高点为硬规则,439,False,150,200,174,8,未入选：满足基础条件，但位于本次软容量边界之外（150-200只）
688146,中船特气,234.01,0.030699436222692,-0.09975378933600065,-0.06425943698016645,-0.2806332616046726,,,,0.13575865128660156,-0.29937125748503,0.3025210084033613,0.44875776397515516,9811172.8,15152501.1,0.6474952705992545,0.06767686980806802,0.10452102568321979,0.6474952705992544,True,-0.06032865368441498,-0.032447763940617214,False,3,2,部分收敛/待确认,-0.29937125748503,0.07928176795580097,-0.11414878635998849,,,,-0.08589843750000004,225.4,225.4,0.03819875776397508,0.03819875776397508,0,0,1,1,1,1,4,True,20日方向仍偏弱,宽松粗筛：方向/非极端波动/不过热；不以精确MA距离或距20日高点为硬规则,439,False,150,200,174,8,未入选：满足基础条件，但位于本次软容量边界之外（150-200只）
688158,优刻得,29.94,0.0033512064343164116,-0.03605924018029616,-0.0020000000000000018,-0.12018806935057302,,,,0.0715249662618084,-0.19882258496119876,0.2430555555555554,0.2942741469057262,13782566.2,18295272.5,0.7533403069016873,0.03362635662087571,0.044636343380023084,0.7533403069016877,True,-0.008121029536970359,-0.016232073011734016,False,3,2,部分收敛/待确认,-0.19882258496119876,0.13302217036172706,-0.06488639025532905,,,,-0.04436642195978291,29.64,28.8,0.010121457489878471,0.039583333333333304,0,0,1,1,1,1,4,True,20日方向仍偏弱,宽松粗筛：方向/非极端波动/不过热；不以精确MA距离或距20日高点为硬规则,439,False,150,200,174,8,未入选：满足基础条件，但位于本次软容量边界之外（150-200只）
688185,康希诺,68.0,-0.013491948353402061,-0.09826282986341328,-0.09933774834437081,0.23951877506379882,,,,0.1994669035984007,-0.29548280149191875,0.8108818011257036,0.24598764372500592,10038914.8,12058779.0,0.8324984478113415,0.08777354348999157,0.10543388245437615,0.8324984478113414,True,-0.10072411114730284,-0.00826296665071824,False,3,2,部分收敛/待确认,-0.29548280149191875,0.38745704467353953,-0.011333318794117586,,,,-0.15317559153175586,67.53,67.53,0.006959869687546361,0.006959869687546361,2,0,0,1,1,0,4,True,近5日波动仍偏大,宽松粗筛：方向/非极端波动/不过热；不以精确MA距离或距20日高点为硬规则,439,False,150,200,174,8,未入选：满足基础条件，但位于本次软容量边界之外（150-200只）
688234,天岳先进,100.01,0.026480550138560988,-0.06889488874406469,-0.04797715373631595,-0.036233978992001425,,,,0.12484446287847373,-0.19346774193548388,0.21951219512195114,0.5687358864463805,7062300.8,10613648.8,0.6653980109083691,0.016434999515627997,0.02469950202164222,0.66539801090837,True,-0.046793695244943145,-0.023613972698107943,False,3,2,部分收敛/待确认,-0.19346774193548388,0.43419811320754736,-0.06974797341605532,,,,-0.07209129708665796,96.44,96.44,0.03701783492326838,0.03701783492326838,0,0,1,1,1,1,4,True,20日方向仍偏弱,宽松粗筛：方向/非极端波动/不过热；不以精确MA距离或距20日高点为硬规则,439,False,150,200,174,8,未入选：满足基础条件，但位于本次软容量边界之外（150-200只）
688280,精进电动,5.34,-0.014760147601476037,-0.009276437847866359,-0.003731343283582156,-0.08089500860585197,,,,0.056390977443608985,-0.09028960817717213,0.11753371868978793,0.4797855293972638,8643677.4,10833921.3,0.79783461229315,0.01660508043943132,0.020812684964499964,0.7978346122931509,True,0.003694126339120807,-0.0020283975659229903,True,3,3,收敛较充分,-0.13592233009708732,0.15151515151515108,-0.0312925170068028,,,,-0.043010752688172116,5.32,5.19,0.003759398496240518,0.028901734104046062,0,0,1,1,1,1,4,True,20日方向仍偏弱,宽松粗筛：方向/非极端波动/不过热；不以精确MA距离或距20日高点为硬规则,439,False,150,200,174,8,未入选：满足基础条件，但位于本次软容量边界之外（150-200只）
688443,智翔金泰,22.97,-0.01204301075268821,-0.029983108108108114,-0.06626016260162615,-0.0734167002823719,,,,0.05123674911660778,-0.1707581227436823,0.17472434266327402,0.29324333596349783,3252543.4,4433703.2,0.7335952032152264,0.022683195480856407,0.030920588604505177,0.733595203215227,True,-0.024749558043606457,-0.030832518735744552,False,3,2,部分收敛/待确认,-0.1707581227436823,0.0652173913043475,-0.07978286561304415,,,,-0.03487394957983203,22.64,22.64,0.014575971731448645,0.014575971731448645,0,0,1,1,1,1,4,True,20日方向仍偏弱,宽松粗筛：方向/非极端波动/不过热；不以精确MA距离或距20日高点为硬规则,439,False,150,200,174,8,未入选：满足基础条件，但位于本次软容量边界之外（150-200只）
688545,兴福电子,75.36,0.05398601398601399,-0.03631713554987215,-0.07499693138578623,-0.16489361702127658,,,,0.11126780425891977,-0.21971422654793948,0.3051351351351351,0.3646509085544758,8860367.2,12702493.9,0.6975297346924921,0.04861655528120714,0.0696981832647462,0.6975297346924926,True,-0.03657119243782114,-0.029100529100529293,False,3,2,部分收敛/待确认,-0.21971422654793948,0.4022535211267606,-0.07474707789018775,,,,-0.0414652760111931,70.91,70.91,0.06275560569736283,0.06275560569736283,0,0,1,1,1,1,4,True,20日方向仍偏弱,宽松粗筛：方向/非极端波动/不过热；不以精确MA距离或距20日高点为硬规则,439,False,150,200,174,8,未入选：满足基础条件，但位于本次软容量边界之外（150-200只）
000938,紫光股份,35.37,0.0028352707683583223,-0.09191270860077039,0.02551464192519548,-0.06005846399149628,,,,0.15373395565927642,-0.1513915547024952,0.20483348069554974,0.7505313835279491,177611597.6,176001184.0,1.009150015718076,0.06306901294494863,0.06153731183125868,1.0248906081222726,False,-0.013327646870668675,0.005986215229151215,False,3,1,结构未成熟,-0.1513915547024952,0.29654403567447013,-0.047259895756171844,,,,-0.10387636179376747,34.28,33.96,0.031796966161026674,0.041519434628975116,0,0,1,1,1,0,3,True,20日方向仍偏弱,宽松粗筛：方向/非极端波动/不过热；不以精确MA距离或距20日高点为硬规则,566,False,150,200,174,8,未入选：满足基础条件，但位于本次软容量边界之外（150-200只）
002484,江海股份,61.95,0.09996448863636376,-0.022870662460567792,0.04117647058823537,-0.06292542731810613,,,,0.2679999999999999,-0.14492753623188404,0.2739581501670478,0.9782516046213086,52834179.8,44399367.4,1.189975958981794,0.0643950160689297,0.054114552132657735,1.1899759589817944,False,-0.033418426549083335,-0.012527890257003516,False,3,1,结构未成熟,-0.14492753623188404,0.435483870967742,-0.006040769175230332,,,,-0.02701429244542164,55.0,55.0,0.12636363636363646,0.12636363636363646,0,0,0,1,1,1,3,True,近5日波动仍偏大,宽松粗筛：方向/非极端波动/不过热；不以精确MA距离或距20日高点为硬规则,566,False,150,200,174,8,未入选：满足基础条件，但位于本次软容量边界之外（150-200只）
002552,宝鼎科技,48.01,0.04460400348128801,-0.09123604012871478,-0.17009507346586006,-0.08307868601986257,,,,0.16534740545294643,-0.23514417715469182,0.24650139944022387,0.6707767413427723,21217046.0,39271143.7,0.5402706415194116,0.05757627308449884,0.10656931667168919,0.5402706415194116,True,-0.07731066579483836,-0.05229572853103137,False,3,2,部分收敛/待确认,-0.23514417715469182,0.5174893756129453,-0.11492515301231487,,,,-0.09415094339622643,45.48,45.48,0.05562884784520672,0.05562884784520672,0,0,1,1,0,1,3,True,20日方向仍偏弱,宽松粗筛：方向/非极端波动/不过热；不以精确MA距离或距20日高点为硬规则,566,False,150,200,174,8,未入选：满足基础条件，但位于本次软容量边界之外（150-200只）
300139,晓程科技,50.1,-0.035796766743648956,-0.03894110876654522,-0.14109377678724488,-0.04553248237759577,,,,0.11019736842105261,-0.18800648298217182,0.377232142857143,0.2921208346309559,39167129.6,57656189.5,0.6793222018253565,0.16762500859959623,0.24675331992563102,0.6793222018253563,True,-0.02506995386825961,-0.012052019881161558,False,3,2,部分收敛/待确认,-0.18800648298217182,0.4932284840541721,-0.02316331305568542,,,,-0.060918462980318666,48.64,48.64,0.030016447368421018,0.030016447368421018,0,0,1,1,0,1,3,True,20日方向仍偏弱,宽松粗筛：方向/非极端波动/不过热；不以精确MA距离或距20日高点为硬规则,566,False,150,200,174,8,未入选：满足基础条件，但位于本次软容量边界之外（150-200只）
300142,沃森生物,13.06,0.006163328197226425,-0.03899926416482702,-0.12348993288590604,-0.005331302361005319,,,,0.07757951900698215,-0.23040659988214485,0.3532695374800638,0.2196043269407576,81359657.2,219786681.9,0.37017555611953573,0.05159401146876421,0.139377143130714,0.3701755561195359,True,-0.059920296043267984,-0.047103929891825214,False,3,2,部分收敛/待确认,-0.23040659988214485,0.2068965517241382,-0.05782202503336564,,,,-0.05975521958243346,12.89,12.89,0.013188518231187052,0.013188518231187052,0,0,1,1,0,1,3,True,20日方向仍偏弱,宽松粗筛：方向/非极端波动/不过热；不以精确MA距离或距20日高点为硬规则,566,False,150,200,174,8,未入选：满足基础条件，但位于本次软容量边界之外（150-200只）
300214,日科化学,11.28,-0.03175965665236058,-0.09178743961352664,-0.0806845965770171,-0.10333863275039756,,,,0.1470054446460981,-0.20507399577167018,0.2492970946579194,0.5896797347270175,36714047.6,53711290.7,0.6835443185505129,0.07897148025070042,0.11553234824358286,0.6835443185505131,True,-0.04953408533594894,-0.012085092293684374,False,3,2,部分收敛/待确认,-0.20507399577167018,0.1732954545454544,-0.06653426017874875,,,,-0.10759493670886089,11.02,11.02,0.023593466424682408,0.023593466424682408,0,0,1,1,1,0,3,True,20日方向仍偏弱,宽松粗筛：方向/非极端波动/不过热；不以精确MA距离或距20日高点为硬规则,566,False,150,200,174,8,未入选：满足基础条件，但位于本次软容量边界之外（150-200只）
300894,火星人,10.24,-0.06824385805277522,-0.08243727598566308,-0.057090239410681365,-0.15020746887966807,,,,0.1651651651651652,-0.1640816326530612,0.14807872539831304,1.1153875394381725,8010042.4,8435221.0,0.9495948476038744,0.02723770365393153,0.02868349983433543,0.9495948476038751,True,-0.04406662040249831,-0.006296000709408611,False,3,1,结构未成熟,-0.17552334943639292,0.10288065843621401,-0.09656358904230444,,,,-0.1202749140893471,9.99,9.99,0.025025025025025016,0.025025025025025016,0,0,1,1,1,0,3,True,20日方向仍偏弱,宽松粗筛：方向/非极端波动/不过热；不以精确MA距离或距20日高点为硬规则,566,False,150,200,174,8,未入选：满足基础条件，但位于本次软容量边界之外（150-200只）
301158,德石股份,15.13,-0.005259697567389865,-0.01046435578809668,0.038435140700068704,-0.022609819121446995,,,,0.18917112299465227,-0.14952220348510392,0.24667133847231953,0.7668954332766159,13028577.2,8429875.9,1.545524199235246,0.06851582986327348,0.04433177422726628,1.545524199235247,False,0.007148427345983865,0.003415883859948954,True,3,2,部分收敛/待确认,-0.14952220348510392,0.24431818181818218,-0.0196967733575224,,,,-0.08191747572815533,14.96,14.31,0.011363636363636465,0.057302585604472434,0,0,0,1,1,1,3,True,近5日波动仍偏大,宽松粗筛：方向/非极端波动/不过热；不以精确MA距离或距20日高点为硬规则,566,False,150,200,174,8,未入选：满足基础条件，但位于本次软容量边界之外（150-200只）
301165,锐捷网络,111.99,0.020875113947128376,-0.12047435796748607,-0.03373597929249361,-0.07599009900990106,,,,0.16734019103600292,-0.24989953114534502,0.343834383438344,0.48668835665183025,16202863.6,21773691.3,0.7441486781802588,0.014549510179742578,0.0195518860764786,0.74414867818026,True,-0.04640592836558266,-0.022728593849909884,False,3,2,部分收敛/待确认,-0.24989953114534502,0.21286919831223602,-0.10082498645095261,,,,-0.11888276947285603,108.88,108.88,0.028563556208670127,0.028563556208670127,0,0,1,1,1,0,3,True,20日方向仍偏弱,宽松粗筛：方向/非极端波动/不过热；不以精确MA距离或距20日高点为硬规则,566,False,150,200,174,8,未入选：满足基础条件，但位于本次软容量边界之外（150-200只）
600378,昊华科技,47.57,0.03978142076502733,-0.10262214676476134,0.07624434389140267,-0.02580380913372926,,,,0.1645374449339207,-0.12955169258920396,0.30088074268031423,0.5468526947526905,87177625.4,56623935.1,1.5395896672677558,0.0812795456643885,0.05279299243975301,1.539589667267756,False,-0.05049590680100757,0.012503927112786695,False,3,1,结构未成熟,-0.12955169258920396,0.5793226381461676,-0.006692350257357815,,,,-0.10024588613580476,45.4,42.01,0.04779735682819397,0.1323494406093788,0,0,1,1,1,0,3,True,20日方向仍偏弱,宽松粗筛：方向/非极端波动/不过热；不以精确MA距离或距20日高点为硬规则,566,False,150,200,174,8,未入选：满足基础条件，但位于本次软容量边界之外（150-200只）
600460,士兰微,30.96,0.020435069215557045,-0.09367681498829028,-0.12935883014623173,-0.03761268262356232,,,,0.1346217927357546,-0.1728559978626769,0.16350637239664276,0.8233427894124006,79262048.2,151831553.1,0.5220393691671985,0.04763138589127443,0.091240984309785,0.5220393691671986,True,-0.0641210374639769,-0.0341685649202732,False,3,2,部分收敛/待确认,-0.1728559978626769,0.34114052953156837,-0.06734346522872059,,,,-0.09074889867841396,30.01,30.01,0.03165611462845708,0.03165611462845708,0,0,1,1,0,1,3,True,20日方向仍偏弱,宽松粗筛：方向/非极端波动/不过热；不以精确MA距离或距20日高点为硬规则,566,False,150,200,174,8,未入选：满足基础条件，但位于本次软容量边界之外（150-200只）
600721,百花医药,12.02,0.00670016750418756,-0.1352517985611511,-0.15292459478505993,0.0371009490940466,,,,0.24777183600713004,-0.27937649880095927,0.35720097640358023,0.6936482607124437,124241705.4,124519398.5,0.9977698808109807,0.3230853452004717,0.3238074744628191,0.9977698808109808,True,-0.14236159289579575,-0.03726708074534191,False,3,2,部分收敛/待确认,-0.27937649880095927,0.46803652968036524,-0.1270244752705353,,,,-0.1408148677626877,11.22,11.22,0.071301247771836,0.071301247771836,2,0,0,1,0,0,3,True,近5日波动仍偏大,宽松粗筛：方向/非极端波动/不过热；不以精确MA距离或距20日高点为硬规则,566,False,150,200,174,8,未入选：满足基础条件，但位于本次软容量边界之外（150-200只）
603318,水发燃气,9.08,-0.027837259100642386,-0.09741550695825052,-0.02470461868958118,-0.01625135427952329,,,,0.17877094972067056,-0.13933649289099537,0.1874999999999999,0.9534450651769102,67138802.0,63022963.0,1.065306973904099,0.14624930155672414,0.137283717406594,1.065306973904099,False,-0.04337349397590351,0.0010244851961889179,False,3,1,结构未成熟,-0.13933649289099537,0.24615384615384625,-0.03879743820462611,,,,-0.1285988483685221,8.95,8.95,0.01452513966480451,0.01452513966480451,0,0,1,1,1,0,3,True,20日方向仍偏弱,宽松粗筛：方向/非极端波动/不过热；不以精确MA距离或距20日高点为硬规则,566,False,150,200,174,8,未入选：满足基础条件，但位于本次软容量边界之外（150-200只）
603938,三孚股份,40.39,0.02279057989364386,-0.11541830924222507,-0.02463173146582942,-0.05894687791239517,,,,0.17433537832310841,-0.15941727367325698,0.2289002557544756,0.7616215969199489,13728329.2,18223059.3,0.7533493127578199,0.03587937862744841,0.047626483518121404,0.7533493127578201,True,-0.0681899481309245,-0.013646841862609449,False,3,2,部分收敛/待确认,-0.15941727367325698,0.45089605734767035,-0.06540326032880961,,,,-0.12004357298474944,39.12,39.1,0.03246421267893673,0.03299232736572888,0,0,1,1,1,0,3,True,20日方向仍偏弱,宽松粗筛：方向/非极端波动/不过热；不以精确MA距离或距20日高点为硬规则,566,False,150,200,174,8,未入选：满足基础条件，但位于本次软容量边界之外（150-200只）
688137,近岸蛋白,61.57,-0.00933226065969428,-0.10469681547186271,-0.18439528414359507,0.12149362477231329,,,,0.29932203389830503,-0.32266226622662275,0.6587591240875914,0.45437250575144356,5168371.6,6871407.2,0.7521562104484216,0.0739210508712324,0.09827885463733924,0.7521562104484218,True,-0.10068928233545082,-0.04790985382766655,False,3,2,部分收敛/待确认,-0.32266226622662275,0.46595047341587764,-0.10573061532763495,,,,-0.16549200325291413,59.0,59.0,0.04355932203389834,0.04355932203389834,2,0,0,1,0,0,3,True,近5日波动仍偏大,宽松粗筛：方向/非极端波动/不过热；不以精确MA距离或距20日高点为硬规则,566,False,150,200,174,8,未入选：满足基础条件，但位于本次软容量边界之外（150-200只）
688596,正帆科技,65.72,0.08807947019867557,-0.024925816023739,-0.07631763879128606,-0.06780141843971632,,,,0.2288135593220339,-0.1478215767634855,0.17736087025067016,1.2901016949152533,23753837.4,27009588.1,0.8794594464770826,0.07477508886590958,0.08502391914197045,0.8794594464770829,True,-0.047356795759092796,-0.0182493445965628,False,3,1,结构未成熟,-0.1478215767634855,0.6772366930917326,-0.04451746096362441,,,,-0.05926137990266245,59.0,59.0,0.11389830508474574,0.11389830508474574,0,0,0,1,1,1,3,True,近5日波动仍偏大,宽松粗筛：方向/非极端波动/不过热；不以精确MA距离或距20日高点为硬规则,566,False,150,200,174,8,未入选：满足基础条件，但位于本次软容量边界之外（150-200只）
920176,维琪科技,68.24,-0.019258407588387483,0.22954954954954943,0.2757524770985229,-0.11376623376623385,,,,0.6064407414341884,-0.20466200466200468,0.2866341463414634,2.115730973349364,34061.0,20913.3,1.6286764881678166,42.86,26.314999999999998,1.6287288618658562,False,0.1266134397870926,0.08394111062112009,True,3,1,结构未成熟,-0.22436917481245744,0.4625646610400216,0.0941947070094844,,,,-0.11365112352253537,53.41,53.02,0.27766335892155025,0.28706148623161054,0,2,0,0,1,0,3,True,近5日波动仍偏大,宽松粗筛：方向/非极端波动/不过热；不以精确MA距离或距20日高点为硬规则,566,False,150,200,174,8,未入选：满足基础条件，但位于本次软容量边界之外（150-200只）
000977,浪潮信息,74.74,-0.03834276891405053,-0.12256398215543562,0.020759355367385934,-0.02555410691003923,,,,0.23347164591977884,-0.1619197129401212,0.19266311957434898,1.211812859853968,124475866.8,67564283.3,1.8423323791847281,0.08485550318590089,0.046058737361741015,1.842332379184729,False,-0.00504633897811646,0.01804442292253383,True,3,1,结构未成熟,-0.1619197129401212,0.1869369369369365,-0.04574036834881434,,,,-0.14582857142857153,72.3,71.42,0.03374827109266931,0.04648557826939226,0,0,0,1,1,0,2,True,近5日波动仍偏大,宽松粗筛：方向/非极端波动/不过热；不以精确MA距离或距20日高点为硬规则,583,False,150,200,174,8,未入选：满足基础条件，但位于本次软容量边界之外（150-200只）
001258,立新能源,12.2,-0.007323026851098424,-0.0757575757575758,-0.029435163086714455,-0.1574585635359117,,,,0.23524229074889869,-0.27725118483412325,0.25970664365832613,0.9058000497607096,136487419.4,125311200.7,1.089187707384245,0.1462383578006282,0.13426368734166957,1.0891877073842453,False,-0.062481225593271295,-0.007645968489341848,False,3,1,结构未成熟,-0.27725118483412325,0.15370705244122962,-0.08187838651414814,,,,-0.12607449856733532,11.35,11.35,0.07488986784140961,0.07488986784140961,0,0,0,1,1,0,2,True,近5日波动仍偏大,宽松粗筛：方向/非极端波动/不过热；不以精确MA距离或距20日高点为硬规则,583,False,150,200,174,8,未入选：满足基础条件，但位于本次软容量边界之外（150-200只）
002971,和远气体,39.81,0.03001293661060811,-0.1422107304460245,-0.09192518248175185,-0.10297431275349256,,,,0.22460732984293189,-0.1702792830345976,0.18968509794197866,1.184106354583718,20586267.8,17443784.5,1.1801491700381876,0.127861407093437,0.10834342838990396,1.1801491700381879,False,-0.07395311381531833,-0.029638707334785908,False,3,0,结构未成熟,-0.1702792830345976,0.49096573208722766,-0.09248409966489601,,,,-0.14313387860525184,38.2,38.2,0.04214659685863875,0.04214659685863875,0,0,0,1,1,0,2,True,近5日波动仍偏大,宽松粗筛：方向/非极端波动/不过热；不以精确MA距离或距20日高点为硬规则,583,False,150,200,174,8,未入选：满足基础条件，但位于本次软容量边界之外（150-200只）
301217,铜冠铜箔,106.99,0.060672152275205615,-0.13696862144067112,-0.037080370803708074,-0.11571204231754695,,,,0.22416215131446923,-0.20085150881386316,0.23490566037735855,0.954264579892921,29005817.4,35459731.2,0.8179931550073339,0.034988267240499416,0.04277330076213866,0.8179931550073343,True,-0.06977309421711442,-0.023291514477793762,False,3,2,部分收敛/待确认,-0.20085150881386316,0.5169750314352434,-0.0697532876861211,,,,-0.12303278688524599,99.66,99.66,0.07355007023881188,0.07355007023881188,0,0,0,1,1,0,2,True,近5日波动仍偏大,宽松粗筛：方向/非极端波动/不过热；不以精确MA距离或距20日高点为硬规则,583,False,150,200,174,8,未入选：满足基础条件，但位于本次软容量边界之外（150-200只）
600403,大有能源,6.59,0.009188361408882129,-0.13856209150326804,-0.09726027397260273,-0.013473053892215536,,,,0.29225908372827797,-0.1943765281173594,0.28058727569331154,1.041597780961828,133687035.2,141768527.3,0.9429951608166278,0.055916990847197354,0.05929721929725873,0.942995160816628,True,-0.0478534317746786,-0.012547051442910795,False,3,1,结构未成熟,-0.1943765281173594,0.4089219330855018,-0.04117561472428333,,,,-0.18440594059405946,6.33,6.33,0.041074249605055346,0.041074249605055346,0,0,0,1,1,0,2,True,近5日波动仍偏大,宽松粗筛：方向/非极端波动/不过热；不以精确MA距离或距20日高点为硬规则,583,False,150,200,174,8,未入选：满足基础条件，但位于本次软容量边界之外（150-200只）
600641,先导基电,31.07,0.04824561403508776,-0.10538439389576726,-0.03419334783960215,-0.09706480674222595,,,,0.18854415274463013,-0.18236842105263162,0.25622895622895636,0.7358424883726034,48478266.2,67583692.0,0.7173071604315432,0.05209188438729758,0.07262144763194373,0.7173071604315433,True,-0.06715267899478405,-0.01630914346569301,False,3,2,部分收敛/待确认,-0.18236842105263162,0.5571884984025559,-0.06171199057786103,,,,-0.10872059667240386,29.33,29.33,0.05932492328673722,0.05932492328673722,0,0,0,1,1,0,2,True,近5日波动仍偏大,宽松粗筛：方向/非极端波动/不过热；不以精确MA距离或距20日高点为硬规则,583,False,150,200,174,8,未入选：满足基础条件，但位于本次软容量边界之外（150-200只）
603256,宏和科技,123.82,0.025934211616538194,-0.1608268383598781,-0.07528005974607921,-0.21404087850704578,,,,0.2801313905499874,-0.24734058719834662,0.29067942884042053,0.9637124707017921,19961729.4,15186284.8,1.314457727014312,0.02236402227777023,0.017262487304307277,1.2955272252214798,False,-0.06957772146131724,-0.023965188934019555,False,3,1,结构未成熟,-0.25220437250875716,0.2117780294450735,-0.12575019416790234,,,,-0.1731000400694538,118.73,118.73,0.04287037816895478,0.04287037816895478,0,0,0,1,1,0,2,True,近5日波动仍偏大,宽松粗筛：方向/非极端波动/不过热；不以精确MA距离或距20日高点为硬规则,583,False,150,200,174,8,未入选：满足基础条件，但位于本次软容量边界之外（150-200只）
603990,麦迪科技,20.35,-0.018330921369995146,-0.08292023433979268,-0.10549450549450545,-0.13551401869158874,,,,0.184329482672024,-0.18697562924490607,0.18896484375000006,0.9754697170860596,17973919.0,18370680.9,0.9784024390734478,0.05888349889830128,0.06018331163816829,0.9784024390734479,True,-0.0339935760171306,-0.021473479146373875,False,3,2,部分收敛/待确认,-0.18697562924490607,0.4983922829581995,-0.1012674998895906,,,,-0.11598609904430923,19.91,19.91,0.02209944751381232,0.02209944751381232,0,0,0,1,1,0,2,True,近5日波动仍偏大,宽松粗筛：方向/非极端波动/不过热；不以精确MA距离或距20日高点为硬规则,583,False,150,200,174,8,未入选：满足基础条件，但位于本次软容量边界之外（150-200只）
301190,善水科技,18.6,0.016949152542373058,-0.09046454767726153,-0.12056737588652466,-0.02617801047120416,,,,0.20718697361033137,-0.14678899082568808,0.2151616499442586,0.9629363488521621,8148944.8,11893552.7,0.6851564881870831,0.04481036875735478,0.06540165572382238,0.685156488187083,True,-0.06337061016284085,-0.03183593749999991,False,3,2,部分收敛/待确认,-0.14678899082568808,0.2997811816192562,-0.04686258935663212,,,,-0.11764705882352933,17.81,17.81,0.04435710275126348,0.04435710275126348,0,0,0,1,0,0,1,True,近5日波动仍偏大,宽松粗筛：方向/非极端波动/不过热；不以精确MA距离或距20日高点为硬规则,591,False,150,200,174,8,未入选：满足基础条件，但位于本次软容量边界之外（150-200只）
