股票代码,股票名称,日期,开盘价,最高价,最低价,收盘价,成交量,成交额,换手率,未复权开盘价,未复权最高价,未复权最低价,未复权收盘价,前复权比例系数,5日成交量比
000059,华锦股份,2026-03-20,5.68,5.74,5.57,5.57,30423300.0,171624411.0,0.0190215411824713,5.68,5.74,5.57,5.57,1.0,0.6057362399429175
000059,华锦股份,2026-03-23,5.44,5.5,5.22,5.26,52012435.0,277966634.0,0.0325197028051892,5.44,5.5,5.22,5.26,1.0,1.3531590778791796
000059,华锦股份,2026-03-24,5.35,5.41,5.16,5.35,37024441.0,195462659.0,0.0231487685175336,5.35,5.41,5.16,5.35,1.0,0.9453116796217557
000059,华锦股份,2026-03-25,5.33,5.41,5.25,5.34,32326152.0,172787921.0,0.0202112601702914,5.33,5.41,5.25,5.34,1.0,0.8151538028574298
000059,华锦股份,2026-03-26,5.34,5.46,5.33,5.36,28741909.0,154828033.0,0.0179702861197287,5.34,5.46,5.33,5.36,1.0,0.7522985302979024
000059,华锦股份,2026-03-27,5.33,5.61,5.3,5.52,44819010.0,245947459.0,0.0280221621084035,5.33,5.61,5.3,5.52,1.0,1.2413296319954645
000059,华锦股份,2026-03-30,5.48,5.57,5.31,5.42,37470822.0,203056597.0,0.0234278590361352,5.48,5.57,5.31,5.42,1.0,0.9611651768984547
000059,华锦股份,2026-03-31,5.41,5.49,5.34,5.35,25652000.0,138417115.0,0.0160383842125198,5.41,5.49,5.34,5.35,1.0,0.7110452401619329
000059,华锦股份,2026-04-01,5.39,5.5,5.36,5.41,28770124.0,156249808.0,0.0179879269668578,5.39,5.5,5.36,5.41,1.0,0.8511372763250018
000059,华锦股份,2026-04-02,5.43,5.5,5.3,5.33,25677900.0,138477981.0,0.0160545776536201,5.43,5.5,5.3,5.33,1.0,0.7759836858449937
000059,华锦股份,2026-04-03,5.32,5.33,5.11,5.13,26557941.0,137126424.0,0.0166048051478026,5.32,5.33,5.11,5.13,1.0,0.8177216746839162
000059,华锦股份,2026-04-07,5.13,5.36,5.06,5.35,28804946.0,152174337.0,0.018009698704541,5.13,5.36,5.06,5.35,1.0,0.9992780276434298
000059,华锦股份,2026-04-08,5.32,5.45,5.26,5.43,31100953.0,167048124.0,0.0194452297516576,5.32,5.45,5.26,5.43,1.0,1.1479508586671374
000059,华锦股份,2026-04-09,5.41,5.48,5.28,5.32,26895131.0,144203892.0,0.0168156262445054,5.41,5.48,5.28,5.32,1.0,0.9543245769568416
000059,华锦股份,2026-04-10,5.33,5.42,5.29,5.32,18171738.0,97118195.0,0.0113615045943102,5.33,5.42,5.29,5.32,1.0,0.6534862971707699
000059,华锦股份,2026-04-13,5.3,5.39,5.23,5.37,24832543.0,132197732.0,0.0155260356154654,5.3,5.39,5.23,5.37,1.0,0.943982709011323
000059,华锦股份,2026-04-14,5.38,5.38,5.24,5.32,25823456.0,136402734.0,0.0161455835421448,5.38,5.38,5.24,5.32,1.0,0.9946995158002434
000059,华锦股份,2026-04-15,5.32,5.32,5.24,5.27,18677494.0,98489019.0,0.0116777181077122,5.32,5.32,5.24,5.27,1.0,0.736355909036994
000059,华锦股份,2026-04-16,5.26,5.33,5.23,5.28,18740590.0,99055286.0,0.0117171675810582,5.26,5.33,5.23,5.28,1.0,0.8190791389278996
000059,华锦股份,2026-04-17,5.3,5.31,5.2,5.24,22863101.0,119888844.0,0.0142946826028242,5.3,5.31,5.2,5.24,1.0,1.0759529544225557
000059,华锦股份,2026-04-20,5.25,5.39,5.23,5.29,25055306.0,132682294.0,0.0156653135892037,5.25,5.39,5.23,5.29,1.0,1.1292564448003295
000059,华锦股份,2026-04-21,5.28,5.33,5.2,5.29,17983200.0,94925945.0,0.0112436250963116,5.28,5.33,5.2,5.29,1.0,0.8088884749108418
000059,华锦股份,2026-04-22,5.28,5.33,5.22,5.24,19606811.0,102964857.0,0.0122587544051247,5.28,5.33,5.22,5.24,1.0,0.9488419298505258
000059,华锦股份,2026-04-23,5.23,5.34,5.14,5.29,29660857.0,156551081.0,0.0185448394136366,5.23,5.34,5.14,5.29,1.0,1.4225966063868922
000059,华锦股份,2026-04-24,5.28,5.46,5.26,5.44,33491813.0,180033156.0,0.020940065681735,5.28,5.46,5.26,5.44,1.0,1.4540255202613719
000059,华锦股份,2026-04-27,5.46,5.5,5.37,5.49,26381740.0,144019654.0,0.0164946391047404,5.46,5.5,5.37,5.49,1.0,1.0485756024061021
000059,华锦股份,2026-04-28,5.5,5.6,5.4,5.53,45922853.0,252370520.0,0.0287123171896565,5.5,5.6,5.4,5.53,1.0,1.8062168007829118
000059,华锦股份,2026-04-29,5.51,5.64,5.49,5.61,37565512.0,209996351.0,0.023487062006706,5.51,5.64,5.49,5.61,1.0,1.2112899858415946
000059,华锦股份,2026-04-30,5.61,5.75,5.59,5.69,35669000.0,202894180.0,0.0223013069731939,5.61,5.75,5.59,5.69,1.0,1.0307602568505794
000059,华锦股份,2026-05-06,5.69,5.69,5.41,5.48,57047336.0,312368070.0,0.0356676708665489,5.69,5.69,5.41,5.48,1.0,1.5932258136552704
000059,华锦股份,2026-05-07,5.45,5.45,5.16,5.2,51745850.0,271553160.0,0.0323530260292928,5.45,5.45,5.16,5.2,1.0,1.2771301412022928
000059,华锦股份,2026-05-08,5.2,5.24,5.15,5.2,30009881.0,155769430.0,0.0187630594748947,5.2,5.24,5.15,5.2,1.0,0.6582541886463787
000059,华锦股份,2026-05-11,5.2,5.23,5.16,5.17,28027306.0,145505827.0,0.0175234953247256,5.2,5.23,5.16,5.17,1.0,0.660904216417223
000059,华锦股份,2026-05-12,5.17,5.23,5.07,5.14,41136295.0,211302837.0,0.0257196204697317,5.17,5.23,5.07,5.14,1.0,1.0157141326062278
000059,华锦股份,2026-05-13,5.14,5.2,5.08,5.1,24762411.0,126402226.0,0.0154821870281587,5.14,5.2,5.08,5.1,1.0,0.5953456685664646
000059,华锦股份,2026-05-14,5.1,5.15,5.07,5.08,22493242.0,114724709.0,0.0140634358873065,5.1,5.15,5.07,5.08,1.0,0.6401701627015391
000059,华锦股份,2026-05-15,5.09,5.11,4.99,5.0,25958173.0,130530612.0,0.0162298125693536,5.09,5.11,4.99,5.0,1.0,0.8863732275684071
000059,华锦股份,2026-05-18,5.02,5.03,4.89,4.97,31639500.0,155934406.0,0.0197819451618595,5.02,5.03,4.89,4.97,1.0,1.1111136317978272
000059,华锦股份,2026-05-19,4.97,5.0,4.84,4.91,23646117.0,115952203.0,0.0147842472158193,4.97,5.0,4.84,4.91,1.0,0.8098560992907845
000059,华锦股份,2026-05-20,4.87,4.98,4.85,4.86,19863431.0,97180606.0,0.0124192007701885,4.87,4.98,4.85,4.86,1.0,0.7728994980935442
000059,华锦股份,2026-05-21,4.84,4.86,4.73,4.75,24939224.0,119760655.0,0.0155927357116051,4.84,4.86,4.73,4.75,1.0,1.008864505628915
000059,华锦股份,2026-05-22,4.74,4.76,4.62,4.71,19643940.0,92149997.0,0.0122819685470016,4.74,4.76,4.62,4.71,1.0,0.7792341941892927
000059,华锦股份,2026-05-25,4.71,4.73,4.55,4.58,24836557.0,114723633.0,0.0155285452862213,4.71,4.73,4.55,4.58,1.0,1.037171058027392
000059,华锦股份,2026-05-26,4.57,4.59,4.51,4.57,23671504.0,107627514.0,0.0148001199142445,4.57,4.59,4.51,4.57,1.0,1.0480677068758852
000059,华锦股份,2026-05-27,4.56,4.62,4.45,4.52,22465586.0,101723003.0,0.0140461445434042,4.56,4.62,4.45,4.52,1.0,0.9944515257520682
000059,华锦股份,2026-05-28,4.52,4.59,4.45,4.5,17634700.0,79575946.0,0.0110257326552519,4.52,4.59,4.45,4.5,1.0,0.7630316139478789
000059,华锦股份,2026-05-29,4.48,4.51,4.41,4.43,20137138.0,89635833.0,0.0125903304297728,4.48,4.51,4.41,4.43,1.0,0.9301021972866034
000059,华锦股份,2026-06-01,4.4,4.58,4.39,4.56,27868000.0,125451321.0,0.0174238925321418,4.4,4.58,4.39,4.56,1.0,1.2813405540469105
000059,华锦股份,2026-06-02,4.57,4.83,4.56,4.79,48775077.0,231736269.0,0.0304956114502276,4.57,4.83,4.56,4.79,1.0,2.181804325486562
000059,华锦股份,2026-06-03,4.75,4.96,4.66,4.86,51907683.0,252208434.0,0.0324542087765353,4.75,4.96,4.66,4.86,1.0,1.8960948645271252
000059,华锦股份,2026-06-04,4.86,4.89,4.56,4.6,32930799.0,154234568.0,0.0205893032429153,4.86,4.89,4.56,4.6,1.0,0.9899676711399132
000059,华锦股份,2026-06-05,4.61,4.73,4.58,4.63,24475999.0,114087322.0,0.0153031138292238,4.61,4.73,4.58,4.63,1.0,0.6738292754076967
000059,华锦股份,2026-06-08,4.64,4.66,4.4,4.44,26299801.0,118356539.0,0.0164434084340719,4.64,4.66,4.4,4.44,1.0,0.7071452562309943
000059,华锦股份,2026-06-09,4.43,4.44,4.14,4.26,31390444.0,133993570.0,0.0196262280318722,4.43,4.44,4.14,4.26,1.0,0.8511999870881921
000059,华锦股份,2026-06-10,4.24,4.29,4.17,4.24,19921101.0,83955491.0,0.0124552577488855,4.24,4.29,4.17,4.24,1.0,0.5964232712791613
000059,华锦股份,2026-06-11,4.27,4.31,4.16,4.23,16882100.0,71287474.0,0.0105551850192648,4.27,4.31,4.16,4.23,1.0,0.625178938913573
000059,华锦股份,2026-06-12,4.23,4.33,4.12,4.28,22865734.0,96850507.0,0.0142963288317978,4.23,4.33,4.12,4.28,1.0,0.9609918748465205
000059,华锦股份,2026-06-15,4.28,4.38,4.22,4.25,20587500.0,88249047.0,0.0128719099865605,4.28,4.38,4.22,4.25,1.0,0.8771150241506459
000059,华锦股份,2026-06-16,4.24,4.47,4.16,4.36,31390138.0,136800160.0,0.0196260367116801,4.24,4.47,4.16,4.36,1.0,1.4057776751645694
000059,华锦股份,2026-06-17,4.31,4.32,4.06,4.13,45446327.0,188102538.0,0.0284143791312105,4.31,4.32,4.06,4.13,1.0,2.0352763984972473
000059,华锦股份,2026-06-18,4.09,4.11,3.99,4.02,26146167.0,105446417.0,0.0163473519425661,4.09,4.11,3.99,4.02,1.0,0.9530445467147368
000059,华锦股份,2026-06-22,3.98,4.11,3.9,4.11,27389749.0,109689346.0,0.0171248759530048,3.98,4.11,3.9,4.11,1.0,0.9352131328263529
000059,华锦股份,2026-06-23,4.1,4.19,4.03,4.05,26808834.0,110072720.0,0.0167616708241721,4.1,4.19,4.03,4.05,1.0,0.8879456522624047
000059,华锦股份,2026-06-24,4.03,4.09,3.96,3.99,20388409.0,81617091.0,0.0127474324428503,4.03,4.09,3.96,3.99,1.0,0.648563793071583
000059,华锦股份,2026-06-25,3.99,4.0,3.85,3.95,23685199.0,92861429.0,0.0148086824306873,3.99,4.0,3.85,3.95,1.0,0.8101410002221515
000059,华锦股份,2026-06-26,3.95,3.96,3.81,3.83,22543880.0,87157046.0,0.0140950962529604,3.95,3.96,3.81,3.83,1.0,0.9059708053694133
000059,华锦股份,2026-06-29,3.82,3.85,3.69,3.82,25594699.0,96969554.0,0.0160025579434662,3.82,3.85,3.69,3.82,1.0,1.0592423171913943
000059,华锦股份,2026-06-30,3.8,3.81,3.69,3.75,25537150.0,95338442.0,0.0159665766175249,3.8,3.81,3.69,3.75,1.0,1.0727999888355857
000059,华锦股份,2026-07-01,3.74,4.13,3.7,4.06,50585805.0,199796611.0,0.0316277318060816,3.74,4.13,3.7,4.06,1.0,2.1480292920884985
000059,华锦股份,2026-07-02,4.04,4.23,3.97,4.15,53105064.0,219093066.0,0.0332028465641063,4.04,4.23,3.97,4.15,1.0,1.794735947295301
000059,华锦股份,2026-07-03,4.15,4.38,4.03,4.07,48791632.0,203920591.0,0.0305059621227147,4.15,4.38,4.03,4.07,1.0,1.3754458999095196
000059,华锦股份,2026-07-06,4.07,4.32,4.04,4.27,49374500.0,208846164.0,0.0308703883245384,4.07,4.32,4.04,4.27,1.0,1.212451381742004
000059,华锦股份,2026-07-07,4.27,4.27,4.11,4.12,31077100.0,129517144.0,0.0194303161551107,4.27,4.27,4.11,4.12,1.0,0.6833311205089
000059,华锦股份,2026-07-08,4.12,4.18,4.03,4.05,25499100.0,103880012.0,0.0159427866393834,4.12,4.18,4.03,4.05,1.0,0.547345792018662
000059,华锦股份,2026-07-09,4.04,4.14,3.97,4.02,26425301.0,106719199.0,0.0165218747220288,4.04,4.14,3.97,4.02,1.0,0.635689970347283
000059,华锦股份,2026-07-10,4.01,4.12,3.91,4.06,28342560.0,114250267.0,0.0177206013896146,4.01,4.12,3.91,4.06,1.0,0.7822191947498701
000059,华锦股份,2026-07-13,4.39,4.39,4.16,4.27,72387936.0,311076492.0,0.0452590647871236,4.39,4.39,4.16,4.27,1.0,2.2520092125513744
000059,华锦股份,2026-07-14,4.29,4.49,4.27,4.42,54192227.0,237817303.0,0.0338825728191989,4.29,4.49,4.27,4.42,1.0,1.4747629124174817
000059,华锦股份,2026-07-15,4.38,4.51,4.32,4.44,40518732.0,180385409.0,0.0253335019343568,4.38,4.51,4.32,4.44,1.0,0.9794366780753501
000059,华锦股份,2026-07-16,4.45,4.48,4.31,4.38,34244297.0,150143324.0,0.0214105407911133,4.45,4.48,4.31,4.38,1.0,0.7717311420914271
000059,华锦股份,2026-07-17,4.38,4.49,4.37,4.41,36328471.0,161120065.0,0.0227136276216819,4.38,4.49,4.37,4.41,1.0,0.790829876987755
000059,华锦股份,2026-07-20,4.41,4.56,4.4,4.51,41409225.0,185833403.0,0.025890264326083,4.41,4.56,4.4,4.51,1.0,0.8711435027069255
000059,华锦股份,2026-07-21,4.45,4.5,4.37,4.39,33958621.0,150138522.0,0.0212319277610067,4.45,4.5,4.37,4.39,1.0,0.8214750592947165
000059,华锦股份,2026-07-22,4.39,4.56,4.38,4.53,40386264.0,181076751.0,0.0252506790480375,4.39,4.56,4.38,4.53,1.0,1.0829777339238333
000059,华锦股份,2026-07-23,4.56,4.64,4.51,4.63,29116598.0,133816790.0,0.0182045526931813,4.56,4.64,4.51,4.63,1.0,0.7813311292641312
000059,华锦股份,2026-07-24,4.62,4.66,4.49,4.5,26536603.0,120496770.0,0.0165914640031618,4.62,4.66,4.49,4.5,1.0,0.732249537399946
000059,华锦股份,2026-07-27,4.45,4.58,4.37,4.55,24243380.0,109198953.0,0.0151576735946561,4.45,4.58,4.37,4.55,1.0,0.7071862879874475
000059,华锦股份,2026-07-28,4.54,4.57,4.46,4.56,21087088.0,95294651.0,0.013184267085109,4.54,4.57,4.46,4.56,1.0,0.6835738970478924
000059,华锦股份,2026-07-29,4.56,4.66,4.54,4.62,27444792.0,126775276.0,0.0171592904541045,4.56,4.66,4.54,4.62,1.0,0.9706728799256062
000059,华锦股份,2026-07-30,4.58,4.69,4.56,4.66,21678100.0,100543258.0,0.0135537851550532,4.58,4.69,4.56,4.66,1.0,0.8439756978789927
000059,华锦股份,2026-07-31,4.6,4.66,4.59,4.63,21213400.0,97987452.0,0.0132632410593274,4.6,4.66,4.59,4.63,1.0,0.8766594961269638
000059,华锦股份,2026-08-03,4.61,4.69,4.57,4.63,24521789.0,113764597.0,0.0153317430828139,4.61,4.69,4.57,4.63,1.0,1.060018842059724
000059,华锦股份,2026-08-04,4.63,4.64,4.53,4.55,19325352.0,88379439.0,0.0120827779673393,4.63,4.64,4.53,4.55,1.0,0.8333832347943707
000059,华锦股份,2026-08-05,4.53,4.56,4.48,4.53,16925700.0,76578188.0,0.0105824450204992,4.53,4.56,4.48,4.53,1.0,0.7411626868847077
000059,华锦股份,2026-08-06,4.52,4.6,4.51,4.58,20090712.0,91605031.0,0.0125613035302932,4.52,4.6,4.51,4.58,1.0,0.9690271411651573
000059,华锦股份,2026-08-07,4.57,4.61,4.53,4.59,16827900.0,76898286.0,0.0105212975865376,4.57,4.61,4.53,4.59,1.0,0.8242751916781842
000059,华锦股份,2026-08-10,4.57,4.7,4.56,4.66,21786960.0,101528555.0,0.0136218476260253,4.57,4.7,4.56,4.66,1.0,1.1150903856450982
000059,华锦股份,2026-08-11,4.68,4.7,4.62,4.64,15614982.0,72669462.0,0.0097629456099945,4.68,4.7,4.62,4.64,1.0,0.8222165733272068
000059,华锦股份,2026-08-12,4.63,4.69,4.6,4.67,19440752.0,90494647.0,0.0121549294384965,4.63,4.69,4.6,4.67,1.0,1.0652904172920896
000059,华锦股份,2026-08-13,4.66,4.67,4.54,4.56,19183852.0,87951297.0,0.0119943080092046,4.66,4.67,4.54,4.56,1.0,1.0230154004040857
000059,华锦股份,2026-08-14,4.55,4.6,4.52,4.57,13182102.0,60180589.0,0.0082418375411128,4.55,4.6,4.52,4.57,1.0,0.7098261078419444
000059,华锦股份,2026-08-17,4.56,4.61,4.5,4.6,15998480.0,73218154.0,0.0100027198291094,4.56,4.61,4.5,4.6,1.0,0.8966888501661856
000059,华锦股份,2026-08-18,4.61,4.66,4.58,4.61,18189979.0,83942478.0,0.0113729094035423,4.61,4.66,4.58,4.61,1.0,1.0902626688548505
000059,华锦股份,2026-08-19,4.6,5.07,4.58,5.07,82289595.0,403313485.0,0.0514498729651743,4.6,5.07,4.58,5.07,1.0,4.784547770796184
000059,华锦股份,2026-08-20,4.9,5.11,4.78,4.87,105893631.0,520862289.0,0.0662078099031966,4.9,5.11,4.78,4.87,1.0,3.5572016778801063
000059,华锦股份,2026-08-21,4.87,4.88,4.67,4.71,68802745.0,325766286.0,0.0430174980191029,4.87,4.88,4.67,4.71,1.0,1.4604465900605539
000059,华锦股份,2026-08-24,4.71,4.8,4.58,4.66,48330072.0,224992892.0,0.0302173812472613,4.71,4.8,4.58,4.66,1.0,0.829916143392124
000059,华锦股份,2026-08-25,4.65,4.83,4.62,4.76,49527357.0,235794937.0,0.0309659590128112,4.65,4.83,4.62,4.76,1.0,0.7654781307285835
000059,华锦股份,2026-08-26,4.65,4.81,4.63,4.8,34064140.0,161913243.0,0.0212979013405997,4.65,4.81,4.63,4.8,1.0,0.47998835542664736
000059,华锦股份,2026-08-27,4.77,5.12,4.75,5.06,53415158.0,263444053.0,0.033396726445363,4.77,5.12,4.75,5.06,1.0,0.8710377013321905
000059,华锦股份,2026-08-28,5.15,5.57,5.15,5.57,98089558.0,539433634.0,0.0613284741322411,5.15,5.57,5.15,5.57,1.0,1.9298371328952788
000059,华锦股份,2026-08-31,5.67,6.12,5.57,5.78,188181939.0,1098897257.0,0.117656878198151,5.67,6.12,5.57,5.78,1.0,3.319768648133676
000059,华锦股份,2026-09-01,5.86,6.18,5.76,6.01,150813758.0,900898799.0,0.0942931933314356,5.86,6.18,5.76,6.01,1.0,1.7814970757101585
000059,华锦股份,2026-09-02,6.2,6.25,5.85,5.88,117881341.0,703796791.0,0.0737028784673736,6.2,6.25,5.85,5.88,1.0,1.1236113870622135
000059,华锦股份,2026-09-03,5.85,6.22,5.82,5.84,107998023.0,648253155.0,0.0675235376214936,5.85,6.22,5.82,5.84,1.0,0.8875843357392996
000059,华锦股份,2026-09-04,5.78,5.97,5.69,5.75,87098613.0,505626950.0,0.0544566123371111,5.78,5.97,5.69,5.75,1.0,0.6568873398657191
000059,华锦股份,2026-09-07,5.75,5.76,5.57,5.59,52911638.0,297207675.0,0.0330819109448684,5.75,5.76,5.57,5.59,1.0,0.4057804794124249
000059,华锦股份,2026-09-08,5.59,6.15,5.58,6.15,88482464.0,521373765.0,0.0553218366483102,5.59,6.15,5.58,6.15,1.0,0.8562210798651009
000059,华锦股份,2026-09-09,6.15,6.15,5.87,5.96,80940797.0,481332650.0,0.0506065648196465,6.15,6.15,5.87,5.96,1.0,0.8906884989295304
000059,华锦股份,2026-09-10,6.1,6.15,5.78,5.79,75635509.0,449506500.0,,6.1,6.15,5.78,5.79,1.0,0.9059630461316249
000635,英 力 特,2026-03-18,9.07,9.16,8.87,9.0,7374856.0,66118256.0,0.0201048462441843,9.07,9.16,8.87,9.0,1.0,0.6140774513084943
000635,英 力 特,2026-03-19,8.98,9.0,8.67,8.71,7589130.0,66702400.0,0.0206889858970977,8.98,9.0,8.67,8.71,1.0,0.696504356918512
000635,英 力 特,2026-03-20,8.71,8.76,8.32,8.34,9127988.0,77158549.0,0.0248841191283951,8.71,8.76,8.32,8.34,1.0,0.9721431005897426
000635,英 力 特,2026-03-23,8.19,8.41,7.84,7.87,12804971.0,103635208.0,0.0349080677800678,8.19,8.41,7.84,7.87,1.0,1.4472312521644943
000635,英 力 特,2026-03-24,8.1,8.26,7.83,8.25,10291371.0,83080523.0,0.0280556571676596,8.1,8.26,7.83,8.25,1.0,1.1199587918775868
000635,英 力 特,2026-03-25,8.24,8.64,8.2,8.53,8415440.0,71562747.0,0.0229416177451002,8.24,8.64,8.2,8.53,1.0,0.891686831969168
000635,英 力 特,2026-03-26,8.53,8.63,8.38,8.58,7914268.0,67503412.0,0.0215753556781676,8.53,8.63,8.38,8.58,1.0,0.8204902040063116
000635,英 力 特,2026-03-27,8.47,9.05,8.46,8.95,12364168.0,109905559.0,0.0337063797011446,8.47,9.05,8.46,8.95,1.0,1.2732378715854695
000635,英 力 特,2026-03-30,8.92,9.17,8.75,8.86,11620883.0,103169621.0,0.0316800851347681,8.92,9.17,8.75,8.86,1.0,1.1219187183185828
000635,英 力 特,2026-03-31,8.8,8.88,8.54,8.55,8024656.0,69667483.0,0.021876288166504,8.8,8.88,8.54,8.55,1.0,0.7928541463257515
000635,英 力 特,2026-04-01,8.73,8.75,8.47,8.57,5036101.0,43224257.0,0.0137290865442231,8.73,8.75,8.47,8.57,1.0,0.5209104206163852
000635,英 力 特,2026-04-02,8.55,8.59,8.35,8.45,4348300.0,36819914.0,0.0118540488008968,8.55,8.59,8.35,8.45,1.0,0.48357347082776286
000635,英 力 特,2026-04-03,8.47,8.49,8.0,8.08,8013200.0,65181262.0,0.021845057574534,8.47,8.49,8.0,8.08,1.0,0.9679155303938426
000635,英 力 特,2026-04-07,8.2,8.39,8.08,8.32,7019900.0,58161795.0,0.0191371885972485,8.2,8.39,8.08,8.32,1.0,0.9475303659462994
000635,英 力 特,2026-04-08,8.38,8.52,8.25,8.47,6519700.0,54747312.0,0.0177735763326373,8.38,8.52,8.25,8.47,1.0,1.0048191308611198
000635,英 力 特,2026-04-09,8.47,8.51,8.22,8.28,10300933.0,85783122.0,0.0280817244616904,8.47,8.51,8.22,8.28,1.0,1.664813342357636
000635,英 力 特,2026-04-10,8.28,8.45,8.24,8.33,7340758.0,61287637.0,0.0200118905244748,8.28,8.45,8.24,8.33,1.0,1.013859912232001
000635,英 力 特,2026-04-13,8.36,8.39,8.0,8.27,4984307.0,41226086.0,0.0135878891559119,8.36,8.39,8.0,8.27,1.0,0.6358428024999738
000635,英 力 特,2026-04-14,8.29,8.35,8.14,8.28,4930900.0,40502240.0,0.0134422945133367,8.29,8.35,8.14,8.28,1.0,0.6817113877116038
000635,英 力 特,2026-04-15,8.33,8.36,8.01,8.05,7415500.0,60162412.0,0.0202156472375527,8.33,8.36,8.01,8.05,1.0,1.0880634269888092
000635,英 力 特,2026-04-16,8.05,8.22,8.05,8.19,5671900.0,46153562.0,0.0154623598633504,8.05,8.22,8.05,8.19,1.0,0.8109109361045246
000635,英 力 特,2026-04-17,8.18,8.3,8.07,8.12,4146000.0,33735615.0,0.0113025518774045,8.18,8.3,8.07,8.12,1.0,0.6831806558039953
000635,英 力 特,2026-04-20,8.12,8.27,8.03,8.25,5079200.0,41561596.0,0.013846580196747,8.12,8.27,8.03,8.25,1.0,0.9354439437721427
000635,英 力 特,2026-04-21,8.1,8.15,7.9,8.05,7521613.0,60151933.0,0.020504925502716,8.1,8.15,7.9,8.05,1.0,1.3804417567493164
000635,英 力 特,2026-04-22,8.05,8.12,8.01,8.04,5643698.0,45417118.0,0.0153854774301506,8.05,8.12,8.01,8.04,1.0,0.9458432840175808
000635,英 力 特,2026-04-23,8.08,8.1,7.85,7.9,7598024.0,60244320.0,0.020713232133566,8.08,8.1,7.85,7.9,1.0,1.3537724894699887
000635,英 力 特,2026-04-24,7.91,8.13,7.85,8.04,6705370.0,53513025.0,0.0182797376464525,7.91,8.13,7.85,8.04,1.0,1.1179889247674153
000635,英 力 特,2026-04-27,7.99,8.17,7.85,8.13,7331800.0,58733286.0,0.0199874698154256,7.99,8.17,7.85,8.13,1.0,1.1263090512277212
000635,英 力 特,2026-04-28,8.12,8.16,7.99,8.15,4903210.0,39624884.0,0.0133668078607836,8.12,8.16,7.99,8.15,1.0,0.7044739724322966
000635,英 力 特,2026-04-29,8.14,8.31,8.04,8.25,7345936.0,60545900.0,0.0200260064467182,8.14,8.31,8.04,8.25,1.0,1.1413076746820328
000635,英 力 特,2026-04-30,8.24,8.34,8.16,8.16,5065467.0,41652456.0,0.0138091421974869,8.24,8.34,8.16,8.16,1.0,0.7474643153740046
000635,英 力 特,2026-05-06,8.23,8.26,8.11,8.19,5717700.0,46670476.0,0.0155872168040125,8.23,8.26,8.11,8.19,1.0,0.911862014354973
000635,英 力 特,2026-05-07,8.18,8.25,8.06,8.12,6003867.0,48911717.0,0.0163673464140225,8.18,8.25,8.06,8.12,1.0,0.9886452141710842
000635,英 力 特,2026-05-08,8.13,8.5,8.09,8.4,9221600.0,76515042.0,0.0251393179914795,8.13,8.5,8.09,8.4,1.0,1.5879499300527824
000635,英 力 特,2026-05-11,8.39,8.45,8.18,8.28,7500567.0,61898543.0,0.0204475512849611,8.39,8.45,8.18,8.28,1.0,1.1243687146918697
000635,英 力 特,2026-05-12,8.27,8.27,7.94,8.02,8451404.0,68313317.0,0.0230396604309948,8.27,8.27,7.94,8.02,1.0,1.2610572242531237
000635,英 力 特,2026-05-13,8.09,8.18,8.0,8.09,5958400.0,48193972.0,0.0162433972760075,8.09,8.18,8.0,8.09,1.0,0.807477668195739
000635,英 力 特,2026-05-14,8.11,8.15,7.98,8.01,5021421.0,40372191.0,0.0136890668959934,8.11,8.15,7.98,8.01,1.0,0.6760882843144673
000635,英 力 特,2026-05-15,7.99,8.3,7.97,8.02,7788172.0,63271186.0,0.0212316010757717,7.99,8.3,7.97,8.02,1.0,1.0771011472450496
000635,英 力 特,2026-05-18,8.01,8.01,7.75,7.92,8629765.0,67898241.0,0.0235258964308514,8.01,8.01,7.75,7.92,1.0,1.2427669855878882
000635,英 力 特,2026-05-19,7.92,7.98,7.77,7.88,5732000.0,45175410.0,0.0156262005212935,7.92,7.98,7.77,7.88,1.0,0.7994608074799628
000635,英 力 特,2026-05-20,7.83,7.84,7.65,7.69,5176700.0,39868563.0,0.0141123782691172,7.83,7.84,7.65,7.69,1.0,0.7812764584637172
000635,英 力 特,2026-05-21,7.69,7.79,7.29,7.33,6762800.0,50897382.0,0.0184362995264138,7.69,7.79,7.29,7.33,1.0,1.0453177745631592
000635,英 力 特,2026-05-22,7.4,7.55,7.31,7.52,6515700.0,48730719.0,0.017762671796335,7.4,7.55,7.31,7.52,1.0,0.9556772674186435
000635,英 力 特,2026-05-25,7.51,7.77,7.34,7.38,7334000.0,54952856.0,0.0199934673103919,7.51,7.77,7.34,7.38,1.0,1.1174098518860596
000635,英 力 特,2026-05-26,7.38,7.39,7.07,7.2,6023600.0,43285932.0,0.0164211412177361,7.38,7.39,7.07,7.2,1.0,0.9554839282768423
000635,英 力 特,2026-05-27,7.27,7.27,6.92,7.03,5946400.0,41809765.0,0.0162106836671004,7.27,7.27,6.92,7.03,1.0,0.9345923653372228
000635,英 力 特,2026-05-28,7.03,7.16,6.93,7.13,4607700.0,32592074.0,0.0125612079801054,7.03,7.16,6.93,7.13,1.0,0.7070820225581217
000635,英 力 特,2026-05-29,7.14,7.21,6.94,6.96,5166200.0,36445966.0,0.0140837538613235,7.14,7.21,6.94,6.96,1.0,0.8489387854368102
000635,英 力 特,2026-06-01,6.93,7.37,6.9,7.33,7832605.0,56632541.0,0.0213527313911525,6.93,7.37,6.9,7.33,1.0,1.3468312704837695
000635,英 力 特,2026-06-02,7.33,7.45,7.0,7.12,6593668.0,46889540.0,0.0179752230179407,7.33,7.45,7.0,7.12,1.0,1.1146800475580194
000635,英 力 特,2026-06-03,7.11,7.15,6.97,7.06,5711410.0,40244048.0,0.0155700694206771,7.11,7.15,6.97,7.06,1.0,0.9472735093305631
000635,英 力 特,2026-06-04,7.05,7.1,6.86,6.91,4546042.0,31478789.0,0.0123931200052725,7.05,7.1,6.86,6.91,1.0,0.7599133084999213
000635,英 力 特,2026-06-05,6.91,7.1,6.78,6.98,5993000.0,41853938.0,0.016337721515023,6.91,7.1,6.78,6.98,1.0,1.0038551185639495
000635,英 力 特,2026-06-08,6.81,6.97,6.6,6.74,6537562.0,44335711.0,0.0178222705394956,6.81,6.97,6.6,6.74,1.0,1.065557356595269
000635,英 力 特,2026-06-09,6.79,7.06,6.62,6.91,11729368.0,80146665.0,0.0319758297899587,6.79,7.06,6.62,6.91,1.0,1.9960341276581781
000635,英 力 特,2026-06-10,6.78,6.92,6.67,6.73,8148124.0,55314761.0,0.0222128784885492,6.78,6.92,6.67,6.73,1.0,1.1802928738917684
000635,英 力 特,2026-06-11,6.73,7.39,6.54,7.15,22181824.0,156479102.0,0.0604706262651851,6.73,7.39,6.54,7.15,1.0,3.001267302006251
000635,英 力 特,2026-06-12,7.08,7.2,6.68,6.88,15769700.0,109409000.0,0.0429903165318637,7.08,7.2,6.68,6.88,1.0,1.444379487347453
000635,英 力 特,2026-06-15,6.92,7.14,6.77,6.83,11328902.0,78578621.0,0.0308841057812427,6.92,7.14,6.77,6.83,1.0,0.8800298502741594
000635,英 力 特,2026-06-16,6.84,7.09,6.64,7.01,9902043.0,67830996.0,0.0269942968402775,6.84,7.09,6.64,7.01,1.0,0.715900889324054
000635,英 力 特,2026-06-17,6.99,7.02,6.67,6.74,9785600.0,66302929.0,0.0266768576101134,6.99,7.02,6.67,6.74,1.0,0.7266830399072826
000635,英 力 特,2026-06-18,6.75,6.75,6.52,6.53,6206204.0,40873736.0,0.0169189442044755,6.75,6.75,6.52,6.53,1.0,0.4499331422487702
000635,英 力 特,2026-06-22,6.53,6.73,6.37,6.7,8025010.0,52543132.0,0.0218772532179668,6.53,6.73,6.37,6.7,1.0,0.7571842924262662
000635,英 力 特,2026-06-23,6.62,6.87,6.61,6.63,7379108.0,49785108.0,0.0201164377662737,6.62,6.87,6.61,6.63,1.0,0.8154114328623434
000635,英 力 特,2026-06-24,6.57,6.67,6.28,6.37,7662162.0,49150533.0,0.0208880809209064,6.57,6.67,6.28,6.37,1.0,0.9276682277201794
000635,英 力 特,2026-06-25,6.3,6.48,6.18,6.3,6400982.0,40246349.0,0.0174499351474512,6.3,6.48,6.18,6.3,1.0,0.8194183309145425
000635,英 力 特,2026-06-26,6.24,6.65,6.09,6.28,9094620.0,57582832.0,0.0247931534865608,6.24,6.65,6.09,6.28,1.0,1.274703725172093
000635,英 力 特,2026-06-29,6.33,6.33,5.97,6.13,7588550.0,46392134.0,0.0206874047393339,6.33,6.33,5.97,6.13,1.0,0.9839444558229808
000635,英 力 特,2026-06-30,6.17,6.2,5.98,6.04,5288533.0,32021010.0,0.0144172500211929,6.17,6.2,5.98,6.04,1.0,0.6935704213319921
000635,英 力 特,2026-07-01,6.04,6.26,5.95,6.17,5333467.0,32831343.0,0.0145397461297456,6.04,6.26,5.95,6.17,1.0,0.7400429645226466
000635,英 力 特,2026-07-02,6.15,6.51,6.1,6.27,8742610.0,55307626.0,0.0238335270306116,6.15,6.51,6.1,6.27,1.0,1.296886396287538
000635,英 力 特,2026-07-03,6.25,6.35,6.16,6.19,6794362.0,42368397.0,0.0185223417701076,6.25,6.35,6.16,6.19,1.0,0.9424106005973183
000635,英 力 特,2026-07-06,6.19,6.36,6.13,6.22,5486600.0,34176247.0,0.0149572072191432,6.19,6.36,6.13,6.22,1.0,0.8128893137694673
000635,英 力 特,2026-07-07,6.19,6.19,5.99,6.16,5318562.0,32396817.0,0.0144991131013489,6.19,6.19,5.99,6.16,1.0,0.8403327328069784
000635,英 力 特,2026-07-08,6.16,6.2,6.01,6.02,4118300.0,25028311.0,0.0112270379635106,6.16,6.2,6.01,6.02,1.0,0.6500744847745746
000635,英 力 特,2026-07-09,5.98,6.06,5.82,5.94,5015880.0,29746586.0,0.0136739613870805,5.98,6.06,5.82,5.94,1.0,0.8233434888025561
000635,英 力 特,2026-07-10,5.94,6.19,5.85,6.03,5686000.0,34463252.0,0.0155007983538163,5.94,6.19,5.85,6.03,1.0,1.0634515890502865
000635,英 力 特,2026-07-13,6.03,6.05,5.77,5.78,5118900.0,29937539.0,0.013954807719548,6.03,6.05,5.77,5.78,1.0,0.9987964258194095
000635,英 力 特,2026-07-14,5.77,5.91,5.71,5.89,4827661.0,28162727.0,0.0131608511575067,5.77,5.91,5.71,5.89,1.0,0.9556832344048585
000635,英 力 特,2026-07-15,5.83,6.09,5.83,6.0,4319409.0,25914159.0,0.0117752880613189,5.83,6.09,5.83,6.0,1.0,0.8720180422607884
000635,英 力 特,2026-07-16,6.0,6.12,5.87,6.05,4110661.0,24846001.0,0.0112062130253072,6.0,6.12,5.87,6.05,1.0,0.8231908233988909
000635,英 力 特,2026-07-17,6.05,6.24,5.88,5.95,5385700.0,32657228.0,0.014682140290916,6.05,6.24,5.88,5.95,1.0,1.1191004009495054
000635,英 力 特,2026-07-20,5.96,6.22,5.81,5.91,7266900.0,43702294.0,0.0198105437139197,5.96,6.22,5.81,5.91,1.0,1.5290797859856424
000635,英 力 特,2026-07-21,5.92,5.93,5.6,5.8,7957863.0,45674596.0,0.021694201493193,5.92,5.93,5.6,5.8,1.0,1.5356544460971957
000635,英 力 特,2026-07-22,5.72,5.9,5.7,5.81,4449920.0,25892491.0,0.0121310785456585,5.72,5.9,5.7,5.81,1.0,0.7661567368615446
000635,英 力 特,2026-07-23,5.75,6.11,5.75,6.07,6361600.0,38123271.0,0.0173425745352862,5.75,6.11,5.75,6.07,1.0,1.0903963533152945
000635,英 力 特,2026-07-24,6.07,6.13,5.86,5.87,4108200.0,24444145.0,0.0111995040093471,6.07,6.13,5.86,5.87,1.0,0.6537143120470786
000635,英 力 特,2026-07-27,5.81,6.05,5.81,6.03,4463800.0,26703581.0,0.0121689172866277,5.81,6.05,5.81,6.03,1.0,0.7404008222665488
000635,英 力 特,2026-07-28,6.03,6.12,5.97,6.04,4036900.0,24513593.0,0.0110051306497574,6.03,6.12,5.97,6.04,1.0,0.7382399054210242
000635,英 力 特,2026-07-29,5.98,6.26,5.98,6.14,4563205.0,28028448.0,0.0124399086444119,5.98,6.26,5.98,6.14,1.0,0.9741936737257487
000635,英 力 特,2026-07-30,6.14,6.22,6.02,6.07,3963400.0,24289893.0,0.0108047597952014,6.14,6.22,6.02,6.07,1.0,0.8420688540117249
000635,英 力 特,2026-07-31,6.16,6.18,6.04,6.17,4144671.0,25389949.0,0.0112989288452181,6.16,6.18,6.04,6.17,1.0,0.9804996379315281
000635,英 力 特,2026-08-03,6.13,6.44,6.13,6.44,5967601.0,37805674.0,0.016268480435637,6.13,6.44,6.13,6.44,1.0,1.409316022273972
000635,英 力 特,2026-08-04,6.44,6.51,6.36,6.42,3358300.0,21546934.0,0.0091551760660607,6.44,6.51,6.36,6.42,1.0,0.7405038424923652
000635,英 力 特,2026-08-05,6.43,6.5,6.36,6.44,3284100.0,21084212.0,0.0089528969176517,6.43,6.5,6.36,6.44,1.0,0.7464821508687228
000635,英 力 特,2026-08-06,6.41,6.51,6.37,6.5,4872858.0,31360362.0,0.0132840642393212,6.41,6.51,6.37,6.5,1.0,1.1759921483041473
000635,英 力 特,2026-08-07,6.59,6.6,6.31,6.39,5666400.0,36245636.0,0.0154473661259347,6.59,6.6,6.31,6.39,1.0,1.3099970269374266
000635,英 力 特,2026-08-10,6.4,6.58,6.36,6.56,6016025.0,39228904.0,0.0164004907521135,6.4,6.58,6.36,6.56,1.0,1.2993990433991862
000635,英 力 特,2026-08-11,6.57,6.57,6.45,6.5,3840000.0,24999740.0,0.0104683548502734,6.57,6.57,6.45,6.5,1.0,0.827668866757081
000635,英 力 特,2026-08-12,6.5,6.58,6.48,6.53,3565911.0,23269686.0,0.0097211514876284,6.5,6.58,6.48,6.53,1.0,0.7529569077032118
000635,英 力 特,2026-08-13,6.54,6.55,6.41,6.42,3915101.0,25314527.0,0.0106730902454844,6.54,6.55,6.41,6.42,1.0,0.8169670092400237
000635,英 力 特,2026-08-14,6.42,6.49,6.32,6.39,3919516.0,25051693.0,0.0106851261274281,6.42,6.49,6.32,6.39,1.0,0.8519413859763652
000635,英 力 特,2026-08-17,6.38,6.54,6.29,6.47,6047516.0,38937582.0,0.016486339440288,6.38,6.54,6.29,6.47,1.0,1.4225062737123937
000635,英 力 特,2026-08-18,6.53,6.53,6.4,6.48,3583400.0,23122860.0,0.0097688288464764,6.53,6.53,6.4,6.48,1.0,0.841646137146278
000635,英 力 特,2026-08-19,6.49,6.49,6.24,6.27,5012500.0,31779593.0,0.013664747053905,6.49,6.49,6.24,6.27,1.0,1.191668056648892
000635,英 力 特,2026-08-20,6.28,6.41,6.28,6.33,3888806.0,24635261.0,0.0106014065499667,6.28,6.41,6.28,6.33,1.0,0.8650236433054441
000635,英 力 特,2026-08-21,6.32,6.39,6.19,6.32,4158998.0,26210819.0,0.0113379861681191,6.32,6.39,6.19,6.32,1.0,0.9262084743728972
000635,英 力 特,2026-08-24,6.39,6.39,6.2,6.3,4333600.0,27211496.0,0.0118139746299856,6.39,6.39,6.2,6.3,1.0,0.9549067877355206
000635,英 力 特,2026-08-25,6.3,6.48,6.22,6.46,4350400.0,27786841.0,0.0118597736824555,6.3,6.48,6.22,6.46,1.0,1.036930198465923
000635,英 力 特,2026-08-26,6.43,6.6,6.41,6.58,4910600.0,32084758.0,0.0133869539916022,6.43,6.6,6.41,6.58,1.0,1.129169275779073
000635,英 力 特,2026-08-27,6.55,6.6,6.51,6.56,3929900.0,25764939.0,0.0107134343036691,6.55,6.6,6.51,6.56,1.0,0.9079166990875875
000635,英 力 特,2026-09-01,7.22,7.22,7.22,7.22,3086612.0,22285339.0,0.0084145181513312,7.22,7.22,7.22,7.22,1.0,0.7117421737027855
000635,英 力 特,2026-09-02,7.94,7.94,7.94,7.94,10318900.0,81932066.0,0.0281307049126266,7.94,7.94,7.94,7.94,1.0,2.503237088809182
000635,英 力 特,2026-09-03,8.45,8.45,7.26,7.43,64964597.0,506586842.0,0.177102201588804,8.45,8.45,7.26,7.43,1.0,12.213037796226047
000635,英 力 特,2026-09-04,7.19,8.1,7.06,7.69,54873297.0,409967689.0,0.1495919647917821,7.19,8.1,7.06,7.69,1.0,3.1460218905248096
000635,英 力 特,2026-09-07,7.57,7.85,7.36,7.39,37290968.0,280300916.0,0.1016601785766121,7.57,7.85,7.36,7.39,1.0,1.3592647537415188
000635,英 力 特,2026-09-08,7.28,7.61,7.25,7.58,25643724.0,191068450.0,0.0699082298214772,7.28,7.61,7.25,7.58,1.0,0.7518637855380407
000635,英 力 特,2026-09-09,7.47,7.58,7.37,7.53,19423554.0,145328810.0,0.0529512124285019,7.47,7.58,7.37,7.53,1.0,0.5029624661959461
000635,英 力 特,2026-09-10,7.47,7.68,7.44,7.6,18732705.0,141800432.0,,7.47,7.68,7.44,7.6,1.0,0.46323102409373396
000889,中嘉博创,2026-03-20,3.34,3.39,3.23,3.24,16666520.0,54882008.0,0.0191603299468202,3.34,3.39,3.23,3.24,1.0,1.0984544464933144
000889,中嘉博创,2026-03-23,3.2,3.21,3.02,3.04,26267880.0,81775742.0,0.0301983406136061,3.2,3.21,3.02,3.04,1.0,1.7230538415460168
000889,中嘉博创,2026-03-24,3.12,3.24,3.08,3.22,24479260.0,77245820.0,0.0281420895576279,3.12,3.24,3.08,3.22,1.0,1.3556257066301847
000889,中嘉博创,2026-03-25,3.47,3.54,3.47,3.54,23420152.0,82760698.0,0.0269245073191452,3.47,3.54,3.47,3.54,1.0,1.188050420897864
000889,中嘉博创,2026-03-26,3.51,3.51,3.31,3.38,74771138.0,252309366.0,0.0859591369151584,3.51,3.51,3.31,3.38,1.0,3.4919089819405347
000889,中嘉博创,2026-03-27,3.27,3.53,3.26,3.41,58130512.0,198150740.0,0.0668285754853197,3.27,3.53,3.26,3.41,1.0,1.7550958470746194
000889,中嘉博创,2026-03-30,3.35,3.49,3.32,3.48,40618641.0,139071315.0,0.046696404741448,3.35,3.49,3.32,3.48,1.0,0.9807999357045056
000889,中嘉博创,2026-03-31,3.48,3.53,3.35,3.36,27370934.0,94240843.0,0.0314664444882698,3.48,3.53,3.35,3.36,1.0,0.6180781030132625
000889,中嘉博创,2026-04-01,3.49,3.5,3.37,3.4,26562673.0,90823975.0,0.030537243464712,3.49,3.5,3.37,3.4,1.0,0.5920937527836584
000889,中嘉博创,2026-04-02,3.39,3.42,3.28,3.3,21369940.0,71305975.0,0.024567522274821,3.39,3.42,3.28,3.3,1.0,0.4697642068987536
000889,中嘉博创,2026-04-03,3.32,3.36,3.18,3.2,16874560.0,54353331.0,0.0193994989540356,3.32,3.36,3.18,3.2,1.0,0.4847543301540281
000889,中嘉博创,2026-04-07,3.19,3.28,3.17,3.26,15376340.0,49974159.0,0.0176771004249531,3.19,3.28,3.17,3.26,1.0,0.578942640974913
000889,中嘉博创,2026-04-08,3.35,3.59,3.33,3.59,30613820.0,108721843.0,0.0351945632401103,3.35,3.59,3.33,3.59,1.0,1.423177788269415
000889,中嘉博创,2026-04-09,3.66,3.95,3.54,3.95,118661126.0,453154092.0,0.1364163800254166,3.66,3.95,3.54,3.95,1.0,5.354872846984502
000889,中嘉博创,2026-04-10,4.35,4.35,4.1,4.35,179046885.0,775670477.0,0.2058376549243858,4.35,4.35,4.1,4.35,1.0,4.412286931380625
000889,中嘉博创,2026-04-13,4.28,4.35,3.92,3.92,217121109.0,874312114.0,0.2496089217700825,4.28,4.35,3.92,3.92,1.0,3.0107810482207538
000889,中嘉博创,2026-04-14,3.89,4.31,3.89,4.31,126165505.0,528603732.0,0.1450436386064514,3.89,4.31,3.89,4.31,1.0,1.124832093860967
000889,中嘉博创,2026-04-15,4.32,4.74,4.03,4.74,318417711.0,1402350158.0,0.3660625255704997,4.32,4.74,4.03,4.74,1.0,2.370560654579023
000889,中嘉博创,2026-04-16,4.57,5.21,4.38,5.0,338277542.0,1616242799.0,0.3888939813661959,4.57,5.21,4.38,5.0,1.0,1.7629413824839544
000889,中嘉博创,2026-04-17,4.85,5.44,4.81,5.29,275653876.0,1420518481.0,0.3168999416362783,4.85,5.44,4.81,5.29,1.0,1.1689870816653332
000889,中嘉博创,2026-04-20,5.42,5.45,5.03,5.14,255562485.0,1334000874.0,0.2938022775377998,5.42,5.45,5.03,5.14,1.0,1.0017063507446733
000889,中嘉博创,2026-04-21,4.76,5.0,4.63,4.66,213509057.0,1010765498.0,0.2454563987415755,4.76,5.0,4.63,4.66,1.0,0.8123916546179509
000889,中嘉博创,2026-04-22,4.45,4.85,4.42,4.62,163358405.0,755614526.0,0.1878017090182164,4.45,4.85,4.42,4.62,1.0,0.5828314380557613
000889,中嘉博创,2026-04-23,4.58,4.79,4.26,4.35,177949206.0,803382189.0,0.2045757303105074,4.58,4.79,4.26,4.35,1.0,0.7138748480060596
000889,中嘉博创,2026-04-24,4.35,4.79,4.25,4.79,245542543.0,1146783904.0,0.2822830524825392,4.35,4.79,4.25,4.79,1.0,1.1304561484013576
000889,中嘉博创,2026-04-27,4.7,4.75,4.32,4.46,233846523.0,1043644603.0,0.2688369580210314,4.7,4.75,4.32,4.46,1.0,1.1073099638251964
000889,中嘉博创,2026-04-28,4.46,4.91,4.45,4.91,248328470.0,1184601186.0,0.2854858374987126,4.46,4.91,4.45,4.91,1.0,1.2005757744135654
000889,中嘉博创,2026-04-29,4.82,4.98,4.71,4.81,237985705.0,1151675575.0,0.2735954854658693,4.82,4.98,4.71,4.81,1.0,1.1130968512193473
000889,中嘉博创,2026-04-30,4.69,4.75,4.37,4.42,175445594.0,785530475.0,0.2016975030633785,4.69,4.75,4.37,4.42,1.0,0.767040696936488
000889,中嘉博创,2026-05-06,4.5,4.86,4.5,4.86,115562589.0,552776245.0,0.1328542092019675,4.5,4.86,4.5,4.86,1.0,0.5063431931733953
000889,中嘉博创,2026-05-07,5.28,5.35,5.27,5.35,48788402.0,260244939.0,0.0560886063736222,5.28,5.35,5.27,5.35,1.0,0.24124754487969652
000889,中嘉博创,2026-05-08,5.66,5.89,5.34,5.41,282497984.0,1568146207.0,0.3247681329246619,5.66,5.89,5.34,5.41,1.0,1.7098069513100156
000889,中嘉博创,2026-05-11,5.46,5.55,5.21,5.26,193448480.0,1033112464.0,0.2223941593392532,5.46,5.55,5.21,5.26,1.0,1.1243340446511272
000889,中嘉博创,2026-05-12,5.37,5.45,5.03,5.06,138315953.0,712545031.0,0.159012157090315,5.37,5.45,5.03,5.06,1.0,0.847791183569129
000889,中嘉博创,2026-05-13,5.0,5.57,5.0,5.57,156401352.0,831783280.0,0.1798036727792466,5.0,5.57,5.0,5.57,1.0,1.0043581987737873
000889,中嘉博创,2026-05-14,5.8,5.85,5.3,5.32,190596102.0,1044942612.0,0.2191149802656943,5.8,5.85,5.3,5.32,1.0,1.1629483009814372
000889,中嘉博创,2026-05-15,5.25,5.39,5.03,5.15,138205980.0,714655808.0,0.1588857288398319,5.25,5.39,5.03,5.15,1.0,0.7188793799132805
000889,中嘉博创,2026-05-18,5.11,5.35,4.69,4.84,141746348.0,701309595.0,0.1629558417976157,5.11,5.35,4.69,4.84,1.0,0.8675148296866858
000889,中嘉博创,2026-05-19,4.67,4.81,4.51,4.7,101174111.0,471885215.0,0.1163127844826761,4.67,4.81,4.51,4.7,1.0,0.6610390768377994
000889,中嘉博创,2026-05-20,4.64,4.66,4.33,4.45,99802730.0,443333370.0,0.1147362038621987,4.64,4.66,4.33,4.45,1.0,0.6853416771477928
000889,中嘉博创,2026-05-21,4.46,4.49,4.03,4.05,114699140.0,485035631.0,0.1318615624027405,4.46,4.49,4.03,4.05,1.0,0.8540195354762755
000889,中嘉博创,2026-05-22,4.15,4.27,4.0,4.23,87427619.0,363703298.0,0.1005094060730667,4.15,4.27,4.0,4.23,1.0,0.7339108776309019
000889,中嘉博创,2026-05-25,4.26,4.29,4.06,4.13,77211277.0,318858345.0,0.0887643937027844,4.26,4.29,4.06,4.13,1.0,0.7085554223086757
000889,中嘉博创,2026-05-26,4.01,4.02,3.83,3.94,66849437.0,260824570.0,0.07685211247934,4.01,4.02,3.83,3.94,1.0,0.6958918014109314
000889,中嘉博创,2026-05-27,3.94,3.97,3.77,3.91,54400065.0,209005162.0,0.0625399420231977,3.94,3.97,3.77,3.91,1.0,0.6098795963910445
000889,中嘉博创,2026-05-28,3.92,4.3,3.91,4.3,38377600.0,161677013.0,0.0441200369703505,3.92,4.3,3.91,4.3,1.0,0.47901639915718003
000889,中嘉博创,2026-05-29,4.28,4.28,3.97,4.04,117825065.0,477291298.0,0.135455219290262,4.28,4.28,3.97,4.04,1.0,1.8167964838545914
000889,中嘉博创,2026-06-01,3.97,4.11,3.87,4.01,65514000.0,263412064.0,0.0753168541564753,3.97,4.11,3.87,4.01,1.0,0.9236080163931415
000889,中嘉博创,2026-06-02,4.0,4.0,3.7,3.91,75168900.0,287993818.0,0.0864164160088329,4.0,4.0,3.7,3.91,1.0,1.0958646541948844
000889,中嘉博创,2026-06-03,3.88,4.16,3.84,3.95,91800420.0,364976371.0,0.1055365089086787,3.88,4.16,3.84,3.95,1.0,1.3066350024053077
000889,中嘉博创,2026-06-04,3.81,3.93,3.78,3.82,55947200.0,213883230.0,0.0643185746995017,3.81,3.93,3.78,3.82,1.0,0.7196966466388028
000889,中嘉博创,2026-06-05,3.79,3.85,3.71,3.76,45467362.0,171571853.0,0.052270639445518,3.79,3.85,3.71,3.76,1.0,0.5595906084589581
000889,中嘉博创,2026-06-08,3.65,3.78,3.55,3.62,44098700.0,162126864.0,0.0506971846687755,3.65,3.78,3.55,3.62,1.0,0.6603620804039722
000889,中嘉博创,2026-06-09,3.71,3.74,3.62,3.67,30730199.0,112731459.0,0.0353283560198196,3.71,3.74,3.62,3.67,1.0,0.491710590768224
000889,中嘉博创,2026-06-10,3.68,3.82,3.56,3.58,53300820.0,196301057.0,0.0612762170888748,3.68,3.82,3.56,3.58,1.0,0.994255489085386
000889,中嘉博创,2026-06-11,3.55,3.57,3.45,3.51,43008420.0,150719465.0,0.0494437661666275,3.55,3.57,3.45,3.51,1.0,0.9368218587854951
000889,中嘉博创,2026-06-12,3.58,3.6,3.47,3.49,35992720.0,126964527.0,0.0413783075821176,3.58,3.6,3.47,3.49,1.0,0.830835778265853
000889,中嘉博创,2026-06-15,3.53,3.67,3.5,3.55,32171880.0,114338461.0,0.0369857556232198,3.53,3.67,3.5,3.55,1.0,0.7766076034088191
000889,中嘉博创,2026-06-16,3.55,3.78,3.46,3.77,59336317.0,216311822.0,0.0682148049832308,3.55,3.78,3.46,3.77,1.0,1.5198537208546183
000889,中嘉博创,2026-06-17,3.72,3.72,3.61,3.65,39558780.0,144451962.0,0.0454779568316404,3.72,3.72,3.61,3.65,1.0,0.8837574784418744
000889,中嘉博创,2026-06-18,4.02,4.02,3.91,4.02,46134980.0,185238794.0,0.0530381530691441,4.02,4.02,3.91,4.02,1.0,1.098095719113815
000889,中嘉博创,2026-06-22,3.95,4.36,3.88,4.26,150361898.0,616580479.0,0.1728605357993226,3.95,4.36,3.88,4.26,1.0,3.526398972897433
000889,中嘉博创,2026-06-23,4.09,4.09,3.87,3.94,90704521.0,361237132.0,0.1042766306360465,4.09,4.09,3.87,3.94,1.0,1.384531895315495
000889,中嘉博创,2026-06-24,3.76,3.9,3.67,3.8,62278960.0,235314083.0,0.0715977554009366,3.76,3.9,3.67,3.8,1.0,0.8065206579859766
000889,中嘉博创,2026-06-25,3.76,3.78,3.54,3.59,56029180.0,203042271.0,0.0644128213598147,3.76,3.78,3.54,3.59,1.0,0.7200969566200897
000889,中嘉博创,2026-06-26,3.53,3.54,3.34,3.37,51733900.0,176761935.0,0.0594748389847311,3.53,3.54,3.34,3.37,1.0,0.6378875836999731
000889,中嘉博创,2026-06-29,3.36,3.44,3.27,3.33,41335875.0,137802670.0,0.0475209584028649,3.36,3.44,3.27,3.33,1.0,0.5027368580610987
000889,中嘉博创,2026-06-30,3.32,3.41,3.26,3.37,33227500.0,111520122.0,0.038201334758028,3.32,3.41,3.26,3.37,1.0,0.5499740474815291
000889,中嘉博创,2026-07-01,3.39,3.47,3.31,3.42,43897900.0,148494713.0,0.0504689902362332,3.39,3.47,3.31,3.42,1.0,0.8973206909585383
000889,中嘉博创,2026-07-02,3.4,3.49,3.28,3.3,41960823.0,141548413.0,0.0482419515806293,3.4,3.49,3.28,3.3,1.0,0.9274161263494375
000889,中嘉博创,2026-07-03,3.32,3.36,3.28,3.28,28936402.0,95753406.0,0.0332679009704272,3.32,3.36,3.28,3.28,1.0,0.6819604977654226
000889,中嘉博创,2026-07-06,3.29,3.32,3.11,3.13,33806100.0,107616187.0,0.0388665455710893,3.29,3.32,3.11,3.13,1.0,0.8926480723072902
000889,中嘉博创,2026-07-07,3.14,3.15,2.99,3.03,28049700.0,85703334.0,0.0322484682736365,3.14,3.15,2.99,3.03,1.0,0.7713220229641934
000889,中嘉博创,2026-07-08,3.07,3.07,2.96,3.03,24185842.0,73134885.0,0.0278062281738552,3.07,3.07,2.96,3.03,1.0,0.6845659596744257
000889,中嘉博创,2026-07-09,3.03,3.05,2.92,3.02,27739201.0,82959912.0,0.0318914905822353,3.03,3.05,2.92,3.02,1.0,0.8837581642538557
000889,中嘉博创,2026-07-10,3.02,3.2,2.98,3.09,44810946.0,140133182.0,0.0515187103745366,3.02,3.2,2.98,3.09,1.0,1.5699205096062498
000889,中嘉博创,2026-07-13,3.09,3.3,2.95,2.98,50294833.0,156547553.0,0.0578234821166839,3.09,3.3,2.95,2.98,1.0,1.5856695140755364
000889,中嘉博创,2026-07-14,2.93,3.02,2.85,2.99,33535559.0,98451202.0,0.0385555072050741,2.93,3.02,2.85,2.99,1.0,0.9577181578199773
000889,中嘉博创,2026-07-15,3.27,3.29,3.27,3.29,25839700.0,84952108.0,0.0297076526897003,3.27,3.29,3.27,3.29,1.0,0.7155180232581612
000889,中嘉博创,2026-07-16,3.25,3.5,3.16,3.34,97266785.0,324204272.0,0.1118266801481345,3.25,3.5,3.16,3.34,1.0,2.6689347334244253
000889,中嘉博创,2026-07-17,3.22,3.31,3.06,3.14,62824520.0,200425589.0,0.072228741841319,3.22,3.31,3.06,3.14,1.0,1.2477668972732288
000889,中嘉博创,2026-07-20,3.22,3.45,3.22,3.45,42439641.0,143940609.0,0.0487924439952308,3.22,3.45,3.22,3.45,1.0,0.7866144205948044
000889,中嘉博创,2026-07-21,3.53,3.8,3.46,3.8,69866215.0,257976103.0,0.0803245103450864,3.53,3.8,3.46,3.8,1.0,1.333802209840733
000889,中嘉博创,2026-07-22,4.16,4.16,3.78,3.99,191263122.0,762321408.0,0.2198933579230323,4.16,4.16,3.78,3.99,1.0,3.2065640940339697
000889,中嘉博创,2026-07-23,3.88,4.05,3.75,3.83,151677899.0,589968817.0,0.174382610641588,3.88,4.05,3.75,3.83,1.0,1.6356576631775037
000889,中嘉博创,2026-07-24,3.64,3.77,3.56,3.58,105757526.0,384564156.0,0.1215884027960831,3.64,3.77,3.56,3.58,1.0,1.020684857457977
000889,中嘉博创,2026-07-27,3.55,3.7,3.49,3.69,81202425.0,293623660.0,0.0933576411282421,3.55,3.7,3.49,3.69,1.0,0.7237235979411735
000889,中嘉博创,2026-07-28,3.63,3.8,3.59,3.67,67258000.0,249419826.0,0.0773258708345632,3.63,3.8,3.59,3.67,1.0,0.5607008974300556
000889,中嘉博创,2026-07-29,3.69,3.71,3.53,3.67,57373800.0,207657248.0,0.065962101877666,3.69,3.71,3.53,3.67,1.0,0.48038966749376744
000889,中嘉博创,2026-07-30,3.66,3.67,3.44,3.45,51440200.0,181988605.0,0.0591402994573745,3.66,3.67,3.44,3.45,1.0,0.555186380113612
000889,中嘉博创,2026-07-31,3.6,3.78,3.6,3.68,77891380.0,287242248.0,0.0895509647775116,3.6,3.78,3.6,3.68,1.0,1.0727895958667284
000889,中嘉博创,2026-08-03,3.69,3.81,3.67,3.75,47546780.0,177176388.0,0.0546640722126645,3.69,3.81,3.67,3.75,1.0,0.7093023705088292
000889,中嘉博创,2026-08-04,3.81,4.05,3.81,3.92,67962588.0,265463770.0,0.0781359288303344,3.81,4.05,3.81,3.92,1.0,1.127036448788326
000889,中嘉博创,2026-08-05,3.89,3.95,3.85,3.92,54022100.0,211024169.0,0.0621086848674039,3.89,3.95,3.85,3.92,1.0,0.8937700816639167
000889,中嘉博创,2026-08-06,3.88,4.31,3.85,4.12,142271954.0,587151609.0,0.163568686823648,3.88,4.31,3.85,4.12,1.0,2.380219885865582
000889,中嘉博创,2026-08-07,4.13,4.14,3.9,3.98,100855316.0,399818669.0,0.1159523794640794,4.13,4.14,3.9,3.98,1.0,1.2940295262136958
000889,中嘉博创,2026-08-10,3.93,4.02,3.85,4.0,52969440.0,208897274.0,0.0608984518662337,3.93,4.02,3.85,4.0,1.0,0.6418068384632146
000889,中嘉博创,2026-08-11,4.06,4.07,3.95,3.98,44944540.0,179369065.0,0.0516723021017404,4.06,4.07,3.95,3.98,1.0,0.5375094445125254
000889,中嘉博创,2026-08-12,4.01,4.14,3.95,4.08,61302833.0,249841563.0,0.0704792730433673,4.01,4.14,3.95,4.08,1.0,0.775860795490141
000889,中嘉博创,2026-08-13,4.18,4.48,4.1,4.11,115786441.0,491324558.0,0.1331185491861157,4.18,4.48,4.1,4.11,1.0,1.4388982700660222
000889,中嘉博创,2026-08-14,4.08,4.17,3.96,4.07,71995141.0,290557180.0,0.0827721159368724,4.08,4.17,3.96,4.07,1.0,0.9577424428555666
000889,中嘉博创,2026-08-17,4.05,4.08,3.96,4.07,49612380.0,199163903.0,0.0570388725159128,4.05,4.08,3.96,4.07,1.0,0.7148790990805591
000889,中嘉博创,2026-08-18,4.06,4.07,3.94,3.97,41386083.0,164915719.0,0.0475811785721626,4.06,4.07,3.94,3.97,1.0,0.6021697448009274
000889,中嘉博创,2026-08-19,3.89,3.95,3.68,3.72,46414900.0,175493875.0,0.0533627607451778,3.89,3.95,3.68,3.72,1.0,0.6824057164089279
000889,中嘉博创,2026-08-20,3.75,3.86,3.71,3.82,30955460.0,117658266.0,0.035589192387292,3.75,3.86,3.71,3.82,1.0,0.47595235528645746
000889,中嘉博创,2026-08-21,3.78,3.88,3.7,3.86,26723000.0,101719160.0,0.0307231741400581,,,,,,0.5558861560462532
000889,中嘉博创,2026-08-24,3.88,3.95,3.8,3.89,35211960.0,136338359.0,0.0404828491895656,,,,,,0.9024458190643899
000889,中嘉博创,2026-08-25,3.85,4.05,3.82,4.01,56448360.0,223479063.0,0.0648981324776669,,,,,,1.5620101195406624
000889,中嘉博创,2026-08-26,4.0,4.06,3.93,4.02,43596360.0,174789126.0,0.0501223126203145,,,,,,1.1135514795941512
000889,中嘉博创,2026-08-27,4.02,4.07,4.0,4.04,39902700.0,161092880.0,0.045875747511825,4.02,4.07,4.0,4.04,1.0,1.0340962252910486
000889,中嘉博创,2026-08-28,4.04,4.06,3.99,4.02,32984116.0,132574173.0,0.0379215185317471,,,,,,0.8169141853786348
000889,中嘉博创,2026-08-31,3.98,4.02,3.92,4.02,28142700.0,111869429.0,0.0323553894724175,,,,,,0.676040821376422
000889,中嘉博创,2026-09-01,4.04,4.1,4.0,4.07,36381920.0,147749361.0,0.0418279408640371,,,,,,0.9046887538590473
000889,中嘉博创,2026-09-02,4.03,4.11,4.0,4.07,28922720.0,117232408.0,0.033252170907613,4.03,4.11,4.0,4.07,1.0,0.7989357541263029
000889,中嘉博创,2026-09-03,4.08,4.11,3.96,3.99,31531320.0,126513944.0,0.0362512530489054,,,,,,0.9478305826735911
000889,中嘉博创,2026-09-04,4.02,4.1,3.98,3.99,34147400.0,138339071.0,0.0392589348737126,,,,,,1.0808685712132584
000889,中嘉博创,2026-09-07,4.0,4.03,3.94,3.95,25787894.0,102446589.0,0.0296480918335277,,,,,,0.8102976344666613
000889,中嘉博创,2026-09-08,3.97,4.04,3.94,4.01,25755080.0,103013043.0,,3.97,4.04,3.94,4.01,1.0,0.8214222742646429
000889,中嘉博创,2026-09-09,3.98,4.16,3.96,3.98,28819316.0,115700508.0,,3.98,4.16,3.96,3.98,1.0,0.985987599909224
000889,中嘉博创,2026-09-10,3.95,4.38,3.88,4.2,137409645.0,579596326.0,,3.95,4.38,3.88,4.2,1.0,4.704488314617929
001330,博纳影业,2026-03-20,7.05,7.09,6.79,6.8,55523921.0,384241727.0,0.0477482468674421,7.05,7.09,6.79,6.8,1.0,0.9917858494307249
001330,博纳影业,2026-03-23,6.68,6.76,6.44,6.51,65217600.0,431609371.0,0.0560844048622231,6.68,6.76,6.44,6.51,1.0,1.228233820422112
001330,博纳影业,2026-03-24,6.65,6.75,6.52,6.75,63722646.0,422448282.0,0.0547988070268781,6.65,6.75,6.52,6.75,1.0,1.1635226815073605
001330,博纳影业,2026-03-25,6.77,6.91,6.77,6.87,42652850.0,292402123.0,0.0366796648132969,6.77,6.91,6.77,6.87,1.0,0.7595195027640371
001330,博纳影业,2026-03-26,6.85,6.92,6.75,6.78,34399000.0,234447521.0,0.0295816994623478,6.85,6.92,6.75,6.78,1.0,0.6139017831245672
001330,博纳影业,2026-03-27,6.71,6.9,6.68,6.89,33662400.0,230662872.0,0.0289482543091757,6.71,6.9,6.68,6.89,1.0,0.6436011144969374
001330,博纳影业,2026-03-30,6.81,7.06,6.8,7.01,48985100.0,340449104.0,0.0421251346356886,6.81,7.06,6.8,7.01,1.0,1.0219941794874567
001330,博纳影业,2026-03-31,6.99,7.12,6.96,6.98,54351200.0,382513800.0,0.0467397559178452,6.99,7.12,6.96,6.98,1.0,1.2163350290720703
001330,博纳影业,2026-04-01,7.1,7.13,6.92,7.04,40312188.0,282149926.0,0.0346667935139295,7.1,7.13,6.92,7.04,1.0,0.9416511193267197
001330,博纳影业,2026-04-02,7.0,7.0,6.82,6.87,34928400.0,240324425.0,0.0300369612924988,7.0,7.0,6.82,6.87,1.0,0.8249118718536188
001330,博纳影业,2026-04-03,6.92,6.92,6.59,6.6,35725593.0,238547781.0,0.0307225138881989,6.92,6.92,6.59,6.6,1.0,0.841634773105722
001330,博纳影业,2026-04-07,6.64,6.83,6.59,6.82,42601900.0,286561851.0,0.036635849946946,6.64,6.83,6.59,6.82,1.0,0.9939665607511095
001330,博纳影业,2026-04-08,6.94,7.26,6.89,7.21,85771569.0,610130513.0,0.0737599574572525,6.94,7.26,6.89,7.21,1.0,2.062617006644997
001330,博纳影业,2026-04-09,7.09,7.31,7.03,7.13,83406800.0,596736142.0,0.0717263551474215,7.09,7.31,7.03,7.13,1.0,1.7424359064618002
001330,博纳影业,2026-04-10,7.22,7.4,7.1,7.2,99700108.0,723234896.0,0.0857379177074804,7.22,7.4,7.1,7.2,1.0,1.7650144018291944
001330,博纳影业,2026-04-13,7.13,7.27,7.11,7.26,61938600.0,447148392.0,0.0532646021779289,7.13,7.27,7.11,7.26,1.0,0.8919575893237089
001330,博纳影业,2026-04-14,7.35,7.53,7.28,7.46,90719127.0,673383997.0,0.0780146501468229,7.35,7.53,7.28,7.46,1.0,1.2147096503882286
001330,博纳影业,2026-04-15,7.43,7.45,7.2,7.25,71494396.0,521387338.0,0.0614821865668793,7.43,7.45,7.2,7.25,1.0,0.8480220123631421
001330,博纳影业,2026-04-16,7.41,7.56,7.32,7.48,96931600.0,721076764.0,0.0833571167651534,7.41,7.56,7.32,7.48,1.0,1.1900485025708367
001330,博纳影业,2026-04-17,7.62,8.23,7.48,8.23,187812245.0,1469253152.0,0.1615106656280367,7.62,8.23,7.48,8.23,1.0,2.23169512661241
001330,博纳影业,2026-04-20,8.37,8.65,8.14,8.39,223134724.0,1869718998.0,0.1918865183575664,8.37,8.65,8.14,8.39,1.0,2.1923412448809185
001330,博纳影业,2026-04-21,8.32,9.2,8.32,8.83,222407784.0,1960888696.0,0.1912613803998595,8.32,9.2,8.32,8.83,1.0,1.6595314782494104
001330,博纳影业,2026-04-22,8.53,8.57,8.18,8.18,183742129.0,1518702373.0,0.158010536313554,8.53,8.57,8.18,8.18,1.0,1.1458377444779482
001330,博纳影业,2026-04-23,8.18,8.54,8.18,8.44,154353317.0,1288040169.0,0.1327373887180006,8.18,8.54,8.18,8.44,1.0,0.8443572604119354
001330,博纳影业,2026-04-24,8.22,8.22,7.74,7.81,134904503.0,1067058160.0,0.1160122231420506,8.22,8.22,7.74,7.81,1.0,0.6943459538063258
001330,博纳影业,2026-04-27,7.97,8.35,7.83,8.17,137458694.0,1111367648.0,0.1182087204393974,7.97,8.35,7.83,8.17,1.0,0.7482435512504567
001330,博纳影业,2026-04-28,8.06,8.18,7.85,7.94,97865551.0,778038684.0,0.0841602755137961,8.06,8.18,7.85,7.94,1.0,0.5875224875645035
001330,博纳影业,2026-04-29,7.95,8.28,7.86,8.05,96304359.0,781830011.0,0.0828177157723204,7.95,8.28,7.86,8.05,1.0,0.6798042465283911
001330,博纳影业,2026-04-30,8.15,8.38,7.92,8.27,130999376.0,1076748234.0,0.112653977458272,8.15,8.38,7.92,8.27,1.0,1.0549383183163303
001330,博纳影业,2026-05-06,8.35,9.1,8.35,8.67,204425048.0,1799429502.0,0.1757969805085039,8.35,9.1,8.35,8.67,1.0,1.71057686247996
001330,博纳影业,2026-05-07,8.71,8.9,8.64,8.89,131449664.0,1153724223.0,0.113041206281421,8.71,8.9,8.64,8.89,1.0,0.9853014564233415
001330,博纳影业,2026-05-08,8.9,9.2,8.8,9.01,96200265.0,869268441.0,0.0827281992914973,8.9,9.2,8.8,9.01,1.0,0.7276388961329016
001330,博纳影业,2026-05-11,9.03,9.36,8.96,9.0,116381604.0,1062964072.0,0.1000833056912694,9.03,9.36,8.96,9.0,1.0,0.8825095645489992
001330,博纳影业,2026-05-12,9.02,9.25,8.88,9.01,86716210.0,783908293.0,0.0745723091582267,9.02,9.25,8.88,9.01,1.0,0.6381297353170456
001330,博纳影业,2026-05-13,8.98,9.37,8.91,9.26,99300753.0,915367907.0,0.0853944891313943,8.98,9.37,8.91,9.26,1.0,0.7816829877399455
001330,博纳影业,2026-05-14,9.27,9.37,9.04,9.1,81293762.0,748899080.0,0.0699092309557728,9.27,9.37,9.04,9.1,1.0,0.7668521146034909
001330,博纳影业,2026-05-15,9.16,9.25,8.95,9.15,91850400.0,837429521.0,0.0789874975521507,9.16,9.25,8.95,9.15,1.0,0.9569891382820549
001330,博纳影业,2026-05-18,9.17,9.53,9.06,9.46,106347775.0,995925709.0,0.091454632941056,9.17,9.53,9.06,9.46,1.0,1.1181726532086247
001330,博纳影业,2026-05-19,9.55,10.13,9.41,9.44,149921380.0,1459117507.0,0.1289261084956086,9.55,10.13,9.41,9.44,1.0,1.610295528184316
001330,博纳影业,2026-05-20,9.64,9.9,9.3,9.71,121200992.0,1174888380.0,0.1042277775482549,9.64,9.9,9.3,9.71,1.0,1.1461865578875174
001330,博纳影业,2026-05-21,9.8,9.96,9.45,9.47,96534962.0,938197182.0,0.0830160246952867,9.8,9.96,9.45,9.47,1.0,0.8766114539896566
001330,博纳影业,2026-05-22,9.52,9.57,9.02,9.32,101201484.0,939939989.0,0.0870290381938894,9.52,9.57,9.02,9.32,1.0,0.8942343265230983
001330,博纳影业,2026-05-25,9.33,9.68,8.97,9.11,93076719.0,863201637.0,0.0800420805372074,9.33,9.68,8.97,9.11,1.0,0.8090720806463357
001330,博纳影业,2026-05-26,9.13,9.69,8.85,9.3,138027290.0,1288919432.0,0.1186976891881254,9.13,9.69,8.85,9.3,1.0,1.2281416720580176
001330,博纳影业,2026-05-27,9.36,9.79,9.15,9.31,147496655.0,1389441170.0,0.1268409465365738,9.36,9.79,9.15,9.31,1.0,1.3407776432527638
001330,博纳影业,2026-05-28,9.14,9.38,8.81,9.0,109442801.0,988614422.0,0.0941162256896868,9.14,9.38,8.81,9.0,1.0,0.9494686278313746
001330,博纳影业,2026-05-29,8.97,9.21,8.75,9.05,88729442.0,802310633.0,0.0763036043694823,8.97,9.21,8.75,9.05,1.0,0.7529079557710388
001330,博纳影业,2026-06-01,9.06,9.3,8.99,9.09,85326428.0,780809083.0,0.073377154838561,9.06,9.3,8.99,9.09,1.0,0.7396882461401745
001330,博纳影业,2026-06-02,9.09,9.09,8.3,8.45,110365200.0,941785278.0,0.0949094502020962,9.09,9.09,8.3,8.45,1.0,0.9697786774787875
001330,博纳影业,2026-06-03,7.98,8.37,7.83,8.3,106201664.0,864241871.0,0.0913289835997919,7.98,8.37,7.83,8.3,1.0,0.9808774273283457
001330,博纳影业,2026-06-04,8.31,8.7,8.14,8.21,79825441.0,670665088.0,0.0686465363851093,8.31,8.7,8.14,8.21,1.0,0.7981497965061719
001330,博纳影业,2026-06-05,8.24,8.24,7.65,7.77,96586639.0,755865253.0,0.0830604647511928,8.24,8.24,7.65,7.77,1.0,1.0265385661236757
001330,博纳影业,2026-06-08,7.42,7.89,6.99,6.99,105082999.0,762839303.0,0.090366978546475,7.42,7.89,6.99,6.99,1.0,1.0984927741936379
001330,博纳影业,2026-06-09,7.15,7.15,6.7,6.88,88588700.0,615601567.0,0.0761825721433789,7.15,7.15,6.7,6.88,1.0,0.8893341605905433
001330,博纳影业,2026-06-10,6.83,7.2,6.67,6.77,95012601.0,655378228.0,0.0817068579876731,6.83,7.2,6.67,6.77,1.0,0.9974333920593916
001330,博纳影业,2026-06-11,6.66,6.75,6.3,6.43,85298502.0,550935741.0,0.0733531396480268,6.66,6.75,6.3,6.43,1.0,0.9169981284309286
001330,博纳影业,2026-06-12,6.56,7.07,6.28,7.07,136586299.0,935541008.0,0.1174584972729549,6.56,7.07,6.28,7.07,1.0,1.4512873882092994
001330,博纳影业,2026-06-15,7.34,7.4,6.75,6.85,129669894.0,904245552.0,0.1115106786134044,7.34,7.4,6.75,6.85,1.0,1.26985645768642
001330,博纳影业,2026-06-16,6.85,7.06,6.58,7.02,92292794.0,635242730.0,0.0793679378658791,6.85,7.06,6.58,7.02,1.0,0.8622980466428335
001330,博纳影业,2026-06-17,7.01,7.06,6.85,6.91,59018296.0,409306999.0,0.0507532630324103,7.01,7.06,6.85,6.91,1.0,0.5476217026946643
001330,博纳影业,2026-06-18,6.87,6.93,6.7,6.84,70166900.0,478320400.0,0.0603405955988433,6.87,6.93,6.7,6.84,1.0,0.6976702541016984
001330,博纳影业,2026-06-22,6.82,6.85,6.43,6.72,90605601.0,599629094.0,0.0779170225409866,6.82,6.85,6.43,6.72,1.0,0.9288420225407905
001330,博纳影业,2026-06-23,6.75,7.01,6.4,6.42,97039191.0,645487080.0,0.0834496405195315,6.75,7.01,6.4,6.42,1.0,1.0983409785663605
001330,博纳影业,2026-06-24,6.31,6.45,6.03,6.3,88502628.0,549341475.0,0.0761085538278429,6.31,6.45,6.03,6.3,1.0,1.0816145163971826
001330,博纳影业,2026-06-25,6.23,6.93,6.19,6.93,105334286.0,698528117.0,0.090583074843251,6.23,6.93,6.19,6.93,1.0,1.2993561564263558
001330,博纳影业,2026-06-26,6.81,6.94,6.24,6.25,119177730.0,764487279.0,0.1024878569570287,6.81,6.94,6.24,6.25,1.0,1.3193634212168917
001330,博纳影业,2026-06-29,6.0,6.1,5.63,5.7,114173028.0,656400369.0,0.0981840228204954,6.0,6.1,5.63,5.7,1.0,1.1402264672387
001330,博纳影业,2026-06-30,5.69,5.84,5.57,5.62,93139882.0,527521738.0,0.0800963980721107,5.69,5.84,5.57,5.62,1.0,0.8883547236304066
001330,博纳影业,2026-07-01,5.62,5.8,5.47,5.71,75117330.0,426443395.0,0.0645977580881422,5.62,5.8,5.47,5.71,1.0,0.7218273318656502
001330,博纳影业,2026-07-02,5.66,5.88,5.6,5.63,70650960.0,404352575.0,0.0607568669277117,5.66,5.88,5.6,5.63,1.0,0.6968343944877224
001330,博纳影业,2026-07-03,5.68,5.75,5.46,5.49,67139700.0,373519095.0,0.0577373303698419,5.68,5.75,5.46,5.49,1.0,0.7108356849917057
001330,博纳影业,2026-07-06,5.43,5.55,5.31,5.31,55899700.0,302047937.0,0.0480714010708277,5.43,5.55,5.31,5.31,1.0,0.6651227961293691
001330,博纳影业,2026-07-07,5.26,5.43,5.15,5.22,62280964.0,328376937.0,0.0535590208806448,5.26,5.43,5.15,5.22,1.0,0.8603589140805177
001330,博纳影业,2026-07-08,5.22,5.23,5.07,5.1,46354165.0,237526833.0,0.0398626407121742,5.22,5.23,5.07,5.1,1.0,0.7000264799167658
001330,博纳影业,2026-07-09,5.08,5.17,4.94,5.09,52978800.0,267818842.0,0.0455595493902681,5.08,5.17,4.94,5.09,1.0,0.8761881139304136
001330,博纳影业,2026-07-10,5.09,5.47,5.05,5.32,90593000.0,480806524.0,0.0779061862086826,5.09,5.47,5.05,5.32,1.0,1.5912865013428317
001330,博纳影业,2026-07-13,5.3,5.32,4.79,4.8,87708246.0,431467250.0,0.0754254185744257,5.3,5.32,4.79,4.8,1.0,1.423342403970153
001330,博纳影业,2026-07-14,4.74,4.83,4.62,4.78,56283246.0,265687591.0,0.0484012345689522,4.74,4.83,4.62,4.78,1.0,0.8279013433277876
001330,博纳影业,2026-07-15,4.73,5.04,4.71,4.88,70300646.0,345874038.0,0.0604556115579204,4.73,5.04,4.71,4.88,1.0,1.0526650303281389
001330,博纳影业,2026-07-16,4.84,5.33,4.8,5.09,113817561.0,579660417.0,0.0978783360864978,4.84,5.33,4.8,5.09,1.0,1.5902351272957826
001330,博纳影业,2026-07-17,5.08,5.14,4.59,4.63,104212891.0,498542189.0,0.0896187221042591,5.08,5.14,4.59,4.63,1.0,1.2444735996316088
001330,博纳影业,2026-07-20,4.63,4.73,4.42,4.49,80736691.0,370997003.0,0.0694301732244089,4.63,4.73,4.42,4.49,1.0,0.9337551734226981
001330,博纳影业,2026-07-21,4.49,4.6,4.18,4.58,84296807.0,373334250.0,0.0724917238963207,4.49,4.6,4.18,4.58,1.0,0.990908685575433
001330,博纳影业,2026-07-22,4.5,4.6,4.46,4.51,49552660.0,224523194.0,0.0426132124678015,4.5,4.6,4.46,4.51,1.0,0.5464990036407695
001330,博纳影业,2026-07-23,4.46,4.64,4.43,4.63,46237060.0,210627568.0,0.0397619353162168,4.46,4.64,4.43,4.63,1.0,0.5343884045506251
001330,博纳影业,2026-07-24,4.55,4.61,4.45,4.47,36956100.0,167055904.0,0.0317806983778735,4.55,4.61,4.45,4.47,1.0,0.50619786767451
001330,博纳影业,2026-07-27,4.48,4.7,4.48,4.69,54499100.0,252899068.0,0.0468669437241908,4.48,4.7,4.48,4.69,1.0,0.9150920951467825
001330,博纳影业,2026-07-28,4.65,4.82,4.62,4.69,45967101.0,216692691.0,0.0395297818813741,4.65,4.82,4.62,4.69,1.0,0.8464095280649077
001330,博纳影业,2026-07-29,4.71,4.87,4.7,4.8,66528779.0,317977896.0,0.0572119638935712,4.71,4.87,4.7,4.8,1.0,1.426358270785707
001330,博纳影业,2026-07-30,4.75,4.9,4.57,4.61,70479665.0,332177698.0,0.0606095604010859,4.75,4.9,4.57,4.61,1.0,1.4085332941841289
001330,博纳影业,2026-07-31,4.67,4.96,4.62,4.87,93886312.0,453041750.0,0.0807382966136288,4.67,4.96,4.62,4.87,1.0,1.7105647546888378
001330,博纳影业,2026-08-03,4.95,5.0,4.83,4.99,58532900.0,288763315.0,0.05033584279949,4.95,5.0,4.83,4.99,1.0,0.8832196244532213
001330,博纳影业,2026-08-04,5.06,5.25,5.03,5.2,64769700.0,334074139.0,0.0556992296190711,5.06,5.25,5.03,5.2,1.0,0.9655741279223397
001330,博纳影业,2026-08-05,5.2,5.3,5.16,5.23,57095700.0,298145163.0,0.0490999109855627,5.2,5.3,5.16,5.23,1.0,0.8059871005925859
001330,博纳影业,2026-08-06,5.36,5.42,5.08,5.16,65353601.0,340249283.0,0.0562013600268668,5.36,5.42,5.08,5.16,1.0,0.9478012276776575
001330,博纳影业,2026-08-07,5.16,5.19,4.93,5.11,58299635.0,293566565.0,0.0501352446680012,5.16,5.19,4.93,5.11,1.0,0.8582608312098263
001330,博纳影业,2026-08-10,5.29,5.39,5.02,5.39,97551648.0,509583863.0,0.0838903320792099,5.29,5.39,5.02,5.39,1.0,1.6041959413091074
001330,博纳影业,2026-08-11,5.45,5.5,5.23,5.38,114407336.0,614494875.0,0.0983855178883062,5.45,5.5,5.23,5.38,1.0,1.6674037556689114
001330,博纳影业,2026-08-12,5.36,5.53,5.31,5.45,103130046.0,561321174.0,0.0886875207508969,5.36,5.53,5.31,5.45,1.0,1.313062975658856
001330,博纳影业,2026-08-13,5.45,5.49,5.26,5.26,85743200.0,461023893.0,0.0737355613052699,5.45,5.49,5.26,5.26,1.0,0.9771477088555676
001330,博纳影业,2026-08-14,5.24,5.26,5.01,5.15,64722365.0,330011586.0,0.0556585235013337,5.24,5.26,5.01,5.15,1.0,0.704834165670466
001330,博纳影业,2026-08-17,5.19,5.19,5.0,5.07,44164999.0,223081200.0,0.0379800496285616,5.19,5.19,5.0,5.07,1.0,0.4743267435691404
001330,博纳影业,2026-08-18,5.02,5.06,4.89,4.92,53331981.0,263956078.0,0.0458632702599972,5.02,5.06,4.89,4.92,1.0,0.6469690513002677
001330,博纳影业,2026-08-19,4.85,4.88,4.63,4.65,52750300.0,248725940.0,0.0453630489592338,4.85,4.88,4.63,4.65,1.0,0.751230606287559
001330,博纳影业,2026-08-20,4.74,4.91,4.65,4.8,56726292.0,271054542.0,0.0487822355753767,4.74,4.91,4.65,4.8,1.0,0.9431970223952355
001330,博纳影业,2026-08-21,4.76,4.82,4.66,4.8,36048300.0,171360963.0,0.0310000283940972,4.76,4.82,4.66,4.8,1.0,0.6633941677236049
001330,博纳影业,2026-08-24,4.85,4.85,4.65,4.68,37110740.0,174958853.0,0.031913682301966,4.85,4.85,4.65,4.68,1.0,0.7635267495593977
001330,博纳影业,2026-08-25,4.68,4.96,4.62,4.93,77810500.0,379062567.0,0.0669137715054221,4.68,4.96,4.62,4.93,1.0,1.6487538058877595
001330,博纳影业,2026-08-26,4.9,5.25,4.89,5.1,87305319.0,442734292.0,0.0750789182279253,4.9,5.25,4.89,5.1,1.0,1.6760724824279594
001330,博纳影业,2026-08-27,5.05,5.11,5.0,5.11,51404700.0,260608933.0,0.0442058893093447,5.05,5.11,5.0,5.11,1.0,0.8712627022936599
001330,博纳影业,2026-08-28,5.13,5.18,5.05,5.1,39462900.0,201209350.0,0.033936441399828,5.13,5.18,5.05,5.1,1.0,0.6811474744063665
001330,博纳影业,2026-08-31,5.09,5.61,5.05,5.61,129173180.0,702824654.0,0.1110835253744515,5.09,5.61,5.05,5.61,1.0,2.2036123210493597
001330,博纳影业,2026-09-01,5.71,6.17,5.58,6.17,242315290.0,1425893105.0,0.2083810018870215,5.71,6.17,5.58,6.17,1.0,3.145672313925485
001330,博纳影业,2026-09-02,6.15,6.2,5.72,5.76,215508586.0,1269251182.0,0.1853283590397261,6.15,6.2,5.72,5.76,1.0,1.9603758815229426
001330,博纳影业,2026-09-03,6.2,6.34,5.69,5.83,278898616.0,1669841481.0,0.2398411302356682,6.2,6.34,5.69,5.83,1.0,2.057185114545934
001330,博纳影业,2026-09-04,5.69,6.05,5.6,5.77,222572627.0,1304790705.0,0.1914031384766778,5.69,6.05,5.6,5.77,1.0,1.2291959997038608
001330,博纳影业,2026-09-07,6.01,6.35,5.84,6.35,222288465.0,1353107678.0,0.1911587710566185,6.01,6.35,5.84,6.35,1.0,1.0211067479145757
001330,博纳影业,2026-09-08,6.45,6.53,6.01,6.12,220406114.0,1356342451.0,0.1895400280244185,6.45,6.53,6.01,6.12,1.0,0.9326725463376105
001330,博纳影业,2026-09-09,6.0,6.05,5.78,5.86,147313700.0,864069312.0,0.1266836128982373,6.0,6.05,5.78,5.86,1.0,0.6351511207963123
001330,博纳影业,2026-09-10,5.77,5.84,5.61,5.72,98630498.0,563830628.0,,5.77,5.84,5.61,5.72,1.0,0.45182019457072325
002107,沃华医药,2026-03-20,6.45,6.53,6.29,6.3,6995701.0,45438746.0,0.0122432171218257,6.57,6.65,6.4,6.41,0.9828393135725428,0.7534096582716845
002107,沃华医药,2026-03-23,6.22,6.29,5.83,5.86,11413420.0,69984327.0,0.0199746929096296,6.33,6.4,5.94,5.97,0.9815745393634842,1.389285539611975
002107,沃华医药,2026-03-24,6.04,6.14,5.9,6.09,16196503.0,99018081.0,0.0283455943647824,6.15,6.25,6.01,6.2,0.982258064516129,1.9491717853702617
002107,沃华医药,2026-03-25,6.21,6.22,6.09,6.16,9321192.0,58412976.0,0.0163130724841192,6.32,6.33,6.2,6.27,0.9824561403508772,0.9145628132467647
002107,沃华医药,2026-03-26,6.16,6.2,5.95,6.0,10416098.0,64192099.0,0.0182292738606489,6.27,6.31,6.06,6.11,0.9819967266775776,1.007220940344072
002107,沃华医药,2026-03-27,5.98,6.25,5.92,6.24,10305300.0,64597095.0,0.0180353656346306,6.09,6.36,6.03,6.35,0.9826771653543308,0.9481732981783052
002107,沃华医药,2026-03-30,6.2,6.35,6.12,6.34,10087032.0,64663753.0,0.0176533735348043,6.31,6.47,6.23,6.46,0.9814241486068112,0.8748128637514899
002107,沃华医药,2026-03-31,6.39,6.53,6.31,6.34,9071840.0,59133557.0,0.0158766800945986,6.51,6.65,6.42,6.46,0.9814241486068112,0.8052959439336542
002107,沃华医药,2026-04-01,6.44,6.67,6.4,6.63,15231662.0,101662320.0,0.0266570205033438,6.56,6.79,6.52,6.75,0.9822222222222222,1.5478871339229716
002107,沃华医药,2026-04-02,6.71,6.76,6.63,6.69,15245280.0,103825331.0,0.0266808534445695,6.83,6.88,6.75,6.81,0.9823788546255507,1.3831197207893202
002107,沃华医药,2026-04-03,6.66,6.92,6.53,6.82,32739930.0,224373788.0,0.0572983424453643,6.78,7.05,6.65,6.94,0.9827089337175792,2.731007802090565
002107,沃华医药,2026-04-07,6.75,7.07,6.63,7.07,42362228.0,298600562.0,0.0741383822962542,6.87,7.2,6.75,7.2,0.9819444444444444,2.571280448768997
002107,沃华医药,2026-04-08,6.99,7.04,6.69,6.83,45130416.0,313284894.0,0.0789830042602336,7.12,7.17,6.81,6.95,0.9827338129496402,1.968165982764729
002107,沃华医药,2026-04-09,6.8,7.51,6.73,7.51,53122291.0,399872583.0,0.0929696313095445,6.92,7.65,6.85,7.65,0.9816993464052288,1.7624066618328202
002107,沃华医药,2026-04-10,7.63,7.86,7.11,7.4,97661410.0,729440089.0,0.1709178032413976,7.77,8.0,7.24,7.53,0.9827357237715804,2.5891128026439216
002107,沃华医药,2026-04-13,7.04,7.14,6.93,6.99,44659186.0,317907181.0,0.0781583018888318,7.17,7.27,7.06,7.12,0.981741573033708,0.8239207405533118
002107,沃华医药,2026-04-14,7.05,7.69,7.01,7.69,57701579.0,441510416.0,0.1009838699465834,7.18,7.83,7.14,7.83,0.9821200510855684,1.0196948187465362
002107,沃华医药,2026-04-15,8.24,8.32,7.54,7.81,97853955.0,788733772.0,0.171254777368897,8.39,8.47,7.68,7.95,0.982389937106918,1.6403318030647984
002107,沃华医药,2026-04-16,7.79,8.01,7.61,7.96,66241430.0,530062317.0,0.1159295129895095,7.93,8.16,7.75,8.11,0.9815043156596794,0.9436143588805489
002107,沃华医药,2026-04-17,7.86,7.91,7.6,7.71,46522040.0,364314017.0,0.0814184935391413,8.0,8.05,7.74,7.85,0.9821656050955414,0.638832689090853
002107,沃华医药,2026-04-20,7.69,7.69,7.47,7.56,33477929.0,257286174.0,0.0585899187995696,7.83,7.83,7.61,7.7,0.9818181818181816,0.5348284652039172
002107,沃华医药,2026-04-21,7.51,8.18,7.49,7.63,36238926.0,286041389.0,0.0634219557525082,7.65,8.33,7.63,7.77,0.981981981981982,0.6003859224109478
002107,沃华医药,2026-04-22,7.53,7.6,7.24,7.44,36045144.0,269994872.0,0.0630828167440941,7.67,7.74,7.37,7.58,0.9815303430079156,0.6428957600190743
002107,沃华医药,2026-04-23,7.43,7.49,7.28,7.41,25755179.0,193519046.0,0.0450742889824033,7.57,7.63,7.41,7.54,0.9827586206896552,0.5892946739311197
002107,沃华医药,2026-04-24,7.34,7.45,7.28,7.41,18933228.0,141892043.0,0.033135152748957,7.47,7.59,7.41,7.55,0.9814569536423842,0.5317150966142752
002107,沃华医药,2026-04-27,7.37,7.41,7.2,7.36,19696480.0,146672741.0,0.0344709245257479,7.5,7.55,7.33,7.49,0.9826435246995996,0.6545838101626659
002107,沃华医药,2026-04-28,7.43,7.68,7.33,7.34,29430180.0,224570364.0,0.0515059296665788,7.57,7.82,7.46,7.47,0.9825970548862116,1.076695858592087
002107,沃华医药,2026-04-29,7.34,7.5,7.29,7.41,21611340.0,163003468.0,0.0378221321799771,7.47,7.64,7.42,7.54,0.9827586206896552,0.8321001418979675
002107,沃华医药,2026-04-30,7.46,7.46,7.14,7.18,25644703.0,188294286.0,0.0448809442904631,7.6,7.6,7.27,7.31,0.9822161422708618,1.1108681135678078
002107,沃华医药,2026-05-06,7.17,7.31,7.15,7.27,17174154.0,126857454.0,0.030056587081934,7.3,7.44,7.28,7.4,0.9824324324324324,0.7446566077674038
002107,沃华医药,2026-05-07,7.32,7.44,7.27,7.38,15767377.0,118043213.0,0.0275945784493479,7.45,7.58,7.4,7.51,0.9826897470039948,0.6942503260723393
002107,沃华医药,2026-05-08,7.31,7.31,7.14,7.23,19298680.0,141810616.0,0.0337747324256192,7.44,7.44,7.27,7.36,0.9823369565217392,0.8801913427871558
002107,沃华医药,2026-05-11,7.22,7.26,7.1,7.25,20585172.0,150479406.0,0.036026229578155,7.35,7.39,7.23,7.38,0.9823848238482384,1.03446969973362
002107,沃华医药,2026-05-12,7.27,7.27,7.1,7.13,14435896.0,105104997.0,0.0252643457855183,7.4,7.4,7.23,7.26,0.9820936639118456,0.7330092105332375
002107,沃华医药,2026-05-13,7.17,7.37,7.14,7.21,20122869.0,148907235.0,0.035217150401519,7.3,7.5,7.27,7.34,0.9822888283378748,1.1530239546454504
002107,沃华医药,2026-05-14,7.2,7.39,7.18,7.22,19872656.0,147408447.0,0.0347792511708768,7.33,7.52,7.31,7.35,0.982312925170068,1.1014664295399466
002107,沃华医药,2026-05-15,7.29,7.37,6.94,7.0,22792482.0,164800465.0,0.0398892556830696,7.42,7.5,7.07,7.13,0.9817671809256662,1.2083134191850347
002107,沃华医药,2026-05-18,6.93,7.0,6.78,6.83,16858433.0,117223449.0,0.0295040419184228,7.06,7.13,6.9,6.95,0.9827338129496402,0.8618031097830134
002107,沃华医药,2026-05-19,6.83,6.89,6.74,6.86,11383725.0,79024126.0,0.0199227235169365,6.95,7.02,6.86,6.98,0.982808022922636,0.6049873697863964
002107,沃华医药,2026-05-20,6.8,6.88,6.72,6.81,10373580.0,71544723.0,0.0181548628608669,6.92,7.01,6.84,6.93,0.9826839826839828,0.5697880477312108
002107,沃华医药,2026-05-21,6.81,6.84,6.53,6.55,12491560.0,85098723.0,0.0218615520117732,6.93,6.96,6.65,6.67,0.9820089955022488,0.7684193757951132
002107,沃华医药,2026-05-22,6.61,6.73,6.5,6.67,9955348.0,67151240.0,0.0174229125983706,6.73,6.85,6.62,6.79,0.9823269513991164,0.673570882078404
002107,沃华医药,2026-05-25,6.64,6.74,6.51,6.58,9177940.0,61524953.0,0.0160623663234163,6.76,6.86,6.63,6.7,0.982089552238806,0.7515183668916018
002107,沃华医药,2026-05-26,6.62,6.63,6.35,6.43,9238060.0,60478232.0,0.0161675826860601,6.74,6.75,6.47,6.55,0.981679389312977,0.8652760783177854
002107,沃华医药,2026-05-27,6.42,6.43,6.27,6.31,9146600.0,58862697.0,0.0160075180066288,6.54,6.55,6.38,6.42,0.9828660436137072,0.8925865488672838
002107,沃华医药,2026-05-28,6.29,6.36,6.13,6.31,9249180.0,59004761.0,0.0161870438629164,6.4,6.48,6.24,6.42,0.9828660436137072,0.9247421510325596
002107,沃华医药,2026-05-29,6.31,6.42,6.27,6.35,10206215.0,65794563.0,0.0178619563982273,6.43,6.54,6.38,6.47,0.98145285935085,1.0911740186397592
002107,沃华医药,2026-06-01,6.33,6.48,6.29,6.45,9195085.0,59989393.0,0.0160923718879128,6.45,6.6,6.4,6.57,0.9817351598173516,0.9778261493285709
002107,沃华医药,2026-06-02,6.45,6.46,6.25,6.27,8194612.0,52484763.0,0.0143414382554541,6.57,6.58,6.36,6.38,0.9827586206896552,0.8711159358726263
002107,沃华医药,2026-06-03,6.27,6.27,6.15,6.24,7408240.0,46766302.0,0.0129652040318182,6.38,6.38,6.26,6.35,0.9826771653543308,0.8053889385065459
002107,沃华医药,2026-06-04,6.24,6.25,6.06,6.1,6260460.0,38969758.0,0.0109564675595062,6.35,6.36,6.17,6.21,0.9822866344605474,0.7073433476150451
002107,沃华医药,2026-06-05,6.11,6.3,6.08,6.11,9051752.0,56928289.0,0.0158415239686374,6.22,6.41,6.19,6.22,0.982315112540193,1.0967935430969276
002107,沃华医药,2026-06-08,6.02,6.15,5.86,5.94,9913863.0,60506786.0,0.0173503094579135,6.13,6.26,5.97,6.05,0.981818181818182,1.2358297397499072
002107,沃华医药,2026-06-09,6.01,6.01,5.84,5.89,9109075.0,54841910.0,0.015941845285268,6.12,6.12,5.95,6.0,0.9816666666666666,1.115517314476572
002107,沃华医药,2026-06-10,5.88,5.9,5.72,5.81,9918000.0,58594628.0,0.0173575496457421,5.99,6.01,5.82,5.92,0.9814189189189187,1.1879725149299087
002107,沃华医药,2026-06-11,5.77,5.86,5.73,5.8,7245044.0,42659326.0,0.0126795937603938,5.88,5.97,5.83,5.91,0.9813874788494076,0.8185907669849491
002107,沃华医药,2026-06-12,5.83,5.94,5.74,5.92,11932344.0,71404080.0,0.0208828648286019,5.94,6.05,5.84,6.03,0.9817578772802652,1.318848552405388
002107,沃华医药,2026-06-15,5.91,6.04,5.86,5.92,9172760.0,55488826.0,0.0160533007752044,6.02,6.15,5.97,6.03,0.9817578772802652,0.9531462087854013
002107,沃华医药,2026-06-16,5.92,5.99,5.8,5.93,8782560.0,52581254.0,0.015370409479402,6.03,6.1,5.91,6.04,0.9817880794701986,0.9268757689744712
002107,沃华医药,2026-06-17,5.9,5.93,5.76,5.8,7551702.0,44759893.0,0.0132162777147459,6.01,6.04,5.87,5.91,0.9813874788494076,0.8025067337987773
002107,沃华医药,2026-06-18,5.79,5.85,5.74,5.77,7346580.0,43304902.0,0.0128572925061924,5.9,5.96,5.84,5.88,0.9812925170068026,0.8220518073305656
002107,沃华医药,2026-06-22,5.78,5.78,5.5,5.71,11630032.0,66298371.0,0.0203537868341974,5.89,5.89,5.6,5.81,0.982788296041308,1.2984019585072515
002107,沃华医药,2026-06-23,5.71,6.07,5.68,5.93,15072220.0,90981332.0,0.0263779801292143,5.81,6.18,5.78,6.04,0.9817880794701986,1.69413092464523
002107,沃华医药,2026-06-24,5.89,5.98,5.76,5.79,10489360.0,62450422.0,0.0183574901141421,6.0,6.09,5.87,5.9,0.9813559322033898,1.0409602871947483
002107,沃华医药,2026-06-25,5.77,5.79,5.55,5.68,8971880.0,51654338.0,0.0157017395155919,5.88,5.9,5.65,5.78,0.9826989619377162,0.861192000121943
002107,沃华医药,2026-06-26,5.67,5.74,5.49,5.5,9263440.0,52576142.0,0.0162120003720865,5.77,5.84,5.59,5.6,0.9821428571428572,0.8655791006971547
002107,沃华医药,2026-06-29,5.49,5.73,5.37,5.72,12347046.0,70421444.0,0.0216086372175098,5.59,5.83,5.47,5.82,0.9828178694158076,1.113812866279519
002107,沃华医药,2026-06-30,5.69,5.69,5.48,5.59,11769483.0,66655214.0,0.0205977552280339,5.79,5.79,5.58,5.69,0.9824253075571177,1.0481524579693775
002107,沃华医药,2026-07-01,5.54,6.06,5.49,5.99,20682113.0,122862119.0,0.0361957361400275,5.64,6.17,5.59,6.1,0.9819672131147542,1.9570060367089632
002107,沃华医药,2026-07-02,6.1,6.34,6.02,6.23,21845814.0,137692194.0,0.038232327582202,6.21,6.46,6.13,6.34,0.9826498422712936,1.732860612506001
002107,沃华医药,2026-07-03,6.34,6.54,6.22,6.52,24466797.0,160461337.0,0.0428193061513403,6.46,6.66,6.33,6.64,0.9819277108433736,1.611610800014797
002107,沃华医药,2026-07-06,6.37,6.54,6.31,6.42,16724895.0,109490089.0,0.0292702146240892,6.49,6.66,6.43,6.54,0.981651376146789,0.9178281743090504
002107,沃华医药,2026-07-07,6.4,6.4,6.04,6.05,19758600.0,123444603.0,0.034579497370329,6.52,6.52,6.15,6.16,0.9821428571428572,1.0345997389314647
002107,沃华医药,2026-07-08,6.08,6.36,5.94,6.0,16154723.0,100343896.0,0.0282723574290128,6.19,6.48,6.05,6.11,0.9819967266775776,0.7805856708840341
002107,沃华医药,2026-07-09,5.95,6.19,5.87,6.17,15884495.0,97167843.0,0.0277994317958511,6.06,6.3,5.98,6.28,0.982484076433121,0.8026458777823883
002107,沃华医药,2026-07-10,6.11,6.23,5.95,6.16,15561804.0,96808730.0,0.0272346907420351,6.22,6.34,6.06,6.27,0.9824561403508772,0.8367505108909596
002107,沃华医药,2026-07-13,6.17,6.52,6.17,6.25,23039166.0,147992778.0,0.0403208111967231,6.28,6.64,6.28,6.36,0.9827044025157232,1.3700004960485177
002107,沃华医药,2026-07-14,6.2,6.33,6.05,6.32,17485342.0,111469623.0,0.0306010718223104,6.31,6.45,6.16,6.44,0.9813664596273292,0.9671225901833993
002107,沃华医药,2026-07-15,6.27,6.84,6.26,6.83,33160160.0,223412734.0,0.0580335482027922,6.38,6.96,6.37,6.95,0.9827338129496402,1.8814162025465266
002107,沃华医药,2026-07-16,6.55,6.79,6.32,6.58,39197880.0,260359330.0,0.0686001532690814,6.67,6.91,6.44,6.7,0.982089552238806,1.8642404383096753
002107,沃华医药,2026-07-17,6.48,6.67,6.21,6.22,26341132.0,171083336.0,0.0460995771322608,6.6,6.79,6.32,6.33,0.9826224328593997,1.0253908245027388
002107,沃华医药,2026-07-20,6.15,6.27,5.94,6.0,21628570.0,134440377.0,0.0378521291710433,6.26,6.38,6.05,6.11,0.9819967266775776,0.7767561524016604
002107,沃华医药,2026-07-21,5.97,6.0,5.65,5.89,19156366.0,113578538.0,0.0335255285152824,6.08,6.11,5.75,6.0,0.9816666666666666,0.6950126012708634
002107,沃华医药,2026-07-22,5.83,6.07,5.79,5.85,12157080.0,73326481.0,0.0212760881788628,5.94,6.18,5.9,5.96,0.9815436241610738,0.4357872797953441
002107,沃华医药,2026-07-23,5.79,6.03,5.76,6.01,12321422.0,74223161.0,0.0215637028761002,5.9,6.14,5.86,6.12,0.9820261437908496,0.5199744721998867
002107,沃华医药,2026-07-24,5.93,6.01,5.68,5.7,12011062.0,70942323.0,0.0210205422876043,6.04,6.12,5.78,5.8,0.9827586206896552,0.6555929469457692
002107,沃华医药,2026-07-27,5.62,5.9,5.61,5.86,11060600.0,65694681.0,0.0193571401118632,5.72,6.01,5.71,5.97,0.9815745393634842,0.7156694640534718
002107,沃华医药,2026-07-28,5.84,5.99,5.8,5.85,7765860.0,46689377.0,0.0135910203885064,5.95,6.1,5.91,5.96,0.9815436241610738,0.5820914384243941
002107,沃华医药,2026-07-29,5.92,5.98,5.85,5.93,9062800.0,54683230.0,0.0158607932124653,6.03,6.09,5.96,6.04,0.9817880794701986,0.819183967379868
002107,沃华医药,2026-07-30,5.91,6.04,5.81,5.84,10472160.0,63037865.0,0.0183273121163273,6.02,6.15,5.92,5.95,0.9815126050420168,1.0026627988525239
002107,沃华医药,2026-07-31,5.87,5.96,5.82,5.94,8138770.0,49075995.0,0.0142436496418123,5.98,6.07,5.93,6.05,0.981818181818182,0.8078587431923644
002107,沃华医药,2026-08-03,5.94,5.98,5.92,5.97,6594772.0,40024772.0,0.0115415009682831,6.05,6.09,6.03,6.08,0.981907894736842,0.7091123713688051
002107,沃华医药,2026-08-04,5.99,6.14,5.99,6.09,9725680.0,60197911.0,0.0170208985446672,6.1,6.25,6.1,6.2,0.982258064516129,1.1568725605969705
002107,沃华医药,2026-08-05,6.1,6.13,5.98,6.04,10323400.0,63300687.0,0.0180669674548224,6.21,6.24,6.09,6.15,0.9821138211382112,1.1732687744938637
002107,沃华医药,2026-08-06,6.03,6.04,5.91,5.97,8322100.0,50513884.0,0.0145644952104711,6.14,6.15,6.02,6.08,0.981907894736842,0.9194718913903949
002107,沃华医药,2026-08-07,5.95,6.19,5.94,6.19,17196296.0,106475255.0,0.0300952128344821,6.06,6.3,6.05,6.3,0.9825396825396826,1.994711391480497
002107,沃华医药,2026-08-10,6.21,6.29,6.14,6.19,11239796.0,71025825.0,0.0196707507730828,6.32,6.4,6.25,6.3,0.9825396825396826,1.0773879990755
002107,沃华医药,2026-08-11,6.15,6.24,6.13,6.14,9484560.0,59691358.0,0.016598914780335,6.26,6.35,6.24,6.25,0.9824,0.8348015725873968
002107,沃华医药,2026-08-12,6.14,6.26,6.11,6.22,9052600.0,57114316.0,0.0158429422071726,6.25,6.37,6.22,6.33,0.9826224328593997,0.8001781701537697
002107,沃华医药,2026-08-13,6.21,6.36,6.11,6.31,15896360.0,101379020.0,0.0278201967152431,6.32,6.48,6.22,6.42,0.9828660436137072,1.4374047207439786
002107,沃华医药,2026-08-14,6.31,6.41,6.2,6.3,11763080.0,75422935.0,0.0205865493469663,6.43,6.53,6.31,6.41,0.9828393135725428,0.9355139649979071
002107,沃华医药,2026-08-17,6.28,6.47,6.1,6.42,16499040.0,106698049.0,0.0288749461142466,6.39,6.59,6.21,6.54,0.981651376146789,1.4362878896510152
002107,沃华医药,2026-08-18,6.41,6.55,6.34,6.36,10468300.0,66951278.0,0.018320556735893,6.41,6.55,6.34,6.36,1.0,0.8348507168919561
002107,沃华医药,2026-08-19,6.33,6.4,6.18,6.22,9408780.0,59094754.0,0.0164662923116012,6.33,6.4,6.18,6.22,1.0,0.7387619037748169
002107,沃华医药,2026-08-20,6.32,6.53,6.32,6.48,15039100.0,96891134.0,0.0263199072253153,6.32,6.53,6.32,6.48,1.0,1.17427722971424
002107,沃华医药,2026-08-21,6.33,6.39,6.14,6.25,11093201.0,69098483.0,0.0194141950749562,6.33,6.39,6.14,6.25,1.0,0.8779281018957459
002107,沃华医药,2026-08-24,6.24,6.28,6.05,6.1,8949500.0,54777325.0,0.0156625070458311,6.24,6.28,6.05,6.1,1.0,0.7158635474090763
002107,沃华医药,2026-08-25,6.1,6.34,6.03,6.32,10025961.0,62564086.0,0.0175464198897959,6.1,6.34,6.03,6.32,1.0,0.9121329271605804
002107,沃华医药,2026-08-26,6.29,6.5,6.28,6.4,10812540.0,69315055.0,0.0189230106635377,6.29,6.5,6.28,6.4,1.0,0.9916751506359299
002107,沃华医药,2026-08-27,6.35,6.65,6.35,6.57,15617400.0,102221053.0,0.0273319892214719,6.35,6.65,6.35,6.57,1.0,1.3963980380506529
002107,沃华医药,2026-08-28,6.57,7.23,6.47,7.23,31041846.0,219031210.0,0.0543262899257618,6.57,7.23,6.47,7.23,1.0,2.747133991032203
002107,沃华医药,2026-08-31,7.04,7.16,6.65,6.7,46385806.0,313884785.0,0.0811797321975035,7.04,7.16,6.65,6.7,1.0,3.033844109520386
002107,沃华医药,2026-09-01,6.7,7.37,6.61,7.37,44360585.0,312204328.0,0.0776353958455435,6.7,7.37,6.61,7.37,1.0,1.9476291277986382
002107,沃华医药,2026-09-02,7.2,7.3,7.04,7.07,43076844.0,306962834.0,0.0753887225724532,7.2,7.3,7.04,7.07,1.0,1.453156585511101
002107,沃华医药,2026-09-03,7.04,7.09,6.81,6.9,25206939.0,173561433.0,0.0441146275983391,7.04,7.09,6.81,6.9,1.0,0.6983209356480421
002107,沃华医药,2026-09-04,6.92,6.97,6.73,6.82,22803440.0,156911796.0,0.0399082674640134,6.92,6.97,6.73,6.82,1.0,0.5998631466114792
002107,沃华医药,2026-09-07,6.78,6.84,6.73,6.84,19120319.0,129765663.0,0.0334624427125581,6.78,6.84,6.73,6.84,1.0,0.5257641472164768
002107,沃华医药,2026-09-08,6.8,7.36,6.71,7.18,43452545.0,306320120.0,,6.8,7.36,6.71,7.18,1.0,1.4056114233693213
002107,沃华医药,2026-09-09,7.05,7.43,6.91,7.36,46075687.0,333383484.0,,7.05,7.43,6.91,7.36,1.0,1.4992731001121977
002107,沃华医药,2026-09-10,7.18,7.25,6.93,6.94,26059644.0,182651597.0,,7.18,7.25,6.93,6.94,1.0,0.8317318393531732
002265,建设工业,2026-03-20,21.36,21.47,20.78,20.79,5915032.0,125079066.0,0.005725847662801,21.46,21.57,20.87,20.88,0.9956896551724138,1.1367443602410447
002265,建设工业,2026-03-23,20.51,21.06,19.98,20.08,9107917.0,187300787.0,0.0088166125335308,20.6,21.15,20.07,20.17,0.99553792761527,1.7134818841097752
002265,建设工业,2026-03-24,20.41,22.09,20.15,22.09,20361259.0,442501581.0,0.0197100315360655,20.5,22.19,20.24,22.19,0.9954934655250112,3.3479570486959185
002265,建设工业,2026-03-25,22.09,24.3,21.6,23.88,40581486.0,936418685.0,0.0392835417908294,22.19,24.41,21.7,23.99,0.9954147561483953,4.370190893027977
002265,建设工业,2026-03-26,23.14,23.8,22.29,22.65,31951777.0,731310931.0,0.0309298424180613,23.24,23.91,22.39,22.75,0.9956043956043956,1.9540986054872318
002265,建设工业,2026-03-27,22.45,24.92,22.4,24.92,22427834.0,550324822.0,0.0217105099161914,22.55,25.03,22.5,25.03,0.995605273671594,1.0391196991634468
002265,建设工业,2026-03-30,24.92,27.21,24.57,24.6,52604755.0,1357902224.0,0.0509222627145503,25.03,27.33,24.68,24.71,0.9955483609874544,2.1138246236910527
002265,建设工业,2026-03-31,24.57,24.84,23.52,23.54,31948275.0,772009907.0,0.0309264524248178,24.68,24.95,23.62,23.64,0.9957698815566836,0.9512542319625804
002265,建设工业,2026-04-01,23.86,23.99,22.91,23.04,22744010.0,530753574.0,0.0220165734523877,23.97,24.1,23.01,23.14,0.9956784788245462,0.6334880262654761
002265,建设工业,2026-04-02,22.91,24.39,22.81,23.47,33303779.0,785466292.0,0.0322386024538147,23.01,24.5,22.91,23.57,0.9957573186253712,1.0299501750565083
002265,建设工业,2026-04-03,22.91,23.12,21.75,22.1,22283586.0,496553205.0,0.0215708754943213,23.01,23.22,21.85,22.2,0.9954954954954957,0.6834254466912635
002265,建设工业,2026-04-07,22.56,23.06,22.28,22.53,17118782.0,389494341.0,0.0165712607987075,22.66,23.16,22.38,22.63,0.9955810870525852,0.5254886740078033
002265,建设工业,2026-04-08,22.33,22.78,21.9,22.63,20272031.0,456681381.0,0.0196236573735493,22.43,22.88,22.0,22.73,0.9956005279366476,0.7956154044344911
002265,建设工业,2026-04-09,22.23,22.56,22.05,22.1,13102540.0,292065949.0,0.0126834728934276,22.33,22.66,22.15,22.2,0.9954954954954957,0.5661204746664485
002265,建设工业,2026-04-10,22.31,23.26,22.26,22.39,15655654.0,357189060.0,0.0151549289784944,22.41,23.36,22.36,22.49,0.9955535793686084,0.7379123320036352
002265,建设工业,2026-04-13,22.05,23.04,22.04,23.01,16245337.0,370133465.0,0.0157257517614216,22.15,23.14,22.14,23.11,0.9956728688879274,0.9185152469746081
002265,建设工业,2026-04-14,22.89,23.07,22.42,22.62,12597165.0,286044350.0,0.0121942616325945,22.99,23.17,22.52,22.72,0.995598591549296,0.7644435520962458
002265,建设工业,2026-04-15,22.51,22.74,22.11,22.14,11497963.0,258468096.0,0.0111302161290966,22.61,22.84,22.21,22.24,0.9955035971223024,0.7382535223146867
002265,建设工业,2026-04-16,22.09,22.37,21.97,22.35,8757097.0,195186742.0,0.0084770130390456,22.19,22.47,22.07,22.45,0.9955456570155904,0.6336662047233073
002265,建设工业,2026-04-17,22.3,22.31,21.83,22.16,9736785.0,215548022.0,0.0094253670369739,22.4,22.41,21.93,22.26,0.9955076370170708,0.7518379473229562
002265,建设工业,2026-04-20,22.13,22.76,22.05,22.66,12443314.0,282209017.0,0.0120453313497542,22.23,22.86,22.15,22.76,0.9956063268892794,1.0574872191578841
002265,建设工业,2026-04-21,22.67,23.05,22.48,22.76,13090148.0,299361227.0,0.0126714772348687,22.77,23.15,22.58,22.86,0.9956255468066492,1.1893144836114862
002265,建设工业,2026-04-22,22.52,22.91,22.34,22.78,9754122.0,222534508.0,0.0094421495363636,22.62,23.01,22.44,22.88,0.9956293706293708,0.8783492183122913
002265,建设工业,2026-04-23,22.78,23.07,22.32,22.52,10492314.0,238630329.0,0.0101567314588111,22.88,23.17,22.42,22.62,0.995579133510168,0.975458162482964
002265,建设工业,2026-04-24,22.51,22.6,21.89,21.99,9449474.0,209708275.0,0.0091472452926035,22.61,22.7,21.99,22.09,0.9954730647351744,0.8510481434922904
002265,建设工业,2026-04-27,22.0,22.45,21.78,22.37,7528500.0,167577521.0,0.0072877110604638,22.1,22.55,21.88,22.47,0.995549621717846,0.6815666852051115
002265,建设工业,2026-04-28,22.18,22.44,21.78,21.87,6846000.0,151589295.0,0.0066270399043548,22.28,22.54,21.88,21.97,0.995448338643605,0.6803199980411236
002265,建设工业,2026-04-29,21.87,22.28,21.85,22.06,5006701.0,111201299.0,0.0048465684072704,21.97,22.38,21.95,22.16,0.9954873646209386,0.5680343114575063
002265,建设工业,2026-04-30,22.06,22.5,22.01,22.41,7064472.0,158109061.0,0.0068385243714866,22.16,22.6,22.11,22.51,0.9955575299866726,0.8982623370771738
002265,建设工业,2026-05-06,22.18,22.96,22.18,22.72,10367593.0,236600488.0,0.0100359994921282,22.28,23.06,22.28,22.82,0.9956178790534618,1.4441496785066794
002265,建设工业,2026-05-07,22.72,23.17,22.55,23.04,11134807.0,256512843.0,0.0107786751849678,22.82,23.27,22.65,23.14,0.9956784788245462,1.5123362051060614
002265,建设工业,2026-05-08,22.98,23.99,22.83,23.81,17675199.0,419601074.0,0.0171098815498704,23.08,24.1,22.93,23.92,0.995401337792642,2.186465329557044
002265,建设工业,2026-05-11,23.89,24.15,23.53,23.95,16638295.0,398896305.0,0.0161061415286924,24.0,24.26,23.63,24.06,0.9954280964256028,1.6232871882276516
002265,建设工业,2026-05-12,23.87,26.18,23.46,24.62,31025000.0,767506527.0,0.0300327071330134,23.98,26.3,23.56,24.73,0.9955519611807522,2.4669862767656285
002265,建设工业,2026-05-13,24.31,24.37,23.36,23.65,23883885.0,566494007.0,0.0231199910847243,24.42,24.48,23.46,23.76,0.9953703703703702,1.3751519531800305
002265,建设工业,2026-05-14,23.66,23.81,22.91,22.91,14404700.0,336615302.0,0.0139439850584663,23.77,23.92,23.01,23.01,0.9956540634506736,0.7176715775988378
002265,建设工业,2026-05-15,22.91,23.53,22.73,23.01,12439167.0,289351376.0,0.0120413169859676,23.01,23.63,22.83,23.11,0.9956728688879274,0.6001890200919394
002265,建设工业,2026-05-18,22.88,23.1,22.64,22.83,9137142.0,209823744.0,0.0088449028112411,22.98,23.2,22.74,22.93,0.9956389010030527,0.46432791796595074
002265,建设工业,2026-05-19,22.84,23.03,22.59,22.82,7030300.0,160994260.0,0.0068054453169129,22.94,23.13,22.69,22.92,0.9956369982547992,0.3867481680636573
002265,建设工业,2026-05-20,22.76,22.94,22.35,22.45,8658200.0,196444151.0,0.0083812791264804,22.86,23.04,22.45,22.55,0.9955654101995564,0.6471466395627763
002265,建设工业,2026-05-21,22.44,23.25,22.31,22.36,11944841.0,273250598.0,0.0115628013377408,22.54,23.35,22.41,22.46,0.995547640249332,1.1558887660418835
002265,建设工业,2026-05-22,22.4,22.5,21.94,22.13,8205473.0,182791624.0,0.0079430319902288,22.5,22.6,22.04,22.23,0.9955015744489428,0.833726006992531
002265,建设工业,2026-05-25,22.13,22.44,21.87,22.15,8209421.0,181945245.0,0.0079468537187626,22.23,22.54,21.97,22.25,0.995505617977528,0.9126455255336875
002265,建设工业,2026-05-26,21.95,22.1,21.27,21.6,9194460.0,199423807.0,0.0089003875721581,22.05,22.2,21.36,21.7,0.9953917050691246,1.043680864851906
002265,建设工业,2026-05-27,21.47,21.67,20.61,20.73,8604652.0,181305514.0,0.0083294437871876,21.57,21.77,20.7,20.82,0.9956772334293948,0.9309896186942919
002265,建设工业,2026-05-28,20.78,21.03,20.35,20.87,7645075.0,159552669.0,0.0074005575659926,20.87,21.12,20.44,20.96,0.995706106870229,0.8281267294219892
002265,建设工业,2026-05-29,20.83,21.35,20.26,20.36,7399748.0,153853063.0,0.0071630770198904,20.92,21.45,20.35,20.45,0.99559902200489,0.8838880146460931
002265,建设工业,2026-06-01,20.66,20.76,20.31,20.35,5910374.0,121591051.0,0.0057213386426616,20.75,20.85,20.4,20.44,0.99559686888454,0.7198405411728094
002265,建设工业,2026-06-02,20.41,20.47,19.61,19.95,7141800.0,142614219.0,0.006913379139486,20.5,20.56,19.7,20.04,0.9955089820359282,0.9214201187279588
002265,建设工业,2026-06-03,19.88,20.21,19.76,19.89,5590705.0,112270004.0,0.005411893825369,19.97,20.3,19.85,19.98,0.9954954954954957,0.7616422085013128
002265,建设工业,2026-06-04,19.81,20.07,19.66,19.94,5270566.0,105247084.0,0.0051019940403938,19.9,20.16,19.75,20.03,0.9955067398901648,0.7822685560445767
002265,建设工业,2026-06-05,19.94,20.29,19.59,19.85,6815576.0,136230298.0,0.0065975889750457,20.03,20.38,19.68,19.94,0.9954864593781344,1.0882914431626312
002265,建设工业,2026-06-08,19.38,19.98,18.93,19.47,6409152.0,125838714.0,0.0062041638996605,19.47,20.07,19.01,19.56,0.995398773006135,1.0428500146490185
002265,建设工业,2026-06-09,19.61,20.45,19.27,20.37,11474496.0,230675399.0,0.0111074996895063,19.7,20.54,19.36,20.46,0.995601173020528,1.8372245831350458
002265,建设工业,2026-06-10,20.17,21.79,20.01,20.6,17880090.0,377346371.0,0.0173082193870079,20.26,21.89,20.1,20.69,0.9956500724987916,2.5140384013214665
002265,建设工业,2026-06-11,20.59,20.59,19.7,19.79,11893791.0,238660761.0,0.0115133841032802,20.68,20.68,19.79,19.88,0.9954728370221329,1.242823492974277
002265,建设工业,2026-06-12,19.91,20.33,19.67,19.79,9833726.0,197222802.0,0.0095192075095664,20.0,20.42,19.76,19.88,0.9954728370221329,0.902622128846887
002265,建设工业,2026-06-15,19.7,20.06,19.51,19.7,7983100.0,158520337.0,0.0077277712913314,19.79,20.15,19.6,19.79,0.9954522486104092,0.6942882008750723
002265,建设工业,2026-06-16,19.64,19.66,19.23,19.48,7996298.0,156188718.0,0.0077405471710653,19.73,19.75,19.32,19.57,0.9954011241696474,0.6769043018441839
002265,建设工业,2026-06-17,19.28,19.55,19.03,19.26,7625672.0,147398275.0,0.0073817751448322,19.37,19.64,19.11,19.35,0.9953488372093025,0.685922186309552
002265,建设工业,2026-06-18,19.16,19.31,18.84,18.91,7250498.0,138455265.0,0.0070186005802578,19.25,19.4,18.92,18.99,0.9957872564507636,0.7997004450683567
002265,建设工业,2026-06-22,18.74,18.82,18.34,18.79,8425717.0,157313931.0,0.0081562317823256,18.82,18.9,18.42,18.87,0.9957604663487016,1.035372719910058
002265,建设工业,2026-06-23,18.81,19.29,18.55,18.6,6338996.0,120173367.0,0.0061362517448942,18.89,19.38,18.63,18.68,0.9957173447537474,0.8068722802729086
002265,建设工业,2026-06-24,18.79,18.79,18.02,18.17,6732611.0,123267930.0,0.0065172774989042,18.87,18.87,18.1,18.25,0.9956164383561644,0.8944095733418505
002265,建设工业,2026-06-25,18.16,18.25,17.8,17.84,7770151.0,139908583.0,0.0075216331784783,18.24,18.33,17.88,17.92,0.9955357142857142,1.0681062149267266
002265,建设工业,2026-06-26,17.72,17.82,17.17,17.19,7530126.0,131428724.0,0.0072892850550423,17.8,17.9,17.25,17.27,0.9953676896352056,1.0310164258021661
002265,建设工业,2026-06-29,17.1,17.18,16.66,17.03,7686666.0,130986661.0,0.0074408183338369,17.18,17.26,16.73,17.11,0.9953243717124488,1.0444520554478538
002265,建设工业,2026-06-30,16.96,17.42,16.93,17.32,7108928.0,123073873.0,0.006881558506162,17.04,17.5,17.01,17.4,0.9954022988505749,0.9857479016765788
002265,建设工业,2026-07-01,17.3,18.5,17.22,17.58,10712701.0,192398325.0,0.0103700696772454,17.38,18.58,17.3,17.66,0.9954699886749716,1.4544043656211516
002265,建设工业,2026-07-02,17.48,18.04,17.42,17.48,8449600.0,150525443.0,0.0081793509167158,17.56,18.12,17.5,17.56,0.9954441913439636,1.0352726873167726
002265,建设工业,2026-07-03,17.57,18.75,17.5,18.41,16306800.0,299032883.0,0.0157852489500926,17.65,18.83,17.58,18.49,0.995673336938886,1.965241967072857
002265,建设工业,2026-07-06,18.41,19.17,18.3,18.51,11634602.0,216894350.0,0.0112624849145905,18.49,19.26,18.38,18.59,0.9956966110812264,1.1573333927521097
002265,建设工业,2026-07-07,18.43,18.49,17.26,17.31,9690240.0,172287627.0,0.0093803107161518,18.51,18.57,17.34,17.39,0.995399654974123,0.8937253017659299
002265,建设工业,2026-07-08,17.6,17.6,16.75,16.77,6663657.0,113574453.0,0.0064505288997858,17.68,17.68,16.82,16.84,0.9958432304038004,0.5866520836561744
002265,建设工业,2026-07-09,16.7,17.14,16.48,17.07,7524929.0,127083833.0,0.0072842542740924,16.77,17.22,16.55,17.15,0.99533527696793,0.7133323925788538
002265,建设工业,2026-07-10,17.04,18.05,16.92,17.5,10114955.0,177691055.0,0.0097914417785208,17.04,18.05,16.92,17.5,1.0,0.9759658911574067
002265,建设工业,2026-07-13,17.4,17.41,16.33,16.36,9294800.0,155449523.0,0.0089975183323105,17.4,17.41,16.33,16.36,1.0,1.0185326970714699
002265,建设工业,2026-07-14,16.3,16.43,16.05,16.38,5745655.0,93386091.0,0.0055618879581735,16.3,16.43,16.05,16.38,1.0,0.663645569717335
002265,建设工业,2026-07-15,16.49,16.87,16.33,16.58,4792800.0,79660166.0,0.0046395087428559,16.49,16.87,16.33,16.58,1.0,0.6090891225182109
002265,建设工业,2026-07-16,16.4,16.89,16.32,16.73,5091000.0,84836185.0,0.0049281712172174,16.4,16.89,16.32,16.73,1.0,0.6792865684403967
002265,建设工业,2026-07-17,16.73,16.85,15.87,16.01,7144300.0,116366999.0,0.0069157991803509,16.73,16.85,15.87,16.01,1.0,1.019472185588659
002265,建设工业,2026-07-20,16.1,16.74,15.91,16.36,9586700.0,156822687.0,0.0092800823036925,16.1,16.74,15.91,16.36,1.0,1.4947196716534312
002265,建设工业,2026-07-21,16.23,16.44,16.0,16.31,8197203.0,133311180.0,0.0079350264950478,16.23,16.44,16.0,16.31,1.0,1.266546314011963
002265,建设工业,2026-07-22,16.32,16.51,16.1,16.39,6503831.0,106330824.0,0.0062958147192784,16.32,16.51,16.1,16.39,1.0,0.9341362805237033
002265,建设工业,2026-07-23,16.25,17.92,16.17,17.58,21471188.0,368324544.0,0.0207844609509064,16.25,17.92,16.17,17.58,1.0,2.939403665095293
002265,建设工业,2026-07-24,17.3,19.34,17.2,19.34,21037815.0,395112836.0,0.0203649488030142,17.3,19.34,17.2,19.34,1.0,1.9883302192822963
002265,建设工业,2026-07-27,18.93,20.72,17.84,19.81,43788128.0,859939752.0,0.0423876236624304,18.93,20.72,17.84,19.81,1.0,3.277714598543938
002265,建设工业,2026-07-28,19.02,19.65,18.33,18.43,29860569.0,558670141.0,0.0289055188912857,19.02,19.65,18.33,18.43,1.0,1.478272847828473
002265,建设工业,2026-07-29,18.38,19.09,18.05,18.45,20016596.0,368418602.0,0.0193763921182223,18.38,19.09,18.05,18.45,1.0,0.815928019029862
002265,建设工业,2026-07-30,18.27,19.22,18.17,18.28,24344638.0,453774853.0,0.0235660075201685,18.27,19.22,18.17,18.28,1.0,0.8938778725171452
002265,建设工业,2026-07-31,17.8,20.1,17.6,19.41,34617830.0,657910718.0,0.033510625301223,17.8,20.1,17.6,19.41,1.0,1.2448180929160837
002265,建设工业,2026-08-03,19.1,19.32,18.49,19.13,18975199.0,360589752.0,0.0183683027996019,19.1,19.32,18.49,19.13,1.0,0.621616895762495
002265,建设工业,2026-08-04,19.12,19.4,18.96,19.32,15617097.0,300018512.0,0.0151176051722437,19.12,19.4,18.96,19.32,1.0,0.6109266333034026
002265,建设工业,2026-08-05,19.21,19.39,19.03,19.23,15754619.0,302570150.0,0.0152507287161711,19.21,19.39,19.03,19.23,1.0,0.6935999973937091
002265,建设工业,2026-08-06,19.35,19.48,18.61,18.75,15779739.0,297611292.0,0.0152750452867813,19.35,19.48,18.61,18.75,1.0,0.7217925198608064
002265,建设工业,2026-08-07,18.75,19.04,18.47,18.98,11522983.0,216358612.0,0.0111544358980722,18.75,19.04,18.47,18.98,1.0,0.5718915092165244
002265,建设工业,2026-08-10,18.92,20.85,18.83,20.55,41382040.0,834756985.0,0.0400584911486429,18.92,20.85,18.83,20.55,1.0,2.6646640988160706
002265,建设工业,2026-08-11,20.19,20.44,19.67,19.75,26610082.0,528247164.0,0.0257589943429966,20.19,20.44,19.67,19.75,1.0,1.3297530820543173
002265,建设工业,2026-08-12,19.58,20.29,19.49,19.89,13810149.0,274540290.0,0.013368449971967,19.58,20.29,19.49,19.89,1.0,0.6218017011032282
002265,建设工业,2026-08-13,19.93,21.45,19.77,20.6,32787685.0,676814310.0,0.0317390150257694,19.93,21.45,19.77,20.6,1.0,1.5025749096560594
002265,建设工业,2026-08-14,20.59,20.73,20.02,20.35,20928172.0,425457394.0,0.0202588125867955,20.59,20.73,20.02,20.35,1.0,0.8297392863074898
002265,建设工业,2026-08-17,20.26,21.07,20.0,20.14,20819684.0,425503651.0,0.0201537944294564,20.26,21.07,20.0,20.14,1.0,0.7681512542735242
002265,建设工业,2026-08-18,20.21,20.29,19.4,19.49,17114973.0,335935225.0,0.0165675736244458,20.21,20.29,19.4,19.49,1.0,0.7444155566194623
002265,建设工业,2026-08-19,19.19,19.39,18.26,18.3,15696703.0,291315602.0,0.0151946650814792,19.19,19.39,18.26,18.3,1.0,0.7441970566788491
002265,建设工业,2026-08-20,18.52,18.93,18.34,18.67,10446200.0,194837702.0,0.0101120923530341,18.52,18.93,18.34,18.67,1.0,0.48656128644676466
002265,建设工业,2026-08-21,18.47,18.55,18.15,18.29,7084112.0,129677614.0,0.006857536212521,18.47,18.55,18.15,18.29,1.0,0.4166843713550988
002265,建设工业,2026-08-24,18.22,18.43,17.85,18.06,7620869.0,138142566.0,0.0073771257623226,18.22,18.43,17.85,18.06,1.0,0.5354616316491271
002265,建设工业,2026-08-25,18.01,18.82,17.98,18.22,14901257.0,273147107.0,0.0144246603511608,18.01,18.82,17.98,18.22,1.0,1.2854142955720764
002265,建设工业,2026-08-26,18.17,18.66,18.05,18.38,12589881.0,230845836.0,0.0121872106015307,18.17,18.66,18.05,18.38,1.0,1.1291547075137893
002265,建设工业,2026-08-27,18.39,18.9,18.3,18.56,11294385.0,210479753.0,0.0109331492974214,18.39,18.9,18.3,18.56,1.0,1.0727476690379083
002265,建设工业,2026-08-28,18.47,18.84,18.37,18.66,7950098.0,148302199.0,0.0076958248158825,18.47,18.84,18.37,18.66,1.0,0.7431317154910336
002265,建设工业,2026-08-31,18.66,19.18,18.6,19.08,13328098.0,252286110.0,0.0129018167243868,18.66,19.18,18.6,19.08,1.0,1.2259895736461277
002265,建设工业,2026-09-01,18.95,19.62,18.88,19.49,19398132.0,376995102.0,0.0187777088568424,18.95,19.62,18.88,19.49,1.0,1.6147961134407944
002265,建设工业,2026-09-02,19.3,21.44,19.26,21.44,17861910.0,377639477.0,0.0172906208498386,19.3,21.44,19.26,21.44,1.0,1.383344614208475
002265,建设工业,2026-09-03,21.71,22.13,20.78,20.92,43855208.0,934429457.0,0.0424525581989166,21.71,22.13,20.78,20.92,1.0,3.1400229660569963
002265,建设工业,2026-09-04,20.82,21.95,20.65,21.45,39996007.0,857315970.0,0.0387167885486206,20.82,21.95,20.65,21.45,1.0,1.9530550324480729
002265,建设工业,2026-09-07,21.45,21.6,20.76,20.8,25572353.0,536123562.0,0.0247544557083332,21.45,21.6,20.76,20.8,1.0,0.9510739247447297
002265,建设工业,2026-09-08,20.99,21.3,20.56,21.09,24864493.0,519081193.0,,20.99,21.3,20.56,21.09,1.0,0.8475552585595623
002265,建设工业,2026-09-09,20.94,22.25,20.76,21.67,36235004.0,780886384.0,,20.94,22.25,20.76,21.67,1.0,1.1907660501624413
002265,建设工业,2026-09-10,21.28,21.9,20.89,21.11,23389844.0,494384209.0,,21.28,21.9,20.89,21.11,1.0,0.6858264012554548
002457,青龙管业,2026-03-20,11.5,11.58,11.19,11.21,11634600.0,133260658.0,0.0349103964241355,11.6,11.68,11.29,11.31,0.991158267020336,0.6479782245098128
002457,青龙管业,2026-03-23,10.95,10.95,10.44,10.51,18845300.0,203353449.0,0.0565465846468087,11.05,11.05,10.53,10.61,0.99057492931197,1.2103091393101766
002457,青龙管业,2026-03-24,10.74,10.97,10.52,10.92,15018700.0,162814739.0,0.0450646150942158,10.84,11.07,10.62,11.02,0.9909255898366608,0.9459501897613104
002457,青龙管业,2026-03-25,10.91,11.09,10.9,10.99,12967598.0,143984757.0,0.0389101461888528,11.01,11.19,11.0,11.09,0.9909828674481516,0.8122862632133876
002457,青龙管业,2026-03-26,11.01,11.11,10.77,10.82,8970000.0,98617879.0,0.0269150856861856,11.11,11.21,10.87,10.92,0.9908424908424908,0.5982951669262858
002457,青龙管业,2026-03-27,10.7,10.92,10.65,10.9,7401200.0,81041279.0,0.0222077962297209,10.8,11.02,10.75,11.0,0.990909090909091,0.5487557290818798
002457,青龙管业,2026-03-30,10.72,10.97,10.67,10.97,7243400.0,79300505.0,0.0217343067624656,10.82,11.07,10.77,11.07,0.99096657633243,0.573028428266736
002457,青龙管业,2026-03-31,10.99,11.03,10.74,10.75,7257200.0,79684616.0,0.0217757145865982,11.09,11.13,10.84,10.85,0.9907834101382488,0.7032048163192819
002457,青龙管业,2026-04-01,10.95,11.02,10.81,10.89,6146800.0,67459886.0,0.0184438850274075,11.05,11.12,10.91,10.99,0.9909008189262968,0.7010588968397787
002457,青龙管业,2026-04-02,10.89,10.89,10.66,10.74,5438603.0,59025729.0,0.0163188925036952,10.99,10.99,10.76,10.84,0.9907749077490776,0.7345770774691641
002457,青龙管业,2026-04-03,10.74,10.75,10.35,10.39,8576200.0,90623344.0,0.0257334624149236,10.84,10.85,10.44,10.48,0.991412213740458,1.2805190090077097
002457,青龙管业,2026-04-07,10.39,10.66,10.39,10.62,6904100.0,73650062.0,0.0207162143908577,10.48,10.76,10.48,10.72,0.9906716417910446,0.995911887077691
002457,青龙管业,2026-04-08,10.78,10.91,10.75,10.91,7257300.0,79472982.0,0.0217760146432948,10.88,11.01,10.85,11.01,0.9909173478655768,1.0572095256627914
002457,青龙管业,2026-04-09,10.81,10.88,10.69,10.77,6374499.0,69244335.0,0.0191271111250284,10.91,10.98,10.79,10.87,0.9908003679852806,0.9286044988546021
002457,青龙管业,2026-04-10,10.89,11.15,10.88,10.93,10577702.0,117214000.0,0.0317391031987667,10.99,11.25,10.98,11.03,0.9909338168631008,1.5307506631847885
002457,青龙管业,2026-04-13,10.82,10.93,10.78,10.91,7004700.0,76710348.0,0.0210180714276504,10.92,11.03,10.88,11.01,0.9909173478655768,0.8824307282367074
002457,青龙管业,2026-04-14,10.99,11.01,10.65,10.8,13085606.0,141812256.0,0.0392642370953918,11.09,11.11,10.75,10.9,0.9908256880733946,1.7164466485534073
002457,青龙管业,2026-04-15,10.81,11.02,10.68,10.91,16505402.0,180726692.0,0.0495255640038952,10.91,11.12,10.78,11.01,0.9909173478655768,1.8629203057250339
002457,青龙管业,2026-04-16,10.91,11.1,10.81,11.1,14641191.0,162369004.0,0.0439318740593991,11.01,11.2,10.91,11.2,0.9910714285714286,1.3671113656370784
002457,青龙管业,2026-04-17,11.21,11.3,10.95,11.07,13376700.0,149413322.0,0.0401376841358305,11.31,11.4,11.05,11.17,0.991047448522829,1.0820016455335528
002457,青龙管业,2026-04-20,11.2,11.71,11.2,11.42,32206700.0,372093950.0,0.0966383601080575,11.3,11.82,11.3,11.52,0.9913194444444444,2.4922539912998807
002457,青龙管业,2026-04-21,11.42,11.42,11.22,11.26,17129414.0,195366519.0,0.0513979537975639,11.52,11.52,11.32,11.36,0.9911971830985916,0.9535879173950618
002457,青龙管业,2026-04-22,11.2,11.26,11.04,11.17,14310069.0,160751853.0,0.0429383203244402,11.3,11.36,11.14,11.27,0.9911268855368236,0.7623140534011684
002457,青龙管业,2026-04-23,11.16,11.17,10.96,11.01,11036014.0,122701942.0,0.0331142990461476,11.26,11.27,11.06,11.11,0.990999099909991,0.6019814262237569
002457,青龙管业,2026-04-24,10.81,10.88,10.44,10.6,20974000.0,223414853.0,0.0629338915476096,10.91,10.98,10.53,10.7,0.9906542056074766,1.190907490017732
002457,青龙管业,2026-04-27,10.56,10.96,10.44,10.9,16159600.0,174944862.0,0.0484879619458735,10.66,11.06,10.53,11.0,0.990909090909091,0.8446708371648939
002457,青龙管业,2026-04-28,10.88,11.84,10.76,11.27,30899516.0,351563179.0,0.0927160669790038,10.98,11.95,10.86,11.37,0.9912049252418644,1.940702580761593
002457,青龙管业,2026-04-29,11.61,12.23,11.38,11.71,46503048.0,555740830.0,0.1395355096531555,11.72,12.34,11.48,11.82,0.990693739424704,2.490011078377316
002457,青龙管业,2026-04-30,11.68,11.76,11.41,11.44,25770837.0,300272889.0,0.0773271221917194,11.79,11.87,11.51,11.54,0.9913344887348354,1.0261364185305442
002457,青龙管业,2026-05-06,11.64,11.83,11.56,11.67,20890215.0,246053279.0,0.0626824890443523,11.75,11.94,11.66,11.78,0.9906621392190154,0.7444466367006163
002457,青龙管业,2026-05-07,11.7,11.72,11.53,11.56,19034701.0,222929776.0,0.0571148950307607,11.81,11.83,11.63,11.66,0.9914236706689538,0.6787285851438467
002457,青龙管业,2026-05-08,11.58,11.62,11.41,11.49,14438300.0,167232624.0,0.043323086027074,11.68,11.73,11.51,11.59,0.9913718723037102,0.5044888124016161
002457,青龙管业,2026-05-11,11.85,12.28,11.65,11.69,35924801.0,431808389.0,0.1077947711453922,11.96,12.39,11.76,11.8,0.9906779661016948,1.418415326800635
002457,青龙管业,2026-05-12,11.79,11.84,11.39,11.45,20241053.0,234615259.0,0.0607346349914855,11.9,11.95,11.49,11.55,0.9913419913419912,0.8720167528106042
002457,青龙管业,2026-05-13,11.37,11.72,11.36,11.6,18889200.0,221148185.0,0.0566783095366218,11.47,11.83,11.46,11.71,0.9906063193851408,0.8544901354910522
002457,青龙管业,2026-05-14,11.6,12.09,11.35,11.76,34092657.0,406364078.0,0.102297300381799,11.71,12.2,11.45,11.87,0.9907329401853412,1.5706840503130735
002457,青龙管业,2026-05-15,11.7,12.13,11.61,12.0,32616107.0,392423886.0,0.0978668132279598,11.81,12.24,11.72,12.11,0.990916597853014,1.319571152757734
002457,青龙管业,2026-05-18,12.25,13.07,11.89,12.69,50619124.0,632907313.0,0.1518860713288358,12.36,13.19,12.0,12.8,0.99140625,1.7853329824962811
002457,青龙管业,2026-05-19,12.54,13.17,12.47,12.58,44785909.0,578766462.0,0.134383119093502,12.65,13.29,12.58,12.69,0.9913317572892042,1.4312425263956063
002457,青龙管业,2026-05-20,12.64,13.08,12.5,12.7,33551887.0,431800582.0,0.1006746837835249,12.75,13.2,12.61,12.81,0.9914129586260731,0.926832360681851
002457,青龙管业,2026-05-21,12.54,13.36,12.35,13.15,53586215.0,693860735.0,0.1607890265689373,12.65,13.48,12.46,13.27,0.9909570459683498,1.3693309400129663
002457,青龙管业,2026-05-22,12.91,13.54,12.88,13.28,47240300.0,629560370.0,0.1417476836500687,13.03,13.66,13.0,13.4,0.9910447761194028,1.0977985319357093
002457,青龙管业,2026-05-25,13.63,13.84,13.03,13.13,48356414.0,655907438.0,0.1450966584489039,13.75,13.97,13.15,13.25,0.9909433962264153,1.0522171452437379
002457,青龙管业,2026-05-26,12.88,12.88,11.85,11.86,43482552.0,531269292.0,0.1304723091342278,12.88,12.88,11.85,11.86,1.0,0.9555734318269248
002457,青龙管业,2026-05-27,11.73,11.87,11.0,11.15,34010500.0,385757567.0,0.1020507828015627,11.73,11.87,11.0,11.15,1.0,0.7517216803618721
002457,青龙管业,2026-05-28,11.1,11.35,10.98,11.14,21256500.0,237342888.0,0.0637815517155413,11.1,11.35,10.98,11.14,1.0,0.4688741150744154
002457,青龙管业,2026-05-29,11.72,12.25,11.72,12.25,22489800.0,273003106.0,0.0674821509548693,11.72,12.25,11.72,12.25,1.0,0.5786012888974157
002457,青龙管业,2026-06-01,12.37,13.23,12.26,12.58,59280802.0,755537476.0,0.1778760162068903,12.37,13.23,12.26,12.58,1.0,1.7477087841921712
002457,青龙管业,2026-06-02,12.39,12.5,11.84,11.96,38599301.0,465321558.0,0.1158197874963068,12.39,12.5,11.84,11.96,1.0,1.0691133412172915
002457,青龙管业,2026-06-03,11.84,12.11,11.55,11.9,29007000.0,342907085.0,0.0870374459865314,11.84,12.11,11.55,11.9,1.0,0.825766097686202
002457,青龙管业,2026-06-04,11.8,12.08,11.68,11.9,23953586.0,284953759.0,0.0718743388719528,11.8,12.08,11.68,11.9,1.0,0.7019020185631532
002457,青龙管业,2026-06-05,11.88,12.4,11.86,12.2,33309765.0,404982842.0,0.0999481805085516,11.88,12.4,11.86,12.2,1.0,0.9608743733481304
002457,青龙管业,2026-06-08,12.2,13.2,12.2,12.44,50511960.0,641143070.0,0.1515645185704774,12.2,13.2,12.2,12.44,1.0,1.3714861653287047
002457,青龙管业,2026-06-09,12.62,13.35,12.48,13.05,54357712.0,704844611.0,0.1631039549816056,12.62,13.35,12.48,13.05,1.0,1.5496981519362476
002457,青龙管业,2026-06-10,12.81,12.95,12.28,12.38,37063413.0,464360999.0,0.1112112526998314,12.81,12.95,12.28,12.38,1.0,0.969535642464582
002457,青龙管业,2026-06-11,12.08,12.22,11.7,11.77,26824801.0,318574100.0,0.0804896117536096,12.08,12.22,11.7,11.77,1.0,0.6733253249571192
002457,青龙管业,2026-06-12,12.14,12.95,12.14,12.95,50433622.0,645469285.0,0.1513294601554847,12.14,12.95,12.14,12.95,1.0,1.247939038000694
002457,青龙管业,2026-06-15,12.9,13.18,12.64,12.98,52863538.0,679737845.0,0.1586205858355553,12.9,13.18,12.64,12.98,1.0,1.2058755944139952
002457,青龙管业,2026-06-16,12.86,13.44,12.75,13.34,46497325.0,609342597.0,0.1395183374084083,12.86,13.44,12.75,13.34,1.0,1.0493968879714892
002457,青龙管业,2026-06-17,13.21,13.59,12.99,13.48,39275961.0,523964446.0,0.1178501511396082,13.21,13.59,12.99,13.48,1.0,0.9190252927308823
002457,青龙管业,2026-06-18,13.26,13.4,12.89,13.09,31522438.0,412531535.0,0.0945851861546794,13.26,13.4,12.89,13.09,1.0,0.7300401106097533
002457,青龙管业,2026-06-22,13.35,13.45,12.89,13.3,33624572.0,444818671.0,0.1008927799934581,13.35,13.45,12.89,13.3,1.0,0.7621409038743063
002457,青龙管业,2026-06-23,13.09,13.77,12.58,13.45,46070333.0,604360861.0,0.1382371193184065,13.09,13.77,12.58,13.45,1.0,1.1303726133644145
002457,青龙管业,2026-06-24,13.14,13.14,12.7,12.7,27964138.0,360466679.0,0.0839082687190992,13.14,13.14,12.7,12.7,1.0,0.7097834587857477
002457,青龙管业,2026-06-25,12.69,12.96,12.45,12.77,20947241.0,265937418.0,0.0628535993761629,12.69,12.96,12.45,12.77,1.0,0.5868973791521679
002457,青龙管业,2026-06-26,12.65,12.76,12.2,12.26,19725703.0,245503670.0,0.0591882928054904,12.65,12.76,12.2,12.26,1.0,0.6159326931991627
002457,青龙管业,2026-06-29,12.2,12.52,11.9,12.45,17434295.0,214797264.0,0.0523127696547645,12.2,12.52,11.9,12.45,1.0,0.5876781991735875
002457,青龙管业,2026-06-30,12.5,12.54,12.06,12.23,17397204.0,212618142.0,0.0521675940397041,12.5,12.54,12.06,12.23,1.0,0.6582782983510657
002457,青龙管业,2026-07-01,12.11,12.95,12.07,12.84,30135552.0,381176700.0,0.0903650519300913,12.11,12.95,12.07,12.84,1.0,1.456265839772172
002457,青龙管业,2026-07-02,12.9,13.19,12.75,12.76,23007301.0,297654771.0,0.0689901399395718,12.9,13.19,12.75,12.76,1.0,1.088948413903276
002457,青龙管业,2026-07-03,12.7,13.16,12.59,12.79,22358304.0,287072815.0,0.067044044921718,12.7,13.16,12.59,12.79,1.0,1.037989442066673
002457,青龙管业,2026-07-06,12.85,14.07,12.72,14.07,53598148.0,721692120.0,0.1607204483056001,12.85,14.07,12.72,14.07,1.0,2.4289340048154013
002457,青龙管业,2026-07-07,14.75,15.48,14.38,14.99,92438831.0,1383427146.0,0.2771888752418386,14.75,15.48,14.38,14.99,1.0,3.154984089074778
002457,青龙管业,2026-07-08,14.93,16.3,14.14,15.48,87073222.0,1313594073.0,0.2610994558105448,14.93,16.3,14.14,15.48,1.0,1.9651971342757888
002457,青龙管业,2026-07-09,15.16,15.37,14.59,15.06,63297016.0,946834366.0,0.1898036623938338,15.16,15.37,14.59,15.06,1.0,1.1364903994568203
002457,青龙管业,2026-07-10,14.7,16.5,14.48,15.76,77064778.0,1188318777.0,0.231087941111912,14.7,16.5,14.48,15.76,1.0,1.208800402224179
002457,青龙管业,2026-07-13,14.2,14.68,14.18,14.18,24949678.0,355860761.0,0.0748145893630572,14.2,14.68,14.18,14.18,1.0,0.3340234118491267
002457,青龙管业,2026-07-14,12.76,12.98,12.76,12.76,39918301.0,509794382.0,0.1196997932152037,12.76,12.98,12.76,12.76,1.0,0.5788221815782435
002457,青龙管业,2026-07-15,12.41,12.43,11.48,11.7,56886291.0,671528318.0,0.1705803378124711,12.41,12.43,11.48,11.7,1.0,0.9730706146202847
002457,青龙管业,2026-07-16,11.59,11.59,11.18,11.19,33197467.0,374802128.0,0.0995465697592828,11.59,11.59,11.18,11.19,1.0,0.6332589176983827
002457,青龙管业,2026-07-17,11.02,11.27,10.23,10.25,39191439.0,422825097.0,0.117520210694996,11.02,11.27,10.23,10.25,1.0,0.8445829599673109
002457,青龙管业,2026-07-20,10.3,10.39,9.9,10.05,29237000.0,295610883.0,0.0876706364389835,10.3,10.39,9.9,10.05,1.0,0.7529752165999385
002457,青龙管业,2026-07-21,10.0,10.14,9.38,10.06,33950398.0,331760461.0,0.1018043232895574,10.0,10.14,9.38,10.06,1.0,0.8554732851600261
002457,青龙管业,2026-07-22,9.89,9.96,9.63,9.65,22769882.0,223035196.0,0.0682782107117882,9.89,9.96,9.63,9.65,1.0,0.5915404497169957
002457,青龙管业,2026-07-23,9.6,10.1,9.6,10.03,24493780.0,243194293.0,0.0734475247596006,9.6,10.1,9.6,10.03,1.0,0.7734250069022819
002457,青龙管业,2026-07-24,9.88,9.88,9.57,9.58,19584100.0,190336807.0,0.0587252628889659,9.88,9.88,9.57,9.58,1.0,0.6543629026136485
002457,青龙管业,2026-07-27,9.81,9.93,9.65,9.93,19502800.0,191359931.0,0.0584814751288506,9.81,9.93,9.65,9.93,1.0,0.7499048718823432
002457,青龙管业,2026-07-28,9.81,10.25,9.79,10.03,26526400.0,268711967.0,0.079542578596814,9.81,10.25,9.79,10.03,1.0,1.1025015926722446
002457,青龙管业,2026-07-29,9.93,10.29,9.89,10.26,22311481.0,225848023.0,0.0669036405638843,9.93,10.29,9.89,10.26,1.0,0.9883097757361684
002457,青龙管业,2026-07-30,10.2,10.27,9.88,9.9,23083999.0,232254193.0,0.0692201280530443,10.2,10.27,9.88,9.9,1.0,1.0266987406109922
002457,青龙管业,2026-07-31,10.0,10.49,9.99,10.41,28791500.0,296473216.0,0.0863347514804184,10.0,10.49,9.99,10.41,1.0,1.296811837766346
002457,青龙管业,2026-08-03,10.63,11.06,10.62,10.86,32786700.0,354467104.0,0.0983148358495748,10.63,11.06,10.62,10.86,1.0,1.3636558739430915
002457,青龙管业,2026-08-04,10.88,10.88,10.65,10.83,24536600.0,264166779.0,0.0735759256438335,10.88,10.88,10.65,10.83,1.0,0.9189732320759658
002457,青龙管业,2026-08-05,10.89,11.31,10.67,11.11,35602553.0,390216155.0,0.1067585073832007,10.89,11.31,10.67,11.11,1.0,1.3536034217249024
002457,青龙管业,2026-08-06,10.98,10.98,10.74,10.86,23948700.0,260159979.0,0.0718130372776373,10.98,10.98,10.74,10.86,1.0,0.8269501516809042
002457,青龙管业,2026-08-07,10.86,10.86,10.63,10.83,18149001.0,195379420.0,0.0544219471355388,10.86,10.86,10.63,10.83,1.0,0.6229660454931115
002457,青龙管业,2026-08-10,11.14,11.77,10.93,11.52,44366999.0,502983966.0,0.1330397455011712,11.14,11.77,10.93,11.52,1.0,1.6429355355288604
002457,青龙管业,2026-08-11,11.53,11.6,11.13,11.16,30939775.0,347768580.0,0.0927766106484574,11.53,11.6,11.13,11.16,1.0,1.0552169798702358
002457,青龙管业,2026-08-12,11.05,11.17,10.94,11.13,18922300.0,209722547.0,0.056740776546478,11.05,11.17,10.94,11.13,1.0,0.61834741342731
002457,青龙管业,2026-08-13,11.05,11.11,10.8,10.8,20193153.0,221290968.0,0.0605515810520836,11.05,11.11,10.8,10.8,1.0,0.7406158107972554
002457,青龙管业,2026-08-14,10.77,10.85,10.63,10.77,15067001.0,161355882.0,0.045180202034983,10.77,10.85,10.63,10.77,1.0,0.5682605957304703
002457,青龙管业,2026-08-17,10.78,10.85,10.65,10.84,12403402.0,133889905.0,0.0371930823049068,10.78,10.85,10.65,10.84,1.0,0.47893566868743703
002457,青龙管业,2026-08-18,10.9,11.24,10.75,11.06,24093099.0,266454161.0,0.0722460349255202,10.9,11.24,10.75,11.06,1.0,1.235218821603933
002457,青龙管业,2026-08-19,10.9,10.94,10.5,10.51,17440302.0,186766920.0,0.0522968285401401,10.9,10.94,10.5,10.51,1.0,0.9616510247609271
002457,青龙管业,2026-08-20,10.53,10.66,10.42,10.52,12047651.0,126818527.0,0.0361263204420684,10.53,10.66,10.42,10.52,1.0,0.6753397988678023
002457,青龙管业,2026-08-21,10.53,10.69,10.3,10.61,10946800.0,115633711.0,0.0328252872377557,10.53,10.69,10.3,10.61,1.0,0.6752994131937545
002457,青龙管业,2026-08-24,10.75,10.94,10.64,10.7,14961126.0,161375164.0,0.0448627232022376,10.75,10.94,10.64,10.7,1.0,0.9723698251428476
002457,青龙管业,2026-08-25,10.54,11.08,10.51,11.02,20132000.0,218996930.0,0.0603682064777376,10.54,11.08,10.51,11.02,1.0,1.2663390891753572
002457,青龙管业,2026-08-26,10.93,11.03,10.93,11.0,13406001.0,147261618.0,0.0401994951524318,10.93,11.03,10.93,11.0,1.0,0.8874869238682049
002457,青龙管业,2026-08-27,11.0,11.06,10.87,11.05,13640302.0,149807230.0,0.0409020746848151,11.0,11.06,10.87,11.05,1.0,0.9539529550472352
002457,青龙管业,2026-08-28,11.0,11.2,10.94,11.11,17122700.0,189587485.0,0.0513444610101509,11.0,11.2,10.94,11.11,1.0,1.1714039863788839
002457,青龙管业,2026-08-31,11.14,11.43,11.06,11.33,26042222.0,293712993.0,0.0780907130357183,11.14,11.43,11.06,11.33,1.0,1.6427909727229253
002457,青龙管业,2026-09-01,11.58,12.18,11.36,11.66,43309931.0,511985550.0,0.1298700008516079,11.58,12.18,11.36,11.66,1.0,2.396966180917274
002457,青龙管业,2026-09-02,11.51,12.82,11.35,12.2,60587101.0,733630077.0,0.1816776586059778,11.51,12.82,11.35,12.2,1.0,2.6685378802872655
002457,青龙管业,2026-09-03,12.11,12.28,11.85,12.04,39276700.0,472287030.0,0.1177758759866957,12.11,12.28,11.85,12.04,1.0,1.2220332488673962
002457,青龙管业,2026-09-04,12.05,12.39,11.99,12.06,35962799.0,438489075.0,0.1078387480404022,12.05,12.39,11.99,12.06,1.0,0.9649849408056796
002457,青龙管业,2026-09-07,12.1,12.33,11.87,12.12,32792425.0,396707994.0,0.0983320029458437,12.1,12.33,11.87,12.12,1.0,0.7991184399098088
002457,青龙管业,2026-09-08,12.5,12.97,12.38,12.88,55816482.0,712454859.0,0.1673723877526786,12.5,12.97,12.38,12.88,1.0,1.3168677620438047
002457,青龙管业,2026-09-09,12.7,12.7,12.04,12.12,48448301.0,596574307.0,0.1452780170009727,12.7,12.7,12.04,12.12,1.0,1.0793368136709314
002457,青龙管业,2026-09-10,12.01,13.33,11.98,12.71,62377075.0,802544382.0,0.1870451094316176,12.01,13.33,11.98,12.71,1.0,1.4691013318449637
002548,金新农,2026-03-20,5.8,5.89,5.54,5.59,24347444.0,138727621.0,0.0302651420741706,5.8,5.89,5.54,5.59,1.0,1.0766458646577308
002548,金新农,2026-03-23,5.36,5.42,5.08,5.12,33303316.0,174562901.0,0.0413977578213548,5.36,5.42,5.08,5.12,1.0,1.3807645595997804
002548,金新农,2026-03-24,5.31,5.39,5.12,5.39,24110684.0,127107448.0,0.0299708370523588,5.31,5.39,5.12,5.39,1.0,0.8746646802704087
002548,金新农,2026-03-25,5.41,5.65,5.37,5.63,30002580.0,165748221.0,0.0372947709127771,5.41,5.65,5.37,5.63,1.0,1.068103675154719
002548,金新农,2026-03-26,5.63,5.68,5.2,5.26,32222338.0,173548224.0,0.0400540458181953,5.63,5.68,5.2,5.26,1.0,1.1715492109461412
002548,金新农,2026-03-27,5.21,5.56,5.17,5.55,32655407.0,178376499.0,0.0405923731601914,5.21,5.56,5.17,5.55,1.0,1.1339756955592781
002548,金新农,2026-03-30,5.56,5.6,5.45,5.51,22311130.0,123046097.0,0.0277338976233106,5.56,5.6,5.45,5.51,1.0,0.732500373864883
002548,金新农,2026-03-31,5.56,5.57,5.3,5.31,19948594.0,107771289.0,0.0247971422211689,5.56,5.57,5.3,5.31,1.0,0.7058843603209715
002548,金新农,2026-04-01,5.4,5.5,5.34,5.48,14588702.0,78999427.0,0.0181345170650248,5.4,5.5,5.34,5.48,1.0,0.5318906514318075
002548,金新农,2026-04-02,5.47,5.58,5.34,5.42,18384830.0,99955609.0,0.0228533020533684,5.47,5.58,5.34,5.42,1.0,0.7551716220499535
002548,金新农,2026-04-03,5.4,5.42,5.0,5.13,28118470.0,145230608.0,0.0349527239679986,5.4,5.42,5.0,5.13,1.0,1.3031244070565597
002548,金新农,2026-04-07,5.11,5.3,5.1,5.23,16365296.0,85299105.0,0.0203429160172154,5.11,5.3,5.1,5.23,1.0,0.7917282387717454
002548,金新农,2026-04-08,5.32,5.46,5.3,5.37,22180590.0,119386950.0,0.027571629598529,5.32,5.46,5.3,5.37,1.0,1.1385651085665331
002548,金新农,2026-04-09,5.32,5.35,5.06,5.08,38317700.0,196602977.0,0.0476308985228776,5.32,5.35,5.06,5.08,1.0,1.9228478628531347
002548,金新农,2026-04-10,5.08,5.13,5.03,5.05,24223387.0,122659383.0,0.0301109327563343,5.08,5.13,5.03,5.05,1.0,0.9817621156458468
002548,金新农,2026-04-13,5.05,5.11,4.93,5.01,27311405.0,137135081.0,0.0339495001023603,5.05,5.11,4.93,5.01,1.0,1.0568983924307276
002548,金新农,2026-04-14,5.05,5.17,4.97,5.17,37068545.0,188316676.0,0.0460781337419971,5.05,5.17,4.97,5.17,1.0,1.4434974015014426
002548,金新农,2026-04-15,5.17,5.19,5.0,5.07,25676786.0,129809566.0,0.0319175834760344,5.17,5.19,5.0,5.07,1.0,0.8610498261028366
002548,金新农,2026-04-16,5.06,5.18,5.02,5.16,26762049.0,136789251.0,0.0332666219575621,5.06,5.18,5.02,5.16,1.0,0.8768817429328595
002548,金新农,2026-04-17,5.17,5.21,5.1,5.18,19415293.0,100103608.0,0.0241342212782849,5.17,5.21,5.1,5.18,1.0,0.6882797082846966
002548,金新农,2026-04-20,5.2,5.3,5.1,5.13,22737170.0,116818523.0,0.0282634875518994,5.2,5.3,5.1,5.13,1.0,0.8344890769547396
002548,金新农,2026-04-21,5.11,5.14,5.02,5.06,18782579.0,94986406.0,0.0233477247942056,5.11,5.14,5.02,5.06,1.0,0.7132994606411615
002548,金新农,2026-04-22,5.04,5.09,5.0,5.04,17611540.0,88628761.0,0.0218920622733515,5.04,5.09,5.0,5.04,1.0,0.7767018499332082
002548,金新农,2026-04-23,5.0,5.04,4.8,4.87,29434570.0,144257044.0,0.0365887048735842,5.0,5.04,4.8,4.87,1.0,1.3975383461209367
002548,金新农,2026-04-24,4.86,4.88,4.75,4.78,20167485.0,96630403.0,0.0250692351445065,4.86,4.88,4.75,4.78,1.0,0.9338428339790263
002548,金新农,2026-04-27,4.78,4.84,4.71,4.8,15731701.0,75402731.0,0.0195553244042114,4.78,4.84,4.71,4.8,1.0,0.7234073937797774
002548,金新农,2026-04-28,4.76,4.76,4.59,4.62,30422415.0,141460251.0,0.037816647702912,4.76,4.76,4.59,4.62,1.0,1.4952841096896992
002548,金新农,2026-04-29,4.62,5.08,4.58,5.08,34428101.0,171029574.0,0.0427959242090831,4.62,5.08,4.58,5.08,1.0,1.5184262210251382
002548,金新农,2026-04-30,5.1,5.48,5.0,5.39,88893680.0,469081129.0,0.1104994780846752,5.1,5.48,5.0,5.39,1.0,3.414148215999549
002548,金新农,2026-05-06,5.33,5.37,5.2,5.27,48509160.0,255014820.0,0.0602994145627226,5.33,5.37,5.2,5.27,1.0,1.278957364301803
002548,金新农,2026-05-07,5.26,5.27,5.12,5.17,35086968.0,181371980.0,0.0436149302354644,5.26,5.27,5.12,5.17,1.0,0.8048021383410698
002548,金新农,2026-05-08,5.16,5.26,5.15,5.2,25987960.0,135116609.0,0.0323043889788949,5.16,5.26,5.15,5.2,1.0,0.5474830311599306
002548,金新农,2026-05-11,5.19,5.23,5.11,5.16,33668858.0,173930779.0,0.0418521455823073,5.19,5.23,5.11,5.16,1.0,0.722799690376201
002548,金新农,2026-05-12,5.14,5.14,4.84,4.86,41731910.0,206429781.0,0.0518749395286216,5.14,5.14,4.84,4.86,1.0,0.8988265459434245
002548,金新农,2026-05-13,4.92,4.92,4.78,4.82,27826567.0,134120072.0,0.0345898733226956,4.92,4.92,4.78,4.82,1.0,0.7521309474111761
002548,金新农,2026-05-14,4.82,5.05,4.76,4.85,49000960.0,239866265.0,0.0609107475992449,4.82,5.05,4.76,4.85,1.0,1.491183356372882
002548,金新农,2026-05-15,4.81,4.85,4.69,4.76,30279230.0,144800072.0,0.0376386612839725,4.81,4.85,4.69,4.76,1.0,0.8495080878004085
002548,金新农,2026-05-18,4.72,4.74,4.6,4.65,24042256.0,111699326.0,0.0298857774813479,4.72,4.74,4.6,4.65,1.0,0.6586647865615404
002548,金新农,2026-05-19,4.69,4.69,4.45,4.56,29127680.0,132593523.0,0.0362072246060398,4.69,4.69,4.45,4.56,1.0,0.8424203056805752
002548,金新农,2026-05-20,4.53,4.55,4.37,4.41,28103578.0,124760889.0,0.0349342124357092,4.53,4.55,4.37,4.41,1.0,0.8767206720443127
002548,金新农,2026-05-21,4.43,4.51,4.33,4.34,28919360.0,127620128.0,0.0359482719867468,4.43,4.51,4.33,4.34,1.0,0.9006132926089329
002548,金新农,2026-05-22,4.39,4.49,4.34,4.37,19631450.0,86253985.0,0.0244029156971046,4.39,4.49,4.34,4.37,1.0,0.698766852669908
002548,金新农,2026-05-25,4.39,4.45,4.3,4.36,20165550.0,87906154.0,0.0250668298386389,4.39,4.45,4.3,4.36,1.0,0.7766476026480215
002548,金新农,2026-05-26,4.33,4.38,4.23,4.31,17244470.0,74013173.0,0.0214357751287475,4.33,4.38,4.23,4.31,1.0,0.6845889693602621
002548,金新农,2026-05-27,4.3,4.33,4.18,4.2,17767440.0,75129961.0,0.0220858541000978,4.3,4.33,4.18,4.2,1.0,0.7788336568581498
002548,金新农,2026-05-28,4.2,4.22,4.11,4.19,18609640.0,77697658.0,0.0231327526022513,4.2,4.22,4.11,4.19,1.0,0.8970380013086114
002548,金新农,2026-05-29,4.2,4.23,4.1,4.1,22191860.0,92456029.0,0.0275856387960109,4.2,4.23,4.1,4.1,1.0,1.1877651708359849
002548,金新农,2026-06-01,4.1,4.24,4.04,4.18,21894160.0,91639274.0,0.0272155821775223,4.1,4.24,4.04,4.18,1.0,1.1405708084355155
002548,金新农,2026-06-02,4.21,4.22,3.98,4.07,21529930.0,87343308.0,0.0267628253009616,4.21,4.22,3.98,4.07,1.0,1.1017534260651451
002548,金新农,2026-06-03,4.06,4.14,4.0,4.1,23279231.0,94703499.0,0.0289372976314243,4.06,4.14,4.0,4.1,1.0,1.1412167576549104
002548,金新农,2026-06-04,4.12,4.16,3.96,3.97,22994077.0,92490412.0,0.0285828363449329,4.12,4.16,3.96,3.97,1.0,1.06944399265592
002548,金新农,2026-06-05,3.96,4.07,3.95,3.99,21921556.0,87816133.0,0.0272496368336194,3.96,4.07,3.95,3.99,1.0,0.9796094992425456
002548,金新农,2026-06-08,3.95,4.27,3.92,4.05,41865452.0,171925112.0,0.0520409391958913,3.95,4.27,3.92,4.05,1.0,1.875373782843369
002548,金新农,2026-06-09,4.08,4.09,3.92,4.03,24170624.0,96620526.0,0.0300453455969077,4.08,4.09,3.92,4.03,1.0,0.9184048489429832
002548,金新农,2026-06-10,4.03,4.1,3.93,4.02,22442444.0,89856642.0,0.0278971277704393,4.03,4.1,3.93,4.02,1.0,0.8359638992321741
002548,金新农,2026-06-11,3.98,4.06,3.93,3.98,18897346.0,75079653.0,0.0234903861577732,3.98,4.06,3.93,3.98,1.0,0.7083273732395152
002548,金新农,2026-06-12,4.0,4.06,3.93,4.0,26971666.0,108148748.0,0.0335271868154651,4.0,4.06,3.93,4.0,1.0,1.0430086533357177
002548,金新农,2026-06-15,4.05,4.11,3.9,3.97,31117840.0,123851542.0,0.0386810972289867,4.05,4.11,3.9,3.97,1.0,1.1581098490145691
002548,金新农,2026-06-16,3.96,4.07,3.92,4.04,26212588.0,104934204.0,0.0325836132922905,3.96,4.07,3.92,4.04,1.0,1.0603804597931779
002548,金新农,2026-06-17,4.03,4.07,3.85,3.91,33585132.0,131399381.0,0.0417480697998432,4.03,4.07,3.85,3.91,1.0,1.3365420403915624
002548,金新农,2026-06-18,3.88,3.9,3.77,3.83,22669164.0,86706879.0,0.0281789525488865,3.88,3.9,3.77,3.83,1.0,0.8286447685050329
002548,金新农,2026-06-22,3.8,3.82,3.64,3.74,29499796.0,108811268.0,0.0366697841916814,3.8,3.82,3.64,3.74,1.0,1.049393627710558
002548,金新农,2026-06-23,3.71,3.95,3.69,3.82,34130228.0,131655158.0,0.0424256525425763,3.71,3.95,3.69,3.82,1.0,1.1926596951228547
002548,金新农,2026-06-24,3.82,3.85,3.58,3.64,28548390.0,104411129.0,0.0354871369388438,3.82,3.85,3.58,3.64,1.0,0.9770360779983105
002548,金新农,2026-06-25,3.62,3.62,3.51,3.56,19061073.0,67722182.0,0.0236939073535249,3.62,3.62,3.51,3.56,1.0,0.6420779153058649
002548,金新农,2026-06-26,3.58,3.6,3.49,3.51,26278003.0,92937349.0,0.0326649275472399,3.58,3.6,3.49,3.51,1.0,0.981191386955276
002548,金新农,2026-06-29,3.47,3.65,3.46,3.62,31548410.0,113402520.0,0.039216318183715,3.47,3.65,3.46,3.62,1.0,1.1470690019138656
002548,金新农,2026-06-30,3.61,3.81,3.55,3.69,27471903.0,101610672.0,0.0341490074827909,3.61,3.81,3.55,3.69,1.0,0.9841896496587739
002548,金新农,2026-07-01,3.7,4.06,3.7,4.06,28292714.0,111021061.0,0.0351693183429798,3.7,4.06,3.7,4.06,1.0,1.0643738919149344
002548,金新农,2026-07-02,4.13,4.35,4.0,4.17,78516771.0,327160195.0,0.0976004392707554,4.13,4.35,4.0,4.17,1.0,2.9594996695981517
002548,金新农,2026-07-03,4.15,4.31,4.02,4.05,55328882.0,228863450.0,0.0687766845068016,4.15,4.31,4.02,4.05,1.0,1.4400477677634755
002548,金新农,2026-07-06,4.11,4.18,4.01,4.12,40928707.0,168018328.0,0.0508765163303014,4.11,4.18,4.01,4.12,1.0,0.9253244548213075
002548,金新农,2026-07-07,4.1,4.17,4.0,4.02,26793600.0,108654103.0,0.0333058414952509,4.1,4.17,4.0,4.02,1.0,0.5811078098086642
002548,金新农,2026-07-08,4.08,4.08,3.86,3.88,23483490.0,92175203.0,0.0291912022160258,4.08,4.08,3.86,3.88,1.0,0.5108200892163051
002548,金新农,2026-07-09,3.86,3.93,3.78,3.81,25140275.0,96238888.0,0.0312506723358197,3.86,3.93,3.78,3.81,1.0,0.5585450571413781
002548,金新农,2026-07-10,3.78,4.19,3.71,4.19,42757510.0,171963737.0,0.0531498137910398,3.78,4.19,3.71,4.19,1.0,1.2453042509625487
002548,金新农,2026-07-13,4.18,4.23,4.03,4.05,44403710.0,181724561.0,0.0551961262040594,4.18,4.23,4.03,4.05,1.0,1.395434013547225
002548,金新农,2026-07-14,4.14,4.15,3.86,4.0,31674166.0,125397455.0,0.0393726394471166,4.14,4.15,3.86,4.0,1.0,0.9741186393029562
002548,金新农,2026-07-15,3.95,4.4,3.87,4.19,65006496.0,272000430.0,0.0808064631829116,3.95,4.4,3.87,4.19,1.0,1.9409657702134175
002548,金新农,2026-07-16,4.16,4.48,4.16,4.23,66283076.0,283981207.0,0.082393318668401,4.16,4.48,4.16,4.23,1.0,1.585854911048698
002548,金新农,2026-07-17,4.25,4.34,4.0,4.09,49464363.0,206308031.0,0.06148678168449,4.25,4.34,4.0,4.09,1.0,0.9887930296024278
002548,金新农,2026-07-20,4.08,4.17,3.98,4.03,37781466.0,153699340.0,0.0469643317081023,4.08,4.17,3.98,4.03,1.0,0.735529330515837
002548,金新农,2026-07-21,4.02,4.06,3.84,4.0,35278426.0,138931014.0,0.0438529225097761,4.02,4.06,3.84,4.0,1.0,0.7049775598708422
002548,金新农,2026-07-22,3.98,4.07,3.95,4.0,24756888.0,98957778.0,0.030774102309644,3.98,4.07,3.95,4.0,1.0,0.487697780152852
002548,金新农,2026-07-23,3.99,4.0,3.84,4.0,25537465.0,100086328.0,0.0317444002105173,3.99,4.0,3.84,4.0,1.0,0.597887256572694
002548,金新农,2026-07-24,3.96,3.99,3.76,3.76,30824814.0,118204413.0,0.0383168506361441,3.96,3.99,3.76,3.76,1.0,0.8918256649770029
002548,金新农,2026-07-27,3.76,3.88,3.72,3.85,20472142.0,78627044.0,0.0254479396766492,3.76,3.88,3.72,3.85,1.0,0.6639079954431425
002548,金新农,2026-07-28,3.79,3.92,3.76,3.79,18168202.0,69549912.0,0.0225840221569964,3.79,3.92,3.76,3.79,1.0,0.6637041417520096
002548,金新农,2026-07-29,3.78,3.82,3.71,3.8,23401552.0,88069545.0,0.0290893490107664,3.78,3.82,3.71,3.8,1.0,0.9770226934209844
002548,金新农,2026-07-30,3.77,3.91,3.74,3.76,29136927.0,110966071.0,0.0362187191090669,3.77,3.91,3.74,3.76,1.0,1.2304011661750947
002548,金新农,2026-07-31,3.73,3.84,3.73,3.83,23396200.0,88869158.0,0.0290826961957776,3.73,3.84,3.73,3.83,1.0,0.9588320715389821
002548,金新农,2026-08-03,3.87,3.92,3.83,3.88,24009445.0,93227849.0,0.029844991697978,3.87,3.92,3.83,3.88,1.0,1.0477608632031432
002548,金新农,2026-08-04,3.95,3.99,3.85,3.9,19225176.0,75135436.0,0.0238978959368767,3.95,3.99,3.85,3.9,1.0,0.813851384147663
002548,金新农,2026-08-05,3.9,4.02,3.9,3.98,27291295.0,108358660.0,0.0339245023240674,3.9,4.02,3.9,3.98,1.0,1.145063997187195
002548,金新农,2026-08-06,3.97,4.0,3.89,3.98,24236139.0,95577325.0,0.0301267841570699,3.97,4.0,3.89,3.98,1.0,0.9847362050426477
002548,金新农,2026-08-07,3.97,3.98,3.87,3.95,20600128.0,80709995.0,0.0256070329462961,3.97,3.98,3.87,3.95,1.0,0.8717176806647999
002548,金新农,2026-08-10,3.96,4.19,3.95,4.18,40984488.0,168349589.0,0.0509458550210502,3.96,4.19,3.95,4.18,1.0,1.7763398253308018
002548,金新农,2026-08-11,4.16,4.19,4.1,4.12,24569000.0,101750128.0,0.0305405477314291,4.16,4.19,4.1,4.12,1.0,0.9282724424040746
002548,金新农,2026-08-12,4.17,4.17,4.08,4.15,23654644.0,97417246.0,0.0294039555599317,4.17,4.17,4.08,4.15,1.0,0.8590377542878994
002548,金新农,2026-08-13,4.15,4.17,4.04,4.12,30717507.0,126240015.0,0.0381834624414509,4.15,4.17,4.04,4.12,1.0,1.1457959910730773
002548,金新农,2026-08-14,4.12,4.13,4.01,4.05,23070980.0,93551417.0,0.028678430782728,4.12,4.13,4.01,4.05,1.0,0.820880771282323
002548,金新农,2026-08-17,4.05,4.22,4.05,4.2,35030562.0,146028322.0,0.0435448146371357,4.05,4.22,4.05,4.2,1.0,1.2248737853025742
002548,金新农,2026-08-18,4.2,4.32,4.18,4.27,39884530.0,170273843.0,0.0495785498885024,4.2,4.32,4.18,4.27,1.0,1.4551863046065505
002548,金新农,2026-08-19,4.26,4.37,4.11,4.17,49045866.0,206255023.0,0.0609665680981023,4.26,4.37,4.11,4.17,1.0,1.6095575622459182
002548,金新农,2026-08-20,4.16,4.24,4.05,4.22,45845697.0,190495064.0,0.0569885912128754,4.16,4.24,4.05,4.22,1.0,1.28961575660616
002548,金新农,2026-08-21,4.18,4.18,4.02,4.08,28895301.0,117640886.0,0.0359183653956006,4.18,4.18,4.02,4.08,1.0,0.7490578417762122
002548,金新农,2026-08-24,4.09,4.11,3.98,4.01,22043635.0,88664093.0,0.0274013873943465,4.09,4.11,3.98,4.01,1.0,0.5546909412406589
002548,金新农,2026-08-25,4.01,4.13,3.97,4.12,26080046.0,106765281.0,0.0324188566771487,4.01,4.13,3.97,4.12,1.0,0.7021522743859357
002548,金新农,2026-08-26,4.1,4.24,4.08,4.18,24969100.0,104796533.0,0.031037892887819,4.1,4.24,4.08,4.18,1.0,0.726223629853538
002548,金新农,2026-08-27,4.19,4.3,4.14,4.29,27343802.0,116537699.0,0.0339897712621493,4.19,4.3,4.14,4.29,1.0,0.9248157689319435
002548,金新农,2026-08-28,4.27,4.37,4.2,4.34,27756334.0,119493596.0,0.0345025700425938,4.27,4.37,4.2,4.34,1.0,1.0730661744632128
002548,金新农,2026-08-31,4.37,4.43,4.27,4.3,26940095.0,116658665.0,0.0334879424167338,4.37,4.43,4.27,4.3,1.0,1.0507637875187754
002548,金新农,2026-09-01,4.3,4.46,4.28,4.42,28263700.0,124897747.0,0.0351332524285397,4.3,4.46,4.28,4.42,1.0,1.061831553993975
002548,金新农,2026-09-02,4.38,4.38,4.25,4.29,24004829.0,103157647.0,0.0298392537693554,4.38,4.38,4.25,4.29,1.0,0.887273273266125
002548,金新农,2026-09-03,4.29,4.36,4.19,4.21,20872309.0,88679644.0,0.0259453681175317,4.29,4.36,4.19,4.21,1.0,0.7770270904146536
002548,金新农,2026-09-04,4.24,4.63,4.18,4.58,61752555.0,278486268.0,0.076761644898661,4.24,4.63,4.18,4.58,1.0,2.415279849498034
002548,金新农,2026-09-07,4.55,4.69,4.49,4.57,74784492.0,341345450.0,0.0929610219177288,4.55,4.69,4.49,4.57,1.0,2.310538224325981
002548,金新农,2026-09-08,4.59,4.65,4.51,4.65,59527280.0,273994270.0,,4.59,4.65,4.51,4.65,1.0,1.4194935245555342
002548,金新农,2026-09-09,4.59,4.8,4.56,4.72,78164206.0,367373746.0,,4.59,4.8,4.56,4.72,1.0,1.6220579965345525
002548,金新农,2026-09-10,4.69,4.77,4.49,4.51,53466686.0,244374018.0,,4.69,4.77,4.49,4.51,1.0,0.9059053447228049
002724,海洋王,2026-03-20,7.45,7.92,7.01,7.06,32778920.0,243345108.0,0.057732225109089,7.59,8.07,7.14,7.19,0.9819193324061196,1.1884466159564417
002724,海洋王,2026-03-23,6.84,7.14,6.63,6.69,24534370.0,172187575.0,0.0432114228214255,6.97,7.27,6.75,6.81,0.9823788546255507,0.7598106523673536
002724,海洋王,2026-03-24,6.83,6.91,6.63,6.9,16193900.0,111690569.0,0.0285216804029564,6.96,7.04,6.75,7.03,0.9815078236130867,0.521913283646564
002724,海洋王,2026-03-25,6.91,7.0,6.87,6.92,13353800.0,94260840.0,0.0235195237567849,7.04,7.13,7.0,7.05,0.9815602836879432,0.5555551349052764
002724,海洋王,2026-03-26,6.87,6.97,6.76,6.79,8903400.0,62087207.0,0.0156812089305036,7.0,7.1,6.88,6.91,0.9826338639652678,0.4148875641373937
002724,海洋王,2026-03-27,6.68,6.92,6.66,6.91,8104695.0,56504244.0,0.0142744811659599,6.8,7.05,6.78,7.04,0.9815340909090908,0.42315807577325976
002724,海洋王,2026-03-30,6.82,6.93,6.78,6.87,7639700.0,53270939.0,0.0134555037251351,6.94,7.06,6.9,7.0,0.9814285714285714,0.5373246777525414
002724,海洋王,2026-03-31,6.85,7.02,6.82,6.82,9482345.0,66627966.0,0.0167008820333935,6.98,7.15,6.94,6.94,0.9827089337175792,0.8748277878078242
002724,海洋王,2026-04-01,6.95,6.97,6.83,6.89,7182900.0,50330083.0,0.012650959816128,7.08,7.1,6.96,7.02,0.9814814814814816,0.7563504629144086
002724,海洋王,2026-04-02,6.87,6.9,6.74,6.79,6125600.0,42495166.0,0.0107887788288398,7.0,7.03,6.86,6.91,0.9826338639652678,0.7413639858020615
002724,海洋王,2026-04-03,6.84,6.84,6.53,6.54,8841800.0,59457648.0,0.0155727152685184,6.97,6.97,6.65,6.66,0.981981981981982,1.1472356212132064
002724,海洋王,2026-04-07,6.59,6.72,6.56,6.71,6548300.0,44341320.0,0.0115332637463909,6.71,6.84,6.68,6.83,0.9824304538799414,0.8337037169540041
002724,海洋王,2026-04-08,6.83,6.98,6.83,6.98,7271120.0,51242461.0,0.0128063382391854,6.95,7.11,6.95,7.11,0.9817158931082982,0.9521922519204279
002724,海洋王,2026-04-09,6.91,6.99,6.82,6.88,6672800.0,46797031.0,0.0117525407093317,7.04,7.12,6.94,7.01,0.9814550641940084,0.9275579570816787
002724,海洋王,2026-04-10,6.92,6.98,6.87,6.88,5165298.0,36415546.0,0.0090974366114419,7.05,7.11,7.0,7.01,0.9814550641940084,0.7283352162262314
002724,海洋王,2026-04-13,6.86,6.9,6.78,6.89,4527798.0,31614070.0,0.0079746328855399,6.99,7.03,6.9,7.02,0.9814814814814816,0.6562155808413372
002724,海洋王,2026-04-14,6.91,6.93,6.83,6.91,5213640.0,36571373.0,0.0091825794784499,7.04,7.06,6.96,7.04,0.9815340909090908,0.8636053371115943
002724,海洋王,2026-04-15,6.93,6.97,6.86,6.88,5492600.0,38718996.0,0.0096739007762971,7.06,7.1,6.99,7.01,0.9814550641940084,0.9519020988638871
002724,海洋王,2026-04-16,6.92,6.94,6.83,6.91,6225150.0,43748280.0,0.0109641123361552,7.05,7.07,6.96,7.04,0.9815340909090908,1.1497338074838277
002724,海洋王,2026-04-17,6.91,6.94,6.83,6.91,6079900.0,42637543.0,0.0107082892127242,7.04,7.07,6.96,7.04,0.9815340909090908,1.1417873006074182
002724,海洋王,2026-04-20,6.9,7.07,6.85,7.04,9002180.0,64175112.0,0.0158551862670441,7.03,7.2,6.98,7.17,0.9818688981868898,1.6344368411909647
002724,海洋王,2026-04-21,7.03,7.03,6.86,6.94,7376660.0,52023421.0,0.0129922216983723,7.16,7.16,6.99,7.07,0.9816124469589816,1.1521181552640185
002724,海洋王,2026-04-22,6.91,6.94,6.86,6.93,5082807.0,35734723.0,0.0089521484512013,7.04,7.07,6.99,7.06,0.981586402266289,0.7436116172257595
002724,海洋王,2026-04-23,6.93,6.96,6.83,6.89,7051400.0,49390851.0,0.0124193540279615,7.06,7.09,6.95,7.02,0.9814814814814816,1.0441352910531936
002724,海洋王,2026-04-24,6.86,7.02,6.82,6.99,10534800.0,74465334.0,0.0185545297123648,6.99,7.15,6.94,7.12,0.981741573033708,1.522680331340374
002724,海洋王,2026-04-27,6.97,7.07,6.78,7.06,11304900.0,79803905.0,0.0199108766132545,7.1,7.2,6.9,7.19,0.9819193324061196,1.4475702079041644
002724,海洋王,2026-04-28,7.04,7.19,6.96,7.02,9320372.0,67134263.0,0.0164156053464986,7.17,7.32,7.09,7.15,0.9818181818181816,1.1269944617688072
002724,海洋王,2026-04-29,6.54,7.0,6.32,6.32,27604045.0,178404537.0,0.0486179209034777,6.66,7.13,6.44,6.44,0.9813664596273292,3.1879552723351736
002724,海洋王,2026-04-30,6.23,6.35,6.2,6.23,19727720.0,125790595.0,0.0347456588541989,6.34,6.47,6.31,6.34,0.9826498422712936,1.4987134416949122
002724,海洋王,2026-05-06,6.24,6.28,6.14,6.23,12958525.0,82017458.0,0.022823341415207,6.35,6.4,6.25,6.34,0.9826498422712936,0.8254695962842608
002724,海洋王,2026-05-07,6.21,6.23,6.05,6.08,14725000.0,91903926.0,0.0259345644924035,6.32,6.34,6.16,6.19,0.9822294022617124,0.9098991365838872
002724,海洋王,2026-05-08,6.05,6.21,6.05,6.21,10589746.0,66227646.0,0.0186513039453427,6.16,6.32,6.16,6.32,0.9825949367088608,0.627833217221915
002724,海洋王,2026-05-11,6.19,6.33,6.08,6.09,11741940.0,73154054.0,0.0206806180099105,6.3,6.45,6.19,6.2,0.982258064516129,0.685820633262744
002724,海洋王,2026-05-12,6.11,6.11,5.9,5.92,12010600.0,73143195.0,0.0211537983220687,6.22,6.22,6.01,6.03,0.9817578772802652,0.8610621770398494
002724,海洋王,2026-05-13,5.92,5.94,5.82,5.86,10652680.0,63742169.0,0.0187621471291638,6.03,6.05,5.93,5.97,0.9815745393634842,0.8587296021006481
002724,海洋王,2026-05-14,5.86,5.88,5.71,5.71,10123540.0,59330018.0,0.0178301936177539,5.97,5.99,5.81,5.81,0.982788296041308,0.8475842065951612
002724,海洋王,2026-05-15,5.7,5.74,5.64,5.67,7883940.0,45659610.0,0.0138856740498634,5.8,5.85,5.74,5.77,0.9826689774696707,0.7151808505114418
002724,海洋王,2026-05-18,5.65,5.71,5.55,5.71,9711110.0,55552605.0,0.0171037968480696,5.75,5.81,5.65,5.81,0.982788296041308,0.9264081033795244
002724,海洋王,2026-05-19,5.71,5.76,5.65,5.75,6708080.0,38962565.0,0.0118146779884687,5.81,5.87,5.75,5.86,0.9812286689419796,0.6657236025578249
002724,海洋王,2026-05-20,5.72,5.73,5.61,5.64,5241100.0,30098176.0,0.0092309436985491,5.82,5.84,5.71,5.74,0.9825783972125436,0.581319384596273
002724,海洋王,2026-05-21,5.64,5.73,5.45,5.46,8489900.0,48518735.0,0.0149529276118204,5.74,5.84,5.55,5.56,0.9820143884892087,1.070125696503736
002724,海洋王,2026-05-22,5.58,5.66,5.48,5.61,8959460.0,50892895.0,0.0157799452079531,5.68,5.76,5.58,5.71,0.9824868651488616,1.1778184488510715
002724,海洋王,2026-05-25,5.62,5.7,5.5,5.58,6748427.0,38198046.0,0.0118857395758083,5.72,5.8,5.6,5.68,0.9823943661971832,0.862757273460642
002724,海洋王,2026-05-26,5.55,5.57,5.42,5.51,5955310.0,33283703.0,0.0104888537363161,5.65,5.67,5.52,5.61,0.9821746880570408,0.8237634432786574
002724,海洋王,2026-05-27,5.52,5.53,5.35,5.38,7648620.0,42112530.0,0.013471214170994,5.62,5.63,5.45,5.48,0.981751824817518,1.0804906804355527
002724,海洋王,2026-05-28,5.38,5.56,5.32,5.53,8967140.0,50025896.0,0.0157934716904863,5.48,5.66,5.42,5.63,0.9822380106571936,1.1860757541780442
002724,海洋王,2026-05-29,5.53,5.57,5.3,5.31,10046265.0,55330056.0,0.0176940921935671,5.63,5.67,5.4,5.41,0.9815157116451017,1.3122438262881613
002724,海洋王,2026-06-01,5.32,5.59,5.31,5.54,9781013.0,54795412.0,0.0172269142580331,5.42,5.69,5.41,5.64,0.9822695035460992,1.242324865958393
002724,海洋王,2026-06-02,5.55,5.58,5.34,5.44,8125760.0,44800535.0,0.0143115821235852,5.65,5.68,5.44,5.54,0.9819494584837546,0.958263751219741
002724,海洋王,2026-06-03,5.43,5.5,5.36,5.46,6772780.0,37462367.0,0.0119286315587681,5.53,5.6,5.46,5.56,0.9820143884892087,0.7598118306892638
002724,海洋王,2026-06-04,5.5,5.55,5.38,5.44,5998400.0,32632853.0,0.0105647464618834,5.5,5.55,5.38,5.44,1.0,0.6864264030830781
002724,海洋王,2026-06-05,5.41,5.56,5.38,5.47,6915000.0,37858824.0,0.0121791180621372,5.41,5.56,5.38,5.47,1.0,0.8490034111888901
002724,海洋王,2026-06-08,5.41,5.48,5.2,5.28,7898488.0,42079608.0,0.0139112968712037,5.41,5.48,5.2,5.28,1.0,1.0505277411966014
002724,海洋王,2026-06-09,5.3,5.36,5.22,5.31,4755388.0,25174076.0,0.0083754782188388,5.3,5.36,5.22,5.31,1.0,0.6658262398871276
002724,海洋王,2026-06-10,5.25,5.45,5.15,5.24,10661268.0,55978749.0,0.0187772728364548,5.25,5.45,5.15,5.24,1.0,1.6483069788129
002724,海洋王,2026-06-11,5.15,5.22,5.09,5.16,8743302.0,44976672.0,0.0153992346075083,5.15,5.22,5.09,5.16,1.0,1.2066869151572859
002724,海洋王,2026-06-12,5.16,5.27,5.13,5.17,8869300.0,46021682.0,0.0156211499390475,5.16,5.27,5.13,5.17,1.0,1.1378644834228926
002724,海洋王,2026-06-15,5.19,5.29,5.17,5.24,7047420.0,36909236.0,0.0124123442101904,5.19,5.29,5.17,5.24,1.0,0.8609587246754317
002724,海洋王,2026-06-16,5.2,5.32,5.13,5.29,6971400.0,36427753.0,0.0122784531682405,5.2,5.32,5.13,5.29,1.0,0.86975771794259
002724,海洋王,2026-06-17,5.3,5.39,5.14,5.14,8092480.0,42128385.0,0.0142529673659413,5.3,5.39,5.14,5.14,1.0,0.9567232540658918
002724,海洋王,2026-06-18,5.12,5.13,5.02,5.05,6197800.0,31380562.0,0.0109159418547381,5.12,5.13,5.02,5.05,1.0,0.7801096679777328
002724,海洋王,2026-06-22,5.01,5.09,4.91,5.07,6882422.0,34281368.0,0.0121217397095373,5.01,5.09,4.91,5.07,1.0,0.9255941622017085
002724,海洋王,2026-06-23,5.05,5.21,5.02,5.15,7630600.0,39266604.0,0.0134394762523419,5.05,5.21,5.02,5.15,1.0,1.0841531662086112
002724,海洋王,2026-06-24,5.11,5.14,4.91,4.98,7074580.0,35278806.0,0.0124601800520657,5.11,5.14,4.91,4.98,1.0,0.9887685437603365
002724,海洋王,2026-06-25,4.95,5.01,4.86,4.9,5977830.0,29368176.0,0.0105285173283276,4.95,5.01,4.86,4.9,1.0,0.8330801132575216
002724,海洋王,2026-06-26,4.86,4.92,4.76,4.82,5832280.0,28209757.0,0.0102721658266726,4.86,4.92,4.76,4.82,1.0,0.8637028587784487
002724,海洋王,2026-06-29,4.86,4.86,4.66,4.82,8059660.0,38490636.0,0.0141951627882407,4.86,4.86,4.66,4.82,1.0,1.2066185851294244
002724,海洋王,2026-06-30,4.84,4.89,4.75,4.85,7152300.0,34471224.0,0.0126259031261831,4.84,4.89,4.75,4.85,1.0,1.034318198580186
002724,海洋王,2026-07-01,4.83,4.97,4.82,4.93,6752040.0,33105501.0,0.0119193270618002,4.83,4.97,4.82,4.93,1.0,0.9901324616934508
002724,海洋王,2026-07-02,4.93,5.18,4.88,4.98,14593700.0,73273215.0,0.0257621523779175,4.93,5.18,4.88,4.98,1.0,2.1604862422725573
002724,海洋王,2026-07-03,4.95,5.28,4.95,5.1,13472143.0,68772564.0,0.0237822759699798,4.95,5.28,4.95,5.1,1.0,1.5890716390996174
002724,海洋王,2026-07-06,5.04,5.18,4.97,5.0,7175800.0,36207312.0,0.0126673875051193,5.04,5.18,4.97,5.0,1.0,0.7171519606807482
002724,海洋王,2026-07-07,4.96,4.98,4.78,4.8,6783380.0,32887478.0,0.0119746513356666,4.96,4.98,4.78,4.8,1.0,0.6901255795412619
002724,海洋王,2026-07-08,4.75,4.8,4.72,4.76,5853060.0,27832930.0,0.0103323642117553,4.75,4.8,4.72,4.76,1.0,0.5999807737501539
002724,海洋王,2026-07-09,4.75,4.83,4.66,4.77,6286500.0,29756664.0,0.0110975126886107,4.75,4.83,4.66,4.77,1.0,0.6565112475367905
002724,海洋王,2026-07-10,4.75,5.03,4.69,4.9,9209400.0,45103038.0,0.0162572867819123,4.75,5.03,4.69,4.9,1.0,1.1636586426438855
002724,海洋王,2026-07-13,4.88,4.92,4.71,4.72,6604820.0,31605541.0,0.0116594406674604,4.88,4.92,4.71,4.72,1.0,0.9353112341799936
002724,海洋王,2026-07-14,4.73,4.84,4.66,4.83,6108980.0,29138901.0,0.010784137924834,4.73,4.84,4.66,4.83,1.0,0.8793148317248733
002724,海洋王,2026-07-15,4.79,4.99,4.78,4.97,8279801.0,40860738.0,0.0146162724340526,4.79,4.99,4.78,4.97,1.0,1.2153743560416126
002724,海洋王,2026-07-16,4.95,5.07,4.89,5.02,6770400.0,33950802.0,0.011951737836152,4.95,5.07,4.89,5.02,1.0,0.9277189074194245
002724,海洋王,2026-07-17,5.02,5.13,4.87,4.93,7600500.0,37987637.0,0.0134171073235959,5.02,5.13,4.87,4.93,1.0,1.027833495760912
002724,海洋王,2026-07-20,4.91,5.02,4.73,4.8,7928300.0,38639711.0,0.0139957702774377,4.91,5.02,4.73,4.8,1.0,1.120940459473753
002724,海洋王,2026-07-21,4.8,4.85,4.72,4.82,7418642.0,35486009.0,0.0130960747199969,4.8,4.85,4.72,4.82,1.0,1.011045279379097
002724,海洋王,2026-07-22,4.8,4.86,4.73,4.77,4367500.0,20915624.0,0.0077099159576087,4.8,4.86,4.73,4.77,1.0,0.5747066995708129
002724,海洋王,2026-07-23,4.77,4.97,4.77,4.96,6592940.0,32196817.0,0.0116384689899386,4.77,4.97,4.77,4.96,1.0,0.9671224657214822
002724,海洋王,2026-07-24,4.95,4.97,4.86,4.87,4415900.0,21688589.0,0.00779535612529,4.95,4.97,4.86,4.87,1.0,0.651161284565046
002724,海洋王,2026-07-27,4.86,5.25,4.86,5.16,13098060.0,66917067.0,0.0231219099731463,4.86,5.25,4.86,5.16,1.0,2.131617969720813
002724,海洋王,2026-07-28,5.14,5.22,5.09,5.16,8305700.0,42933951.0,0.0146619917502257,5.14,5.22,5.09,5.16,1.0,1.1570069764496416
002724,海洋王,2026-07-29,5.18,5.25,5.14,5.23,6739975.0,35159204.0,0.0118980288051251,5.18,5.25,5.14,5.23,1.0,0.9162529465662138
002724,海洋王,2026-07-30,5.19,5.3,5.17,5.24,6490580.0,34051278.0,0.0114577736270489,5.19,5.3,5.17,5.24,1.0,0.8288829023378411
002724,海洋王,2026-07-31,5.23,5.33,5.22,5.32,6320600.0,33414092.0,0.0111577091703862,5.23,5.33,5.22,5.32,1.0,0.8092913188826233
002724,海洋王,2026-08-03,5.28,5.42,5.27,5.41,5527900.0,29580718.0,0.0097583616306961,5.28,5.42,5.27,5.41,1.0,0.6748762633251711
002724,海洋王,2026-08-04,5.42,5.44,5.33,5.36,5216900.0,28088315.0,0.0092093555945618,5.42,5.44,5.33,5.36,1.0,0.781329681766423
002724,海洋王,2026-08-05,5.39,5.5,5.31,5.35,7618522.0,40891213.0,0.0134489214290082,5.39,5.5,5.31,5.35,1.0,1.2573497022952405
002724,海洋王,2026-08-06,5.33,5.38,5.27,5.36,5339600.0,28431262.0,0.0094259570113904,5.33,5.38,5.27,5.36,1.0,0.8564050197177167
002724,海洋王,2026-08-07,5.36,5.36,5.23,5.33,4999600.0,26495075.0,0.0088257574863561,5.36,5.36,5.23,5.33,1.0,0.832613841907022
002724,海洋王,2026-08-10,5.33,5.71,5.3,5.46,8934600.0,48796061.0,0.0157721843422669,5.33,5.71,5.3,5.46,1.0,1.556413753467378
002724,海洋王,2026-08-11,5.46,5.49,5.38,5.44,6362900.0,34533523.0,0.0112323810524713,5.46,5.49,5.38,5.44,1.0,0.9908212662393376
002724,海洋王,2026-08-12,5.41,5.67,5.4,5.6,9983047.0,55430341.0,0.0176230001993951,5.41,5.67,5.4,5.6,1.0,1.5009743432174352
002724,海洋王,2026-08-13,5.6,6.16,5.57,6.16,22303047.0,132488055.0,0.0393714065182822,5.6,6.16,5.57,6.16,1.0,3.130713842521116
002724,海洋王,2026-08-14,6.76,6.78,6.75,6.78,19724700.0,133662850.0,0.0348198693277722,6.76,6.78,6.75,6.78,1.0,1.8755707384378362
002724,海洋王,2026-08-17,6.98,7.46,6.55,7.18,96624796.0,681021011.0,0.1705710490168494,6.98,7.46,6.55,7.18,1.0,7.177777823339275
002724,海洋王,2026-08-18,6.83,6.96,6.46,6.47,72381688.0,481205105.0,0.1277748669375747,6.83,6.96,6.46,6.47,1.0,2.3349159078904576
002724,海洋王,2026-08-19,6.38,6.4,5.82,5.82,44905561.0,267663457.0,0.0792714599517511,6.38,6.4,5.82,5.82,1.0,1.0158834957690501
002724,海洋王,2026-08-20,5.68,6.25,5.63,5.9,52340787.0,311818584.0,0.0923968102862279,,,,,,1.0225214803644131
002724,海洋王,2026-08-21,5.93,6.26,5.82,6.16,40982659.0,249086033.0,0.0723463896071752,,,,,,0.7165363431418101
002724,海洋王,2026-08-24,6.12,6.54,6.12,6.39,44703447.0,284930046.0,0.0789146695788018,,,,,,0.7275111162206191
002724,海洋王,2026-08-25,6.4,6.8,6.36,6.71,42798510.0,284605124.0,0.0755518981593308,,,,,,0.838153924117529
002724,海洋王,2026-08-26,6.62,6.95,6.62,6.68,38442007.0,259521988.0,0.0678613951257715,,,,,,0.8515005278584643
002724,海洋王,2026-08-27,6.65,6.83,6.63,6.77,29173770.0,197169349.0,0.051500243816052,6.65,6.83,6.63,6.77,1.0,0.6652554978416537
002724,海洋王,2026-08-28,6.8,7.33,6.77,6.93,34613570.0,243062917.0,0.0611030831580555,,,,,,0.882547185920224
002724,海洋王,2026-08-31,6.98,7.0,6.8,6.9,24064420.0,166143642.0,0.0424807454536002,,,,,,0.6341710485476872
002724,海洋王,2026-09-01,6.92,7.4,6.86,7.15,27166296.0,195417445.0,0.0479564645768798,6.92,7.4,6.86,7.15,1.0,0.8032979531052149
002724,海洋王,2026-09-02,7.1,7.19,7.02,7.07,17712464.0,125879573.0,0.0312676837646641,,,,,,0.577103373142757
002724,海洋王,2026-09-03,7.08,7.14,6.82,6.88,22776140.0,158787659.0,0.0402065541473911,,,,,,0.8579842827406989
002724,海洋王,2026-09-04,6.89,7.05,6.78,6.86,18464300.0,128181034.0,0.0325948943826159,,,,,,0.7307796093321383
002724,海洋王,2026-09-07,6.88,6.95,6.76,6.86,13586960.0,93122671.0,0.0239849615842911,,,,,,0.6165598843094826
002724,海洋王,2026-09-08,6.86,7.29,6.86,7.25,21944006.0,156053623.0,,6.86,7.29,6.86,7.25,1.0,1.1004338147211767
002724,海洋王,2026-09-09,7.19,7.4,7.11,7.15,14874860.0,107521816.0,,7.19,7.4,7.11,7.15,1.0,0.787163988943298
002724,海洋王,2026-09-10,7.14,7.15,6.87,6.9,12542600.0,87387963.0,,7.14,7.15,6.87,6.9,1.0,0.6842941097021891
002886,沃特股份,2026-03-20,22.42,22.62,21.34,21.38,7696830.0,169120551.0,0.036813170025732575,22.48,22.68,21.4,21.44,0.9972014925373133,0.6193774981051313
002886,沃特股份,2026-03-23,20.74,21.05,19.78,19.9,10287440.0,210851049.0,0.049203799206884176,20.8,21.11,19.83,19.95,0.9974937343358395,0.8258209743904659
002886,沃特股份,2026-03-24,20.44,20.51,19.48,20.13,8371800.0,167545891.0,0.0400414841982255,20.5,20.57,19.53,20.18,0.9975222993062438,0.7859663390326705
002886,沃特股份,2026-03-25,20.29,21.1,20.27,20.61,7755600.0,161340279.0,0.03709426107261971,20.35,21.16,20.33,20.67,0.9970972423802611,0.8979745692434888
002886,沃特股份,2026-03-26,20.62,20.84,20.13,20.25,5188000.0,106394692.0,0.024813686425905288,20.68,20.9,20.18,20.31,0.9970457902511078,0.6157292280160692
002886,沃特股份,2026-03-27,20.01,20.55,19.9,20.44,5716700.0,116162835.0,0.027342405780835154,20.06,20.61,19.95,20.5,0.9970731707317074,0.7273216289093521
002886,沃特股份,2026-03-30,20.01,20.62,19.95,20.52,4109400.0,83738922.0,0.019654850231036084,20.06,20.68,20.0,20.58,0.9970845481049563,0.5505694871908925
002886,沃特股份,2026-03-31,20.52,20.71,19.97,20.01,5532680.0,112468986.0,0.026462256479351905,20.58,20.77,20.02,20.06,0.9975074775672983,0.8883130228152144
002886,沃特股份,2026-04-01,20.42,20.89,20.31,20.59,4908000.0,101280616.0,0.02347447435974232,20.48,20.95,20.37,20.65,0.9970944309927361,0.8670648899491845
002886,沃特股份,2026-04-02,20.48,20.65,19.91,20.07,4725475.0,95936874.0,0.022601475494112337,20.54,20.71,19.96,20.12,0.9975149105367793,0.9282097507815821
002886,沃特股份,2026-04-03,20.08,20.19,19.71,19.79,3631475.0,72400283.0,0.017368982635604165,20.13,20.25,19.76,19.84,0.9974798387096774,0.7265200759195198
002886,沃特股份,2026-04-07,19.81,20.83,19.75,20.5,7092800.0,145596827.0,0.03392415479600251,19.86,20.89,19.8,20.56,0.9970817120622568,1.548171019988187
002886,沃特股份,2026-04-08,21.02,21.44,20.96,21.43,6278640.0,133889983.0,0.030030108739619504,21.08,21.5,21.02,21.49,0.9972080037226617,1.2125406955388536
002886,沃特股份,2026-04-09,21.25,21.94,21.24,21.54,5788825.0,125714431.0,0.027687372460378026,21.31,22.0,21.3,21.6,0.9972222222222221,1.086638429607015
002886,沃特股份,2026-04-10,21.64,21.93,21.62,21.71,4307200.0,94096702.0,0.020600907897775494,21.7,21.99,21.68,21.77,0.9972439136426275,0.7826373417513364
002886,沃特股份,2026-04-13,21.62,21.89,21.48,21.8,4136910.0,90092063.0,0.019786427816536594,21.68,21.95,21.54,21.86,0.9972552607502287,0.7632973835876975
002886,沃特股份,2026-04-14,21.88,21.98,21.69,21.96,4307025.0,94329160.0,0.02060007089023414,21.94,22.04,21.75,22.02,0.9972752043596731,0.7801344895510223
002886,沃特股份,2026-04-15,21.98,22.23,21.7,21.78,4694855.0,103358191.0,0.02245502308887694,22.04,22.29,21.76,21.84,0.9972527472527473,0.9458339712957218
002886,沃特股份,2026-04-16,21.8,22.16,21.67,22.11,4527955.0,99906543.0,0.021656757039439086,21.86,22.22,21.73,22.17,0.9972936400541271,0.9743901554628259
002886,沃特股份,2026-04-17,22.1,22.4,21.92,22.36,3874275.0,86146359.0,0.018530270812976913,22.16,22.46,21.98,22.42,0.9973238180196252,0.881561094286893
002886,沃特股份,2026-04-20,22.37,22.62,22.19,22.53,5358000.0,120701555.0,0.025626779466075663,22.43,22.68,22.25,22.59,0.99734395750332,1.2436736979028848
002886,沃特股份,2026-04-21,22.54,22.92,22.36,22.88,9709194.0,221260843.0,0.046438106276846775,22.6,22.98,22.42,22.94,0.9973844812554489,2.1327535101095636
002886,沃特股份,2026-04-22,22.84,22.98,22.62,22.98,8142045.0,186549583.0,0.03894258895443524,22.9,23.04,22.68,23.04,0.9973958333333334,1.4454559621426843
002886,沃特股份,2026-04-23,23.03,23.14,22.36,22.54,8609000.0,195730664.0,0.04117598813427499,23.09,23.2,22.42,22.6,0.9973451327433628,1.3616893286420824
002886,沃特股份,2026-04-24,22.39,22.56,21.85,22.08,6776900.0,150193078.0,0.032413236611356505,22.45,22.62,21.91,22.14,0.9972899728997289,0.9493447281410327
002886,沃特股份,2026-04-27,21.94,22.25,21.59,22.22,7122200.0,156837460.0,0.034064772062949625,22.0,22.31,21.65,22.28,0.997307001795332,0.9226809624911573
002886,沃特股份,2026-04-28,22.14,22.16,21.5,21.6,6531675.0,142143988.0,0.031240349900910742,22.2,22.22,21.56,21.66,0.997229916897507,0.8091900365365251
002886,沃特股份,2026-04-29,21.59,21.86,21.2,21.78,6681154.0,144615844.0,0.03195529304533208,21.65,21.92,21.26,21.84,0.9972527472527473,0.8984436479978656
002886,沃特股份,2026-04-30,22.57,23.22,22.45,22.47,11583145.0,263959254.0,0.05540102695755449,22.63,23.28,22.51,22.53,0.9973368841544606,1.6213387115435884
002886,沃特股份,2026-05-06,22.54,23.4,22.49,23.15,10225520.0,236849361.0,0.04890764202425271,22.6,23.46,22.55,23.21,0.9974149073675139,1.3212947984025047
002886,沃特股份,2026-05-07,23.44,23.86,23.19,23.76,10045800.0,237981649.0,0.04804805919378553,23.5,23.93,23.25,23.82,0.9974811083123426,1.1918509089402556
002886,沃特股份,2026-05-08,23.64,24.22,23.54,24.03,8626755.0,206996024.0,0.04126090852797043,23.7,24.29,23.6,24.1,0.9970954356846473,0.9570970691073664
002886,沃特股份,2026-05-11,24.24,25.02,24.24,24.74,10252425.0,254025543.0,0.04903632595511026,24.31,25.09,24.31,24.81,0.9971785570334543,1.086928427309448
002886,沃特股份,2026-05-12,24.78,24.88,24.31,24.6,7351575.0,181237282.0,0.03516184980465009,24.85,24.95,24.38,24.67,0.9971625456019457,0.7245265937426731
002886,沃特股份,2026-05-13,24.59,25.4,24.47,25.28,8309430.0,209016733.0,0.0397431747104877,24.66,25.47,24.54,25.35,0.9972386587771203,0.8934472278925187
002886,沃特股份,2026-05-14,25.08,25.51,24.22,25.12,12647800.0,316477841.0,0.06049316560862855,25.15,25.58,24.29,25.19,0.9972211194918619,1.4183605005025683
002886,沃特股份,2026-05-15,25.27,27.63,25.27,27.28,33410600.0,909786810.0,0.15979956663480172,25.34,27.71,25.34,27.35,0.9974405850091408,3.540159640213499
002886,沃特股份,2026-05-18,26.93,28.91,26.81,28.04,34875068.0,983058396.0,0.1668039709780501,27.0,28.99,26.88,28.12,0.9971550497866287,2.4228276535416704
002886,沃特股份,2026-05-19,27.77,29.12,27.72,27.99,24204811.0,685024962.0,0.11576919625140768,27.85,29.2,27.8,28.07,0.9971499821873886,1.2529086938545644
002886,沃特股份,2026-05-20,27.82,28.63,27.34,27.46,15884570.0,439347792.0,0.07597431360646538,27.9,28.71,27.41,27.53,0.9974573192880494,0.700083330902698
002886,沃特股份,2026-05-21,27.6,28.27,26.6,26.77,16499585.0,454819565.0,0.07891586899529116,27.6,28.27,26.6,26.77,1.0,0.6816723096644337
002886,沃特股份,2026-05-22,26.8,28.26,26.25,27.98,17626400.0,483255630.0,0.08430531272505339,26.8,28.26,26.25,27.98,1.0,0.7057638303068019
002886,沃特股份,2026-05-25,28.6,29.83,27.9,28.72,22074643.0,635707222.0,0.10558081522085683,28.6,29.83,27.9,28.72,1.0,1.0117588770432429
002886,沃特股份,2026-05-26,28.6,31.59,28.45,31.59,31584493.0,967246682.0,0.15106547903299936,28.6,31.59,28.45,31.59,1.0,1.6400711417526193
002886,沃特股份,2026-05-27,34.75,34.75,29.4,29.6,61667478.0,1923175649.0,0.2949493950979979,34.75,34.75,29.4,29.6,1.0,2.974228890100579
002886,沃特股份,2026-05-28,29.47,30.2,28.0,29.52,47362860.0,1378598901.0,0.22653183428566936,29.47,30.2,28.0,29.52,1.0,1.5845445417780923
002886,沃特股份,2026-05-29,28.92,30.65,28.48,28.63,35471863.0,1046959990.0,0.16965838192457056,28.92,30.65,28.48,28.63,1.0,0.9836034458064409
002886,沃特股份,2026-06-01,28.56,30.87,28.56,29.53,32503260.0,965319818.0,0.15545984993440062,28.56,30.87,28.56,29.53,1.0,0.8201211319037477
002886,沃特股份,2026-06-02,30.1,30.33,28.29,29.08,23936792.0,699497054.0,0.11448728811297577,30.1,30.33,28.29,29.08,1.0,0.5737762423592078
002886,沃特股份,2026-06-03,28.94,30.24,28.4,28.98,24257230.0,714615212.0,0.11601991109889409,28.94,30.24,28.4,28.98,1.0,0.6035870912624832
002886,沃特股份,2026-06-04,28.35,28.98,28.01,28.18,19251535.0,545568249.0,0.09207817130056681,28.35,28.98,28.01,28.18,1.0,0.5886167359105027
002886,沃特股份,2026-06-05,28.0,29.22,27.02,28.42,17260300.0,485166782.0,0.08255429294854531,28.0,29.22,27.02,28.42,1.0,0.6372844974637552
002886,沃特股份,2026-06-08,27.27,28.06,26.5,26.89,12966600.0,353566636.0,0.062017954203959814,27.27,28.06,26.5,26.89,1.0,0.5531395650732528
002886,沃特股份,2026-06-09,27.41,28.99,27.37,27.98,16598725.0,465516431.0,0.07939004572471757,27.41,28.99,27.37,27.98,1.0,0.8497137017859601
002886,沃特股份,2026-06-10,27.42,29.45,27.15,28.7,19498684.0,559062573.0,0.09326026031106721,27.42,29.45,27.15,28.7,1.0,1.0792503275884189
002886,沃特股份,2026-06-11,28.11,28.56,27.4,27.8,14676425.0,408484813.0,0.07019587660048517,28.11,28.56,27.4,27.8,1.0,0.8575098014808945
002886,沃特股份,2026-06-12,28.36,28.73,27.2,27.4,13510355.0,375876625.0,0.06461868012194712,28.36,28.73,27.2,27.4,1.0,0.8339649737001148
002886,沃特股份,2026-06-15,27.58,29.58,27.5,29.4,19539653.0,565760417.0,0.09345621095084802,27.58,29.58,27.5,29.4,1.0,1.2646895425236369
002886,沃特股份,2026-06-16,29.38,30.49,28.82,30.37,21701700.0,643906691.0,0.10379706605803177,29.38,30.49,28.82,30.37,1.0,1.2944825411366851
002886,沃特股份,2026-06-17,30.01,32.5,29.55,31.09,29538695.0,930688633.0,0.14128063129538482,30.01,32.5,29.55,31.09,1.0,1.660842926605593
002886,沃特股份,2026-06-18,31.2,32.82,31.01,32.19,23594875.0,755993388.0,0.11285193321288205,31.2,32.82,31.01,32.19,1.0,1.1920597778479876
002886,沃特股份,2026-06-22,32.15,32.52,30.71,32.39,24692706.0,782095241.0,0.11810274936219547,32.15,32.52,30.71,32.39,1.0,1.144396457874447
002886,沃特股份,2026-06-23,32.39,33.28,31.78,32.49,16843270.0,548745330.0,0.08055968006300265,32.39,33.28,31.78,32.49,1.0,0.7072984547294546
002886,沃特股份,2026-06-24,32.22,32.4,31.2,31.4,18578450.0,588436744.0,0.0888588728950193,32.22,32.4,31.2,31.4,1.0,0.7982405722458278
002886,沃特股份,2026-06-25,31.22,31.44,30.08,30.35,16037440.0,490577930.0,0.076705475565588,31.22,31.44,30.08,30.35,1.0,0.7080672756452132
002886,沃特股份,2026-06-26,30.33,31.05,28.7,28.88,13586645.0,403823285.0,0.06498356758097416,30.33,31.05,28.7,28.88,1.0,0.6810570883714386
002886,沃特股份,2026-06-29,28.92,29.18,25.99,26.42,19322834.0,521879984.0,0.0924191873045145,28.92,29.18,25.99,26.42,1.0,1.076618821990483
002886,沃特股份,2026-06-30,26.24,28.43,26.04,28.09,13597285.0,375643276.0,0.06503445763948836,26.24,28.43,26.04,28.09,1.0,0.8058257879447361
002886,沃特股份,2026-07-01,28.08,28.77,26.88,27.27,12420110.0,344353563.0,0.05940414705382624,28.08,28.77,26.88,27.27,1.0,0.7655142791556104
002886,沃特股份,2026-07-02,27.0,29.15,26.43,27.61,15612265.0,438313107.0,0.07467190595762072,27.0,29.15,26.43,27.61,1.0,1.041313137341589
002886,沃特股份,2026-07-03,28.0,29.33,27.26,27.97,14952200.0,422989015.0,0.07151488091314978,28.0,29.33,27.26,27.97,1.0,1.0029764363122036
002886,沃特股份,2026-07-06,27.68,27.97,25.57,25.65,15760780.0,415856603.0,0.07538223838621426,27.68,27.97,25.57,25.65,1.0,1.0381953453366137
002886,沃特股份,2026-07-07,25.59,26.04,24.29,24.56,12016256.0,300738604.0,0.05747255366179703,25.59,26.04,24.29,24.56,1.0,0.8305099178022809
002886,沃特股份,2026-07-08,24.61,24.85,22.96,22.97,12443300.0,292461758.0,0.05951506251030596,24.61,24.85,22.96,22.97,1.0,0.8792408640894285
002886,沃特股份,2026-07-09,22.86,23.35,21.73,22.68,13583500.0,304963577.0,0.06496852535973101,22.86,23.35,21.73,22.68,1.0,0.9594927023952501
002886,沃特股份,2026-07-10,22.7,23.88,22.41,22.41,12656140.0,292421818.0,0.060533054996599264,22.7,23.88,22.41,22.41,1.0,0.9203657406892974
002886,沃特股份,2026-07-13,22.21,22.33,21.02,21.05,11641458.0,251202420.0,0.05567993221903364,22.21,22.33,21.02,21.05,1.0,0.8758247219348981
002886,沃特股份,2026-07-14,21.11,21.6,20.51,21.55,9437500.0,198675178.0,0.045138620980046486,21.11,21.6,20.51,21.55,1.0,0.7569298198251176
002886,沃特股份,2026-07-15,21.55,21.8,20.7,20.9,9848411.0,207570671.0,0.047103967299043245,21.55,21.8,20.7,20.9,1.0,0.8239707346644178
002886,沃特股份,2026-07-16,20.78,21.06,19.85,19.94,9597885.0,195622432.0,0.04590572643444487,20.78,21.06,19.85,19.94,1.0,0.8394601333786764
002886,沃特股份,2026-07-17,19.99,20.17,18.1,18.37,13598276.0,258211189.0,0.06503919749362252,19.99,20.17,18.1,18.37,1.0,1.2784805904109997
002886,沃特股份,2026-07-20,18.64,18.8,16.58,16.81,15293531.0,268889784.0,0.07314743303370504,18.64,18.8,16.58,16.81,1.0,1.4128356927199686
002886,沃特股份,2026-07-21,16.99,17.74,15.5,17.7,16659312.0,278994261.0,0.07967982730133406,16.99,17.74,15.5,17.7,1.0,1.4417254978714804
002886,沃特股份,2026-07-22,17.45,17.95,17.06,17.18,10121100.0,176805351.0,0.048408211581578646,17.45,17.95,17.06,17.18,1.0,0.7785771172592018
002886,沃特股份,2026-07-23,17.25,17.89,17.23,17.86,9718800.0,171717940.0,0.04648405081651664,17.25,17.89,17.23,17.86,1.0,0.7445062443902342
002886,沃特股份,2026-07-24,17.6,18.08,17.36,17.45,8103700.0,143299882.0,0.03875918864487446,17.6,18.08,17.36,17.45,1.0,0.6196340203843589
002886,沃特股份,2026-07-27,17.4,18.09,17.25,18.05,8570650.0,152531345.0,0.040992563910213026,17.4,18.09,17.25,18.05,1.0,0.7154556740539668
002886,沃特股份,2026-07-28,17.95,18.35,17.61,17.72,7390540.0,132513701.0,0.03534821551235738,17.95,18.35,17.61,17.72,1.0,0.6949449803644902
002886,沃特股份,2026-07-29,17.58,17.79,17.06,17.63,9297200.0,161777595.0,0.044467580076894116,17.58,17.79,17.06,17.63,1.0,1.0587910795154698
002886,沃特股份,2026-07-30,17.4,17.72,16.8,17.0,9148040.0,157081412.0,0.04375416267764815,17.4,17.72,16.8,17.0,1.0,1.0617282976280202
002886,沃特股份,2026-07-31,17.5,17.9,17.39,17.42,9419416.0,166294824.0,0.0450521270121733,17.5,17.9,17.39,17.42,1.0,1.1079025164119705
002886,沃特股份,2026-08-03,17.33,17.77,17.26,17.57,8966585.0,157807850.0,0.042886281515271005,17.33,17.77,17.26,17.57,1.0,1.0229791114585673
002886,沃特股份,2026-08-04,17.75,18.23,17.53,18.2,10023306.0,180645493.0,0.047940472635870285,17.75,18.23,17.53,18.2,1.0,1.1332996742035335
002886,沃特股份,2026-08-05,18.4,19.04,18.22,18.91,9927631.0,185954778.0,0.047482868655762636,18.4,19.04,18.22,18.91,1.0,1.0594095595460564
002886,沃特股份,2026-08-06,18.93,19.22,18.55,19.19,9518000.0,180795988.0,0.04552364444906834,18.93,19.22,18.55,19.19,1.0,1.0022116889261274
002886,沃特股份,2026-08-07,19.44,19.68,18.82,19.63,9466200.0,183203041.0,0.045275890216828193,19.44,19.68,18.82,19.63,1.0,0.9890515373773967
002886,沃特股份,2026-08-10,19.8,19.88,19.25,19.67,7286200.0,142110064.0,0.03484916770170222,19.8,19.88,19.25,19.67,1.0,0.7605363331197154
002886,沃特股份,2026-08-11,19.56,19.72,19.23,19.5,5360200.0,104521038.0,0.025637301846595514,19.56,19.72,19.23,19.5,1.0,0.5798404317036523
002886,沃特股份,2026-08-12,19.41,20.98,19.41,20.39,12611235.0,253521328.0,0.06031827886148838,19.41,20.98,19.41,20.39,1.0,1.517296898417067
002886,沃特股份,2026-08-13,20.39,21.7,20.13,20.32,23160021.0,482266496.0,0.11077206991352766,20.39,21.7,20.13,20.32,1.0,2.6174344938450225
002886,沃特股份,2026-08-14,20.2,20.92,20.0,20.26,13795300.0,280798154.0,0.06598154362977858,20.2,20.92,20.0,20.26,1.0,1.1916362310071396
002886,沃特股份,2026-08-17,20.44,20.89,20.0,20.8,10651280.0,218540488.0,0.05094400962885823,20.44,20.89,20.0,20.8,1.0,0.8560339103642657
002886,沃特股份,2026-08-18,20.73,21.58,20.2,20.44,10220800.0,209861624.0,0.04888506673513739,20.73,21.58,20.2,20.44,1.0,0.7792853082699824
002886,沃特股份,2026-08-19,20.4,20.55,19.28,19.41,10076100.0,199557976.0,0.048192981070945315,20.4,20.55,19.28,19.41,1.0,0.7152395739179277
002886,沃特股份,2026-08-20,19.63,19.74,19.1,19.31,5977380.0,115913820.0,0.028589212214432877,19.63,19.74,19.1,19.31,1.0,0.44013783619198077
002886,沃特股份,2026-08-21,19.22,21.24,18.89,21.24,17344155.0,350051260.0,0.08295536304785994,19.22,21.24,18.89,21.24,1.0,1.709765469276349
002886,沃特股份,2026-08-24,20.82,21.15,20.1,20.48,25430005.0,522421479.0,0.1216291769235165,20.82,21.15,20.1,20.48,1.0,2.342927818950219
002886,沃特股份,2026-08-25,20.29,21.86,19.9,21.26,28480555.0,600038692.0,0.13621965323935023,20.29,21.86,19.9,21.26,1.0,2.0623604964862348
002886,沃特股份,2026-08-26,21.45,22.49,20.43,21.82,34508226.0,740470538.0,0.1650494022895667,21.45,22.49,20.43,21.82,1.0,1.9762306390597126
002886,沃特股份,2026-08-27,22.47,24.0,22.11,24.0,32853065.0,777510300.0,0.15713293235155823,22.47,24.0,22.11,24.0,1.0,1.4700631207243444
002886,沃特股份,2026-08-28,26.4,26.4,26.4,26.4,4244500.0,112054800.0,0.020301020052959716,26.4,26.4,26.4,26.4,1.0,0.15310280978662738
002886,沃特股份,2026-08-31,27.61,29.04,27.2,29.04,65635531.0,1885965312.0,0.3139281967293342,27.61,29.04,27.2,29.04,1.0,2.6146207437148967
002886,沃特股份,2026-09-01,28.83,29.16,26.48,28.04,76687834.0,2108687205.0,0.3667902593596527,28.83,29.16,26.48,28.04,1.0,2.313751068605143
002886,沃特股份,2026-09-02,28.05,30.84,28.04,30.84,39263963.0,1157777808.0,0.18779561791062982,28.05,30.84,28.04,30.84,1.0,0.9176861100690734
002886,沃特股份,2026-09-03,29.34,29.34,27.76,27.76,50780235.0,1429666900.0,0.24287679798068249,29.34,29.34,27.76,27.76,1.0,1.1610366473737168
002886,沃特股份,2026-09-04,27.01,27.76,24.98,25.11,61180813.0,1589887821.0,0.29262172495450073,27.01,27.76,24.98,25.11,1.0,1.2928506734671428
002886,沃特股份,2026-09-07,25.45,26.77,24.61,26.52,54902325.0,1419866500.0,0.26259234321571717,25.45,26.77,24.61,26.52,1.0,0.9351495271089492
002886,沃特股份,2026-09-08,26.5,26.51,24.84,25.0,46591506.0,1180330244.0,0.22284252505680124,26.5,26.51,24.84,25.0,1.0,0.8237094566037599
002886,沃特股份,2026-09-09,25.69,27.5,25.31,26.01,62590464.0,1653847880.0,0.2993639450554961,25.69,27.5,25.31,26.01,1.0,1.2383418565996753
002886,沃特股份,2026-09-10,25.36,27.52,25.0,26.01,56920915.0,1514716303.0,0.27224705780370256,25.36,27.52,25.0,26.01,1.0,1.031006616184791
002963,豪尔赛,2026-03-20,15.37,15.45,14.5,14.58,3265400.0,48440800.0,0.0265492522044644,15.37,15.45,14.5,14.58,1.0,1.12267070068074
002963,豪尔赛,2026-03-23,14.16,14.3,13.12,13.12,5545000.0,76086981.0,0.0450834824137181,14.16,14.3,13.12,13.12,1.0,1.7690221725953104
002963,豪尔赛,2026-03-24,13.64,14.27,13.38,14.27,5472832.0,75456781.0,0.0444967223129366,13.64,14.27,13.38,14.27,1.0,1.5091139715209072
002963,豪尔赛,2026-03-25,14.5,15.05,14.28,15.05,5443827.0,80579737.0,0.0442608978932053,14.5,15.05,14.28,15.05,1.0,1.2774659208006032
002963,豪尔赛,2026-03-26,15.2,15.27,14.69,14.82,3400700.0,50941691.0,0.0276493054363085,15.2,15.27,14.69,14.82,1.0,0.7435772847864486
002963,豪尔赛,2026-03-27,14.6,15.01,14.56,14.79,2308400.0,34263470.0,0.0187683878816639,14.6,15.01,14.56,14.79,1.0,0.49905397232823123
002963,豪尔赛,2026-03-30,14.72,15.26,14.47,15.18,3066300.0,45964940.0,0.0249304746844335,14.72,15.26,14.47,15.18,1.0,0.6915189507043941
002963,豪尔赛,2026-03-31,15.21,15.5,14.86,14.88,3035300.0,46168201.0,0.0246784299676029,15.21,15.5,14.86,14.88,1.0,0.7706913736141051
002963,豪尔赛,2026-04-01,15.11,15.35,14.61,14.69,2975600.0,44297265.0,0.0241930406258358,15.11,15.35,14.61,14.69,1.0,0.8622664649109187
002963,豪尔赛,2026-04-02,14.68,14.9,14.13,14.32,3232400.0,46873050.0,0.0262809465381609,14.68,14.9,14.13,14.32,1.0,1.0930388264812698
002963,豪尔赛,2026-04-03,14.49,14.49,13.55,13.79,2897700.0,40151728.0,0.0235596766438649,14.49,14.49,13.55,13.79,1.0,0.9911410589683951
002963,豪尔赛,2026-04-07,13.83,14.56,13.61,14.38,3009000.0,42904815.0,0.0244645984820338,13.83,14.56,13.61,14.38,1.0,0.9893274940324712
002963,豪尔赛,2026-04-08,14.95,15.13,14.7,15.05,2915300.0,43734266.0,0.0237027729992267,14.95,15.13,14.7,15.05,1.0,0.9621452145214522
002963,豪尔赛,2026-04-09,14.98,15.18,14.5,14.65,3258300.0,48187643.0,0.0264915258338354,14.98,15.18,14.5,14.65,1.0,1.083932135728543
002963,豪尔赛,2026-04-10,14.73,14.9,14.2,14.38,3060732.0,44742181.0,0.0248852042011008,14.73,14.9,14.2,14.38,1.0,0.9994096403638809
002963,豪尔赛,2026-04-13,14.39,14.88,14.16,14.63,3448332.0,50132634.0,0.028036576208956,14.39,14.88,14.16,14.63,1.0,1.138737438769035
002963,豪尔赛,2026-04-14,14.8,14.8,14.37,14.53,2696579.0,39229792.0,0.0219244674343916,14.8,14.8,14.37,14.53,1.0,0.8592393387979759
002963,豪尔赛,2026-04-15,14.56,14.68,14.2,14.24,2513500.0,36324845.0,0.0204359482501136,14.56,14.68,14.2,14.24,1.0,0.8171728608488728
002963,豪尔赛,2026-04-16,14.23,14.91,14.12,14.79,4699700.0,69004393.0,0.0382107921189812,14.23,14.91,14.12,14.79,1.0,1.5689260176119515
002963,豪尔赛,2026-04-17,14.79,15.98,14.53,15.8,7671000.0,117710125.0,0.0623688717034502,14.79,15.98,14.53,15.8,1.0,2.3360354928785174
002963,豪尔赛,2026-04-20,15.99,15.99,15.02,15.88,8243100.0,128221458.0,0.0670203163001838,15.99,15.99,15.02,15.88,1.0,1.9599259331504788
002963,豪尔赛,2026-04-21,15.85,15.99,14.8,15.42,6781800.0,103324965.0,0.0551392535677824,15.85,15.99,14.8,15.42,1.0,1.3130870075715582
002963,豪尔赛,2026-04-22,15.33,15.46,15.0,15.11,3514000.0,53260715.0,0.0285704882239504,15.33,15.46,15.0,15.11,1.0,0.5874466299554316
002963,豪尔赛,2026-04-23,15.1,15.17,14.63,14.72,3099700.0,45847604.0,0.0252020325406315,15.1,15.17,14.63,14.72,1.0,0.5014138002432901
002963,豪尔赛,2026-04-24,14.67,15.05,14.31,14.72,3673700.0,54168958.0,0.0298689250393645,14.67,15.05,14.31,14.72,1.0,0.6267059257035238
002963,豪尔赛,2026-04-27,14.87,15.99,14.72,15.77,7127200.0,110319767.0,0.0579475195417586,14.87,15.99,14.72,15.77,1.0,1.407853099086215
002963,豪尔赛,2026-04-28,15.72,16.98,15.63,16.78,9023300.0,148472107.0,0.0733637126895766,15.72,16.98,15.63,16.78,1.0,1.8645955596700337
002963,豪尔赛,2026-04-29,16.73,17.97,16.33,17.41,10045800.0,172579814.0,0.0816771231076157,16.73,17.97,16.33,17.41,1.0,1.899886148294683
002963,豪尔赛,2026-04-30,17.42,17.79,17.06,17.1,4681800.0,81011243.0,0.0380652566211984,17.42,17.79,17.06,17.1,1.0,0.7100155597412169
002963,豪尔赛,2026-05-06,17.33,17.73,16.8,17.65,6459616.0,111501203.0,0.052519744695288,17.33,17.73,16.8,17.65,1.0,0.9347727180638925
002963,豪尔赛,2026-05-07,17.63,17.79,17.36,17.59,3621200.0,63567030.0,0.0294420751156999,17.63,17.79,17.36,17.59,1.0,0.4849252161005242
002963,豪尔赛,2026-05-08,17.68,18.06,17.3,17.76,4136132.0,73314933.0,0.0336287167326991,17.68,18.06,17.3,17.76,1.0,0.6112802554857105
002963,豪尔赛,2026-05-11,18.0,18.2,17.51,17.9,4339800.0,77574993.0,0.0352846342613262,18.0,18.2,17.51,17.9,1.0,0.749674861048098
002963,豪尔赛,2026-05-12,17.92,18.3,17.31,18.03,5234900.0,92747193.0,0.0425622221979392,17.92,18.3,17.31,18.03,1.0,1.126339735167619
002963,豪尔赛,2026-05-13,18.02,18.78,17.97,18.35,3663600.0,67567788.0,0.0297868072445261,18.02,18.78,17.97,18.35,1.0,0.7699340541689252
002963,豪尔赛,2026-05-14,18.36,19.49,18.27,19.17,5643725.0,106998336.0,0.0458861635320759,18.36,19.49,18.27,19.17,1.0,1.3440236045287894
002963,豪尔赛,2026-05-15,18.98,19.77,18.45,19.42,6059800.0,115609318.0,0.0492690508080521,18.98,19.77,18.45,19.42,1.0,1.3163086862254
002963,豪尔赛,2026-05-18,19.42,20.37,19.19,19.71,8963700.0,178187954.0,0.0728791363952831,19.42,20.37,19.19,19.71,1.0,1.7969214361819954
002963,豪尔赛,2026-05-19,20.11,21.5,19.73,20.98,11090403.0,230135029.0,0.090170241408755,20.11,21.5,19.73,20.98,1.0,1.8755506587442046
002963,豪尔赛,2026-05-20,20.55,21.1,20.31,20.69,6607900.0,136585284.0,0.0537253640111105,20.55,21.1,20.31,20.69,1.0,0.9327598693077497
002963,豪尔赛,2026-05-21,20.67,21.28,19.2,19.29,7720900.0,155095097.0,0.0627745823928,20.67,21.28,19.2,19.29,1.0,1.0062288208310335
002963,豪尔赛,2026-05-22,19.37,19.77,19.01,19.2,4954341.0,95810206.0,0.0402811443363503,19.37,19.77,19.01,19.2,1.0,0.612513584959937
002963,豪尔赛,2026-05-25,19.33,19.37,18.57,18.75,5006305.0,94565257.0,0.0407036363255561,19.33,19.37,18.57,18.75,1.0,0.6363314369456081
002963,豪尔赛,2026-05-26,18.85,18.85,17.4,17.73,4975500.0,89637082.0,0.0404531770512992,18.85,18.85,17.4,17.73,1.0,0.7031544990483142
002963,豪尔赛,2026-05-27,17.75,18.38,17.45,17.53,4000205.0,71109459.0,0.0325235656931951,17.75,18.38,17.45,17.53,1.0,0.6834465028570358
002963,豪尔赛,2026-05-28,17.53,17.91,17.21,17.7,3026005.0,53191917.0,0.0246028572049275,17.53,17.91,17.21,17.7,1.0,0.5675763416115187
002963,豪尔赛,2026-05-29,18.0,18.0,16.62,16.74,3012700.0,51615609.0,0.0244946812385587,18.0,18.0,16.62,16.74,1.0,0.6858781453137359
002963,豪尔赛,2026-06-01,16.74,17.2,16.5,16.96,3052500.0,51556445.0,0.0248182741330702,16.74,17.2,16.5,16.96,1.0,0.7623354110979553
002963,豪尔赛,2026-06-02,16.78,16.94,16.2,16.59,3287500.0,54376305.0,0.0267289356961403,16.78,16.94,16.2,16.59,1.0,0.9098124693154502
002963,豪尔赛,2026-06-03,16.58,16.67,15.93,16.18,2574700.0,41802542.0,0.0209335333039855,16.58,16.67,15.93,16.18,1.0,0.7859802636439177
002963,豪尔赛,2026-06-04,15.94,16.68,15.56,16.23,3427100.0,55478019.0,0.0278639499693513,15.94,16.68,15.56,16.23,1.0,1.1459262957165943
002963,豪尔赛,2026-06-05,16.07,17.18,16.06,16.13,3010800.0,49299322.0,0.0244792333365595,16.07,17.18,16.06,16.13,1.0,0.9804291901396984
002963,豪尔赛,2026-06-08,16.22,17.74,15.8,17.74,2719000.0,46927529.0,0.0221067608084579,16.22,17.74,15.8,17.74,1.0,0.885517762463687
002963,豪尔赛,2026-06-09,17.76,18.45,17.21,17.93,12796600.0,228381911.0,0.1040424330126934,17.76,18.45,17.21,17.93,1.0,4.260108794801287
002963,豪尔赛,2026-06-10,18.34,19.12,17.35,18.7,9200474.0,165754904.0,0.0748042214205357,18.34,19.12,17.35,18.7,1.0,1.875489028954428
002963,豪尔赛,2026-06-11,18.45,19.45,18.26,18.79,6909688.0,129800887.0,0.0561790437208798,18.45,19.45,18.26,18.79,1.0,1.1089577207710324
002963,豪尔赛,2026-06-12,18.85,19.6,18.58,19.17,6714100.0,128583686.0,0.0545888204281234,18.85,19.6,18.58,19.17,1.0,0.9692214833562292
002963,豪尔赛,2026-06-15,18.94,19.14,18.13,18.31,6228788.0,114693494.0,0.0506430034728184,18.94,19.14,18.13,18.31,1.0,0.8123122613221716
002963,豪尔赛,2026-06-16,18.18,18.58,17.71,18.34,5385200.0,97640257.0,0.0437842325508304,18.18,18.58,17.71,18.34,1.0,0.643398451361003
002963,豪尔赛,2026-06-17,18.11,18.98,17.66,18.23,8507225.0,155909346.0,0.0691677779399536,18.11,18.98,17.66,18.23,1.0,1.2351418843872728
002963,豪尔赛,2026-06-18,18.33,20.05,18.07,19.49,9699500.0,188801673.0,0.0788615397063766,18.33,20.05,18.07,19.49,1.0,1.4371758353185409
002963,豪尔赛,2026-06-22,19.94,21.44,19.9,21.44,6972300.0,145260114.0,0.0566881090050796,19.94,21.44,19.9,21.44,1.0,0.9541994918654709
002963,豪尔赛,2026-06-23,23.21,23.58,21.05,21.5,20072600.0,455408554.0,0.1631997671952386,23.21,23.58,21.05,21.5,1.0,2.7277733410960394
002963,豪尔赛,2026-06-24,21.17,22.62,21.17,22.36,10606100.0,234040835.0,0.086232628102459,21.17,22.62,21.17,22.36,1.0,1.0472714274641035
002963,豪尔赛,2026-06-25,22.36,23.99,22.1,23.0,8170400.0,188261657.0,0.0664292307868426,22.36,23.99,22.1,23.0,1.0,0.7313581066898088
002963,豪尔赛,2026-06-26,23.46,24.58,22.85,23.01,8350816.0,197393286.0,0.0678960985168973,23.46,24.58,22.85,23.01,1.0,0.7520425641515177
002963,豪尔赛,2026-06-29,23.33,23.33,20.71,20.71,7582700.0,163398801.0,0.06165095078422,23.33,23.33,20.71,20.71,1.0,0.6998698373350649
002963,豪尔赛,2026-06-30,19.87,21.4,19.87,21.06,7552000.0,155706727.0,0.0505690569052351,19.87,21.4,19.87,21.06,1.0,0.6892697493672081
002963,豪尔赛,2026-07-01,21.48,21.72,20.51,21.26,5826000.0,123765405.0,0.0390115632322431,21.48,21.72,20.51,21.26,1.0,0.6892714251965643
002963,豪尔赛,2026-07-02,21.05,21.23,20.38,20.65,3996290.0,82764859.0,0.0267596155216925,21.05,21.23,20.38,20.65,1.0,0.533095746759584
002963,豪尔赛,2026-07-03,20.84,21.78,20.53,21.1,5028100.0,106270498.0,0.0336687334514318,20.84,21.78,20.53,21.1,1.0,0.7547930356025251
002963,豪尔赛,2026-07-06,21.1,21.38,18.99,18.99,5452800.0,109317430.0,0.0365125732908986,21.1,21.38,18.99,18.99,1.0,0.9092518981934021
002963,豪尔赛,2026-07-07,18.99,19.8,18.39,18.9,6293200.0,119234850.0,0.0421399879390924,18.99,19.8,18.39,18.9,1.0,1.1296279077615339
002963,豪尔赛,2026-07-08,18.7,19.65,18.5,19.0,5490500.0,104464678.0,0.0367650168085532,18.7,19.65,18.5,19.0,1.0,1.0321889549671968
002963,豪尔赛,2026-07-09,18.91,19.33,17.1,18.28,7637000.0,136545193.0,0.0511382266400001,18.91,19.33,17.1,18.28,1.0,1.4540634380632187
002963,豪尔赛,2026-07-10,18.58,19.9,18.13,19.45,6024900.0,114687978.0,0.0403434204115931,18.58,19.9,18.13,19.45,1.0,1.0074544505979612
002963,豪尔赛,2026-07-13,19.14,20.04,18.17,18.32,6602900.0,126828735.0,0.0442137746079948,19.14,20.04,18.17,18.32,1.0,1.0684857468347875
002963,豪尔赛,2026-07-14,18.29,18.5,17.36,17.87,4242300.0,75817256.0,0.0284069266563929,18.29,18.5,17.36,17.87,1.0,0.6618562491224238
002963,豪尔赛,2026-07-15,17.81,18.04,17.03,17.22,3203600.0,56276958.0,0.021451672497565,17.81,18.04,17.03,17.22,1.0,0.5339760514174468
002963,豪尔赛,2026-07-16,16.98,17.39,16.36,16.67,3069800.0,51704548.0,0.0205557323738997,16.98,17.39,16.36,16.67,1.0,0.5539015614906877
002963,豪尔赛,2026-07-17,16.62,16.63,15.0,15.0,6039000.0,93444973.0,0.0404378356264188,16.62,16.63,15.0,15.0,1.0,1.3046859809449738
002963,豪尔赛,2026-07-20,15.0,15.33,13.5,13.5,7049300.0,99996110.0,0.0472029201326899,15.0,15.33,13.5,13.5,1.0,1.5220273258023285
002963,豪尔赛,2026-07-21,13.47,13.87,12.15,13.03,9142400.0,115042390.0,0.0612185574484139,13.47,13.87,12.15,13.03,1.0,1.9366209117098796
002963,豪尔赛,2026-07-22,12.66,13.43,12.52,12.79,4906700.0,63631279.0,0.0328558251478969,12.66,13.43,12.52,12.79,1.0,0.860700741296866
002963,豪尔赛,2026-07-23,12.67,13.5,12.67,13.17,5833500.0,76135698.0,0.0390617840911929,12.67,13.5,12.67,13.17,1.0,0.9655810535236632
002963,豪尔赛,2026-07-24,13.18,13.2,12.7,13.14,4586200.0,59436597.0,0.0307097204421066,13.18,13.2,12.7,13.14,1.0,0.6954920854450439
002963,豪尔赛,2026-07-27,13.1,13.75,12.91,13.68,4937700.0,65690503.0,0.0330634046982229,13.1,13.75,12.91,13.68,1.0,0.7833118113084228
002963,豪尔赛,2026-07-28,13.41,14.15,12.97,12.99,6156200.0,82903137.0,0.0412226202489418,13.41,14.15,12.97,12.99,1.0,1.0467413667046401
002963,豪尔赛,2026-07-29,11.69,13.32,11.69,12.92,5485900.0,69778325.0,0.0367342146817306,11.69,13.32,11.69,12.92,1.0,1.0381979008565383
002963,豪尔赛,2026-07-30,12.7,12.98,11.79,12.02,5695100.0,70009218.0,0.0381350418407051,12.7,12.98,11.79,12.02,1.0,1.0546676790310932
002963,豪尔赛,2026-07-31,12.34,13.22,12.34,13.22,3335700.0,43337427.0,0.022336229226535,12.34,13.22,12.34,13.22,1.0,0.6209164926231614
002963,豪尔赛,2026-08-03,13.92,14.54,13.38,14.54,2674000.0,37798724.0,0.017905410244253,13.92,14.54,13.38,14.54,1.0,0.5220494638938564
002963,豪尔赛,2026-08-04,15.43,15.99,14.62,15.99,6076800.0,95143332.0,0.0406909487555261,15.43,15.99,14.62,15.99,1.0,1.3014147488531669
002963,豪尔赛,2026-08-05,16.8,17.59,16.5,17.59,3080300.0,52784546.0,0.0206260415764295,16.8,17.59,16.5,17.59,1.0,0.6619318792306865
002963,豪尔赛,2026-08-06,19.34,19.35,18.52,19.35,13733900.0,262601602.0,0.0919637672975118,19.34,19.35,18.52,19.35,1.0,3.2916225271907162
002963,豪尔赛,2026-08-07,20.66,21.11,17.84,18.5,19225324.0,362061012.0,0.1287349713158876,20.66,21.11,17.84,18.5,1.0,3.326100059860142
002963,豪尔赛,2026-08-10,18.48,18.78,17.36,18.26,13600700.0,243404700.0,0.0910718448425625,18.48,18.78,17.36,18.26,1.0,1.5182631855933884
002963,豪尔赛,2026-08-11,17.94,20.09,17.92,20.09,18295200.0,350741272.0,0.122506754487905,17.94,20.09,17.92,20.09,1.0,1.6417962308970413
002963,豪尔赛,2026-08-12,19.41,21.05,18.7,19.1,20941948.0,412971914.0,0.1402296822190779,19.41,21.05,18.7,19.1,1.0,1.541312820834091
002963,豪尔赛,2026-08-13,19.09,19.1,17.94,18.1,13812850.0,253476972.0,0.0924924255393906,19.09,19.1,17.94,18.1,1.0,0.8049721090715077
002963,豪尔赛,2026-08-14,18.18,18.58,17.36,17.83,9516300.0,169470692.0,0.0637222346699271,18.18,18.58,17.36,17.83,1.0,0.5540720085986284
002963,豪尔赛,2026-08-17,17.99,18.79,17.79,18.48,8328800.0,152810363.0,0.0557705986695342,17.99,18.79,17.79,18.48,1.0,0.5467459804573104
002963,豪尔赛,2026-08-18,18.48,18.89,18.11,18.19,6134300.0,113224880.0,0.0410759753408082,18.48,18.89,18.11,18.19,1.0,0.4326321687290707
002963,豪尔赛,2026-08-19,18.23,18.48,17.0,17.0,5318200.0,93135924.0,0.0356112762756119,18.23,18.48,17.0,17.0,1.0,0.452734538062476
002963,豪尔赛,2026-08-20,17.6,17.77,17.08,17.18,3875300.0,67471443.0,0.0259494526251136,17.6,17.77,17.08,17.18,1.0,0.4494617894269255
002963,豪尔赛,2026-08-21,17.12,17.67,16.65,17.46,3338800.0,57936677.0,0.0223569871815676,17.12,17.67,16.65,17.46,1.0,0.5032421042477444
002963,豪尔赛,2026-08-24,17.46,18.71,17.05,18.47,8087400.0,144726657.0,0.0541541566228017,17.46,18.71,17.05,18.47,1.0,1.4979218681701327
002963,豪尔赛,2026-08-25,18.48,20.32,18.31,20.32,10992900.0,212936519.0,0.0736097173799735,18.48,20.32,18.31,20.32,1.0,2.054440457501682
002963,豪尔赛,2026-08-26,21.02,22.35,21.02,22.35,10361485.0,229247023.0,0.0693816902261309,21.02,22.35,21.02,22.35,1.0,1.6388220203336645
002963,豪尔赛,2026-08-27,23.2,24.58,20.79,21.28,30445388.0,688514993.0,0.2038658048561923,23.2,24.58,20.79,21.28,1.0,4.152864949243484
002963,豪尔赛,2026-08-28,20.7,20.7,19.15,19.15,19354710.0,377747466.0,0.1296013547900323,20.7,20.7,19.15,19.15,1.0,1.5305980344501777
002963,豪尔赛,2026-08-31,18.43,20.55,18.23,19.88,21945732.0,431822594.0,0.1469511348430933,18.43,20.55,18.23,19.88,1.0,1.384730597580575
002963,豪尔赛,2026-09-01,19.34,20.32,19.24,19.7,14202110.0,280880940.0,0.095098955080033,19.34,20.32,19.24,19.7,1.0,0.7627323954085391
002963,豪尔赛,2026-09-02,19.78,21.67,19.34,20.06,19907000.0,410449081.0,0.133299551881954,19.78,21.67,19.34,20.06,1.0,1.033491789614568
002963,豪尔赛,2026-09-03,20.21,20.82,19.39,19.91,13443817.0,270179323.0,0.0900213383072786,20.21,20.82,19.39,19.91,1.0,0.6350113183192018
002963,豪尔赛,2026-09-04,19.47,21.22,19.47,20.14,13728203.0,280920234.0,0.0919256195330535,19.47,21.22,19.47,20.14,1.0,0.7725201168230323
002963,豪尔赛,2026-09-07,20.28,22.15,20.2,22.15,12641476.0,274726809.0,0.0846487710818544,20.28,22.15,20.2,22.15,1.0,0.7594588872039895
002963,豪尔赛,2026-09-08,22.15,22.58,20.13,21.62,17551361.0,371621766.0,,22.15,22.58,20.13,21.62,1.0,1.1871443628488965
002963,豪尔赛,2026-09-09,21.26,21.7,20.78,21.42,10625600.0,225342468.0,,21.26,21.7,20.78,21.42,1.0,0.687546566921512
002963,豪尔赛,2026-09-10,21.29,21.33,20.67,20.84,6557400.0,137438422.0,,21.29,21.33,20.67,20.84,1.0,0.48222943993448963
300394,天孚通信,2026-03-20,238.88,240.04,222.48,222.48,40079712.0,12865931754.0,0.0516589401840158,335.0,336.63,312.0,312.0,0.713076923076923,1.0599444408463314
300394,天孚通信,2026-03-23,213.96,220.34,210.8,212.85,27429509.0,8272528785.0,0.0353540306055074,300.06,309.0,295.62,298.49,0.7130892157191195,0.6635050219472667
300394,天孚通信,2026-03-24,212.85,220.25,207.15,213.0,30854779.0,9187521646.0,0.0397688781484265,298.49,308.88,290.5,298.71,0.7130661845937531,0.7755156726041188
300394,天孚通信,2026-03-25,223.19,236.38,222.61,226.83,38314905.0,12238824634.0,0.0493842716622128,313.0,331.5,312.18,318.1,0.7130776485381956,1.0851007841784952
300394,天孚通信,2026-03-26,226.88,241.73,225.89,231.75,40107683.0,13268658181.0,0.051694992145065,318.17,339.0,316.79,325.0,0.713076923076923,1.1881096630687151
300394,天孚通信,2026-03-27,221.77,232.35,215.53,226.47,28874283.0,9091954233.0,0.037216207001521,311.0,325.85,302.25,317.6,0.7130667506297229,0.8166423518508089
300394,天孚通信,2026-03-30,224.02,229.61,219.63,225.91,23107891.0,7287911307.0,0.0297838756662662,314.16,322.0,308.0,316.81,0.7130772387235251,0.6977814124371481
300394,天孚通信,2026-03-31,220.05,225.33,212.65,215.06,27057578.0,8240526192.0,0.0348746468893375,308.6,316.0,298.22,301.6,0.7130636604774535,0.8389450271348596
300394,天孚通信,2026-04-01,225.81,238.79,223.11,237.69,42199906.0,13679978951.0,0.0543916687780863,316.67,334.88,312.89,333.33,0.7130771307713077,1.3399999644359406
300394,天孚通信,2026-04-02,234.68,239.63,228.18,230.18,28192414.0,9179362976.0,0.0363373426552818,329.11,336.05,320.0,322.8,0.7130731102850062,0.8736559842036691
300394,天孚通信,2026-04-03,240.79,245.58,237.88,238.07,31923815.0,10807630420.0,0.0411467639670312,337.68,344.4,333.6,333.86,0.7130833283412208,1.068171463218418
300394,天孚通信,2026-04-07,238.18,240.18,224.51,226.3,32900772.0,10604997154.0,0.0424059687044643,334.02,336.83,314.85,317.36,0.7130703302243508,1.078843976483878
300394,天孚通信,2026-04-08,235.31,241.97,228.18,240.31,46413227.0,15397783103.0,0.0598222391752752,330.0,339.33,320.0,337.0,0.7130860534124629,1.4300839407994423
300394,天孚通信,2026-04-09,240.32,256.5,236.12,247.37,48490191.0,16728771470.0,0.0624992484072865,337.02,359.71,331.13,346.9,0.7130873450562122,1.3348608496869798
300394,天孚通信,2026-04-10,247.37,260.31,243.44,255.92,48505297.0,17199782790.0,0.0625187186058354,346.9,365.05,341.4,358.9,0.7130677068821398,1.2905808016530658
300394,天孚通信,2026-04-13,252.43,254.77,243.16,250.29,37461830.0,13073919548.0,0.0482847390508637,354.0,357.29,341.0,351.0,0.713076923076923,0.8995158228821633
300394,天孚通信,2026-04-14,251.22,258.85,245.15,246.61,44778674.0,15719189943.0,0.0577154556820554,352.3,363.0,343.8,345.84,0.7130754105944946,1.0473499117751144
300394,天孚通信,2026-04-15,246.61,248.14,233.53,235.78,41512375.0,13971866475.0,0.05350550665188,345.84,347.99,327.5,330.66,0.7130587310228028,0.9198430906157934
300394,天孚通信,2026-04-16,233.89,256.54,232.21,253.55,48574093.0,16798538839.0,0.0626073901124794,328.0,359.77,325.65,355.57,0.7130804061085019,1.100214095808011
300394,天孚通信,2026-04-17,258.05,273.58,256.81,270.45,45606946.0,17079362425.0,0.0587830195833154,361.89,383.66,360.14,379.28,0.713061590381776,1.0326150749282028
300394,天孚通信,2026-04-20,268.23,276.67,261.7,267.05,40453078.0,15195412264.0,0.0521401734788246,376.16,388.0,367.01,374.5,0.7130841121495327,0.9281042246943865
300394,天孚通信,2026-04-21,246.03,264.47,246.01,251.71,55199596.0,19630021899.0,0.071147033889511,345.03,370.89,345.0,353.0,0.7130594900849858,1.249282664338928
300394,天孚通信,2026-04-22,247.19,271.32,243.87,267.69,51932998.0,18905961643.0,0.0669366994767481,346.65,380.5,342.0,375.41,0.7130603873098745,1.122409253792958
300394,天孚通信,2026-04-23,267.83,269.54,244.94,249.64,55754951.0,19837910675.0,0.0718628337117725,375.6,378.0,343.5,350.09,0.7130737810277358,1.153073365009296
300394,天孚通信,2026-04-24,244.1,246.77,225.54,230.94,55141055.0,18056053866.0,0.0709120989770545,342.32,346.07,316.3,323.87,0.7130638836570229,1.1074832990234984
300394,天孚通信,2026-04-27,231.75,237.45,226.69,229.79,35815190.0,11633657947.0,0.0460587904631497,325.0,332.99,317.9,322.25,0.7130799069045771,0.6927993944700406
300394,天孚通信,2026-04-28,228.98,229.35,219.48,220.91,34565241.0,10803692463.0,0.0444513401304662,321.12,321.64,307.8,309.8,0.71307295029051,0.680836844580677
300394,天孚通信,2026-04-29,217.49,226.4,217.49,221.83,25408207.0,7938064476.0,0.0326752777873671,305.0,317.5,305.0,311.09,0.7130733871226977,0.5447508373749973
300394,天孚通信,2026-04-30,223.1,224.55,217.49,219.27,23598894.0,7267276034.0,0.0303484782269221,312.87,314.9,305.0,307.5,0.7130731707317074,0.5708913236921462
300394,天孚通信,2026-05-06,223.08,240.01,221.77,225.45,54066798.0,17549577560.0,0.0695305907938906,312.85,336.58,311.0,316.16,0.7130883097165991,1.548938169080576
300394,天孚通信,2026-05-07,229.61,236.03,217.49,233.99,58169647.0,18582430318.0,0.0748069068595862,322.0,331.0,305.0,328.14,0.713079783019443,1.6768000833418226
300394,天孚通信,2026-05-08,229.0,238.97,228.18,232.68,35660918.0,11690928154.0,0.0458603947064238,321.14,335.13,320.0,326.3,0.7130861170701808,0.9106056614303014
300394,天孚通信,2026-05-11,237.69,238.88,226.83,236.68,46423178.0,15270518541.0,0.0597007981288247,333.33,335.0,318.1,331.92,0.7130633887683779,1.1788249249646265
300394,天孚通信,2026-05-12,242.44,249.08,239.81,244.19,50592092.0,17372963275.0,0.0650620746258889,340.0,349.3,336.31,342.45,0.7130676011096511,1.1607980720030777
300394,天孚通信,2026-05-13,244.19,273.67,244.08,269.68,72625202.0,26396649404.0,0.0933969346878216,342.45,383.79,342.3,378.19,0.7130807266188953,1.4826757017470797
300394,天孚通信,2026-05-14,281.32,289.91,273.11,279.52,67986602.0,26939930631.0,0.087431636013087,394.52,406.56,383.0,392.0,0.7130612244897959,1.290210164542678
300394,天孚通信,2026-05-15,285.94,295.27,272.33,285.22,67609568.0,26926522821.0,0.0869467654873832,401.0,414.08,381.91,399.99,0.7130678266956675,1.2369655817149845
300394,天孚通信,2026-05-18,277.38,281.09,263.84,274.5,54348965.0,20863411792.0,0.0698934611494189,388.99,394.2,370.0,384.95,0.713079620729965,0.8902758961684555
300394,天孚通信,2026-05-19,268.17,268.83,247.53,258.85,54619126.0,19608345147.0,0.0702408916360452,376.08,377.0,347.13,363.0,0.7130853994490359,0.8720574523325083
300394,天孚通信,2026-05-20,256.9,263.12,250.29,255.99,41624427.0,14909383120.0,0.0535295432284924,360.27,369.0,351.0,358.99,0.7130839299144823,0.6561445422290084
300394,天孚通信,2026-05-21,256.85,259.97,239.58,240.46,41830514.0,14759278455.0,0.0537945737351065,360.2,364.57,335.98,337.21,0.713086800510068,0.7308205347375575
300394,天孚通信,2026-05-22,246.72,267.4,246.14,265.62,57291558.0,20691160951.0,0.0736776732227132,346.0,375.0,345.18,372.5,0.7130738255033557,1.1016226042426989
300394,天孚通信,2026-05-25,265.9,283.64,257.83,282.91,52432152.0,20105294385.0,0.0674284152199113,372.9,397.77,361.58,396.75,0.7130686830497796,1.0498415811426958
300394,天孚通信,2026-05-26,284.52,292.36,280.24,290.05,47298006.0,19001726190.0,0.0608258380781673,399.0,410.0,393.0,406.76,0.7130740485790147,0.9543670361498038
300394,天孚通信,2026-05-27,288.05,317.06,286.53,305.63,51827703.0,22153139734.0,0.0666510861079714,403.95,444.64,401.83,428.61,0.7130724901425538,1.0776036153895803
300394,天孚通信,2026-05-28,304.91,320.99,291.65,319.14,48823693.0,20991962587.0,0.0627878909905029,427.6,450.15,409.0,447.56,0.7130664045044239,0.9738253161253239
300394,天孚通信,2026-05-29,333.01,351.1,322.31,324.59,61505539.0,28927133765.0,0.0790969064557268,467.0,492.38,452.0,455.2,0.7130711775043936,1.1934799584366413
300394,天孚通信,2026-06-01,327.84,332.08,305.47,305.82,44124299.0,19427735853.0,0.0567444104575284,459.75,465.7,428.38,428.88,0.7130665920537214,0.8424298138282057
300394,天孚通信,2026-06-02,310.24,330.16,302.68,325.87,47525815.0,21081925809.0,0.0611188033534212,435.08,463.01,424.47,457.0,0.7130634573304158,0.9370998785231788
300394,天孚通信,2026-06-03,357.25,374.36,344.41,354.67,59936994.0,30156692486.0,0.0770797376095746,501.0,525.0,482.99,497.38,0.7130765209698822,1.1807590497614588
300394,天孚通信,2026-06-04,341.5,350.33,340.04,342.6,35297613.0,17054436606.0,0.0453931798495652,478.91,491.3,476.87,480.45,0.7130814861067749,0.6738337325575029
300394,天孚通信,2026-06-05,344.41,357.87,320.17,325.87,47120647.0,22474176090.0,0.0606115675156074,483.0,501.87,449.0,457.0,0.7130634573304158,0.948520425076249
300394,天孚通信,2026-06-08,313.04,315.74,296.44,303.13,42123400.0,18150638664.0,0.0541835790813088,439.0,442.79,415.72,425.11,0.7130625014702077,0.9000520022258635
300394,天孚通信,2026-06-09,312.24,317.74,306.26,316.55,35077272.0,15398699160.0,0.0451201028731911,437.88,445.59,429.5,443.92,0.7130789331411065,0.7559611276281062
300394,天孚通信,2026-06-10,298.06,303.06,287.4,293.13,44779655.0,18432385534.0,0.0576003356311748,418.0,425.0,403.04,411.08,0.7130728811910091,1.0197778719942179
300394,天孚通信,2026-06-11,294.16,302.95,286.66,294.0,33328689.0,13779259437.0,0.0428708901966092,412.52,424.85,402.0,412.3,0.7130730050933786,0.8152866780825643
300394,天孚通信,2026-06-12,303.02,305.0,280.95,280.95,47428885.0,13857715112.0,0.043577182788804,303.02,305.0,280.95,280.95,1.0,1.1714904895138811
300394,天孚通信,2026-06-15,286.56,306.12,277.18,305.04,54172844.0,15995582707.0,0.049773464528575,286.56,306.12,277.18,305.04,1.0,1.3360314902342803
300394,天孚通信,2026-06-16,311.56,331.61,306.01,324.71,57837929.0,18459969584.0,0.0531409077856009,311.56,331.61,306.01,324.71,1.0,1.3463998309583836
300394,天孚通信,2026-06-17,318.0,329.97,315.0,329.33,46702733.0,15113944018.0,0.0429100016303927,318.0,329.97,315.0,329.33,1.0,0.983016750441875
300394,天孚通信,2026-06-18,325.0,340.49,324.0,336.6,49185066.0,16497038463.0,0.0451907442386931,325.0,340.49,324.0,336.6,1.0,1.0269521062835647
300394,天孚通信,2026-06-22,338.0,338.9,315.99,326.12,61927226.0,20287301974.0,0.056898112764101,338.0,338.9,315.99,326.12,1.0,1.2127020479430852
300394,天孚通信,2026-06-23,326.12,326.12,308.24,311.06,45830920.0,14429776922.0,0.0421089886093475,326.12,326.12,308.24,311.06,1.0,0.8492686826038776
300394,天孚通信,2026-06-24,311.05,326.0,306.0,325.28,45143207.0,14141642559.0,0.0414771248177522,311.05,326.0,306.0,325.28,1.0,0.8632120656128875
300394,天孚通信,2026-06-25,318.08,346.0,312.0,341.97,79669020.0,25921063835.0,0.0731990947530157,318.08,346.0,312.0,341.97,1.0,1.6011353260290064
300394,天孚通信,2026-06-26,331.0,334.68,316.8,318.0,48193304.0,15661790121.0,0.0442795232821602,331.0,334.68,316.8,318.0,1.0,0.8552328957880384
300394,天孚通信,2026-06-29,309.0,313.99,288.86,295.15,52800062.0,15863954431.0,0.0485121662260073,309.0,313.99,288.86,295.15,1.0,0.9402936762364742
300394,天孚通信,2026-06-30,295.0,309.89,290.02,302.68,42389181.0,12828514407.0,0.0389467534478596,295.0,309.89,290.02,302.68,1.0,0.7802555800000275
300394,天孚通信,2026-07-01,301.0,304.0,280.0,285.0,56185594.0,16319002368.0,0.0516227590440953,301.0,304.0,280.0,285.0,1.0,1.0474774202721788
300394,天孚通信,2026-07-02,271.0,272.0,250.01,250.77,52924350.0,13743261691.0,0.0486263608357573,271.0,272.0,250.01,250.77,1.0,0.9476595058205738
300394,天孚通信,2026-07-03,252.0,260.43,245.94,250.1,40281926.0,10208258741.0,0.0370106287339434,252.0,260.43,245.94,250.1,1.0,0.7976856230548258
300394,天孚通信,2026-07-06,250.58,253.99,231.45,237.0,46315721.0,11108718097.0,0.0425544189340873,250.58,253.99,231.45,237.0,1.0,0.9468376448184697
300394,天孚通信,2026-07-07,237.0,246.5,234.66,244.09,42411642.0,10210084576.0,0.0389673903889034,237.0,246.5,234.66,244.09,1.0,0.8906387441489547
300394,天孚通信,2026-07-08,246.01,253.2,240.2,245.68,43255515.0,10728540526.0,0.0397427324195104,246.01,253.2,240.2,245.68,1.0,0.9082742803896063
300394,天孚通信,2026-07-09,252.5,272.94,248.53,271.5,55610243.0,14467440780.0,0.0510941323281656,252.5,272.94,248.53,271.5,1.0,1.2347451467400603
300394,天孚通信,2026-07-10,281.0,291.8,270.91,271.12,64623102.0,18290722004.0,0.0593750565888472,281.0,291.8,270.91,271.12,1.0,1.4179503822548856
300394,天孚通信,2026-07-13,262.0,277.77,255.59,259.31,38688620.0,10253310022.0,0.0355467151955102,262.0,277.77,255.59,259.31,1.0,0.7669732648403033
300394,天孚通信,2026-07-14,257.3,276.16,252.0,273.51,47796023.0,12760497502.0,0.0439145055331271,257.3,276.16,252.0,273.51,1.0,0.9770676350847688
300394,天孚通信,2026-07-15,275.0,275.96,258.88,259.4,34731205.0,9172900085.0,0.031910682069608,275.0,275.96,258.88,259.4,1.0,0.6946977296229673
300394,天孚通信,2026-07-16,245.52,257.01,239.88,244.13,35278808.0,8752272466.0,0.0324138142020337,245.52,257.01,239.88,244.13,1.0,0.7305638002277357
300394,天孚通信,2026-07-17,238.68,241.0,207.0,211.37,54657457.0,11962382322.0,0.0502187221278465,238.68,241.0,207.0,211.37,1.0,1.2359354918929668
300394,天孚通信,2026-07-20,225.0,227.71,200.0,213.54,52186527.0,11211419029.0,0.0479484564792386,225.0,227.71,200.0,213.54,1.0,1.235756684092477
300394,天孚通信,2026-07-21,215.2,232.1,188.08,231.0,64907914.0,13858692755.0,0.0596367389917931,215.2,232.1,188.08,231.0,1.0,1.4446451863213723
300394,天孚通信,2026-07-22,228.0,233.18,217.2,217.63,42035505.0,9507466765.0,0.0386217994938678,228.0,233.18,217.2,217.63,1.0,0.8693574770758657
300394,天孚通信,2026-07-23,222.01,224.0,210.53,212.09,28683816.0,6193269172.0,0.0263544018388978,222.01,224.0,210.53,212.09,1.0,0.5758271241376856
300394,天孚通信,2026-07-24,209.07,212.49,203.12,203.41,25501446.0,5266409036.0,0.0234304722689949,209.07,212.49,203.12,203.41,1.0,0.5258654224029781
300394,天孚通信,2026-07-27,201.76,210.32,200.1,209.19,25824540.0,5315441286.0,0.0237273277887673,201.76,210.32,200.1,209.19,1.0,0.6053140852479678
300394,天孚通信,2026-07-28,198.11,202.98,180.01,181.56,44577471.0,8504078196.0,0.0409573323052906,198.11,202.98,180.01,181.56,1.0,1.1922092264994995
300394,天孚通信,2026-07-29,182.5,185.07,170.63,182.09,43360343.0,7741166875.0,0.039839047332281,182.5,185.07,170.63,182.09,1.0,1.3011529252020992
300394,天孚通信,2026-07-30,180.03,180.76,155.55,160.1,57897643.0,9547345850.0,0.053195772457439,180.03,180.76,155.55,160.1,1.0,1.7236815972427972
300394,天孚通信,2026-07-31,180.0,185.03,170.93,171.01,54885655.0,9840887549.0,0.0504283881566215,180.0,185.03,170.93,171.01,1.0,1.391896259351277
300394,天孚通信,2026-08-03,170.97,187.5,168.5,180.5,55997780.0,10029332108.0,0.0514501974286195,170.97,187.5,168.5,180.5,1.0,1.2359049821887556
300394,天孚通信,2026-08-04,189.98,216.0,188.18,212.0,78330255.0,15872876094.0,0.0719690509942378,189.98,216.0,188.18,212.0,1.0,1.525603635746449
300394,天孚通信,2026-08-05,198.0,218.2,193.0,216.85,85953720.0,17769307345.0,0.0789734140125605,198.0,218.2,193.0,216.85,1.0,1.479554240600037
300394,天孚通信,2026-08-06,208.0,228.0,202.0,225.28,67750080.0,14710774339.0,0.0622480925458967,208.0,228.0,202.0,225.28,1.0,1.017069779458369
300394,天孚通信,2026-08-07,230.0,236.82,224.96,230.68,60993190.0,14070341421.0,0.0560399299276025,230.0,236.82,224.96,230.68,1.0,0.8893274880788379
300394,天孚通信,2026-08-10,233.21,235.0,216.68,223.03,46671754.0,10437271281.0,0.0428815384759889,233.21,235.0,216.68,223.03,1.0,0.6686018287657167
300394,天孚通信,2026-08-11,218.22,228.58,216.88,222.49,31868260.0,7116847851.0,0.0292802369791548,218.22,228.58,216.88,222.49,1.0,0.46906614523170853
300394,天孚通信,2026-08-12,224.01,248.5,221.99,240.05,53473690.0,12718552010.0,0.0491310889063244,224.01,248.5,221.99,240.05,1.0,0.9117827775924215
300394,天孚通信,2026-08-13,250.1,271.4,250.1,257.16,64679462.0,16858879504.0,0.0594268395903711,250.1,271.4,250.1,257.16,1.0,1.2402249690165525
300394,天孚通信,2026-08-14,262.01,267.71,252.0,267.71,52489133.0,13734994212.0,0.0482264878305366,262.01,267.71,252.0,267.71,1.0,1.018469386869672
300394,天孚通信,2026-08-17,278.0,291.8,274.59,286.56,63159304.0,17899142474.0,0.0580301336991251,278.0,291.8,274.59,286.56,1.0,1.2673312721944188
300394,天孚通信,2026-08-18,288.0,295.0,279.36,291.44,54769227.0,15715979196.0,0.0503214152804428,288.0,295.0,279.36,291.44,1.0,1.030776115659252
300394,天孚通信,2026-08-19,272.0,289.7,267.89,277.4,63165195.0,17560184987.0,0.0580355462907145,272.0,289.7,267.89,277.4,1.0,1.0944487712853124
300394,天孚通信,2026-08-20,282.5,284.0,260.5,276.25,51737392.0,14195536272.0,0.0475357957555081,282.5,284.0,260.5,276.25,1.0,0.8673135752873056
300394,天孚通信,2026-08-21,276.1,288.0,269.65,273.08,50444269.0,14055654906.0,0.0463476873403265,276.1,288.0,269.65,273.08,1.0,0.8839938424139406
300394,天孚通信,2026-08-24,268.88,270.94,241.0,249.5,64477787.0,16345220667.0,0.0592415426274126,268.88,270.94,241.0,249.5,1.0,1.1380760552980906
300394,天孚通信,2026-08-25,249.5,264.72,241.8,257.1,45109706.0,11415328785.0,0.0414463444737806,249.5,264.72,241.8,257.1,1.0,0.792527716777596
300394,天孚通信,2026-08-26,256.97,256.97,245.01,253.58,36821448.0,9292994936.0,0.0338311763289124,256.97,256.97,245.01,253.58,1.0,0.6696407366691021
300394,天孚通信,2026-08-27,258.39,276.66,256.48,267.16,51943008.0,13829216739.0,0.0477247136696555,258.39,276.66,256.48,267.16,1.0,1.044750034436137
300394,天孚通信,2026-08-28,266.2,274.99,261.92,263.58,33895960.0,9104490089.0,0.0311432673586808,266.2,274.99,261.92,263.58,1.0,0.6811992616382938
300394,天孚通信,2026-08-31,255.01,264.59,253.68,263.0,28695969.0,7462734270.0,0.0263655678931476,255.01,264.59,253.68,263.0,1.0,0.6177874565923434
300394,天孚通信,2026-09-01,261.05,261.95,247.2,251.77,33052109.0,8348735682.0,0.0303679455414527,261.05,261.95,247.2,251.77,1.0,0.8411657409114939
300394,天孚通信,2026-09-02,247.86,255.69,237.8,250.0,41634547.0,10214252789.0,0.0382534033135088,247.86,255.69,237.8,250.0,1.0,1.1288673882885243
300394,天孚通信,2026-09-03,253.0,253.99,243.96,248.81,25488817.0,6318995690.0,0.0234188688707293,253.0,253.99,243.96,248.81,1.0,0.6735176624371828
300394,天孚通信,2026-09-04,252.01,262.68,246.02,248.7,38589218.0,9832958464.0,0.0354553856370027,252.01,262.68,246.02,248.7,1.0,1.1854099016706061
300394,天孚通信,2026-09-07,256.22,268.87,254.4,267.0,51929384.0,13606540720.0,0.0477121960753907,256.22,268.87,254.4,267.0,1.0,1.5504950237267667
300394,天孚通信,2026-09-08,265.1,273.33,256.8,258.5,41093472.0,10887698529.0,,265.1,273.33,256.8,258.5,1.0,1.0774711275114341
300394,天孚通信,2026-09-09,270.0,270.88,256.13,258.03,30059593.0,7907332901.0,,270.0,270.88,256.13,258.03,1.0,0.7562715865501551
300394,天孚通信,2026-09-10,253.92,276.99,253.07,269.0,50983659.0,13799920488.0,,253.92,276.99,253.07,269.0,1.0,1.3620305395235033
300839,博汇股份,2026-03-20,13.63,13.63,12.53,12.68,14036750.0,180466764.0,0.0484545400001077,13.63,13.63,12.53,12.68,1.0,1.233364310480924
300839,博汇股份,2026-03-23,12.6,13.03,12.24,12.3,11413261.0,144153686.0,0.0393983159674547,12.6,13.03,12.24,12.3,1.0,0.9780821708378851
300839,博汇股份,2026-03-24,12.32,12.77,12.0,12.75,9414572.0,116855457.0,0.0324988872465417,12.32,12.77,12.0,12.75,1.0,0.7765159935007564
300839,博汇股份,2026-03-25,12.66,13.08,12.5,12.86,8149582.0,105003313.0,0.0281321706950083,12.66,13.08,12.5,12.86,1.0,0.679193356931582
300839,博汇股份,2026-03-26,12.89,13.05,12.37,12.43,7586673.0,95417619.0,0.0261890216999118,12.89,13.05,12.37,12.43,1.0,0.6391488115287701
300839,博汇股份,2026-03-27,12.35,12.74,12.29,12.71,5433400.0,68509817.0,0.0187559725461082,12.35,12.74,12.29,12.71,1.0,0.5368883416515751
300839,博汇股份,2026-03-30,12.8,13.56,12.47,13.5,13048724.0,170424126.0,0.0450438968428137,12.8,13.56,12.47,13.5,1.0,1.5535124386487116
300839,博汇股份,2026-03-31,13.77,14.61,13.5,13.77,17733645.0,250067534.0,0.0611477468754105,13.77,14.61,13.5,13.77,1.0,2.0321390822270997
300839,博汇股份,2026-04-01,13.9,14.38,13.7,13.91,13223430.0,185355475.0,0.0455959815629956,13.9,14.38,13.7,13.91,1.0,1.2726578275371907
300839,博汇股份,2026-04-02,16.36,16.69,15.57,16.69,22648155.0,373412622.0,0.0780935701112243,16.36,16.69,15.57,16.69,1.0,1.9857789285536922
300839,博汇股份,2026-04-03,17.01,17.2,14.6,14.72,46527633.0,717606160.0,0.1604328904405156,17.01,17.2,14.6,14.72,1.0,3.2271702606812283
300839,博汇股份,2026-04-07,14.47,14.7,13.8,14.1,29572491.0,418807554.0,0.1019695158070072,14.47,14.7,13.8,14.1,1.0,1.3064179335106867
300839,博汇股份,2026-04-08,13.71,14.47,13.62,14.41,27033953.0,383493002.0,0.0932163306012804,13.71,14.47,13.62,14.41,1.0,1.0421294174178808
300839,博汇股份,2026-04-09,14.21,14.48,14.07,14.19,17548632.0,249881419.0,0.0605097997363615,14.21,14.48,14.07,14.19,1.0,0.6312200433965057
300839,博汇股份,2026-04-10,14.24,14.99,13.99,14.73,20886486.0,307130688.0,0.0720191229183174,14.24,14.99,13.99,14.73,1.0,0.7286109012780387
300839,博汇股份,2026-04-13,14.58,14.97,14.3,14.9,16947057.0,249682264.0,0.0584354965783488,14.58,14.97,14.3,14.9,1.0,0.5985432424052421
300839,博汇股份,2026-04-14,14.71,15.17,14.63,15.1,14326656.0,213089882.0,0.0494000378748464,14.71,15.17,14.63,15.1,1.0,0.6396478556450454
300839,博汇股份,2026-04-15,14.99,15.57,14.7,15.07,16820795.0,255380828.0,0.0580001299734584,14.99,15.57,14.7,15.07,1.0,0.8693565713386954
300839,博汇股份,2026-04-16,15.1,15.15,14.75,15.02,12176063.0,181855274.0,0.0419845338204893,15.1,15.15,14.75,15.02,1.0,0.7035776971924044
300839,博汇股份,2026-04-17,15.04,15.18,14.73,14.8,9317750.0,138422468.0,0.032128725845609,15.04,15.18,14.73,14.8,1.0,0.5740566713748627
300839,博汇股份,2026-04-20,14.7,15.28,14.6,15.09,9972037.0,149772934.0,0.0343847863373958,14.7,15.28,14.6,15.09,1.0,0.7165021986950942
300839,博汇股份,2026-04-21,15.0,15.1,14.55,14.83,9910880.0,146361035.0,0.0341739096250414,15.0,15.1,14.55,14.83,1.0,0.791435672749469
300839,博汇股份,2026-04-22,14.8,15.39,14.73,15.32,11167096.0,168442107.0,0.038505493909538,14.8,15.39,14.73,15.32,1.0,0.9594133083838188
300839,博汇股份,2026-04-23,15.42,15.7,14.7,14.83,14483440.0,218895496.0,0.0499406480170994,15.42,15.7,14.7,14.83,1.0,1.3782247223489208
300839,博汇股份,2026-04-24,14.71,14.88,14.12,14.26,11063938.0,158636812.0,0.0381497926832997,14.71,14.88,14.12,14.26,1.0,1.0085410524177565
300839,博汇股份,2026-04-27,14.22,14.68,14.15,14.57,10121400.0,146386041.0,0.0348998079765767,14.22,14.68,14.15,14.57,1.0,0.8941578243421151
300839,博汇股份,2026-04-28,14.57,14.66,14.18,14.27,8181950.0,117005092.0,0.028212350452897,14.57,14.66,14.18,14.27,1.0,0.7209178872151877
300839,博汇股份,2026-04-29,14.17,14.52,14.17,14.37,6609749.0,95227005.0,0.0227912117763718,14.17,14.52,14.17,14.37,1.0,0.6006916049606033
300839,博汇股份,2026-04-30,14.48,14.78,14.39,14.66,7792125.0,113910046.0,0.0268681868347741,14.48,14.78,14.39,14.66,1.0,0.7721017976108311
300839,博汇股份,2026-05-06,14.58,15.15,14.38,15.06,9554723.0,141592726.0,0.0329458373317309,14.58,15.15,14.38,15.06,1.0,1.091490282587544
300839,博汇股份,2026-05-07,15.02,15.47,14.95,15.4,9332340.0,142017272.0,0.0321790339253587,15.02,15.47,14.95,15.4,1.0,1.1041589806063883
300839,博汇股份,2026-05-08,15.54,18.0,15.5,17.34,28936134.0,491169291.0,0.0997752801178189,15.54,18.0,15.5,17.34,1.0,3.488728610989198
300839,博汇股份,2026-05-11,17.7,18.0,17.18,17.35,21865429.0,382177067.0,0.0753946364559717,17.7,18.0,17.18,17.35,1.0,1.7569629611189999
300839,博汇股份,2026-05-12,17.24,17.8,16.81,17.11,12519221.0,215579905.0,0.0431677839939461,17.24,17.8,16.81,17.11,1.0,0.8078923370270379
300839,博汇股份,2026-05-13,17.09,19.39,17.0,19.19,23901716.0,440436147.0,0.0824159996354922,17.09,19.39,17.0,19.19,1.0,1.453736892051193
300839,博汇股份,2026-05-14,19.16,19.85,18.6,18.97,19412166.0,371520610.0,0.0669354897355535,19.16,19.85,18.6,18.97,1.0,1.005240441597749
300839,博汇股份,2026-05-15,18.83,19.66,18.62,19.15,14587627.0,277722755.0,0.0502998973594488,18.83,19.66,18.62,19.15,1.0,0.6840002199659911
300839,博汇股份,2026-05-18,19.09,19.7,18.34,19.55,16360234.0,314347647.0,0.0564120600956252,19.09,19.7,18.34,19.55,1.0,0.8863861156037494
300839,博汇股份,2026-05-19,19.5,20.74,19.25,20.12,18335662.0,369754372.0,0.0632235741027342,19.5,20.74,19.25,20.12,1.0,1.0564334132079933
300839,博汇股份,2026-05-20,19.72,19.92,18.81,18.93,16478636.0,317050704.0,0.0568203244724943,19.72,19.92,18.81,18.93,1.0,0.889800097529731
300839,博汇股份,2026-05-21,18.86,19.29,18.25,18.34,12496875.0,233872119.0,0.0430907322907189,18.86,19.29,18.25,18.34,1.0,0.7336057550206591
300839,博汇股份,2026-05-22,18.39,18.62,18.09,18.4,7366350.0,134845155.0,0.0254000632805991,18.39,18.62,18.09,18.4,1.0,0.47063895524189575
300839,博汇股份,2026-05-25,18.43,18.91,17.36,17.65,10400293.0,185040677.0,0.0358614646788127,18.43,18.91,17.36,17.65,1.0,0.7320257169718914
300839,博汇股份,2026-05-26,17.67,18.28,17.32,17.58,8367075.0,148298155.0,0.0288506837814547,17.67,18.28,17.32,17.58,1.0,0.6428515517484484
300839,博汇股份,2026-05-27,17.42,17.77,16.79,16.98,8028952.0,137516635.0,0.0276847948952863,17.42,17.77,16.79,16.98,1.0,0.728458022883971
300839,博汇股份,2026-05-28,16.96,17.12,16.2,16.85,9546524.0,159632152.0,0.0329175661908215,16.96,17.12,16.2,16.85,1.0,1.0229979739408088
300839,博汇股份,2026-05-29,16.8,17.74,16.61,16.69,11709936.0,200748898.0,0.0403772717033219,16.8,17.74,16.61,16.69,1.0,1.3395277890505142
300839,博汇股份,2026-06-01,16.69,17.33,16.53,16.9,9132688.0,154435971.0,0.03149060974865,16.69,17.33,16.53,16.9,1.0,0.9502767581813164
300839,博汇股份,2026-06-02,16.88,16.9,15.84,16.26,7823117.0,126709308.0,0.0269750509888249,16.88,16.9,15.84,16.26,1.0,0.8360679424625429
300839,博汇股份,2026-06-03,16.17,16.27,15.8,16.05,6326555.0,101465234.0,0.0218147247073775,16.17,16.27,15.8,16.05,1.0,0.6840818008747477
300839,博汇股份,2026-06-04,15.82,16.03,15.3,15.56,7474966.0,116782852.0,0.0257745843491453,15.82,16.03,15.3,15.56,1.0,0.8391517781566732
300839,博汇股份,2026-06-05,15.5,15.69,14.9,15.32,6136017.0,93900965.0,0.0211577267019394,15.5,15.69,14.9,15.32,1.0,0.7224408533801873
300839,博汇股份,2026-06-08,14.82,15.4,13.98,14.21,9903140.0,143098585.0,0.0341472211714936,14.82,15.4,13.98,14.21,1.0,1.3421310180538533
300839,博汇股份,2026-06-09,14.23,14.76,13.68,14.69,10136642.0,144989018.0,0.0349523642309663,14.23,14.76,13.68,14.69,1.0,1.3456745397005268
300839,博汇股份,2026-06-10,14.55,14.82,14.17,14.6,6702117.0,96903533.0,0.0231097077811913,14.55,14.82,14.17,14.6,1.0,0.8382399070272845
300839,博汇股份,2026-06-11,14.6,14.75,14.2,14.51,5726400.0,82680981.0,0.0197453178806359,14.6,14.75,14.2,14.51,1.0,0.7095403991219263
300839,博汇股份,2026-06-12,14.63,15.15,14.42,14.69,7937280.0,117339853.0,0.0273686987824137,14.63,15.15,14.42,14.69,1.0,1.0280301301025512
300839,博汇股份,2026-06-15,14.76,15.04,14.5,14.68,7462200.0,109768744.0,0.0257305656413945,14.76,15.04,14.5,14.68,1.0,0.9234120862369031
300839,博汇股份,2026-06-16,14.68,15.24,14.55,15.04,8438240.0,125808710.0,0.029096069284908,14.68,15.24,14.55,15.04,1.0,1.1113288868623248
300839,博汇股份,2026-06-17,14.87,15.0,14.02,14.08,9756139.0,139912272.0,0.0336403439932016,14.87,15.0,14.02,14.08,1.0,1.3450718639488293
300839,博汇股份,2026-06-18,14.1,14.5,13.7,14.12,7486283.0,105703069.0,0.0258136067301273,14.1,14.5,13.7,14.12,1.0,0.951962574814169
300839,博汇股份,2026-06-22,14.2,14.2,13.47,13.9,7664942.0,105068969.0,0.0264296445107986,14.2,14.2,13.47,13.9,1.0,0.9329254509392884
300839,博汇股份,2026-06-23,13.91,14.35,13.67,13.8,6130037.0,85685529.0,0.0211371069406712,13.91,14.35,13.67,13.8,1.0,0.7510863608343149
300839,博汇股份,2026-06-24,13.69,13.75,12.78,13.1,10975789.0,144183332.0,0.0378458442993482,13.69,13.75,12.78,13.1,1.0,1.3901976917866894
300839,博汇股份,2026-06-25,13.32,13.32,12.52,12.65,8391817.0,106686678.0,0.0289359971816717,13.32,13.32,12.52,12.65,1.0,0.9987121901479036
300839,博汇股份,2026-06-26,12.5,12.63,11.94,11.95,8573037.0,104453162.0,0.029560865599234,12.5,12.63,11.94,11.95,1.0,1.054523461760362
300839,博汇股份,2026-06-29,12.0,12.05,11.4,11.62,7122734.0,83045292.0,0.0245600459292424,12.0,12.05,11.4,11.62,1.0,0.8533159036182568
300839,博汇股份,2026-06-30,11.76,11.89,11.4,11.71,5376075.0,62833142.0,0.0185374844636944,11.76,11.89,11.4,11.71,1.0,0.6525405978732426
300839,博汇股份,2026-07-01,12.02,12.22,11.62,12.2,7584659.0,90396789.0,0.026153001655468,12.02,12.22,11.62,12.2,1.0,0.9377796464699868
300839,博汇股份,2026-07-02,11.97,12.47,11.76,11.92,8246229.0,99897501.0,0.0284341907379578,11.97,12.47,11.76,11.92,1.0,1.1129018204927068
300839,博汇股份,2026-07-03,12.1,12.15,11.82,11.94,5961600.0,71429000.0,0.0205564593832416,12.1,12.15,11.82,11.94,1.0,0.8077450304901529
300839,博汇股份,2026-07-06,11.9,12.11,11.65,12.0,6290265.0,74951893.0,0.021689743857744,11.9,12.11,11.65,12.0,1.0,0.9171809686871861
300839,博汇股份,2026-07-07,11.95,12.15,11.73,11.93,8292754.0,98999403.0,0.0285946156696549,11.95,12.15,11.73,11.93,1.0,1.2392475313241695
300839,博汇股份,2026-07-08,12.0,12.28,11.49,11.9,7950530.0,94525632.0,0.0274145778013024,12.0,12.28,11.49,11.9,1.0,1.0928411252109833
300839,博汇股份,2026-07-09,12.0,12.16,11.08,11.36,9954010.0,114617117.0,0.034322866724601,12.0,12.16,11.08,11.36,1.0,1.3546048817221825
300839,博汇股份,2026-07-10,11.21,11.92,11.0,11.5,8692473.0,100849030.0,0.0299729046169526,11.21,11.92,11.0,11.5,1.0,1.1303853226022447
300839,博汇股份,2026-07-13,11.5,12.18,11.4,11.48,10878800.0,126898482.0,0.0384163651879421,11.5,12.18,11.4,11.48,1.0,1.3208828978083358
300839,博汇股份,2026-07-14,11.44,12.06,11.38,11.95,11442267.0,134200941.0,0.0404061392478894,11.44,12.06,11.38,11.95,1.0,1.2500136829715467
300839,博汇股份,2026-07-15,11.71,11.74,11.17,11.2,10003467.0,114319278.0,0.035325297038049,11.71,11.74,11.17,11.2,1.0,1.0224713439284616
300839,博汇股份,2026-07-16,11.16,11.38,11.0,11.18,6088980.0,68165930.0,0.0215020479558477,11.16,11.38,11.0,11.18,1.0,0.597298264619676
300839,博汇股份,2026-07-17,11.13,11.41,10.33,10.43,8424950.0,90825672.0,0.0297510714316058,11.13,11.41,10.33,10.43,1.0,0.8942546942069168
300839,博汇股份,2026-07-20,10.6,11.19,10.21,10.43,10733313.0,114546724.0,0.0379026061591799,10.6,11.19,10.21,10.43,1.0,1.1457797804812728
300839,博汇股份,2026-07-21,10.25,10.41,9.32,10.11,12721100.0,125251809.0,0.0449220891267723,10.25,10.41,9.32,10.11,1.0,1.3622069974249018
300839,博汇股份,2026-07-22,10.01,10.31,9.91,9.99,8163200.0,82513731.0,0.0288267522430975,10.01,10.31,9.91,9.99,1.0,0.8508330204759837
300839,博汇股份,2026-07-23,10.0,10.54,9.97,10.49,7371000.0,76106157.0,0.0260292521050411,10.0,10.54,9.97,10.49,1.0,0.7989110617869426
300839,博汇股份,2026-07-24,10.82,11.12,9.89,9.94,10889700.0,112145105.0,0.0384548564168046,10.82,11.12,9.89,9.94,1.0,1.1483739367994765
300839,博汇股份,2026-07-27,9.61,10.11,9.5,10.05,8432900.0,83823177.0,0.0297791453095376,9.61,10.11,9.5,10.05,1.0,0.8453473556733966
300839,博汇股份,2026-07-28,9.92,10.2,9.82,10.0,6697200.0,67274827.0,0.0236498585263711,9.92,10.2,9.82,10.0,1.0,0.7038141658206857
300839,博汇股份,2026-07-29,10.11,10.27,9.9,10.2,7096000.0,71512272.0,0.0250581431199799,10.11,10.27,9.9,10.2,1.0,0.8538287529479713
300839,博汇股份,2026-07-30,10.3,10.46,9.76,9.8,8311770.0,83566136.0,0.0293513982864086,10.3,10.46,9.76,9.8,1.0,1.0264790005631466
300839,博汇股份,2026-07-31,9.7,10.15,9.69,10.02,6697485.0,67329099.0,0.0236508649484102,9.7,10.15,9.69,10.02,1.0,0.8083366946214803
300839,博汇股份,2026-08-03,10.03,10.58,9.93,10.51,9244800.0,95908131.0,0.0326462121639783,10.03,10.58,9.93,10.51,1.0,1.241400813823314
300839,博汇股份,2026-08-04,10.52,10.7,10.35,10.64,6537100.0,69024734.0,0.0230844965317954,10.52,10.7,10.35,10.64,1.0,0.8590764300867434
300839,博汇股份,2026-08-05,10.63,10.85,10.52,10.84,5319783.0,57317787.0,0.0187857784359126,10.63,10.85,10.52,10.84,1.0,0.7020562773847759
300839,博汇股份,2026-08-06,10.84,11.08,10.7,10.95,5899810.0,64361270.0,0.0208340309132876,10.84,11.08,10.7,10.95,1.0,0.8169006853269777
300839,博汇股份,2026-08-07,11.0,11.01,10.61,10.81,5178473.0,55769568.0,0.0182867696698071,11.0,11.01,10.61,10.81,1.0,0.7683427372782641
300839,博汇股份,2026-08-10,10.8,10.84,10.58,10.81,4012000.0,43131612.0,0.0141675972656932,10.8,10.84,10.58,10.81,1.0,0.6233692105206078
300839,博汇股份,2026-08-11,10.89,10.9,10.61,10.81,3964650.0,42746707.0,0.0140003899549927,10.89,10.9,10.61,10.81,1.0,0.7356339438440391
300839,博汇股份,2026-08-12,10.73,10.94,10.71,10.92,4431700.0,48184356.0,0.0156496861421667,10.73,10.94,10.71,10.92,1.0,0.9090772585822128
300839,博汇股份,2026-08-13,10.98,11.15,10.61,10.62,5923900.0,64212481.0,0.0209191000603789,10.98,11.15,10.61,10.62,1.0,1.261121592013636
300839,博汇股份,2026-08-14,10.6,10.69,10.45,10.59,3708300.0,39111219.0,0.0130951398156456,10.6,10.69,10.45,10.59,1.0,0.7886401451797124
300839,博汇股份,2026-08-17,10.64,10.86,10.42,10.82,4925780.0,52811225.0,0.0173944335143087,10.64,10.86,10.42,10.82,1.0,1.1174358171642722
300839,博汇股份,2026-08-18,10.84,11.13,10.72,10.88,7314800.0,79737338.0,0.0258307927415486,10.84,11.13,10.72,10.88,1.0,1.5933377275659975
300839,博汇股份,2026-08-19,10.89,10.98,10.41,10.45,6962604.0,73753960.0,0.0245870811048118,10.89,10.98,10.41,10.45,1.0,1.323463531687378
300839,博汇股份,2026-08-20,10.45,10.63,10.33,10.39,4730800.0,49504985.0,0.0167058995873733,10.45,10.63,10.33,10.39,1.0,0.8203116004974998
300839,博汇股份,2026-08-21,10.37,12.47,10.32,12.47,19090840.0,225948952.0,0.0674155863867866,10.37,12.47,10.32,12.47,1.0,3.4531951122418105
300839,博汇股份,2026-08-24,12.0,14.2,11.63,14.12,43018152.0,538559464.0,0.1519102324651988,12.0,14.2,11.63,14.12,1.0,4.999224633667298
300839,博汇股份,2026-08-25,13.96,14.08,12.58,12.97,32425575.0,419934749.0,0.1145046081028246,13.96,14.08,12.58,12.97,1.0,1.9986868752218705
300839,博汇股份,2026-08-26,12.7,12.96,12.45,12.77,26444427.0,335822589.0,0.0933833478708937,12.7,12.96,12.45,12.77,1.0,1.2447016897272754
300839,博汇股份,2026-08-27,12.6,12.95,12.5,12.67,19753682.0,251104176.0,0.0697562839208809,12.6,12.95,12.5,12.67,1.0,0.7856858790175092
300839,博汇股份,2026-08-28,12.57,12.92,12.45,12.84,19349688.0,245022496.0,0.0683296577270234,12.57,12.92,12.45,12.84,1.0,0.6874625193654387
300839,博汇股份,2026-08-31,12.85,13.15,12.61,12.83,19828608.0,254946132.0,0.070020870509298,12.85,13.15,12.61,12.83,1.0,0.7031843985174598
300839,博汇股份,2026-09-01,12.8,13.09,12.62,12.85,15824261.0,203509477.0,0.0558802983238327,12.8,13.09,12.62,12.85,1.0,0.6716466480444556
300839,博汇股份,2026-09-02,13.0,13.54,12.33,12.55,23398576.0,301714793.0,0.0826275177863201,13.0,13.54,12.33,12.55,1.0,1.1560485184949276
300839,博汇股份,2026-09-03,12.68,13.03,12.33,12.75,19635940.0,249780896.0,0.0693405009604479,12.68,13.03,12.33,12.75,1.0,1.0002535280617666
300839,博汇股份,2026-09-04,12.78,13.11,12.52,12.64,15420593.0,197237689.0,0.0544548233355356,12.78,13.11,12.52,12.64,1.0,0.7864674315603036
300839,博汇股份,2026-09-07,12.76,13.34,12.7,13.19,19570619.0,256265004.0,0.0691098325604,12.76,13.34,12.7,13.19,1.0,1.0397959565128474
300839,博汇股份,2026-09-08,13.15,13.49,12.9,13.49,18400700.0,243903204.0,,13.15,13.49,12.9,13.49,1.0,0.9803251015831232
300839,博汇股份,2026-09-09,13.42,13.9,13.33,13.56,16781901.0,228174175.0,,13.42,13.9,13.33,13.56,1.0,0.8701919872008532
300839,博汇股份,2026-09-10,13.8,13.83,12.77,12.81,13488476.0,175577490.0,,13.8,13.83,12.77,12.81,1.0,0.7509471716284533
301205,联特科技,2026-03-20,232.17,234.66,219.01,219.86,13280090.0,3026309256.0,0.15922470085922,232.31,234.8,219.14,219.99,0.9994090640483658,1.3265310056840869
301205,联特科技,2026-03-23,211.78,218.07,202.18,203.88,10261923.0,2139660992.0,0.1230376917562569,211.91,218.2,202.3,204.0,0.9994117647058824,0.9143614996567777
301205,联特科技,2026-03-24,205.87,221.23,200.68,219.58,12146204.0,2581856106.0,0.1456297132380173,206.0,221.36,200.8,219.71,0.9994083109553502,1.1354409265790197
301205,联特科技,2026-03-25,234.35,235.86,209.59,215.67,14797284.0,3253272101.0,0.1774154481203759,234.49,236.0,209.72,215.8,0.9993975903614456,1.3488645553219747
301205,联特科技,2026-03-26,211.87,219.77,211.17,212.07,7747067.0,1665202010.0,0.0928852459291567,212.0,219.9,211.3,212.2,0.999387370405278,0.6418633492287383
301205,联特科技,2026-03-27,205.92,227.86,203.05,221.79,11215950.0,2433341880.0,0.1344762184293908,206.05,228.0,203.17,221.92,0.9994142033165104,0.9630306875698836
301205,联特科技,2026-03-30,215.98,225.86,210.91,223.48,8905808.0,1932348079.0,0.1067782383033284,216.11,226.0,211.04,223.62,0.9993739379304176,0.7927770383746542
301205,联特科技,2026-03-31,216.87,216.87,207.54,208.55,7980100.0,1685978214.0,0.0956792488098094,217.0,217.0,207.67,208.68,0.9993770366110792,0.727947751447745
301205,联特科技,2026-04-01,217.87,224.74,210.97,222.64,11683575.0,2556132762.0,0.1400829161806329,218.0,224.88,211.1,222.78,0.9993715773408745,1.1534501032446476
301205,联特科技,2026-04-02,218.87,228.86,217.17,218.35,7906027.0,1764384151.0,0.094791133498336,219.0,229.0,217.3,218.48,0.9994049798608567,0.831644348603587
301205,联特科技,2026-04-03,224.79,229.83,215.79,215.99,11040489.0,2469022366.0,0.1323724883163073,224.93,229.97,215.92,216.12,0.9993984823246344,1.1574911944402624
301205,联特科技,2026-04-07,213.87,224.76,209.93,217.17,7826352.0,1707978617.0,0.0938358517162879,214.0,224.9,210.06,217.3,0.9994017487344684,0.8235491376283596
301205,联特科技,2026-04-08,225.01,232.86,224.86,232.25,11617894.0,2661505992.0,0.1392954186879853,225.15,233.0,225.0,232.39,0.9993975644390896,1.2509430342392198
301205,联特科技,2026-04-09,232.46,253.53,231.44,248.24,13648301.0,3364268354.0,0.1636394515369695,232.6,253.68,231.58,248.39,0.9993961109545474,1.3628039648333237
301205,联特科技,2026-04-10,245.85,251.76,238.88,243.7,11286084.0,2764156619.0,0.1353171061922042,246.0,251.91,239.03,243.85,0.9993848677465657,1.084385781504175
301205,联特科技,2026-04-13,237.14,255.36,237.14,252.05,11442243.0,2853785665.0,0.1371894105260961,237.28,255.52,237.28,252.2,0.9994052339413164,1.03233712480458
301205,联特科技,2026-04-14,250.85,269.83,248.85,259.7,13021602.0,3409037710.0,0.1561254993872648,251.0,269.99,249.0,259.86,0.9993842838451472,1.1663738908853343
301205,联特科技,2026-04-15,264.84,277.6,254.55,261.74,12138567.0,3232750936.0,0.1455381476657613,265.0,277.77,254.7,261.9,0.9993890798014512,0.9947015808477117
301205,联特科技,2026-04-16,259.84,268.52,253.85,264.71,7530282.0,1977788280.0,0.0902860521905777,260.0,268.68,254.0,264.87,0.9993959300789066,0.6118519623307661
301205,联特科技,2026-04-17,266.5,292.7,262.49,285.38,11315509.0,3171360031.0,0.1356699040138141,266.66,292.88,262.65,285.55,0.9994046576781648,1.0209092845749865
301205,联特科技,2026-04-20,291.08,302.5,274.83,280.34,11449809.0,3301659160.0,0.1372801248274827,291.26,302.68,275.0,280.51,0.9993939609996078,1.0324779145683045
301205,联特科技,2026-04-21,275.66,288.48,270.24,284.82,8865824.0,2467104041.0,0.1062988409167779,275.83,288.66,270.4,284.99,0.9994034878416788,0.7993599367452644
301205,联特科技,2026-04-22,278.42,296.47,278.33,293.82,8578639.0,2488571324.0,0.1028555701470576,278.59,296.65,278.5,294.0,0.9993877551020408,0.8361248055579582
301205,联特科技,2026-04-23,294.02,294.82,262.84,270.07,12768747.0,3500462953.0,0.1530938360675314,294.2,295.0,263.0,270.23,0.9994079117788548,1.3373198732477585
301205,联特科技,2026-04-24,265.22,271.82,251.86,257.36,9721951.0,2526404733.0,0.116563572968481,265.38,271.99,252.01,257.52,0.9993786890338616,0.9175369123128525
301205,联特科技,2026-04-27,260.88,261.83,252.37,259.42,6620359.0,1704121301.0,0.0793763205938849,261.04,261.99,252.52,259.58,0.9993836196933508,0.6441921635840208
301205,联特科技,2026-04-28,260.84,264.31,249.88,252.21,6529669.0,1667714926.0,0.0782889719297627,261.0,264.47,250.03,252.36,0.9994056110318592,0.7012776358206287
301205,联特科技,2026-04-29,208.75,242.86,208.75,238.77,11918128.0,2750852031.0,0.1428951434517307,208.88,243.01,208.88,238.92,0.9993721747865396,1.3476141052681332
301205,联特科技,2026-04-30,245.47,245.47,229.04,235.26,7232276.0,1693044210.0,0.0867130405465111,245.62,245.62,229.18,235.4,0.9994052676295666,0.7603501127255925
301205,联特科技,2026-05-06,245.84,272.39,242.85,261.59,11985896.0,3129548390.0,0.1437076635120486,245.99,272.56,243.0,261.75,0.999388729703916,1.4261323542741495
301205,联特科技,2026-05-07,260.4,277.6,252.52,275.08,9658257.0,2580656178.0,0.1157998990704481,260.56,277.77,252.67,275.25,0.9993823796548592,1.0904332596732789
301205,联特科技,2026-05-08,282.83,295.62,276.04,284.63,10434597.0,2973063921.0,0.1251080064902809,283.0,295.8,276.21,284.8,0.9994030898876404,1.102458284262272
301205,联特科技,2026-05-11,288.89,299.62,276.03,291.81,10235484.0,2938042725.0,0.1227206952700872,289.07,299.8,276.2,291.99,0.99938354053221,0.9989901453379456
301205,联特科技,2026-05-12,295.82,302.19,279.19,281.33,9343562.0,2667840577.0,0.1120267908131327,296.0,302.37,279.36,281.5,0.9993960923623444,0.9429081886897785
301205,联特科技,2026-05-13,276.28,299.82,275.83,295.47,10381399.0,3012142558.0,0.1244701768041637,276.45,300.0,276.0,295.65,0.999391171993912,1.0048240346916852
301205,联特科技,2026-05-14,309.82,315.81,292.39,292.39,7926266.0,2389733748.0,0.0950337936550585,310.01,316.0,292.57,292.57,0.9993847626209112,0.7917825756100512
301205,联特科技,2026-05-15,292.4,295.82,269.07,276.3,8659417.0,2406307941.0,0.1038240766019089,292.58,296.0,269.23,276.47,0.9993851050746916,0.896024689563453
301205,联特科技,2026-05-18,275.83,301.82,273.83,286.71,11553399.0,3341171959.0,0.1385221410157771,276.0,302.0,274.0,286.88,0.9994074177356386,1.2410698264740732
301205,联特科技,2026-05-19,286.44,287.83,253.81,270.64,11978463.0,3190198785.0,0.143618543844826,286.61,288.0,253.96,270.8,0.9994091580502216,1.2513007937921166
301205,联特科技,2026-05-20,269.82,272.16,262.94,265.84,7233995.0,1930887078.0,0.0867336508933368,269.98,272.33,263.1,266.0,0.9993984962406014,0.716252106182656
301205,联特科技,2026-05-21,267.84,268.23,245.18,245.18,8878594.0,2275838258.0,0.1064519497759778,268.0,268.39,245.33,245.33,0.9993885786491664,0.9375190331718883
301205,联特科技,2026-05-22,250.86,259.74,246.5,256.64,6835201.0,1736753503.0,0.0819522182859936,251.01,259.9,246.65,256.8,0.9993769470404984,0.7075210829907038
301205,联特科技,2026-05-25,255.84,272.73,246.51,269.3,10894908.0,2833498003.0,0.1306270113522366,256.0,272.9,246.66,269.46,0.9994062198471018,1.1720083446407903
301205,联特科技,2026-05-26,263.84,267.84,250.0,254.55,7391080.0,1900505868.0,0.0886170577177236,264.0,268.0,250.15,254.7,0.9994110718492344,0.806513828839911
301205,联特科技,2026-05-27,252.76,253.98,238.85,243.85,7511754.0,1852890658.0,0.0900639064628364,252.91,254.13,239.0,244.0,0.9993852459016394,0.9108738471648172
301205,联特科技,2026-05-28,240.45,292.62,236.36,292.62,19275726.0,5173914429.0,0.2311107610109788,240.6,292.8,236.5,292.8,0.9993852459016394,2.321731185236528
301205,联特科技,2026-05-29,303.86,338.67,303.86,315.83,22509771.0,7230474682.0,0.2698860891669067,304.04,338.88,304.04,316.02,0.9993987722296056,2.168209225322267
301205,联特科技,2026-06-01,316.32,328.68,305.64,312.5,11903876.0,3757558054.0,0.1427242658118468,316.51,328.88,305.83,312.69,0.9993923694393808,0.8806825609527238
301205,联特科技,2026-06-02,317.81,351.28,317.11,339.81,14151476.0,4772110513.0,0.1696723842094769,318.0,351.49,317.3,340.02,0.9993823892712194,1.0315658745314902
301205,联特科技,2026-06-03,341.79,350.59,326.38,333.97,14837478.0,5052269070.0,0.1778973633503431,342.0,350.8,326.58,334.17,0.9994015022294044,0.9845365262298902
301205,联特科技,2026-06-04,323.13,339.79,322.12,331.75,8347344.0,2778614708.0,0.1000824054181112,323.33,340.0,322.32,331.95,0.9993974996234372,0.5048084729629326
301205,联特科技,2026-06-05,330.8,374.67,327.82,337.53,15089169.0,5290740418.0,0.1809150706237093,331.0,374.9,328.02,337.74,0.9993782199324924,1.0515108408793903
301205,联特科技,2026-06-08,324.81,329.4,299.94,308.39,11446736.0,3610243601.0,0.1372432803854842,325.01,329.6,300.12,308.58,0.9993842763626936,0.8896978786181603
301205,联特科技,2026-06-09,321.77,348.79,310.81,347.29,11753782.0,3932931487.0,0.1409246791937769,321.97,349.0,311.0,347.5,0.9993956834532376,0.9201015033096636
301205,联特科技,2026-06-10,349.85,361.57,340.51,345.24,8524155.0,2983555215.0,0.1022023216674454,350.06,361.79,340.72,345.45,0.9993920972644378,0.6933080994595662
301205,联特科技,2026-06-11,348.27,351.14,325.8,334.83,7951469.0,2687032338.0,0.095335970834261,348.48,351.35,326.0,335.03,0.9994030385338628,0.7207485531583748
301205,联特科技,2026-06-12,339.81,341.79,303.15,303.75,10371813.0,3283350117.0,0.123849626742831,340.02,342.0,303.33,303.93,0.9994077583654132,0.946932721700421
301205,联特科技,2026-06-15,314.81,325.6,303.32,322.87,8772473.0,2795605121.0,0.1047519374540943,315.0,325.8,303.5,323.07,0.999380939115362,0.8764067382972991
301205,联特科技,2026-06-16,325.1,341.77,315.87,336.8,9289162.0,3064070290.0,0.1109217112238419,325.3,341.98,316.06,337.0,0.999406528189911,0.9804135594920489
301205,联特科技,2026-06-17,328.75,343.6,319.15,335.99,7908685.0,2632587291.0,0.0944374609604537,328.95,343.81,319.34,336.19,0.9994050983075048,0.8805219800578378
301205,联特科技,2026-06-18,340.77,374.27,332.1,360.8,15332842.0,5331917749.0,0.183089182055905,340.98,374.5,332.3,361.02,0.9993906154783668,1.73081904695852
301205,联特科技,2026-06-22,359.68,377.77,337.89,349.18,13792765.0,4900104932.0,0.1646991511514509,359.9,378.0,338.1,349.39,0.9993989524600018,1.3345691023556374
301205,联特科技,2026-06-23,344.89,346.32,318.69,323.29,9751968.0,3221452042.0,0.1164480690895634,345.1,346.53,318.88,323.49,0.9993817428668584,0.8849989945717766
301205,联特科技,2026-06-24,321.32,329.6,312.91,329.24,7758189.0,2512556566.0,0.0926403910146025,321.52,329.8,313.1,329.44,0.9993929091792132,0.6917637641674814
301205,联特科技,2026-06-25,333.8,359.0,324.0,345.5,12357042.0,4262457731.0,0.1475552094263063,333.8,359.0,324.0,345.5,1.0,1.1327497322413138
301205,联特科技,2026-06-26,338.0,344.95,315.2,315.86,9041662.0,2947526273.0,0.1079663183124145,338.0,344.95,315.2,315.86,1.0,0.7663359834078752
301205,联特科技,2026-06-29,315.83,326.0,292.8,300.0,8068726.0,2471527823.0,0.0963485075743436,315.83,326.0,292.8,300.0,1.0,0.7655101571249434
301205,联特科技,2026-06-30,303.8,338.88,297.15,334.1,9228615.0,2985229088.0,0.1102727886688997,303.8,338.88,297.15,334.1,1.0,0.9822359543498903
301205,联特科技,2026-07-01,338.0,359.61,336.26,346.0,11569082.0,4059479602.0,0.1382390461059618,338.0,359.61,336.26,346.0,1.0,1.2452128690788442
301205,联特科技,2026-07-02,325.0,332.57,303.01,306.82,8429933.0,2695344928.0,0.1007293315629684,325.0,332.57,303.01,306.82,1.0,0.8385468716710891
301205,联特科技,2026-07-03,305.82,323.16,296.56,297.99,7624968.0,2374086880.0,0.0911107988437184,305.82,323.16,296.56,297.99,1.0,0.8227550863310554
301205,联特科技,2026-07-06,303.0,304.0,280.01,282.13,6514338.0,1887002870.0,0.0778398727860879,303.0,304.0,280.01,282.13,1.0,0.7250830362880666
301205,联特科技,2026-07-07,281.99,291.65,268.5,275.85,4842194.0,1341904247.0,0.0578594118029427,281.99,291.65,268.5,275.85,1.0,0.5582817748526205
301205,联特科技,2026-07-08,282.85,283.5,260.01,263.71,4804593.0,1299800228.0,0.0574101171767458,282.85,283.5,260.01,263.71,1.0,0.6162813651897621
301205,联特科技,2026-07-09,271.01,273.98,250.0,272.0,7307938.0,1919336283.0,0.0873226050365544,271.01,273.98,250.0,272.0,1.0,1.1342084836906947
301205,联特科技,2026-07-10,280.01,299.19,264.4,264.56,8518152.0,2423262880.0,0.1017834610443241,280.01,299.19,264.4,264.56,1.0,1.3697407068256926
301205,联特科技,2026-07-13,265.15,267.74,238.02,239.12,6469990.0,1618988910.0,0.0773099582071518,265.15,267.74,238.02,239.12,1.0,1.011339999434149
301205,联特科技,2026-07-14,241.5,270.86,235.37,269.85,8088571.0,2049100061.0,0.0966503945084274,241.5,270.86,235.37,269.85,1.0,1.2660997211051843
301205,联特科技,2026-07-15,267.16,274.5,248.0,250.79,5465111.0,1410636460.0,0.0653026516281239,267.16,274.5,248.0,250.79,1.0,0.7765314594425501
301205,联特科技,2026-07-16,249.7,251.61,232.01,235.0,5414234.0,1301653352.0,0.0646947219800556,249.7,251.61,232.01,235.0,1.0,0.7551283046174755
301205,联特科技,2026-07-17,235.0,236.0,199.63,201.5,7519681.0,1596067335.0,0.0898527237045364,235.0,236.0,199.63,201.5,1.0,1.1072664854088776
301205,联特科技,2026-07-20,211.96,212.82,169.67,178.0,9138693.0,1742191191.0,0.1091983100279893,211.96,212.82,169.67,178.0,1.0,1.3864323562280212
301205,联特科技,2026-07-21,183.23,213.6,153.0,213.6,11925108.0,2179277879.0,0.1424932034046067,183.23,213.6,153.0,213.6,1.0,1.6736387650805065
301205,联特科技,2026-07-22,206.0,228.88,206.0,214.11,12447194.0,2707133617.0,0.1487316128674558,206.0,228.88,206.0,214.11,1.0,1.5770783476814776
301205,联特科技,2026-07-23,224.09,232.0,218.4,226.66,9441977.0,2125508646.0,0.112822252779817,224.09,232.0,218.4,226.66,1.0,1.0164705884885987
301205,联特科技,2026-07-24,226.63,234.31,218.85,231.16,8147299.0,1866214862.0,0.0973521358133737,226.63,234.31,218.85,231.16,1.0,0.8071003321343144
301205,联特科技,2026-07-27,236.64,251.95,230.91,240.39,9255952.0,2233102520.0,0.1105994386834297,236.64,251.95,230.91,240.39,1.0,0.9056656470569403
301205,联特科技,2026-07-28,226.8,238.58,215.0,217.0,8395812.0,1900091359.0,0.1003216194824263,226.8,238.58,215.0,217.0,1.0,0.8196228908344467
301205,联特科技,2026-07-29,217.12,232.81,212.52,229.51,10727926.0,2402524102.0,0.1281880668609097,217.12,232.81,212.52,229.51,1.0,1.1247979952455358
301205,联特科技,2026-07-30,222.8,227.0,192.21,201.69,11184156.0,2315654687.0,0.1336395624942644,222.8,227.0,192.21,201.69,1.0,1.2164898379484979
301205,联特科技,2026-07-31,232.88,235.79,220.8,221.0,11907800.0,2717736327.0,0.1422863899850111,232.88,235.79,220.8,221.0,1.0,1.2479054946176622
301205,联特科技,2026-08-03,221.0,259.49,221.0,253.9,13532072.0,3320839914.0,0.1616948280872411,221.0,259.49,221.0,253.9,1.0,1.314517122689257
301205,联特科技,2026-08-04,260.09,272.22,248.0,266.94,11731593.0,3093142258.0,0.1401808912430026,260.09,272.22,248.0,266.94,1.0,1.052202970788103
301205,联特科技,2026-08-05,236.79,266.5,233.92,261.08,14155522.0,3540361633.0,0.1691444367333517,236.79,266.5,233.92,261.08,1.0,1.1979241869145059
301205,联特科技,2026-08-06,255.46,298.39,253.0,284.08,11578356.0,3230081653.0,0.1383498612003303,255.46,298.39,253.0,284.08,1.0,0.9261033668829252
301205,联特科技,2026-08-07,284.52,291.0,276.67,281.88,10735609.0,3046180303.0,0.1282798710845492,284.52,291.0,276.67,281.88,1.0,0.8533145586695235
301205,联特科技,2026-08-10,284.02,287.66,268.6,287.0,9089381.0,2521056944.0,0.1086090805764583,284.02,287.66,268.6,287.0,1.0,0.7361831289612427
301205,联特科技,2026-08-11,287.03,298.8,276.6,293.91,8494425.0,2455092293.0,0.1014999469464072,287.03,298.8,276.6,293.91,1.0,0.7413472375444841
301205,联特科技,2026-08-12,298.78,309.86,293.0,301.8,8205554.0,2486250552.0,0.098048225237833,298.78,309.86,293.0,301.8,1.0,0.759024431684486
301205,联特科技,2026-08-13,307.0,308.0,293.5,293.5,8905433.0,2681010919.0,0.1064110845683827,307.0,308.0,293.5,293.5,1.0,0.9256566983675245
301205,联特科技,2026-08-14,292.0,304.0,285.5,302.48,7992617.0,2365037172.0,0.0955038394550487,292.0,304.0,285.5,302.48,1.0,0.8796551040864661
301205,联特科技,2026-08-17,302.4,306.54,287.04,304.08,9419331.0,2814281580.0,0.1125516555588694,302.4,306.54,287.04,304.08,1.0,1.10329146228361
301205,联特科技,2026-08-18,303.2,311.79,294.11,301.3,6736868.0,2035350115.0,0.0804988853965923,303.2,311.79,294.11,301.3,1.0,0.7830406143008312
301205,联特科技,2026-08-19,292.0,295.0,261.13,264.0,10236438.0,2824162871.0,0.1223152731256309,292.0,295.0,261.13,264.0,1.0,1.2404855641215737
301205,联特科技,2026-08-20,271.08,302.5,266.66,299.5,10335440.0,2973645156.0,0.1234982487534795,271.08,302.5,266.66,299.5,1.0,1.1937255696588969
301205,联特科技,2026-08-21,300.01,320.1,292.36,302.8,9173189.0,2797866044.0,0.1096105029862959,300.01,320.1,292.36,302.8,1.0,1.025608971989567
301205,联特科技,2026-08-24,306.01,310.88,295.29,303.98,7976026.0,2413804253.0,0.0953055934737389,306.01,310.88,295.29,303.98,1.0,0.8688241845007064
301205,联特科技,2026-08-25,300.0,306.0,284.0,303.9,9205620.0,2715603241.0,0.1099980212443791,300.0,306.0,284.0,303.9,1.0,1.035317386688067
301205,联特科技,2026-08-26,303.56,315.0,283.06,311.19,9523329.0,2870298361.0,0.1137943284275488,303.56,315.0,283.06,311.19,1.0,1.0147023295665307
301205,联特科技,2026-08-27,310.0,332.57,305.16,329.5,9980641.0,3198032026.0,0.1192587528868801,310.0,332.57,305.16,329.5,1.0,1.0798379845034374
301205,联特科技,2026-08-28,332.8,340.88,320.0,320.85,8754357.0,2874856402.0,0.1046058763306414,332.8,340.88,320.0,320.85,1.0,0.9544903099851817
301205,联特科技,2026-08-31,317.0,317.3,301.0,308.93,8439149.0,2602054004.0,0.1008394536149093,317.0,317.3,301.0,308.93,1.0,0.9286040949012008
301205,联特科技,2026-09-01,309.0,309.99,294.99,298.18,5577323.0,1670283017.0,0.0666434736433575,309.0,309.99,294.99,298.18,1.0,0.6075105478724138
301205,联特科技,2026-09-02,290.74,293.6,282.22,284.7,5326874.0,1528467303.0,0.0636508566960325,290.74,293.6,282.22,284.7,1.0,0.6300294887268417
301205,联特科技,2026-09-03,291.0,293.0,282.58,285.0,4156557.0,1192750394.0,0.0496667302353858,291.0,293.0,282.58,285.0,1.0,0.5457901478068479
301205,联特科技,2026-09-04,286.0,305.99,282.0,285.0,6509628.0,1908238773.0,0.0777835929613655,286.0,305.99,282.0,285.0,1.0,1.0091113545931607
301205,联特科技,2026-09-07,295.0,320.98,295.0,318.98,9537779.0,2955199737.0,0.1139669915840751,295.0,320.98,295.0,318.98,1.0,1.5891249683308946
301205,联特科技,2026-09-08,321.3,323.8,307.68,309.08,5516836.0,1739298921.0,,321.3,323.8,307.68,309.08,1.0,0.8867184402189509
301205,联特科技,2026-09-09,314.8,319.6,294.28,297.59,6339254.0,1922237948.0,,314.8,319.6,294.28,297.59,1.0,1.0208903249885966
301205,联特科技,2026-09-10,293.61,308.0,293.61,303.09,5758745.0,1729007244.0,,293.61,308.0,293.61,303.09,1.0,0.8981184186402181
301366,一博科技,2026-03-20,33.86,33.88,32.45,32.45,2554616.0,84527744.0,0.0334858635054965,33.92,33.94,32.5,32.5,0.9984615384615384,1.1520808444871973
301366,一博科技,2026-03-23,31.85,32.11,29.79,29.96,3131962.0,96527881.0,0.0410537051503638,31.9,32.16,29.84,30.01,0.9983338887037654,1.3161803646200037
301366,一博科技,2026-03-24,30.85,30.93,29.78,30.87,2027517.0,61501886.0,0.0265766586904152,30.9,30.98,29.83,30.92,0.9983829236739974,0.7879267855631416
301366,一博科技,2026-03-25,30.86,31.65,30.75,31.08,1759650.0,55149201.0,0.0230654625655859,30.91,31.7,30.8,31.13,0.9983938323160938,0.6910750561747624
301366,一博科技,2026-03-26,31.3,31.53,30.45,30.64,1471141.0,45619142.0,0.0125742465444692,31.35,31.58,30.5,30.69,0.9983708048224176,0.6331798152152945
301366,一博科技,2026-03-27,30.2,31.08,30.08,30.8,1126629.0,34643473.0,0.0096296077739311,30.25,31.13,30.13,30.85,0.9983792544570502,0.5146828390903294
301366,一博科技,2026-03-30,30.26,30.93,30.18,30.93,1295748.0,39689173.0,0.0110751143578371,30.31,30.98,30.23,30.98,0.99838605551969,0.6807616640672555
301366,一博科技,2026-03-31,30.72,31.28,30.36,30.43,1316952.0,40616591.0,0.0112563501975617,30.77,31.33,30.41,30.48,0.9983595800524934,0.8573141588282815
301366,一博科技,2026-04-01,31.16,31.73,31.03,31.3,1631721.0,51231868.0,0.0139467672327583,31.21,31.78,31.08,31.35,0.9984051036682616,1.170511411568237
301366,一博科技,2026-04-02,31.07,31.25,30.13,30.33,1472180.0,45235003.0,0.0125831265177822,31.12,31.3,30.18,30.38,0.99835418038183,1.075810365422421
301366,一博科技,2026-04-03,30.33,30.7,29.88,30.12,1237380.0,37361286.0,0.0105762264740544,30.38,30.75,29.93,30.17,0.998342724560822,0.9040906121816744
301366,一博科技,2026-04-07,30.12,30.61,30.05,30.36,1012600.0,30746006.0,0.0086549701204379,30.17,30.66,30.1,30.41,0.9983558040118382,0.7280721647068061
301366,一博科技,2026-04-08,30.97,32.07,30.97,32.04,2345314.0,74287719.0,0.020046042458073,31.02,32.12,31.02,32.09,0.9984418822062948,1.757886908576485
301366,一博科技,2026-04-09,31.73,32.3,31.73,31.89,1439111.0,46112793.0,0.0123004766985913,31.78,32.35,31.78,31.94,0.9984345648090168,0.9345853689898749
301366,一博科技,2026-04-10,32.06,33.28,32.06,32.72,2755160.0,90549546.0,0.0235491087073136,32.11,33.33,32.11,32.77,0.9984742142203232,1.835162061043737
301366,一博科技,2026-04-13,32.69,33.15,32.45,33.05,1483528.0,49000923.0,0.0126801209883794,32.74,33.2,32.5,33.1,0.998489425981873,0.8439143461593378
301366,一博科技,2026-04-14,33.26,34.02,33.06,33.85,2371168.0,80052139.0,0.0202670236920191,33.31,34.08,33.11,33.91,0.9982306104393984,1.3121089614068087
301366,一博科技,2026-04-15,33.84,34.33,33.44,33.52,2172480.0,73817696.0,0.0185687828236707,33.9,34.39,33.5,33.58,0.9982132221560454,1.0450362078916282
301366,一博科技,2026-04-16,34.52,34.74,33.74,34.39,3159200.0,108638563.0,0.0270025494810265,34.58,34.8,33.8,34.45,0.9982583454281568,1.5453780663344436
301366,一博科技,2026-04-17,34.24,36.44,34.2,35.91,5335201.0,190974078.0,0.0456014272580788,34.3,36.5,34.26,35.97,0.9983319432860716,2.2338838990227052
301366,一博科技,2026-04-20,35.93,36.3,35.69,36.14,3291526.0,118816764.0,0.0281335761215135,35.99,36.36,35.75,36.2,0.998342541436464,1.1333225034719026
301366,一博科技,2026-04-21,36.02,39.38,35.9,37.84,8982240.0,344838198.0,0.0767736705654774,36.08,39.44,35.96,37.9,0.9984168865435358,2.7502981553408463
301366,一博科技,2026-04-22,37.5,38.49,37.26,37.87,4863916.0,183370162.0,0.0415732250131542,37.56,38.55,37.32,37.93,0.9984181386765092,1.0601087231759416
301366,一博科技,2026-04-23,37.89,38.44,37.22,37.37,3979730.0,150682438.0,0.034015844595507,37.95,38.5,37.28,37.43,0.9983970077477958,0.7763181010298695
301366,一博科技,2026-04-24,37.21,37.74,36.82,36.84,2851740.0,105953214.0,0.0243746044748742,37.27,37.8,36.88,36.9,0.9983739837398375,0.5390280347729731
301366,一博科技,2026-04-27,36.8,38.44,36.79,38.08,4822295.0,182506489.0,0.0412174789027624,36.86,38.5,36.85,38.14,0.9984268484530676,1.0059377569969934
301366,一博科技,2026-04-28,37.92,38.33,37.14,37.64,3458364.0,130689453.0,0.0295595862982403,37.98,38.39,37.2,37.7,0.9984084880636604,0.6781126890549974
301366,一博科技,2026-04-29,37.64,38.34,37.24,38.17,3279955.0,124716466.0,0.0280346756087112,37.7,38.4,37.3,38.23,0.998430551922574,0.8209720692959993
301366,一博科技,2026-04-30,38.17,38.74,38.01,38.29,2732040.0,104895585.0,0.0233514957217472,38.23,38.8,38.07,38.35,0.9984354628422424,0.7427217057077382
301366,一博科技,2026-05-06,38.96,41.63,38.61,40.82,9816342.0,398659781.0,0.083902969288959,39.02,41.7,38.67,40.89,0.9982880899975544,2.8628430961164333
301366,一博科技,2026-05-07,41.04,42.12,40.34,41.84,6357284.0,264637697.0,0.0543374511822419,41.11,42.19,40.41,41.91,0.9983297542352662,1.318446442149644
301366,一博科技,2026-05-08,41.28,42.78,41.22,42.28,4620868.0,195400935.0,0.039495827049662,41.35,42.85,41.29,42.35,0.9983471074380164,0.9009652750927751
301366,一博科技,2026-05-11,42.8,43.5,42.08,42.31,5241920.0,223874320.0,0.044804128948969,42.87,43.57,42.15,42.38,0.9983482774893818,0.9777334137268032
301366,一博科技,2026-05-12,42.29,42.64,40.93,41.31,4212456.0,175433071.0,0.0360050175920002,42.36,42.71,41.0,41.38,0.9983083615273078,0.7321311044382156
301366,一博科技,2026-05-13,41.13,42.06,40.94,41.82,4291310.0,179265078.0,0.0366790043724437,41.2,42.13,41.01,41.89,0.998328956791597,0.7093339354494895
301366,一博科技,2026-05-14,42.23,42.23,40.54,40.54,3130292.0,129234125.0,0.0267554648708729,42.3,42.3,40.61,40.61,0.9982762866289092,0.6330513895132301
301366,一博科技,2026-05-15,40.57,41.35,40.01,40.53,3480432.0,141934167.0,0.0297482075510725,40.64,41.42,40.08,40.6,0.9982758620689656,0.8095215456258095
301366,一博科技,2026-05-18,40.52,40.88,39.63,39.94,3634732.0,145726652.0,0.0310670520005921,40.59,40.95,39.7,40.01,0.9982504373906524,0.8927733328224378
301366,一博科技,2026-05-19,39.85,40.43,39.0,39.59,3251320.0,128696064.0,0.0277899244044857,39.92,40.5,39.06,39.66,0.998234997478568,0.8670546436540141
301366,一博科技,2026-05-20,39.41,41.25,39.37,39.93,3627060.0,145450793.0,0.031001477310918,39.47,41.32,39.43,40.0,0.99825,1.0195194693796734
301366,一博科技,2026-05-21,40.73,45.06,40.73,41.14,11085108.0,474236754.0,0.0947474605192845,40.8,45.13,40.8,41.21,0.9983013831594272,3.236747887564445
301366,一博科技,2026-05-22,42.14,43.41,41.24,43.12,11769431.0,504522282.0,0.1005965570210902,42.21,43.48,41.31,43.19,0.9983792544570502,2.3465039109757573
301366,一博科技,2026-05-25,43.87,47.22,43.87,46.68,16294615.0,750710978.0,0.1392745466611098,43.94,47.3,43.94,46.76,0.998289136013687,2.4416784687660513
301366,一博科技,2026-05-26,46.84,48.78,45.19,47.99,16587851.0,793242772.0,0.1417809152353115,46.92,48.86,45.26,48.07,0.9983357603494905,1.8019486987940738
301366,一博科技,2026-05-27,48.72,50.93,46.55,47.3,14801212.0,712010254.0,0.1265100213374159,48.8,51.01,46.63,47.38,0.9983115238497255,1.246647445723267
301366,一博科技,2026-05-28,46.5,48.25,45.2,46.15,13132144.0,608417867.0,0.1122440390453173,46.58,48.33,45.27,46.23,0.9982695219554404,0.9308531288790586
301366,一博科技,2026-05-29,45.92,46.69,43.08,43.34,10317154.0,460878042.0,0.0881835469069294,46.0,46.77,43.15,43.41,0.9983874683252708,0.7106921567112262
301366,一博科技,2026-06-01,42.71,44.51,42.15,42.29,7229220.0,313659521.0,0.0617901274877269,42.78,44.58,42.22,42.36,0.9983474976392824,0.5081482883550381
301366,一博科技,2026-06-02,42.13,46.8,41.23,45.06,11304440.0,499107005.0,0.0966221513216308,42.2,46.88,41.3,45.13,0.9984489253268336,0.9106557576329583
301366,一博科技,2026-06-03,54.07,54.07,52.72,54.07,9693484.0,524760121.0,0.0828528682430803,54.16,54.16,52.81,54.16,0.9983382570162482,0.8535375263915982
301366,一博科技,2026-06-04,53.9,56.57,49.3,50.22,32330608.0,1665063550.0,0.2763385801062529,53.99,56.66,49.38,50.3,0.9984095427435388,3.1281766651039944
301366,一博科技,2026-06-05,50.22,51.61,47.98,48.33,20416332.0,1009791934.0,0.1745039931156832,50.3,51.7,48.06,48.41,0.9983474488741996,1.4403075187147338
301366,一博科技,2026-06-08,44.93,46.58,44.19,44.98,14003359.0,635872068.0,0.1196905527659151,45.0,46.66,44.26,45.05,0.9984461709211988,0.8646815319331058
301366,一博科技,2026-06-09,45.71,47.66,44.81,46.95,14070674.0,651727676.0,0.120265912546339,45.79,47.74,44.88,47.03,0.9982989581118435,0.8017640425607251
301366,一博科技,2026-06-10,45.7,47.82,45.31,45.78,10719964.0,498110901.0,0.0916264745330538,45.78,47.9,45.38,45.86,0.9982555604012212,0.5921686079385087
301366,一博科技,2026-06-11,45.43,46.52,43.93,45.55,10011199.0,454602942.0,0.0855684655488427,45.5,46.6,44.0,45.63,0.9982467674775366,0.5468154100279747
301366,一博科技,2026-06-12,46.44,48.1,44.97,45.37,11580979.0,541721525.0,0.098985806054137,46.52,48.18,45.04,45.44,0.9984595070422536,0.836515700722469
301366,一博科技,2026-06-15,46.67,48.87,46.02,48.84,13667860.0,652251826.0,0.1168229507311167,46.75,48.95,46.1,48.92,0.9983646770237122,1.1317044008831492
301366,一博科技,2026-06-16,48.31,48.92,47.14,48.42,13178146.0,635678573.0,0.112637230765128,48.39,49.0,47.22,48.5,0.9983505154639176,1.0972520942145598
301366,一博科技,2026-06-17,51.58,58.1,51.13,58.1,23696290.0,1302511094.0,0.2025386943662178,51.66,58.2,51.21,58.2,0.9982817869415808,2.002791737158506
301366,一博科技,2026-06-18,56.91,57.42,54.85,55.73,23599367.0,1319944146.0,0.2017102668835167,57.0,57.51,54.94,55.82,0.9983876746685776,1.635789775080359
301366,一博科技,2026-06-22,55.8,56.99,54.11,54.95,17514200.0,970598141.0,0.1496986743861091,55.89,57.08,54.2,55.04,0.9983648255813954,1.021562074580016
301366,一博科技,2026-06-23,54.21,54.51,51.77,52.28,11940325.0,632407170.0,0.1020572349430358,54.3,54.6,51.86,52.37,0.998281458850487,0.6513672235021124
301366,一博科技,2026-06-24,53.21,62.74,53.21,62.74,30934707.0,1813511220.0,0.2644074311371738,53.3,62.84,53.3,62.84,0.998408656906429,1.719964536647451
301366,一博科技,2026-06-25,62.57,64.35,60.0,61.3,23120749.0,1428417962.0,0.1976193874749607,62.67,64.46,60.1,61.4,0.998371335504886,1.073537300112739
301366,一博科技,2026-06-26,62.5,64.88,60.37,62.34,18349602.0,1150777029.0,0.1568390845663916,62.6,64.99,60.47,62.44,0.9983984625240232,0.8565826579394358
301366,一博科技,2026-06-29,62.96,64.38,57.91,60.36,16334316.0,996079124.0,0.1396138820045341,63.06,64.49,58.01,60.46,0.9983460138934832,0.8018055601111188
301366,一博科技,2026-06-30,60.21,63.0,59.15,61.17,15717713.0,955623969.0,0.1343436069293096,60.21,63.0,59.15,61.17,1.0,0.7805800551708045
301366,一博科技,2026-07-01,60.87,63.8,59.36,62.71,16404351.0,1009334493.0,0.1402124903714953,60.87,63.8,59.36,62.71,1.0,0.7852196280373012
301366,一博科技,2026-07-02,59.15,59.7,54.87,55.47,15423174.0,876286350.0,0.1318261012564835,59.15,59.7,54.87,55.47,1.0,0.857541124229235
301366,一博科技,2026-07-03,55.68,57.38,54.05,57.11,12401314.0,695060416.0,0.1059974344500974,55.68,57.38,54.05,57.11,1.0,0.7540703689090522
301366,一博科技,2026-07-06,58.73,59.2,54.74,56.1,10002480.0,569153713.0,0.0854939418628066,58.73,59.2,54.74,56.1,1.0,0.6556349096604407
301366,一博科技,2026-07-07,56.13,60.58,55.8,57.98,11338585.0,663305283.0,0.0969139980081431,56.13,60.58,55.8,57.98,1.0,0.8104890572324146
301366,一博科技,2026-07-08,56.0,57.1,51.11,53.77,13118309.0,707777482.0,0.1121257875031325,56.0,57.1,51.11,53.77,1.0,1.0003300447107564
301366,一博科技,2026-07-09,53.68,55.5,51.47,55.48,10426271.0,557863595.0,0.0891161998544228,53.68,55.5,51.47,55.48,1.0,0.83699618690954
301366,一博科技,2026-07-10,55.18,56.5,51.62,51.63,10342039.0,560642331.0,0.0883962458319216,55.18,56.5,51.62,51.63,1.0,0.9026521201797427
301366,一博科技,2026-07-13,50.71,51.98,47.08,47.18,9362283.0,461334380.0,0.0800220023939206,50.71,51.98,47.08,47.18,1.0,0.8476077867034946
301366,一博科技,2026-07-14,47.79,49.58,46.23,48.62,8087719.0,388694758.0,0.0691279540662632,47.79,49.58,46.23,48.62,1.0,0.7408033822842953
301366,一博科技,2026-07-15,50.41,50.66,45.0,45.05,7968155.0,373181117.0,0.0681060077424631,50.41,50.66,45.0,45.05,1.0,0.7760692897960698
301366,一博科技,2026-07-16,44.82,46.95,43.52,44.0,7176163.0,324752120.0,0.0613366347465852,44.82,46.95,43.52,44.0,1.0,0.7768685792745308
301366,一博科技,2026-07-17,44.0,44.3,39.7,40.04,7948115.0,331706674.0,0.0679347203622403,44.0,44.3,39.7,40.04,1.0,0.9255692826678665
301366,一博科技,2026-07-20,40.93,41.0,34.88,35.61,9882892.0,370280114.0,0.0844717904044194,40.93,41.0,34.88,35.61,1.0,1.2188330572645674
301366,一博科技,2026-07-21,35.99,38.78,32.19,38.74,11118730.0,400411941.0,0.095034836981253,35.99,38.78,32.19,38.74,1.0,1.3538609071456076
301366,一博科技,2026-07-22,38.2,39.44,37.45,37.85,6832325.0,263080515.0,0.0583977569900465,38.2,39.44,37.45,37.85,1.0,0.7747444638511927
301366,一博科技,2026-07-23,37.86,39.1,37.56,38.18,5137439.0,196661349.0,0.0439111011658824,37.86,39.1,37.56,38.18,1.0,0.5979575506203992
301366,一博科技,2026-07-24,37.4,38.4,36.7,37.56,3758604.0,141713564.0,0.0321258199827755,37.4,38.4,36.7,37.56,1.0,0.45926806389941066
301366,一博科技,2026-07-27,38.01,40.23,36.9,40.15,6041571.0,234089376.0,0.0516389655199529,38.01,40.23,36.9,40.15,1.0,0.8224302538606735
301366,一博科技,2026-07-28,39.3,40.51,37.91,38.19,5604432.0,219581109.0,0.0479026185088151,39.3,40.51,37.91,38.19,1.0,0.8520308316520806
301366,一博科技,2026-07-29,38.15,38.45,36.1,37.77,5874352.0,218709816.0,0.0502096988316559,38.15,38.45,36.1,37.77,1.0,1.0729656582794176
301366,一博科技,2026-07-30,37.69,38.76,35.97,36.61,6284222.0,234214608.0,0.0537129702154836,37.69,38.76,35.97,36.61,1.0,1.189454747009793
301366,一博科技,2026-07-31,39.06,40.7,38.42,40.58,9291713.0,365076086.0,0.0794188212351221,39.06,40.7,38.42,40.58,1.0,1.6855298740736782
301366,一博科技,2026-08-03,41.82,44.74,41.75,43.75,18239519.0,786753772.0,0.1558981749517677,41.82,44.74,41.75,43.75,1.0,2.755523202147431
301366,一博科技,2026-08-04,43.02,45.58,41.31,44.5,17485474.0,760094573.0,0.1494531453799075,43.02,45.58,41.31,44.5,1.0,1.9302095334951876
301366,一博科技,2026-08-05,43.71,46.93,43.12,45.83,16425386.0,739527769.0,0.140392282289808,43.71,46.93,43.12,45.83,1.0,1.4364062580891601
301366,一博科技,2026-08-06,44.4,46.46,43.87,44.44,13313300.0,597847389.0,0.1137924290977941,44.4,46.46,43.87,44.44,1.0,0.9828749871135759
301366,一博科技,2026-08-07,44.7,53.33,44.53,53.33,20195297.0,1022173809.0,0.1726147463049278,44.7,53.33,44.53,53.33,1.0,1.3507585513028946
301366,一博科技,2026-08-10,54.0,56.59,53.0,53.95,25907611.0,1408169446.0,0.2214394618772755,54.0,56.59,53.0,53.95,1.0,1.5122531350363095
301366,一博科技,2026-08-11,53.51,55.9,52.92,53.27,18794955.0,1019744314.0,0.160645638889962,53.51,55.9,52.92,53.27,1.0,1.0069401837417629
301366,一博科技,2026-08-12,53.01,54.88,52.76,54.8,15688500.0,851248661.0,0.1340939154004449,53.01,54.88,52.76,54.8,1.0,0.8288816617774175
301366,一博科技,2026-08-13,55.48,60.0,54.38,56.9,21440651.0,1211888933.0,0.1832591287455438,55.48,60.0,54.38,56.9,1.0,1.1416788045341546
301366,一博科技,2026-08-14,56.34,57.3,54.05,55.22,15572044.0,857600219.0,0.1330985340056733,56.34,57.3,54.05,55.22,1.0,0.7631333795576924
301366,一博科技,2026-08-17,55.48,58.3,55.01,57.26,14820563.0,836603370.0,0.1266754196455342,55.48,58.3,55.01,57.26,1.0,0.7607798121881557
301366,一博科技,2026-08-18,56.91,57.98,55.61,57.72,13699485.0,779913443.0,0.1170932582859842,56.91,57.98,55.61,57.72,1.0,0.7935592380585669
301366,一博科技,2026-08-19,55.8,57.91,54.5,54.66,12292401.0,688362278.0,0.1050665251465943,55.8,57.91,54.5,54.66,1.0,0.7567232749688404
301366,一博科技,2026-08-20,56.0,58.15,55.0,56.76,12907896.0,735184735.0,0.1103273298417147,56.0,58.15,55.0,56.76,1.0,0.829288282460486
301366,一博科技,2026-08-21,57.5,58.34,55.76,56.38,9080730.0,514529159.0,0.0776154916272608,57.5,58.34,55.76,56.38,1.0,0.6552472884143163
301366,一博科技,2026-08-24,55.84,56.38,53.42,54.87,8544312.0,469031220.0,0.0730305797547889,55.84,56.38,53.42,54.87,1.0,0.6802679731198868
301366,一博科技,2026-08-25,54.02,55.68,53.01,54.97,6138434.0,334075636.0,0.0524668801661863,54.02,55.68,53.01,54.97,1.0,0.5429856800615602
301366,一博科技,2026-08-26,55.38,55.52,53.06,53.62,6711323.0,360931043.0,0.0573635196855697,55.38,55.52,53.06,53.62,1.0,0.6853355643160914
301366,一博科技,2026-08-27,54.01,57.0,53.61,56.92,9028791.0,503860962.0,0.0771715547389679,54.01,57.0,53.61,56.92,1.0,1.040598215486613
301366,一博科技,2026-08-28,57.13,58.34,56.02,56.14,7779038.0,445248504.0,0.0664895728379925,57.13,58.34,56.02,56.14,1.0,0.9845988681028737
301366,一博科技,2026-08-31,54.36,57.98,54.36,57.88,7313333.0,416864708.0,0.0625090643845671,54.36,57.98,54.36,57.88,1.0,0.9571949802075279
301366,一博科技,2026-09-01,58.28,58.34,54.81,55.1,7070180.0,393939751.0,0.0604307689572564,58.28,58.34,54.81,55.1,1.0,0.9561812623592073
301366,一博科技,2026-09-02,54.31,54.79,53.6,54.08,5099290.0,276665446.0,0.0435850311924234,54.31,54.79,53.6,54.08,1.0,0.6726822507071732
301366,一博科技,2026-09-03,54.1,56.48,54.1,55.93,6207056.0,343608617.0,0.0530534112343324,54.1,56.48,54.1,55.93,1.0,0.8551870907070452
301366,一博科技,2026-09-04,56.61,59.0,54.71,55.23,8910253.0,507421998.0,0.076158377918766,56.61,59.0,54.71,55.23,1.0,1.3311243869195928
301366,一博科技,2026-09-07,56.78,58.32,55.88,57.79,10794411.0,623449048.0,0.0922627934749423,56.78,58.32,55.88,57.79,1.0,1.559880933333395
301366,一博科技,2026-09-08,58.79,62.12,57.18,57.67,12707672.0,751033635.0,,58.79,62.12,57.18,57.67,1.0,1.6684972292094864
301366,一博科技,2026-09-09,58.18,62.1,57.21,58.98,16120566.0,963890509.0,,58.18,62.1,57.21,58.98,1.0,1.8436701728565374
301366,一博科技,2026-09-10,58.17,60.92,58.02,59.29,12615297.0,751691921.0,,58.17,60.92,58.02,59.29,1.0,1.1522932662827399
600110,诺德股份,2026-03-20,7.82,8.27,7.69,7.78,125147769.0,990831565.0,0.072123757639356,7.82,8.27,7.69,7.78,1.0,1.071794841104169
600110,诺德股份,2026-03-23,7.7,8.04,7.18,7.38,127019709.0,973415689.0,0.0732025730905161,7.7,8.04,7.18,7.38,1.0,1.1356288505791816
600110,诺德股份,2026-03-24,7.55,7.92,7.06,7.83,129031501.0,965158497.0,0.0743619864766932,7.55,7.92,7.06,7.83,1.0,1.1327520419121422
600110,诺德股份,2026-03-25,7.81,7.97,7.71,7.86,82207978.0,647030825.0,0.047377179223175,7.81,7.97,7.71,7.86,1.0,0.7225299870986773
600110,诺德股份,2026-03-26,7.8,8.3,7.72,7.87,136459351.0,1091473811.0,0.078642721622531,7.8,8.3,7.72,7.87,1.0,1.232848730349494
600110,诺德股份,2026-03-27,7.7,8.66,7.65,8.66,176169039.0,1450085014.0,0.1015277633306772,7.7,8.66,7.65,8.66,1.0,1.4684025144482695
600110,诺德股份,2026-03-30,9.01,9.38,8.77,9.1,330232119.0,2971889931.0,0.190315668475776,9.01,9.38,8.77,9.1,1.0,2.5367830802264906
600110,诺德股份,2026-03-31,9.08,9.49,8.75,9.22,327751380.0,2980375301.0,0.1888859968177658,9.08,9.49,8.75,9.22,1.0,1.9186944421312884
600110,诺德股份,2026-04-01,9.25,9.83,9.01,9.08,336772089.0,3154516005.0,0.1940847105850976,9.25,9.83,9.01,9.08,1.0,1.5993813355727642
600110,诺德股份,2026-04-02,8.98,9.37,8.5,9.34,275499143.0,2504704973.0,0.158772574040711,8.98,9.37,8.5,9.34,1.0,1.0536275020803414
600110,诺德股份,2026-04-03,9.2,9.37,8.71,8.75,192639655.0,1718987597.0,0.111019923886531,9.2,9.37,8.71,8.75,1.0,0.665917067305939
600110,诺德股份,2026-04-07,8.78,9.63,8.78,9.63,355323765.0,3363554725.0,0.204776204283462,8.78,9.63,8.78,9.63,1.0,1.2144546058843102
600110,诺德股份,2026-04-08,9.79,10.04,9.5,9.82,345658571.0,3358807968.0,0.1992060681542805,9.79,10.04,9.5,9.82,1.0,1.161498036831034
600110,诺德股份,2026-04-09,9.77,10.24,9.51,10.16,304579230.0,2985254085.0,0.1755316834014171,9.77,10.24,9.51,10.16,1.0,1.0112909247085442
600110,诺德股份,2026-04-10,10.0,10.65,9.86,9.88,309065052.0,3167200425.0,0.1781169019900225,10.0,10.65,9.86,9.88,1.0,1.0486020752587668
600110,诺德股份,2026-04-13,9.55,10.35,9.55,10.19,256833612.0,2557300520.0,0.1480154647065935,9.55,10.35,9.55,10.19,1.0,0.8519848702273721
600110,诺德股份,2026-04-14,10.2,10.55,10.02,10.37,225271925.0,2314896173.0,0.1298261874860206,10.2,10.55,10.02,10.37,1.0,0.7167598667132671
600110,诺德股份,2026-04-15,10.37,10.88,10.2,10.25,215075570.0,2244708961.0,0.1239499386107823,10.37,10.88,10.2,10.25,1.0,0.746060490184881
600110,诺德股份,2026-04-16,10.32,10.39,9.93,10.05,198217532.0,1992686949.0,0.114234503356103,10.32,10.39,9.93,10.05,1.0,0.7560790844584412
600110,诺德股份,2026-04-17,9.9,10.36,9.71,9.99,187522708.0,1874046083.0,0.1080709824213305,9.9,10.36,9.71,9.99,1.0,0.7784489868860647
600110,诺德股份,2026-04-20,9.91,10.29,9.9,10.0,173731971.0,1750818693.0,0.1001232596532475,9.91,10.29,9.9,10.0,1.0,0.8021449179171088
600110,诺德股份,2026-04-21,9.93,10.18,9.48,9.99,170553988.0,1680084746.0,0.0982917601586461,9.93,10.18,9.48,9.99,1.0,0.852923717028638
600110,诺德股份,2026-04-22,10.0,10.47,10.0,10.3,204277671.0,2097604340.0,0.1177270146488677,10.0,10.47,10.0,10.3,1.0,1.080717853359557
600110,诺德股份,2026-04-23,10.55,10.6,9.27,9.27,245818837.0,2350847225.0,0.1416675532024576,10.55,10.6,9.27,9.27,1.0,1.3155186706012467
600110,诺德股份,2026-04-24,8.94,9.95,8.63,9.76,265834440.0,2519053122.0,0.1532027208791388,8.94,9.95,8.63,9.76,1.0,1.3536665595025508
600110,诺德股份,2026-04-27,9.6,10.5,9.5,10.48,218778668.0,2210816238.0,0.1260840664885775,9.6,10.5,9.5,10.48,1.0,1.0317637200252645
600110,诺德股份,2026-04-28,10.4,10.96,10.12,10.56,236608899.0,2483524513.0,0.1363597851016495,10.4,10.96,10.12,10.56,1.0,1.0703731586912908
600110,诺德股份,2026-04-29,10.4,11.11,10.4,10.99,217024556.0,2351731199.0,0.1250731563479398,10.4,11.11,10.4,10.99,1.0,0.9264113613025232
600110,诺德股份,2026-04-30,10.9,11.34,10.71,10.75,170797399.0,1858279295.0,0.0984320400542529,10.9,11.34,10.71,10.75,1.0,0.721232961456352
600110,诺德股份,2026-05-06,10.94,11.49,10.63,11.45,204855583.0,2265345441.0,0.1180600704065367,10.94,11.49,10.63,11.45,1.0,0.9235683616660815
600110,诺德股份,2026-05-07,11.41,11.99,11.25,11.29,191131264.0,2189101827.0,0.110150624914774,11.41,11.99,11.25,11.29,1.0,0.9118291558805405
600110,诺德股份,2026-05-08,11.11,11.54,11.01,11.07,166741962.0,1867905896.0,0.0960948561184396,11.11,11.54,11.01,11.07,1.0,0.8170279770558391
600110,诺德股份,2026-05-11,11.07,11.45,10.85,10.95,154896252.0,1708315495.0,0.0892680694810678,11.07,11.45,10.85,10.95,1.0,0.8147710667665088
600110,诺德股份,2026-05-12,10.96,11.14,10.61,10.84,130333247.0,1414670481.0,0.0751121941213217,10.96,11.14,10.61,10.84,1.0,0.7335094106017986
600110,诺德股份,2026-05-13,10.8,11.37,10.62,11.07,159382022.0,1757418844.0,0.0918532581016168,10.8,11.37,10.62,11.07,1.0,0.9397986934989734
600110,诺德股份,2026-05-14,11.01,11.08,10.32,10.43,142490898.0,1506622566.0,0.0821187550947568,11.01,11.08,10.32,10.43,1.0,0.8878106314960277
600110,诺德股份,2026-05-15,10.34,10.84,10.03,10.11,132935458.0,1382854676.0,0.0766118711590359,10.34,10.84,10.03,10.11,1.0,0.8817168460130766
600110,诺德股份,2026-05-18,10.01,10.12,9.8,10.0,102920153.0,1022972937.0,0.0593137874569497,10.01,10.12,9.8,10.0,1.0,0.7146856872919756
600110,诺德股份,2026-05-19,9.88,10.01,9.54,9.72,92386953.0,897020364.0,0.0532434118518771,9.88,10.01,9.54,9.72,1.0,0.6914551621002931
600110,诺德股份,2026-05-20,9.66,10.06,9.32,9.91,107329971.0,1046702763.0,0.0618552042733028,9.66,10.06,9.32,9.91,1.0,0.8516690489707122
600110,诺德股份,2026-05-21,9.99,10.14,9.26,9.29,104152325.0,1012644668.0,0.0600238989947591,9.99,10.14,9.26,9.29,1.0,0.9008728026565902
600110,诺德股份,2026-05-22,9.29,10.07,9.2,9.98,124026686.0,1210344092.0,0.0714776676672239,9.29,10.07,9.2,9.98,1.0,1.1489806676683376
600110,诺德股份,2026-05-25,10.17,10.65,10.03,10.08,104991651.0,1076024138.0,0.060507609934939,10.17,10.65,10.03,10.08,1.0,0.9889644772786164
600110,诺德股份,2026-05-26,10.08,11.09,9.88,10.81,262839798.0,2814584607.0,0.1514768824119374,10.08,11.09,9.88,10.81,1.0,2.466184284503111
600110,诺德股份,2026-05-27,10.65,10.92,10.32,10.46,181210075.0,1919533046.0,0.1044329566203416,10.65,10.92,10.32,10.46,1.0,1.2882102820561443
600110,诺德股份,2026-05-28,10.48,11.51,10.48,11.51,232484271.0,2590614580.0,0.1339827257852785,10.48,11.51,10.48,11.51,1.0,1.495613281756638
600110,诺德股份,2026-05-29,11.7,12.66,11.51,12.66,277103792.0,3438621250.0,0.1596973473426804,11.7,12.66,11.51,12.66,1.0,1.530026132190565
600110,诺德股份,2026-06-01,12.61,13.19,12.2,12.37,312431063.0,3944595530.0,0.1800567636712596,12.61,13.19,12.2,12.37,1.0,1.4756391982458354
600110,诺德股份,2026-06-02,12.18,12.32,11.33,11.84,211983717.0,2491723513.0,0.1221680765911044,12.18,12.32,11.33,11.84,1.0,0.8371728443214176
600110,诺德股份,2026-06-03,11.52,12.73,11.52,12.04,222704045.0,2708973514.0,0.1283462957049138,11.52,12.73,11.52,12.04,1.0,0.9163169749977922
600110,诺德股份,2026-06-04,11.89,11.9,11.26,11.54,176615533.0,2028672301.0,0.1017850817415506,11.89,11.9,11.26,11.54,1.0,0.7026918316691839
600110,诺德股份,2026-06-05,11.42,11.95,10.87,11.29,184085196.0,2105342285.0,0.1060899140862619,11.42,11.95,10.87,11.29,1.0,0.7664862912624819
600110,诺德股份,2026-06-08,10.7,11.27,10.52,10.74,133355748.0,1443431573.0,0.0768540879747288,10.7,11.27,10.52,10.74,1.0,0.6018838876714754
600110,诺德股份,2026-06-09,11.0,11.81,10.99,11.81,102525242.0,1187682999.0,0.0590861967816967,11.0,11.81,10.99,11.81,1.0,0.5519562743688793
600110,诺德股份,2026-06-10,12.38,12.58,11.8,12.2,223809055.0,2727269912.0,0.1289831226660805,12.38,12.58,11.8,12.2,1.0,1.3658790670748184
600110,诺德股份,2026-06-11,12.21,12.45,11.88,12.22,173258417.0,2115208282.0,0.0998503463268809,12.21,12.45,11.88,12.22,1.0,1.055950545099621
600110,诺德股份,2026-06-12,12.52,13.44,12.3,12.94,279825152.0,3628316808.0,0.1612656909948109,12.52,13.44,12.3,12.94,1.0,1.7124456823784855
600110,诺德股份,2026-06-15,13.6,14.23,13.59,14.23,69901823.0,978672131.0,0.0402850340911883,13.6,14.23,13.59,14.23,1.0,0.3829088720787671
600110,诺德股份,2026-06-16,15.65,15.65,15.65,15.65,10811608.0,169201665.0,0.0062308245789321,15.65,15.65,15.65,15.65,1.0,0.06364863631461155
600110,诺德股份,2026-06-17,17.22,17.22,17.22,17.22,16223595.0,279370306.0,0.0093498001855635,17.22,17.22,17.22,17.22,1.0,0.10707144493453132
600110,诺德股份,2026-06-18,17.5,18.42,17.0,17.57,492845625.0,8656454158.0,0.284031259167848,17.5,18.42,17.0,17.57,1.0,4.480247007841588
600110,诺德股份,2026-06-22,17.32,17.84,16.35,17.15,351885367.0,5990435438.0,0.2027946253388174,17.32,17.84,16.35,17.15,1.0,2.023241775120088
600110,诺德股份,2026-06-23,16.5,16.55,15.44,15.44,160469541.0,2507941934.0,0.092480004845973,16.5,16.55,15.44,15.44,1.0,0.8520494374483472
600110,诺德股份,2026-06-24,14.45,15.44,14.41,15.17,263476633.0,3958730286.0,0.1518438960116465,14.45,15.44,14.41,15.17,1.0,1.2762425471772274
600110,诺德股份,2026-06-25,14.95,16.1,14.66,15.77,266245415.0,4158628623.0,0.1534395693785782,14.95,16.1,14.66,15.77,1.0,1.0360543906627822
600110,诺德股份,2026-06-26,15.4,16.55,15.1,15.29,239141902.0,3770110355.0,0.1378195769615569,15.4,16.55,15.1,15.29,1.0,0.7790031398332787
600110,诺德股份,2026-06-29,15.0,16.08,14.4,14.73,194758980.0,2921913789.0,0.112241309484376,15.0,16.08,14.4,14.73,1.0,0.7600535177261651
600110,诺德股份,2026-06-30,14.66,15.2,14.42,15.09,163486159.0,2431489626.0,0.0942185082748477,14.66,15.2,14.42,15.09,1.0,0.7271917712186153
600110,诺德股份,2026-07-01,15.25,15.96,14.99,15.33,208513756.0,3218522516.0,0.1201683076125458,15.25,15.96,14.99,15.33,1.0,0.9249936764550392
600110,诺德股份,2026-07-02,14.51,15.5,14.02,14.53,185394587.0,2753047638.0,0.1068445276114871,14.51,15.5,14.02,14.53,1.0,0.8645956350214666
600110,诺德股份,2026-07-03,14.57,15.98,14.51,15.75,245553564.0,3774003616.0,0.1415146740443779,14.57,15.98,14.51,15.75,1.0,1.2385489126821152
600110,诺德股份,2026-07-06,15.6,16.49,14.2,14.39,242603316.0,3678582020.0,0.1398144202290023,15.6,16.49,14.2,14.39,1.0,1.2158043634784554
600110,诺德股份,2026-07-07,14.36,15.83,14.26,15.23,280807501.0,4304884471.0,0.1618318273451382,14.36,15.83,14.26,15.23,1.0,1.3428680112442335
600110,诺德股份,2026-07-08,15.07,15.68,13.71,13.71,243535329.0,3520441680.0,0.1403515475007536,15.07,15.68,13.71,13.71,1.0,1.0471280475231097
600110,诺德股份,2026-07-09,13.7,13.96,12.56,13.44,252372226.0,3328994588.0,0.1454443287992517,13.7,13.96,12.56,13.44,1.0,1.0533993968918611
600110,诺德股份,2026-07-10,13.44,14.07,12.79,12.82,150755838.0,2014604744.0,0.0868819125543502,13.44,14.07,12.79,12.82,1.0,0.5959332075812614
600110,诺德股份,2026-07-13,12.42,12.8,11.54,11.54,125769207.0,1508088169.0,0.0724818978128328,12.42,12.8,11.54,11.54,1.0,0.5374411551212637
600110,诺德股份,2026-07-14,11.24,12.19,11.14,12.14,137026306.0,1604989313.0,0.0789694627649354,11.24,12.19,11.14,12.14,1.0,0.6504989027188588
600110,诺德股份,2026-07-15,12.38,12.43,11.57,11.66,98629954.0,1176059271.0,0.0568413081201378,12.38,12.43,11.57,11.66,1.0,0.5422452479672567
600110,诺德股份,2026-07-16,11.4,11.71,10.8,10.94,99537515.0,1114693903.0,0.0573643434896851,11.4,11.71,10.8,10.94,1.0,0.6509519017576809
600110,诺德股份,2026-07-17,10.94,10.98,9.85,9.95,110603201.0,1134196443.0,0.0637415954499435,10.94,10.98,9.85,9.95,1.0,0.904036277647956
600110,诺德股份,2026-07-20,10.2,10.28,8.96,8.96,107048371.0,1002970898.0,0.0616929157218286,10.2,10.28,8.96,8.96,1.0,0.9364477306733874
600110,诺德股份,2026-07-21,8.99,9.37,8.06,9.34,163357467.0,1423449578.0,0.0941443419457769,8.99,9.37,8.06,9.34,1.0,1.477424634994712
600110,诺德股份,2026-07-22,9.29,9.46,8.76,8.85,115437711.0,1052035584.0,0.0665277659932238,9.29,9.46,8.76,8.85,1.0,0.9965676214892335
600110,诺德股份,2026-07-23,9.0,9.54,8.91,9.14,127399218.0,1173116171.0,0.0734212874579928,9.0,9.54,8.91,9.14,1.0,1.0688136036611637
600110,诺德股份,2026-07-24,9.0,9.16,8.69,8.7,77313427.0,686733877.0,0.0445564065246424,9.0,9.16,8.69,8.7,1.0,0.6196515723894204
600110,诺德股份,2026-07-27,8.84,9.43,8.66,9.37,117687820.0,1069159038.0,0.0678245235581,8.84,9.43,8.66,9.37,1.0,0.9964150845905784
600110,诺德股份,2026-07-28,9.36,9.46,8.82,8.89,105340391.0,960382311.0,0.0607085918576703,9.36,9.46,8.82,8.89,1.0,0.8760907720018191
600110,诺德股份,2026-07-29,8.85,8.88,8.43,8.66,113546268.0,979916069.0,0.0654377107919948,8.85,8.88,8.43,8.66,1.0,1.0452020283782661
600110,诺德股份,2026-07-30,8.56,8.62,7.89,8.02,121575606.0,999512751.0,0.0700650887512173,8.56,8.62,7.89,8.02,1.0,1.123023258909074
600110,诺德股份,2026-07-31,8.46,8.66,8.13,8.16,124192291.0,1045903359.0,0.0715731072821632,8.46,8.66,8.13,8.16,1.0,1.1596709039625468
600110,诺德股份,2026-08-03,8.18,8.37,7.95,8.31,93374614.0,765564932.0,0.0538126095544254,8.18,8.37,7.95,8.31,1.0,0.8017157762189026
600110,诺德股份,2026-08-04,8.38,8.88,8.38,8.81,120402692.0,1040360446.0,0.0693891281188883,8.38,8.88,8.38,8.81,1.0,1.0788207720395693
600110,诺德股份,2026-08-05,8.86,9.48,8.86,9.36,171225681.0,1589440859.0,0.0986788627296879,8.86,9.48,8.86,9.36,1.0,1.493877414553252
600110,诺德股份,2026-08-06,9.21,9.69,9.15,9.51,142854472.0,1350872161.0,0.0823282859818793,9.21,9.69,9.15,9.51,1.0,1.1323800418156271
600110,诺德股份,2026-08-07,9.51,10.46,9.35,10.46,121513016.0,1209763718.0,0.0700290175848935,9.51,10.46,9.35,10.46,1.0,0.9317771841795814
600110,诺德股份,2026-08-10,10.8,10.89,10.12,10.41,244954312.0,2546245398.0,0.1411693198574176,10.8,10.89,10.12,10.41,1.0,1.8860906172243201
600110,诺德股份,2026-08-11,10.15,10.46,10.1,10.22,123964660.0,1273662646.0,0.0714419215390502,10.15,10.46,10.1,10.22,1.0,0.7738599989040766
600110,诺德股份,2026-08-12,10.22,10.45,10.13,10.34,114590247.0,1180826057.0,0.0660393650522203,10.22,10.45,10.13,10.34,1.0,0.712172266645756
600110,诺德股份,2026-08-13,10.42,10.8,10.15,10.16,145773546.0,1524459304.0,0.084010573947455,10.42,10.8,10.15,10.16,1.0,0.9745827396119183
600110,诺德股份,2026-08-14,10.17,10.37,10.1,10.36,108861791.0,1118016145.0,0.0627380055833854,10.17,10.37,10.1,10.36,1.0,0.7249760437852009
600110,诺德股份,2026-08-17,10.46,10.83,10.35,10.83,154286049.0,1645107245.0,0.0889164041366955,10.46,10.83,10.35,10.83,1.0,1.0450937268715697
600110,诺德股份,2026-08-18,10.87,11.11,10.47,10.58,154777643.0,1661599545.0,0.0891997140733909,10.87,11.11,10.47,10.58,1.0,1.195237915838256
600110,诺德股份,2026-08-19,10.18,10.72,9.81,9.87,144422211.0,1468389118.0,0.0832317877269066,10.18,10.72,9.81,9.87,1.0,1.064606327345208
600110,诺德股份,2026-08-20,10.05,10.14,9.63,9.76,93832555.0,924936999.0,0.0540765249718638,10.05,10.14,9.63,9.76,1.0,0.6625458304286989
600110,诺德股份,2026-08-21,9.7,10.74,9.47,10.74,220283218.0,2285226619.0,0.1269511518583239,9.7,10.74,9.47,10.74,1.0,1.67852673358963
600110,诺德股份,2026-08-24,10.8,11.36,10.61,11.07,296077084.0,3254406344.0,0.1706318220421753,10.8,11.36,10.61,11.07,1.0,1.9285854451417328
600110,诺德股份,2026-08-25,10.78,11.38,10.43,11.25,232720381.0,2525648047.0,0.1341187980505078,10.78,11.38,10.43,11.25,1.0,1.2795373120161286
600110,诺德股份,2026-08-26,11.26,11.88,10.87,11.66,262634726.0,3021451090.0,0.1513586976185144,11.26,11.88,10.87,11.66,1.0,1.330017707082246
600110,诺德股份,2026-08-27,11.38,11.97,11.2,11.6,236204442.0,2732483071.0,0.1361266929828156,11.38,11.97,11.2,11.6,1.0,1.068268630993562
600110,诺德股份,2026-08-28,11.38,11.41,10.9,10.94,214928988.0,2393075537.0,0.1238654621176992,11.38,11.41,10.9,10.94,1.0,0.8611490065959373
600110,诺德股份,2026-08-31,10.82,12.03,10.81,12.03,143592178.0,1699415657.0,0.0827534324241871,10.82,12.03,10.81,12.03,1.0,0.5778052103374587
600110,诺德股份,2026-09-01,12.0,12.6,11.66,11.91,320344276.0,3855759445.0,0.1846172177738061,12.0,12.6,11.66,11.91,1.0,1.4693603491554292
600110,诺德股份,2026-09-02,11.69,12.22,11.62,11.65,202383019.0,2404498038.0,0.1166351100727748,11.69,12.22,11.62,11.65,1.0,0.8592265721028297
600110,诺德股份,2026-09-03,11.88,12.05,11.25,11.41,150166293.0,1723723637.0,0.0865421525966838,11.88,12.05,11.25,11.41,1.0,0.671913297629153
600110,诺德股份,2026-09-04,11.43,11.55,10.91,11.03,139381984.0,1558410432.0,0.0803270606710424,11.43,11.55,10.91,11.03,1.0,0.6756834893986788
600110,诺德股份,2026-09-07,11.0,11.52,10.94,11.37,141833967.0,1603879387.0,0.0817401599938743,11.0,11.52,10.94,11.37,1.0,0.7419120845953847
600110,诺德股份,2026-09-08,11.17,11.67,11.06,11.48,152726056.0,1732375705.0,,11.17,11.67,11.06,11.48,1.0,0.8003591294143847
600110,诺德股份,2026-09-09,11.5,11.62,11.22,11.26,112762000.0,1287869347.0,,11.5,11.62,11.22,11.26,1.0,0.7168674165620383
600110,诺德股份,2026-09-10,11.09,11.55,10.83,11.25,117224445.0,1314051574.0,,11.09,11.55,10.83,11.25,1.0,0.8410779236824988
600183,生益科技,2026-03-20,60.66,62.85,59.87,59.89,52757644.0,3258229455.0,0.0220328293929051,61.0,63.2,60.2,60.22,0.9945200929923612,1.172692063518737
600183,生益科技,2026-03-23,58.08,58.49,55.08,55.54,61381712.0,3480312619.0,0.0256344424390982,58.4,58.82,55.39,55.85,0.994449418084154,1.315183377601654
600183,生益科技,2026-03-24,56.48,56.67,54.75,56.56,40795888.0,2289068266.0,0.0170373195633237,56.8,56.99,55.06,56.88,0.9943741209563994,0.822576560027403
600183,生益科技,2026-03-25,57.33,58.47,56.68,57.48,41720813.0,2419939681.0,0.0174235899344235,57.65,58.8,57.0,57.8,0.9944636678200692,0.8668847414170607
600183,生益科技,2026-03-26,57.56,57.67,54.89,55.1,47562699.0,2680013220.0,0.0198632985304101,57.88,57.99,55.2,55.41,0.9944053419960296,0.9981721181386266
600183,生益科技,2026-03-27,54.36,55.35,53.28,54.45,37363936.0,2040239610.0,0.0156040559228806,54.66,55.66,53.58,54.75,0.9945205479452056,0.7649686005279627
600183,生益科技,2026-03-30,53.15,55.02,52.72,54.79,30947391.0,1685026105.0,0.012924356251741,53.45,55.33,53.01,55.1,0.9943738656987297,0.6762238502840825
600183,生益科技,2026-03-31,54.3,55.29,53.11,53.87,32352426.0,1760454616.0,0.0135111318182553,54.6,55.6,53.41,54.17,0.994461879268968,0.8153714261050115
600183,生益科技,2026-04-01,55.24,55.67,54.25,54.79,33170513.0,1827210494.0,0.0138527841350182,55.55,55.98,54.55,55.1,0.9943738656987297,0.8731505820839274
600183,生益科技,2026-04-02,53.84,54.19,50.92,51.34,62601269.0,3281527282.0,0.0261437580430309,54.14,54.49,51.2,51.63,0.9943831105946156,1.7255324255287292
600183,生益科技,2026-04-03,51.75,53.0,51.74,52.21,39417947.0,2080292002.0,0.0164618590866108,52.04,53.3,52.03,52.5,0.9944761904761904,1.0033303546631722
600183,生益科技,2026-04-07,53.06,55.68,52.71,54.89,59448886.0,3267299117.0,0.0248272489733671,53.36,55.99,53.0,55.2,0.9943840579710144,1.4975319153584037
600183,生益科技,2026-04-08,56.68,58.78,56.37,58.65,68697521.0,3980400742.0,0.0286896958459426,57.0,59.11,56.68,58.98,0.9944048830111902,1.5132209777389407
600183,生益科技,2026-04-09,57.49,59.42,57.21,58.87,41917307.0,2478621390.0,0.0175056504369495,57.81,59.75,57.53,59.2,0.9944256756756756,0.7958897634922386
600183,生益科技,2026-04-10,59.81,61.91,58.87,60.87,60288992.0,3681008505.0,0.0251780969409138,60.14,62.26,59.2,61.21,0.9944453520666556,1.1079157373084743
600183,生益科技,2026-04-13,60.02,64.14,59.95,63.12,66870128.0,4202613832.0,0.0279265336735986,60.36,64.5,60.28,63.47,0.9944855837403498,1.2393884815929181
600183,生益科技,2026-04-14,64.14,67.28,62.93,66.45,79965981.0,5305592508.0,0.0333956690069271,64.5,67.66,63.28,66.82,0.994462735707872,1.3452193413915163
600183,生益科技,2026-04-15,68.12,70.61,66.17,66.53,93083026.0,6373923110.0,0.0388736546164448,68.5,71.0,66.54,66.9,0.9944693572496264,1.464767526904055
600183,生益科技,2026-04-16,66.95,67.76,65.64,67.18,53024975.0,3563637405.0,0.022144473087882,67.32,68.14,66.01,67.56,0.9943753700414448,0.7749347129801523
600183,生益科技,2026-04-17,66.68,69.98,66.33,68.87,56873953.0,3920315679.0,0.02375189656591,67.05,70.37,66.7,69.25,0.9945126353790614,0.8050484606054842
600183,生益科技,2026-04-20,68.9,71.09,68.36,69.41,56412671.0,3954820974.0,0.0235592543848449,69.28,71.49,68.74,69.8,0.9944126074498568,0.8063144383713543
600183,生益科技,2026-04-21,69.12,73.59,68.69,72.15,73539065.0,5327137233.0,0.0307116381629695,69.51,74.0,69.07,72.55,0.9944865609924192,1.083494425985319
600183,生益科技,2026-04-22,72.14,76.02,71.6,75.58,67866718.0,5039233897.0,0.0283427330293673,72.54,76.44,72.0,76.0,0.9944736842105264,1.0192227467277344
600183,生益科技,2026-04-23,75.59,78.06,73.1,74.53,72571409.0,5491857215.0,0.0303075223241534,76.01,78.5,73.51,74.95,0.9943962641761174,1.179189302344968
600183,生益科技,2026-04-24,73.79,75.28,71.15,72.23,57444807.0,4199342894.0,0.0239902985838291,74.2,75.7,71.55,72.63,0.9944926338978384,0.8776528933464492
600183,生益科技,2026-04-27,73.59,77.2,73.59,76.24,55787247.0,4246757302.0,0.0232980626551644,74.0,77.63,74.0,76.67,0.9943915481935568,0.8508442227907134
600183,生益科技,2026-04-28,76.91,77.67,73.68,76.19,62563826.0,4759135839.0,0.0261281209681274,77.34,78.1,74.09,76.62,0.9943878882798224,0.9560216706101269
600183,生益科技,2026-04-29,76.23,80.42,75.56,77.57,73641023.0,5810891333.0,0.030754218214862,76.66,80.87,75.98,78.0,0.9944871794871794,1.1643438303585105
600183,生益科技,2026-04-30,78.56,80.0,75.9,76.08,46891324.0,3635144425.0,0.0195829165854987,79.0,80.45,76.32,76.51,0.9943798196314206,0.728107353949298
600183,生益科技,2026-05-06,78.36,82.31,78.36,80.36,60316719.0,4912337177.0,0.0251896763863602,78.8,82.77,78.8,80.81,0.9944313822546714,1.0177349557725395
600183,生益科技,2026-05-07,81.96,82.54,79.56,81.54,45102107.0,3697259651.0,0.0188356976060484,82.42,83.0,80.0,82.0,0.9943902439024392,0.7537113309964071
600183,生益科技,2026-05-08,80.08,83.68,79.65,81.54,38032234.0,3125385040.0,0.0158831528404309,80.53,84.15,80.1,82.0,0.9943902439024392,0.659103237818149
600183,生益科技,2026-05-11,82.16,83.81,80.55,83.2,48048727.0,3976842536.0,0.020066275221412,82.62,84.28,81.0,83.66,0.994501553908678,0.9100709689681368
600183,生益科技,2026-05-12,83.23,85.85,82.04,85.14,50873633.0,4297226320.0,0.0212460222159706,83.7,86.33,82.5,85.62,0.9943938332165382,1.067020342885184
600183,生益科技,2026-05-13,84.55,93.66,84.55,93.66,71590997.0,6577327288.0,0.029898079280587,85.02,94.18,85.02,94.18,0.9944786578891484,1.4768739286675907
600183,生益科技,2026-05-14,97.56,99.94,92.58,92.8,93458994.0,8976456937.0,0.0390306676703483,98.11,100.5,93.1,93.32,0.9944277753964852,1.8422992744842495
600183,生益科技,2026-05-15,92.86,93.32,87.16,89.45,59825100.0,5401573089.0,0.0249843647626397,93.38,93.84,87.65,89.95,0.9944413563090606,0.9904667506951923
600183,生益科技,2026-05-18,89.73,98.4,89.73,98.4,75325987.0,7271190188.0,0.0314578986965982,90.23,98.95,90.23,98.95,0.9944416371905004,1.1631652251641722
600183,生益科技,2026-05-19,97.31,101.3,93.5,100.22,81149019.0,7982985603.0,0.0338897334200257,97.85,101.87,94.02,100.78,0.9944433419329232,1.1557229338572323
600183,生益科技,2026-05-20,98.96,101.8,97.43,100.0,52046429.0,5182057884.0,0.0217358093296765,99.51,102.37,97.97,100.56,0.994431185361973,0.682396955047844
600183,生益科技,2026-05-21,101.58,106.9,97.12,97.64,72670693.0,7444835944.0,0.0303489856509359,102.15,107.5,97.66,98.19,0.9943986149302372,1.00427836469022
600183,生益科技,2026-05-22,101.53,107.41,101.43,107.41,66889947.0,7105588845.0,0.0279348105527886,102.1,108.01,102.0,108.01,0.994444958800111,0.9807414627157782
600183,生益科技,2026-05-25,113.37,117.16,109.74,115.87,79441086.0,9102370340.0,0.0331764605452265,114.0,117.81,110.35,116.52,0.9944215585307244,1.14112578190072
600183,生益科技,2026-05-26,115.04,127.46,114.96,127.46,78178524.0,9618405872.0,0.0326491850447518,115.68,128.17,115.6,128.17,0.9944604821721152,1.1098687009907695
600183,生益科技,2026-05-27,132.26,139.22,128.27,131.03,110299850.0,14801551765.0,0.0460638040833102,133.0,140.0,128.99,131.76,0.9944596235579845,1.5792013702366652
600183,生益科技,2026-05-28,132.03,136.93,124.81,134.89,102669361.0,13526819364.0,0.0428771329286726,132.77,137.7,125.51,135.64,0.99447065762312,1.2598082826621473
600183,生益科技,2026-05-29,134.89,144.74,133.14,139.84,100840530.0,14185705002.0,0.0421133702138051,135.64,145.55,133.88,140.62,0.9944531361115062,1.1525191320827712
600183,生益科技,2026-06-01,139.84,147.08,131.56,134.88,115518912.0,16026839307.0,0.0482434067705909,140.62,147.9,132.3,135.63,0.9944702499447023,1.2251985557852973
600183,生益科技,2026-06-02,132.47,143.53,127.95,140.29,108331795.0,14742603927.0,0.0452418981609978,133.21,144.33,128.67,141.07,0.9944708300843552,1.067293231598969
600183,生益科技,2026-06-03,137.03,146.67,134.27,140.31,109730024.0,15462433779.0,0.0458258313822995,137.8,147.49,135.02,141.09,0.9944716138634914,1.0204397999534458
600183,生益科技,2026-06-04,136.24,146.98,134.36,143.16,85014382.0,11982276445.0,0.0355039996583105,137.0,147.8,135.11,143.96,0.9944429008057794,0.7914342432886493
600183,生益科技,2026-06-05,140.0,145.16,136.38,137.36,72627828.0,10128513370.0,0.0303310842216771,140.0,145.16,136.38,137.36,1.0,0.699103238088727
600183,生益科技,2026-06-08,126.0,140.36,126.0,134.06,75756145.0,10152251582.0,0.0316375427653514,126.0,140.36,126.0,134.06,1.0,0.7710973844765935
600183,生益科技,2026-06-09,138.99,147.47,136.86,147.47,69298936.0,9897529100.0,0.0289408608541703,138.99,147.47,136.86,147.47,1.0,0.7674977771128932
600183,生益科技,2026-06-10,147.0,154.5,144.64,146.9,95919448.0,14262260188.0,0.0400582109626737,147.0,154.5,144.64,146.9,1.0,1.1628648795970267
600183,生益科技,2026-06-11,146.95,153.5,143.11,149.73,84004127.0,12528374779.0,0.0350820934780737,146.95,153.5,143.11,149.73,1.0,1.0536954269750323
600183,生益科技,2026-06-12,155.98,162.62,150.11,151.28,96370472.0,14973724300.0,0.0402465691623709,155.98,162.62,150.11,151.28,1.0,1.2118825506879813
600183,生益科技,2026-06-15,159.11,166.41,153.55,166.41,54034567.0,8757312454.0,0.0225661023837702,159.11,166.41,153.55,166.41,1.0,0.6412089572426979
600183,生益科技,2026-06-16,176.0,183.05,174.8,179.4,91898441.0,16561268212.0,0.0383789441398664,176.0,183.05,174.8,179.4,1.0,1.1498011210688552
600183,生益科技,2026-06-17,180.0,191.0,176.0,180.15,115560830.0,21243646919.0,0.0482609127104409,180.0,191.0,176.0,180.15,1.0,1.3684678496028635
600183,生益科技,2026-06-18,178.5,187.35,176.73,183.87,79876982.0,14605138345.0,0.0333585009373458,178.5,187.35,176.73,183.87,1.0,0.9038548050898688
600183,生益科技,2026-06-22,186.6,191.88,177.54,184.5,94529355.0,17421782487.0,0.0394776755257753,186.6,191.88,177.54,184.5,1.0,1.079739982583137
600183,生益科技,2026-06-23,179.0,180.0,166.53,167.87,99823757.0,17118007294.0,0.0416887419639099,179.0,180.0,166.53,167.87,1.0,1.145030017480493
600183,生益科技,2026-06-24,167.9,179.38,167.0,177.3,77821650.0,13596962090.0,0.0325001460930358,167.9,179.38,167.0,177.3,1.0,0.8077991300472245
600183,生益科技,2026-06-25,179.9,188.0,175.18,187.2,71549893.0,13180267699.0,0.0298809132862267,179.9,188.0,175.18,187.2,1.0,0.7650552720167016
600183,生益科技,2026-06-26,182.0,182.3,171.69,178.5,71476966.0,12697757490.0,0.0298504572607617,182.0,182.3,171.69,178.5,1.0,0.8436814185399382
600183,生益科技,2026-06-29,178.5,182.68,162.9,171.16,74837544.0,12779175470.0,0.0312539134449603,178.5,182.68,162.9,171.16,1.0,0.9012193138812432
600183,生益科技,2026-06-30,171.0,178.15,168.11,173.4,67645095.0,11720608035.0,0.0282501780671226,171.0,178.15,168.11,173.4,1.0,0.8551633017648791
600183,生益科技,2026-07-01,173.4,175.88,163.17,164.8,66867995.0,11258631087.0,0.0279256428827761,173.4,175.88,163.17,164.8,1.0,0.9202073008064809
600183,生益科技,2026-07-02,155.0,160.68,150.59,151.95,71896529.0,11137316609.0,0.0300256766090437,155.0,160.68,150.59,151.95,1.0,1.020163467137216
600183,生益科技,2026-07-03,151.94,166.21,145.99,160.78,77646474.0,12372235435.0,0.032426988487254,151.94,166.21,145.99,160.78,1.0,1.1006685907784892
600183,生益科技,2026-07-06,163.0,164.0,149.61,154.27,60775485.0,9515916683.0,0.0253812678268208,163.0,164.0,149.61,154.27,1.0,0.8467060813340638
600183,生益科技,2026-07-07,154.19,156.46,146.8,150.77,48406596.0,7317721094.0,0.0202157297084624,154.19,156.46,146.8,150.77,1.0,0.7018875168097279
600183,生益科技,2026-07-08,153.85,154.95,145.2,145.46,45129835.0,6736456812.0,0.0188472774691182,153.85,154.95,145.2,145.46,1.0,0.6930404531111056
600183,生益科技,2026-07-09,149.98,158.03,144.8,157.4,64980880.0,9884752066.0,0.0271375394026473,149.98,158.03,144.8,157.4,1.0,1.0692747745182958
600183,生益科技,2026-07-10,160.0,163.48,149.25,149.39,63401261.0,9972337689.0,0.0264778534634346,160.0,163.48,149.25,149.39,1.0,1.0675795929585197
600183,生益科技,2026-07-13,147.9,150.33,134.45,134.45,80453141.0,11272364619.0,0.0335991184476763,147.9,150.33,134.45,134.45,1.0,1.4229719197811082
600183,生益科技,2026-07-14,139.97,147.9,139.0,147.9,80957181.0,11779525053.0,0.0338096173722909,139.97,147.9,139.0,147.9,1.0,1.3387029526799683
600183,生益科技,2026-07-15,154.01,160.3,151.5,152.43,94258350.0,14651352708.0,0.0393644974822367,154.01,160.3,151.5,152.43,1.0,1.4071674320113496
600183,生益科技,2026-07-16,148.0,155.43,144.0,146.99,71284054.0,10649968555.0,0.0297698926854398,148.0,155.43,144.0,146.99,1.0,0.9280549810995974
600183,生益科技,2026-07-17,144.84,146.0,132.29,132.29,75645621.0,10217325743.0,0.0315913853509714,144.84,146.0,132.29,132.29,1.0,0.9689361902175216
600183,生益科技,2026-07-20,136.0,136.0,119.06,123.34,94539176.0,11851044665.0,0.0394817770056948,136.0,136.0,119.06,123.34,1.0,1.1741128186996752
600183,生益科技,2026-07-21,129.32,135.67,117.5,135.67,89821844.0,11505130561.0,0.0375117085328553,129.32,135.67,117.5,135.67,1.0,1.0778163026998213
600183,生益科技,2026-07-22,135.67,140.19,124.06,126.0,82385680.0,10952239724.0,0.0344061920554769,135.67,140.19,124.06,126.0,1.0,0.9679927727249393
600183,生益科技,2026-07-23,129.0,134.21,123.8,125.1,60998740.0,7823308884.0,0.0252923266960213,129.0,134.21,123.8,125.1,1.0,0.7372760893101522
600183,生益科技,2026-07-24,123.81,123.99,117.99,118.71,60458645.0,7261157013.0,0.0250683833951123,123.81,123.99,117.99,118.71,1.0,0.7493800786031796
600183,生益科技,2026-07-27,120.0,125.99,114.66,125.99,57520985.0,6950835942.0,0.0238503212442903,120.0,125.99,114.66,125.99,1.0,0.7408601200062076
600183,生益科技,2026-07-28,119.42,121.0,113.39,113.39,48057422.0,5563739833.0,0.0199263790922986,119.42,121.0,113.39,113.39,1.0,0.6842162914436422
600183,生益科技,2026-07-29,111.88,112.7,102.6,108.18,88796349.0,9477419996.0,0.0368182403164708,111.88,112.7,102.6,108.18,1.0,1.4348769725974286
600183,生益科技,2026-07-30,105.0,108.83,97.51,100.08,81098342.0,8252309373.0,0.0336263627801109,105.0,108.83,97.51,100.08,1.0,1.2838836120862063
600183,生益科技,2026-07-31,110.09,110.09,105.44,105.64,80842310.0,8784966808.0,0.0335202024727237,110.09,110.09,105.44,105.64,1.0,1.2032550017162267
600183,生益科技,2026-08-03,102.01,105.88,99.88,102.03,53205267.0,5437578868.0,0.0220608654361228,102.01,105.88,99.88,102.03,1.0,0.7466035120210126
600183,生益科技,2026-08-04,105.0,112.23,103.5,112.23,60987470.0,6695397804.0,0.0252876537384837,105.0,112.23,103.5,112.23,1.0,0.8663000527074328
600183,生益科技,2026-08-05,110.0,123.45,110.0,122.79,89347125.0,10576713124.0,0.0370466123538003,110.0,123.45,110.0,122.79,1.0,1.2241688700086153
600183,生益科技,2026-08-06,120.0,130.99,119.5,127.25,76058820.0,9560626247.0,0.0315367911460774,120.0,130.99,119.5,127.25,1.0,1.0405318079420234
600183,生益科技,2026-08-07,131.0,139.98,130.98,139.98,78308513.0,10729352256.0,0.0324695968125838,131.0,139.98,130.98,139.98,1.0,1.086287557992294
600183,生益科技,2026-08-10,141.98,143.48,134.39,138.57,94216175.0,13037738736.0,0.0390655000111398,141.98,143.48,134.39,138.57,1.0,1.3162095693549831
600183,生益科技,2026-08-11,135.8,140.58,133.66,135.3,58791513.0,8047117212.0,0.0243771289988839,135.8,140.58,133.66,135.3,1.0,0.7368870020922565
600183,生益科技,2026-08-12,136.95,145.55,135.64,143.23,76484145.0,10743291329.0,0.0317131465732876,136.95,145.55,135.64,143.23,1.0,0.9639510394259664
600183,生益科技,2026-08-13,146.08,151.9,141.63,141.74,82422723.0,12100094060.0,0.0341754999741252,146.08,151.9,141.63,141.74,1.0,1.0736062897609693
600183,生益科技,2026-08-14,144.0,146.3,139.7,143.21,67303727.0,9645409478.0,0.02790660677817,144.0,146.3,139.7,143.21,1.0,0.8623750406719292
600183,生益科技,2026-08-17,145.9,147.47,140.51,144.49,76221739.0,10971906097.0,0.0316043433704838,145.9,147.47,140.51,144.49,1.0,1.0049850233618616
600183,生益科技,2026-08-18,144.0,145.47,137.45,139.41,73620131.0,10341890687.0,0.0305256207694763,144.0,145.47,137.45,139.41,1.0,1.0190375249505605
600183,生益科技,2026-08-19,132.0,134.44,125.47,125.47,78292528.0,10133149458.0,0.0324629688421989,132.0,134.44,125.47,125.47,1.0,1.0409787900206957
600183,生益科技,2026-08-20,128.19,131.19,124.16,126.28,59615232.0,7613697163.0,0.0247186732677282,128.19,131.19,124.16,126.28,1.0,0.7888516674265231
600183,生益科技,2026-08-21,126.03,134.86,124.88,132.8,66475836.0,8723369047.0,0.0275633326442994,126.03,134.86,124.88,132.8,1.0,0.9361386773199837
600183,生益科技,2026-08-24,132.83,134.0,122.3,126.3,63765833.0,8028367893.0,0.0264396654796465,132.83,134.0,122.3,126.3,1.0,0.9000740929225003
600183,生益科技,2026-08-25,124.0,132.0,122.05,129.0,63533958.0,8137042198.0,0.026343521555155,124.0,132.0,122.05,129.0,1.0,0.929485323385734
600183,生益科技,2026-08-26,130.7,131.99,124.0,130.01,58691782.0,7531701378.0,0.02433577684909,130.7,131.99,124.0,130.01,1.0,0.8847561303997418
600183,生益科技,2026-08-27,133.98,143.01,133.07,140.97,103174774.0,14313829939.0,0.0427800654701419,133.98,143.01,133.07,140.97,1.0,1.6530040515774793
600183,生益科技,2026-08-28,140.01,151.79,138.41,145.65,98707824.0,14474844442.0,0.0409279032986808,140.01,151.79,138.41,145.65,1.0,1.3877406662977323
600183,生益科技,2026-08-31,141.0,157.28,141.0,153.4,103887382.0,15742216789.0,0.0430755390215988,141.0,157.28,141.0,153.4,1.0,1.3391892238166072
600183,生益科技,2026-09-01,152.0,152.41,143.7,144.42,78920576.0,11508594583.0,0.0327233806998337,152.0,152.41,143.7,144.42,1.0,0.9219785655800483
600183,生益科技,2026-09-02,139.0,149.23,138.99,144.98,65588208.0,9553436834.0,0.0271952893476586,139.0,149.23,138.99,144.98,1.0,0.7396348746755899
600183,生益科技,2026-09-03,148.88,149.38,139.01,143.19,63589695.0,9063186686.0,0.0263666321704407,148.88,149.38,139.01,143.19,1.0,0.7061147458422001
600183,生益科技,2026-09-04,145.2,147.8,135.47,137.5,67020788.0,9420477343.0,0.0277892898364914,145.2,147.8,135.47,137.5,1.0,0.8159461716583248
600183,生益科技,2026-09-07,140.25,149.25,139.8,148.15,83935644.0,12168893729.0,0.0348028128038208,140.25,149.25,139.8,148.15,1.0,1.107310969628926
600183,生益科技,2026-09-08,149.0,151.25,145.5,146.28,69034361.0,10247536038.0,,149.0,151.25,145.5,146.28,1.0,0.9613343096705339
600183,生益科技,2026-09-09,147.9,151.88,146.51,148.16,58997034.0,8801337181.0,,147.9,151.88,146.51,148.16,1.0,0.8448213524845881
600183,生益科技,2026-09-10,145.02,151.3,145.0,146.96,58353960.0,8625341225.0,,145.02,151.3,145.0,146.96,1.0,0.8516898548877938
600362,江西铜业,2026-03-20,45.35,45.84,44.26,44.36,33676081.0,1537589785.0,0.01622750179996,46.01,46.5,44.9,45.0,0.9857777777777778,0.8438551107767908
600362,江西铜业,2026-03-23,42.58,43.85,41.6,41.85,46771162.0,2025089473.0,0.0225376318444306,43.2,44.48,42.2,42.45,0.9858657243816256,1.1873060362794343
600362,江西铜业,2026-03-24,42.88,43.24,42.07,43.11,38890900.0,1683002313.0,0.0187403679707287,43.5,43.86,42.68,43.73,0.9858220900983308,1.0254771407819172
600362,江西铜业,2026-03-25,44.42,44.72,43.65,44.1,40127750.0,1800885505.0,0.0193363691978692,45.06,45.37,44.28,44.74,0.9856951274027717,1.0093989442106246
600362,江西铜业,2026-03-26,44.1,44.68,43.42,43.58,24747007.0,1105141122.0,0.0119248466184686,44.74,45.33,44.05,44.21,0.9857498303551232,0.5920159366329402
600362,江西铜业,2026-03-27,42.21,43.64,42.21,43.26,33188583.0,1449149756.0,0.0159925910135037,42.82,44.27,42.82,43.89,0.985645933014354,0.9008213594161972
600362,江西铜业,2026-03-30,43.08,43.52,42.46,43.16,26680325.0,1165071841.0,0.0128564550596317,43.7,44.15,43.07,43.78,0.9858382823206944,0.7260924376695608
600362,江西铜业,2026-03-31,43.47,43.67,42.29,42.39,25015976.0,1089125718.0,0.0120544547795736,44.1,44.3,42.9,43.0,0.985813953488372,0.7643854463144751
600362,江西铜业,2026-04-01,43.66,44.59,43.18,43.92,35612284.0,1580107836.0,0.0171605004368141,44.29,45.23,43.8,44.55,0.985858585858586,1.1889813491206218
600362,江西铜业,2026-04-02,43.64,43.64,42.29,42.64,23224986.0,1011717306.0,0.0111914299683222,44.27,44.27,42.9,43.26,0.9856680536292188,0.7995152301288503
600362,江西铜业,2026-04-03,42.68,42.94,41.7,41.86,16863012.0,719870454.0,0.008125783923098,43.3,43.56,42.3,42.46,0.985869053226566,0.586653189180563
600362,江西铜业,2026-04-07,42.1,42.49,41.85,42.23,16627801.0,711648599.0,0.0080124427381225,42.71,43.1,42.45,42.84,0.9857609710550884,0.6525999602359821
600362,江西铜业,2026-04-08,44.36,45.08,43.9,44.99,50613210.0,2289287076.0,0.0243890005008824,45.0,45.73,44.53,45.64,0.9857581069237512,2.1566157857212014
600362,江西铜业,2026-04-09,44.35,44.86,44.04,44.41,25018083.0,1127796782.0,0.0120554700802047,44.99,45.51,44.68,45.05,0.985793562708102,0.8751174162108635
600362,江西铜业,2026-04-10,44.8,45.03,44.21,44.26,28004007.0,1264505948.0,0.0134942980449119,45.45,45.68,44.85,44.9,0.9857461024498886,1.0579759092855625
600362,江西铜业,2026-04-13,44.31,45.1,44.31,44.89,37414936.0,1696773216.0,0.0180291448190005,44.95,45.75,44.95,45.54,0.9857268335529206,1.3642527736493193
600362,江西铜业,2026-04-14,46.13,46.7,45.17,45.68,46704802.0,2173573964.0,0.0225056549341884,46.8,47.37,45.82,46.34,0.9857574449719464,1.4810179936473968
600362,江西铜业,2026-04-15,46.89,48.14,45.89,46.2,69994725.0,3330429870.0,0.0337283761113774,47.57,48.84,46.55,46.87,0.9857051418818008,1.8639905950220095
600362,江西铜业,2026-04-16,46.34,46.87,45.98,46.55,45194547.0,2128310268.0,0.0217779079694837,47.01,47.55,46.64,47.22,0.9858110969927996,1.0909360599430271
600362,江西铜业,2026-04-17,46.12,46.57,45.85,46.08,29933233.0,1402649884.0,0.0144239346729842,46.79,47.24,46.51,46.75,0.9856684491978608,0.6584144057179092
600362,江西铜业,2026-04-20,46.33,46.82,45.71,46.0,40229734.0,1882919021.0,0.0193855122541401,47.0,47.5,46.37,46.66,0.9858551221603088,0.8774502786556664
600362,江西铜业,2026-04-21,46.0,46.0,44.65,45.56,30278986.0,1391321805.0,0.0145905427598884,46.66,46.66,45.3,46.22,0.9857204673301602,0.6524039492514256
600362,江西铜业,2026-04-22,45.34,45.75,44.71,45.3,30650822.0,1409892562.0,0.0147697194687011,46.0,46.41,45.36,45.95,0.9858541893362348,0.71072318028152
600362,江西铜业,2026-04-23,45.89,46.2,43.68,44.02,45569501.0,2062156319.0,0.0219585871497572,46.55,46.87,44.31,44.66,0.9856695029108824,1.292478111386819
600362,江西铜业,2026-04-24,43.63,44.41,43.1,44.15,30982312.0,1371591153.0,0.0149294546401324,44.26,45.05,43.72,44.79,0.9857110962268364,0.8768796797342291
600362,江西铜业,2026-04-27,44.11,44.6,43.96,44.15,25497794.0,1144470262.0,0.0122866285429712,44.75,45.24,44.6,44.79,0.9857110962268364,0.7173934946362882
600362,江西铜业,2026-04-28,43.81,43.96,43.18,43.65,22691669.0,1003220187.0,0.0109344403685689,44.44,44.6,43.8,44.28,0.9857723577235772,0.6961513820625752
600362,江西铜业,2026-04-29,43.37,45.74,43.32,45.72,54246839.0,2470102570.0,0.0261399382402793,44.0,46.4,43.95,46.38,0.9857697283311772,1.7454825469954076
600362,江西铜业,2026-04-30,45.39,45.49,44.27,44.81,41375103.0,1883060227.0,0.0199374315083169,46.05,46.15,44.91,45.46,0.9857017157941048,1.15580587571415
600362,江西铜业,2026-05-06,44.95,46.43,44.63,46.26,59425328.0,2748440368.0,0.0286352980646179,45.6,47.1,45.28,46.93,0.9857234178563818,1.6998702533455479
600362,江西铜业,2026-05-07,46.77,47.87,46.27,46.92,58355282.0,2773784459.0,0.0281196747237951,47.45,48.56,46.94,47.6,0.9857142857142858,1.4356480036509935
600362,江西铜业,2026-05-08,46.33,48.6,45.85,48.07,70111134.0,3352855794.0,0.0337844701461028,47.0,49.3,46.51,48.76,0.9858490566037736,1.4848125825155203
600362,江西铜业,2026-05-11,48.08,48.08,46.83,47.58,64215795.0,3091206774.0,0.0309436816281671,48.78,48.78,47.51,48.27,0.985705407085146,1.1324990321631245
600362,江西铜业,2026-05-12,48.95,49.65,48.12,48.44,83030962.0,4119549202.0,0.0400101509824559,49.66,50.37,48.82,49.14,0.9857549857549855,1.4145804575386098
600362,江西铜业,2026-05-13,49.36,50.16,49.01,49.35,74039908.0,3721572978.0,0.0356776294824471,50.07,50.89,49.72,50.06,0.985817019576508,1.1046165656747386
600362,江西铜业,2026-05-14,49.1,51.14,47.7,47.71,70638140.0,3532822523.0,0.0340384186626654,49.81,51.88,48.39,48.4,0.9857438016528928,1.0098287025525874
600362,江西铜业,2026-05-15,47.35,47.41,45.21,45.71,58999876.0,2748444874.0,0.0284302854001159,48.03,48.1,45.86,46.37,0.9857666594781108,0.8148345184039865
600362,江西铜业,2026-05-18,44.14,44.88,43.57,44.79,45887087.0,2059540494.0,0.0221116223971377,44.78,45.53,44.2,45.44,0.9856954225352113,0.6538025035634356
600362,江西铜业,2026-05-19,44.47,44.55,42.75,43.49,38293815.0,1687106252.0,0.0184526504684389,45.11,45.19,43.37,44.12,0.9857207615593836,0.5756806772882965
600362,江西铜业,2026-05-20,42.58,44.99,42.14,44.32,56332188.0,2480020694.0,0.0271448058984562,43.2,45.64,42.75,44.96,0.98576512455516,0.9784690082769947
600362,江西铜业,2026-05-21,44.91,45.66,42.81,42.86,43598528.0,1963812526.0,0.0210088338840736,45.56,46.32,43.43,43.48,0.985740570377185,0.806928549091337
600362,江西铜业,2026-05-22,42.98,45.35,42.57,44.63,48702474.0,2184081918.0,0.0234682736538586,43.6,46.01,43.19,45.28,0.9856448763250883,1.0016489389020826
600362,江西铜业,2026-05-25,45.53,45.68,44.06,44.39,39679995.0,1802157265.0,0.0191206093810294,46.19,46.34,44.7,45.03,0.9857872529424828,0.852181984757177
600362,江西铜业,2026-05-26,44.04,46.13,43.27,45.88,59569226.0,2714145218.0,0.028704638230833,44.68,46.8,43.9,46.54,0.98581865062312,1.314373033489698
600362,江西铜业,2026-05-27,45.87,45.88,43.3,43.49,51447241.0,2303888637.0,0.0247908952330433,46.53,46.54,43.93,44.12,0.9857207615593836,1.0377348032168365
600362,江西铜业,2026-05-28,43.37,43.37,41.7,42.85,35329771.0,1523243886.0,0.0170243658249508,44.0,44.0,42.3,43.47,0.9857372900851162,0.726957607261284
600362,江西铜业,2026-05-29,43.62,44.56,42.58,42.88,48131157.0,2119819471.0,0.0231929729843464,44.25,45.2,43.2,43.5,0.9857471264367816,1.025250758953825
600362,江西铜业,2026-06-01,42.9,43.66,42.44,42.55,33788766.0,1475817349.0,0.0162818013498491,43.52,44.29,43.05,43.16,0.9858665430954588,0.7214968957417914
600362,江西铜业,2026-06-02,43.37,46.8,43.37,46.8,84092573.0,3844118712.0,0.0405217097476625,44.0,47.48,44.0,47.48,0.9856781802864364,1.8419850895026002
600362,江西铜业,2026-06-03,47.81,48.77,46.75,47.34,101473418.0,4930404139.0,0.0488970219914574,48.5,49.48,47.43,48.02,0.9858392336526448,2.0070733710989304
600362,江西铜业,2026-06-04,46.39,47.02,45.17,45.39,57632434.0,2675192725.0,0.0277713557723976,47.06,47.7,45.82,46.05,0.9856677524429968,0.9516091281731328
600362,江西铜业,2026-06-05,44.85,46.61,43.41,43.73,64237531.0,2911001905.0,0.0309541555600692,45.5,47.28,44.04,44.36,0.9857980162308384,0.9879099625592339
600362,江西铜业,2026-06-08,41.35,42.06,39.83,40.29,69996446.0,2892673740.0,0.0337292054100894,41.95,42.67,40.41,40.87,0.9858086616099828,1.0256649282287347
600362,江西铜业,2026-06-09,40.82,40.89,39.33,40.77,45071668.0,1833345706.0,0.0217186962341967,41.41,41.48,39.9,41.36,0.98573500967118,0.5970826532270008
600362,江西铜业,2026-06-10,39.68,40.32,39.09,39.91,38035024.0,1534101114.0,0.0183279467828078,40.25,40.9,39.65,40.49,0.985675475426031,0.5619641226314482
600362,江西铜业,2026-06-11,39.43,40.58,39.03,39.57,40949684.0,1646201023.0,0.0197324347455333,40.0,41.17,39.59,40.14,0.985799701046338,0.7446125376124515
600362,江西铜业,2026-06-12,40.66,43.52,40.52,42.44,91427022.0,3921636554.0,0.044055962570882,41.25,44.15,41.11,43.05,0.9858304297328688,1.7698497241203583
600362,江西铜业,2026-06-15,43.67,46.69,43.37,46.69,92320649.0,4273438033.0,0.0444865748428679,44.3,47.36,44.0,47.36,0.9858530405405403,1.6169381296145027
600362,江西铜业,2026-06-16,46.65,47.61,45.7,45.84,79288758.0,3752669753.0,0.0382068941799254,47.32,48.3,46.36,46.5,0.9858064516129031,1.2879745859871687
600362,江西铜业,2026-06-17,46.33,48.06,45.05,47.77,70475510.0,3343748474.0,0.0339600521027997,47.0,48.75,45.7,48.46,0.9857614527445316,1.0302800379264279
600362,江西铜业,2026-06-18,49.29,52.55,49.29,52.55,124605725.0,6580530569.0,0.0600437927062484,50.0,53.31,50.0,53.31,0.985743762896267,1.663798335350376
600362,江西铜业,2026-06-22,52.12,54.38,49.75,54.08,160404653.0,8463057060.0,0.0772942313352754,52.87,55.17,50.47,54.86,0.985781990521327,1.7506927325116195
600362,江西铜业,2026-06-23,53.23,53.23,48.67,48.67,94749101.0,4797966314.0,0.0456567736317684,54.0,54.0,49.37,49.37,0.985821348997367,0.8987853040881346
600362,江西铜业,2026-06-24,47.23,47.8,45.38,46.66,95281178.0,4469880996.0,0.0459131657124033,47.91,48.49,46.04,47.33,0.9858440735263048,0.8996874884253302
600362,江西铜业,2026-06-25,45.03,46.01,44.25,44.78,71681058.0,3271189444.0,0.0345409698271614,45.68,46.68,44.89,45.43,0.9856922738278672,0.6570021416065566
600362,江西铜业,2026-06-26,44.74,45.42,41.6,41.79,76723496.0,3351968787.0,0.0369707707211902,45.39,46.08,42.2,42.39,0.9858457183297948,0.7016686359348284
600362,江西铜业,2026-06-29,41.7,44.3,41.7,43.86,66693813.0,2923667030.0,0.0321377647982169,42.3,44.94,42.3,44.49,0.9858395144976398,0.6684897133423796
600362,江西铜业,2026-06-30,42.89,43.27,41.94,42.68,52666433.0,2267789525.0,0.0253783875951889,43.51,43.9,42.55,43.3,0.9856812933025404,0.6499964087950473
600362,江西铜业,2026-07-01,42.08,43.03,41.76,42.17,52639768.0,2255841385.0,0.0253655385247909,42.69,43.65,42.36,42.78,0.9857410004675082,0.7249738489046146
600362,江西铜业,2026-07-02,42.38,42.91,40.9,41.32,67358671.0,2857340499.0,0.0324581400934217,42.99,43.53,41.49,41.92,0.9856870229007634,1.0511502913404156
600362,江西铜业,2026-07-03,42.73,43.79,42.47,42.66,78445875.0,3423135907.0,0.0378007339322513,43.35,44.42,43.08,43.28,0.9856746765249536,1.2409094804366716
600362,江西铜业,2026-07-06,42.66,44.15,41.25,41.34,62693409.0,2695518963.0,0.030210089095377,43.28,44.79,41.85,41.94,0.9856938483547928,0.9863516275537393
600362,江西铜业,2026-07-07,40.52,41.01,40.02,40.16,36207500.0,1483805500.0,0.017447317323594,41.11,41.6,40.6,40.74,0.9857633775159548,0.5769123720592152
600362,江西铜业,2026-07-08,39.79,40.27,39.13,39.28,34432720.0,1383313186.0,0.0165921036292055,40.37,40.85,39.7,39.85,0.9856963613550817,0.5790024075819775
600362,江西铜业,2026-07-09,40.32,40.91,38.06,40.16,61034604.0,2454111784.0,0.0294107603040226,40.9,41.5,38.61,40.74,0.9857633775159548,1.0932686652407897
600362,江西铜业,2026-07-10,40.7,43.33,40.19,42.28,77493037.0,3285475276.0,0.0373415896404891,41.29,43.96,40.77,42.89,0.985777570529261,1.420253475307809
600362,江西铜业,2026-07-13,40.9,40.9,39.43,39.43,51054829.0,2068959494.0,0.0246018035618264,41.49,41.49,40.0,40.0,0.98575,0.9389868038209341
600362,江西铜业,2026-07-14,39.33,43.28,38.99,43.23,84440005.0,3546402565.0,0.040689126894728,39.9,43.91,39.55,43.85,0.985860889395667,1.6224566159084743
600362,江西铜业,2026-07-15,43.18,43.18,41.43,41.68,54239968.0,2324978754.0,0.0261366273097447,43.8,43.8,42.03,42.28,0.9858088930936612,0.8792195573169063
600362,江西铜业,2026-07-16,40.69,42.56,40.43,41.51,49067551.0,2080513577.0,0.0236441934016055,41.28,43.18,41.01,42.11,0.9857516029446688,0.7473829560209543
600362,江西铜业,2026-07-17,40.5,40.68,38.68,39.03,58473441.0,2310354651.0,0.02817661203147,40.5,40.68,38.68,39.03,1.0,0.924348612858379
600362,江西铜业,2026-07-20,39.03,39.39,37.46,38.62,52331511.0,2010263740.0,0.0252169986450362,39.03,39.39,37.46,38.62,1.0,0.8801845299250971
600362,江西铜业,2026-07-21,39.2,40.88,38.8,40.8,58557975.0,2326575946.0,0.0282173464517595,39.2,40.88,38.8,40.8,1.0,0.9806981972576237
600362,江西铜业,2026-07-22,41.71,44.42,41.71,43.05,98518275.0,4263612599.0,0.0474730264751252,41.71,44.42,41.71,43.05,1.0,1.80654479510405
600362,江西铜业,2026-07-23,43.48,45.85,42.51,45.06,91211835.0,4075719405.0,0.0439522703559289,43.48,45.85,42.51,45.06,1.0,1.438905093278597
600362,江西铜业,2026-07-24,42.73,43.94,42.37,42.5,59627543.0,2561573992.0,0.0287327394585996,42.73,43.94,42.37,42.5,1.0,0.8302520079218355
600362,江西铜业,2026-07-27,43.2,43.4,42.16,43.2,38372295.0,1643299662.0,0.0184904676461937,43.2,43.4,42.16,43.2,1.0,0.5325829249680731
600362,江西铜业,2026-07-28,41.99,42.99,41.81,42.55,29728207.0,1260983465.0,0.0143251387417106,41.99,42.99,41.81,42.55,1.0,0.4292411751246665
600362,江西铜业,2026-07-29,42.35,43.28,41.82,42.85,39274967.0,1672848097.0,0.0189254384346525,42.35,43.28,41.82,42.85,1.0,0.6185849438959916
600362,江西铜业,2026-07-30,43.06,43.63,41.7,42.14,40870733.0,1745398363.0,0.0196943906068876,43.06,43.63,41.7,42.14,1.0,0.7914094304577305
600362,江西铜业,2026-07-31,43.14,44.24,42.72,43.28,55165321.0,2393760971.0,0.0265825273974984,43.14,44.24,42.72,43.28,1.0,1.3268948659196955
600362,江西铜业,2026-08-03,43.49,43.49,42.19,42.99,44121230.0,1888930754.0,0.0212607084310508,43.49,43.49,42.19,42.99,1.0,1.084531233759063
600362,江西铜业,2026-08-04,42.99,44.26,42.51,44.0,53362263.0,2314073587.0,0.0257136873759878,42.99,44.26,42.51,44.0,1.0,1.275629808575003
600362,江西铜业,2026-08-05,44.55,46.86,44.02,46.63,86173416.0,3942581805.0,0.0415244060984622,44.55,46.86,44.02,46.63,1.0,1.850847224002882
600362,江西铜业,2026-08-06,47.75,47.85,45.71,46.25,77923526.0,3646846703.0,0.0375490294854747,47.75,47.85,45.71,46.25,1.0,1.3930190656959789
600362,江西铜业,2026-08-07,46.81,49.98,46.81,49.58,95532368.0,4639802075.0,0.0460342067022124,46.81,49.98,46.81,49.58,1.0,1.5080291715100358
600362,江西铜业,2026-08-10,49.0,49.44,47.8,48.74,75361929.0,3654308847.0,0.0363146720812307,49.0,49.44,47.8,48.74,1.0,1.0551557990487392
600362,江西铜业,2026-08-11,48.83,49.77,46.08,46.2,91261645.0,4367179624.0,0.0439762723134208,48.83,49.77,46.08,46.2,1.0,1.1749816150750199
600362,江西铜业,2026-08-12,45.88,47.32,45.88,46.47,46144694.0,2147923254.0,0.0222357555483848,45.88,47.32,45.88,46.47,1.0,0.5412830708260967
600362,江西铜业,2026-08-13,46.09,46.94,44.23,44.36,71704599.0,3253594242.0,0.034552313534877,46.09,46.94,44.23,44.36,1.0,0.9282769704087026
600362,江西铜业,2026-08-14,44.06,45.13,43.78,44.61,40100297.0,1786929804.0,0.0193231404137088,44.06,45.13,43.78,44.61,1.0,0.5276282180691537
600362,江西铜业,2026-08-17,46.15,47.74,45.71,47.72,75170521.0,3508700943.0,0.0362224382591144,46.15,47.74,45.71,47.72,1.0,1.1579903907274356
600362,江西铜业,2026-08-18,46.5,46.94,45.86,46.6,56653994.0,2627818930.0,0.0272998746383205,46.5,46.94,45.86,46.6,1.0,0.8732611028839735
600362,江西铜业,2026-08-19,45.01,45.42,43.86,44.02,54977401.0,2453103888.0,0.0264919743388379,45.01,45.42,43.86,44.02,1.0,0.9486251540661302
600362,江西铜业,2026-08-20,45.3,46.11,44.28,44.57,52257060.0,2364969607.0,0.0251811229225461,45.3,46.11,44.28,44.57,1.0,0.8750145324882944
600362,江西铜业,2026-08-21,44.86,46.09,44.5,45.86,45704978.0,2076863586.0,0.0220238694865396,44.86,46.09,44.5,45.86,1.0,0.8186183018179732
600362,江西铜业,2026-08-24,46.73,46.99,45.01,45.95,63492438.0,2918683174.0,0.0305951174048088,46.73,46.99,45.01,45.95,1.0,1.1148257549479033
600362,江西铜业,2026-08-25,45.77,45.77,43.59,44.15,54237966.0,2403270873.0,0.0261356626054906,45.77,45.77,43.59,44.15,1.0,0.9930569787698756
600362,江西铜业,2026-08-26,44.96,48.57,44.96,48.57,87458492.0,4149840404.0,0.0421436460006078,,,,,,1.6155935775970431
600362,江西铜业,2026-08-27,47.65,49.47,47.62,49.2,126027831.0,6157355502.0,0.0607290632896852,47.65,49.47,47.62,49.2,1.0,2.0786317452018803
600362,江西铜业,2026-08-28,49.62,49.77,48.31,49.01,70437978.0,3452443817.0,0.033941966548321,,,,,,0.9343847417860959
600362,江西铜业,2026-08-31,47.47,48.46,46.47,48.4,66524782.0,3153487719.0,0.0320563137868373,47.47,48.46,46.47,48.4,1.0,0.8281339814007657
600362,江西铜业,2026-09-01,49.2,49.85,48.0,48.08,72918191.0,3554781556.0,0.0351371074235845,,,,,,0.9009207383851813
600362,江西铜业,2026-09-02,46.7,47.36,45.72,46.55,63922622.0,2973955421.0,0.0308024102793661,,,,,,0.7549310719751098
600362,江西铜业,2026-09-03,47.0,47.42,46.4,46.88,40804334.0,1916577586.0,0.0196623949037054,,,,,,0.510269248385502
600362,江西铜业,2026-09-04,47.61,47.77,45.61,45.86,49327959.0,2296476193.0,0.0237696762714419,,,,,,0.7839593014424777
600362,江西铜业,2026-09-07,45.86,46.19,45.16,46.02,39912773.0,1827871087.0,0.01923277817567,,,,,,0.6799499184130415
600362,江西铜业,2026-09-08,47.38,49.41,47.03,48.53,115388092.0,5573843721.0,0.0556020895253209,,,,,,2.161749666792974
600362,江西铜业,2026-09-09,49.01,50.54,48.15,49.57,108554639.0,5343000874.0,0.0523092517732843,,,,,,1.754527408539126
600362,江西铜业,2026-09-10,49.57,50.84,49.07,49.64,79053858.0,3936982600.0,,49.57,50.84,49.07,49.64,1.0,1.1166184070463874
600508,上海能源,2026-03-20,9.17,9.48,9.06,9.29,11732572.0,155513669.0,0.0162339557060983,13.05,13.5,12.9,13.22,0.7027231467473524,1.0628073482751157
600508,上海能源,2026-03-23,9.46,9.65,9.26,9.36,22827966.0,307755327.0,0.0315862701634662,13.47,13.74,13.18,13.32,0.7027027027027026,2.2333095862031587
600508,上海能源,2026-03-24,9.2,9.81,9.2,9.79,25555988.0,349997157.0,0.0353609402284155,13.1,13.96,13.1,13.93,0.702799712849964,2.068555838471647
600508,上海能源,2026-03-25,9.52,10.11,9.36,9.89,28204662.0,394171732.0,0.0390258191991897,13.55,14.39,13.33,14.08,0.7024147727272728,1.7868304312000083
600508,上海能源,2026-03-26,9.83,10.15,9.67,10.02,26102700.0,368984391.0,0.0361174067893701,14.0,14.45,13.77,14.26,0.7026647966339411,1.3281723621287003
600508,上海能源,2026-03-27,9.9,10.44,9.85,10.0,27051454.0,389625699.0,0.0374301650159536,14.1,14.86,14.02,14.23,0.7027406886858749,1.182071963854261
600508,上海能源,2026-03-30,10.31,10.82,9.84,9.95,26583013.0,387845959.0,0.0367819993413751,14.68,15.41,14.01,14.16,0.702683615819209,1.024450649542938
600508,上海能源,2026-03-31,9.95,10.0,9.41,9.41,20902346.0,287335168.0,0.0289218561043173,14.16,14.24,13.39,13.39,0.7027632561613144,0.7828722023222298
600508,上海能源,2026-04-01,9.46,9.64,9.29,9.46,11564312.0,156374204.0,0.0160011401404143,13.46,13.72,13.23,13.47,0.7023014105419451,0.4487712385911121
600508,上海能源,2026-04-02,9.42,9.69,9.38,9.42,10044502.0,136171972.0,0.0138982313986921,13.41,13.79,13.35,13.41,0.7024608501118568,0.4476006945396024
600508,上海能源,2026-04-03,9.41,9.43,8.85,8.87,15039458.0,192020908.0,0.0208095799468118,13.4,13.43,12.6,12.62,0.7028526148969889,0.7821186708782918
600508,上海能源,2026-04-07,8.87,9.11,8.79,9.05,8116034.0,103870629.0,0.0112298766600527,12.62,12.97,12.51,12.89,0.7020946470131886,0.4823299496012481
600508,上海能源,2026-04-08,9.0,9.01,8.82,9.01,11145734.0,142009541.0,0.0154219681812269,12.81,12.82,12.55,12.82,0.7028081123244929,0.8486601387870361
600508,上海能源,2026-04-09,9.01,9.2,8.96,9.04,8324967.0,107091924.0,0.0115189700547101,12.83,13.09,12.75,12.87,0.7024087024087023,0.7444966056185973
600508,上海能源,2026-04-10,8.99,9.1,8.99,9.01,6680100.0,85933295.0,0.0092430242501224,12.8,12.95,12.8,12.83,0.7022603273577552,0.6341382053151188
600508,上海能源,2026-04-13,9.03,9.23,9.0,9.15,10220101.0,132556464.0,0.0141412016858581,12.86,13.14,12.81,13.03,0.7022256331542595,1.0363891075729421
600508,上海能源,2026-04-14,9.2,9.2,8.97,9.06,7570810.0,97588762.0,0.0104754689934386,13.09,13.09,12.77,12.9,0.7023255813953488,0.8509026110496799
600508,上海能源,2026-04-15,9.05,9.05,8.91,8.98,6008700.0,76825823.0,0.0083140311988908,12.88,12.88,12.69,12.78,0.702660406885759,0.683712550844628
600508,上海能源,2026-04-16,8.98,9.03,8.92,8.99,4587901.0,58624498.0,0.0063481205670814,12.79,12.85,12.7,12.8,0.7023437499999999,0.591153082110358
600508,上海能源,2026-04-17,8.97,9.04,8.86,8.89,5817001.0,73770688.0,0.0080487838963468,12.77,12.87,12.61,12.66,0.7022116903633492,0.8293979356221918
600508,上海能源,2026-04-20,8.89,9.01,8.85,8.96,6554300.0,83335441.0,0.0090689591237522,12.66,12.83,12.6,12.76,0.7021943573667713,0.9581045635703102
600508,上海能源,2026-04-21,8.96,9.12,8.94,9.1,7488103.0,96403930.0,0.0103610301666763,12.75,12.98,12.72,12.95,0.7027027027027027,1.2260017711290507
600508,上海能源,2026-04-22,9.08,9.2,9.05,9.12,5566601.0,72348495.0,0.0077023140422682,12.93,13.1,12.89,12.98,0.7026194144838211,0.9138757693269357
600508,上海能源,2026-04-23,9.1,9.41,9.06,9.4,11989600.0,158485420.0,0.0165895964954518,12.95,13.39,12.9,13.38,0.70254110612855,1.9973408326127229
600508,上海能源,2026-04-24,9.38,9.41,9.24,9.33,6933426.0,91937367.0,0.0095935427096045,13.35,13.4,13.16,13.28,0.7025602409638555,0.9265420136865353
600508,上海能源,2026-04-27,9.34,9.49,9.27,9.43,9639000.0,128916749.0,0.0133371522502552,13.29,13.51,13.2,13.42,0.702682563338301,1.2507775998305826
600508,上海能源,2026-04-28,9.32,9.65,9.26,9.59,12293400.0,166052021.0,0.017009954089977,13.27,13.74,13.18,13.65,0.7025641025641025,1.4769781287477417
600508,上海能源,2026-04-29,9.57,9.83,9.55,9.76,11621385.0,161054947.0,0.0160801100844312,13.63,13.99,13.59,13.9,0.7021582733812949,1.2517102064500543
600508,上海能源,2026-04-30,9.76,9.83,9.67,9.75,8726727.0,120918665.0,0.0120748715266535,13.89,13.99,13.76,13.88,0.7024495677233429,0.831484119719089
600508,上海能源,2026-05-06,9.75,9.86,9.58,9.83,9210500.0,127617331.0,0.0127442515614665,13.88,14.03,13.64,14.0,0.7021428571428572,0.9357613284269184
600508,上海能源,2026-05-07,9.77,9.86,9.5,9.54,11364772.0,154917472.0,0.0157250435162815,13.91,14.03,13.52,13.58,0.7025036818851251,1.1035685218227989
600508,上海能源,2026-05-08,9.53,9.75,9.46,9.48,6842901.0,93094317.0,0.0094682863855611,13.57,13.88,13.46,13.5,0.7022222222222223,0.6429269570291959
600508,上海能源,2026-05-11,9.51,9.74,9.45,9.61,7954380.0,109040436.0,0.0110062015890015,13.54,13.87,13.45,13.68,0.702485380116959,0.8326354038209168
600508,上海能源,2026-05-12,9.62,9.7,9.46,9.55,5572900.0,75828032.0,0.0077110297515766,13.69,13.81,13.47,13.6,0.7022058823529412,0.6318583886176826
600508,上海能源,2026-05-13,9.55,9.72,9.49,9.57,7040192.0,96235639.0,0.0097412711458687,13.6,13.83,13.51,13.62,0.7026431718061674,0.8597037624666163
600508,上海能源,2026-05-14,9.62,9.82,9.57,9.6,10155300.0,139820124.0,0.0140515387744597,13.69,13.98,13.62,13.66,0.7027818448023426,1.309511544057411
600508,上海能源,2026-05-15,9.57,9.66,9.33,9.51,9419407.0,127033685.0,0.0130333089808196,13.63,13.75,13.28,13.54,0.7023633677991138,1.2537253092737086
600508,上海能源,2026-05-18,9.51,9.73,9.49,9.68,8966400.0,122990913.0,0.0124064988003619,13.54,13.85,13.51,13.78,0.7024673439767779,1.1168302547801403
600508,上海能源,2026-05-19,9.65,9.86,9.61,9.82,10418140.0,144186212.0,0.0144152214279981,13.74,14.03,13.68,13.98,0.7024320457796852,1.2657444748226057
600508,上海能源,2026-05-20,9.8,9.94,9.5,9.55,8885591.0,121955438.0,0.0122946861708162,13.95,14.15,13.52,13.59,0.7027225901398088,0.9658368877063913
600508,上海能源,2026-05-21,9.48,9.53,9.08,9.1,8838801.0,117194159.0,0.0122299444596647,13.5,13.57,12.93,12.96,0.7021604938271604,0.9236943178697773
600508,上海能源,2026-05-22,9.07,9.17,8.92,9.05,6152715.0,79115799.0,0.0085132997932803,12.91,13.06,12.7,12.88,0.702639751552795,0.6611793083780617
600508,上海能源,2026-05-25,9.23,9.95,9.23,9.57,20005003.0,274931791.0,0.0276802335073984,13.14,14.17,13.14,13.62,0.7026431718061674,2.3120944748127594
600508,上海能源,2026-05-26,9.42,9.73,9.15,9.22,14339300.0,190686728.0,0.0198407954416522,13.41,13.85,13.02,13.13,0.7022086824067022,1.3203714531701052
600508,上海能源,2026-05-27,9.22,9.43,8.99,9.24,12409050.0,162768152.0,0.0171699750110001,13.12,13.42,12.8,13.16,0.7021276595744681,1.0656775574483681
600508,上海能源,2026-05-28,9.19,9.72,9.13,9.41,14256295.0,192301911.0,0.0197259442825555,13.08,13.83,12.99,13.39,0.7027632561613144,1.154451797444092
600508,上海能源,2026-05-29,9.43,10.16,9.38,10.05,27132220.0,382828426.0,0.0375419181478806,13.42,14.46,13.35,14.31,0.7023060796645703,2.0198976620283595
600508,上海能源,2026-06-01,9.96,10.47,9.83,10.47,30149964.0,438313610.0,0.0417174665637219,14.18,14.9,14.0,14.9,0.7026845637583893,1.7103088852167279
600508,上海能源,2026-06-02,10.3,10.42,10.02,10.1,23147660.0,334927397.0,0.0320286197382658,14.66,14.84,14.26,14.38,0.7023643949930458,1.1775565574508462
600508,上海能源,2026-06-03,10.05,10.28,9.84,10.21,20193026.0,288459517.0,0.0279403944553754,14.3,14.63,14.01,14.53,0.7026841018582245,0.9427606500605736
600508,上海能源,2026-06-04,10.18,10.42,9.93,10.33,22666118.0,329645477.0,0.031362326661298,14.49,14.84,14.14,14.7,0.7027210884353742,0.9865199664360373
600508,上海能源,2026-06-05,10.17,10.27,9.88,9.9,14904609.0,212548049.0,0.0206229940308668,14.48,14.62,14.07,14.1,0.7021276595744681,0.6044582424506558
600508,上海能源,2026-06-08,9.79,9.98,9.53,9.62,14391479.0,198446025.0,0.0199129937264603,13.94,14.21,13.56,13.7,0.7021897810218978,0.6479065625127267
600508,上海能源,2026-06-09,9.45,9.5,9.15,9.2,12412231.0,163606048.0,0.0171743764511192,13.45,13.53,13.02,13.1,0.7022900763358778,0.6511990737909612
600508,上海能源,2026-06-10,9.17,9.24,8.75,8.83,13433600.0,170697641.0,0.01858760955172,13.05,13.15,12.45,12.57,0.7024661893396977,0.7942534589219024
600508,上海能源,2026-06-11,8.91,9.09,8.75,8.98,10125952.0,128952778.0,0.0140109309578563,12.69,12.94,12.46,12.79,0.7021110242376858,0.6507009038153732
600508,上海能源,2026-06-12,8.96,9.41,8.85,9.23,12117150.0,157947931.0,0.016766083036537,12.75,13.4,12.6,13.14,0.7024353120243532,0.9282630040131078
600508,上海能源,2026-06-15,9.13,9.26,8.94,9.03,10767031.0,138892976.0,0.0148979698859029,13.0,13.18,12.72,12.86,0.7021772939346812,0.8616325225256197
600508,上海能源,2026-06-16,9.01,9.01,8.75,8.91,10726008.0,135493502.0,0.0148412077739865,12.82,12.82,12.46,12.69,0.7021276595744681,0.9112082507050602
600508,上海能源,2026-06-17,8.88,8.89,8.47,8.58,12373135.0,106786786.0,0.0122287719019431,8.88,8.89,8.47,8.58,1.0,1.0821402007051248
600508,上海能源,2026-06-18,8.45,8.48,8.04,8.06,14547882.0,118914169.0,0.014378145121215,8.45,8.48,8.04,8.06,1.0,1.296388319107878
600508,上海能源,2026-06-22,8.01,8.18,7.91,8.17,11232308.0,90335132.0,0.0111012554590547,8.01,8.18,7.91,8.17,1.0,0.9278113507270944
600508,上海能源,2026-06-23,8.15,8.34,8.1,8.27,9488760.0,78207640.0,0.0093780502412915,8.15,8.34,8.1,8.27,1.0,0.7954181414981137
600508,上海能源,2026-06-24,8.35,8.36,7.82,7.87,10547339.0,84042853.0,0.0104242783096983,8.35,8.36,7.82,7.87,1.0,0.9035192395269792
600508,上海能源,2026-06-25,7.8,7.83,7.6,7.7,7903720.0,60796054.0,0.0078115036372614,7.8,7.83,7.6,7.7,1.0,0.6791371572951126
600508,上海能源,2026-06-26,7.73,7.75,7.39,7.4,9521536.0,71402558.0,0.0094104438285156,7.73,7.75,7.39,7.4,1.0,0.8862187644086209
600508,上海能源,2026-06-29,7.43,7.63,7.3,7.59,8204901.0,61618144.0,0.0081091706190084,7.43,7.63,7.3,7.59,1.0,0.8425019288444167
600508,上海能源,2026-06-30,7.52,7.62,7.34,7.37,6812003.0,50524798.0,0.0067325242052521,7.52,7.62,7.34,7.37,1.0,0.7458464516994782
600508,上海能源,2026-07-01,7.37,7.73,7.33,7.64,8519505.0,64504484.0,0.0084201039883961,7.37,7.73,7.33,7.64,1.0,0.9908820989051302
600508,上海能源,2026-07-02,7.64,7.85,7.59,7.73,8530414.0,65909569.0,0.0084308857080394,7.64,7.85,7.59,7.73,1.0,1.0412679758012766
600508,上海能源,2026-07-03,7.73,8.19,7.73,8.11,10816614.0,86539145.0,0.0106904115535282,7.73,8.19,7.73,8.11,1.0,1.3004377018097781
600508,上海能源,2026-07-06,8.15,8.32,7.99,8.27,9508849.0,77766507.0,0.009397904853622,8.15,8.32,7.99,8.27,1.0,1.1086855048488766
600508,上海能源,2026-07-07,8.26,8.27,7.97,8.0,7921517.0,63919296.0,0.0078290929914177,8.26,8.27,7.97,8.0,1.0,0.8963550343610512
600508,上海能源,2026-07-08,7.92,8.26,7.92,8.12,7644564.0,62108560.0,0.0075553713303707,7.92,8.26,7.92,8.12,1.0,0.8438286250014597
600508,上海能源,2026-07-09,8.01,8.2,7.99,8.03,6754818.0,54556253.0,0.0066760064091388,8.01,8.2,7.99,8.03,1.0,0.7603016958415025
600508,上海能源,2026-07-10,8.03,8.13,7.86,8.03,6300120.0,50400756.0,0.0062266135813494,8.03,8.13,7.86,8.03,1.0,0.738646827600441
600508,上海能源,2026-07-13,8.03,8.3,8.01,8.23,10663089.0,87419883.0,0.0105386778008256,8.03,8.3,8.01,8.23,1.0,1.3982593645485477
600508,上海能源,2026-07-14,8.23,8.58,8.23,8.54,13477803.0,113807479.0,0.0133205512286357,8.23,8.58,8.23,8.54,1.0,1.7154268845814191
600508,上海能源,2026-07-15,8.5,8.6,8.4,8.53,10040857.0,85330974.0,0.0099237056698265,8.5,8.6,8.4,8.53,1.0,1.1196218525644532
600508,上海能源,2026-07-16,8.53,8.56,8.3,8.41,7611791.0,63896405.0,0.0075229807081442,8.53,8.56,8.3,8.41,1.0,0.8057075425293904
600508,上海能源,2026-07-17,8.41,8.57,8.23,8.26,11797960.0,99427516.0,0.0116603077351253,8.41,8.57,8.23,8.26,1.0,1.2265608398279524
600508,上海能源,2026-07-20,8.26,8.61,8.26,8.55,14937666.0,127037528.0,0.0147633813307146,8.26,8.61,8.26,8.55,1.0,1.3936600020525642
600508,上海能源,2026-07-21,8.51,8.56,8.33,8.45,12420368.0,104591042.0,0.0122754538126508,8.51,8.56,8.33,8.45,1.0,1.0731994152636266
600508,上海能源,2026-07-22,8.33,8.5,8.23,8.49,9629876.0,80601689.0,0.0095175197755457,8.33,8.5,8.23,8.49,1.0,0.8475713959154313
600508,上海能源,2026-07-23,8.46,8.63,8.33,8.6,8049794.0,68912220.0,0.0079558733242327,8.46,8.63,8.33,8.6,1.0,0.7136638166607655
600508,上海能源,2026-07-24,8.59,8.7,8.33,8.33,7345742.0,62243152.0,0.0072600358250777,8.59,8.7,8.33,8.33,1.0,0.6462264609066588
600508,上海能源,2026-07-27,8.25,8.43,8.16,8.39,5616956.0,46886636.0,0.0055514203722218,8.25,8.43,8.16,8.39,1.0,0.536138458703156
600508,上海能源,2026-07-28,8.37,8.39,8.14,8.37,7631182.0,62972008.0,0.007542145464364,8.37,8.39,8.14,8.37,1.0,0.8860540119884627
600508,上海能源,2026-07-29,8.37,8.63,8.31,8.58,9766518.0,83388079.0,0.0096525675100305,8.37,8.63,8.31,8.58,1.0,1.275883475664003
600508,上海能源,2026-07-30,8.58,8.74,8.51,8.67,8088235.0,69887608.0,0.0079938658152774,8.58,8.74,8.51,8.67,1.0,1.052876148080697
600508,上海能源,2026-07-31,8.68,8.77,8.55,8.57,10190546.0,87865875.0,0.0100716481789182,8.68,8.77,8.55,8.57,1.0,1.3252156455081252
600508,上海能源,2026-08-03,8.5,8.71,8.45,8.65,6129818.0,52954631.0,0.006058298573678,8.5,8.71,8.45,8.65,1.0,0.742226664251755
600508,上海能源,2026-08-04,8.6,8.69,8.5,8.52,6265957.0,53546311.0,0.0061928491768968,8.6,8.69,8.5,8.52,1.0,0.7494034571201819
600508,上海能源,2026-08-05,8.45,8.56,8.43,8.49,4606187.0,39145667.0,0.0045524444823964,8.45,8.56,8.43,8.49,1.0,0.5694936539024656
600508,上海能源,2026-08-06,8.48,8.83,8.44,8.72,15951575.0,137939641.0,0.0157654605847054,8.48,8.83,8.44,8.72,1.0,2.260663132859759
600508,上海能源,2026-08-07,8.65,8.66,8.48,8.56,12039578.0,102960048.0,0.0118991066659866,8.65,8.66,8.48,8.56,1.0,1.3952756858918522
600508,上海能源,2026-08-10,8.54,8.75,8.52,8.74,10149317.0,88241716.0,0.010030900216761,8.54,8.75,8.52,8.74,1.0,1.127874453680302
600508,上海能源,2026-08-11,8.89,8.92,8.72,8.84,10680877.0,94329786.0,0.0105562582599891,8.89,8.92,8.72,8.84,1.0,1.0896049127271603
600508,上海能源,2026-08-12,8.78,8.89,8.71,8.71,7052799.0,61882615.0,0.0069705107267683,8.78,8.89,8.71,8.71,1.0,0.6600341127479326
600508,上海能源,2026-08-13,8.71,8.71,8.55,8.57,6081956.0,52337700.0,0.0060109950018046,8.71,8.71,8.55,8.57,1.0,0.54425494037976
600508,上海能源,2026-08-14,8.57,8.67,8.41,8.62,6579216.0,56363975.0,0.0065024532390226,8.57,8.67,8.41,8.62,1.0,0.7150618025047839
600508,上海能源,2026-08-17,8.62,8.69,8.5,8.65,5305388.0,45665289.0,0.0052434875804156,8.62,8.69,8.5,8.65,1.0,0.6542726925070476
600508,上海能源,2026-08-18,8.58,8.79,8.58,8.74,6639622.0,57922121.0,0.0065621544542368,8.58,8.79,8.58,8.74,1.0,0.9299129002956731
600508,上海能源,2026-08-19,8.72,8.87,8.7,8.76,12015211.0,105540214.0,0.011875023967064,8.72,8.87,8.7,8.76,1.0,1.897599136245099
600508,上海能源,2026-08-20,8.66,8.98,8.63,8.8,12271568.0,108640107.0,0.0121283899311843,8.66,8.98,8.63,8.8,1.0,1.6754643931758686
600508,上海能源,2026-08-21,8.78,9.0,8.7,8.98,13221592.0,117991560.0,0.0130673295610657,8.78,9.0,8.7,8.98,1.0,1.5441814552122755
600508,上海能源,2026-08-24,9.2,9.88,9.19,9.88,35816392.0,346728218.0,0.0353985055621378,9.2,9.88,9.19,9.88,1.0,3.6212278388003445
600508,上海能源,2026-08-25,10.57,10.87,10.56,10.87,39085840.0,423240487.0,0.0386298073977085,10.57,10.87,10.56,10.87,1.0,2.443953017333904
600508,上海能源,2026-08-26,10.35,11.96,10.35,11.45,109794075.0,1218008044.0,0.1085130566634763,10.35,11.96,10.35,11.45,1.0,4.883617384384994
600508,上海能源,2026-08-27,10.88,12.14,10.83,11.76,94311422.0,1088004052.0,0.0932110469485628,10.88,12.14,10.83,11.76,1.0,2.2434859212046057
600508,上海能源,2026-08-28,11.97,12.85,11.68,12.12,91978943.0,1129783798.0,0.0909057820616063,11.97,12.85,11.68,12.12,1.0,1.5737459657581725
600508,上海能源,2026-08-31,12.48,12.66,11.62,11.86,94521412.0,1138865106.0,0.0934185868979523,12.48,12.66,11.62,11.86,1.0,1.2739192420368135
600508,上海能源,2026-09-01,11.51,12.98,11.51,12.17,102053984.0,1259626013.0,0.1008632728908687,11.51,12.98,11.51,12.17,1.0,1.187525682949439
600508,上海能源,2026-09-02,12.78,12.82,11.11,11.2,84898006.0,983273807.0,0.0839074616339192,12.78,12.82,11.11,11.2,1.0,0.8616290571736398
600508,上海能源,2026-09-03,11.11,11.68,10.8,10.88,70877074.0,788097290.0,0.0700501183429379,11.11,11.68,10.8,10.88,1.0,0.7576161195058958
600508,上海能源,2026-09-04,10.9,11.52,10.72,11.22,66996656.0,753115656.0,0.0662149749773968,10.9,11.52,10.72,11.22,1.0,0.753907496725982
600508,上海能源,2026-09-07,11.32,11.48,11.05,11.37,41684177.0,470399058.0,0.0411978283962169,11.32,11.48,11.05,11.37,1.0,0.49701278271768407
600508,上海能源,2026-09-08,11.23,11.64,11.23,11.49,35523533.0,407325603.0,0.0351090634837615,11.23,11.64,11.23,11.49,1.0,0.4846190142581606
600508,上海能源,2026-09-09,11.41,12.03,11.33,11.62,48585256.0,565949846.0,0.0480183893105115,11.41,12.03,11.33,11.62,1.0,0.809809749431966
600508,上海能源,2026-09-10,11.61,11.62,11.27,11.33,36510982.0,415882576.0,,11.61,11.62,11.27,11.33,1.0,0.6923699988260936
600654,中安科,2026-03-20,3.5,3.54,3.39,3.39,55040155.0,189653485.0,0.0237508756746062,3.5,3.54,3.39,3.39,1.0,1.2841238863616276
600654,中安科,2026-03-23,3.33,3.34,3.13,3.17,70977883.0,230194234.0,0.0306283090005786,3.33,3.34,3.13,3.17,1.0,1.5494018822559243
600654,中安科,2026-03-24,3.27,3.33,3.18,3.33,57118683.0,186077356.0,0.0246478001130309,3.27,3.33,3.18,3.33,1.0,1.0971801639067449
600654,中安科,2026-03-25,3.33,3.38,3.3,3.35,48549172.0,162376603.0,0.0209498928241948,3.33,3.38,3.3,3.35,1.0,0.8813942069253408
600654,中安科,2026-03-26,3.35,3.4,3.29,3.3,35592800.0,118513349.0,0.0153589714220667,3.35,3.4,3.29,3.3,1.0,0.6144702813791466
600654,中安科,2026-03-27,3.25,3.35,3.23,3.34,41009399.0,136027134.0,0.0176963371040528,3.25,3.35,3.23,3.34,1.0,0.7671655106454744
600654,中安科,2026-03-30,3.28,3.41,3.24,3.39,49393776.0,164457115.0,0.021314355544154,3.28,3.41,3.24,3.39,1.0,0.9752058908183723
600654,中安科,2026-03-31,3.37,3.43,3.35,3.35,35299177.0,119737704.0,0.0152320239368698,3.37,3.43,3.35,3.35,1.0,0.7618620697067816
600654,中安科,2026-04-01,3.4,3.42,3.35,3.37,32888800.0,110929502.0,0.014191916963246,3.4,3.42,3.35,3.37,1.0,0.783647595824417
600654,中安科,2026-04-02,3.36,3.41,3.29,3.31,34334518.0,114806364.0,0.0148157618529431,3.36,3.41,3.29,3.31,1.0,0.884071975216572
600654,中安科,2026-04-03,3.31,3.64,3.28,3.64,117793574.0,415392402.0,0.0508293589614696,3.31,3.64,3.28,3.64,1.0,3.052822727011911
600654,中安科,2026-04-07,3.85,4.0,3.75,4.0,258629762.0,1026629250.0,0.1116018859468298,3.85,4.0,3.75,4.0,1.0,4.7945925370280795
600654,中安科,2026-04-08,4.0,4.4,3.9,4.4,262460768.0,1096759667.0,0.113255011601694,4.0,4.4,3.9,4.4,1.0,2.7399838458975956
600654,中安科,2026-04-09,4.84,4.84,4.44,4.48,674548593.0,3131369814.0,0.2910759170152295,4.84,4.84,4.44,4.48,1.0,4.776529547652878
600654,中安科,2026-04-10,4.48,4.51,4.05,4.08,528535460.0,2216904323.0,0.2280694753366213,4.48,4.51,4.05,4.08,1.0,1.9607817066539937
600654,中安科,2026-04-13,3.99,4.49,3.96,4.49,306109373.0,1333705958.0,0.1320899152078313,3.99,4.49,3.96,4.49,1.0,0.8309301434899887
600654,中安科,2026-04-14,4.46,4.66,4.35,4.52,568037907.0,2576579164.0,0.245115261369223,4.46,4.66,4.35,4.52,1.0,1.39891246572014
600654,中安科,2026-04-15,4.5,4.73,4.38,4.41,388576393.0,1750639389.0,0.1676754367241637,4.5,4.73,4.38,4.41,1.0,0.8304007027974319
600654,中安科,2026-04-16,4.39,4.76,4.32,4.68,469122892.0,2132653030.0,0.2024322300850703,4.39,4.76,4.32,4.68,1.0,0.9512560266834041
600654,中安科,2026-04-17,4.48,4.55,4.33,4.47,346273257.0,1539126260.0,0.1494211193456973,4.48,4.55,4.33,4.47,1.0,0.7659618001961416
600654,中安科,2026-04-20,4.39,4.48,4.22,4.27,306208943.0,1312826200.0,0.1321328808731043,4.39,4.48,4.22,4.27,1.0,0.7367451572289561
600654,中安科,2026-04-21,4.27,4.28,4.03,4.08,231071132.0,943419021.0,0.099710002126781,4.27,4.28,4.03,4.08,1.0,0.5559353668084722
600654,中安科,2026-04-22,4.03,4.18,3.96,4.11,248370061.0,1009477060.0,0.1071747002587009,4.03,4.18,3.96,4.11,1.0,0.7131936474212346
600654,中安科,2026-04-23,4.04,4.09,3.87,3.89,204379628.0,803561469.0,0.0881922937156455,4.04,4.09,3.87,3.89,1.0,0.6382689554786981
600654,中安科,2026-04-24,3.86,3.86,3.71,3.75,155554450.0,585239289.0,0.067123635938782,3.86,3.86,3.71,3.75,1.0,0.5820328456774476
600654,中安科,2026-04-27,3.76,3.79,3.65,3.78,125662622.0,467201804.0,0.0542249488217198,3.76,3.79,3.65,3.78,1.0,0.5484652305098889
600654,中安科,2026-04-28,3.73,3.83,3.67,3.69,149114790.0,553825620.0,0.0643448443747378,3.73,3.83,3.67,3.69,1.0,0.7725851548504946
600654,中安科,2026-04-29,3.81,4.06,3.81,4.06,220469944.0,882218400.0,0.0951354606473788,3.81,4.06,3.81,4.06,1.0,1.2482988901214176
600654,中安科,2026-04-30,4.06,4.06,3.89,3.92,232837937.0,917756840.0,0.1004723999597894,4.06,4.06,3.89,3.92,1.0,1.3613364821949583
600654,中安科,2026-05-06,3.96,4.08,3.95,4.03,202129639.0,813303762.0,0.0872213961135373,3.96,4.08,3.95,4.03,1.0,1.1437332951648373
600654,中安科,2026-05-07,4.01,4.17,4.0,4.14,199294855.0,820367983.0,0.085998152360748,4.01,4.17,4.0,4.14,1.0,1.0712301434008802
600654,中安科,2026-05-08,4.14,4.25,4.08,4.18,198562102.0,828914005.0,0.0856819605346379,4.14,4.25,4.08,4.18,1.0,0.9890056421088762
600654,中安科,2026-05-11,4.18,4.29,4.12,4.15,202835224.0,847471203.0,0.0875258646174205,4.18,4.29,4.12,4.15,1.0,0.9628609492841763
600654,中安科,2026-05-12,4.09,4.14,4.02,4.05,165597657.0,674231389.0,0.0714574018344271,4.09,4.14,4.02,4.05,1.0,0.7994790561317523
600654,中安科,2026-05-13,4.05,4.13,3.98,4.11,119408349.0,486589143.0,0.0515261540015539,4.05,4.13,3.98,4.11,1.0,0.6165115006252605
600654,中安科,2026-05-14,4.11,4.16,3.9,3.91,116403500.0,465275824.0,0.0502295251341251,4.11,4.16,3.9,3.91,1.0,0.6571284762040502
600654,中安科,2026-05-15,3.95,4.02,3.84,3.88,96632448.0,378396872.0,0.0416980758790589,3.95,4.02,3.84,3.88,1.0,0.6018412160199453
600654,中安科,2026-05-18,3.87,3.9,3.81,3.87,76208712.0,292987702.0,0.0328849855446211,3.87,3.9,3.81,3.87,1.0,0.5436666679422112
600654,中安科,2026-05-19,3.89,4.09,3.84,3.98,131517700.0,520440716.0,0.0567514861471719,3.89,4.09,3.84,3.98,1.0,1.1451244881969367
600654,中安科,2026-05-20,3.93,3.95,3.72,3.75,126892948.0,481098073.0,0.054755849445328,3.93,3.95,3.72,3.75,1.0,1.1745633915888616
600654,中安科,2026-05-21,3.75,3.79,3.55,3.55,120643262.0,443276194.0,0.052059033971417,3.75,3.79,3.55,3.55,1.0,1.1014525034056641
600654,中安科,2026-05-22,3.59,3.61,3.52,3.58,78502600.0,279653179.0,0.0338748260988215,3.59,3.61,3.52,3.58,1.0,0.7112094695826872
600654,中安科,2026-05-25,3.59,3.63,3.5,3.53,65852640.0,233060993.0,0.0284162145986031,3.59,3.63,3.5,3.53,1.0,0.6168689649098195
600654,中安科,2026-05-26,3.5,3.51,3.38,3.45,71465500.0,245167923.0,0.0308382319128962,3.5,3.51,3.38,3.45,1.0,0.6826924978288973
600654,中安科,2026-05-27,3.41,3.47,3.31,3.34,69087100.0,233054299.0,0.0298119234034528,3.41,3.47,3.31,3.34,1.0,0.7455062452392265
600654,中安科,2026-05-28,3.35,3.44,3.33,3.41,73257107.0,247813658.0,0.0316113321103729,3.35,3.44,3.33,3.41,1.0,0.9031797304794402
600654,中安科,2026-05-29,3.42,3.43,3.26,3.28,74076400.0,246996782.0,0.0319648669983764,3.42,3.43,3.26,3.28,1.0,1.0341101302691131
600654,中安科,2026-06-01,3.29,3.36,3.25,3.33,63227008.0,210796826.0,0.0272832224760555,3.29,3.36,3.25,3.33,1.0,0.8936963866160808
600654,中安科,2026-06-02,3.35,3.36,3.19,3.24,63532834.0,206113084.0,0.0274151901123694,3.35,3.36,3.19,3.24,1.0,0.9047345611114527
600654,中安科,2026-06-03,3.22,3.29,3.21,3.24,50539977.0,164573544.0,0.0218086143887392,3.22,3.29,3.21,3.24,1.0,0.7363469735421904
600654,中安科,2026-06-04,3.21,3.28,3.15,3.18,59204801.0,189406045.0,0.0255475912656438,3.21,3.28,3.15,3.18,1.0,0.9118718914274377
600654,中安科,2026-06-05,3.18,3.23,3.11,3.18,63990175.0,203091258.0,0.0276125383128477,3.18,3.23,3.11,3.18,1.0,1.0301687946030957
600654,中安科,2026-06-08,3.12,3.17,2.99,3.02,76796200.0,235907654.0,0.0331384937575356,3.12,3.17,2.99,3.02,1.0,1.2778291217989317
600654,中安科,2026-06-09,3.05,3.08,3.01,3.05,52706400.0,160569039.0,0.022743452246103,3.05,3.08,3.01,3.05,1.0,0.8391028927490499
600654,中安科,2026-06-10,3.02,3.09,2.97,3.04,62932600.0,190350564.0,0.0271561818455273,3.02,3.09,2.97,3.04,1.0,1.0376782060367042
600654,中安科,2026-06-11,3.0,3.01,2.83,2.85,84904031.0,244989456.0,0.0366371213846924,3.0,3.01,2.83,2.85,1.0,1.344992295666939
600654,中安科,2026-06-12,2.88,2.93,2.83,2.87,69925074.0,201684260.0,0.0301735193700237,2.88,2.93,2.83,2.87,1.0,1.0243048616795705
600654,中安科,2026-06-15,2.89,3.0,2.88,2.93,55124600.0,162032117.0,0.0237869349393153,2.89,3.0,2.88,2.93,1.0,0.7936980450668548
600654,中安科,2026-06-16,2.92,2.97,2.85,2.95,52676707.0,153423083.0,0.0227306393556847,2.92,2.97,2.85,2.95,1.0,0.8089356148197485
600654,中安科,2026-06-17,2.95,2.96,2.87,2.9,41993502.0,122092740.0,0.0181207065438662,2.95,2.96,2.87,2.9,1.0,0.6449366244344735
600654,中安科,2026-06-18,2.89,2.92,2.84,2.86,46059224.0,132372411.0,0.0198751150057025,2.89,2.92,2.84,2.86,1.0,0.7560014477392606
600654,中安科,2026-06-22,2.86,2.87,2.76,2.87,60994893.0,171325825.0,0.0263200377222057,2.86,2.87,2.76,2.87,1.0,1.147473435524787
600654,中安科,2026-06-23,2.85,2.94,2.83,2.89,65775613.0,190932326.0,0.0283829765118401,2.85,2.94,2.83,2.89,1.0,1.2804338726337519
600654,中安科,2026-06-24,2.89,2.89,2.72,2.76,75450100.0,209612509.0,0.0325576352456949,2.89,2.89,2.72,2.76,1.0,1.4102825645877999
600654,中安科,2026-06-25,2.77,2.8,2.69,2.71,52811411.0,143868652.0,0.0227887657690113,2.77,2.8,2.69,2.71,1.0,0.9096841696777023
600654,中安科,2026-06-26,2.68,2.72,2.61,2.61,58274246.0,154072306.0,0.0251460454722512,2.68,2.72,2.61,2.61,1.0,0.9677173903574299
600654,中安科,2026-06-29,2.6,2.63,2.53,2.6,56385725.0,145417638.0,0.0243311257057852,2.6,2.63,2.53,2.6,1.0,0.8998499496960263
600654,中安科,2026-06-30,2.63,2.68,2.59,2.66,56787240.0,150606973.0,0.0245043843086986,2.63,2.68,2.59,2.66,1.0,0.9197890249015787
600654,中安科,2026-07-01,2.65,2.78,2.65,2.75,64112259.0,175409962.0,0.0276652190427782,2.65,2.78,2.65,2.75,1.0,1.0695761299866342
600654,中安科,2026-07-02,2.74,2.89,2.69,2.7,72045142.0,199694584.0,0.0310883544814427,2.74,2.89,2.69,2.7,1.0,1.2491750510690431
600654,中安科,2026-07-03,2.69,2.75,2.67,2.72,51608397.0,139902751.0,0.0222696506053805,2.69,2.75,2.67,2.72,1.0,0.8388755400065329
600654,中安科,2026-07-06,2.69,2.75,2.65,2.67,41350500.0,111155139.0,0.0178432433651792,2.69,2.75,2.65,2.67,1.0,0.687025154017796
600654,中安科,2026-07-07,2.65,2.67,2.56,2.57,41345500.0,107823635.0,0.0178410858044042,2.65,2.67,2.56,2.57,1.0,0.7230673025109609
600654,中安科,2026-07-08,2.57,2.63,2.52,2.61,50456899.0,130554726.0,0.0217727652219264,2.57,2.63,2.52,2.61,1.0,0.9327916063029352
600654,中安科,2026-07-09,2.62,2.64,2.52,2.6,55678017.0,143677668.0,0.024025741101597,2.62,2.64,2.52,2.6,1.0,1.0840463625760035
600654,中安科,2026-07-10,2.56,2.74,2.55,2.67,74805756.0,200188198.0,0.0322795929776959,2.56,2.74,2.55,2.67,1.0,1.5556057590299304
600654,中安科,2026-07-13,2.66,2.69,2.5,2.53,75557181.0,193665603.0,0.0326038419987641,2.66,2.69,2.5,2.53,1.0,1.432979342873817
600654,中安科,2026-07-14,2.51,2.58,2.46,2.56,51391345.0,129897253.0,0.0221759900291142,2.51,2.58,2.46,2.56,1.0,0.8627243898909505
600654,中安科,2026-07-15,2.55,2.65,2.55,2.65,65009813.0,169940244.0,0.0280525245035439,2.55,2.65,2.55,2.65,1.0,1.055733903987109
600654,中安科,2026-07-16,2.62,2.72,2.59,2.67,59389438.0,158627643.0,0.0256272643754059,2.62,2.72,2.59,2.67,1.0,0.9209317857339925
600654,中安科,2026-07-17,2.66,2.71,2.52,2.55,62709139.0,163075196.0,0.0270597557078597,2.66,2.71,2.52,2.55,1.0,0.9613438558091596
600654,中安科,2026-07-20,2.55,2.65,2.53,2.59,63754183.0,165670405.0,0.0275107048963657,2.55,2.65,2.53,2.59,1.0,1.0150100149362735
600654,中安科,2026-07-21,2.59,2.68,2.54,2.68,75779064.0,198776913.0,0.0326995872102512,2.59,2.68,2.54,2.68,1.0,1.2535662813145072
600654,中安科,2026-07-22,2.66,2.94,2.64,2.82,153343820.0,429224875.0,0.0661697222235823,2.66,2.94,2.64,2.82,1.0,2.347279137595064
600654,中安科,2026-07-23,2.76,2.84,2.76,2.81,89373795.0,249494157.0,0.0385658788806577,2.76,2.84,2.76,2.81,1.0,1.0768559106085753
600654,中安科,2026-07-24,2.76,2.81,2.7,2.79,80310120.0,221515075.0,0.0346547929492206,2.76,2.81,2.7,2.79,1.0,0.9024420152318365
600654,中安科,2026-07-27,2.79,2.83,2.74,2.82,73451767.0,206039822.0,0.0316953302664645,2.79,2.83,2.74,2.82,1.0,0.793968469653586
600654,中安科,2026-07-28,2.8,2.89,2.76,2.88,97361984.0,278035669.0,0.0420128795305664,2.8,2.89,2.76,2.88,1.0,1.0308122605869259
600654,中安科,2026-07-29,2.86,2.91,2.82,2.9,77946285.0,224241721.0,0.0336347694143147,2.86,2.91,2.82,2.9,1.0,0.7891832420899527
600654,中安科,2026-07-30,2.87,2.98,2.8,2.81,93964737.0,270584883.0,0.0405469261565413,2.87,2.98,2.8,2.81,1.0,1.1227876131969703
600654,中安科,2026-07-31,2.84,2.92,2.83,2.89,84008939.0,242805641.0,0.0362508783068523,2.84,2.92,2.83,2.89,1.0,0.9929315570666177
600654,中安科,2026-08-03,2.88,2.93,2.87,2.93,50475325.0,146641098.0,0.0217807162648944,2.88,2.93,2.87,2.93,1.0,0.5914147814035372
600654,中安科,2026-08-04,2.95,3.0,2.95,2.96,65759426.0,195622617.0,0.0283759916245872,2.95,3.0,2.95,2.96,1.0,0.8143435534919284
600654,中安科,2026-08-05,2.97,3.02,2.94,2.98,69877300.0,208305151.0,0.0301529043083309,2.97,3.02,2.94,2.98,1.0,0.9388205730954173
600654,中安科,2026-08-06,2.97,3.0,2.91,2.97,68605550.0,202885957.0,0.0296041287252142,2.97,3.0,2.91,2.97,1.0,0.9421620364700536
600654,中安科,2026-08-07,3.1,3.23,2.91,2.99,158325078.0,478237897.0,0.0683191955977554,3.1,3.23,2.91,2.99,1.0,2.337063372713576
600654,中安科,2026-08-10,2.91,2.99,2.85,2.97,99525443.0,292487613.0,0.0429464383859028,2.91,2.99,2.85,2.97,1.0,1.2047840097415212
600654,中安科,2026-08-11,2.95,3.04,2.93,3.01,86723996.0,260614918.0,0.0374224584038604,2.95,3.04,2.93,3.01,1.0,0.9383829023415831
600654,中安科,2026-08-12,2.98,3.06,2.97,3.03,67211600.0,203033677.0,0.029002622356757,2.98,3.06,2.97,3.03,1.0,0.695689628101666
600654,中安科,2026-08-13,3.03,3.08,2.95,2.95,72047300.0,217634907.0,0.0310892856846731,3.03,3.08,2.95,2.95,1.0,0.7498808258886805
600654,中安科,2026-08-14,2.96,2.98,2.87,2.93,62617445.0,182931418.0,0.0270201886323194,2.96,2.98,2.87,2.93,1.0,0.6470971495546782
600654,中安科,2026-08-17,2.92,2.96,2.87,2.95,45991166.0,134172532.0,0.0198457471514578,2.92,2.96,2.87,2.95,1.0,0.5924775922642646
600654,中安科,2026-08-18,2.93,2.97,2.88,2.91,54347898.0,158123589.0,0.0234517785855053,2.93,2.97,2.88,2.91,1.0,0.8121529815160551
600654,中安科,2026-08-19,2.89,2.92,2.79,2.8,56263300.0,159844820.0,0.0242782978302097,2.89,2.92,2.79,2.8,1.0,0.9308476392082311
600654,中安科,2026-08-20,2.8,2.87,2.8,2.85,36902898.0,104815091.0,0.0159240490415928,2.8,2.87,2.8,2.85,1.0,0.6334889326621497
600654,中安科,2026-08-21,2.84,2.86,2.79,2.85,30902699.0,87431615.0,0.0133348902406955,2.84,2.86,2.79,2.85,1.0,0.6032791735252119
600654,中安科,2026-08-24,2.85,2.9,2.83,2.87,39487897.0,113086400.0,0.0170395075307464,2.85,2.9,2.83,2.87,1.0,0.8798238891355552
600654,中安科,2026-08-25,2.86,3.04,2.84,2.97,67954603.0,200430748.0,0.0293232371824558,2.86,3.04,2.84,2.97,1.0,1.5592735148630945
600654,中安科,2026-08-26,2.95,3.02,2.93,3.0,57362008.0,171838491.0,0.0247524036870015,2.95,3.02,2.93,3.0,1.0,1.238859268772846
600654,中安科,2026-08-27,3.1,3.3,3.05,3.3,101254249.0,326401385.0,0.0436924391885335,3.1,3.3,3.05,3.3,1.0,2.1764800157757547
600654,中安科,2026-08-28,3.63,3.63,3.62,3.63,116595253.0,423233989.0,0.0503122688843821,3.63,3.63,3.62,3.63,1.0,1.9631378188016426
600654,中安科,2026-08-31,3.41,3.49,3.28,3.36,273177767.0,916902253.0,0.1178795269352784,3.41,3.49,3.28,3.36,1.0,3.5695139716424245
600654,中安科,2026-09-01,3.34,3.58,3.34,3.49,223156274.0,771806983.0,0.0962946446947104,3.34,3.58,3.34,3.49,1.0,1.8103227860395077
600654,中安科,2026-09-02,3.4,3.46,3.3,3.32,148294573.0,495322008.0,0.0639909107695031,3.4,3.46,3.3,3.32,1.0,0.9610227990284919
600654,中安科,2026-09-03,3.37,3.39,3.21,3.23,98938959.0,323069950.0,0.0426933634111919,3.37,3.39,3.21,3.23,1.0,0.5735737357537777
600654,中安科,2026-09-04,3.25,3.35,3.23,3.26,101287596.0,333676271.0,0.0437068288243662,3.25,3.35,3.23,3.26,1.0,0.5887698987819313
600654,中安科,2026-09-07,3.22,3.25,3.18,3.22,69924514.0,223732549.0,0.0301732777232169,3.22,3.25,3.18,3.22,1.0,0.41382544941261995
600654,中安科,2026-09-08,3.2,3.26,3.17,3.25,65507719.0,211864653.0,,3.2,3.26,3.17,3.25,1.0,0.510501273191335
600654,中安科,2026-09-09,3.23,3.24,3.16,3.2,56581228.0,180178060.0,,3.23,3.24,3.16,3.2,1.0,0.584573148568339
600654,中安科,2026-09-10,3.18,3.18,3.14,3.16,40500200.0,128041585.0,,3.18,3.18,3.14,3.16,1.0,0.5162680801032804
600969,郴电国际,2026-03-20,10.08,10.28,9.93,9.97,9076793.0,92545578.0,0.0245285262213033,10.21,10.42,10.06,10.1,0.9871287128712872,0.9636030842286648
600969,郴电国际,2026-03-23,9.81,9.96,9.51,9.59,13723000.0,135494770.0,0.0370841293103132,9.94,10.09,9.64,9.72,0.986625514403292,1.5266067544433846
600969,郴电国际,2026-03-24,9.77,10.22,9.67,10.21,14021820.0,141425294.0,0.0378916407524547,9.9,10.35,9.8,10.34,0.9874274661508704,1.4483182951577127
600969,郴电国际,2026-03-25,10.22,10.81,10.17,10.62,18536218.0,198570173.0,0.0500910519009076,10.35,10.95,10.3,10.76,0.986988847583643,1.8119149248304616
600969,郴电国际,2026-03-26,10.71,10.71,10.39,10.62,15325345.0,164114652.0,0.0414142006634965,10.85,10.85,10.53,10.76,0.986988847583643,1.2266100140604361
600969,郴电国际,2026-03-27,10.51,10.8,10.38,10.59,11949700.0,128049971.0,0.0322920804502987,10.65,10.94,10.52,10.73,0.9869524697110904,0.8453001602531274
600969,郴电国际,2026-03-30,10.38,10.58,9.88,10.13,15096760.0,154550734.0,0.0407964876489663,10.52,10.72,10.01,10.26,0.9873294346978558,1.0262074450049223
600969,郴电国际,2026-03-31,10.23,10.23,9.75,9.77,10523200.0,105747582.0,0.0284372010171455,10.36,10.36,9.88,9.9,0.9868686868686868,0.7022035265708484
600969,郴电国际,2026-04-01,9.95,9.96,9.51,9.59,12373500.0,120963467.0,0.0334373295941966,10.08,10.09,9.64,9.72,0.986625514403292,0.8661128481588507
600969,郴电国际,2026-04-02,9.53,9.75,9.34,9.4,8303600.0,79694743.0,0.0224391004985146,9.66,9.88,9.46,9.52,0.9873949579831932,0.6361107857457436
600969,郴电国际,2026-04-03,9.44,9.44,8.81,8.92,10482127.0,95807641.0,0.0283262080532774,9.56,9.56,8.93,9.04,0.9867256637168142,0.899803439710638
600969,郴电国际,2026-04-07,9.11,9.3,8.98,9.19,8952140.0,82920040.0,0.0241916721827608,9.23,9.42,9.1,9.31,0.987110633727175,0.788329357375265
600969,郴电国际,2026-04-08,9.31,9.56,9.23,9.53,7669800.0,73304857.0,0.020726361217244,9.43,9.69,9.35,9.66,0.9865424430641822,0.7573679853922716
600969,郴电国际,2026-04-09,9.57,9.57,9.21,9.24,6805647.0,64063915.0,0.0183911311949533,9.7,9.7,9.33,9.36,0.9871794871794872,0.7121683528575181
600969,郴电国际,2026-04-10,9.27,9.48,9.23,9.28,6535700.0,61713453.0,0.0176616442420326,9.39,9.6,9.35,9.4,0.9872340425531914,0.774127802427452
600969,郴电国际,2026-04-13,9.28,9.82,9.21,9.82,13574120.0,132319895.0,0.0366818058262558,9.4,9.95,9.33,9.95,0.9869346733668344,1.678079002974231
600969,郴电国际,2026-04-14,9.87,10.26,9.79,10.06,12726860.0,129026907.0,0.0343922263320158,10.0,10.4,9.92,10.19,0.9872423945044162,1.461600595552234
600969,郴电国际,2026-04-15,10.06,10.12,9.81,9.84,8876860.0,89040943.0,0.0239882404801827,10.19,10.25,9.94,9.97,0.9869608826479438,0.9381167750078114
600969,郴电国际,2026-04-16,9.84,9.89,9.66,9.72,7665660.0,75645151.0,0.0207151735545358,9.97,10.02,9.79,9.85,0.9868020304568528,0.7899617114359315
600969,郴电国际,2026-04-17,9.72,9.78,9.64,9.71,5944380.0,58452046.0,0.0160637001085505,9.85,9.91,9.77,9.84,0.986788617886179,0.6019113310867734
600969,郴电国际,2026-04-20,9.73,10.1,9.68,10.03,9105320.0,91586723.0,0.0246056157029644,9.86,10.23,9.81,10.16,0.9872047244094488,0.9331538898595307
600969,郴电国际,2026-04-21,9.98,10.2,9.9,10.11,7732040.0,78884494.0,0.0208945544846254,10.11,10.33,10.03,10.24,0.9873046875,0.8723150390305936
600969,郴电国际,2026-04-22,10.12,10.41,10.06,10.16,10746900.0,111474454.0,0.0290417131301468,10.25,10.55,10.19,10.29,0.9873663751214772,1.3664465650466149
600969,郴电国际,2026-04-23,10.16,10.16,9.86,10.01,9393400.0,95103085.0,0.0253841040780803,10.29,10.29,9.99,10.14,0.9871794871794872,1.140133465066769
600969,郴电国际,2026-04-24,10.21,10.24,9.91,9.97,8798648.0,89572115.0,0.0237768855343531,10.34,10.37,10.04,10.1,0.9871287128712872,1.0249568753022922
600969,郴电国际,2026-04-27,9.89,10.26,9.81,10.05,10822080.0,110124946.0,0.0292448745993262,10.02,10.39,9.94,10.18,0.987229862475442,1.1820612531705266
600969,郴电国际,2026-04-28,9.97,10.06,9.6,9.69,13050520.0,129494396.0,0.0352668637504065,10.1,10.19,9.73,9.82,0.9867617107942972,1.3739394557538376
600969,郴电国际,2026-04-29,9.62,10.01,9.62,9.85,9053100.0,90684517.0,0.0244644998221377,9.75,10.14,9.75,9.98,0.9869739478957916,0.8571136752136105
600969,郴电国际,2026-04-30,9.94,9.99,9.76,9.8,7423520.0,74070158.0,0.0200608304028052,10.07,10.12,9.89,9.93,0.986908358509567,0.7261196248316729
600969,郴电国际,2026-05-06,9.9,10.01,9.85,9.92,8521006.0,85679645.0,0.0230266041213987,10.03,10.14,9.98,10.05,0.9870646766169152,0.8668744288155084
600969,郴电国际,2026-05-07,9.97,10.92,9.85,10.8,38194363.0,407866781.0,0.103213925265397,10.1,11.06,9.98,10.94,0.987202925045704,3.9077334121597884
600969,郴电国际,2026-05-08,10.66,11.49,10.62,11.07,35921100.0,405770716.0,0.0970708093979955,10.8,11.64,10.76,11.22,0.9866310160427808,2.355713398676321
600969,郴电国际,2026-05-11,11.07,11.45,11.01,11.1,20571940.0,233813281.0,0.0555922526505869,11.22,11.6,11.15,11.25,0.9866666666666666,1.0378013745490264
600969,郴电国际,2026-05-12,11.07,11.29,10.97,11.02,13603964.0,153087121.0,0.0367624542817784,11.22,11.44,11.11,11.16,0.9874551971326164,0.6148299194891558
600969,郴电国际,2026-05-13,11.02,11.23,10.64,10.9,16737528.0,185224190.0,0.0452303907809508,11.16,11.38,10.78,11.04,0.9873188405797102,0.716427873612327
600969,郴电国际,2026-05-14,11.0,11.02,10.5,10.5,15394540.0,166534768.0,0.0416011886637608,11.14,11.16,10.64,10.64,0.986842105263158,0.6156392888219959
600969,郴电国际,2026-05-15,10.39,10.56,10.08,10.28,11487596.0,119682649.0,0.0310433211053441,10.53,10.7,10.21,10.42,0.9865642994241842,0.561855633395557
600969,郴电国际,2026-05-18,10.2,10.96,10.17,10.59,16890221.0,182703390.0,0.0456430182645025,10.33,11.1,10.3,10.73,0.9869524697110904,1.0855516216553622
600969,郴电国际,2026-05-19,10.6,10.78,10.48,10.69,10444740.0,112562404.0,0.0282251758924871,10.74,10.92,10.62,10.83,0.9870729455216988,0.7046415845977719
600969,郴电国际,2026-05-20,10.66,10.66,10.24,10.39,11910280.0,125030000.0,0.0321855544445119,10.8,10.8,10.37,10.53,0.9867046533713202,0.8392884889462808
600969,郴电国际,2026-05-21,10.31,10.54,9.98,10.03,13295787.0,138515367.0,0.035929657100516,10.45,10.68,10.11,10.16,0.9872047244094488,1.0053163759996104
600969,郴电国际,2026-05-22,10.03,10.28,9.96,10.19,9262396.0,94753750.0,0.0250300875163833,10.16,10.42,10.09,10.32,0.9874031007751938,0.7233011910423063
600969,郴电国际,2026-05-25,10.2,11.2,10.07,11.2,24852351.0,270075152.0,0.0671593527763093,10.33,11.35,10.2,11.35,0.986784140969163,2.010596613546848
600969,郴电国际,2026-05-26,11.28,11.9,11.2,11.84,41588918.0,491880081.0,0.1123871466142981,11.43,12.06,11.35,12.0,0.9866666666666668,2.9806197769174165
600969,郴电国际,2026-05-27,11.85,12.04,11.64,11.9,24180870.0,290396938.0,0.0653447868480561,12.01,12.2,11.79,12.06,0.9867330016583749,1.198143604226399
600969,郴电国际,2026-05-28,11.84,12.34,11.73,11.91,27828287.0,338867919.0,0.0752013257737017,12.0,12.5,11.88,12.07,0.9867439933719968,1.2293783277980073
600969,郴电国际,2026-05-29,11.93,12.16,11.66,11.68,22127320.0,266735366.0,0.0597954088880478,12.09,12.32,11.81,11.83,0.9873203719357564,0.8662920313514019
600969,郴电国际,2026-06-01,11.51,11.68,10.86,11.26,23778995.0,270732200.0,0.0642587863768339,11.66,11.83,11.0,11.41,0.9868536371603857,0.8457595770528289
600969,郴电国际,2026-06-02,11.35,11.44,10.79,11.04,15079341.0,168681780.0,0.0407494156932382,11.5,11.59,10.93,11.19,0.9865951742627346,0.540461163982008
600969,郴电国际,2026-06-03,10.99,11.34,10.74,11.11,17828900.0,199637362.0,0.0481796424295448,11.13,11.49,10.88,11.26,0.9866785079928952,0.788925594310245
600969,郴电国际,2026-06-04,10.88,11.0,10.62,10.71,15128525.0,164949678.0,0.0408823272880788,11.02,11.14,10.76,10.85,0.9870967741935484,0.7093080311071601
600969,郴电国际,2026-06-05,10.66,10.7,10.2,10.29,13014220.0,136500890.0,0.0351687690266607,10.8,10.84,10.33,10.43,0.9865771812080536,0.6926651681777395
600969,郴电国际,2026-06-08,9.95,10.26,9.49,9.57,14639020.0,146033489.0,0.039559521289533,10.08,10.39,9.61,9.7,0.98659793814433,0.8628447058122057
600969,郴电国际,2026-06-09,9.7,9.78,9.35,9.56,9432980.0,89648758.0,0.0254910624573051,9.7,9.78,9.35,9.56,1.0,0.6231324648065162
600969,郴电国际,2026-06-10,9.47,9.47,9.13,9.33,8833740.0,82158685.0,0.0238717158386421,9.47,9.47,9.13,9.33,1.0,0.630588256793318
600969,郴电国际,2026-06-11,9.25,9.85,9.09,9.55,13786399.0,130458671.0,0.037255454582786,9.25,9.85,9.09,9.55,1.0,1.129135227516293
600969,郴电国际,2026-06-12,9.86,10.15,9.3,9.34,14361399.0,138721397.0,0.0388092966255923,9.86,10.15,9.3,9.34,1.0,1.2026691327803123
600969,郴电国际,2026-06-15,9.33,9.4,9.17,9.23,10410040.0,96440010.0,0.0281314049031212,9.33,9.4,9.17,9.23,1.0,0.8525337221243428
600969,郴电国际,2026-06-16,9.2,9.26,9.03,9.05,9023700.0,82265839.0,0.0243850512029056,9.2,9.26,9.03,9.05,1.0,0.7939964970779008
600969,郴电国际,2026-06-17,9.03,9.09,8.73,8.78,10572900.0,93694902.0,0.0285715070163237,9.03,9.09,8.73,8.78,1.0,0.9370599928622172
600969,郴电国际,2026-06-18,8.7,8.81,8.5,8.56,9186900.0,79202345.0,0.0248260721096638,8.7,8.81,8.5,8.56,1.0,0.7898709295410954
600969,郴电国际,2026-06-22,8.55,8.62,8.33,8.45,10228760.0,86196903.0,0.0276415257978692,8.55,8.62,8.33,8.45,1.0,0.9549782140541696
600969,郴电国际,2026-06-23,8.43,8.66,8.4,8.51,8224700.0,70355489.0,0.0222258863469017,8.43,8.66,8.4,8.51,1.0,0.8320838973499817
600969,郴电国际,2026-06-24,8.47,8.49,7.99,8.09,9036524.0,73430224.0,0.0244197059339611,8.47,8.49,7.99,8.09,1.0,0.9565099024153968
600969,郴电国际,2026-06-25,8.03,8.05,7.73,7.8,9531800.0,74672892.0,0.0257581071019488,8.03,8.05,7.73,7.8,1.0,1.0086606956764077
600969,郴电国际,2026-06-26,7.84,7.9,7.59,7.63,8130020.0,62602678.0,0.0219700293649663,7.84,7.9,7.59,7.63,1.0,0.879706939933628
600969,郴电国际,2026-06-29,7.48,7.7,7.36,7.59,8274040.0,62381278.0,0.0223592195058445,7.48,7.7,7.36,7.59,1.0,0.9162468901574785
600969,郴电国际,2026-06-30,7.6,7.68,7.48,7.63,7127302.0,53994016.0,0.0192603504336992,7.6,7.68,7.48,7.63,1.0,0.8249748987686297
600969,郴电国际,2026-07-01,7.63,7.79,7.62,7.69,8004017.0,61753401.0,0.0216295271755407,7.63,7.79,7.62,7.69,1.0,0.9506029332380295
600969,郴电国际,2026-07-02,7.68,8.11,7.67,7.84,12410400.0,98224298.0,0.033537045718335,7.68,8.11,7.67,7.84,1.0,1.5109876429544868
600969,郴电国际,2026-07-03,7.82,8.22,7.77,8.04,11318640.0,90303111.0,0.0305867455641538,7.82,8.22,7.77,8.04,1.0,1.2877960361107719
600969,郴电国际,2026-07-06,8.08,8.25,7.75,7.78,8887080.0,70581814.0,0.0240158583335348,8.08,8.25,7.75,7.78,1.0,0.9427382324319017
600969,郴电国际,2026-07-07,7.75,7.76,7.39,7.47,7496800.0,56198574.0,0.0202588574374084,7.75,7.76,7.39,7.47,1.0,0.7850473404447932
600969,郴电国际,2026-07-08,7.39,7.48,7.31,7.34,4691615.0,34588044.0,0.0126783106707137,7.39,7.48,7.31,7.34,1.0,0.48752220034288546
600969,郴电国际,2026-07-09,7.25,7.38,7.07,7.28,6633400.0,47864683.0,0.0179256622726103,7.25,7.38,7.07,7.28,1.0,0.7402598866387075
600969,郴电国际,2026-07-10,7.28,7.57,7.18,7.43,6664357.0,49577704.0,0.018009318425861,7.28,7.57,7.18,7.43,1.0,0.8538019375294904
600969,郴电国际,2026-07-13,7.43,7.51,7.2,7.27,5903280.0,43022343.0,0.0159526341816647,7.43,7.51,7.2,7.27,1.0,0.8587025748974813
600969,郴电国际,2026-07-14,7.2,7.46,7.18,7.45,6780997.0,49952726.0,0.0183245186621617,7.2,7.46,7.18,7.45,1.0,1.0801394366489736
600969,郴电国际,2026-07-15,7.7,8.03,7.62,7.75,10533300.0,81919770.0,0.0284644945904191,7.7,8.03,7.62,7.75,1.0,1.7169949359464862
600969,郴电国际,2026-07-16,7.71,8.06,7.69,7.85,10221340.0,80730009.0,0.027621474479682,7.71,8.06,7.69,7.85,1.0,1.3995955781206877
600969,郴电国际,2026-07-17,7.88,8.28,7.84,8.09,23271003.0,187977940.0,0.0628860223298613,7.88,8.28,7.84,8.09,1.0,2.9013844355949594
600969,郴电国际,2026-07-20,7.96,8.9,7.72,8.87,30899127.0,256870810.0,0.0834997610758428,7.96,8.9,7.72,8.87,1.0,2.7243141058918794
600969,郴电国际,2026-07-21,8.55,8.56,7.98,8.23,26233724.0,215335689.0,0.0708922839836091,8.55,8.56,7.98,8.23,1.0,1.6053777452453264
600969,郴电国际,2026-07-22,8.01,8.43,8.0,8.27,17037162.0,139041388.0,0.0460401019229581,8.01,8.43,8.0,8.27,1.0,0.8421023942883135
600969,郴电国际,2026-07-23,8.14,8.3,7.9,8.19,14659461.0,118910717.0,0.0396147596985712,8.14,8.3,7.9,8.19,1.0,0.6808071801809724
600969,郴电国际,2026-07-24,8.06,8.14,7.69,7.71,11475534.0,90473676.0,0.031010725552787,8.06,8.14,7.69,7.71,1.0,0.5118414438147306
600969,郴电国际,2026-07-27,7.66,8.14,7.62,8.08,11944200.0,95228889.0,0.0322772176133675,7.66,8.14,7.62,8.08,1.0,0.5953940006664472
600969,郴电国际,2026-07-28,8.08,8.3,7.98,8.19,10411720.0,84840771.0,0.0281359448242202,8.08,8.3,7.98,8.19,1.0,0.6399329829800662
600969,郴电国际,2026-07-29,8.11,8.29,8.02,8.23,10617399.0,86815684.0,0.028691758176433,8.11,8.29,8.02,8.23,1.0,0.8101412009999927
600969,郴电国际,2026-07-30,8.19,8.33,8.04,8.07,8112440.0,66127561.0,0.0219225223334662,8.19,8.33,8.04,8.07,1.0,0.6862351039144848
600969,郴电国际,2026-07-31,8.0,8.23,8.0,8.16,6373000.0,52005505.0,0.0172219745022681,8.0,8.23,8.0,8.16,1.0,0.6062445990436347
600969,郴电国际,2026-08-03,8.17,8.36,8.16,8.33,7338140.0,60833144.0,0.0198301051269534,8.17,8.36,8.16,8.33,1.0,0.7731070254070486
600969,郴电国际,2026-08-04,8.39,8.44,8.25,8.32,7514600.0,62546883.0,0.0203069589823857,8.39,8.44,8.25,8.32,1.0,0.8767942481289217
600969,郴电国际,2026-08-05,8.37,8.37,8.16,8.23,7867500.0,64710321.0,0.0212606126465706,8.37,8.37,8.16,8.23,1.0,0.9845308461178851
600969,郴电国际,2026-08-06,8.18,8.26,8.11,8.26,8534085.0,69746790.0,0.0230619479476211,8.18,8.26,8.11,8.26,1.0,1.1468793205768582
600969,郴电国际,2026-08-07,8.28,8.3,8.1,8.29,6893680.0,56530601.0,0.018629025762874,8.28,8.3,8.1,8.29,1.0,0.9160470482554899
600969,郴电国际,2026-08-10,8.29,8.62,8.28,8.6,11608682.0,98517907.0,0.0313705359185532,8.29,8.62,8.28,8.6,1.0,1.5215319909914031
600969,郴电国际,2026-08-11,8.59,8.82,8.44,8.59,9602780.0,82747320.0,0.0259499187683808,8.59,8.82,8.44,8.59,1.0,1.1319081721493194
600969,郴电国际,2026-08-12,8.57,8.68,8.46,8.63,7018180.0,60186670.0,0.0189654663443164,8.57,8.68,8.46,8.63,1.0,0.7884403631837497
600969,郴电国际,2026-08-13,8.59,8.73,8.5,8.63,8717700.0,75268673.0,0.0235581370027339,8.59,8.73,8.5,8.63,1.0,0.9984216424030863
600969,郴电国际,2026-08-14,8.65,8.92,8.49,8.75,12668280.0,110382903.0,0.0342339236070287,8.65,8.92,8.49,8.75,1.0,1.4447975231964254
600969,郴电国际,2026-08-17,8.65,9.2,8.51,9.08,16435609.0,147444775.0,0.0444145048057821,8.65,9.2,8.51,9.08,1.0,1.656293757639479
600969,郴电国际,2026-08-18,9.06,9.06,8.83,8.91,7862000.0,70218054.0,0.0212457498096394,9.06,9.06,8.83,8.91,1.0,0.7220455456631907
600969,郴电国际,2026-08-19,8.81,8.88,8.56,8.57,6497700.0,56216153.0,0.017558955550508,8.81,8.88,8.56,8.57,1.0,0.6164593829857968
600969,郴电国际,2026-08-20,8.66,8.75,8.57,8.59,4565700.0,39438609.0,0.012338046286679,8.66,8.75,8.57,8.59,1.0,0.4374844017364155
600969,郴电国际,2026-08-21,8.52,8.79,8.42,8.68,7476800.0,64578015.0,0.0202048107576586,8.52,8.79,8.42,8.68,1.0,0.7783583887739832
600969,郴电国际,2026-08-24,8.75,8.76,8.37,8.56,6207140.0,53080363.0,0.0167737653871032,8.75,8.76,8.37,8.56,1.0,0.724493169106758
600969,郴电国际,2026-08-25,8.45,8.67,8.45,8.64,5423400.0,46785824.0,0.0146558381477485,8.45,8.67,8.45,8.64,1.0,0.8315715681458135
600969,郴电国际,2026-08-26,8.61,9.5,8.58,9.5,16398381.0,151658055.0,0.0443139023160958,8.61,9.5,8.58,9.5,1.0,2.717596751024337
600969,郴电国际,2026-08-27,9.48,10.45,9.28,10.45,36740346.0,367645166.0,0.09928468570791,9.48,10.45,9.28,10.45,1.0,4.584357764602358
600969,郴电国际,2026-08-28,10.31,10.51,9.96,10.09,43737155.0,445303085.0,0.1181924004725798,10.31,10.51,9.96,10.09,1.0,3.026957508981077
600969,郴电国际,2026-08-31,9.89,10.29,9.75,9.81,24580328.0,242369726.0,0.0664242557780305,9.89,10.29,9.75,9.81,1.0,1.132666967859285
600969,郴电国际,2026-09-01,9.81,10.64,9.79,10.29,37343404.0,383900547.0,0.1009143498377372,9.81,10.64,9.79,10.29,1.0,1.471607770547214
600969,郴电国际,2026-09-02,10.15,10.25,9.67,9.73,26734576.0,262520649.0,0.072245753365911,10.15,10.25,9.67,9.73,1.0,0.8417708118610414
600969,郴电国际,2026-09-03,9.9,10.7,9.9,10.7,19325240.0,201792173.0,0.0522232528683843,9.9,10.7,9.9,10.7,1.0,0.5712935691814381
600969,郴电国际,2026-09-04,10.42,10.57,10.15,10.18,34816040.0,360832875.0,0.0940845682017808,10.42,10.57,10.15,10.18,1.0,1.1473727484639984
600969,郴电国际,2026-09-07,10.15,10.45,9.96,10.27,24023200.0,246221545.0,0.0649187098482487,10.15,10.45,9.96,10.27,1.0,0.8411508862336493
600969,郴电国际,2026-09-08,10.32,11.18,10.15,10.72,31551650.0,334499141.0,,10.32,11.18,10.15,10.72,1.0,1.1090798767119185
600969,郴电国际,2026-09-09,10.45,11.57,10.21,11.13,38566583.0,415495592.0,,10.45,11.57,10.21,11.13,1.0,1.413205696421974
600969,郴电国际,2026-09-10,10.62,11.5,10.51,10.72,34699296.0,379923582.0,,10.62,11.5,10.51,10.72,1.0,1.1700384791314142
601872,招商轮船,2026-03-20,17.37,17.5,16.33,16.52,187448692.0,3221641077.0,0.0232147870684585,17.64,17.78,16.59,16.78,0.9845053635280094,0.9229167819130832
601872,招商轮船,2026-03-23,16.93,17.56,16.44,16.74,188887185.0,3235781417.0,0.0233929387980767,17.2,17.84,16.7,17.0,0.9847058823529412,0.9052025266550102
601872,招商轮船,2026-03-24,17.18,18.16,16.75,17.82,245978803.0,4378938990.0,0.0304635123034056,17.45,18.45,17.01,18.1,0.9845303867403314,1.2224211394285527
601872,招商轮船,2026-03-25,18.12,18.24,16.8,17.14,224006621.0,3976727257.0,0.0277423435338769,18.41,18.53,17.07,17.41,0.9844916714531878,1.011178645857052
601872,招商轮船,2026-03-26,16.93,17.12,16.35,16.43,156472775.0,2652108152.0,0.0193785409483455,17.2,17.39,16.61,16.69,0.9844218094667464,0.7265798618227582
601872,招商轮船,2026-03-27,16.46,17.42,16.05,16.83,153691404.0,2611725216.0,0.0190340790327437,16.72,17.69,16.3,17.1,0.9842105263157892,0.7663158752046717
601872,招商轮船,2026-03-30,16.76,17.03,16.34,16.77,123229068.0,2089830761.0,0.015261437909978,17.02,17.3,16.6,17.03,0.9847328244274808,0.6358327646896312
601872,招商轮船,2026-03-31,17.05,17.1,15.67,16.11,151989625.0,2500072594.0,0.018823320362192,17.32,17.37,15.92,16.36,0.984718826405868,0.8412287664028766
601872,招商轮船,2026-04-01,16.42,17.72,16.42,17.72,196844026.0,3523412682.0,0.0243783624229723,16.68,18.0,16.68,18.0,0.9844444444444445,1.2160030967933506
601872,招商轮船,2026-04-02,17.87,19.49,17.86,19.17,329987622.0,6428486573.0,0.0408676758328992,18.15,19.8,18.14,19.47,0.984591679506934,2.1092832709007663
601872,招商轮船,2026-04-03,19.74,20.98,19.74,20.07,212553429.0,4358551773.0,0.0263239105179016,20.05,21.31,20.05,20.39,0.9843060323688082,1.111981506050047
601872,招商轮船,2026-04-07,20.44,20.64,19.67,19.95,169543711.0,3464258835.0,0.0209973252289286,20.76,20.97,19.98,20.26,0.9846989141164856,0.8355168589606167
601872,招商轮船,2026-04-08,18.89,20.94,18.75,19.85,267232539.0,5433812429.0,0.0330957043469182,19.19,21.27,19.05,20.16,0.984623015873016,1.259439631386622
601872,招商轮船,2026-04-09,20.01,20.43,18.57,19.44,200280645.0,3936070533.0,0.024803974239567,20.33,20.75,18.86,19.75,0.9843037974683544,0.8514165548651813
601872,招商轮船,2026-04-10,19.3,19.44,18.41,18.78,224686622.0,4284133408.0,0.0278265589970679,19.6,19.75,18.7,19.08,0.9842767295597484,0.9523864582924596
601872,招商轮船,2026-04-13,18.41,18.63,17.77,17.94,177940848.0,3268935182.0,0.0220372777906657,18.7,18.92,18.05,18.22,0.9846322722283206,0.8281734797000904
601872,招商轮船,2026-04-14,17.92,18.73,17.53,18.24,207441990.0,3799575830.0,0.025690878797422,18.2,19.03,17.81,18.53,0.9843497031840256,0.9976200324989979
601872,招商轮船,2026-04-15,17.9,18.8,17.67,18.15,138348980.0,2577433611.0,0.0171339798510753,18.18,19.1,17.95,18.44,0.9842733188720172,0.6419413896944687
601872,招商轮船,2026-04-16,18.28,18.4,17.72,17.8,117155669.0,2141262591.0,0.0145092712073862,18.57,18.69,18.0,18.08,0.9845132743362832,0.6174543164021287
601872,招商轮船,2026-04-17,17.71,18.37,17.52,18.26,141336429.0,2580855609.0,0.01750396372065,17.99,18.66,17.8,18.55,0.9843665768194072,0.8164317042898056
601872,招商轮船,2026-04-20,18.05,18.81,17.85,18.78,157766654.0,2962335089.0,0.019538782799899,18.33,19.11,18.13,19.08,0.9842767295597484,1.0084494399427184
601872,招商轮船,2026-04-21,18.79,19.42,18.35,18.79,156075733.0,2981361354.0,0.0193293688501629,19.09,19.73,18.64,19.09,0.9842849659507596,1.0240521615202427
601872,招商轮船,2026-04-22,18.59,18.68,17.11,17.68,229376449.0,4113669355.0,0.0284073757210006,18.88,18.97,17.38,17.96,0.9844097995545656,1.6137736439386556
601872,招商轮船,2026-04-23,17.03,17.6,16.98,17.25,143078903.0,2501776261.0,0.0177197623077232,17.3,17.88,17.25,17.52,0.9845890410958904,0.8923347364500331
601872,招商轮船,2026-04-24,17.17,17.33,16.64,17.16,142876774.0,2466351002.0,0.017694729421949,17.44,17.6,16.9,17.43,0.9845094664371772,0.8631638199838072
601872,招商轮船,2026-04-27,17.13,17.39,16.72,16.92,108570328.0,1871260104.0,0.0134460103166401,17.4,17.66,16.98,17.19,0.9842931937172776,0.6546892499576865
601872,招商轮船,2026-04-28,16.92,17.16,16.4,16.54,111438620.0,1887810840.0,0.0138012370579937,17.19,17.43,16.66,16.8,0.9845238095238096,0.7143701058398957
601872,招商轮船,2026-04-29,16.88,17.43,16.74,17.34,123680032.0,2156798239.0,0.0153172880368785,17.15,17.71,17.0,17.61,0.9846678023850084,0.8409705126848388
601872,招商轮船,2026-04-30,16.93,17.65,16.62,17.33,117727798.0,2054607603.0,0.014580127145451,17.2,17.93,16.88,17.6,0.9846590909090908,0.9348749067523652
601872,招商轮船,2026-05-06,17.85,18.43,16.83,18.35,217357088.0,3925260126.0,0.0269188248896407,18.13,18.72,17.1,18.64,0.9844420600858368,1.7984395769293264
601872,招商轮船,2026-05-07,18.2,19.21,17.44,18.14,264758031.0,4897320897.0,0.0327892462131949,18.49,19.51,17.72,18.43,0.9842647856755292,1.9502668286289033
601872,招商轮船,2026-05-08,17.81,19.55,17.81,19.19,239805488.0,4585543912.0,0.029698971395158,18.09,19.86,18.09,19.49,0.9846074910210366,1.4360270993502455
601872,招商轮船,2026-05-11,18.7,18.7,17.62,18.08,237182948.0,4329417983.0,0.0293741800774436,19.0,19.0,17.9,18.37,0.98421339139902,1.2310596204272541
601872,招商轮船,2026-05-12,17.87,18.36,17.43,17.51,130360701.0,2346975067.0,0.016144662752888,18.15,18.65,17.7,17.79,0.9842608206857788,0.6052976663282574
601872,招商轮船,2026-05-13,17.66,18.16,17.54,17.72,129806764.0,2354300974.0,0.0160760598228428,17.94,18.45,17.82,18.0,0.9844444444444445,0.5957366810572995
601872,招商轮船,2026-05-14,17.43,18.59,17.24,17.72,184502792.0,3368036565.0,0.0228499488799638,17.71,18.88,17.51,18.0,0.9844444444444445,0.9207517038499471
601872,招商轮船,2026-05-15,17.62,17.7,16.99,17.17,117786054.0,2074590762.0,0.0145873419231111,17.9,17.98,17.26,17.44,0.9845183486238532,0.6389895462093798
601872,招商轮船,2026-05-18,16.39,16.93,16.15,16.79,161993533.0,2733549750.0,0.0200622652254213,16.65,17.2,16.4,17.05,0.9847507331378298,1.012916331813068
601872,招商轮船,2026-05-19,17.07,17.6,16.83,17.21,103672359.0,1810348566.0,0.0128394160204104,17.34,17.88,17.1,17.48,0.9845537757437072,0.7155247520489493
601872,招商轮船,2026-05-20,16.74,17.53,16.74,17.45,121465556.0,2133217587.0,0.0150430338489207,17.0,17.81,17.0,17.73,0.9842075578116186,0.870394509096892
601872,招商轮船,2026-05-21,17.44,18.6,17.44,17.52,156362906.0,2865639147.0,0.019364934102583,17.72,18.89,17.72,17.8,0.9842696629213482,1.1340172849626036
601872,招商轮船,2026-05-22,17.92,18.09,17.38,17.8,103965243.0,1867356221.0,0.012875688557835,18.2,18.38,17.65,18.08,0.9845132743362832,0.7860904522669603
601872,招商轮船,2026-05-25,18.46,19.2,17.38,17.49,201024784.0,3680272143.0,0.0248961329431035,18.75,19.5,17.65,17.77,0.984243106359032,1.5524118024618607
601872,招商轮船,2026-05-26,17.44,17.92,16.45,16.99,174145456.0,3023692440.0,0.0215672333418022,17.72,18.2,16.71,17.26,0.9843568945538816,1.2683741997970526
601872,招商轮船,2026-05-27,16.8,17.11,15.85,16.04,152049448.0,2510795768.0,0.0188307292066708,17.07,17.38,16.1,16.29,0.9846531614487416,1.0043374522943758
601872,招商轮船,2026-05-28,15.94,16.06,15.58,15.84,104269687.0,1671379535.0,0.0129133927560284,16.19,16.31,15.83,16.09,0.9844623990055936,0.661989545912498
601872,招商轮船,2026-05-29,15.75,16.05,15.32,15.61,108563369.0,1721748954.0,0.0134451484717188,16.0,16.3,15.56,15.86,0.9842370744010088,0.7380698029691344
601872,招商轮船,2026-06-01,15.8,15.85,15.22,15.29,123439291.0,1936808753.0,0.0152874732059826,16.05,16.1,15.46,15.53,0.9845460399227302,0.8339898203255631
601872,招商轮船,2026-06-02,15.38,15.4,14.77,15.25,95503529.0,1461470401.0,0.0118277383873201,15.62,15.64,15.0,15.49,0.9845061329890252,0.7208169826948925
601872,招商轮船,2026-06-03,15.18,15.19,14.57,14.9,123104513.0,1853766248.0,0.0152460122605778,15.42,15.43,14.8,15.13,0.9847984137475214,1.0542923365893597
601872,招商轮船,2026-06-04,14.87,15.06,14.67,14.73,81046626.0,1218871645.0,0.0100373075166989,15.1,15.3,14.9,14.96,0.984625668449198,0.7303071761651321
601872,招商轮船,2026-06-05,14.81,14.99,14.44,14.57,85431401.0,1274467161.0,0.0105803447440171,15.04,15.23,14.67,14.8,0.9844594594594596,0.8034442158577753
601872,招商轮船,2026-06-08,14.28,14.63,13.84,13.92,107363875.0,1541099870.0,0.0132965958331125,14.51,14.86,14.06,14.14,0.9844413012729843,1.05563933920621
601872,招商轮船,2026-06-09,13.93,14.15,13.69,14.13,85004849.0,1198539605.0,0.0105275179477991,14.15,14.37,13.91,14.35,0.9846689895470384,0.8630811114479485
601872,招商轮船,2026-06-10,14.09,14.8,14.08,14.39,100634672.0,1479858666.0,0.0124632103711033,14.31,15.03,14.3,14.62,0.9842681258549932,1.044033697149926
601872,招商轮船,2026-06-11,14.57,14.62,13.78,14.2,103650782.0,1499658017.0,0.0128367437933854,14.8,14.85,14.0,14.42,0.984743411927878,1.127910474848512
601872,招商轮船,2026-06-12,14.54,15.61,14.54,15.36,182323210.0,2810237751.0,0.0225800161773753,14.77,15.86,14.77,15.6,0.9846153846153846,1.8909838620167478
601872,招商轮船,2026-06-15,16.89,16.89,16.89,16.89,24735811.0,424466517.0,0.0030634334078502,17.16,17.16,17.16,17.16,0.9842657342657344,0.21361638219971382
601872,招商轮船,2026-06-16,17.49,17.66,15.79,16.13,271170269.0,4572861911.0,0.0335833768001518,17.77,17.94,16.04,16.38,0.9847374847374848,2.731647409275005
601872,招商轮船,2026-06-17,16.05,17.57,16.05,16.83,203814326.0,3504215089.0,0.0252416068050845,16.3,17.85,16.3,17.1,0.9842105263157892,1.4931129898052429
601872,招商轮船,2026-06-18,16.89,17.22,16.34,16.87,149503216.0,2553434162.0,0.018515388336184,17.16,17.49,16.6,17.14,0.9842473745624272,0.9514081835161564
601872,招商轮船,2026-06-22,16.93,18.56,16.88,18.56,210019488.0,3844051138.0,0.0260100918396735,17.2,18.85,17.15,18.85,0.9846153846153844,1.2628241724814844
601872,招商轮船,2026-06-23,19.13,20.18,18.61,19.61,221481496.0,4386286935.0,0.0274296166827541,19.43,20.5,18.9,19.92,0.984437751004016,1.2888174104765298
601872,招商轮船,2026-06-24,20.39,21.57,20.13,21.57,106708109.0,2299660483.0,0.0132153817798465,20.71,21.91,20.45,21.91,0.984481971702419,0.50525208934627
601872,招商轮船,2026-06-25,20.67,21.82,20.56,21.26,247695646.0,5333498016.0,0.030676136591416,21.0,22.16,20.88,21.6,0.9842592592592592,1.389165708997578
601872,招商轮船,2026-06-26,20.25,20.77,19.14,19.26,234864337.0,4643416867.0,0.0290870291771877,20.57,21.1,19.44,19.56,0.9846625766871168,1.2554112659860799
601872,招商轮船,2026-06-29,18.68,19.19,17.91,17.98,192815062.0,3591092491.0,0.0238793909958124,18.97,19.49,18.19,18.26,0.9846659364731654,0.94445975359857
601872,招商轮船,2026-06-30,17.7,18.21,17.03,17.3,158090151.0,2804396088.0,0.0195788466375932,17.98,18.5,17.3,17.57,0.9846328969834948,0.787643083083885
601872,招商轮船,2026-07-01,16.95,17.54,16.45,16.61,158675316.0,2738584484.0,0.0196513170332517,17.22,17.82,16.71,16.87,0.984588026081802,0.8438620579638773
601872,招商轮船,2026-07-02,16.68,17.15,16.16,16.27,139656342.0,2357679503.0,0.0172958915194234,16.94,17.42,16.41,16.53,0.984271022383545,0.7038133223613391
601872,招商轮船,2026-07-03,17.19,17.89,16.62,16.74,151694166.0,2639705694.0,0.0187867289210927,17.46,18.17,16.88,17.0,0.9847058823529412,0.8579004565730669
601872,招商轮船,2026-07-06,17.65,17.97,17.11,17.41,196877257.0,3506626435.0,0.0243824779522984,17.93,18.25,17.38,17.68,0.9847285067873304,1.2290524895715833
601872,招商轮船,2026-07-07,17.24,17.64,15.89,15.95,157999588.0,2638570877.0,0.0195676307643916,17.51,17.92,16.14,16.2,0.984567901234568,0.9813721514617653
601872,招商轮船,2026-07-08,16.05,16.39,15.24,15.31,137871130.0,2221308227.0,0.0170747999982723,16.3,16.65,15.48,15.55,0.9845659163987138,0.8564459735938581
601872,招商轮船,2026-07-09,15.49,16.1,15.43,15.85,119434795.0,1913213500.0,0.0147915320448861,15.73,16.35,15.67,16.1,0.9844720496894408,0.7616058287922999
601872,招商轮船,2026-07-10,15.5,15.9,15.34,15.47,95680095.0,1496139395.0,0.0118496053955654,15.5,15.9,15.34,15.47,1.0,0.6262795123847018
601872,招商轮船,2026-07-13,15.56,15.56,14.67,14.83,108124470.0,1617515045.0,0.0133907925478612,15.56,15.56,14.67,14.83,1.0,0.7637388210780064
601872,招商轮船,2026-07-14,14.6,15.04,14.43,15.04,100316454.0,1477497688.0,0.0124238003169038,14.6,15.04,14.43,15.04,1.0,0.8101665403676405
601872,招商轮船,2026-07-15,15.2,15.92,15.09,15.26,121650542.0,1886894358.0,0.0150659436412208,15.2,15.92,15.09,15.26,1.0,1.0834049140327686
601872,招商轮船,2026-07-16,14.94,14.96,14.1,14.16,126248983.0,1817280088.0,0.0156354425666221,14.94,14.96,14.1,14.16,1.0,1.1578091635454082
601872,招商轮船,2026-07-17,14.1,14.34,13.81,13.91,100907593.0,1417662252.0,0.0124970105690877,14.1,14.34,13.81,13.91,1.0,0.9139840364347019
601872,招商轮船,2026-07-20,14.13,14.36,13.86,14.29,120226660.0,1696672793.0,0.0148896014267838,14.13,14.36,13.86,14.29,1.0,1.0787535436508542
601872,招商轮船,2026-07-21,14.3,14.79,13.86,14.72,108763559.0,1555576344.0,0.0134699412199297,14.3,14.79,13.86,14.72,1.0,0.955155130243277
601872,招商轮船,2026-07-22,14.73,15.79,14.72,15.76,129519182.0,2000066145.0,0.016040443917373,14.73,15.79,14.72,15.76,1.0,1.1208011330796424
601872,招商轮船,2026-07-23,15.65,16.18,14.97,15.87,121077244.0,1878289252.0,0.0149949429270799,15.65,16.18,14.97,15.87,1.0,1.0336714847275479
601872,招商轮船,2026-07-24,16.0,16.25,15.47,15.7,103328515.0,1641795888.0,0.0127968322863785,16.0,16.25,15.47,15.7,1.0,0.8900046566870489
601872,招商轮船,2026-07-27,15.35,16.05,15.28,15.9,77919946.0,1226000194.0,0.0096500804325473,15.35,16.05,15.28,15.9,1.0,0.6683643808474633
601872,招商轮船,2026-07-28,15.6,16.23,15.34,16.19,107214370.0,1690582640.0,0.0132780802238349,15.6,16.23,15.34,16.19,1.0,0.9916083516016692
601872,招商轮船,2026-07-29,15.92,16.49,15.78,16.29,93112253.0,1501388908.0,0.0115315882111326,15.92,16.49,15.78,16.29,1.0,0.8636550786475038
601872,招商轮船,2026-07-30,16.23,16.98,16.16,16.47,105454555.0,1754096952.0,0.0130601340217623,16.23,16.98,16.16,16.47,1.0,1.0489810662928036
601872,招商轮船,2026-07-31,16.0,16.96,15.88,16.79,94490538.0,1564033389.0,0.0117022834155283,16.0,16.96,15.88,16.79,1.0,0.9700696880996189
601872,招商轮船,2026-08-03,16.94,17.11,16.44,17.03,81835398.0,1378592123.0,0.0101349938426487,16.94,17.11,16.44,17.03,1.0,0.8556757102134499
601872,招商轮船,2026-08-04,16.99,17.7,16.53,16.78,114337555.0,1951347032.0,0.0141602588149997,16.99,17.7,16.53,16.78,1.0,1.185810701395292
601872,招商轮船,2026-08-05,16.76,18.22,16.1,18.1,156828550.0,2735239941.0,0.0194226022900447,16.76,18.22,16.1,18.1,1.0,1.6028090484232254
601872,招商轮船,2026-08-06,17.95,18.08,17.45,17.88,98795616.0,1748654506.0,0.0122354504812292,17.95,18.08,17.45,17.88,1.0,0.8933558567381071
601872,招商轮船,2026-08-07,18.15,18.5,17.9,17.98,79283756.0,1437911179.0,0.0098189829648297,18.15,18.5,17.9,17.98,1.0,0.7256594120705165
601872,招商轮船,2026-08-10,17.95,18.39,17.62,18.18,69996775.0,1262966525.0,0.0086688267054101,17.95,18.39,17.62,18.18,1.0,0.65900297200497
601872,招商轮船,2026-08-11,17.88,18.28,16.43,16.48,165928267.0,2849496171.0,0.0205495666357774,17.88,18.28,16.43,16.48,1.0,1.5977924211760794
601872,招商轮船,2026-08-12,16.66,17.19,16.47,17.02,104723453.0,1767288859.0,0.0129695898996655,16.66,17.19,16.47,17.02,1.0,0.9172863131989694
601872,招商轮船,2026-08-13,17.2,17.36,16.89,17.13,75616188.0,1295598987.0,0.0093647690182256,17.2,17.36,16.89,17.13,1.0,0.7288618253470466
601872,招商轮船,2026-08-14,17.32,17.5,16.81,17.05,51783251.0,883120271.0,0.006413153022575,17.32,17.5,16.81,17.05,1.0,0.5224842510299987
601872,招商轮船,2026-08-17,17.35,17.91,17.02,17.89,87731619.0,1541919448.0,0.0108652177431898,17.35,17.91,17.02,17.89,1.0,0.9372076301056806
601872,招商轮船,2026-08-18,17.84,18.26,17.7,17.98,69310007.0,1246255278.0,0.0085837731757465,17.84,18.26,17.7,17.98,1.0,0.713384769272327
601872,招商轮船,2026-08-19,18.3,18.91,17.81,18.6,156809812.0,2899091638.0,0.0194202816620614,18.3,18.91,17.81,18.6,1.0,2.0146982156271505
601872,招商轮船,2026-08-20,18.58,19.5,18.24,18.46,153775327.0,2891875603.0,0.0190444725679258,18.58,19.5,18.24,18.46,1.0,1.7424931599626032
601872,招商轮船,2026-08-21,18.49,20.1,18.49,19.78,193604854.0,3808373132.0,0.0239772036447712,18.49,20.1,18.49,19.78,1.0,1.863699659576838
601872,招商轮船,2026-08-24,19.76,19.93,18.9,19.0,138173563.0,2668519533.0,0.0171122551419843,19.76,19.93,18.9,19.0,1.0,1.0448196897250916
601872,招商轮船,2026-08-25,19.32,19.4,18.63,18.83,91445256.0,1733802104.0,0.0113251371551884,19.32,19.4,18.63,18.83,1.0,0.6424662988359454
601872,招商轮船,2026-08-26,18.42,19.0,18.0,18.38,99276291.0,1845869792.0,0.0122949801992287,18.42,19.0,18.0,18.38,1.0,0.676445208728292
601872,招商轮船,2026-08-27,17.8,18.68,17.8,18.62,90238346.0,1658120265.0,0.0111756660739989,17.8,18.68,17.8,18.62,1.0,0.6671716917718942
601872,招商轮船,2026-08-28,19.0,19.3,18.82,18.98,86436224.0,1651491272.0,0.0107047881409681,19.0,19.3,18.82,18.98,1.0,0.7053274015133801
601872,招商轮船,2026-08-31,18.98,19.29,18.31,18.75,109143430.0,2043871331.0,0.0135169867569479,18.98,19.29,18.31,18.75,1.0,1.0794103594187057
601872,招商轮船,2026-09-01,18.57,18.92,18.29,18.39,76860271.0,1427724085.0,0.0095188438300173,18.57,18.92,18.29,18.39,1.0,0.8064416844715723
601872,招商轮船,2026-09-02,18.7,18.7,17.79,17.81,91257486.0,1649094081.0,0.0113018825753813,18.7,18.7,17.79,17.81,1.0,0.9877322739806604
601872,招商轮船,2026-09-03,18.17,19.49,18.16,19.3,146763642.0,2792044786.0,0.0181761028154919,18.17,19.49,18.16,19.3,1.0,1.6165684211565645
601872,招商轮船,2026-09-04,19.4,19.9,19.03,19.2,96105685.0,1862046865.0,0.0119023130518475,19.4,19.9,19.03,19.2,1.0,0.9413615831725365
601872,招商轮船,2026-09-07,19.7,20.05,18.53,18.69,123818948.0,2367461871.0,0.015334492239938,19.7,20.05,18.53,18.69,1.0,1.1902680641420704
601872,招商轮船,2026-09-08,18.89,19.2,18.5,19.08,91346801.0,1729344129.0,0.011312943888666,18.89,19.2,18.5,19.08,1.0,0.8540180507911698
601872,招商轮船,2026-09-09,19.08,20.99,19.0,20.99,190347993.0,3892801792.0,0.0235738541531323,19.08,20.99,19.0,20.99,1.0,1.732664941856613
601872,招商轮船,2026-09-10,21.41,21.45,19.88,20.58,215117637.0,4356377053.0,0.0266414776456533,21.41,21.45,19.88,20.58,1.0,1.6588776549314863
603093,南华期货,2026-03-20,14.57,14.6,13.66,13.72,15696200.0,316917154.0,0.025728696162334,21.14,21.19,19.82,19.91,0.6891009542943245,0.6395260474833402
603093,南华期货,2026-03-23,13.53,14.49,13.3,14.13,18475000.0,375243347.0,0.0302836139702043,19.64,21.03,19.3,20.5,0.6892682926829269,0.8505737848748948
603093,南华期货,2026-03-24,14.09,14.44,13.7,14.02,14609700.0,296464684.0,0.0239477410024625,20.45,20.95,19.88,20.34,0.6892822025565388,0.6757920730210133
603093,南华期货,2026-03-25,13.99,14.19,13.78,14.06,9674700.0,196699041.0,0.0158584508837637,20.3,20.6,20.0,20.4,0.6892156862745099,0.5549641808988083
603093,南华期货,2026-03-26,14.06,14.33,13.54,13.61,9132910.0,182743613.0,0.014970366487936,20.4,20.79,19.65,19.75,0.6891139240506329,0.6094083216116883
603093,南华期货,2026-03-27,13.36,13.77,13.35,13.62,6727800.0,133058024.0,0.0110279890700265,19.39,19.98,19.38,19.76,0.6892712550607286,0.49770293796978216
603093,南华期货,2026-03-30,13.56,14.77,13.56,14.09,21821960.0,448767716.0,0.0357698410128953,19.68,21.44,19.68,20.45,0.6889975550122249,1.8613032285336892
603093,南华期货,2026-03-31,14.26,14.28,13.37,13.46,13090200.0,259766918.0,0.021457026446158,20.7,20.73,19.41,19.54,0.6888433981576254,1.0562222806403465
603093,南华期货,2026-04-01,13.59,13.87,13.52,13.71,7686270.0,152818430.0,0.0125990816536272,19.72,20.13,19.62,19.9,0.6889447236180906,0.6357798998371647
603093,南华期货,2026-04-02,13.57,13.77,12.99,13.11,8006160.0,154579638.0,0.013123434848373,19.7,19.99,18.85,19.02,0.6892744479495267,0.6847654618251312
603093,南华期货,2026-04-03,13.36,13.57,12.18,12.24,13528500.0,247607277.0,0.0221754734287366,19.39,19.7,17.68,17.77,0.6888013505908835,1.1798304588383635
603093,南华期货,2026-04-07,12.18,12.51,11.8,11.89,14479500.0,253767741.0,0.0237343214333734,17.68,18.15,17.12,17.25,0.6892753623188406,1.1288634307188379
603093,南华期货,2026-04-08,12.25,12.51,11.98,12.28,15870700.0,281970950.0,0.0260147308382637,17.78,18.16,17.38,17.82,0.6891133557800224,1.3972991671337331
603093,南华期货,2026-04-09,12.12,12.24,12.01,12.09,7388100.0,129876721.0,0.0121103311704068,17.59,17.76,17.43,17.55,0.6888888888888889,0.620107424519226
603093,南华期货,2026-04-10,12.2,13.31,12.2,13.31,10837800.0,203210258.0,0.0177649662509488,17.71,19.31,17.7,19.31,0.689280165717245,0.9142280054851318
603093,南华期货,2026-04-13,13.44,13.51,12.95,13.17,26303300.0,505934493.0,0.0431155065408647,19.5,19.6,18.8,19.12,0.6888075313807531,2.1176611716362395
603093,南华期货,2026-04-14,13.44,13.86,13.04,13.57,18282650.0,357222981.0,0.0299683201598028,19.5,20.11,18.92,19.7,0.6888324873096447,1.220806390008467
603093,南华期货,2026-04-15,13.7,13.71,13.28,13.37,11996500.0,234757930.0,0.0196642692824658,19.89,19.9,19.27,19.4,0.6891752577319588,0.7623354860766459
603093,南华期货,2026-04-16,13.42,13.79,13.38,13.71,11863300.0,234790004.0,0.0194459322117848,19.47,20.02,19.42,19.9,0.6889447236180906,0.7929128232343047
603093,南华期货,2026-04-17,13.59,14.01,13.54,13.9,11548850.0,231873822.0,0.0189304960865924,19.72,20.33,19.65,20.18,0.688800792864222,0.7283257371800329
603093,南华期货,2026-04-20,13.99,14.15,13.79,14.05,9598800.0,195207459.0,0.0157340380934883,20.3,20.54,20.02,20.39,0.6890632663070133,0.5999654976710928
603093,南华期货,2026-04-21,14.19,14.47,13.86,14.11,15938329.0,326470656.0,0.0261255860766502,20.6,21.0,20.12,20.48,0.68896484375,1.2591486662210993
603093,南华期货,2026-04-22,14.46,14.77,14.1,14.67,14180500.0,298715043.0,0.0232442104413793,20.98,21.44,20.47,21.29,0.6890558947862847,1.1633701490631532
603093,南华期货,2026-04-23,14.47,14.55,13.92,14.24,11206610.0,231239141.0,0.0183695075049868,21.0,21.11,20.2,20.66,0.6892545982575025,0.8875850808855199
603093,南华期货,2026-04-24,14.15,14.19,13.91,14.01,7105400.0,144694299.0,0.0116469386037288,20.54,20.59,20.19,20.33,0.6891293654697492,0.5686768586070715
603093,南华期货,2026-04-27,14.04,14.56,13.93,14.26,9360400.0,194465902.0,0.0153432606336509,20.37,21.13,20.21,20.69,0.6892218463025616,0.8065188894247645
603093,南华期货,2026-04-28,14.28,14.39,14.01,14.13,6812818.0,140202268.0,0.011167347786807,20.72,20.88,20.33,20.51,0.6889322281813749,0.589433460666936
603093,南华期货,2026-04-29,14.03,14.37,14.03,14.27,5360600.0,111025887.0,0.0087869196778715,20.36,20.85,20.36,20.71,0.6890391115403186,0.5507571981662331
603093,南华期货,2026-04-30,14.37,14.53,14.23,14.44,7315600.0,152645507.0,0.0119914915486022,20.86,21.09,20.65,20.95,0.6892601431980907,0.9179882019266861
603093,南华期货,2026-05-06,14.52,14.66,14.21,14.52,9462500.0,198883193.0,0.0155106196044957,21.08,21.28,20.62,21.08,0.6888045540796964,1.3158876231830738
603093,南华期货,2026-05-07,14.55,14.67,14.39,14.66,6692900.0,141243263.0,0.0109707821348406,21.12,21.29,20.88,21.27,0.689233662435355,0.8734749327872335
603093,南华期货,2026-05-08,14.52,15.15,14.5,14.98,10306300.0,223996506.0,0.0168937488855814,21.08,21.98,21.05,21.74,0.6890524379024839,1.4457102371541037
603093,南华期货,2026-05-11,14.86,15.2,14.63,15.12,10844200.0,236506897.0,0.0177754569210116,21.56,22.06,21.23,21.94,0.6891522333637191,1.38538347739659
603093,南华期货,2026-05-12,15.06,15.22,14.57,14.75,8549039.0,184354065.0,0.0140133042972785,21.85,22.09,21.15,21.4,0.6892523364485982,0.9579506515917214
603093,南华期货,2026-05-13,14.81,16.22,14.81,16.22,28011440.0,642930514.0,0.0459154335972688,21.5,23.54,21.5,23.54,0.6890399320305862,3.0543536433447223
603093,南华期货,2026-05-14,16.97,17.84,16.36,17.84,44353593.0,1124945271.0,0.0727029547282034,24.63,25.89,23.75,25.89,0.6890691386635767,3.4433945352887827
603093,南华期货,2026-05-15,17.33,17.9,16.05,16.05,24067310.0,581058516.0,0.0394503450793634,25.15,25.98,23.3,23.3,0.6888412017167382,1.1790237066785525
603093,南华期货,2026-05-18,15.47,17.05,15.47,16.3,39906118.0,947745686.0,0.0654127995973707,22.45,24.74,22.45,23.66,0.6889264581572274,1.7226815229816848
603093,南华期货,2026-05-19,16.39,16.96,15.68,16.08,29765222.0,702740035.0,0.0487901755228922,23.78,24.61,22.75,23.33,0.6892413201885983,1.0271839185575016
603093,南华期货,2026-05-20,16.05,16.3,15.68,15.75,17991896.0,413798438.0,0.0294917257405176,23.3,23.66,22.75,22.86,0.6889763779527559,0.5415863054644008
603093,南华期货,2026-05-21,15.75,16.5,15.09,15.19,22202855.0,508520298.0,0.0363941916025126,22.86,23.95,21.9,22.04,0.6892014519056261,0.7112463554032226
603093,南华期货,2026-05-22,15.19,15.46,14.77,14.87,17056600.0,372291978.0,0.0279586192175473,22.05,22.44,21.43,21.58,0.6890639481000927,0.6367567713747522
603093,南华期货,2026-05-25,15.08,16.2,15.08,15.57,16870300.0,381649746.0,0.0276532423686895,21.88,23.51,21.88,22.59,0.6892430278884463,0.6645895965127308
603093,南华期货,2026-05-26,15.34,15.66,15.08,15.33,12206900.0,272088656.0,0.0200091500607787,22.27,22.73,21.89,22.25,0.6889887640449438,0.5875092611556418
603093,南华期货,2026-05-27,15.18,15.18,14.39,14.5,14707100.0,313173494.0,0.0241073958874799,22.03,22.03,20.88,21.04,0.6891634980988594,0.8518097332596258
603093,南华期货,2026-05-28,14.52,14.66,13.96,14.24,10025800.0,207470249.0,0.0164339624867374,21.08,21.27,20.26,20.66,0.6892545982575025,0.6036456323536912
603093,南华期货,2026-05-29,14.75,15.66,14.75,15.16,27180500.0,608451479.0,0.0445533840063404,21.41,22.73,21.4,22.0,0.6890909090909091,1.9177201704044353
603093,南华期货,2026-06-01,15.03,15.78,14.61,15.02,28029340.0,620443262.0,0.0459447746901005,21.82,22.9,21.21,21.8,0.6889908256880733,1.7304069855020212
603093,南华期货,2026-06-02,15.21,15.77,14.59,14.8,24743300.0,538731101.0,0.0405584057130694,22.08,22.89,21.18,21.48,0.6890130353817505,1.3425608607912087
603093,南华期货,2026-06-03,14.55,14.78,13.82,13.96,23602400.0,488949517.0,0.0386882798576644,21.11,21.45,20.06,20.26,0.6890424481737414,1.1272945275224853
603093,南华期货,2026-06-04,13.75,13.9,13.15,13.26,14725000.0,287318691.0,0.0241367369803117,19.95,20.17,19.08,19.24,0.6891891891891893,0.6482138703417304
603093,南华期货,2026-06-05,13.26,13.46,12.91,12.98,11798800.0,225313817.0,0.0193402059275587,19.24,19.53,18.74,18.84,0.68895966029724,0.4987633637790291
603093,南华期货,2026-06-08,12.56,13.06,12.38,12.5,11504000.0,211108872.0,0.0188569794377932,18.23,18.95,17.96,18.14,0.6890848952590959,0.5589956116123369
603093,南华期货,2026-06-09,12.59,12.6,12.29,12.4,8320300.0,149724354.0,0.0136383628317343,18.27,18.28,17.84,18.0,0.6888888888888889,0.4816465698391289
603093,南华期货,2026-06-10,12.31,12.57,12.22,12.53,11529100.0,207698789.0,0.0188981225344456,17.87,18.24,17.74,18.19,0.6888400219901044,0.8240898921380119
603093,南华期货,2026-06-11,12.47,12.96,12.33,12.45,12333300.0,224825818.0,0.020216340794518,18.1,18.81,17.9,18.07,0.6889872717210846,1.0654713773299331
603093,南华期货,2026-06-12,12.63,13.38,12.4,13.17,17981686.0,339074268.0,0.0294749898434331,18.33,19.42,18.0,19.12,0.6888075313807531,1.6203950581683504
603093,南华期货,2026-06-15,13.09,14.49,13.04,14.49,11219300.0,230917972.0,0.0183903085367206,19.0,21.03,18.92,21.03,0.6890156918687589,0.9096476110141751
603093,南华期货,2026-06-16,14.47,15.3,14.41,14.92,32933637.0,712777188.0,0.0539837374583404,21.0,22.2,20.91,21.65,0.6891454965357968,2.682605032874696
603093,南华期货,2026-06-17,14.92,15.28,14.15,14.31,20785905.0,438179413.0,0.0340715736422917,21.66,22.17,20.53,20.77,0.6889744824265769,1.2085246834649148
603093,南华期货,2026-06-18,14.45,14.46,13.93,13.93,10529775.0,215239105.0,0.0172600617749991,20.97,20.99,20.21,20.22,0.688921859545005,0.5527218811615634
603093,南华期货,2026-06-22,13.92,15.08,13.53,15.08,25811585.0,535595211.0,0.042309503442442,20.2,21.88,19.63,21.88,0.6892138939670933,1.3810327078340237
603093,南华期货,2026-06-23,14.81,15.1,14.48,14.59,18352300.0,392875877.0,0.030082488155095,21.5,21.91,21.02,21.17,0.6891828058573453,0.9060161629614444
603093,南华期货,2026-06-24,14.48,14.68,14.02,14.28,12934956.0,267902666.0,0.0212025555737796,21.01,21.3,20.34,20.72,0.6891891891891891,0.5965581571882731
603093,南华期货,2026-06-25,14.14,14.42,13.79,14.05,17717852.0,363021690.0,0.0290425218050995,20.52,20.93,20.02,20.39,0.6890632663070133,1.0019763608740244
603093,南华期货,2026-06-26,13.9,14.02,12.7,12.75,18801400.0,360755488.0,0.0308186381434046,20.17,20.35,18.43,18.5,0.6891891891891891,1.1014749901542498
603093,南华期货,2026-06-29,12.75,12.97,12.56,12.64,14608400.0,270106194.0,0.023945610085106,18.5,18.83,18.23,18.34,0.6892039258451472,0.7802124317999085
603093,南华期货,2026-06-30,12.66,12.76,12.46,12.51,11284300.0,205673484.0,0.0184968544045454,18.38,18.52,18.09,18.15,0.6892561983471075,0.6846030817628287
603093,南华期货,2026-07-01,12.51,13.59,12.35,13.3,18657452.0,352913777.0,0.030582683303687,18.16,19.73,17.92,19.3,0.689119170984456,1.2381033605254246
603093,南华期货,2026-07-02,13.2,13.49,12.64,12.68,13380400.0,251889392.0,0.0219327127668158,19.16,19.58,18.35,18.4,0.6891304347826087,0.8252435160371969
603093,南华期货,2026-07-03,12.85,13.03,12.75,12.89,10716054.0,200383963.0,0.0175654042013458,18.65,18.91,18.5,18.7,0.6893048128342246,0.6982784694438635
603093,南华期货,2026-07-06,12.95,13.04,12.62,12.69,8815654.0,163756936.0,0.0144503308595879,18.8,18.92,18.31,18.41,0.6892992938620315,0.6421041413176348
603093,南华期货,2026-07-07,12.71,12.75,11.95,12.01,10783642.0,192131839.0,0.0176761922338772,18.44,18.5,17.35,17.43,0.6890418818129661,0.8578345069022014
603093,南华期货,2026-07-08,12.25,12.32,11.8,11.85,10601600.0,184445690.0,0.0173777949589455,17.78,17.88,17.13,17.2,0.688953488372093,0.8501247457989407
603093,南华期货,2026-07-09,11.84,11.93,11.37,11.75,10607776.0,179520146.0,0.017387918455556,17.18,17.31,16.5,17.06,0.6887456037514654,0.9768226257819212
603093,南华期货,2026-07-10,11.69,11.97,11.51,11.74,8704276.0,148775399.0,0.0142677636954865,16.96,17.37,16.7,17.04,0.6889671361502347,0.8446697998937442
603093,南华期货,2026-07-13,11.71,11.85,11.45,11.52,10149676.0,171641377.0,0.0166370159624707,17.0,17.2,16.62,16.72,0.6889952153110048,1.0249516954635787
603093,南华期货,2026-07-14,11.48,11.58,11.33,11.57,7754600.0,129100176.0,0.012711085948219,16.66,16.81,16.44,16.79,0.6891006551518761,0.7625429794538396
603093,南华期货,2026-07-15,11.58,11.81,11.51,11.75,9183100.0,155770008.0,0.0150526362895688,16.8,17.14,16.7,17.05,0.689149560117302,0.9602151728531609
603093,南华期货,2026-07-16,11.63,11.75,11.45,11.67,8545700.0,144204042.0,0.0140078311180067,16.88,17.05,16.62,16.93,0.6893089190785587,0.9208841971069126
603093,南华期货,2026-07-17,11.65,11.76,11.37,11.42,10214200.0,171589372.0,0.0167427815867096,16.91,17.07,16.5,16.58,0.6887816646562124,1.1518730302161482
603093,南华期货,2026-07-20,11.51,11.69,11.0,11.34,11032963.0,182652933.0,0.0180848710386764,16.71,16.97,15.97,16.46,0.6889428918590522,1.2032299367142336
603093,南华期货,2026-07-21,11.29,11.59,11.27,11.58,9423675.0,156296674.0,0.0154469789380603,16.38,16.82,16.35,16.81,0.6888756692444974,1.0082988942375892
603093,南华期货,2026-07-22,11.48,11.62,11.33,11.4,7527800.0,125057179.0,0.0123393228278703,16.66,16.86,16.45,16.54,0.6892382103990327,0.7776711057219065
603093,南华期货,2026-07-23,11.37,11.8,11.34,11.8,8871469.0,149549725.0,0.0145418209767055,16.5,17.13,16.46,17.12,0.6892523364485982,0.9489351416207884
603093,南华期货,2026-07-24,11.64,11.71,11.27,11.29,7667300.0,127300162.0,0.0125679866518943,16.9,17.0,16.36,16.39,0.6888346552776082,0.8144553399889233
603093,南华期货,2026-07-27,11.23,11.51,11.16,11.5,5849826.0,96963471.0,0.0095888428891401,16.3,16.7,16.2,16.69,0.689035350509287,0.6569412216869284
603093,南华期货,2026-07-28,11.39,11.58,11.33,11.43,5040300.0,83554509.0,0.0082618944245748,16.53,16.8,16.45,16.59,0.6889692585895117,0.6406063842794383
603093,南华期货,2026-07-29,11.44,12.02,11.42,11.9,10833800.0,184780259.0,0.0177584095821596,16.6,17.44,16.57,17.27,0.6890561667631732,1.549603015960176
603093,南华期货,2026-07-30,11.86,12.19,11.81,12.07,9425800.0,164989315.0,0.0154504621683546,17.21,17.69,17.14,17.52,0.6889269406392694,1.2317219160856285
603093,南华期货,2026-07-31,12.06,12.19,11.97,12.0,9781800.0,171683178.0,0.0160340056905951,17.5,17.69,17.37,17.42,0.6888633754305395,1.2599883360461464
603093,南华期货,2026-08-03,11.95,12.39,11.92,12.31,10459400.0,185362435.0,0.0171447053834887,17.35,17.98,17.3,17.87,0.6888640179071068,1.2776704196173874
603093,南华期货,2026-08-04,12.26,12.43,12.18,12.27,7991126.0,142758990.0,0.0130987916087287,17.8,18.04,17.68,17.81,0.6889387984278496,0.8773532040288882
603093,南华期货,2026-08-05,12.26,12.6,12.22,12.53,11957544.0,215021384.0,0.0196004138851276,17.8,18.28,17.73,18.19,0.6888400219901044,1.232941747869532
603093,南华期货,2026-08-06,12.48,12.71,12.28,12.42,10658400.0,192775852.0,0.0174708996557524,18.11,18.44,17.82,18.03,0.6888519134775374,1.074096147446966
603093,南华期货,2026-08-07,12.42,12.51,12.19,12.44,9649700.0,173109239.0,0.0158174717038311,18.02,18.15,17.69,18.05,0.689196675900277,0.9488720068549038
603093,南华期货,2026-08-10,12.41,12.58,12.32,12.5,11528375.0,143757556.0,0.0130701421713795,12.41,12.58,12.32,12.5,1.0,1.1365581233756414
603093,南华期货,2026-08-11,12.5,12.51,12.16,12.18,10654980.0,130847137.0,0.0120799421803337,12.5,12.51,12.16,12.18,1.0,1.0287679990082097
603093,南华期货,2026-08-12,12.7,13.0,12.27,12.53,19653787.0,245916376.0,0.0222822201998122,12.7,13.0,12.27,12.53,1.0,1.8047886426709148
603093,南华期货,2026-08-13,12.52,12.78,12.19,12.2,17972667.0,224028974.0,0.0203762727087608,12.52,12.78,12.19,12.2,1.0,1.4460211612016893
603093,南华期货,2026-08-14,12.32,12.34,11.79,11.89,13870440.0,165773762.0,0.0157254272852496,12.32,12.34,11.79,11.89,1.0,0.9984550855376763
603093,南华期货,2026-08-17,11.88,12.23,11.75,12.21,12166740.0,146625389.0,0.0137938800188413,11.88,12.23,11.75,12.21,1.0,0.82564460388835
603093,南华期货,2026-08-18,12.1,12.12,11.68,11.8,13575655.0,160419063.0,0.0153912187033818,12.1,12.12,11.68,11.8,1.0,0.9133415082256512
603093,南华期货,2026-08-19,11.68,11.77,11.21,11.22,12493555.0,142766251.0,0.0141644021881617,11.68,11.77,11.21,11.22,1.0,0.8087564736645879
603093,南华期货,2026-08-20,11.3,11.38,11.14,11.27,9096705.0,102375213.0,0.0103132685778437,11.3,11.38,11.14,11.27,1.0,0.6490316357995514
603093,南华期货,2026-08-21,11.22,11.42,11.06,11.3,9150131.0,103102965.0,0.0103738395963652,11.22,11.42,11.06,11.3,1.0,0.7475219186219259
603093,南华期货,2026-08-24,11.29,11.5,11.22,11.31,11086411.0,125862786.0,0.0125690713513696,11.29,11.5,11.22,11.31,1.0,0.9813973234252291
603093,南华期货,2026-08-25,11.33,11.6,11.29,11.55,13721990.0,157066226.0,0.015557124067724,11.33,11.6,11.29,11.55,1.0,1.2383918280014188
603093,南华期货,2026-08-26,11.53,12.71,11.44,12.29,50348969.0,622368843.0,0.0570824754583694,11.53,12.71,11.44,12.29,1.0,4.531958948810264
603093,南华期货,2026-08-27,12.16,13.52,12.09,13.52,59120157.0,759566497.0,0.0670266934571679,12.16,13.52,12.09,13.52,1.0,3.1647481163749736
603093,南华期货,2026-08-28,13.52,13.76,13.2,13.22,45725773.0,612780156.0,0.0518409883445175,13.52,13.76,13.2,13.22,1.0,1.59403610285542
603093,南华期货,2026-08-31,13.01,13.41,12.81,13.27,32920635.0,431689001.0,0.0373233330649022,13.01,13.41,12.81,13.27,1.0,0.9144453185024941
603093,南华期货,2026-09-01,13.2,14.31,13.05,13.87,39076543.0,537265737.0,0.0443025120692227,13.2,14.31,13.05,13.87,1.0,0.9680197771351972
603093,南华期货,2026-09-02,13.76,13.97,13.3,13.53,21715240.0,294396425.0,0.0246193651824847,13.76,13.97,13.3,13.53,1.0,0.47790486989561703
603093,南华期货,2026-09-03,13.53,13.64,13.2,13.24,19041145.0,254927649.0,0.0215876454622487,13.53,13.64,13.2,13.24,1.0,0.47948487665701167
603093,南华期货,2026-09-04,13.33,13.82,13.33,13.49,23750540.0,323082011.0,0.026926859548465,13.33,13.82,13.33,13.49,1.0,0.7493260824868676
603093,南华期货,2026-09-07,13.42,13.78,13.11,13.14,16906400.0,224841083.0,0.0191674066471823,13.42,13.78,13.11,13.14,1.0,0.6192634370851109
603093,南华期货,2026-09-08,13.23,13.58,13.09,13.29,17403235.0,231915659.0,,13.23,13.58,13.09,13.29,1.0,0.7221866572216677
603093,南华期货,2026-09-09,13.21,13.41,13.03,13.33,12939365.0,171824525.0,,13.21,13.41,13.03,13.33,1.0,0.654716426072715
603093,南华期货,2026-09-10,13.47,14.23,13.39,13.57,36903696.0,504140272.0,,13.47,14.23,13.39,13.57,1.0,2.0492789454011815
603236,移远通信,2026-03-20,54.2,54.96,53.91,53.91,4482287.0,345780049.0,0.0171303492616348,76.93,78.0,76.51,76.51,0.7046137759769964,0.938382647606283
603236,移远通信,2026-03-23,52.6,53.12,50.87,51.38,6483400.0,478568253.0,0.0247781782832922,74.66,75.4,72.2,72.92,0.7046077893582008,1.3392833534726427
603236,移远通信,2026-03-24,52.13,52.21,50.51,51.77,5023720.0,365378401.0,0.0191995912338188,73.99,74.1,71.69,73.48,0.7045454545454546,0.9635880741350491
603236,移远通信,2026-03-25,52.0,53.18,52.0,52.84,4715177.0,353040686.0,0.018020405395823,73.8,75.48,73.8,75.0,0.7045333333333333,0.9178460691909659
603236,移远通信,2026-03-26,52.67,52.72,51.13,51.19,3693051.0,271787867.0,0.0141140568355015,74.75,74.82,72.57,72.66,0.7045141756124416,0.7415640274968868
603236,移远通信,2026-03-27,50.52,51.86,50.5,51.33,3372309.0,245562746.0,0.0128882490095244,71.7,73.6,71.67,72.85,0.704598490048044,0.6911139132952846
603236,移远通信,2026-03-30,50.45,51.35,50.06,51.15,3729133.0,268433393.0,0.0142519545787871,71.6,72.88,71.05,72.6,0.7045454545454546,0.8006672805254732
603236,移远通信,2026-03-31,51.15,53.55,50.85,52.28,7037915.0,523283520.0,0.0268974168819842,72.6,76.0,72.17,74.2,0.7045822102425876,1.7137732736776539
603236,移远通信,2026-04-01,53.55,53.55,52.21,52.65,5390944.0,403384658.0,0.0206030433950156,76.0,76.0,74.1,74.73,0.704536330790847,1.1954592919818243
603236,移远通信,2026-04-02,52.28,52.49,50.67,50.96,4744817.0,345841596.0,0.0181336831828355,74.2,74.5,71.92,72.33,0.7045485967095259,1.021561616083673
603236,移远通信,2026-04-03,50.96,52.71,50.73,51.78,5202061.0,382978598.0,0.0198811726715244,72.33,74.81,72.0,73.49,0.7045856579126413,1.0714800644841356
603236,移远通信,2026-04-07,51.79,52.53,50.66,51.14,4234591.0,308763460.0,0.0161837077389679,73.5,74.55,71.9,72.58,0.7046018186828328,0.811072991361382
603236,移远通信,2026-04-08,52.05,53.93,52.05,53.86,7537131.0,567808856.0,0.0288053144434291,73.88,76.54,73.88,76.45,0.7045127534336167,1.4162040768531678
603236,移远通信,2026-04-09,53.34,53.74,52.66,53.46,4392821.0,332481679.0,0.0167884292045208,75.7,76.27,74.74,75.87,0.7046263345195729,0.8101982460494356
603236,移远通信,2026-04-10,53.93,55.27,53.91,54.41,6244148.0,485207916.0,0.0238638079358458,76.54,78.44,76.52,77.22,0.7046102046102046,1.1956737245360947
603236,移远通信,2026-04-13,53.58,54.41,53.48,53.62,4510491.0,344880545.0,0.0172381389615302,76.05,77.22,75.91,76.11,0.7045066351333595,0.8167997380151036
603236,移远通信,2026-04-14,54.18,55.22,54.17,54.92,6128790.0,475726758.0,0.0234229341519663,76.9,78.38,76.88,77.95,0.704554201411161,1.1383685432937747
603236,移远通信,2026-04-15,55.15,55.58,53.72,54.07,5045238.0,390460783.0,0.0192818284612457,78.28,78.88,76.25,76.74,0.7045869168621319,0.8755026006840363
603236,移远通信,2026-04-16,54.12,54.94,53.76,54.76,4607375.0,356588029.0,0.0176084090396988,76.81,77.97,76.3,77.72,0.7045805455481214,0.8752117281515392
603236,移远通信,2026-04-17,54.63,54.63,53.93,54.25,4417531.0,340333714.0,0.0168828655782414,77.54,77.54,76.54,77.0,0.7045454545454546,0.8323643367763738
603236,移远通信,2026-04-20,54.29,55.99,54.18,55.66,7963340.0,625457413.0,0.0304341947512836,77.05,79.47,76.9,79.0,0.7045569620253164,1.6113972704747277
603236,移远通信,2026-04-21,55.7,55.91,54.33,55.27,5074818.0,395157616.0,0.0193948769409971,79.06,79.36,77.11,78.45,0.7045251752708732,0.9009957789630199
603236,移远通信,2026-04-22,54.96,57.98,54.82,57.44,9688618.0,784766166.0,0.0370278409665784,78.0,82.29,77.8,81.53,0.7045259413712743,1.787020448569593
603236,移远通信,2026-04-23,57.09,60.46,57.08,59.91,14453361.0,1216672608.0,0.0552376770908448,81.03,85.81,81.01,85.03,0.7045748559332,2.275999268322226
603236,移远通信,2026-04-24,56.08,56.08,53.92,53.92,18391747.0,1417954343.0,0.0702893522082866,79.6,79.6,76.53,76.53,0.7045603031490919,2.2106704395063685
603236,移远通信,2026-04-27,53.2,53.48,51.64,52.16,10964650.0,816144151.0,0.0419045643510967,75.51,75.9,73.3,74.03,0.70457922463866,0.9865285474215701
603236,移远通信,2026-04-28,51.99,52.84,51.72,52.26,6019598.0,445907851.0,0.0230056255109586,73.79,74.99,73.4,74.17,0.7045975461776999,0.5138526336808609
603236,移远通信,2026-04-29,52.34,52.4,51.37,51.69,6219932.0,456570237.0,0.023771259525242,74.28,74.37,72.91,73.37,0.7045113806732997,0.5225255147293824
603236,移远通信,2026-04-30,51.48,51.68,50.62,50.94,5975335.0,432558364.0,0.022836461722614,73.06,73.35,71.85,72.3,0.7045643153526971,0.5330428996707327
603236,移远通信,2026-05-06,50.73,52.34,50.73,51.57,7098112.0,523063543.0,0.0271274770353173,72.0,74.28,72.0,73.2,0.7045081967213115,0.746050420104474
603236,移远通信,2026-05-07,52.0,52.45,51.43,52.41,5390353.0,397528856.0,0.0206007847184932,73.8,74.44,72.99,74.39,0.7045301787874714,0.7429307600521942
603236,移远通信,2026-05-08,52.14,53.53,51.86,53.35,6472454.0,485558673.0,0.0247363449952815,74.0,75.97,73.6,75.72,0.7045694664553619,1.0540312728293642
603236,移远通信,2026-05-11,53.82,53.94,52.74,52.96,6644257.0,500664005.0,0.0253929395850961,76.38,76.56,74.85,75.16,0.7046301224055349,1.0662821501964328
603236,移远通信,2026-05-12,52.83,53.2,51.72,52.05,5624686.0,417622961.0,0.0214963556923123,74.98,75.5,73.4,73.88,0.7045208446128858,0.8905311886815257
603236,移远通信,2026-05-13,51.43,53.65,51.25,53.39,7732603.0,577202017.0,0.0295523669259833,73.0,76.14,72.74,75.77,0.7046324402797941,1.2380142762078166
603236,移远通信,2026-05-14,53.39,53.74,51.65,51.79,6203061.0,460380746.0,0.0237067821451919,75.77,76.27,73.31,73.5,0.704625850340136,0.9733542997091452
603236,移远通信,2026-05-15,51.86,52.84,51.15,51.5,6224330.0,457384592.0,0.023788067747485,73.61,74.99,72.6,73.09,0.7046107538650977,0.9524005234130449
603236,移远通信,2026-05-18,51.36,53.36,50.41,52.63,6868250.0,508181886.0,0.0262489932742422,72.9,75.74,71.55,74.7,0.7045515394912986,1.058969339636387
603236,移远通信,2026-05-19,53.27,53.65,51.94,53.51,5889460.0,441669524.0,0.0225082657050804,75.6,76.15,73.72,75.94,0.7046352383460627,0.9018271867180067
603236,移远通信,2026-05-20,52.95,53.44,51.87,52.14,5954990.0,443341046.0,0.0227587074521427,75.15,75.85,73.62,74.0,0.7045945945945946,0.9045269378447537
603236,移远通信,2026-05-21,52.47,55.03,52.46,52.5,12646789.0,963140655.0,0.0483333424674059,74.47,78.1,74.45,74.51,0.7046034089383975,2.030628137856116
603236,移远通信,2026-05-22,52.84,53.96,52.15,52.81,7374479.0,555000391.0,0.0281836930327289,75.0,76.59,74.01,74.96,0.7045090715048027,0.981071002922827
603236,移远通信,2026-05-25,52.41,54.79,52.36,54.11,7859034.0,600102003.0,0.0300355593649096,74.38,77.77,74.31,76.8,0.7045572916666667,1.0144886266235362
603236,移远通信,2026-05-26,54.11,54.55,52.17,54.46,8193090.0,619362456.0,0.0313122504721379,76.8,77.43,74.05,77.3,0.7045278137128073,1.0312323661580065
603236,移远通信,2026-05-27,54.11,55.97,53.79,55.52,12668774.0,992757631.0,0.0484173644696822,76.8,79.44,76.35,78.8,0.7045685279187818,1.5071688936300236
603236,移远通信,2026-05-28,55.19,55.65,54.02,54.79,8490517.0,659162936.0,0.0324489533182163,78.33,78.98,76.67,77.77,0.7045133084737045,0.8709622178054214
603236,移远通信,2026-05-29,54.67,54.83,52.53,52.91,7244930.0,548810330.0,0.0276885842597977,77.6,77.82,74.56,75.1,0.7045272969374168,0.812468849452699
603236,移远通信,2026-06-01,52.02,53.98,51.86,52.94,6883887.0,369154938.0,0.0187919675282573,52.47,54.45,52.31,53.4,0.991385767790262,0.7742299777455839
603236,移远通信,2026-06-02,52.72,53.34,50.86,52.04,8116053.0,424456249.0,0.0221555938430738,53.18,53.8,51.3,52.49,0.9914269384644694,0.9332830479969757
603236,移远通信,2026-06-03,51.97,57.24,51.97,57.24,20775847.0,1186304358.0,0.0567149115312386,52.42,57.74,52.42,57.74,0.9913404918600623,2.393301301227779
603236,移远通信,2026-06-04,57.25,57.75,55.53,55.79,23232645.0,1327818566.0,0.0634215974834467,57.75,58.25,56.01,56.27,0.9914696996623422,2.255104682601857
603236,移远通信,2026-06-05,56.79,58.52,55.1,56.84,19807793.0,1143453847.0,0.054072270922292,57.28,59.03,55.58,57.33,0.9914529914529916,1.494851914080979
603236,移远通信,2026-06-08,55.4,58.99,55.21,57.8,19174668.0,1113896797.0,0.0523439356894028,55.88,59.5,55.69,58.3,0.9914236706689536,1.2164162899200006
603236,移远通信,2026-06-09,58.39,58.44,56.22,57.65,16193390.0,935340612.0,0.0442054988776556,58.9,58.95,56.71,58.15,0.99140154772141,0.8887016877714102
603236,移远通信,2026-06-10,56.66,57.03,54.84,55.34,12580515.0,705868963.0,0.034342898041289,57.15,57.52,55.31,55.82,0.991400931565747,0.6341986355648894
603236,移远通信,2026-06-11,54.24,56.01,52.96,55.67,10044544.0,556828184.0,0.0274200818061296,54.71,56.5,53.42,56.15,0.9914514692787176,0.5519646762618401
603236,移远通信,2026-06-12,55.88,56.25,54.58,55.02,10255068.0,572935964.0,0.0279947803989332,56.36,56.74,55.05,55.5,0.9913513513513514,0.6590583580577657
603236,移远通信,2026-06-15,54.56,56.36,53.95,56.14,11869251.0,662596039.0,0.0324012551886363,55.03,56.85,54.42,56.63,0.9913473423980222,0.8695653225063787
603236,移远通信,2026-06-16,55.91,57.01,54.91,56.86,12056028.0,681569803.0,0.0329111280728114,56.39,57.5,55.39,57.35,0.9914559721011332,0.9891270445740175
603236,移远通信,2026-06-17,56.07,56.09,54.53,54.61,11924904.0,664053102.0,0.0325531794385333,56.56,56.58,55.0,55.08,0.9914669571532316,1.0496275653764362
603236,移远通信,2026-06-18,54.03,54.53,52.25,52.36,14501482.0,772217683.0,0.0395868466254035,54.5,55.0,52.7,52.81,0.9914788865745124,1.291321010165754
603236,移远通信,2026-06-22,52.25,52.54,50.23,50.71,13164105.0,675157698.0,0.0359360102364508,52.7,52.99,50.66,51.15,0.9913978494623656,1.0860266135777357
603236,移远通信,2026-06-23,50.27,50.9,48.24,48.47,12631301.0,629567797.0,0.0344815361192949,50.71,51.34,48.66,48.89,0.9914092861525874,0.994343688189563
603236,移远通信,2026-06-24,48.28,49.55,47.59,48.85,7058907.0,346373512.0,0.0175179505583119,48.7,49.98,48.0,49.27,0.9914755429267302,0.5490935286853226
603236,移远通信,2026-06-25,48.56,49.42,46.63,49.12,12063580.0,584178696.0,0.0299379490332201,48.98,49.85,47.03,49.55,0.9913218970736628,1.017496436740734
603236,移远通信,2026-06-26,48.59,48.73,46.14,46.18,9981711.0,477101908.0,0.0247714157142682,49.01,49.15,46.54,46.58,0.991412623443538,0.8399373941580504
603236,移远通信,2026-06-29,45.62,47.1,44.98,46.12,7682550.0,358875617.0,0.0190656331159709,46.02,47.51,45.37,46.52,0.99140154772141,0.6996908393000429
603236,移远通信,2026-06-30,46.13,50.73,46.13,50.73,9580924.0,480803560.0,0.023776790505236,46.53,51.17,46.53,51.17,0.9914012116474497,0.9693749747182451
603236,移远通信,2026-07-01,51.55,54.23,51.06,52.62,17427135.0,930940186.0,0.0432485779034951,52.0,54.7,51.5,53.08,0.9913338357196684,1.8792333373993846
603236,移远通信,2026-07-02,52.62,52.64,50.26,50.48,9956329.0,514850669.0,0.0247084257044734,53.08,53.1,50.7,50.92,0.9913589945011784,0.8774276075641702
603236,移远通信,2026-07-03,50.48,52.54,50.48,51.36,7397416.0,384098668.0,0.0183580216805895,50.92,53.0,50.92,51.8,0.9915057915057915,0.677063787537561
603236,移远通信,2026-07-06,51.59,51.65,49.07,49.43,7464018.0,375566362.0,0.0185233065530329,52.04,52.1,49.5,49.86,0.9913758523866828,0.7170823947589011
603236,移远通信,2026-07-07,49.3,52.0,48.55,50.12,8574035.0,435183077.0,0.0212780138929774,49.73,52.45,48.97,50.55,0.9914935707220572,0.827197202969593
603236,移远通信,2026-07-08,50.12,50.71,48.72,49.69,6641639.0,332640245.0,0.0164824247759825,50.55,51.15,49.14,50.12,0.9914205905826018,0.653461083096727
603236,移远通信,2026-07-09,49.09,49.81,47.83,49.08,8274537.0,406466897.0,0.020534755601529,49.52,50.24,48.24,49.51,0.99131488588164,1.0334532356040276
603236,移远通信,2026-07-10,49.08,53.99,48.74,53.99,21076845.0,1124477235.0,0.0523059913716392,49.51,54.46,49.16,54.46,0.9913698127065736,2.747841063923073
603236,移远通信,2026-07-13,53.54,53.62,51.58,51.85,18411119.0,979100716.0,0.0456905116281029,54.0,54.08,52.03,52.3,0.991395793499044,1.7692426452700167
603236,移远通信,2026-07-14,51.79,52.29,48.22,50.02,14629297.0,731497474.0,0.0363052384099777,52.24,52.74,48.64,50.45,0.9914767096134788,1.1614576795850309
603236,移远通信,2026-07-15,50.02,51.38,48.88,50.29,9469457.0,479498991.0,0.0235001650453902,50.45,51.83,49.3,50.73,0.9913266311847032,0.6858601723683553
603236,移远通信,2026-07-16,50.3,54.73,50.28,52.72,17116605.0,906794686.0,0.0424779417147944,50.74,55.2,50.72,53.18,0.9913501316284318,1.190948098526807
603236,移远通信,2026-07-17,51.55,53.13,49.57,49.73,15484594.0,801462989.0,0.0384278121396887,52.0,53.59,50.0,50.16,0.991427432216906,0.9593529376727152
603236,移远通信,2026-07-20,50.36,50.62,46.63,47.93,13957332.0,684865051.0,0.034637636096062,50.8,51.06,47.03,48.35,0.9913133402275076,0.9291128210764985
603236,移远通信,2026-07-21,47.93,49.73,47.89,49.32,11950468.0,590647744.0,0.0296572412092536,48.35,50.16,48.3,49.75,0.991356783919598,0.8456642510393656
603236,移远通信,2026-07-22,48.6,51.98,48.08,51.01,16587516.0,837850477.0,0.0411649119577872,49.02,52.43,48.5,51.45,0.9914480077745385,1.2200568368307747
603236,移远通信,2026-07-23,50.5,51.4,48.46,48.97,12122000.0,602741152.0,0.0300829287973134,50.94,51.85,48.88,49.39,0.9914962543024904,0.8070947100541217
603236,移远通信,2026-07-24,48.18,49.9,47.19,48.47,9424688.0,465529739.0,0.0233890626992983,48.6,50.33,47.6,48.89,0.9914092861525874,0.6722133533879462
603236,移远通信,2026-07-27,48.38,50.04,47.39,49.75,8691908.0,426807688.0,0.0215705369969311,48.8,50.47,47.8,50.18,0.9914308489438024,0.678609932318795
603236,移远通信,2026-07-28,48.67,49.75,48.08,48.5,7931508.0,389378741.0,0.0196834672842205,49.09,50.18,48.5,48.92,0.9914145543744888,0.6747166983856495
603236,移远通信,2026-07-29,48.08,50.53,48.08,50.03,12363745.0,621486597.0,0.0306828626054396,48.5,50.97,48.5,50.46,0.9914783987316688,1.1289520070448642
603236,移远通信,2026-07-30,49.07,49.56,45.02,45.02,19770606.0,929679587.0,0.0490643237566191,49.5,49.99,45.41,45.41,0.9914115833516848,1.9561745633110195
603236,移远通信,2026-07-31,45.11,46.63,44.89,44.89,12747275.0,588955107.0,0.031634661457249,45.5,47.03,45.28,45.28,0.9913869257950528,1.0954569551937952
603236,移远通信,2026-08-03,44.66,46.4,44.66,45.5,8692819.0,401702599.0,0.0215727978076994,45.05,46.8,45.05,45.89,0.9915014164305948,0.7066753161472518
603236,移远通信,2026-08-04,45.61,46.26,44.91,45.99,7461990.0,344826791.0,0.0185182737053509,46.0,46.66,45.3,46.39,0.991377452037077,0.6066071360604721
603236,移远通信,2026-08-05,45.61,47.71,45.51,46.91,11446259.0,541017395.0,0.0284059556585223,46.0,48.12,45.9,47.32,0.9913355874894336,0.9376578923719906
603236,移远通信,2026-08-06,46.59,50.72,46.18,49.09,15162120.0,744349838.0,0.037627534761287,46.99,51.16,46.58,49.52,0.9913166397415186,1.2610100685559222
603236,移远通信,2026-08-07,48.49,49.26,47.4,49.06,11974237.0,584315627.0,0.0297162282686978,48.91,49.69,47.81,49.48,0.9915117219078416,1.0785567578494166
603236,移远通信,2026-08-10,48.77,49.98,47.67,49.73,9354139.0,461360456.0,0.0232139826346454,49.19,50.41,48.08,50.16,0.991427432216906,0.8544555210626003
603236,移远通信,2026-08-11,49.57,52.8,49.09,51.75,16823661.0,879442036.0,0.0417509483561407,50.0,53.26,49.52,52.2,0.9913793103448276,1.51841535399403
603236,移远通信,2026-08-12,51.75,54.22,51.26,53.57,18554443.0,992526851.0,0.0460461959777932,52.2,54.69,51.7,54.03,0.991486211364057,1.4325450750656081
603236,移远通信,2026-08-13,58.92,58.92,58.92,58.92,8895166.0,528639715.0,0.022074958374714,59.43,59.43,59.43,59.43,0.9914184755174156,0.6188492610124589
603236,移远通信,2026-08-14,60.5,62.94,59.39,60.17,47124615.0,2887022254.0,0.1169482294708635,61.02,63.49,59.9,60.69,0.9914318668643928,3.591725046045339
603236,移远通信,2026-08-17,59.24,60.34,58.06,59.78,32057524.0,1907463397.0,0.0795565263083786,59.75,60.86,58.56,60.3,0.9913764510779436,1.590912158747302
603236,移远通信,2026-08-18,59.65,62.23,59.11,61.78,23787627.0,1457962318.0,0.0590332857035184,60.17,62.77,59.62,62.32,0.9913350449293968,0.9634096712603333
603236,移远通信,2026-08-19,60.49,61.78,58.42,58.61,17442115.0,1048636361.0,0.0432857534746372,61.01,62.32,58.93,59.12,0.9913734776725304,0.6686933977409415
603236,移远通信,2026-08-20,59.47,60.72,57.68,59.37,15101555.0,899788886.0,0.0374772317929147,59.99,61.25,58.18,59.88,0.9914829659318636,0.5839416857149325
603236,移远通信,2026-08-21,58.77,59.81,56.51,57.51,17753159.0,1036122380.0,0.0437954734136277,59.28,60.33,57.0,58.01,0.9913807964144112,0.6550331658626086
603236,移远通信,2026-08-24,57.77,58.15,55.61,56.5,10595869.0,605326769.0,0.0261390718735624,58.27,58.65,56.09,56.99,0.9914020003509388,0.499136581021006
603236,移远通信,2026-08-25,56.0,56.77,55.45,56.16,7993004.0,452302576.0,0.019718034079288,56.48,57.26,55.93,56.65,0.99135039717564,0.47195166055397164
603236,移远通信,2026-08-26,56.38,56.38,54.14,54.27,9463820.0,524738338.0,0.0233464070930338,56.87,56.87,54.61,54.74,0.9914139568871028,0.6869219391855802
603236,移远通信,2026-08-27,54.74,57.36,54.66,56.62,11964484.0,672277281.0,0.0295153240575254,54.74,57.36,54.66,56.62,1.0,0.9821862881143504
603236,移远通信,2026-08-28,56.39,57.44,56.0,56.04,7191213.0,407480414.0,0.0177400865813928,56.39,57.44,56.0,56.04,1.0,0.6223966743070354
603236,移远通信,2026-08-31,55.93,61.64,55.2,61.64,23242973.0,1383246073.0,0.0573383591097881,55.93,61.64,55.2,61.64,1.0,2.461741758191711
603236,移远通信,2026-09-01,61.67,62.84,60.6,62.59,23688022.0,1461616153.0,0.0584362556389219,61.67,62.84,60.6,62.59,1.0,1.9787675630912007
603236,移远通信,2026-09-02,61.79,65.92,61.36,63.6,24352039.0,1556636111.0,0.0600743268616095,61.79,65.92,61.36,63.6,1.0,1.6116395743287617
603236,移远通信,2026-09-03,63.9,65.17,62.39,62.57,13081769.0,830158103.0,0.0322715673555742,63.9,65.17,62.39,62.57,1.0,0.7232393055139175
603236,移远通信,2026-09-04,63.14,64.7,61.6,62.17,12946928.0,818345180.0,0.0319389265320133,63.14,64.7,61.6,62.17,1.0,0.7070495509546855
603236,移远通信,2026-09-07,63.0,63.63,61.73,63.22,12563254.0,788530828.0,0.0309924367007388,63.0,63.63,61.73,63.22,1.0,0.6455159039355697
603236,移远通信,2026-09-08,63.14,63.55,61.88,62.1,9140120.0,570785700.0,,63.14,63.55,61.88,62.1,1.0,0.5275255525636413
603236,移远通信,2026-09-09,62.1,63.66,60.92,61.06,8754858.0,542349032.0,,62.1,63.66,60.92,61.06,1.0,0.6072668442462562
603236,移远通信,2026-09-10,60.5,62.39,60.05,60.62,9810257.0,599289801.0,,60.5,62.39,60.05,60.62,1.0,0.8683652283522086
603400,华之杰,2026-03-20,51.47,52.84,50.89,51.66,1544226.0,104755501.0,0.0772113,67.25,69.04,66.49,67.5,0.7653333333333333,0.9193662350008656
603400,华之杰,2026-03-23,50.97,51.63,47.45,48.26,2016239.0,129239561.0,0.10081195,66.59,67.46,62.0,63.06,0.7653028861401839,1.135002444807197
603400,华之杰,2026-03-24,48.93,50.38,48.83,50.29,1325098.0,86110009.0,0.0662549,63.93,65.82,63.8,65.7,0.7654490106544901,0.7517707288141997
603400,华之杰,2026-03-25,50.97,51.69,49.99,51.6,1264958.0,83968690.0,0.0632479,66.6,67.54,65.31,67.42,0.7653515277365767,0.7180198659137104
603400,华之杰,2026-03-26,51.36,51.51,49.79,50.32,704083.0,46480808.0,0.03520415,67.1,67.3,65.05,65.74,0.7654396105871616,0.4471082491653905
603400,华之杰,2026-03-27,49.7,51.66,49.59,50.72,729087.0,48351007.0,0.03645435,64.94,67.5,64.79,66.27,0.7653538554398672,0.5318228449083273
603400,华之杰,2026-03-30,50.52,52.42,50.23,51.85,1018338.0,68749074.0,0.0509169,66.01,68.49,65.63,67.75,0.7653136531365314,0.843069708989124
603400,华之杰,2026-03-31,51.85,53.19,51.22,51.28,965883.0,65581963.0,0.04829415,67.75,69.49,66.92,67.0,0.7653731343283582,0.957920002602367
603400,华之杰,2026-04-01,52.05,52.64,51.1,51.48,751120.0,50756887.0,0.037556,68.01,68.77,66.77,67.26,0.7653880463871542,0.8020760519986869
603400,华之杰,2026-04-02,51.47,51.47,49.96,51.2,738125.0,48879340.0,0.03690625,67.25,67.25,65.27,66.89,0.7654357901031544,0.8853581050883638
603400,华之杰,2026-04-03,51.2,51.2,49.5,49.58,517268.0,33751057.0,0.0258634,66.9,66.9,64.67,64.78,0.7653596789132447,0.6154211499533736
603400,华之杰,2026-04-07,49.75,51.36,49.58,50.7,589360.0,38994501.0,0.029468,65.0,67.1,64.78,66.24,0.7653985507246378,0.7384105279880844
603400,华之杰,2026-04-08,51.66,54.34,51.51,53.58,1865312.0,129196263.0,0.0932656,67.49,71.0,67.3,70.0,0.7654285714285715,2.6185286134142824
603400,华之杰,2026-04-09,53.49,53.49,52.36,52.81,872700.0,60338034.0,0.043635,69.89,69.89,68.41,69.0,0.7653623188405797,0.9781033514637927
603400,华之杰,2026-04-10,53.53,54.14,52.74,53.11,834455.0,58176570.0,0.04172275,69.94,70.73,68.91,69.39,0.7653840611039054,0.9104274384569141
603400,华之杰,2026-04-13,52.91,54.15,52.47,53.35,1057757.0,73839715.0,0.05288785,69.13,70.75,68.56,69.7,0.7654232424677188,1.1303008380894168
603400,华之杰,2026-04-14,53.58,53.93,51.98,52.89,998957.0,68909614.0,0.04994785,70.01,70.46,67.92,69.1,0.765412445730825,0.9569316252023149
603400,华之杰,2026-04-15,52.9,54.11,52.12,52.5,1286017.0,88961651.0,0.06430085,69.11,70.7,68.1,68.6,0.7653061224489797,1.1422771802860843
603400,华之杰,2026-04-16,52.54,53.69,52.2,53.59,1055469.0,73465552.0,0.05277345,68.65,70.15,68.2,70.02,0.7653527563553272,1.0450424029374128
603400,华之杰,2026-04-17,53.58,54.1,52.78,53.48,1177963.0,82322534.0,0.05889815,70.0,70.68,68.96,69.88,0.7653119633657699,1.1255882529996724
603400,华之杰,2026-04-20,50.59,52.72,49.75,51.81,2726299.0,182974757.0,0.13631495,66.1,68.88,65.0,67.69,0.7654010932190871,2.444601242825936
603400,华之杰,2026-04-21,52.0,52.27,50.48,51.35,1251594.0,83645461.0,0.0625797,67.94,68.29,65.96,67.09,0.7653897749291996,0.8637991471012277
603400,华之杰,2026-04-22,51.27,51.97,48.39,51.23,2314643.0,151623767.0,0.11573215,66.98,67.9,63.22,66.94,0.7653122198984165,1.5436424001999642
603400,华之杰,2026-04-23,51.02,52.56,50.08,50.56,1429614.0,95368068.0,0.0714807,66.66,68.67,65.43,66.06,0.7653648198607327,0.8383880868424558
603400,华之杰,2026-04-24,50.38,50.67,49.05,50.05,1113546.0,72214342.0,0.0556773,65.83,66.2,64.08,65.39,0.7654075546719682,0.625579697695973
603400,华之杰,2026-04-27,50.05,50.09,48.76,49.59,974661.0,62898457.0,0.04873305,65.39,65.45,63.71,64.79,0.7653958944281525,0.5515473823454315
603400,华之杰,2026-04-28,49.59,49.6,48.31,48.82,704075.0,44954653.0,0.03520375,64.79,64.81,63.12,63.79,0.7653237184511679,0.4969432774265823
603400,华之杰,2026-04-29,48.61,51.24,48.61,50.32,1109434.0,72665791.0,0.0554717,63.51,66.95,63.51,65.74,0.7654396105871616,0.848640236063764
603400,华之杰,2026-04-30,50.32,52.54,49.9,51.81,1640137.0,110095631.0,0.08200685,65.74,68.65,65.2,67.69,0.7654010932190871,1.5382062262137215
603400,华之杰,2026-05-06,52.43,56.29,52.19,55.12,2647433.0,189584471.0,0.13237165,68.5,73.55,68.19,72.02,0.7653429602888087,2.388581039590909
603400,华之杰,2026-05-07,55.25,58.38,55.15,57.75,2455671.0,183019444.0,0.12278355,72.18,76.27,72.05,75.45,0.7654075546719682,1.735275038370545
603400,华之杰,2026-05-08,58.86,63.53,58.02,63.53,3647832.0,291901661.0,0.1823916,76.9,83.0,75.8,83.0,0.765421686746988,2.1315522832851257
603400,华之杰,2026-05-11,66.41,66.41,59.7,64.31,4625224.0,387379086.0,0.2312612,86.77,86.77,78.0,84.02,0.7654129969054988,2.0108783030174235
603400,华之杰,2026-05-12,65.1,65.13,61.23,61.99,2589797.0,211905180.0,0.12948985,85.05,85.1,80.0,80.99,0.7654031361896532,0.862328775196708
603400,华之杰,2026-05-13,60.87,62.26,60.44,61.47,1712462.0,137251821.0,0.0856231,79.53,81.34,78.97,80.31,0.7654090399701158,0.5362854227905036
603400,华之杰,2026-05-14,61.47,65.62,61.47,63.56,3203255.0,269895257.0,0.16016275,80.31,85.74,80.31,83.04,0.7654142581888246,1.0655505234320621
603400,华之杰,2026-05-15,64.83,67.51,63.81,66.68,3132020.0,269777893.0,0.156601,84.7,88.2,83.37,87.12,0.7653810835629018,0.992491715028675
603400,华之杰,2026-05-18,66.68,68.88,65.21,67.23,2536448.0,222972907.0,0.1268224,87.12,90.0,85.2,87.84,0.7653688524590164,0.8309271496016644
603400,华之杰,2026-05-19,65.82,67.22,64.29,66.34,2071828.0,177542934.0,0.1035914,86.0,87.83,84.0,86.68,0.765343793262575,0.7863332438134499
603400,华之杰,2026-05-20,66.59,68.35,64.67,66.82,2100992.0,181947058.0,0.1050496,87.0,89.3,84.5,87.3,0.7654066437571592,0.8300370740769625
603400,华之杰,2026-05-21,66.43,66.59,60.86,61.54,2774539.0,231551084.0,0.13872695,86.79,87.0,79.52,80.4,0.7654228855721392,1.063486470932711
603400,华之杰,2026-05-22,61.68,63.32,60.56,62.15,1880483.0,152064329.0,0.09402415,80.59,82.73,79.13,81.2,0.7653940886699507,0.7452872491038439
603400,华之杰,2026-05-25,63.22,63.29,59.07,59.62,1946514.0,153323256.0,0.0973257,82.6,82.69,77.18,77.9,0.7653401797175866,0.8564168988999753
603400,华之杰,2026-05-26,58.93,59.28,57.3,58.72,1850879.0,140556521.0,0.09254395,77.0,77.45,74.86,76.72,0.7653806047966631,0.8589279025122243
603400,华之杰,2026-05-27,58.25,59.45,54.71,55.49,1856103.0,136648957.0,0.09280515,76.1,77.68,71.48,72.5,0.7653793103448276,0.8793856808516909
603400,华之杰,2026-05-28,55.53,55.53,52.95,54.25,1351621.0,95241789.0,0.06758105,72.55,72.55,69.18,70.88,0.7653781038374718,0.6555845369819405
603400,华之杰,2026-05-29,54.34,55.08,52.42,52.51,1318300.0,92473775.0,0.065915,71.0,71.96,68.49,68.61,0.7653403293980469,0.7418182227424147
603400,华之杰,2026-06-01,52.43,53.12,51.48,51.59,974088.0,66513185.0,0.0487044,68.5,69.4,67.26,67.4,0.7654302670623145,0.5851491040278289
603400,华之杰,2026-06-02,52.28,52.28,49.99,50.94,812540.0,54143026.0,0.040627,68.31,68.31,65.31,66.55,0.7654395191585274,0.5526737823512503
603400,华之杰,2026-06-03,50.99,52.82,50.62,52.66,994321.0,67479394.0,0.04971605,66.62,69.01,66.14,68.8,0.765406976744186,0.7875620262292299
603400,华之杰,2026-06-04,53.04,54.32,52.28,53.28,1506028.0,105265012.0,0.0753014,69.3,70.97,68.3,69.61,0.7654072690705359,1.3814565381306103
603400,华之杰,2026-06-05,52.64,53.42,51.66,52.18,941079.0,64479468.0,0.04705395,68.77,69.8,67.5,68.18,0.765327075388677,0.8394580678171659
603400,华之杰,2026-06-08,50.13,51.03,47.07,47.77,1435432.0,91590863.0,0.0717716,65.5,66.67,61.5,62.41,0.7654222079794906,1.3728162054882351
603400,华之杰,2026-06-09,48.24,48.72,46.61,47.6,1017428.0,62856964.0,0.0508714,63.03,63.66,60.9,62.19,0.7653963659752372,0.8941434949203783
603400,华之杰,2026-06-10,47.08,47.44,44.39,45.05,1221841.0,72678873.0,0.06109205,61.51,61.98,58.0,58.86,0.7653754672103296,1.036461910242594
603400,华之杰,2026-06-11,45.05,45.93,43.37,45.05,1138395.0,65873212.0,0.05691975,58.86,60.01,56.66,58.86,0.7653754672103296,0.9297865924576529
603400,华之杰,2026-06-12,45.54,46.45,44.84,45.18,780703.0,46533548.0,0.03903515,59.5,60.69,58.59,59.03,0.7653735388785363,0.6783796113256896
603400,华之杰,2026-06-15,45.75,46.24,44.7,44.91,1029592.0,60825165.0,0.0514796,59.77,60.42,58.4,58.68,0.7653374233128833,0.9202976367223777
603400,华之杰,2026-06-16,44.77,46.83,43.93,45.41,1380412.0,81599062.0,0.0690206,58.5,61.18,57.4,59.33,0.7653800775324456,1.3303998740159666
603400,华之杰,2026-06-17,45.07,48.35,44.53,46.7,2018940.0,123058910.0,0.100947,58.88,63.17,58.18,61.01,0.7654482871660384,1.8185558742001133
603400,华之杰,2026-06-18,47.07,48.43,46.08,47.14,1398300.0,86518844.0,0.069915,61.5,63.28,60.2,61.59,0.7653839909076149,1.1013632234947406
603400,华之杰,2026-06-22,47.02,48.36,44.48,44.71,2184651.0,130786350.0,0.07802325,61.44,63.18,58.11,58.41,0.7654511213833248,1.6530482160344204
603400,华之杰,2026-06-23,44.77,45.3,43.99,44.71,1808021.0,105358762.0,0.0645721785714285,58.5,59.19,57.47,58.41,0.7654511213833248,1.1283354312556517
603400,华之杰,2026-06-24,44.71,45.07,43.47,43.53,1113700.0,64028678.0,0.039775,58.41,58.88,56.8,56.88,0.765295358649789,0.6334806316581733
603400,华之杰,2026-06-25,43.52,43.86,41.99,42.52,1807240.0,100771189.0,0.0645442857142857,56.86,57.31,54.86,55.55,0.7654365436543655,1.0601374159217947
603400,华之杰,2026-06-26,42.44,42.44,40.45,40.68,1608100.0,86691107.0,0.0574321428571428,55.45,55.45,52.85,53.15,0.7653809971777987,0.9673466225340211
603400,华之杰,2026-06-29,41.25,41.33,38.5,40.7,1839188.0,95294791.0,0.0656852857142857,53.89,54.0,50.3,53.17,0.765469249576829,1.0791188437252985
603400,华之杰,2026-06-30,40.1,42.76,40.1,41.35,1487900.0,80865317.0,0.0531392857142857,52.39,55.87,52.39,54.02,0.7654572380599778,0.909891565190835
603400,华之杰,2026-07-01,41.71,42.62,40.99,41.45,1137200.0,61983458.0,0.0406142857142857,54.5,55.69,53.55,54.16,0.7653249630723783,0.723766211548488
603400,华之杰,2026-07-02,41.64,42.85,41.02,41.44,1549700.0,85087563.0,0.0553464285714285,54.4,55.98,53.59,54.14,0.7654229774658293,0.9833586052539536
603400,华之杰,2026-07-03,41.48,42.6,41.09,41.74,1139200.0,62516891.0,0.0406857142857142,54.2,55.66,53.69,54.54,0.7653098643197653,0.7473017892210113
603400,华之杰,2026-07-06,42.24,42.41,40.48,40.72,1134269.0,61074016.0,0.0405096071428571,55.19,55.41,52.89,53.2,0.7654135338345864,0.7928415973409338
603400,华之杰,2026-07-07,40.57,41.11,39.49,39.71,880957.0,46061212.0,0.03146275,53.0,53.71,51.6,51.88,0.765420200462606,0.6830957269307468
603400,华之杰,2026-07-08,39.71,39.95,38.18,38.18,960970.0,48479151.0,0.0343203571428571,51.88,52.2,49.89,49.89,0.76528362397274,0.8225615211340713
603400,华之杰,2026-07-09,38.18,39.41,37.33,39.29,1139358.0,56956404.0,0.0406913571428571,49.89,51.49,48.77,51.33,0.7654393142411845,1.0055946095176498
603400,华之杰,2026-07-10,39.33,40.51,38.66,39.15,1175700.0,60783401.0,0.0419892857142857,51.39,52.93,50.51,51.15,0.7653958944281525,1.1187012750739616
603400,华之杰,2026-07-13,39.15,40.06,37.26,37.44,1175599.0,58782781.0,0.0419856785714285,51.15,52.34,48.68,48.92,0.7653311529026983,1.1108888365593486
603400,华之杰,2026-07-14,37.44,37.58,36.04,37.49,1112802.0,53861187.0,0.0397429285714285,48.92,49.1,47.09,48.98,0.7654144548795427,1.0433984724853842
603400,华之杰,2026-07-15,37.5,38.45,37.12,38.15,923514.0,45615393.0,0.0329826428571428,49.0,50.24,48.5,49.84,0.7654494382022471,0.8298371674793585
603400,华之杰,2026-07-16,37.66,39.01,37.43,37.66,985432.0,49018293.0,0.035194,49.2,50.97,48.9,49.21,0.7652916073968705,0.8914753156926947
603400,华之杰,2026-07-17,37.5,39.8,36.06,36.19,2093482.0,103228210.0,0.0747672142857142,49.0,52.0,47.12,47.28,0.7654399323181048,1.9481329681277684
603400,华之杰,2026-07-20,36.19,36.54,32.66,33.04,2349119.0,81479750.0,0.0648389218073658,36.19,36.54,32.66,33.04,1.0,1.8670981201364716
603400,华之杰,2026-07-21,32.73,34.66,30.92,34.19,2203610.0,72653755.0,0.0608226728760567,32.73,34.66,30.92,34.19,1.0,1.4760898773623794
603400,华之杰,2026-07-22,33.9,34.75,33.6,33.85,1464366.0,49815980.0,0.0404185196966884,33.9,34.75,33.6,33.85,1.0,0.855838180409781
603400,华之杰,2026-07-23,33.86,37.24,33.85,37.24,4626657.0,168467411.0,0.1277021093663206,33.86,37.24,33.85,37.24,1.0,2.543234620810072
603400,华之杰,2026-07-24,37.0,40.57,36.07,39.9,6200603.0,243039215.0,0.1711451880792407,37.0,40.57,36.07,39.9,1.0,2.4340461202173094
603400,华之杰,2026-07-27,35.95,42.0,35.91,38.95,8593357.0,318884256.0,0.2371884960216063,35.95,42.0,35.91,38.95,1.0,2.5508121266738915
603400,华之杰,2026-07-28,37.05,42.85,36.29,42.85,7926200.0,316575765.0,0.2187740433879863,37.05,42.85,36.29,42.85,1.0,1.7164753174868648
603400,华之杰,2026-07-29,43.08,47.14,43.08,47.14,8543864.0,385986150.0,0.2358224210134812,43.08,47.14,43.08,47.14,1.0,1.4827339786776546
603400,华之杰,2026-07-30,45.18,50.73,43.55,45.3,10757698.0,506935051.0,0.2969272903796086,45.18,50.73,43.55,45.3,1.0,1.4986756590102037
603400,华之杰,2026-07-31,43.9,45.3,41.12,42.95,7893626.0,340725522.0,0.2178749560965579,43.9,45.3,41.12,42.95,1.0,0.93923161930394
603400,华之杰,2026-08-03,42.0,42.01,39.61,40.94,7083700.0,286510864.0,0.1955198823077236,42.0,42.01,39.61,40.94,1.0,0.8102186115920383
603400,华之杰,2026-08-04,41.2,45.03,40.6,45.03,9199895.0,401016015.0,0.253929780713951,41.2,45.03,40.6,45.03,1.0,1.0899035443309584
603400,华之杰,2026-08-05,45.47,46.79,44.18,44.97,9616716.0,433694295.0,0.2654346147503145,45.47,46.79,44.18,44.97,1.0,1.1059090591381089
603400,华之杰,2026-08-06,44.18,45.1,43.7,44.54,5935712.0,262745604.0,0.1638338314232029,44.18,45.1,43.7,44.54,1.0,0.6661609613204993
603400,华之杰,2026-08-07,44.37,44.9,42.86,43.56,5385188.0,234088138.0,0.1486386103258135,44.37,44.9,42.86,43.56,1.0,0.6777291186237261
603400,华之杰,2026-08-10,44.18,45.4,42.55,44.97,6069598.0,267873372.0,0.1675292695364279,44.18,45.4,42.55,44.97,1.0,0.8153412848389054
603400,华之杰,2026-08-11,45.6,47.57,45.11,47.35,7711400.0,357315633.0,0.2128452673641994,45.6,47.57,45.11,47.35,1.0,1.0649013706120531
603400,华之杰,2026-08-12,46.06,46.9,44.6,46.25,5287209.0,243140426.0,0.145934254897347,46.06,46.9,44.6,46.25,1.0,0.7614372221195236
603400,华之杰,2026-08-13,45.05,46.03,44.6,44.61,3903841.0,176953264.0,0.1077513916269839,45.05,46.03,44.6,44.61,1.0,0.6423092656194208
603400,华之杰,2026-08-14,44.13,44.39,42.26,42.98,2934417.0,126527429.0,0.0809939532280846,44.13,44.39,42.26,42.98,1.0,0.5174018017835025
603400,华之杰,2026-08-17,42.85,43.76,42.55,43.76,2333520.0,101076279.0,0.0644083679098097,42.85,43.76,42.55,43.76,1.0,0.45037406685937276
603400,华之杰,2026-08-18,44.0,48.14,43.1,48.14,7225713.0,340278493.0,0.1994396368210664,44.0,48.14,43.1,48.14,1.0,1.6295865741991782
603400,华之杰,2026-08-19,48.44,49.54,45.77,47.07,8056863.0,378055162.0,0.2223805222594764,48.44,49.54,45.77,47.07,1.0,1.857729874058668
603400,华之杰,2026-08-20,46.95,51.78,46.43,50.78,8803432.0,433334000.0,0.2429868555336968,46.95,51.78,46.43,50.78,1.0,1.7999723075898877
603400,华之杰,2026-08-21,49.09,49.33,46.01,48.85,5399604.0,259977373.0,0.1490365117930338,,,,,,0.9197407707890711
603400,华之杰,2026-08-24,48.0,48.5,44.88,45.49,4426297.0,204030052.0,0.1221718972428293,,,,,,0.6955401863256357
603400,华之杰,2026-08-25,45.0,45.0,42.46,44.1,3558525.0,155709542.0,0.0982201941342931,,,,,,0.5246718785427267
603400,华之杰,2026-08-26,44.42,47.55,44.29,46.52,4143244.0,189352265.0,0.1143592443570707,,,,,,0.6849532518418668
603400,华之杰,2026-08-27,44.99,46.39,44.2,45.61,3290989.0,149642165.0,0.0908358318330834,44.99,46.39,44.2,45.61,1.0,0.6249242815587437
603400,华之杰,2026-08-28,46.34,46.37,44.25,44.29,2861592.0,128813735.0,0.0789838828652714,,,,,,0.6872661682964306
603400,华之杰,2026-08-31,43.6,47.8,43.53,45.78,3534231.0,160339546.0,0.0975496462538374,,,,,,0.9666591669321113
603400,华之杰,2026-09-01,45.0,47.36,45.0,46.1,3445236.0,158983875.0,0.095093261606552,,,,,,0.9906604800012145
603400,华之杰,2026-09-02,45.39,49.0,44.92,48.38,4983946.0,236577508.0,0.1375637781594435,45.39,49.0,44.92,48.38,1.0,1.4425070210101225
603400,华之杰,2026-09-03,48.35,52.9,47.92,51.2,6575645.0,329314015.0,0.1814968641384264,,,,,,1.8148728134928727
603400,华之杰,2026-09-04,51.0,54.29,49.5,53.6,7640592.0,399955414.0,0.2108908689810882,,,,,,1.7851308254655815
603400,华之杰,2026-09-07,53.44,55.0,51.85,53.21,4889139.0,259499976.0,0.1349469743024269,,,,,,0.9337670671685833
603400,华之杰,2026-09-08,52.99,53.98,51.68,52.81,3869778.0,204160059.0,,52.99,53.98,51.68,52.81,1.0,0.7027129325990997
603400,华之杰,2026-09-09,52.0,53.25,51.01,51.18,4002939.0,208005185.0,,52.0,53.25,51.01,51.18,1.0,0.7158561970878891
603400,华之杰,2026-09-10,51.03,52.94,49.61,52.12,4164481.0,212966242.0,,51.03,52.94,49.61,52.12,1.0,0.7718264222752884
603955,大千生态,2026-03-20,26.32,26.88,25.53,25.53,983100.0,25594073.0,0.0072435897435897,26.32,26.88,25.53,25.53,1.0,0.6394079801445969
603955,大千生态,2026-03-23,25.07,26.3,24.5,24.95,2447930.0,62143656.0,0.0180366195107574,25.07,26.3,24.5,24.95,1.0,1.6384898153701166
603955,大千生态,2026-03-24,25.2,25.55,24.85,25.39,902300.0,22715842.0,0.0066482463896257,25.2,25.55,24.85,25.39,1.0,0.6561847760477648
603955,大千生态,2026-03-25,25.3,25.39,24.9,25.19,1607300.0,40384724.0,0.0118427645151783,25.3,25.39,24.9,25.19,1.0,1.2530286918857563
603955,大千生态,2026-03-26,25.16,25.37,24.48,24.93,1428900.0,35555486.0,0.0105282935455349,25.16,25.37,24.48,24.93,1.0,1.0161485771502043
603955,大千生态,2026-03-27,24.92,25.12,24.74,24.9,1159900.0,28942954.0,0.0085462717359269,24.92,25.12,24.74,24.9,1.0,0.7869565630372629
603955,大千生态,2026-03-30,24.53,25.05,24.53,25.0,684950.0,17024031.0,0.005046787503684,24.53,25.05,24.53,25.0,1.0,0.45382987491933163
603955,大千生态,2026-03-31,25.24,25.6,24.51,24.58,1316700.0,32996470.0,0.0097015915119363,25.24,25.6,24.51,24.58,1.0,1.138354068143896
603955,大千生态,2026-04-01,25.0,25.0,24.48,24.76,836430.0,20634002.0,0.0061629089301503,25.0,25.0,24.48,24.76,1.0,0.674785204308015
603955,大千生态,2026-04-02,24.88,25.23,24.41,24.53,1335250.0,33124416.0,0.0098382699675803,24.88,25.23,24.41,24.53,1.0,1.230218836605932
603955,大千生态,2026-04-03,24.6,24.7,23.78,23.84,1042300.0,25004024.0,0.0076797819039198,24.6,24.7,23.78,23.84,1.0,0.9771751827691662
603955,大千生态,2026-04-07,24.09,24.45,23.51,24.44,1487350.0,35936341.0,0.0109589596227527,24.09,24.45,23.51,24.44,1.0,1.4258584293747831
603955,大千生态,2026-04-08,24.91,26.58,24.66,26.08,2135150.0,55129264.0,0.015732021809608,24.91,26.58,24.66,26.08,1.0,1.7739609141197368
603955,大千生态,2026-04-09,26.34,26.34,25.05,25.06,1336800.0,33947176.0,0.0098496905393457,26.34,26.34,25.05,25.06,1.0,0.9776961243212882
603955,大千生态,2026-04-10,25.06,25.91,25.06,25.44,1006300.0,25695157.0,0.0074145299145299,25.06,25.91,25.06,25.44,1.0,0.685784771393718
603955,大千生态,2026-04-13,25.45,25.7,25.12,25.53,901600.0,22920331.0,0.0066430887120542,25.45,25.7,25.12,25.53,1.0,0.643274019321052
603955,大千生态,2026-04-14,25.77,26.4,25.48,25.98,1480500.0,38579031.0,0.0109084880636604,25.77,26.4,25.48,25.98,1.0,1.0779502562907735
603955,大千生态,2026-04-15,25.98,26.19,25.31,25.73,1248000.0,32030130.0,0.0091954022988505,25.98,26.19,25.31,25.73,1.0,0.9095745843870939
603955,大千生态,2026-04-16,25.97,26.81,25.73,26.37,1779600.0,46934006.0,0.0131122900088417,25.97,26.81,25.73,26.37,1.0,1.4896537869148865
603955,大千生态,2026-04-17,26.18,26.79,25.93,26.18,1159400.0,30264863.0,0.0085425876805187,26.18,26.79,25.93,26.18,1.0,0.9035224438902744
603955,大千生态,2026-04-20,26.18,27.65,26.04,27.02,2258400.0,61007442.0,0.0166401414677276,26.18,27.65,26.04,27.02,1.0,1.7189569347399187
603955,大千生态,2026-04-21,27.02,27.27,26.57,26.72,1185700.0,31809828.0,0.0087363689949896,27.02,27.27,26.57,26.72,1.0,0.7479907644557716
603955,大千生态,2026-04-22,26.72,26.75,26.16,26.22,1147300.0,30189200.0,0.0084534335396404,26.72,26.75,26.16,26.22,1.0,0.7517264876623292
603955,大千生态,2026-04-23,26.22,26.53,25.58,25.78,1264000.0,32599334.0,0.0093132920719127,26.22,26.53,25.58,25.78,1.0,0.8392648464888983
603955,大千生态,2026-04-24,25.71,25.88,25.35,25.53,1480200.0,37908871.0,0.0109062776304155,25.71,25.88,25.35,25.53,1.0,1.0550550265153675
603955,大千生态,2026-04-27,25.53,25.6,24.86,25.06,1952800.0,49220102.0,0.0143884468022399,25.53,25.6,24.86,25.06,1.0,1.3310431321227985
603955,大千生态,2026-04-28,25.05,25.49,24.82,25.35,1756500.0,44298114.0,0.0129420866489832,25.05,25.49,24.82,25.35,1.0,1.249288762446657
603955,大千生态,2026-04-29,25.88,26.98,25.05,26.53,3834210.0,100790110.0,0.0282508841732979,25.88,26.98,25.05,26.53,1.0,2.522241079886328
603955,大千生态,2026-04-30,26.45,26.51,25.82,25.99,1968680.0,51313902.0,0.0145054524020041,26.45,26.51,25.82,25.99,1.0,0.9568115741987284
603955,大千生态,2026-05-06,26.05,26.6,25.96,26.15,2150330.0,56387810.0,0.0158438697318007,26.05,26.6,25.96,26.15,1.0,0.9780993942172721
603955,大千生态,2026-05-07,26.31,28.15,25.84,26.67,4103950.0,110422950.0,0.0302383583849101,26.31,28.15,25.84,26.67,1.0,1.7594610770228047
603955,大千生态,2026-05-08,26.24,26.95,26.24,26.66,2324200.0,61868386.0,0.0171249631594459,26.24,26.95,26.24,26.66,1.0,0.8412681061586096
603955,大千生态,2026-05-11,26.83,26.83,25.85,25.85,2850700.0,74544430.0,0.0210042735042735,26.83,26.83,25.85,25.85,1.0,0.991108635686308
603955,大千生态,2026-05-12,25.81,26.5,25.57,26.17,2204300.0,57425666.0,0.0162415266725611,25.81,26.5,25.57,26.17,1.0,0.8226313754584688
603955,大千生态,2026-05-13,26.15,26.4,25.81,25.83,1624700.0,42227001.0,0.0119709696433834,26.15,26.4,25.81,25.83,1.0,0.5958493356061695
603955,大千生态,2026-05-14,25.83,25.99,24.88,24.92,1939800.0,48861380.0,0.0142926613616268,25.83,25.99,24.88,24.92,1.0,0.7399382812589402
603955,大千生态,2026-05-15,25.0,25.64,24.71,24.92,1648800.0,41461600.0,0.0121485411140583,25.0,25.64,24.71,24.92,1.0,0.753310123632775
603955,大千生态,2026-05-18,24.92,24.92,24.22,24.51,1378010.0,33672633.0,0.010153330386089,24.92,24.92,24.22,24.51,1.0,0.6710020159130528
603955,大千生态,2026-05-19,24.51,24.87,23.93,24.16,1326460.0,32234588.0,0.0097735042735042,24.51,24.87,23.93,24.16,1.0,0.7540466209847867
603955,大千生态,2026-05-20,23.93,24.07,23.42,23.54,1582200.0,37437276.0,0.011657824933687,23.93,24.07,23.42,23.54,1.0,0.9991449612706608
603955,大千生态,2026-05-21,23.62,23.91,22.72,22.75,1587000.0,37035248.0,0.0116931918656056,23.62,23.91,22.72,22.75,1.0,1.007584501864698
603955,大千生态,2026-05-22,22.9,23.01,22.41,22.79,1603900.0,36388687.0,0.0118177129384025,22.9,23.01,22.41,22.79,1.0,1.0660727128190608
603955,大千生态,2026-05-25,22.8,24.4,22.65,22.94,3696900.0,86419060.0,0.0272391688770999,22.8,24.4,22.65,22.94,1.0,2.471992906786563
603955,大千生态,2026-05-26,22.91,24.29,22.32,23.33,3895100.0,90353704.0,0.0286995284409077,22.91,24.29,22.32,23.33,1.0,1.988014037723831
603955,大千生态,2026-05-27,23.33,23.38,22.67,22.67,2164448.0,49601834.0,0.0159478927203065,23.33,23.38,22.67,22.67,1.0,0.8752246241437595
603955,大千生态,2026-05-28,23.25,24.94,22.61,24.94,5690296.0,137898990.0,0.0419267315060418,23.25,24.94,22.61,24.94,1.0,2.19747549845729
603955,大千生态,2026-05-29,25.23,25.45,23.55,23.69,5446566.0,133271815.0,0.0401309018567639,25.23,25.45,23.55,23.69,1.0,1.5971731038428814
603955,大千生态,2026-06-01,23.88,25.3,23.88,24.49,3920640.0,96655491.0,0.0288877099911582,23.88,25.3,23.88,24.49,1.0,0.9382524836897552
603955,大千生态,2026-06-02,24.26,25.02,23.81,24.64,2857700.0,69617576.0,0.0210558502799882,24.26,25.02,23.81,24.64,1.0,0.6766333365692652
603955,大千生态,2026-06-03,24.64,25.19,23.66,23.76,2955630.0,72004317.0,0.0217774093722369,24.64,25.19,23.66,23.76,1.0,0.7359764736935156
603955,大千生态,2026-06-04,23.87,24.18,22.81,23.0,1995700.0,46820953.0,0.0147045387562628,23.87,24.18,22.81,23.0,1.0,0.4781074372118946
603955,大千生态,2026-06-05,23.01,24.55,22.63,23.06,2904000.0,67993692.0,0.0213969938107869,23.01,24.55,22.63,23.06,1.0,0.8453540112047832
603955,大千生态,2026-06-08,22.6,24.73,22.5,23.97,4287600.0,103561535.0,0.0315915119363395,22.6,24.73,22.5,23.97,1.0,1.4649776850236476
603955,大千生态,2026-06-09,24.06,24.6,23.51,23.85,1759330.0,42023811.0,0.0129629384025935,24.06,24.6,23.51,23.85,1.0,0.5864187037477759
603955,大千生态,2026-06-10,23.95,23.95,23.12,23.42,1470840.0,34432872.0,0.0108373121131741,23.95,23.95,23.12,23.42,1.0,0.5289931277360659
603955,大千生态,2026-06-11,23.23,23.75,22.9,23.09,1328500.0,30793864.0,0.0097885352195697,23.23,23.75,22.9,23.09,1.0,0.5349318339404081
603955,大千生态,2026-06-12,23.8,25.4,23.6,24.91,5266100.0,130254126.0,0.0388012083701738,23.8,25.4,23.6,24.91,1.0,2.2408421253298862
603955,大千生态,2026-06-15,24.71,25.21,24.33,24.36,2726560.0,67186927.0,0.0200895962275272,24.71,25.21,24.33,24.36,1.0,0.9660177560537316
603955,大千生态,2026-06-16,24.18,24.39,23.2,24.22,3212890.0,76638523.0,0.0236729295608605,24.18,24.39,23.2,24.22,1.0,1.2799002177458485
603955,大千生态,2026-06-17,24.12,24.36,22.9,22.91,3622300.0,84366006.0,0.0266895078101974,24.12,24.36,22.9,22.91,1.0,1.2932268657590313
603955,大千生态,2026-06-18,23.1,23.11,21.46,21.62,3989300.0,87632484.0,0.0293936044798113,23.1,23.11,21.46,21.62,1.0,1.2345919715777387
603955,大千生态,2026-06-22,21.6,21.78,20.7,21.54,3008082.0,63574168.0,0.022163881520778,21.6,21.78,20.7,21.54,1.0,0.7992926665302663
603955,大千生态,2026-06-23,21.08,21.84,21.08,21.28,1680570.0,36095477.0,0.0123826259946949,21.08,21.84,21.08,21.28,1.0,0.5074450762274254
603955,大千生态,2026-06-24,21.43,21.43,20.42,20.6,2064630.0,42944989.0,0.0152124226348364,21.43,21.43,20.42,20.6,1.0,0.6654454655285177
603955,大千生态,2026-06-25,20.87,22.25,20.15,21.1,3850300.0,81987499.0,0.0283694370763336,20.87,22.25,20.15,21.1,1.0,1.3401780815185256
603955,大千生态,2026-06-26,20.87,20.99,19.82,19.89,2943900.0,59303850.0,0.0216909814323607,20.87,20.99,19.82,19.89,1.0,1.0086766959398425
603955,大千生态,2026-06-29,19.84,20.75,19.32,19.79,2239870.0,44526370.0,0.0165036103743,19.84,20.75,19.32,19.79,1.0,0.8266739162303371
603955,大千生态,2026-06-30,19.95,19.96,18.84,19.36,1966500.0,37910264.0,0.0144893899204244,19.95,19.96,18.84,19.36,1.0,0.7694101462759609
603955,大千生态,2026-07-01,19.45,20.08,19.25,19.69,1887990.0,37194406.0,0.0139109195402298,19.45,20.08,19.25,19.69,1.0,0.7225262529467593
603955,大千生态,2026-07-02,19.8,20.06,19.5,19.57,1541500.0,30448070.0,0.01135794282346,19.8,20.06,19.5,19.57,1.0,0.5980109492449117
603955,大千生态,2026-07-03,19.73,20.28,19.57,20.14,2026600.0,40615782.0,0.0149322133804892,19.73,20.28,19.57,20.14,1.0,0.9577721989912815
603955,大千生态,2026-07-06,20.05,20.27,19.54,19.57,1180400.0,23409366.0,0.0086973180076628,20.05,20.27,19.54,19.57,1.0,0.6108175350790586
603955,大千生态,2026-07-07,19.82,20.05,19.19,19.68,1390390.0,27132510.0,0.0102445475979958,19.82,20.05,19.19,19.68,1.0,0.8080853284730076
603955,大千生态,2026-07-08,19.61,19.79,19.2,19.27,978000.0,18970265.0,0.0072060123784261,19.61,19.79,19.2,19.27,1.0,0.6092030776590656
603955,大千生态,2026-07-09,19.5,19.5,18.61,18.91,1811900.0,34230275.0,0.013350279988211,19.5,19.5,18.61,18.91,1.0,1.2729577104606085
603955,大千生态,2026-07-10,18.93,19.63,18.52,19.05,2048230.0,39301261.0,0.0150915856174476,18.93,19.63,18.52,19.05,1.0,1.38632028795404
603955,大千生态,2026-07-13,19.0,19.04,17.85,17.92,2040400.0,37366063.0,0.0150338933097553,19.0,19.04,17.85,17.92,1.0,1.376988818883184
603955,大千生态,2026-07-14,17.9,18.07,17.61,17.69,1728100.0,30716525.0,0.0127328323017978,17.9,18.07,17.61,17.69,1.0,1.0449369446070345
603955,大千生态,2026-07-15,17.99,18.28,17.61,18.17,2069532.0,37337914.0,0.0152485411140583,17.99,18.28,17.61,18.17,1.0,1.2022893978247002
603955,大千生态,2026-07-16,18.17,18.48,17.68,18.37,1727400.0,31439556.0,0.0127276746242263,18.17,18.48,17.68,18.37,1.0,0.8905811224848585
603955,大千生态,2026-07-17,18.68,19.6,17.89,18.04,2781100.0,51431827.0,0.0204914529914529,18.68,19.6,17.89,18.04,1.0,1.4464311310299864
603955,大千生态,2026-07-20,18.04,19.55,17.75,18.05,3624300.0,67654578.0,0.0267042440318302,18.04,19.55,17.75,18.05,1.0,1.7514564300385869
603955,大千生态,2026-07-21,18.04,18.18,16.5,17.32,3227600.0,55089065.0,0.0237813144709696,18.04,18.18,16.5,17.32,1.0,1.3526752426064705
603955,大千生态,2026-07-22,17.32,17.53,16.83,16.95,1674900.0,28626739.0,0.012340848806366,17.32,17.53,16.83,16.95,1.0,0.6235697991620509
603955,大千生态,2026-07-23,16.8,17.24,16.72,17.17,1614100.0,27556391.0,0.0118928676687297,16.8,17.24,16.72,17.17,1.0,0.6191265256649252
603955,大千生态,2026-07-24,17.01,17.06,16.76,16.93,1112700.0,18810068.0,0.0081984969053934,17.01,17.06,16.76,16.93,1.0,0.4305448073053707
603955,大千生态,2026-07-27,16.8,18.62,16.8,18.62,2818440.0,51095958.0,0.0207665782493368,16.8,18.62,16.8,18.62,1.0,1.2522392834293026
603955,大千生态,2026-07-28,18.26,19.3,18.26,18.85,3618600.0,68335564.0,0.0266622458001768,18.26,19.3,18.26,18.85,1.0,1.731762084431657
603955,大千生态,2026-07-29,18.73,19.56,18.73,19.17,2556240.0,49140462.0,0.0188346595932802,18.73,19.56,18.73,19.17,1.0,1.179214558149748
603955,大千生态,2026-07-30,19.17,20.22,18.98,19.0,3664340.0,72041394.0,0.0269992631889183,19.17,20.22,18.98,19.0,1.0,1.5632743121207364
603955,大千生态,2026-07-31,19.0,19.93,19.0,19.4,2989242.0,58370311.0,0.0220250663129973,19.0,19.93,19.0,19.4,1.0,1.0853930772850595
603955,大千生态,2026-08-03,19.43,19.8,19.32,19.37,1898880.0,37074106.0,0.0139911582670203,19.43,19.8,19.32,19.37,1.0,0.6067925952181339
603955,大千生态,2026-08-04,19.38,19.95,19.26,19.88,2311700.0,45338445.0,0.017032861774241,19.38,19.95,19.26,19.88,1.0,0.7848348597726862
603955,大千生态,2026-08-05,19.81,20.54,19.81,20.51,1811172.0,36822401.0,0.0133449160035366,19.81,20.54,19.81,20.51,1.0,0.6747830653657022
603955,大千生态,2026-08-06,20.54,21.14,20.3,20.71,1752200.0,36177721.0,0.0129104037724727,20.54,21.14,20.3,20.71,1.0,0.6911849423455035
603955,大千生态,2026-08-07,20.71,21.0,20.07,20.33,1694200.0,34471875.0,0.0124830533451223,20.71,21.0,20.07,20.33,1.0,0.7870340346926759
603955,大千生态,2026-08-10,20.29,20.69,20.1,20.64,1197200.0,24576111.0,0.0088211022693781,20.29,20.69,20.1,20.64,1.0,0.6322247467087558
603955,大千生态,2026-08-11,20.85,21.11,20.3,20.87,1406380.0,29209320.0,0.0103623636899498,20.85,21.11,20.3,20.87,1.0,0.8021356824045067
603955,大千生态,2026-08-12,20.85,21.57,20.7,21.5,1670650.0,35530967.0,0.0123095343353964,20.85,21.57,20.7,21.5,1.0,1.0625987132674704
603955,大千生态,2026-08-13,21.5,21.54,20.35,20.4,2084100.0,43514293.0,0.0153558797524314,21.5,21.54,20.35,20.4,1.0,1.3496955559326118
603955,大千生态,2026-08-14,20.4,20.59,19.84,20.05,1855700.0,37291425.0,0.0136730032419687,20.4,20.59,19.84,20.05,1.0,1.152246561018711
603955,大千生态,2026-08-17,20.2,20.53,19.71,19.75,2638280.0,52768189.0,0.0194391394046566,20.2,20.53,19.71,19.75,1.0,1.6059595594367198
603955,大千生态,2026-08-18,19.84,19.86,19.01,19.7,3147000.0,61166443.0,0.0231874447391688,19.84,19.86,19.01,19.7,1.0,1.629706963462871
603955,大千生态,2026-08-19,19.56,19.56,18.63,18.71,2082100.0,39450486.0,0.0153411435307987,19.56,19.56,18.63,18.71,1.0,0.9135439326835578
603955,大千生态,2026-08-20,18.79,19.22,18.63,18.92,2050800.0,38793735.0,0.0151105216622458,18.79,19.22,18.63,18.92,1.0,0.8684546182915819
603955,大千生态,2026-08-21,18.77,18.87,18.32,18.75,1448060.0,26953442.0,0.0106694665487768,18.77,18.87,18.32,18.75,1.0,0.6149459651363867
603955,大千生态,2026-08-24,18.75,19.95,18.69,19.14,3353083.0,64974005.0,0.0247058871205422,18.75,19.95,18.69,19.14,1.0,1.4750185637466744
603955,大千生态,2026-08-25,19.14,20.12,19.02,20.1,2748683.0,54009552.0,0.0202526009431181,19.14,20.12,19.02,20.1,1.0,1.1376016954827493
603955,大千生态,2026-08-26,20.47,22.11,20.47,21.19,5840600.0,124034977.0,0.043034188034188,20.47,22.11,20.47,21.19,1.0,2.499673449501426
603955,大千生态,2026-08-27,21.35,21.57,19.82,19.86,5996300.0,121324768.0,0.0441814028882994,21.35,21.57,19.82,19.86,1.0,1.9416528195364797
603955,大千生态,2026-08-28,19.88,21.0,19.55,20.75,4800950.0,97590927.0,0.0353739316239316,19.88,21.0,19.55,20.75,1.0,1.2382054607879638
603955,大千生态,2026-08-31,20.59,21.0,20.45,20.5,3085800.0,63953829.0,0.022736516357206,20.59,21.0,20.45,20.5,1.0,0.6785074998627945
603955,大千生态,2026-09-01,20.47,20.7,20.28,20.33,1903500.0,38919459.0,0.014025198938992,20.47,20.7,20.28,20.33,1.0,0.42352077997420207
603955,大千生态,2026-09-02,20.45,21.08,20.2,20.76,2673520.0,55307461.0,0.0196987916298261,20.45,21.08,20.2,20.76,1.0,0.6180934612281322
603955,大千生态,2026-09-03,20.76,21.59,20.76,21.14,3538400.0,74920094.0,0.0260713233127026,20.76,21.59,20.76,21.14,1.0,0.9583928988351615
603955,大千生态,2026-09-04,21.36,21.95,21.1,21.17,3176600.0,68403409.0,0.0234055408193339,21.36,21.95,21.1,21.17,1.0,0.9925528850149699
603955,大千生态,2026-09-07,21.63,21.8,21.18,21.73,2269500.0,48819229.0,0.0167219274977895,21.63,21.8,21.18,21.73,1.0,0.7892364767398674
603955,大千生态,2026-09-08,21.8,22.28,21.6,22.2,2356550.0,51887189.0,,21.8,22.28,21.6,22.2,1.0,0.8688369740265103
603955,大千生态,2026-09-09,22.29,22.5,21.91,22.4,2229400.0,49535975.0,,22.29,22.5,21.91,22.4,1.0,0.7953865156048313
603955,大千生态,2026-09-10,22.41,23.12,21.82,22.81,3247300.0,73216159.0,,22.41,23.12,21.82,22.81,1.0,1.196459955270459
605162,新中港,2026-03-20,10.06,10.71,9.76,10.44,34123736.0,356677135.0,0.0851851821710597,10.26,10.92,9.95,10.64,0.9812030075187969,2.054263213089016
605162,新中港,2026-03-23,10.69,11.1,10.13,10.2,37413460.0,405151911.0,0.0933975226437591,10.9,11.32,10.33,10.4,0.9807692307692306,1.69850974252447
605162,新中港,2026-03-24,10.39,10.67,10.17,10.57,27281135.0,290062717.0,0.0681035761971747,10.59,10.88,10.37,10.78,0.9805194805194806,0.9595809453612016
605162,新中港,2026-03-25,10.35,10.94,10.26,10.74,29820495.0,324871926.0,0.0744427368388437,10.55,11.15,10.46,10.95,0.9808219178082191,0.9116259859864685
605162,新中港,2026-03-26,10.64,10.9,10.36,10.77,25514689.0,277708895.0,0.063693888339276,10.85,11.11,10.56,10.98,0.9808743169398906,0.7999366952825627
605162,新中港,2026-03-27,10.59,11.48,10.59,10.98,33439530.0,374108055.0,0.0834771566268306,10.8,11.7,10.8,11.2,0.9803571428571428,1.0846178239918824
605162,新中港,2026-03-30,10.78,10.78,9.89,10.35,29103796.0,301165173.0,0.0726535970190767,10.99,10.99,10.08,10.55,0.981042654028436,0.9481959679638617
605162,新中港,2026-03-31,10.0,11.39,9.96,11.39,32621079.0,363563961.0,0.0814321784865812,10.2,11.61,10.16,11.61,0.9810508182601206,1.1236276790288375
605162,新中港,2026-04-01,11.57,12.52,10.92,12.52,54830711.0,664231363.0,0.1368742047035952,11.8,12.77,11.13,12.77,0.980422866092404,1.82162328031341
605162,新中港,2026-04-02,13.14,13.78,13.14,13.78,46318813.0,642723634.0,0.1156259070247976,13.4,14.05,13.4,14.05,0.980782918149466,1.3195505800943714
605162,新中港,2026-04-03,14.2,15.16,12.48,12.54,65207513.0,919636069.0,0.162777872469579,14.48,15.46,12.72,12.79,0.980453479280688,1.6607969014771236
605162,新中港,2026-04-07,12.54,13.8,11.89,13.8,59477441.0,794464246.0,0.1484738622973538,12.79,14.07,12.12,14.07,0.980810234541578,1.303861417121056
605162,新中港,2026-04-08,13.86,15.18,13.86,15.18,61536964.0,894969798.0,0.1515601169711703,14.13,15.48,14.13,15.48,0.9806201550387597,1.1904747708713417
605162,新中港,2026-04-09,14.42,14.57,13.66,13.88,51978014.0,746517069.0,0.1280172658789135,14.7,14.86,13.93,14.15,0.9809187279151944,0.9043698573221483
605162,新中港,2026-04-10,13.53,14.56,12.9,13.9,48873271.0,682893149.0,0.1199080067085401,13.8,14.85,13.15,14.17,0.9809456598447424,0.8588761172835906
605162,新中港,2026-04-13,13.24,13.7,12.65,13.53,37229515.0,502775631.0,0.0913406621458935,13.5,13.97,12.9,13.8,0.9804347826086957,0.6484324313614183
605162,新中港,2026-04-14,13.23,14.59,13.04,13.78,40545877.0,575632184.0,0.0994771823502389,13.49,14.88,13.3,14.05,0.980782918149466,0.782451319390492
605162,新中港,2026-04-15,13.07,13.31,12.41,12.57,39738970.0,521607012.0,0.0974974783527477,13.33,13.57,12.65,12.82,0.9804992199687989,0.8273311029624172
605162,新中港,2026-04-16,12.06,13.02,11.58,12.79,39472013.0,497675993.0,0.0968425133567095,12.3,13.28,11.81,13.04,0.9808282208588956,0.903805464419044
605162,新中港,2026-04-17,12.75,13.02,12.4,12.5,25656061.0,329732323.0,0.0629457998524943,13.0,13.28,12.64,12.74,0.9811616954474096,0.6231444942832555
605162,新中港,2026-04-20,12.5,13.74,12.33,13.74,22134281.0,302777138.0,0.0543052973605288,12.74,14.01,12.57,14.01,0.980728051391863,0.6059457343199255
605162,新中港,2026-04-21,14.21,14.32,13.39,13.59,49511946.0,694165358.0,0.1214749623187872,14.49,14.6,13.65,13.86,0.9805194805194806,1.4775521587045064
605162,新中港,2026-04-22,13.46,13.51,12.9,13.25,28603018.0,385026558.0,0.0696185912476753,13.72,13.77,13.15,13.51,0.9807549962990376,0.8102228755366501
605162,新中港,2026-04-23,13.04,13.31,12.19,12.81,33928092.0,439164700.0,0.0825796064164112,13.3,13.57,12.43,13.06,0.9808575803981624,1.0257782689051815
605162,新中港,2026-04-24,12.29,12.54,11.69,11.77,26184897.0,321452649.0,0.0637329823414257,12.53,12.79,11.92,12.0,0.9808333333333332,0.819130961602906
605162,新中港,2026-04-27,11.44,11.77,11.18,11.7,16648303.0,196242314.0,0.0405212974912104,11.66,12.0,11.4,11.93,0.980720871751886,0.5190842814025651
605162,新中港,2026-04-28,11.67,11.69,11.14,11.3,16642271.0,192569575.0,0.0405066158466928,11.9,11.92,11.36,11.52,0.980902777777778,0.5372763853485715
605162,新中港,2026-04-29,11.1,11.37,11.09,11.25,11504798.0,132096996.0,0.0280022139394197,11.32,11.59,11.31,11.47,0.980819529206626,0.4714826817415693
605162,新中港,2026-04-30,11.14,11.3,10.88,10.95,15213599.0,170640293.0,0.0368369364026265,11.36,11.52,11.09,11.16,0.9811827956989246,0.7250899191914741
605162,新中港,2026-05-06,10.97,11.25,10.97,11.19,12187238.0,138707307.0,0.0295091589524394,11.18,11.47,11.18,11.41,0.9807186678352322,0.7069666487179807
605162,新中港,2026-05-07,11.32,11.65,11.21,11.64,17816835.0,208919331.0,0.043140194361051,11.54,11.88,11.43,11.87,0.9806234203875316,1.233917628555815
605162,新中港,2026-05-08,11.62,11.71,11.39,11.54,13491401.0,158706723.0,0.0326669501818296,11.85,11.94,11.61,11.77,0.9804587935429055,0.9194744516306547
605162,新中港,2026-05-11,11.54,11.61,11.41,11.46,13399275.0,156967587.0,0.0324438839893377,11.77,11.84,11.63,11.68,0.981164383561644,0.954175778173518
605162,新中港,2026-05-12,11.4,11.68,11.25,11.56,14327634.0,168333170.0,0.0346917348392126,11.62,11.91,11.47,11.79,0.9804919423240036,0.9934795621721912
605162,新中港,2026-05-13,11.63,12.21,11.53,11.82,23798355.0,288201904.0,0.057623346692793,11.86,12.45,11.76,12.05,0.9809128630705394,1.6707075779814893
605162,新中港,2026-05-14,11.81,12.14,11.34,11.34,24019856.0,287069170.0,0.0581596706914812,12.04,12.38,11.56,11.56,0.9809688581314878,1.4498877869461027
605162,新中港,2026-05-15,11.26,11.4,10.98,11.11,16644698.0,188637469.0,0.0400645696122179,11.48,11.62,11.19,11.33,0.9805825242718446,0.9347118358319504
605162,新中港,2026-05-18,10.9,11.02,10.62,10.8,13713554.0,150583522.0,0.0330091683768554,11.11,11.24,10.83,11.01,0.9809264305177112,0.7437672780740276
605162,新中港,2026-05-19,10.76,11.08,10.69,11.03,11878799.0,132046767.0,0.0285928269437537,10.97,11.3,10.9,11.25,0.9804444444444445,0.6420688048011539
605162,新中港,2026-05-20,10.89,10.94,10.62,10.69,11000103.0,120032479.0,0.0264777644139333,11.1,11.15,10.83,10.9,0.9807339449541284,0.6107418242811842
605162,新中港,2026-05-21,10.64,10.86,10.19,10.25,13549580.0,145799604.0,0.0326144752597082,10.85,11.07,10.39,10.45,0.9808612440191388,0.8769158941046256
605162,新中港,2026-05-22,10.26,10.55,10.12,10.49,9115096.0,96523523.0,0.0215860745306848,10.46,10.76,10.32,10.7,0.980373831775701,0.6824031850397116
605162,新中港,2026-05-25,10.45,11.14,10.25,10.62,19322039.0,210069804.0,0.0457578256925433,10.65,11.36,10.45,10.83,0.9806094182825484,1.6303555663139417
605162,新中港,2026-05-26,10.61,10.69,10.25,10.46,12984098.0,137728093.0,0.0307485195045357,10.82,10.9,10.45,10.66,0.9812382739212008,1.0008459489408694
605162,新中港,2026-05-27,10.3,11.5,10.3,10.79,38398403.0,428527868.0,0.0869673626835642,10.5,11.73,10.5,11.0,0.9809090909090908,2.910252375455875
605162,新中港,2026-05-28,10.54,10.56,9.71,9.71,34822468.0,355778502.0,0.0788683374173871,10.75,10.77,9.9,9.9,0.9808080808080808,1.864772432061548
605162,新中港,2026-05-29,9.79,10.13,9.61,9.61,30755347.0,310019674.0,0.0696568400776425,9.98,10.33,9.8,9.8,0.9806122448979592,1.341363509867195
605162,新中港,2026-06-01,9.7,10.05,9.37,10.0,22750381.0,227662936.0,0.0513730846004495,9.89,10.25,9.55,10.2,0.9803921568627452,0.8346781577116128
605162,新中港,2026-06-02,9.89,10.35,9.68,10.3,20765680.0,212799368.0,0.0468913920793618,10.08,10.55,9.87,10.5,0.980952380952381,0.7431671463209435
605162,新中港,2026-06-03,10.11,11.33,10.11,11.33,24737385.0,277215956.0,0.0558599775713159,10.31,11.55,10.31,11.55,0.9809523809523808,0.8385993208498731
605162,新中港,2026-06-04,11.52,12.47,11.28,12.47,32569456.0,403222483.0,0.0735457317606513,11.75,12.71,11.5,12.71,0.981117230527144,1.2168104730030154
605162,新中港,2026-06-05,12.91,13.24,11.77,12.06,73584379.0,936096725.0,0.1661623393313081,13.16,13.5,12.0,12.3,0.9804878048780488,2.7962212432238704
605162,新中港,2026-06-08,11.55,11.79,10.86,10.86,40738894.0,465319692.0,0.0919933010348594,11.78,12.02,11.07,11.07,0.9810298102981028,1.1679241189477634
605162,新中港,2026-06-09,10.95,11.03,10.15,10.35,38899047.0,411409647.0,0.0878387061916837,11.16,11.25,10.35,10.55,0.981042654028436,1.010912094055445
605162,新中港,2026-06-10,10.14,10.33,9.61,9.78,23161747.0,234006771.0,0.0523019982885213,10.34,10.53,9.8,9.97,0.9809428284854562,0.5500840570014905
605162,新中港,2026-06-11,9.56,9.67,9.19,9.34,19614144.0,187174567.0,0.0442910858977438,9.75,9.86,9.37,9.52,0.98109243697479,0.4693422661268075
605162,新中港,2026-06-12,9.29,9.44,8.96,9.0,20551980.0,191558248.0,0.0464088318893097,9.47,9.62,9.14,9.18,0.9803921568627452,0.5242899895652618
605162,新中港,2026-06-15,9.0,9.59,8.93,9.06,21277617.0,198740232.0,0.0480474071285647,9.18,9.78,9.1,9.24,0.9805194805194806,0.7441505315970227
605162,新中港,2026-06-16,9.06,9.2,8.84,8.88,18500760.0,168687139.0,0.0417769315007345,9.24,9.38,9.01,9.05,0.9812154696132596,0.748991120042677
605162,新中港,2026-06-17,8.83,9.0,8.59,8.7,20692694.0,184985172.0,0.0467265809514669,9.0,9.18,8.76,8.87,0.9808342728297632,1.00346460090372
605162,新中港,2026-06-18,8.7,8.71,8.35,8.42,15430896.0,133289322.0,0.0348448109800332,8.87,8.88,8.51,8.58,0.9813519813519812,0.7666596828339661
605162,新中港,2026-06-22,8.45,8.45,8.13,8.38,13249903.0,111933704.0,0.0299198676174588,8.62,8.62,8.29,8.54,0.981264637002342,0.6868512597001345
605162,新中港,2026-06-23,8.32,8.52,8.3,8.43,12914153.0,110914879.0,0.0291617039122179,8.48,8.69,8.46,8.59,0.9813736903376018,0.724278301733884
605162,新中港,2026-06-24,8.36,8.4,8.01,8.17,10776703.0,89329564.0,0.0243350858578112,8.52,8.56,8.17,8.33,0.9807923169267708,0.6669708893625157
605162,新中港,2026-06-25,8.19,8.23,7.94,7.98,9699211.0,77941520.0,0.0219019798947811,8.19,8.23,7.94,7.98,1.0,0.6637444343752381
605162,新中港,2026-06-26,8.05,8.19,7.68,7.72,10976667.0,85957967.0,0.0247866285150109,8.05,8.19,7.68,7.72,1.0,0.8842044349759838
605162,新中港,2026-06-29,7.58,7.75,7.41,7.63,9745060.0,73940619.0,0.0220055124270866,7.58,7.75,7.41,7.63,1.0,0.8456810833995743
605162,新中港,2026-06-30,7.63,7.74,7.47,7.71,8295092.0,63485855.0,0.018731311052967,7.63,7.74,7.47,7.71,1.0,0.7664772674141981
605162,新中港,2026-07-01,7.67,7.85,7.66,7.81,10524265.0,81797957.0,0.0237650506249785,7.67,7.85,7.66,7.81,1.0,1.0632131589904321
605162,新中港,2026-07-02,7.81,8.05,7.77,7.83,11787833.0,93151179.0,0.0266183384781543,7.81,8.05,7.77,7.83,1.0,1.1969701846830934
605162,新中港,2026-07-03,7.83,8.09,7.66,8.0,10522940.0,83349514.0,0.023762058616313,7.83,8.09,7.66,8.0,1.0,1.0250498758818543
605162,新中港,2026-07-06,8.08,8.16,7.75,7.76,9481650.0,74790328.0,0.0214107011043838,8.08,8.16,7.75,7.76,1.0,0.93185401371474
605162,新中港,2026-07-07,7.73,7.8,7.45,7.49,7469120.0,56542769.0,0.0168661673688414,7.73,7.8,7.45,7.49,1.0,0.7378835520110141
605162,新中港,2026-07-08,7.54,7.54,7.25,7.29,7523648.0,55219725.0,0.0169892981224359,7.54,7.54,7.25,7.29,1.0,0.7556016766866575
605162,新中港,2026-07-09,7.33,7.48,7.18,7.38,8589798.0,62968353.0,0.0193967924912893,7.33,7.48,7.18,7.38,1.0,0.9180039470181922
605162,新中港,2026-07-10,7.47,7.74,7.26,7.55,10622200.0,80616450.0,0.0239861995824551,7.47,7.74,7.26,7.55,1.0,1.2185011566251307
605162,新中港,2026-07-13,7.54,7.58,7.13,7.16,9737366.0,71002944.0,0.021988138453749,7.54,7.58,7.13,7.16,1.0,1.1144615296434481
605162,新中港,2026-07-14,7.13,7.31,7.05,7.3,7819882.0,56347162.0,0.0176582299677325,7.13,7.31,7.05,7.3,1.0,0.8897931943766406
605162,新中港,2026-07-15,7.3,7.53,7.26,7.35,7032565.0,51957648.0,0.0158803739024485,7.3,7.53,7.26,7.35,1.0,0.7938705698480663
605162,新中港,2026-07-16,7.35,7.4,7.21,7.27,6141232.0,44917626.0,0.013867637253503,7.35,7.4,7.21,7.27,1.0,0.7010248959797576
605162,新中港,2026-07-17,7.23,7.44,7.07,7.15,14992729.0,109207130.0,0.0338553774246072,7.23,7.44,7.07,7.15,1.0,1.8127633030974957
605162,新中港,2026-07-20,7.1,7.47,7.08,7.27,18491029.0,134904223.0,0.0417549577374711,7.1,7.47,7.08,7.27,1.0,2.0220366105387537
605162,新中港,2026-07-21,7.2,7.2,6.66,6.98,19429993.0,133453420.0,0.0438752508881122,7.2,7.2,6.66,6.98,1.0,1.7833064540095747
605162,新中港,2026-07-22,6.87,7.68,6.82,7.68,10264131.0,76520873.0,0.0231776369025686,6.87,7.68,6.82,7.68,1.0,0.7765555925906042
605162,新中港,2026-07-23,8.34,8.45,8.17,8.45,13647128.0,114023394.0,0.0308168492341804,8.34,8.45,8.17,8.45,1.0,0.9843697656031783
605162,新中港,2026-07-24,8.65,9.0,8.05,8.64,64450936.0,551824928.0,0.1455379313298604,8.65,9.0,8.05,8.64,1.0,4.194658484261831
605162,新中港,2026-07-27,7.78,8.75,7.78,8.39,45303002.0,376416441.0,0.102299603439623,7.78,8.75,7.78,8.39,1.0,1.7937063640055988
605162,新中港,2026-07-28,8.13,9.23,8.13,9.23,52212412.0,458267480.0,0.1179018786045617,8.13,9.23,8.13,9.23,1.0,1.7052270551413145
605162,新中港,2026-07-29,9.15,9.17,8.33,8.74,52081483.0,449705867.0,0.1176062252441344,9.15,9.17,8.33,8.74,1.0,1.4009617209999727
605162,新中港,2026-07-30,8.58,8.7,8.1,8.19,37829597.0,316506679.0,0.0854237600276634,8.58,8.7,8.1,8.19,1.0,0.8307078214172688
605162,新中港,2026-07-31,7.93,8.42,7.88,8.32,26938878.0,223106170.0,0.0608312123887151,7.93,8.42,7.88,8.32,1.0,0.5347616497436869
605162,新中港,2026-08-03,8.31,8.52,8.28,8.44,20883682.0,175851499.0,0.0471578547258125,8.31,8.52,8.28,8.44,1.0,0.48710483892892925
605162,新中港,2026-08-04,8.45,8.69,8.42,8.55,21792218.0,185627266.0,0.0492094378087751,8.45,8.69,8.42,8.55,1.0,0.5736422992355745
605162,新中港,2026-08-05,8.6,8.77,8.43,8.57,20339110.0,174317274.0,0.0459281459386482,8.6,8.77,8.43,8.57,1.0,0.6374863064519609
605162,新中港,2026-08-06,8.53,8.57,8.39,8.52,15384674.0,130327552.0,0.0347404361690618,8.53,8.57,8.39,8.52,1.0,0.6019820949475592
605162,新中港,2026-08-07,8.52,8.52,8.3,8.48,11316033.0,95135187.0,0.0255529575812589,8.52,8.52,8.3,8.48,1.0,0.5371268026233357
605162,新中港,2026-08-10,8.51,9.33,8.47,9.33,21732868.0,197475177.0,0.0490754184017578,8.51,9.33,8.47,9.33,1.0,1.211207396358433
605162,新中港,2026-08-11,9.43,9.55,9.02,9.1,38391508.0,352725905.0,0.0866926223531305,9.43,9.55,9.02,9.1,1.0,2.119557727566936
605162,新中港,2026-08-12,9.07,9.29,9.02,9.09,19970521.0,181256822.0,0.0450958278390175,9.07,9.29,9.02,9.09,1.0,0.9317720985404144
605162,新中港,2026-08-13,9.11,9.18,8.97,9.05,22360951.0,203066555.0,0.05049370502716,9.11,9.18,8.97,9.05,1.0,1.0469040935430263
605162,新中港,2026-08-14,9.1,9.1,8.56,8.66,19625706.0,170919384.0,0.044317194278265,9.1,9.1,8.56,8.66,1.0,0.8625024842474038
605162,新中港,2026-08-17,8.55,9.53,8.4,9.53,31012271.0,280452091.0,0.0700294215615584,8.55,9.53,8.4,9.53,1.0,1.2701456519794956
605162,新中港,2026-08-18,9.54,9.96,9.47,9.72,38179420.0,372173159.0,0.0862137022521115,9.54,9.96,9.47,9.72,1.0,1.453225557727933
605162,新中港,2026-08-19,9.7,10.0,9.06,9.14,25303163.0,237344010.0,0.0571375720458468,9.7,10.0,9.06,9.14,1.0,0.9646733209723677
605162,新中港,2026-08-20,9.18,9.5,9.0,9.01,20820501.0,191710531.0,0.0470151844620424,9.18,9.5,9.0,9.01,1.0,0.7627590304154824
605162,新中港,2026-08-21,8.99,9.9,8.94,9.21,39663649.0,373159618.0,0.089565269066902,8.99,9.9,8.94,9.21,1.0,1.4696656712963003
605162,新中港,2026-08-24,8.63,9.1,8.45,8.92,33985264.0,299593841.0,0.0767427957641945,8.63,9.1,8.45,8.92,1.0,1.0964473613470893
605162,新中港,2026-08-25,8.71,9.39,8.71,9.0,27587785.0,248022654.0,0.0622965220997403,8.71,9.39,8.71,9.0,1.0,0.8732964927312695
605162,新中港,2026-08-26,8.91,9.9,8.65,9.9,27169112.0,261407473.0,0.0613511083306732,8.91,9.9,8.65,9.9,1.0,0.921859570350404
605162,新中港,2026-08-27,10.01,10.23,9.65,9.79,54496863.0,538324561.0,0.1230604425199784,10.01,10.23,9.65,9.79,1.0,1.8259803728579742
605162,新中港,2026-08-28,9.83,10.44,9.68,10.16,53262163.0,536200712.0,0.120272342067675,9.83,10.44,9.68,10.16,1.0,1.4560247296112505
605162,新中港,2026-08-31,10.43,10.81,10.05,10.59,54855999.0,575421414.0,0.1238714146136355,10.43,10.81,10.05,10.59,1.0,1.3958185148265796
605162,新中港,2026-09-01,10.23,11.07,10.1,10.92,46270195.0,487540326.0,0.1044836410526179,10.23,11.07,10.1,10.92,1.0,1.0643093775469308
605162,新中港,2026-09-02,10.52,10.6,10.0,10.2,31928230.0,328345786.0,0.0720977666674071,10.52,10.6,10.0,10.2,1.0,0.6762898551677501
605162,新中港,2026-09-03,10.11,10.98,10.0,10.34,32089234.0,336173773.0,0.0724613329792421,10.11,10.98,10.0,10.34,1.0,0.6662674780000868
605162,新中港,2026-09-04,10.35,10.87,10.18,10.68,36119643.0,380415424.0,0.0815624791328565,10.35,10.87,10.18,10.68,1.0,0.8268928647281795
605162,新中港,2026-09-07,10.5,10.59,10.1,10.26,25179130.0,258810805.0,0.0568574906791986,10.5,10.59,10.1,10.26,1.0,0.6255271049141741
605162,新中港,2026-09-08,10.15,10.48,9.77,10.21,27817852.0,279671967.0,,10.15,10.48,9.77,10.21,1.0,0.8106075659875019
605162,新中港,2026-09-09,10.09,11.23,9.84,11.23,64742636.0,697972963.0,,10.09,11.23,9.84,11.23,1.0,2.1139197817672066
605162,新中港,2026-09-10,11.13,11.23,10.6,10.65,50339279.0,546679809.0,,11.13,11.23,10.6,10.65,1.0,1.353581243021085
688152,麒麟信安,2026-03-20,37.2,37.46,35.0,35.0,1763791.0,63207677.0,0.0171524345256832,37.2,37.46,35.0,35.0,1.0,1.663501175717852
688152,麒麟信安,2026-03-23,34.69,34.69,32.09,32.34,2008986.0,66891887.0,0.0195368957138426,34.69,34.69,32.09,32.34,1.0,1.71548357248656
688152,麒麟信安,2026-03-24,33.0,33.68,32.2,33.65,1326156.0,43553159.0,0.0128965415748475,33.0,33.68,32.2,33.65,1.0,0.9741102263371947
688152,麒麟信安,2026-03-25,33.65,34.48,33.65,34.24,906816.0,31055940.0,0.008818563008226,33.65,34.48,33.65,34.24,1.0,0.6274986537526567
688152,麒麟信安,2026-03-26,34.79,34.79,33.05,33.2,841980.0,28359054.0,0.0081880488232079,34.79,34.79,33.05,33.2,1.0,0.603397653802334
688152,麒麟信安,2026-03-27,33.2,34.07,32.89,33.85,660156.0,22159793.0,0.0064198550546731,33.2,34.07,32.89,33.85,1.0,0.48202550071709904
688152,麒麟信安,2026-03-30,33.44,33.76,32.77,33.56,877177.0,29225116.0,0.0085303310085691,33.44,33.76,32.77,33.56,1.0,0.7635468709251624
688152,麒麟信安,2026-03-31,33.41,34.03,32.75,32.81,951020.0,31680199.0,0.0092484360576821,33.41,34.03,32.75,32.81,1.0,1.0309640449365118
688152,麒麟信安,2026-04-01,33.5,33.8,33.22,33.64,955689.0,32001370.0,0.0092938409366051,33.5,33.8,33.22,33.64,1.0,1.127750050800668
688152,麒麟信安,2026-04-02,33.65,34.4,32.9,33.06,1435356.0,48281241.0,0.0139584847700473,33.65,34.4,32.9,33.06,1.0,1.6744617736446523
688152,麒麟信安,2026-04-03,33.12,33.49,32.03,32.09,936874.0,30408951.0,0.0091108696800329,33.12,33.49,32.03,32.09,1.0,0.9600303152151147
688152,麒麟信安,2026-04-07,32.06,32.69,31.99,32.36,696816.0,22573092.0,0.0067763645559187,32.06,32.69,31.99,32.36,1.0,0.6757179241118703
688152,麒麟信安,2026-04-08,33.19,35.13,33.0,34.93,1942229.0,66774439.0,0.0188877002753632,33.19,35.13,33.0,34.93,1.0,1.9516927581844363
688152,麒麟信安,2026-04-09,34.4,34.88,33.71,33.84,1119580.0,38228749.0,0.0108876406820674,34.4,34.88,33.71,33.84,1.0,0.9381487805188702
688152,麒麟信安,2026-04-10,34.08,34.71,34.07,34.08,847341.0,29103917.0,0.0082401832322689,34.08,34.71,34.07,34.08,1.0,0.6910463548721997
688152,麒麟信安,2026-04-13,33.82,34.73,33.61,34.11,823963.0,28105146.0,0.0080128379207545,33.82,34.73,33.61,34.11,1.0,0.74326789155018
688152,麒麟信安,2026-04-14,34.36,34.92,34.14,34.59,780487.0,26977298.0,0.0075900444925996,34.36,34.92,34.14,34.59,1.0,0.7186898760554695
688152,麒麟信安,2026-04-15,34.9,34.92,34.16,34.23,908420.0,31390327.0,0.0088341615144998,34.9,34.92,34.16,34.23,1.0,0.8237993325594892
688152,麒麟信安,2026-04-16,34.4,35.22,34.38,35.16,1137185.0,39631860.0,0.0110588449856525,34.4,35.22,34.38,35.16,1.0,1.2692388997611719
688152,麒麟信安,2026-04-17,35.0,35.0,34.43,34.71,1173160.0,40678199.0,0.0114086930300418,35.0,35.0,34.43,34.71,1.0,1.3042658462808256
688152,麒麟信安,2026-04-20,35.02,35.58,34.77,35.24,964040.0,33958169.0,0.0093750523617251,35.02,35.58,34.77,35.24,1.0,0.9993748982784305
688152,麒麟信安,2026-04-21,35.1,35.18,34.22,34.55,935753.0,32296322.0,0.0090999682301994,35.1,35.18,34.22,34.55,1.0,0.9426737334817294
688152,麒麟信安,2026-04-22,34.5,35.07,34.15,34.93,843563.0,29228321.0,0.0082034431096365,34.5,35.07,34.15,34.93,1.0,0.8240240708418269
688152,麒麟信安,2026-04-23,34.77,35.18,34.23,34.35,790377.0,27361746.0,0.0076862223149488,34.77,35.18,34.23,34.35,1.0,0.7819783956351989
688152,麒麟信安,2026-04-24,34.36,34.69,33.52,34.09,1049311.0,35775408.0,0.0102042919056618,34.36,34.69,33.52,34.09,1.0,1.1146535517165994
688152,麒麟信安,2026-04-27,34.11,34.9,33.34,34.84,881828.0,30337853.0,0.0085755608419105,34.11,34.9,33.34,34.84,1.0,0.9620549137210989
688152,麒麟信安,2026-04-28,34.44,34.72,33.89,34.05,840918.0,28789858.0,0.0081777211338919,34.44,34.72,33.89,34.05,1.0,0.9341806137176415
688152,麒麟信安,2026-04-29,33.75,34.61,33.75,34.19,871608.0,29915741.0,0.0084761738505648,33.75,34.61,33.75,34.19,1.0,0.9891155168739334
688152,麒麟信安,2026-04-30,34.43,35.48,34.23,35.29,1266963.0,44543230.0,0.0123209041796693,34.43,35.48,34.23,35.29,1.0,1.428677265573939
688152,麒麟信安,2026-05-06,36.0,36.78,35.76,36.01,1571019.0,56856455.0,0.0152777741445014,36.0,36.78,35.76,36.01,1.0,1.5996110884391976
688152,麒麟信安,2026-05-07,35.95,38.09,35.78,37.85,2760289.0,103257969.0,0.0270887254043933,35.95,38.09,35.78,37.85,1.0,2.5406096014679505
688152,麒麟信安,2026-05-08,37.7,39.16,37.49,38.25,2364012.0,90935994.0,0.0231997707199103,37.7,39.16,37.49,38.25,1.0,1.6167949951284382
688152,麒麟信安,2026-05-11,38.36,38.83,37.75,38.65,2132592.0,81868203.0,0.0209286777897553,38.36,38.83,37.75,38.65,1.0,1.2070513435132944
688152,麒麟信安,2026-05-12,38.98,40.48,38.74,40.1,3891373.0,154861479.0,0.0381888761079257,38.98,40.48,38.74,40.1,1.0,1.9274002897509874
688152,麒麟信安,2026-05-13,39.9,43.11,38.99,41.81,5462901.0,226949734.0,0.053611424419829,39.9,43.11,38.99,41.81,1.0,2.147487457038662
688152,麒麟信安,2026-05-14,41.92,42.27,38.39,38.99,4534504.0,182138124.0,0.0445003888002752,41.92,42.27,38.39,38.99,1.0,1.3648962773055018
688152,麒麟信安,2026-05-15,38.74,39.29,37.66,37.95,2676363.0,102487908.0,0.0262650984695726,38.74,39.29,37.66,37.95,1.0,0.7278508001628685
688152,麒麟信安,2026-05-18,37.6,38.64,37.55,38.05,1639057.0,62372826.0,0.0160852595489634,37.6,38.64,37.55,38.05,1.0,0.43830367028986883
688152,麒麟信安,2026-05-19,38.06,39.99,37.99,38.84,2009642.0,77955642.0,0.0197220799340705,38.06,39.99,37.99,38.84,1.0,0.5519721330211855
688152,麒麟信安,2026-05-20,38.42,38.89,37.6,37.78,1600967.0,60880509.0,0.0157114546500367,38.42,38.89,37.6,37.78,1.0,0.4904182070026547
688152,麒麟信安,2026-05-21,37.84,38.34,35.71,35.77,2156522.0,80001428.0,0.0211635203004225,37.84,38.34,35.71,35.77,1.0,0.8653409930377777
688152,麒麟信安,2026-05-22,35.9,36.97,35.51,36.78,1528717.0,55439280.0,0.0150024128031622,35.9,36.97,35.51,36.78,1.0,0.7581003061625972
688152,麒麟信安,2026-05-25,36.53,37.96,36.02,37.43,1708600.0,62990093.0,0.0167677356341841,36.53,37.96,36.02,37.43,1.0,0.9561377541227355
688152,麒麟信安,2026-05-26,37.31,37.89,35.4,36.1,1556218.0,56204678.0,0.0152723001364618,37.31,37.89,35.4,36.1,1.0,0.864138479116099
688152,麒麟信安,2026-05-27,35.74,36.06,34.41,34.63,1472045.0,51573560.0,0.014446249210829,35.74,36.06,34.41,34.63,1.0,0.8607419415499243
688152,麒麟信安,2026-05-28,34.58,34.62,32.8,34.0,2085999.0,70105500.0,0.0204714267617771,34.58,34.62,32.8,34.0,1.0,1.2384075851847913
688152,麒麟信安,2026-05-29,34.0,34.54,31.16,31.36,2318935.0,74505332.0,0.0227573973035565,34.0,34.54,31.16,31.36,1.0,1.3883212982838335
688152,麒麟信安,2026-06-01,31.53,34.18,31.37,33.39,2337251.0,77575135.0,0.0229371455453192,31.53,34.18,31.37,33.39,1.0,1.2783323672577722
688152,麒麟信安,2026-06-02,33.41,33.86,32.22,32.7,1436586.0,47173124.0,0.0140982642302294,33.41,33.86,32.22,32.7,1.0,0.7351689502876428
688152,麒麟信安,2026-06-03,32.69,32.86,31.75,32.1,1231742.0,39844382.0,0.0120879809349884,32.69,32.86,31.75,32.1,1.0,0.6381543280899771
688152,麒麟信安,2026-06-04,31.88,31.99,30.9,31.29,1193938.0,37420716.0,0.0117169827622653,31.88,31.99,30.9,31.29,1.0,0.6343639289377742
688152,麒麟信安,2026-06-05,31.37,32.0,30.51,31.26,1477019.0,46114848.0,0.0144950626938235,31.37,32.0,30.51,31.26,1.0,0.8669527045524235
688152,麒麟信安,2026-06-08,30.43,31.59,30.0,30.8,1435728.0,44177582.0,0.0140898440516187,30.43,31.59,30.0,30.8,1.0,0.9351405373465324
688152,麒麟信安,2026-06-09,31.1,31.45,30.42,31.17,1138454.0,35251642.0,0.0111724778787776,31.1,31.45,30.42,31.17,1.0,0.840185841709824
688152,麒麟信安,2026-06-10,30.97,31.38,29.75,30.28,1158662.0,35198258.0,0.0113707936938868,30.97,31.38,29.75,30.28,1.0,0.8944598488068563
688152,麒麟信安,2026-06-11,30.0,30.73,28.8,29.24,1134806.0,33153357.0,0.0111366773990904,30.0,30.73,28.8,29.24,1.0,0.8860409622347728
688152,麒麟信安,2026-06-12,29.72,30.18,29.32,29.65,1173203.0,34850014.0,0.0115134951125083,29.72,30.18,29.32,29.65,1.0,0.9245580817533585
688152,麒麟信安,2026-06-15,29.42,30.28,29.42,29.95,947703.0,28366968.0,0.009300499452021,29.42,30.28,29.42,29.95,1.0,0.7844115723392043
688152,麒麟信安,2026-06-16,29.9,30.55,29.26,30.54,1195667.0,35972659.0,0.0117339506979503,29.9,30.55,29.26,30.54,1.0,1.076628881715767
688152,麒麟信安,2026-06-17,30.12,30.48,29.93,30.48,1027398.0,30958576.0,0.0100826045037395,30.12,30.48,29.93,30.48,1.0,0.9156777998592167
688152,麒麟信安,2026-06-18,30.45,31.73,30.23,30.83,1688400.0,52497929.0,0.0165694983288987,30.45,31.73,30.23,30.83,1.0,1.5408548294628528
688152,麒麟信安,2026-06-22,30.83,31.07,29.13,30.66,1600180.0,47908883.0,0.015703731246113,30.83,31.07,29.13,30.66,1.0,1.3263275750115502
688152,麒麟信安,2026-06-23,30.6,31.24,30.2,30.5,1093080.0,33618860.0,0.0107271897852124,30.6,31.24,30.2,30.5,1.0,0.8461225498301066
688152,麒麟信安,2026-06-24,30.5,30.57,28.61,28.93,1725542.0,50369708.0,0.0169339998136961,30.5,30.57,28.61,28.93,1.0,1.3062936004148544
688152,麒麟信安,2026-06-25,29.2,29.2,27.61,28.1,1596438.0,44725995.0,0.0156670082759953,29.2,29.2,27.61,28.1,1.0,1.1187999327222269
688152,麒麟信安,2026-06-26,27.89,27.89,26.82,26.87,1392317.0,37884844.0,0.013663820306087,27.89,27.89,26.82,26.87,1.0,0.9036747563489468
688152,麒麟信安,2026-06-29,26.88,27.06,26.08,27.03,1590500.0,42319580.0,0.0156087343592238,26.88,27.06,26.08,27.03,1.0,1.0735658193382784
688152,麒麟信安,2026-06-30,27.08,27.84,26.77,27.48,1285620.0,35347597.0,0.0126167249713331,27.08,27.84,26.77,27.48,1.0,0.8689114458107374
688152,麒麟信安,2026-07-01,27.46,28.54,27.36,28.15,1540639.0,43245724.0,0.0151194120681925,27.46,28.54,27.36,28.15,1.0,1.0148579452222455
688152,麒麟信安,2026-07-02,28.79,28.79,27.49,27.53,1397795.0,39261969.0,0.0137175799079857,28.79,28.79,27.49,27.53,1.0,0.9437528576679485
688152,麒麟信安,2026-07-03,27.49,28.06,27.4,27.72,1093868.0,30355945.0,0.0107349230028641,27.49,28.06,27.4,27.72,1.0,0.7589063270315232
688152,麒麟信安,2026-07-06,27.72,27.93,26.75,27.06,1301710.0,35466114.0,0.0127746278546024,27.72,27.93,26.75,27.06,1.0,0.942118185600127
688152,麒麟信安,2026-07-07,27.22,27.24,25.82,25.98,1154928.0,30405290.0,0.0113341492335929,27.22,27.24,25.82,25.98,1.0,0.8723506080096296
688152,麒麟信安,2026-07-08,25.9,27.2,25.7,26.8,1480972.0,39390930.0,0.014533856360546,25.9,27.2,25.7,26.8,1.0,1.1411509429891478
688152,麒麟信安,2026-07-09,26.64,27.17,26.02,27.15,1437839.0,38269918.0,0.0141105608313939,26.64,27.17,26.02,27.15,1.0,1.1181971896355933
688152,麒麟信安,2026-07-10,26.76,28.33,26.69,27.37,1559746.0,43190860.0,0.0153069229687908,26.76,28.33,26.69,27.37,1.0,1.2054951086799426
688152,麒麟信安,2026-07-13,27.66,27.7,25.89,26.32,1557527.0,41442494.0,0.0152851463063934,27.66,27.7,25.89,26.32,1.0,1.1229150730440889
688152,麒麟信安,2026-07-14,26.21,26.5,25.11,26.29,1488400.0,38370805.0,0.0146067527320142,26.21,26.5,25.11,26.29,1.0,1.0349030150415548
688152,麒麟信安,2026-07-15,26.34,27.38,26.04,26.78,1250574.0,33563907.0,0.012272793060391,26.34,27.38,26.04,26.78,1.0,0.8310031624759917
688152,麒麟信安,2026-07-16,26.85,27.55,26.37,26.9,1136777.0,30693767.0,0.0111560202569477,26.85,27.55,26.37,26.9,1.0,0.7792456793078667
688152,麒麟信安,2026-07-17,26.92,27.23,25.16,25.31,1587003.0,41433124.0,0.0155744157524622,26.92,27.23,25.16,25.31,1.0,1.1347043853989347
688152,麒麟信安,2026-07-20,25.17,26.36,24.3,24.98,1858270.0,46901701.0,0.0182365563016126,25.17,26.36,24.3,24.98,1.0,1.3235011533014134
688152,麒麟信安,2026-07-21,25.0,25.65,23.76,25.52,1951320.0,48427992.0,0.0191497236905631,25.0,25.65,23.76,25.52,1.0,1.332682422568209
688152,麒麟信安,2026-07-22,25.99,26.3,25.0,25.58,1519226.0,38811817.0,0.014909270710862,25.99,26.3,25.0,25.58,1.0,0.975871614698153
688152,麒麟信安,2026-07-23,25.3,25.51,24.72,25.32,1354009.0,33942194.0,0.0132878760144597,25.3,25.51,24.72,25.32,1.0,0.8407282570738679
688152,麒麟信安,2026-07-24,24.81,25.04,24.44,24.45,1031510.0,25492220.0,0.0101229585532115,24.81,25.04,24.44,24.45,1.0,0.6236586782699712
688152,麒麟信安,2026-07-27,24.48,25.37,24.17,25.35,977585.0,24543276.0,0.0095937532716515,24.48,25.37,24.17,25.35,1.0,0.6336158593060841
688152,麒麟信安,2026-07-28,24.95,26.09,24.87,25.76,1166964.0,30083063.0,0.0114522672636134,24.95,26.09,24.87,25.76,1.0,0.8538365295266804
688152,麒麟信安,2026-07-29,25.75,26.41,25.46,26.11,1265378.0,32838598.0,0.0124180754894724,25.75,26.41,25.46,26.11,1.0,1.0458889913434526
688152,麒麟信安,2026-07-30,26.09,26.75,25.65,25.67,1213785.0,31848032.0,0.0119117558215721,26.09,26.75,25.65,25.67,1.0,1.047188602913391
688152,麒麟信安,2026-07-31,26.23,27.74,26.22,27.13,2183916.0,59162225.0,0.0214323575648278,26.23,27.74,26.22,27.13,1.0,1.930884410903763
688152,麒麟信安,2026-08-03,27.14,27.87,27.01,27.44,1352700.0,37110457.0,0.0132750298445281,27.14,27.87,27.01,27.44,1.0,0.993517859671533
688152,麒麟信安,2026-08-04,27.8,28.23,27.68,28.05,1519477.0,42526879.0,0.0149117339565861,27.8,28.23,27.68,28.05,1.0,1.0577275283272698
688152,麒麟信安,2026-08-05,27.97,29.15,27.82,28.6,1592175.0,45592744.0,0.0156251723535977,27.97,29.15,27.82,28.6,1.0,1.056483681509958
688152,麒麟信安,2026-08-06,28.58,29.8,28.22,29.03,2593912.0,75200396.0,0.025455946783529,28.58,29.8,28.22,29.03,1.0,1.649640367471448
688152,麒麟信安,2026-08-07,29.33,29.33,27.46,28.45,2776001.0,77862757.0,0.0272429186984845,29.33,29.33,27.46,28.45,1.0,1.5018107199816493
688152,麒麟信安,2026-08-10,28.87,28.87,27.98,28.62,1267049.0,35966033.0,0.0124344742289344,28.87,28.87,27.98,28.62,1.0,0.6442011680588229
688152,麒麟信安,2026-08-11,28.75,28.78,28.11,28.55,1062605.0,30282558.0,0.0104281164248871,28.75,28.78,28.11,28.55,1.0,0.5450031153146488
688152,麒麟信安,2026-08-12,28.54,28.99,28.35,28.83,1072207.0,30823490.0,0.0105223478409935,28.54,28.99,28.35,28.83,1.0,0.5769676988448452
688152,麒麟信安,2026-08-13,28.98,29.31,28.0,28.25,1087190.0,31227188.0,0.0106693869273841,28.98,29.31,28.0,28.25,1.0,0.6197093085161565
688152,麒麟信安,2026-08-14,28.3,28.65,27.67,28.24,901158.0,25272110.0,0.0088437194829861,28.3,28.65,27.67,28.24,1.0,0.6202006537599456
688152,麒麟信安,2026-08-17,28.3,29.27,27.73,29.15,1442744.0,41383685.0,0.0141586971671575,28.3,29.27,27.73,29.15,1.0,1.3383006113492073
688152,麒麟信安,2026-08-18,29.02,34.98,28.21,34.98,6921236.0,225672003.0,0.0679231274199917,29.02,34.98,28.21,34.98,1.0,6.217530880877572
688152,麒麟信安,2026-08-19,34.17,39.95,33.2,37.93,13226462.0,489060794.0,0.1298009002642993,34.17,39.95,33.2,37.93,1.0,5.7886215937891565
688152,麒麟信安,2026-08-20,36.0,37.29,34.5,35.54,9171400.0,328087674.0,0.0900056248363315,36.0,37.29,34.5,35.54,1.0,1.944841105077911
688152,麒麟信安,2026-08-21,35.01,35.2,32.0,33.1,6660743.0,219999910.0,0.0653667199761455,35.01,35.2,32.0,33.1,1.0,1.0518180526166188
688152,麒麟信安,2026-08-24,32.94,33.26,31.43,31.82,5129956.0,164357520.0,0.0503439927560555,32.94,33.26,31.43,31.82,1.0,0.6854090918625745
688152,麒麟信安,2026-08-25,31.28,31.72,30.6,31.5,3862516.0,120369413.0,0.0379056813594792,31.28,31.72,30.6,31.5,1.0,0.46978047592888866
688152,麒麟信安,2026-08-26,31.19,31.85,30.66,30.98,3630803.0,112996228.0,0.0356317130070247,31.19,31.85,30.66,30.98,1.0,0.47709595709997904
688152,麒麟信安,2026-08-27,31.0,32.18,31.0,31.7,4063015.0,128530998.0,0.0398733240066279,31.0,32.18,31.0,31.7,1.0,0.7139264304604488
688152,麒麟信安,2026-08-28,33.87,38.04,33.52,38.04,7332932.0,266716620.0,0.0719633999762664,33.87,38.04,33.52,38.04,1.0,1.570420532664686
688152,麒麟信安,2026-08-31,36.0,40.88,35.11,37.55,11215302.0,413133933.0,0.1100639230911484,36.0,40.88,35.11,37.55,1.0,2.33465138879186
688152,麒麟信安,2026-09-01,37.43,40.26,36.3,39.11,10081383.0,384936092.0,0.0989359504687801,37.43,40.26,36.3,39.11,1.0,1.6743942314667994
688152,麒麟信安,2026-09-02,38.0,38.96,36.7,36.92,6347942.0,237382054.0,0.0622969760488902,38.0,38.96,36.7,36.92,1.0,0.873808052569918
688152,麒麟信安,2026-09-03,37.49,37.53,35.9,36.15,4621702.0,167872658.0,0.0453561262530609,37.49,37.53,35.9,36.15,1.0,0.5919100984529582
688152,麒麟信安,2026-09-04,37.15,38.44,36.0,36.36,5641659.0,210254759.0,0.0553657068068684,37.15,38.44,36.0,36.36,1.0,0.7123439753080241
688152,麒麟信安,2026-09-07,37.09,37.09,35.81,36.49,4032648.0,146433652.0,0.039575310528925,37.09,37.09,35.81,36.49,1.0,0.5318995036085798
688152,麒麟信安,2026-09-08,36.83,38.8,36.41,37.05,5686272.0,213694698.0,,36.83,38.8,36.41,37.05,1.0,0.9253393307294886
688152,麒麟信安,2026-09-09,36.65,36.88,34.74,34.99,5665796.0,200560243.0,,36.65,36.88,34.74,34.99,1.0,1.0759111307184903
688152,麒麟信安,2026-09-10,35.29,36.23,34.3,35.0,3905361.0,138675579.0,,35.29,36.23,34.3,35.0,1.0,0.7613360253090319
688600,皖仪科技,2026-03-20,25.07,25.38,23.97,23.97,1700101.0,42092076.0,0.012620592807476351,25.25,25.56,24.14,24.14,0.9929577464788731,0.6428210605917384
688600,皖仪科技,2026-03-23,23.78,23.94,22.31,22.63,2151461.0,49820341.0,0.01597123536905506,23.95,24.11,22.47,22.79,0.9929793769197016,0.9562133035659602
688600,皖仪科技,2026-03-24,23.09,23.52,22.55,23.35,2208980.0,51187918.0,0.01639822404660612,23.25,23.69,22.71,23.52,0.9927721088435375,1.1165070773239454
688600,皖仪科技,2026-03-25,23.83,23.95,23.41,23.93,1367713.0,32650967.0,0.010153131402482501,24.0,24.12,23.58,24.1,0.9929460580912862,0.7173924446080946
688600,皖仪科技,2026-03-26,23.83,24.09,23.16,23.27,1840210.0,43557722.0,0.01366068315367502,24.0,24.26,23.32,23.44,0.9927474402730375,1.0250061827555705
688600,皖仪科技,2026-03-27,23.27,23.91,23.15,23.78,1301764.0,30952637.0,0.009663563150325566,23.44,24.08,23.31,23.95,0.9929018789144051,0.7022543646655622
688600,皖仪科技,2026-03-30,23.66,24.41,23.6,23.87,1717839.0,41570125.0,0.012752269734446582,23.83,24.58,23.77,24.04,0.9929284525790351,0.9683281909798821
688600,皖仪科技,2026-03-31,23.93,24.17,22.9,23.13,1810357.0,42520303.0,0.013439071286449725,24.1,24.34,23.06,23.29,0.9931300987548304,1.0729305473142554
688600,皖仪科技,2026-04-01,23.55,24.08,23.27,23.98,1739383.0,41369535.0,0.012912200262952988,23.72,24.25,23.44,24.15,0.99296066252588,1.081990743084964
688600,皖仪科技,2026-04-02,24.02,24.02,22.94,23.15,1315389.0,30882201.0,0.009764707480575278,24.19,24.19,23.1,23.31,0.9931359931359931,0.7820802128246293
688600,皖仪科技,2026-04-03,23.19,23.5,23.01,23.35,1074395.0,25148502.0,0.007975703684303788,23.35,23.67,23.17,23.52,0.9927721088435375,0.6813135817425374
688600,皖仪科技,2026-04-07,23.43,23.89,23.18,23.58,1213955.0,28807052.0,0.009011718563544139,23.6,24.06,23.34,23.75,0.9928421052631579,0.7926717069570817
688600,皖仪科技,2026-04-08,23.83,25.07,23.83,25.03,1827480.0,45460208.0,0.013566182799614189,24.0,25.25,24.0,25.21,0.9928599761999207,1.277336523948697
688600,皖仪科技,2026-04-09,24.84,24.9,24.48,24.6,1155820.0,28702099.0,0.008580157048750231,25.02,25.08,24.65,24.77,0.9931368591037546,0.8059434898213568
688600,皖仪科技,2026-04-10,25.07,25.12,24.66,24.81,1510016.0,37885486.0,0.01120950876964028,25.25,25.3,24.83,24.99,0.9927971188475391,1.1462024135578974
688600,皖仪科技,2026-04-13,24.97,26.46,24.5,26.08,3832360.0,98770606.0,0.028449283337672333,25.15,26.65,24.67,26.27,0.9927674153026266,2.825529891917414
688600,皖仪科技,2026-04-14,26.17,27.4,25.66,27.11,3612163.0,96992265.0,0.026814664762406588,26.36,27.59,25.84,27.3,0.993040293040293,1.8932404198862618
688600,皖仪科技,2026-04-15,27.11,27.53,26.84,27.14,2321872.0,63387769.0,0.01723627070572909,27.3,27.73,27.03,27.33,0.9930479326747165,0.9724842159456164
688600,皖仪科技,2026-04-16,26.98,27.71,26.75,26.95,3553918.0,97108162.0,0.026382286669533597,27.17,27.91,26.94,27.14,0.9929992630803242,1.4293162667263823
688600,皖仪科技,2026-04-17,26.96,27.94,26.75,27.55,2820373.0,78229031.0,0.020936861514816177,27.15,28.14,26.94,27.75,0.9927927927927929,0.9508801187080881
688600,皖仪科技,2026-04-20,28.13,28.13,26.87,27.21,2639026.0,72342107.0,0.01959064347020741,28.33,28.33,27.06,27.4,0.993065693430657,0.8175073847542786
688600,皖仪科技,2026-04-21,27.48,27.63,27.09,27.57,1928875.0,53114443.0,0.01431888220259911,27.68,27.83,27.28,27.77,0.992797983435362,0.6452229799632738
688600,皖仪科技,2026-04-22,27.4,28.02,27.11,27.95,1614741.0,44985864.0,0.011986928218110083,27.59,28.22,27.3,28.15,0.9928952042628775,0.6086901420258527
688600,皖仪科技,2026-04-23,28.15,28.15,27.21,27.7,2382625.0,66332257.0,0.017687266778805107,28.35,28.35,27.4,27.9,0.992831541218638,0.948728881487223
688600,皖仪科技,2026-04-24,27.71,28.58,27.27,28.11,2062246.0,57866635.0,0.015308953429735572,27.91,28.78,27.46,28.31,0.9929353585305546,0.9056346415309109
688600,皖仪科技,2026-04-27,28.7,29.48,28.44,29.22,4375854.0,127709535.0,0.03248387685141449,28.9,29.69,28.64,29.43,0.9928644240570845,2.058738483782612
688600,皖仪科技,2026-04-28,29.78,29.78,28.1,29.19,3162331.0,92115645.0,0.02347536521269001,29.99,29.99,28.3,29.4,0.992857142857143,1.2788109774714236
688600,皖仪科技,2026-04-29,28.77,28.89,27.71,28.38,3307260.0,94055471.0,0.02455123652562656,28.97,29.09,27.91,28.58,0.993002099370189,1.2161014023080357
688600,皖仪科技,2026-04-30,28.3,30.78,28.21,28.76,3593595.0,104521907.0,0.02667682638265784,28.5,31.0,28.41,28.96,0.9930939226519337,1.1751212335964802
688600,皖仪科技,2026-05-06,28.76,30.54,28.48,29.55,4020121.0,119913991.0,0.02984311530772856,28.96,30.76,28.68,29.76,0.9929435483870968,1.2181235450376413
688600,皖仪科技,2026-05-07,29.55,30.15,29.29,29.61,4674584.0,139578278.0,0.03470148021108395,29.76,30.36,29.5,29.82,0.9929577464788732,1.2661962263615338
688600,皖仪科技,2026-05-08,29.32,30.37,29.09,30.02,2938521.0,88653261.0,0.02181392575924502,29.53,30.59,29.3,30.23,0.9930532583526298,0.7832759557031225
688600,皖仪科技,2026-05-11,30.02,30.33,28.79,28.88,4113388.0,120961358.0,0.030535477014106534,30.23,30.55,28.99,29.08,0.9931224209078404,1.1096822119208392
688600,皖仪科技,2026-05-12,29.05,29.05,28.02,28.22,4540457.0,129729293.0,0.03370579686551308,29.26,29.26,28.22,28.42,0.9929627023223081,1.1738386591375514
688600,皖仪科技,2026-05-13,28.08,28.57,27.75,28.13,3723699.0,105402811.0,0.02764264524084562,28.28,28.77,27.95,28.33,0.9929403459230498,0.9177517543069672
688600,皖仪科技,2026-05-14,28.22,28.23,27.19,27.54,3181543.0,88748390.0,0.023617984285919914,28.42,28.43,27.38,27.74,0.992790194664744,0.7957578065624583
688600,皖仪科技,2026-05-15,27.61,27.85,27.0,27.32,3140257.0,86593260.0,0.02331150026252985,27.81,28.05,27.19,27.51,0.9930934205743366,0.8488278592561805
688600,皖仪科技,2026-05-18,27.08,28.19,26.86,27.94,2506451.0,69897320.0,0.018606481298988654,27.27,28.39,27.05,28.14,0.9928926794598437,0.6701975748454064
688600,皖仪科技,2026-05-19,27.8,28.09,27.12,27.94,1965969.0,54507296.0,0.014594247177739132,28.0,28.29,27.31,28.14,0.9928926794598437,0.5751001014661071
688600,皖仪科技,2026-05-20,27.72,28.25,27.62,28.13,2076561.0,58570547.0,0.015415219931572242,27.92,28.45,27.82,28.33,0.9929403459230498,0.7151717129707089
688600,皖仪科技,2026-05-21,28.13,28.46,26.73,26.79,1936210.0,53897138.0,0.014373333113599595,28.33,28.66,26.92,26.98,0.9929577464788731,0.7521726925506695
688600,皖仪科技,2026-05-22,27.32,27.41,26.47,27.23,2036329.0,55411371.0,0.015116560210867184,27.51,27.6,26.66,27.42,0.9930707512764405,0.8758066785899348
688600,皖仪科技,2026-05-25,27.5,27.61,26.6,27.21,3057671.0,83262045.0,0.022698428287630572,27.7,27.81,26.79,27.4,0.993065693430657,1.4530557371938655
688600,皖仪科技,2026-05-26,27.48,27.48,25.57,25.99,2564787.0,67361000.0,0.019039534924636153,27.68,27.68,25.75,26.17,0.9931218952999616,1.1581537180499135
688600,皖仪科技,2026-05-27,25.89,27.47,25.37,26.43,6629692.0,176253976.0,0.04921510143866953,26.07,27.66,25.55,26.62,0.9928625093914349,2.8401058367700354
688600,皖仪科技,2026-05-28,26.47,27.46,25.86,26.51,4830909.0,128695446.0,0.03586194901301321,26.66,27.65,26.04,26.7,0.9928838951310862,1.4887524192297308
688600,皖仪科技,2026-05-29,26.51,27.52,25.83,26.47,5171722.0,137619464.0,0.03839195287542752,26.7,27.72,26.01,26.66,0.9928732183045761,1.3524810522177801
688600,皖仪科技,2026-06-01,25.94,26.8,25.25,25.73,4422790.0,115200352.0,0.03283230329432094,26.12,26.99,25.43,25.91,0.9930528753377075,0.993671876618332
688600,皖仪科技,2026-06-02,25.81,28.18,25.14,28.03,4811717.0,129926974.0,0.035719478408524956,25.99,28.38,25.32,28.23,0.9929153382925966,1.0185726865905445
688600,皖仪科技,2026-06-03,27.56,28.02,25.75,26.28,5902118.0,158195053.0,0.043814001626772,27.76,28.22,25.93,26.47,0.9928220627125048,1.1408661208195978
688600,皖仪科技,2026-06-04,25.79,26.93,25.54,26.3,2942482.0,77534585.0,0.02184332999352899,25.97,27.12,25.72,26.49,0.9928274820687053,0.5852364922812353
688600,皖仪科技,2026-06-05,25.82,27.31,25.82,26.45,3534184.0,94904478.0,0.0262357925621466,26.0,27.5,26.0,26.64,0.9928678678678678,0.7600124709531862
688600,皖仪科技,2026-06-08,25.62,27.02,25.27,26.71,3903209.0,102847542.0,0.02897522643153375,25.8,27.21,25.45,26.9,0.9929368029739778,0.9029649857580689
688600,皖仪科技,2026-06-09,26.66,26.97,25.77,26.21,3251977.0,85863414.0,0.024140846653392077,26.85,27.16,25.95,26.4,0.9928030303030304,0.7708404543344912
688600,皖仪科技,2026-06-10,25.93,26.86,25.57,26.22,2296562.0,59927369.0,0.01704838351316981,25.93,26.86,25.57,26.22,1.0,0.5878380073277475
688600,皖仪科技,2026-06-11,25.83,26.83,25.68,26.39,2319641.0,60745710.0,0.017219709017597926,25.83,26.83,25.68,26.39,1.0,0.7281456270536414
688600,皖仪科技,2026-06-12,26.88,27.47,25.45,25.77,3128840.0,82056181.0,0.023226746881358406,26.88,27.47,25.45,25.77,1.0,1.0221244248745212
688600,皖仪科技,2026-06-15,26.03,27.0,25.51,26.33,4305432.0,113270105.0,0.03196110356518732,26.03,27.0,25.51,26.33,1.0,1.4447536343233383
688600,皖仪科技,2026-06-16,26.37,27.86,26.0,27.57,4457175.0,120966671.0,0.03308755817840434,26.37,27.86,26.0,27.57,1.0,1.456359738949026
688600,皖仪科技,2026-06-17,27.65,29.79,27.1,29.77,5322662.0,152681051.0,0.03951244646866727,27.65,29.79,27.1,29.77,1.0,1.6121804133235198
688600,皖仪科技,2026-06-18,29.88,31.76,29.6,30.4,7560522.0,230317888.0,0.056125059378217365,29.88,31.76,29.6,30.4,1.0,1.9352459205221733
688600,皖仪科技,2026-06-22,30.82,31.88,30.39,31.14,5993342.0,186202563.0,0.04449119725119033,30.82,31.88,30.39,31.14,1.0,1.2095724049330947
688600,皖仪科技,2026-06-23,31.2,32.81,30.61,31.9,5818055.0,185236381.0,0.043189965235301796,31.2,32.81,30.61,31.9,1.0,1.0525031664343452
688600,皖仪科技,2026-06-24,32.79,32.79,30.4,30.88,4176237.0,129777554.0,0.031002032611307573,32.79,32.79,30.4,30.88,1.0,0.7162925279698417
688600,皖仪科技,2026-06-25,30.97,31.62,30.06,30.31,4289823.0,131688723.0,0.03184523113576583,30.97,31.62,30.06,30.31,1.0,0.7429340935196225
688600,皖仪科技,2026-06-26,29.73,30.47,29.18,29.5,3250096.0,96597295.0,0.024126883168239806,29.73,30.47,29.18,29.5,1.0,0.5837521466626583
688600,皖仪科技,2026-06-29,29.88,32.68,29.88,32.28,6509903.0,203704027.0,0.04832585533398823,29.88,32.68,29.88,32.28,1.0,1.383463677671877
688600,皖仪科技,2026-06-30,32.61,34.4,31.8,33.28,4979146.0,165660386.0,0.036962377055818826,32.61,34.4,31.8,33.28,1.0,1.035418897115527
688600,皖仪科技,2026-07-01,33.83,34.39,33.25,33.73,4567585.0,154121834.0,0.03390717986668843,33.83,34.39,33.25,33.73,1.0,0.9841725164677494
688600,皖仪科技,2026-07-02,33.33,33.6,31.4,31.83,5340775.0,173344875.0,0.03964690718454345,33.33,33.6,31.4,31.83,1.0,1.1316854203238924
688600,皖仪科技,2026-07-03,31.19,32.4,30.21,30.34,3707633.0,114506368.0,0.02752338030067741,31.19,32.4,30.21,30.34,1.0,0.7521315037769543
688600,皖仪科技,2026-07-06,30.21,30.26,27.91,29.4,5654531.0,163392393.0,0.04197605510981527,30.21,30.26,27.91,29.4,1.0,1.1261743756493217
688600,皖仪科技,2026-07-07,28.98,29.44,28.2,28.9,3346490.0,96648933.0,0.024842457962374904,28.98,29.44,28.2,28.9,1.0,0.6900073279347719
688600,皖仪科技,2026-07-08,28.76,29.18,27.68,27.88,2939174.0,83041762.0,0.021818773263659923,28.76,29.18,27.68,27.88,1.0,0.6497705665301352
688600,皖仪科技,2026-07-09,27.8,28.86,27.68,28.6,3423643.0,97193256.0,0.0254151984036047,27.8,28.86,27.68,28.6,1.0,0.8155957306925097
688600,皖仪科技,2026-07-10,29.15,29.84,28.56,28.58,2732710.0,79688603.0,0.020286100749848802,29.15,29.84,28.56,28.58,1.0,0.7164392300939975
688600,皖仪科技,2026-07-13,28.5,28.56,26.58,27.12,3661951.0,100023660.0,0.027184262847872467,28.5,28.56,26.58,27.12,1.0,1.0117816392385994
688600,皖仪科技,2026-07-14,26.62,28.2,26.2,28.05,3106416.0,85076666.0,0.023060283728219357,26.62,28.2,26.2,28.05,1.0,0.9644877585449747
688600,皖仪科技,2026-07-15,28.31,29.27,27.52,28.19,3370427.0,96646857.0,0.025020152775819846,28.31,29.27,27.52,28.19,1.0,1.0622949825559853
688600,皖仪科技,2026-07-16,27.67,28.27,26.68,26.76,3493669.0,95866517.0,0.025935032008747184,27.67,28.27,26.68,26.76,1.0,1.0719967730269633
688600,皖仪科技,2026-07-17,26.31,26.73,23.31,23.45,4536242.0,112204214.0,0.03367450707821014,26.31,26.73,23.31,23.45,1.0,1.3859437966222539
688600,皖仪科技,2026-07-20,23.49,24.16,21.58,22.34,3655842.0,83349697.0,0.027138913070735186,23.49,24.16,21.58,22.34,1.0,1.006082161607005
688600,皖仪科技,2026-07-21,21.21,22.56,19.82,22.41,4249573.0,90470885.0,0.031546437793193285,21.21,22.56,19.82,22.41,1.0,1.1698693843104806
688600,皖仪科技,2026-07-22,22.58,22.91,21.87,22.19,2259593.0,50637685.0,0.016773946467665102,22.58,22.91,21.87,22.19,1.0,0.585212345770714
688600,皖仪科技,2026-07-23,22.19,22.83,22.01,22.25,1095016.0,24437455.0,0.008128782380383004,22.19,22.83,22.01,22.25,1.0,0.30091257894580353
688600,皖仪科技,2026-07-24,22.0,22.49,21.51,22.31,1452255.0,32154109.0,0.010780723620315244,22.0,22.49,21.51,22.31,1.0,0.45968300356552616
688600,皖仪科技,2026-07-27,22.46,23.39,22.0,23.2,1857638.0,42434173.0,0.013790058815149662,22.46,23.39,22.0,23.2,1.0,0.7306471168544996
688600,皖仪科技,2026-07-28,23.1,23.46,22.1,22.46,1248874.0,28369597.0,0.009270937563029621,23.1,23.46,22.1,22.46,1.0,0.5721391872421621
688600,皖仪科技,2026-07-29,22.46,22.75,21.82,22.62,1280750.0,28499148.0,0.009507567043472909,22.46,22.75,21.82,22.62,1.0,0.8092311043984262
688600,皖仪科技,2026-07-30,22.06,22.58,21.8,22.01,1377938.0,30454416.0,0.010229036046651551,22.06,22.58,21.8,22.01,1.0,0.9935333785274365
688600,皖仪科技,2026-07-31,22.59,23.13,22.4,22.58,1983146.0,45400665.0,0.014721759556506052,22.59,23.13,22.4,22.58,1.0,1.3738540801432084
688600,皖仪科技,2026-08-03,22.48,23.0,22.24,22.4,1763901.0,39824915.0,0.013094208093342892,22.48,23.0,22.24,22.4,1.0,1.138243568369301
688600,皖仪科技,2026-08-04,22.54,23.58,22.5,22.87,4449330.0,102628589.0,0.03302932131449176,22.54,23.58,22.5,22.87,1.0,2.9063078205562163
688600,皖仪科技,2026-08-05,23.05,27.44,23.03,27.44,6445965.0,166824851.0,0.047851215613804295,23.05,27.44,23.03,27.44,1.0,2.9691047451120745
688600,皖仪科技,2026-08-06,28.0,28.0,26.6,27.22,7979265.0,217957595.0,0.05923357169247462,28.0,28.0,26.6,27.22,1.0,2.490363776413396
688600,皖仪科技,2026-08-07,27.49,28.87,26.86,28.71,5378593.0,150445073.0,0.03992764672813124,27.49,28.87,26.86,28.71,1.0,1.1888176202512932
688600,皖仪科技,2026-08-10,28.0,29.32,27.35,29.13,6324619.0,181620728.0,0.04695041121758547,28.0,29.32,27.35,29.13,1.0,1.2154756261027864
688600,皖仪科技,2026-08-11,28.98,29.05,27.51,27.8,6542218.0,185555002.0,0.04856574370331076,28.98,29.05,27.51,27.8,1.0,1.0697669535896859
688600,皖仪科技,2026-08-12,28.16,28.18,27.32,27.54,3577605.0,98642428.0,0.026558125623707903,28.16,28.18,27.32,27.54,1.0,0.547525669821179
688600,皖仪科技,2026-08-13,27.79,27.88,26.15,26.3,4081653.0,109971402.0,0.030299894238291884,27.79,27.88,26.15,26.3,1.0,0.6847882545977995
688600,皖仪科技,2026-08-14,26.64,26.64,25.7,26.21,2220523.0,57869463.0,0.016483912780849968,26.64,26.64,25.7,26.21,1.0,0.42859481650580006
688600,皖仪科技,2026-08-17,26.26,26.71,25.81,26.68,2267665.0,59994549.0,0.01683386845179543,26.26,26.71,25.81,26.68,1.0,0.49846201312212657
688600,皖仪科技,2026-08-18,26.49,28.98,26.21,28.28,4991804.0,139407643.0,0.03705634292240972,26.49,28.98,26.21,28.28,1.0,1.3354450887934637
688600,皖仪科技,2026-08-19,27.77,27.99,26.4,26.69,2785879.0,75441556.0,0.02068079747609078,27.77,27.99,26.4,26.69,1.0,0.8127190513003778
688600,皖仪科技,2026-08-20,26.6,27.6,26.6,27.06,2307193.0,62453688.0,0.01712730207279437,26.6,27.6,26.6,27.06,1.0,0.7056704734001309
688600,皖仪科技,2026-08-21,26.51,26.93,25.88,26.79,1649624.0,43710087.0,0.012245879973860594,26.51,26.93,25.88,26.79,1.0,0.5659839276078112
688600,皖仪科技,2026-08-24,26.88,27.0,25.53,26.83,2397355.0,62847114.0,0.017796614007031034,26.88,27.0,25.53,26.83,1.0,0.8560658298198885
688600,皖仪科技,2026-08-25,26.46,27.38,25.91,27.2,2193465.0,58876171.0,0.016283049420270392,26.46,27.38,25.91,27.2,1.0,0.7760711527255268
688600,皖仪科技,2026-08-26,26.99,27.8,25.9,26.28,2996208.0,79743280.0,0.022242161574225944,26.99,27.8,25.9,26.28,1.0,1.3218351657155643
688600,皖仪科技,2026-08-27,26.26,29.08,25.99,28.2,5896363.0,164354205.0,0.04377127974636194,26.26,29.08,25.99,28.2,1.0,2.5538990691576333
688600,皖仪科技,2026-08-28,28.09,29.58,27.68,28.8,4493325.0,129737875.0,0.03335591542893844,28.09,29.58,27.68,28.8,1.0,1.4846099736238945
688600,皖仪科技,2026-08-31,28.65,31.49,28.14,30.42,6631706.0,201124083.0,0.04923005224095378,28.65,31.49,28.14,30.42,1.0,1.844526553125721
688600,皖仪科技,2026-09-01,30.4,30.42,29.46,29.77,3186130.0,94804815.0,0.023652035591817562,30.4,30.42,29.46,29.77,1.0,0.7172392933666806
688600,皖仪科技,2026-09-02,29.5,29.77,28.91,29.16,2180566.0,63761930.0,0.01618729450534261,29.5,29.77,28.91,29.16,1.0,0.46987398406428754
688600,皖仪科技,2026-09-03,29.5,31.33,29.02,31.15,6420415.0,194994641.0,0.047661546796345204,29.5,31.33,29.02,31.15,1.0,1.4338907428011947
688600,皖仪科技,2026-09-04,32.13,35.68,32.13,33.1,12816653.0,431634089.0,0.09514361715434566,32.13,35.68,32.13,33.1,1.0,2.796912877023894
688600,皖仪科技,2026-09-07,33.2,34.63,33.12,33.89,9021161.0,304559170.0,0.06696802109503269,33.2,34.63,33.12,33.89,1.0,1.4440571888305187
688600,皖仪科技,2026-09-08,33.69,33.69,31.88,32.2,6482920.0,210209312.0,0.04812554873118985,33.69,33.69,31.88,32.2,1.0,0.9640051241749982
688600,皖仪科技,2026-09-09,32.2,35.38,32.2,34.1,9114007.0,312784053.0,0.06765725753439891,32.2,35.38,32.2,34.1,1.0,1.2342339731510306
688600,皖仪科技,2026-09-10,33.47,34.7,33.2,33.55,4297356.0,144373317.0,0.03190115188730866,33.47,34.7,33.2,33.55,1.0,0.4899487759204414
000020,深华发Ａ,2026-03-20,23.33,23.33,23.33,23.33,5264059.0,122810496.0,0.0290566480216963,23.33,23.33,23.33,23.33,1.0,1.1488101437052851
000020,深华发Ａ,2026-03-23,25.66,25.66,21.0,21.0,46600367.0,1003657223.0,0.2572255481180729,25.66,25.66,21.0,21.0,1.0,8.958343722174805
000020,深华发Ａ,2026-03-24,20.36,20.58,18.9,18.95,41189624.0,786592738.0,0.2273592311017063,20.36,20.58,18.9,18.95,1.0,3.147749961063529
000020,深华发Ａ,2026-03-25,17.78,18.26,17.44,17.68,33837790.0,601031708.0,0.1867784448962439,17.78,18.26,17.44,17.68,1.0,1.7055645115861566
000020,深华发Ａ,2026-03-26,17.07,17.68,17.07,17.32,22464990.0,387362201.0,0.1240026578807207,17.07,17.68,17.07,17.32,1.0,0.8630825648546231
000020,深华发Ａ,2026-03-27,16.98,17.0,16.72,16.79,18078812.0,304652176.0,0.0997917532714623,16.98,17.0,16.72,16.79,1.0,0.605222138150629
000020,深华发Ａ,2026-03-30,16.28,16.52,16.03,16.2,15213747.0,246204064.0,0.0839771156953482,16.28,16.52,16.03,16.2,1.0,0.4690632821904439
000020,深华发Ａ,2026-03-31,16.15,16.33,15.83,15.93,12572770.0,202063038.0,0.0693994031122644,16.15,16.33,15.83,15.93,1.0,0.48066573219124586
000020,深华发Ａ,2026-04-01,16.1,16.2,15.86,16.18,11211031.0,179802591.0,0.0618828515651755,16.1,16.2,15.86,16.18,1.0,0.5486560879775116
000020,深华发Ａ,2026-04-02,15.94,15.99,15.4,15.47,11758721.0,184180138.0,0.0649060007272581,15.94,15.99,15.4,15.47,1.0,0.7391577462539924
000020,深华发Ａ,2026-04-03,15.49,15.52,14.74,14.82,10597160.0,158944793.0,0.0584943953230007,15.49,15.52,14.74,14.82,1.0,0.7697499477047176
000020,深华发Ａ,2026-04-07,14.82,15.26,14.82,15.23,9077833.0,137071352.0,0.0501079866849402,14.82,15.26,14.82,15.23,1.0,0.7397983411815499
000020,深华发Ａ,2026-04-08,15.48,15.64,15.34,15.61,9364501.0,145528063.0,0.0516903418931709,15.48,15.64,15.34,15.61,1.0,0.8479647264097271
000020,深华发Ａ,2026-04-09,15.5,15.79,15.37,15.58,8888600.0,138763109.0,0.0490634549509514,15.5,15.79,15.37,15.58,1.0,0.8545211364917692
000020,深华发Ａ,2026-04-10,15.73,15.97,15.63,15.8,9346261.0,147726706.0,0.0515896604114634,15.73,15.97,15.63,15.8,1.0,0.9405172176964854
000020,深华发Ａ,2026-04-13,15.79,15.92,15.49,15.84,7024900.0,110238791.0,0.0387761700025806,15.79,15.92,15.49,15.84,1.0,0.7429926859922256
000020,深华发Ａ,2026-04-14,15.88,16.08,15.76,16.03,7812600.0,124438914.0,0.0431241307011006,15.88,16.08,15.76,16.03,1.0,0.8938473086930958
000020,深华发Ａ,2026-04-15,15.98,16.03,15.66,15.73,5933300.0,93656555.0,0.0327507365907432,15.98,16.03,15.66,15.73,1.0,0.6990738382116943
000020,深华发Ａ,2026-04-16,15.8,15.91,15.6,15.9,6702000.0,105743543.0,0.0369938207458178,15.8,15.91,15.6,15.9,1.0,0.8591060666809364
000020,深华发Ａ,2026-04-17,15.75,15.85,15.69,15.78,4744800.0,74802410.0,0.0261904328073345,15.75,15.85,15.69,15.78,1.0,0.6443401693486969
000020,深华发Ａ,2026-04-20,15.81,16.08,15.69,16.06,5799800.0,92419340.0,0.0320138408775879,15.81,16.08,15.69,16.06,1.0,0.9000980830353595
000020,深华发Ａ,2026-04-21,15.96,15.99,15.62,15.97,6062400.0,95693492.0,0.0334633451043637,15.96,15.99,15.62,15.97,1.0,0.9780430749374849
000020,深华发Ａ,2026-04-22,15.89,15.96,15.7,15.88,4766200.0,75526864.0,0.0263085569141624,15.89,15.96,15.7,15.88,1.0,0.8149495764697031
000020,深华发Ａ,2026-04-23,15.88,15.88,15.39,15.49,5852100.0,90889895.0,0.0323025273629663,15.88,15.88,15.39,15.49,1.0,1.0422187553427937
000020,深华发Ａ,2026-04-24,15.4,15.47,15.15,15.33,4790590.0,73182980.0,0.0264431852770378,15.4,15.47,15.15,15.33,1.0,0.8798048139047137
000020,深华发Ａ,2026-04-27,15.34,15.87,15.03,15.84,8213617.0,127709270.0,0.0453376715865117,15.34,15.87,15.03,15.84,1.0,1.5059201887419975
000020,深华发Ａ,2026-04-28,15.81,15.81,15.52,15.73,5161200.0,80773494.0,0.0284888850542099,15.81,15.81,15.52,15.73,1.0,0.8693306669278095
000020,深华发Ａ,2026-04-29,15.55,16.07,15.55,15.93,5947500.0,94820610.0,0.0328291180074233,15.55,16.07,15.55,15.93,1.0,1.033136558817806
000020,深华发Ａ,2026-04-30,15.9,16.22,15.85,15.96,4470001.0,71538918.0,0.0246735923198487,15.9,16.22,15.85,15.96,1.0,0.7458701745005432
000020,深华发Ａ,2026-05-06,16.01,16.15,15.78,15.95,7281860.0,116048014.0,0.0401945424554074,16.01,16.15,15.78,15.95,1.0,1.2738137071287499
000020,深华发Ａ,2026-05-07,16.0,16.15,15.92,16.02,5753277.0,92410575.0,0.0317570423812349,16.0,16.15,15.92,16.02,1.0,0.92573277400934
000020,深华发Ａ,2026-05-08,14.94,16.0,14.42,14.42,7848800.0,114361992.0,0.0433239481154543,14.94,16.0,14.42,14.42,1.0,1.3715042351186864
000020,深华发Ａ,2026-05-11,14.05,14.93,14.05,14.49,18679385.0,270388575.0,0.1031068069728615,14.05,14.93,14.05,14.49,1.0,2.983790233534958
000020,深华发Ａ,2026-05-12,14.49,14.49,14.03,14.1,8791900.0,125084863.0,0.0485296885429954,14.49,14.49,14.03,14.1,1.0,0.9983234742469925
000020,深华发Ａ,2026-05-13,14.15,14.29,13.75,13.77,8053500.0,112315548.0,0.0444538548756257,14.15,14.29,13.75,13.77,1.0,0.832743565937925
000020,深华发Ａ,2026-05-14,13.94,14.7,13.8,13.96,11729200.0,166191181.0,0.0647430501778344,13.94,14.7,13.8,13.96,1.0,1.1937664571370343
000020,深华发Ａ,2026-05-15,13.92,14.03,13.53,13.58,7156900.0,98318983.0,0.0395047859886218,13.92,14.03,13.53,13.58,1.0,0.6494136367154583
000020,深华发Ａ,2026-05-18,13.72,13.72,13.22,13.49,4461200.0,59760005.0,0.0246250124009612,13.72,13.72,13.22,13.49,1.0,0.4099547360790033
000020,深华发Ａ,2026-05-19,13.45,13.63,13.29,13.47,4548500.0,61185465.0,0.0251068925190021,13.45,13.63,13.29,13.47,1.0,0.5658365822649386
000020,深华发Ａ,2026-05-20,13.52,13.6,13.15,13.25,3644300.0,48335340.0,0.0201158730146201,13.52,13.6,13.15,13.25,1.0,0.5068666149271335
000020,深华发Ａ,2026-05-21,13.44,14.42,12.79,12.8,9289100.0,124887330.0,0.0512741420904172,13.44,14.42,12.79,12.8,1.0,1.4725856924993896
000020,深华发Ａ,2026-05-22,13.0,13.37,12.67,13.21,7684000.0,100542105.0,0.042414282096518,13.0,13.37,12.67,13.21,1.0,1.320274914089347
000020,深华发Ａ,2026-05-25,13.29,13.3,12.86,12.98,4467000.0,58219863.0,0.0246570273458024,13.29,13.3,12.86,12.98,1.0,0.7538706117034741
000020,深华发Ａ,2026-05-26,12.87,13.03,12.71,12.97,4625837.0,59607384.0,0.0255337786895511,12.87,13.03,12.71,12.97,1.0,0.7805238434307813
000020,深华发Ａ,2026-05-27,12.97,13.0,12.41,12.48,4984100.0,62630609.0,0.027511325272938,12.97,13.0,12.41,12.48,1.0,0.8387849615605557
000020,深华发Ａ,2026-05-28,12.48,12.75,12.29,12.68,4732800.0,59543395.0,0.0261241949904217,12.48,12.75,12.29,12.68,1.0,0.7621246956968198
000020,深华发Ａ,2026-05-29,12.7,12.76,12.38,12.46,4324937.0,54181230.0,0.0238728654304618,12.7,12.76,12.38,12.46,1.0,0.8162187538888908
000020,深华发Ａ,2026-06-01,12.46,12.97,12.3,12.75,4473500.0,57194930.0,0.0246929061632969,12.46,12.97,12.3,12.75,1.0,0.9668387806113024
000020,深华发Ａ,2026-06-02,12.82,12.87,12.42,12.59,3664300.0,46029521.0,0.0202262693761414,12.82,12.87,12.42,12.59,1.0,0.7917273341447586
000020,深华发Ａ,2026-06-03,12.52,12.7,12.32,12.43,3275500.0,40959313.0,0.0180801641081656,12.52,12.7,12.32,12.43,1.0,0.7384025266058231
000020,深华发Ａ,2026-06-04,12.31,12.58,12.2,12.35,3085900.0,38013953.0,0.0170336066009428,12.31,12.58,12.2,12.35,1.0,0.7537234190920568
000020,深华发Ａ,2026-06-05,12.38,12.61,12.0,12.46,3995300.0,49295703.0,0.0220533291593204,12.38,12.61,12.0,12.46,1.0,1.0612173083950676
000020,深华发Ａ,2026-06-08,12.3,12.36,11.68,11.87,3699400.0,44378866.0,0.0204200149906115,12.3,12.36,11.68,11.87,1.0,1.000135175322393
000020,深华发Ａ,2026-06-09,12.16,12.16,11.75,11.99,3421900.0,41028158.0,0.0188882654745022,12.16,12.16,11.75,11.99,1.0,0.9655256089027335
000020,深华发Ａ,2026-06-10,11.92,11.96,11.6,11.77,2927300.0,34392269.0,0.0161581634540782,11.92,11.96,11.6,11.77,1.0,0.8374241904108022
000020,深华发Ａ,2026-06-11,11.66,11.76,11.44,11.69,2858200.0,33112004.0,0.0157767440250218,11.66,11.76,11.44,11.69,1.0,0.834277107730388
000020,深华发Ａ,2026-06-12,11.75,11.94,11.61,11.69,2987900.0,35133975.0,0.016492664429488,11.75,11.94,11.61,11.69,1.0,0.8838842510693937
000020,深华发Ａ,2026-06-15,11.73,12.12,11.7,11.95,3558300.0,42526445.0,0.0196411686600781,11.73,12.12,11.7,11.95,1.0,1.1193353759429243
000020,深华发Ａ,2026-06-16,11.95,12.24,11.56,12.2,4169900.0,49942684.0,0.0230170893954022,11.95,12.24,11.56,12.2,1.0,1.3234752691448304
000020,深华发Ａ,2026-06-17,12.11,12.18,11.76,11.87,3747101.0,44649635.0,0.0206833158326581,12.11,12.18,11.76,11.87,1.0,1.1353750545401657
000020,深华发Ａ,2026-06-18,11.86,11.86,11.47,11.54,3395331.0,39385963.0,0.0187416094280391,11.86,11.86,11.47,11.54,1.0,0.9800971064638477
000020,深华发Ａ,2026-06-22,11.45,11.65,11.1,11.64,3994865.0,45303888.0,0.0220509280384574,11.45,11.65,11.1,11.64,1.0,1.1184751915778968
000020,深华发Ａ,2026-06-23,11.79,12.0,11.46,11.75,4702100.0,55556996.0,0.0259547365754864,11.79,12.0,11.46,11.75,1.0,1.2462168370120332
000020,深华发Ａ,2026-06-24,11.76,11.77,10.92,11.26,4815300.0,54104300.0,0.0265795799816974,11.76,11.77,10.92,11.26,1.0,1.2032656619570392
000020,深华发Ａ,2026-06-25,11.3,11.77,10.92,11.07,4172300.0,46415910.0,0.0230303369587848,11.3,11.77,10.92,11.07,1.0,1.0100123957277127
000020,深华发Ａ,2026-06-26,10.88,11.11,10.69,10.85,4310200.0,46829460.0,0.0237915198714747,10.88,11.11,10.69,10.85,1.0,1.0223484973550154
000020,深华发Ａ,2026-06-29,10.79,10.88,10.43,10.76,4375800.0,46804254.0,0.0241536199372649,10.79,10.88,10.43,10.76,1.0,0.9947367021197999
000020,深华发Ａ,2026-06-30,10.76,11.08,10.67,10.9,4082900.0,44529588.0,0.0225368652227841,10.76,11.08,10.67,10.9,1.0,0.9123513454327686
000020,深华发Ａ,2026-07-01,10.89,11.5,10.8,11.17,6219100.0,69233928.0,0.0343283005968838,10.89,11.5,10.8,11.17,1.0,1.4292510284282858
000020,深华发Ａ,2026-07-02,11.22,11.57,11.03,11.08,5723400.0,64453837.0,0.0315921267765762,11.22,11.57,11.03,11.08,1.0,1.2356057564021192
000020,深华发Ａ,2026-07-03,11.11,11.28,11.0,11.16,4208700.0,46992368.0,0.0232312583367537,11.11,11.28,11.0,11.16,1.0,0.8515705302006361
000020,深华发Ａ,2026-07-06,11.15,11.35,10.93,10.94,3298400.0,36564898.0,0.0182065679421076,11.15,11.35,10.93,10.94,1.0,0.6701368148590607
000020,深华发Ａ,2026-07-07,10.94,10.94,10.45,10.63,2762200.0,29377150.0,0.0152468414897191,10.94,10.94,10.45,10.63,1.0,0.5868904706257304
000020,深华发Ａ,2026-07-08,10.41,10.62,10.28,10.38,3189800.0,33139725.0,0.0176071156990465,10.41,10.62,10.28,10.38,1.0,0.7180417615861839
000020,深华发Ａ,2026-07-09,10.38,10.62,10.06,10.59,3573700.0,37084554.0,0.0197261738584495,10.38,10.62,10.06,10.59,1.0,0.9315000651635605
000020,深华发Ａ,2026-07-10,10.55,10.9,10.36,10.6,4340200.0,46366492.0,0.0239571144137568,10.55,10.9,10.36,10.6,1.0,1.2740712037950308
000020,深华发Ａ,2026-07-13,10.63,10.63,10.07,10.1,3726710.0,38238668.0,0.0205707612222689,10.63,10.63,10.07,10.1,1.0,1.0855991796927342
000020,深华发Ａ,2026-07-14,10.1,10.41,10.0,10.4,4081000.0,41710985.0,0.0225263775684396,10.1,10.41,10.0,10.4,1.0,1.1598620102418005
000020,深华发Ａ,2026-07-15,10.41,10.61,10.23,10.43,2614100.0,27275627.0,0.0144293564326532,10.41,10.61,10.23,10.43,1.0,0.6911436006093675
000020,深华发Ａ,2026-07-16,10.43,10.72,10.24,10.47,3377346.0,35550429.0,0.018642335499941,10.43,10.72,10.24,10.47,1.0,0.9209749717900206
000020,深华发Ａ,2026-07-17,10.46,10.65,9.92,9.99,3809300.0,39038405.0,0.0210266429971715,10.46,10.65,9.92,9.99,1.0,1.0500097136855355
000020,深华发Ａ,2026-07-20,10.06,10.48,9.55,9.76,5369900.0,53904961.0,0.0296408710866856,10.06,10.48,9.55,9.76,1.0,1.5248071721904521
000020,深华发Ａ,2026-07-21,9.76,9.9,9.15,9.77,5417005.0,51920361.0,0.0299008821171588,9.76,9.9,9.15,9.77,1.0,1.4068939871427097
000020,深华发Ａ,2026-07-22,9.77,9.88,9.45,9.6,2992900.0,28842732.0,0.0165202635198684,9.77,9.88,9.45,9.6,1.0,0.7268677713644941
000020,深华发Ａ,2026-07-23,9.55,10.06,9.55,9.96,3152000.0,30907653.0,0.017398466575771,9.55,10.06,9.55,9.96,1.0,0.7516770482519908
000020,深华发Ａ,2026-07-24,9.9,9.96,9.7,9.74,2288300.0,22467116.0,0.0126309997034698,9.9,9.96,9.7,9.74,1.0,0.5516340619267874
000020,深华发Ａ,2026-07-27,9.63,10.13,9.63,10.1,2877300.0,28742907.0,0.0158821725502747,9.63,10.13,9.63,10.1,1.0,0.7485130804436292
000020,深华发Ａ,2026-07-28,10.12,10.39,10.05,10.18,3282400.0,33684780.0,0.0181182508528905,10.12,10.39,10.05,10.18,1.0,0.9811385499511135
000020,深华发Ａ,2026-07-29,10.18,10.43,10.07,10.36,2663800.0,27455516.0,0.0147036913910339,10.18,10.43,10.07,10.36,1.0,0.912704123238013
000020,深华发Ａ,2026-07-30,10.28,10.75,10.23,10.37,5347655.0,56060285.0,0.0295180827335834,10.28,10.75,10.23,10.37,1.0,1.874554817089415
000020,深华发Ａ,2026-07-31,10.26,10.59,10.26,10.5,4468400.0,46827166.0,0.0246647550911089,10.26,10.59,10.26,10.5,1.0,1.3573960984734914
000020,深华发Ａ,2026-08-03,10.48,10.86,10.41,10.82,4229600.0,45196341.0,0.0233466225345435,10.48,10.86,10.41,10.82,1.0,1.1345764424097033
000020,深华发Ａ,2026-08-04,10.88,10.99,10.75,10.85,4734700.0,51420954.0,0.0261346826447662,10.88,10.99,10.75,10.85,1.0,1.184157248039264
000020,深华发Ａ,2026-08-05,10.85,10.98,10.81,10.92,3667900.0,39942310.0,0.0202461407212153,10.85,10.98,10.81,10.92,1.0,0.8552213878327218
000020,深华发Ａ,2026-08-06,10.88,11.08,10.77,11.06,3366300.0,36799630.0,0.0185813635894727,10.88,11.08,10.77,11.06,1.0,0.7497910193910395
000020,深华发Ａ,2026-08-07,11.07,11.07,10.72,10.92,3214000.0,34927060.0,0.0177406952964873,11.07,11.07,10.72,10.92,1.0,0.7851702016426523
000020,深华发Ａ,2026-08-10,10.92,11.15,10.84,11.15,2861900.0,31621174.0,0.0157971673519033,10.92,11.15,10.84,11.15,1.0,0.7448015614834093
000020,深华发Ａ,2026-08-11,11.01,11.24,10.99,11.17,2398800.0,26689819.0,0.0132409396008755,11.01,11.24,10.99,11.17,1.0,0.6721285752712275
000020,深华发Ａ,2026-08-12,11.11,11.39,11.11,11.35,2601340.0,29393098.0,0.0143589235540026,11.11,11.39,11.11,11.35,1.0,0.8386603821031795
000020,深华发Ａ,2026-08-13,11.46,11.48,11.17,11.19,3265701.0,36748906.0,0.0180260754108382,11.46,11.48,11.17,11.19,1.0,1.130599681215094
000020,深华发Ａ,2026-08-14,11.21,11.34,11.06,11.22,2627233.0,29334939.0,0.0145018482034463,11.21,11.34,11.06,11.22,1.0,0.9159393549221115
000020,深华发Ａ,2026-08-17,11.23,11.42,11.1,11.35,2777333.0,31451817.0,0.0153303728966643,11.23,11.42,11.1,11.35,1.0,1.0095740638986306
000020,深华发Ａ,2026-08-18,11.36,12.49,11.11,12.49,6721603.0,81038091.0,0.037102025739563,11.36,12.49,11.11,12.49,1.0,2.458450212930749
000020,深华发Ａ,2026-08-19,13.7,13.74,12.85,13.74,19140200.0,260630962.0,0.1056504219395855,13.7,13.74,12.85,13.74,1.0,5.318728564830844
000020,深华发Ａ,2026-08-20,12.5,12.78,12.37,12.37,14840167.0,184128221.0,0.0819150220584901,12.5,12.78,12.37,12.37,1.0,2.148751435984
000020,深华发Ａ,2026-08-21,11.7,12.11,11.13,11.74,26107533.0,297765068.0,0.1441088325749811,11.7,12.11,11.13,11.74,1.0,2.8312182246786013
000020,深华发Ａ,2026-08-24,11.44,12.4,11.4,12.3,24800754.0,296090295.0,0.1368956502293531,11.44,12.4,11.4,12.3,1.0,1.7820004059388475
000020,深华发Ａ,2026-08-25,11.85,12.72,11.56,12.69,21307167.0,261407364.0,0.1176116855564316,11.85,12.72,11.56,12.69,1.0,1.1629247476076834
000020,深华发Ａ,2026-08-26,12.63,12.92,12.46,12.71,17251142.0,219335144.0,0.0952231654444418,12.63,12.92,12.46,12.71,1.0,0.8122326207167795
000020,深华发Ａ,2026-08-27,12.61,13.23,12.58,13.14,14303813.0,185758717.0,0.0789544455541179,12.61,13.23,12.58,13.14,1.0,0.6856608617027066
000020,深华发Ａ,2026-08-28,13.01,13.7,12.83,13.08,16104374.0,211213873.0,0.0888932147089837,13.01,13.7,12.83,13.08,1.0,0.7759617676750219
000020,深华发Ａ,2026-08-31,12.99,13.48,12.65,12.68,13527334.0,174455834.0,0.0746684227342296,12.99,13.48,12.65,12.68,1.0,0.7213250895168623
000020,深华发Ａ,2026-09-01,12.87,13.18,12.6,13.05,13149907.0,170539631.0,0.0725850943572329,12.87,13.18,12.6,13.05,1.0,0.7970236683155577
000020,深华发Ａ,2026-09-02,12.88,13.05,12.6,12.63,7610108.0,97046168.0,0.0420064116992411,12.88,13.05,12.6,12.63,1.0,0.5118683845649591
000020,深华发Ａ,2026-09-03,12.86,12.86,12.35,12.41,6514000.0,81311584.0,0.0359560949475167,12.86,12.86,12.35,12.41,1.0,0.5034350438027131
000020,深华发Ａ,2026-09-04,12.48,12.65,12.21,12.28,5657501.0,70423664.0,0.0312283762851813,12.48,12.65,12.21,12.28,1.0,0.4970942026340655
000020,深华发Ａ,2026-09-07,12.28,12.53,12.26,12.45,4759700.0,59121688.0,0.026272678096668,12.28,12.53,12.26,12.45,1.0,0.5122490117598693
000020,深华发Ａ,2026-09-08,12.36,13.7,12.36,13.7,10954577.0,145809894.0,,12.36,13.7,12.36,13.7,1.0,1.453200262894145
000020,深华发Ａ,2026-09-09,14.37,15.07,14.32,14.9,11881700.0,176812509.0,,14.37,15.07,14.32,14.9,1.0,1.6736728307049442
000020,深华发Ａ,2026-09-10,14.42,14.57,13.41,13.41,15290400.0,209328147.0,,14.42,14.57,13.41,13.41,1.0,1.9224754458907352
000735,罗 牛 山,2026-03-20,7.19,7.24,6.99,7.0,24757200.0,176930514.0,0.0215112115842717,7.23,7.28,7.03,7.04,0.9943181818181818,0.7213614336049464
000735,罗 牛 山,2026-03-23,6.89,6.89,6.56,6.6,38790157.0,262033074.0,0.0337042668239591,6.93,6.93,6.6,6.64,0.993975903614458,1.209591610408827
000735,罗 牛 山,2026-03-24,6.71,6.77,6.57,6.76,23517726.0,158124725.0,0.0204342486212871,6.75,6.81,6.61,6.8,0.9941176470588236,0.6837849753053579
000735,罗 牛 山,2026-03-25,6.81,6.81,6.73,6.78,20361684.0,138645089.0,0.0176920044567269,6.85,6.85,6.77,6.82,0.9941348973607038,0.6723738516335497
000735,罗 牛 山,2026-03-26,6.76,6.86,6.62,6.65,16657430.0,112617927.0,0.0144734259601326,6.8,6.9,6.66,6.69,0.9940209267563528,0.6163311361771376
000735,罗 牛 山,2026-03-27,6.57,6.8,6.55,6.79,18317324.0,124229222.0,0.0159156864355282,6.61,6.84,6.59,6.83,0.9941434846266471,0.7381005979351263
000735,罗 牛 山,2026-03-30,6.72,6.84,6.69,6.79,14443784.0,98258153.0,0.0125500175181974,6.76,6.88,6.73,6.83,0.9941434846266471,0.6138751057945245
000735,罗 牛 山,2026-03-31,6.76,6.84,6.62,6.64,16944740.0,114638185.0,0.0147230659113499,6.8,6.88,6.66,6.68,0.994011976047904,0.9080982145502278
000735,罗 牛 山,2026-04-01,6.71,6.74,6.64,6.68,11212138.0,75325308.0,0.0097420820137193,6.75,6.78,6.68,6.72,0.9940476190476192,0.6464193088951714
000735,罗 牛 山,2026-04-02,6.67,6.79,6.65,6.7,23345173.0,157829025.0,0.0202843195464118,6.71,6.83,6.69,6.74,0.9940652818991098,1.5046759787920443
000735,罗 牛 山,2026-04-03,6.7,6.7,6.35,6.36,24827021.0,161105827.0,0.0215718781501202,6.74,6.74,6.39,6.4,0.99375,1.4731836127814766
000735,罗 牛 山,2026-04-07,6.4,6.64,6.34,6.58,25990132.0,170943461.0,0.0225824902878819,6.44,6.68,6.38,6.62,0.9939577039274924,1.4316026368058752
000735,罗 牛 山,2026-04-08,6.64,6.71,6.57,6.71,22242000.0,148698032.0,0.0193257867633404,6.68,6.75,6.61,6.75,0.994074074074074,1.0868927400959842
000735,罗 牛 山,2026-04-09,6.64,6.7,6.53,6.55,17539400.0,116190603.0,0.015239758311165,6.68,6.74,6.57,6.59,0.9939301972685888,0.8149031917644125
000735,罗 牛 山,2026-04-10,6.59,6.65,6.55,6.59,13525000.0,89904292.0,0.0117516979576557,6.63,6.69,6.59,6.63,0.9939668174962292,0.5934947221227433
000735,罗 牛 山,2026-04-13,6.61,6.74,6.59,6.72,22429083.0,150984884.0,0.0194883407677036,6.65,6.78,6.63,6.76,0.9940828402366864,1.0770417621073687
000735,罗 牛 山,2026-04-14,6.73,6.89,6.7,6.85,32189751.0,220649435.0,0.0279692592298815,6.77,6.93,6.74,6.89,0.9941944847605224,1.5821851261356346
000735,罗 牛 山,2026-04-15,6.86,6.93,6.8,6.89,25437441.0,175894604.0,0.02210226421055,6.9,6.97,6.84,6.93,0.9942279942279942,1.1784751377050524
000735,罗 牛 山,2026-04-16,6.89,6.91,6.77,6.9,21120001.0,145201708.0,0.0183508963118216,6.93,6.95,6.81,6.94,0.9942363112391932,0.9503182463569448
000735,罗 牛 山,2026-04-17,6.89,6.91,6.81,6.88,16414659.0,113288064.0,0.0142624853712322,6.93,6.95,6.85,6.92,0.9942196531791908,0.7155395115220863
000735,罗 牛 山,2026-04-20,7.01,7.27,7.0,7.11,40482538.0,290002116.0,0.0351747548344046,7.05,7.31,7.04,7.15,0.9944055944055944,1.7213290293167582
000735,罗 牛 山,2026-04-21,7.11,7.2,6.87,6.93,30105862.0,211039557.0,0.026158594970711,7.15,7.24,6.91,6.97,0.994261119081779,1.1097348736648822
000735,罗 牛 山,2026-04-22,6.91,7.03,6.86,6.9,21119798.0,147125033.0,0.0183507199277414,6.95,7.07,6.9,6.94,0.9942363112391932,0.7906453570430977
000735,罗 牛 山,2026-04-23,6.86,6.88,6.72,6.77,20464560.0,139514183.0,0.0177813920854953,6.9,6.92,6.76,6.81,0.9941262848751836,0.791709511716307
000735,罗 牛 山,2026-04-24,6.74,6.76,6.62,6.65,15549031.0,104234129.0,0.0135103523731036,6.78,6.8,6.66,6.69,0.9940209267563528,0.6046093530286871
000735,罗 牛 山,2026-04-27,6.65,6.65,6.5,6.54,19403245.0,127693719.0,0.0168592291784395,6.69,6.69,6.54,6.58,0.9939209726443768,0.7595902450129319
000735,罗 牛 山,2026-04-28,6.4,6.45,6.14,6.23,44343300.0,277120081.0,0.0385293211124375,6.44,6.49,6.18,6.27,0.9936204146730464,2.0790633032445154
000735,罗 牛 山,2026-04-29,6.21,6.44,6.18,6.37,29165085.0,186739157.0,0.0253411659762925,6.25,6.48,6.22,6.41,0.9937597503900156,1.206365855560444
000735,罗 牛 山,2026-04-30,6.34,6.72,6.34,6.54,28554909.0,188098998.0,0.0248109919243139,6.38,6.76,6.38,6.58,0.9939209726443768,1.1074213710287144
000735,罗 牛 山,2026-05-06,6.54,6.61,6.5,6.55,23100146.0,151894838.0,0.0200714187482255,6.58,6.65,6.54,6.59,0.9939301972685888,0.8429752180719315
000735,罗 牛 山,2026-05-07,6.55,6.61,6.46,6.48,21765900.0,142432529.0,0.018912109617489,6.59,6.65,6.5,6.52,0.9938650306748468,0.7527979215958366
000735,罗 牛 山,2026-05-08,6.49,6.52,6.47,6.51,12715176.0,83139849.0,0.0110480523349673,6.53,6.56,6.51,6.55,0.9938931297709924,0.4326969684883904
000735,罗 牛 山,2026-05-11,6.52,6.55,6.42,6.51,19410347.0,126986276.0,0.016865400014587,6.56,6.59,6.46,6.55,0.9938931297709924,0.841723429872587
000735,罗 牛 山,2026-05-12,6.49,6.49,6.26,6.3,24709624.0,157546228.0,0.0214698734118478,6.53,6.53,6.3,6.34,0.9936908517350158,1.1705565390822419
000735,罗 牛 山,2026-05-13,6.29,6.51,6.25,6.44,24380861.0,156575167.0,0.0211842154838883,6.33,6.55,6.29,6.48,0.9938271604938272,1.1986516716672142
000735,罗 牛 山,2026-05-14,6.44,6.46,6.3,6.34,18647999.0,119478394.0,0.016203005675613,6.48,6.5,6.34,6.38,0.9937304075235108,0.9054017041517622
000735,罗 牛 山,2026-05-15,6.34,6.38,6.15,6.2,19707300.0,123465850.0,0.0171234186440598,6.38,6.42,6.19,6.24,0.9935897435897436,0.9867068522495799
000735,罗 牛 山,2026-05-18,6.16,6.2,6.04,6.11,16714944.0,102536659.0,0.014523399132505,6.2,6.24,6.08,6.15,0.9934959349593496,0.7821237697629161
000735,罗 牛 山,2026-05-19,6.11,6.18,6.04,6.16,14974800.0,92029571.0,0.0130114104677488,6.15,6.22,6.08,6.2,0.9935483870967742,0.7188313814396535
000735,罗 牛 山,2026-05-20,6.12,6.14,5.99,6.03,12762675.0,77512269.0,0.0110893236030849,6.16,6.18,6.02,6.07,0.9934102141680397,0.6758036968330215
000735,罗 牛 山,2026-05-21,6.09,6.15,5.88,5.89,16126867.0,97075782.0,0.0140124266164352,6.09,6.15,5.88,5.89,1.0,0.9737538595134333
000735,罗 牛 山,2026-05-22,5.95,5.98,5.89,5.95,12595340.0,74717514.0,0.0109439283810706,5.95,5.98,5.89,5.95,1.0,0.7843987786452895
000735,罗 牛 山,2026-05-25,6.03,6.03,5.83,5.88,13733500.0,81011238.0,0.011932860916929,6.03,6.03,5.83,5.88,1.0,0.9384058894950826
000735,罗 牛 山,2026-05-26,5.87,5.88,5.69,5.74,19064648.0,109595355.0,0.0165650266147893,5.87,5.88,5.69,5.74,1.0,1.3580128052892657
000735,罗 牛 山,2026-05-27,5.74,5.76,5.56,5.6,19815194.0,111304179.0,0.01721716634827,5.74,5.76,5.56,5.6,1.0,1.3337631757886022
000735,罗 牛 山,2026-05-28,5.57,5.62,5.44,5.56,15004718.0,82997246.0,0.0130374058318521,5.57,5.62,5.44,5.56,1.0,0.922396060792557
000735,罗 牛 山,2026-05-29,5.55,5.68,5.53,5.59,16405700.0,92207100.0,0.0142547010117495,5.55,5.68,5.53,5.59,1.0,1.0226283887729481
000735,罗 牛 山,2026-06-01,5.55,5.65,5.49,5.63,20879100.0,116557346.0,0.0181415805417885,5.55,5.65,5.49,5.63,1.0,1.2424521349675377
000735,罗 牛 山,2026-06-02,5.64,5.65,5.4,5.43,18512695.0,101024837.0,0.0160854417761334,5.64,5.65,5.4,5.43,1.0,1.0152914860869924
000735,罗 牛 山,2026-06-03,5.43,5.45,5.34,5.38,15236200.0,82116401.0,0.0132385375543389,5.43,5.45,5.34,5.38,1.0,0.8406883679644465
000735,罗 牛 山,2026-06-04,5.37,5.44,5.22,5.26,16557016.0,87660176.0,0.0143861775313917,5.37,5.44,5.22,5.26,1.0,0.9621874359769977
000735,罗 牛 山,2026-06-05,5.24,5.32,5.17,5.21,18892944.0,98729793.0,0.0164158352250576,5.24,5.32,5.17,5.21,1.0,1.0784787441672896
000735,罗 牛 山,2026-06-08,5.09,5.32,5.0,5.06,22257504.0,114303944.0,0.0193392579888587,5.09,5.32,5.0,5.06,1.0,1.2354578875597253
000735,罗 牛 山,2026-06-09,5.1,5.12,4.99,5.08,15658633.0,79187070.0,0.0136055841364718,5.1,5.12,4.99,5.08,1.0,0.8560713093771861
000735,罗 牛 山,2026-06-10,5.07,5.15,5.01,5.1,19583100.0,99536911.0,0.0170155028668812,5.07,5.15,5.01,5.1,1.0,1.105112432920334
000735,罗 牛 山,2026-06-11,5.07,5.13,5.01,5.06,14606066.0,73943467.0,0.0126910222537216,5.07,5.13,5.01,5.06,1.0,0.7857015698586401
000735,罗 牛 山,2026-06-12,5.12,5.29,5.07,5.24,45004094.0,233910182.0,0.0391034764913825,5.12,5.29,5.07,5.24,1.0,2.4728000529504706
000735,罗 牛 山,2026-06-15,5.24,5.28,5.14,5.22,26261300.0,136487508.0,0.0228181046636144,5.24,5.28,5.14,5.22,1.0,1.1212294091139416
000735,罗 牛 山,2026-06-16,5.21,5.31,5.08,5.26,19164766.0,99719576.0,0.0166520178529501,5.21,5.31,5.08,5.26,1.0,0.7911923352561598
000735,罗 牛 山,2026-06-17,5.25,5.25,5.03,5.07,25785014.0,131078277.0,0.0224042659047634,5.25,5.25,5.03,5.07,1.0,1.0345511738684898
000735,罗 牛 山,2026-06-18,5.07,5.07,4.95,4.99,17970502.0,89711744.0,0.015614337275523,5.07,5.07,4.95,4.99,1.0,0.6868342633046438
000735,罗 牛 山,2026-06-22,4.98,5.02,4.86,5.01,20439322.0,100781753.0,0.0177594631129958,4.98,5.02,4.86,5.01,1.0,0.7616059556163058
000735,罗 牛 山,2026-06-23,5.03,5.21,5.01,5.06,24574182.0,125832217.0,0.021352189605949,5.03,5.21,5.01,5.06,1.0,1.1208711615806415
000735,罗 牛 山,2026-06-24,5.07,5.07,4.86,4.89,19352800.0,95129430.0,0.0168153981689405,5.07,5.07,4.86,4.89,1.0,0.8965126082022177
000735,罗 牛 山,2026-06-25,4.87,4.92,4.81,4.86,14689205.0,71432360.0,0.0127632606578992,4.87,4.92,4.81,4.86,1.0,0.6792895735569379
000735,罗 牛 山,2026-06-26,4.84,4.94,4.75,4.79,23644405.0,114471960.0,0.0205443183695738,4.84,4.94,4.75,4.79,1.0,1.218457027981909
000735,罗 牛 山,2026-06-29,4.77,4.97,4.71,4.83,26040867.0,125735912.0,0.0226265732746384,4.77,4.97,4.71,4.83,1.0,1.2678134764552966
000735,罗 牛 山,2026-06-30,4.81,4.84,4.71,4.75,19596343.0,93288909.0,0.0170270095386781,4.81,4.84,4.71,4.75,1.0,0.9047127887723101
000735,罗 牛 山,2026-07-01,4.75,5.13,4.75,4.98,38834380.0,192812067.0,0.033742691617954,4.75,5.13,4.75,4.98,1.0,1.879259553623847
000735,罗 牛 山,2026-07-02,5.05,5.2,5.0,5.08,36819400.0,187516515.0,0.0319919014996015,5.05,5.2,5.0,5.08,1.0,1.499097758075391
000735,罗 牛 山,2026-07-03,5.06,5.14,4.96,5.04,26075016.0,131320253.0,0.02265624490004,5.06,5.14,4.96,5.04,1.0,0.899539274033096
000735,罗 牛 山,2026-07-06,5.07,5.19,5.04,5.12,27141501.0,139057920.0,0.0235828999533761,5.07,5.19,5.04,5.12,1.0,0.9208874467290645
000735,罗 牛 山,2026-07-07,5.11,5.11,4.93,4.96,24937516.0,124461825.0,0.0216678858296641,5.11,5.11,4.93,4.96,1.0,0.8398356694810363
000735,罗 牛 山,2026-07-08,4.98,4.99,4.84,4.87,18348902.0,89667888.0,0.0159431241522089,4.98,4.99,4.84,4.87,1.0,0.5964879690474502
000735,罗 牛 山,2026-07-09,4.88,4.93,4.78,4.86,18488416.0,89339749.0,0.0160643460663578,4.88,4.93,4.78,4.86,1.0,0.6933727945883936
000735,罗 牛 山,2026-07-10,4.86,5.08,4.76,5.0,25770300.0,128298297.0,0.02239148110005,4.86,5.08,4.76,5.0,1.0,1.1205320998446222
000735,罗 牛 山,2026-07-13,4.99,5.0,4.85,4.88,18488654.0,90529380.0,0.0160645528614864,4.99,5.0,4.85,4.88,1.0,0.8060509404604992
000735,罗 牛 山,2026-07-14,4.84,4.95,4.79,4.94,17469820.0,85287777.0,0.0151793011471063,4.84,4.95,4.79,4.94,1.0,0.8237855276848168
000735,罗 牛 山,2026-07-15,4.9,5.1,4.87,5.03,22688422.0,114202488.0,0.0197136770779912,4.9,5.1,4.87,5.03,1.0,1.1509242955478036
000735,罗 牛 山,2026-07-16,5.01,5.15,4.98,5.11,30236135.0,154165826.0,0.0262717874992165,5.01,5.15,4.98,5.11,1.0,1.4691198279837256
000735,罗 牛 山,2026-07-17,5.09,5.18,4.87,4.95,28705256.0,143777178.0,0.0249416264923612,5.09,5.18,4.87,4.95,1.0,1.2518282613175888
000735,罗 牛 山,2026-07-20,4.93,5.04,4.87,4.95,25259986.0,125237291.0,0.0219480758511359,4.93,5.04,4.87,4.95,1.0,1.0740859759271772
000735,罗 牛 山,2026-07-21,4.95,4.97,4.84,4.89,24272032.0,118638296.0,0.0210896553702444,4.95,4.97,4.84,4.89,1.0,0.9758807639962294
000735,罗 牛 山,2026-07-22,4.87,4.94,4.84,4.92,14462267.0,70847123.0,0.0125660771583713,4.87,4.94,4.84,4.92,1.0,0.5513138574590347
000735,罗 牛 山,2026-07-23,4.93,5.04,4.85,5.02,21955782.0,108987824.0,0.0190770956368307,4.93,5.04,4.85,5.02,1.0,0.8929784548465818
000735,罗 牛 山,2026-07-24,4.97,5.05,4.84,4.85,21230309.0,104516521.0,0.0184467415094788,4.97,5.05,4.84,4.85,1.0,0.9258318080879681
000735,罗 牛 山,2026-07-27,4.86,4.97,4.81,4.97,15986489.0,78822400.0,0.0138904539838363,4.86,4.97,4.81,4.97,1.0,0.7457750008266439
000735,罗 牛 山,2026-07-28,4.94,5.08,4.92,5.0,21641991.0,108793851.0,0.018804446686455,4.94,5.08,4.92,5.0,1.0,1.1052334228731773
000735,罗 牛 山,2026-07-29,5.01,5.09,5.0,5.08,20183681.0,102254152.0,0.0175373399471848,5.01,5.09,5.0,5.08,1.0,1.0592123659687362
000735,罗 牛 山,2026-07-30,5.07,5.23,5.05,5.21,32039891.0,166132703.0,0.0278390478098494,5.07,5.23,5.05,5.21,1.0,1.5861606693945556
000735,罗 牛 山,2026-07-31,5.15,5.28,5.12,5.26,26956500.0,140629024.0,0.0234221549719443,5.15,5.28,5.12,5.26,1.0,1.2133564571966562
000735,罗 牛 山,2026-08-03,5.27,5.36,5.23,5.35,21640930.0,115096284.0,0.0188035247972474,5.27,5.36,5.23,5.35,1.0,0.9263418486687517
000735,罗 牛 山,2026-08-04,5.34,5.35,5.25,5.28,20667303.0,109185278.0,0.0179575528617636,5.34,5.35,5.25,5.28,1.0,0.843818303542524
000735,罗 牛 山,2026-08-05,5.28,5.3,5.2,5.24,27141569.0,142175559.0,0.0235829590376985,5.28,5.3,5.2,5.24,1.0,1.1170445171656647
000735,罗 牛 山,2026-08-06,5.22,5.28,5.1,5.16,35227802.0,181721476.0,0.0306089825372348,5.22,5.28,5.1,5.16,1.0,1.37130580429114
000735,罗 牛 山,2026-08-07,5.16,5.17,5.02,5.12,23439401.0,119283839.0,0.020366193039584,5.16,5.17,5.02,5.12,1.0,0.8903240227167877
000735,罗 牛 山,2026-08-10,5.2,5.33,5.15,5.32,33819797.0,178080803.0,0.0293855851632704,5.2,5.33,5.15,5.32,1.0,1.3198793165669147
000735,罗 牛 山,2026-08-11,5.31,5.33,5.18,5.18,22918949.0,120278990.0,0.0199139790133025,5.31,5.33,5.18,5.18,1.0,0.8168076748544676
000735,罗 牛 山,2026-08-12,5.19,5.29,5.17,5.28,19855950.0,104097943.0,0.0172525787107072,5.19,5.29,5.17,5.28,1.0,0.6964677561064234
000735,罗 牛 山,2026-08-13,5.26,5.29,5.17,5.22,23928801.0,125223561.0,0.0207914263837967,5.26,5.29,5.17,5.22,1.0,0.8845358958031485
000735,罗 牛 山,2026-08-14,5.2,5.23,5.04,5.11,30393002.0,154869823.0,0.0264080872111222,5.2,5.23,5.04,5.11,1.0,1.225891072665952
000735,罗 牛 山,2026-08-17,5.4,5.62,5.22,5.62,88145522.0,480537096.0,0.0765885065333753,5.4,5.62,5.22,5.62,1.0,3.3664787354266172
000735,罗 牛 山,2026-08-18,5.72,6.18,5.71,6.18,119357345.0,706971859.0,0.1037080567443782,5.72,6.18,5.71,6.18,1.0,3.2216560140197843
000735,罗 牛 山,2026-08-19,6.15,6.47,5.82,5.87,192563908.0,1176687523.0,0.1673162945923707,6.15,6.47,5.82,5.87,1.0,3.418124896203367
000735,罗 牛 山,2026-08-20,5.82,6.24,5.5,5.98,171762903.0,994518904.0,0.1492425697882533,,,,,,1.8900442409448066
000735,罗 牛 山,2026-08-21,5.76,5.8,5.38,5.43,123708528.0,677460753.0,0.1074887435003476,,,,,,1.0270995439759925
000735,罗 牛 山,2026-08-24,5.4,5.45,5.18,5.32,73095377.0,386339879.0,0.063511629767466,,,,,,0.5254591075619505
000735,罗 牛 山,2026-08-25,5.25,5.51,5.24,5.49,76666189.0,414588063.0,0.0666142622323513,,,,,,0.5633176641434126
000735,罗 牛 山,2026-08-26,5.39,5.7,5.39,5.54,72687972.0,403201143.0,0.0631576408205944,,,,,,0.5698363493940128
000735,罗 牛 山,2026-08-27,5.52,5.87,5.48,5.74,79358375.0,450240950.0,0.0689534679046492,5.52,5.87,5.48,5.74,1.0,0.7661243679052508
000735,罗 牛 山,2026-08-28,5.85,5.9,5.71,5.86,67931618.0,395176509.0,0.0590249062115232,,,,,,0.798225537894081
000735,罗 牛 山,2026-08-31,5.88,5.89,5.68,5.69,61044392.0,351718999.0,0.0530406844209048,,,,,,0.8255053474387622
000735,罗 牛 山,2026-09-01,5.73,6.09,5.69,5.9,72778880.0,431413050.0,0.0632366296086118,5.73,6.09,5.69,5.9,1.0,1.0173498818158968
000735,罗 牛 山,2026-09-02,5.82,5.86,5.65,5.67,47252271.0,270142684.0,0.0410568884735894,,,,,,0.667779900950431
000735,罗 牛 山,2026-09-03,5.74,5.74,5.55,5.57,31595522.0,177613157.0,0.0274529413204042,,,,,,0.4811028950370723
000735,罗 牛 山,2026-09-04,5.57,6.13,5.5,6.13,79518357.0,471560282.0,0.0690924741998552,,,,,,1.4169208246665268
000735,罗 牛 山,2026-09-07,6.73,6.74,6.62,6.74,51307915.0,345449520.0,0.0445807852064381,,,,,,0.8779906310229123
000735,罗 牛 山,2026-09-08,6.65,7.31,6.65,6.81,257623632.0,1776660076.0,,6.65,7.31,6.65,6.81,1.0,4.560469921812994
000735,罗 牛 山,2026-09-09,6.76,7.23,6.6,7.02,224102904.0,1552489312.0,,6.76,7.23,6.6,7.02,1.0,2.397860137538833
000735,罗 牛 山,2026-09-10,6.8,6.9,6.48,6.52,160136235.0,1060831492.0,,6.8,6.9,6.48,6.52,1.0,1.2430074529573025
000912,泸天化,2026-03-20,5.3,5.41,5.01,5.02,118091841.0,606853388.0,0.07531367410714286,5.3,5.41,5.01,5.02,1.0,0.5873513714833143
000912,泸天化,2026-03-23,4.96,5.35,4.85,5.16,119830473.0,617624861.0,0.07642249553571429,4.96,5.35,4.85,5.16,1.0,0.6662131538920926
000912,泸天化,2026-03-24,5.08,5.16,4.92,5.14,84890040.0,427911080.0,0.05413905612244898,5.08,5.16,4.92,5.14,1.0,0.5452892941282939
000912,泸天化,2026-03-25,5.07,5.21,4.99,5.18,78336364.0,401370139.0,0.04995941581632653,5.07,5.21,4.99,5.18,1.0,0.6302393379564755
000912,泸天化,2026-03-26,5.19,5.38,5.15,5.24,100076339.0,526068786.0,0.06382419579081633,5.19,5.38,5.15,5.24,1.0,0.9466040811857335
000912,泸天化,2026-03-27,5.09,5.7,5.09,5.59,140674160.0,774649051.0,0.08971566326530613,5.09,5.7,5.09,5.59,1.0,1.4033033468237004
000912,泸天化,2026-03-30,5.7,5.85,5.48,5.55,103482431.0,580909694.0,0.06599644834183674,5.7,5.85,5.48,5.55,1.0,0.9877908916654888
000912,泸天化,2026-03-31,5.48,5.68,5.2,5.23,86666035.0,464334194.0,0.05527170599489796,5.48,5.68,5.2,5.23,1.0,0.8539209863070526
000912,泸天化,2026-04-01,5.29,5.34,5.13,5.16,55984048.0,291357055.0,0.03570411224489796,5.29,5.34,5.13,5.16,1.0,0.549687392172274
000912,泸天化,2026-04-02,5.17,5.33,5.11,5.2,61879917.0,322074410.0,0.03946423278061224,5.17,5.33,5.11,5.2,1.0,0.6354700754367867
000912,泸天化,2026-04-03,5.16,5.17,4.7,4.79,75146256.0,363077874.0,0.047924908163265306,5.16,5.17,4.7,4.79,1.0,0.8374025155567887
000912,泸天化,2026-04-07,4.79,5.27,4.76,5.27,93440309.0,479218431.0,0.059592033801020405,4.79,5.27,4.76,5.27,1.0,1.2193421703629546
000912,泸天化,2026-04-08,5.19,5.26,5.02,5.17,111713407.0,579020309.0,0.07124579528061224,5.19,5.26,5.02,5.17,1.0,1.4970309211546262
000912,泸天化,2026-04-09,5.21,5.27,5.05,5.14,65561022.0,336851957.0,0.0418118762755102,5.21,5.27,5.05,5.14,1.0,0.8232918140951574
000912,泸天化,2026-04-10,5.15,5.18,5.01,5.06,45855100.0,232939382.0,0.029244323979591837,5.15,5.18,5.01,5.06,1.0,0.5623068321441995
000912,泸天化,2026-04-13,5.22,5.24,4.97,5.16,76478814.0,390641522.0,0.04877475382653061,5.22,5.24,4.97,5.16,1.0,0.9762020908949429
000912,泸天化,2026-04-14,5.14,5.25,5.01,5.22,62906021.0,323976211.0,0.04011863584183673,5.14,5.25,5.01,5.22,1.0,0.8002319901099673
000912,泸天化,2026-04-15,5.18,5.2,5.01,5.03,48197946.0,245046330.0,0.030738485969387754,5.18,5.2,5.01,5.03,1.0,0.6647729136603261
000912,泸天化,2026-04-16,5.04,5.06,4.9,4.94,59607742.0,294494837.0,0.038015141581632654,5.04,5.06,4.9,4.94,1.0,0.9967886403917675
000912,泸天化,2026-04-17,4.92,4.97,4.79,4.84,49447100.0,239413987.0,0.03153514030612245,4.92,4.97,4.79,4.84,1.0,0.8436757985632838
000912,泸天化,2026-04-20,4.85,4.9,4.78,4.89,36096015.0,174947494.0,0.023020417729591836,4.85,4.9,4.78,4.89,1.0,0.6084193676268772
000912,泸天化,2026-04-21,4.87,5.0,4.73,4.94,53721249.0,262049798.0,0.034261000637755105,4.87,5.0,4.73,4.94,1.0,1.0481997599389583
000912,泸天化,2026-04-22,4.85,4.98,4.85,4.92,38413410.0,188741344.0,0.024498348214285714,4.85,4.98,4.85,4.92,1.0,0.777378919238662
000912,泸天化,2026-04-23,4.91,5.05,4.78,4.94,55224448.0,272096233.0,0.03521967346938776,4.91,5.05,4.78,4.94,1.0,1.1636708580223665
000912,泸天化,2026-04-24,5.0,5.43,4.96,5.26,170543673.0,902447524.0,0.1087650975765306,5.0,5.43,4.96,5.26,1.0,3.6612719177921798
000912,泸天化,2026-04-27,5.26,5.26,5.0,5.11,119162534.0,607423196.0,0.07599651403061225,5.26,5.26,5.0,5.11,1.0,1.6830923675884264
000912,泸天化,2026-04-28,5.12,5.43,5.1,5.36,132807603.0,706901872.0,0.08469872640306123,5.12,5.43,5.1,5.36,1.0,1.519310715651986
000912,泸天化,2026-04-29,5.26,5.35,5.18,5.26,87352882.0,460114356.0,0.05570974617346939,5.26,5.35,5.18,5.26,1.0,0.8461939330592263
000912,泸天化,2026-04-30,5.08,5.15,4.86,4.87,106539946.0,528521668.0,0.06794639413265306,5.08,5.15,4.86,4.87,1.0,0.942679317180588
000912,泸天化,2026-05-06,4.85,4.88,4.67,4.77,75603736.0,357861638.0,0.04821666836734694,4.85,4.88,4.67,4.77,1.0,0.6132618578322319
000912,泸天化,2026-05-07,4.68,4.69,4.46,4.49,82972351.0,375359993.0,0.052916040178571426,4.68,4.69,4.46,4.49,1.0,0.7955671075534313
000912,泸天化,2026-05-08,4.48,4.55,4.46,4.5,38670276.0,173642744.0,0.02466216581632653,4.48,4.55,4.46,4.5,1.0,0.39843547509133753
000912,泸天化,2026-05-11,4.5,4.55,4.46,4.48,42480939.0,191030968.0,0.027092435586734694,4.5,4.55,4.46,4.48,1.0,0.5430411983441464
000912,泸天化,2026-05-12,4.47,4.48,4.32,4.35,39955980.0,174017847.0,0.025482130102040815,4.47,4.48,4.32,4.35,1.0,0.5769529204795021
000912,泸天化,2026-05-13,4.34,4.4,4.32,4.37,27727518.0,120960219.0,0.01768336607142857,4.34,4.4,4.32,4.37,1.0,0.4956949482593672
000912,泸天化,2026-05-14,4.36,4.4,4.31,4.33,29450758.0,128132785.0,0.018782371173469387,4.36,4.4,4.31,4.33,1.0,0.6352428932019086
000912,泸天化,2026-05-15,4.32,4.4,4.26,4.34,31947712.0,138695284.0,0.020374816326530612,4.32,4.4,4.26,4.34,1.0,0.8959707098061849
000912,泸天化,2026-05-18,4.32,4.33,4.18,4.22,32553169.0,137477223.0,0.020760949617346938,4.32,4.33,4.18,4.22,1.0,0.9487239861236438
000912,泸天化,2026-05-19,4.19,4.2,4.08,4.13,36806334.0,152064381.0,0.023473427295918368,4.19,4.2,4.08,4.13,1.0,1.1385622793143053
000912,泸天化,2026-05-20,4.11,4.12,4.02,4.09,26116742.0,106041828.0,0.016656085459183675,4.11,4.12,4.02,4.09,1.0,0.8239474110598554
000912,泸天化,2026-05-21,4.08,4.12,3.94,3.94,29939935.0,120945036.0,0.019094346301020408,4.08,4.12,3.94,3.94,1.0,0.954262610134463
000912,泸天化,2026-05-22,3.96,4.05,3.92,4.01,25155725.0,99996400.0,0.016043191964285716,3.96,4.05,3.92,4.01,1.0,0.7992851689255372
000912,泸天化,2026-05-25,4.0,4.01,3.9,3.93,21443460.0,84497737.0,0.013675676020408162,4.0,4.01,3.9,3.93,1.0,0.7120671017611154
000912,泸天化,2026-05-26,3.9,3.91,3.78,3.84,31793947.0,121526039.0,0.020276751913265306,3.9,3.91,3.78,3.84,1.0,1.1398768953846101
000912,泸天化,2026-05-27,3.83,3.86,3.72,3.75,24966948.0,94061614.0,0.015922798469387756,3.83,3.86,3.72,3.75,1.0,0.9284858113855706
000912,泸天化,2026-05-28,3.76,3.84,3.74,3.79,26201198.0,99277824.0,0.016709947704081633,3.76,3.84,3.74,3.79,1.0,0.9827905120640834
000912,泸天化,2026-05-29,3.81,3.84,3.74,3.77,24337609.0,92346797.0,0.01552143431122449,3.81,3.84,3.74,3.77,1.0,0.9392315889319955
000912,泸天化,2026-06-01,3.76,3.91,3.74,3.89,28464800.0,109917802.0,0.01815357142857143,3.76,3.91,3.74,3.89,1.0,1.1054878394240466
000912,泸天化,2026-06-02,3.9,3.91,3.77,3.82,22511333.0,85785339.0,0.014356717474489796,3.9,3.91,3.77,3.82,1.0,0.8290581362718806
000912,泸天化,2026-06-03,3.82,3.82,3.73,3.79,19803901.0,74633582.0,0.012630038903061224,3.82,3.82,3.73,3.79,1.0,0.7828749757435626
000912,泸天化,2026-06-04,3.77,3.79,3.64,3.67,23244956.0,85977532.0,0.014824589285714286,3.77,3.79,3.64,3.67,1.0,0.9580109655020526
000912,泸天化,2026-06-05,3.67,3.73,3.64,3.69,20167900.0,74463350.0,0.01286218112244898,3.67,3.73,3.64,3.69,1.0,0.8519540872873195
000912,泸天化,2026-06-08,3.65,3.75,3.6,3.65,25437127.0,93381367.0,0.016222657525510203,3.65,3.75,3.6,3.65,1.0,1.1137789314203363
000912,泸天化,2026-06-09,3.68,3.69,3.55,3.61,20086385.0,72115135.0,0.012810194515306123,3.68,3.69,3.55,3.61,1.0,0.903447388583787
000912,泸天化,2026-06-10,3.6,3.67,3.57,3.62,19792900.0,71478298.0,0.012623022959183673,3.6,3.67,3.57,3.62,1.0,0.9100998269555504
000912,泸天化,2026-06-11,3.68,3.83,3.61,3.71,40570333.0,150102379.0,0.025873936862244897,3.68,3.83,3.61,3.71,1.0,1.865658334055923
000912,泸天化,2026-06-12,3.67,3.76,3.59,3.7,38846740.0,143061717.0,0.024774706632653062,3.67,3.76,3.59,3.7,1.0,1.5408690413590074
000912,泸天化,2026-06-15,3.7,3.77,3.62,3.68,28416720.0,104866748.0,0.018122908163265308,3.7,3.77,3.62,3.68,1.0,0.9816912789739016
000912,泸天化,2026-06-16,3.66,3.66,3.57,3.58,22136273.0,79570593.0,0.014117521045918367,3.66,3.66,3.57,3.58,1.0,0.7492996997869071
000912,泸天化,2026-06-17,3.59,3.6,3.45,3.47,25306749.0,88153267.0,0.016139508290816326,3.59,3.6,3.45,3.47,1.0,0.8448934231177019
000912,泸天化,2026-06-18,3.46,3.48,3.39,3.41,16720836.0,57245849.0,0.010663798469387755,3.46,3.48,3.39,3.41,1.0,0.5384202400081429
000912,泸天化,2026-06-22,3.41,3.5,3.31,3.48,25801994.0,87826510.0,0.01645535331632653,3.41,3.5,3.31,3.48,1.0,0.9816069593689798
000912,泸天化,2026-06-23,3.47,3.57,3.45,3.47,23777766.0,83721138.0,0.015164391581632653,3.47,3.57,3.45,3.47,1.0,1.0042764571798626
000912,泸天化,2026-06-24,3.46,3.48,3.35,3.4,18691434.0,63536973.0,0.011920557397959183,3.46,3.48,3.35,3.4,1.0,0.8216475934500342
000912,泸天化,2026-06-25,3.38,3.38,3.27,3.33,19145686.0,63416775.0,0.012210258928571428,3.38,3.38,3.27,3.33,1.0,0.8679010852876259
000912,泸天化,2026-06-26,3.3,3.36,3.23,3.26,18560208.0,60892569.0,0.011836867346938775,3.3,3.36,3.23,3.26,1.0,0.8911376546802697
000912,泸天化,2026-06-29,3.25,3.3,3.17,3.27,17191100.0,55705504.0,0.010963711734693878,3.25,3.3,3.17,3.27,1.0,0.811076258294623
000912,泸天化,2026-06-30,3.25,3.28,3.18,3.21,15353301.0,49353931.0,0.009791646045918367,3.25,3.28,3.18,3.21,1.0,0.7884307873839661
000912,泸天化,2026-07-01,3.21,3.41,3.18,3.37,28547478.0,94830767.0,0.018206299744897958,3.21,3.41,3.18,3.37,1.0,1.6048416373826058
000912,泸天化,2026-07-02,3.37,3.45,3.33,3.41,22238400.0,75892953.0,0.014182653061224489,3.37,3.45,3.33,3.41,1.0,1.125450469414933
000912,泸天化,2026-07-03,3.42,3.44,3.35,3.4,14809484.0,50273703.0,0.009444823979591836,3.42,3.44,3.35,3.4,1.0,0.7267353624485081
000912,泸天化,2026-07-06,3.39,3.47,3.36,3.38,16388406.0,55798335.0,0.010451789540816327,3.39,3.47,3.36,3.38,1.0,0.8349523933535482
000912,泸天化,2026-07-07,3.38,3.38,3.25,3.29,12788687.0,42143499.0,0.008156050382653062,3.38,3.38,3.25,3.29,1.0,0.6569278863328009
000912,泸天化,2026-07-08,3.32,3.34,3.25,3.28,11897500.0,39055435.0,0.007587691326530612,3.32,3.34,3.25,3.28,1.0,0.6276876546038614
000912,泸天化,2026-07-09,3.28,3.35,3.23,3.28,15402901.0,50439414.0,0.009823278698979592,3.28,3.35,3.23,3.28,1.0,0.9858175003846844
000912,泸天化,2026-07-10,3.26,3.4,3.2,3.37,22771900.0,76050079.0,0.014522895408163265,3.26,3.4,3.2,3.37,1.0,1.597199140634072
000912,泸天化,2026-07-13,3.36,3.4,3.27,3.3,13200686.0,43698435.0,0.008418804846938776,3.36,3.4,3.27,3.3,1.0,0.8328572203340759
000912,泸天化,2026-07-14,3.32,3.41,3.29,3.41,20142200.0,67984484.0,0.01284579081632653,3.32,3.41,3.29,3.41,1.0,1.3240702538311213
000912,泸天化,2026-07-15,3.38,3.55,3.36,3.51,29342173.0,102320213.0,0.018713120535714285,3.38,3.55,3.36,3.51,1.0,1.758802806496136
000912,泸天化,2026-07-16,3.5,3.55,3.44,3.48,19206192.0,67022988.0,0.01224884693877551,3.5,3.55,3.44,3.48,1.0,0.9521226779414527
000912,泸天化,2026-07-17,3.46,3.63,3.44,3.51,28923240.0,101813745.0,0.01844594387755102,3.46,3.63,3.44,3.51,1.0,1.3817298506520217
000912,泸天化,2026-07-20,3.48,3.65,3.45,3.58,35504512.0,126486352.0,0.02264318367346939,3.48,3.65,3.45,3.58,1.0,1.6019796544479008
000912,泸天化,2026-07-21,3.52,3.52,3.37,3.44,33205986.0,113518783.0,0.02117728698979592,3.52,3.52,3.37,3.44,1.0,1.2472357955066395
000912,泸天化,2026-07-22,3.41,3.52,3.39,3.48,22052879.0,76334108.0,0.014064336096938775,3.41,3.52,3.39,3.48,1.0,0.7542947647975757
000912,泸天化,2026-07-23,3.46,3.62,3.44,3.61,25368589.0,90297904.0,0.01617894706632653,3.46,3.62,3.44,3.61,1.0,0.9132434278868966
000912,泸天化,2026-07-24,3.58,3.66,3.48,3.48,24033986.0,85424292.0,0.015327797193877552,3.58,3.66,3.48,3.48,1.0,0.8284427240756874
000912,泸天化,2026-07-27,3.43,3.56,3.38,3.54,19001034.0,66446548.0,0.01211800637755102,3.43,3.56,3.38,3.54,1.0,0.6778049065724606
000912,泸天化,2026-07-28,3.52,3.55,3.49,3.53,13579800.0,47774285.0,0.008660586734693878,3.52,3.55,3.49,3.53,1.0,0.54906713252397
000912,泸天化,2026-07-29,3.53,3.68,3.52,3.64,25137558.0,91377267.0,0.016031605867346938,3.53,3.68,3.52,3.64,1.0,1.2081149031384126
000912,泸天化,2026-07-30,3.63,3.7,3.59,3.61,20636574.0,75143418.0,0.013161080357142857,3.63,3.7,3.59,3.61,1.0,0.9632369170080401
000912,泸天化,2026-07-31,3.56,3.63,3.55,3.6,14729357.0,53019895.0,0.009393722576530612,3.56,3.63,3.55,3.6,1.0,0.7192844888186765
000912,泸天化,2026-08-03,3.61,3.69,3.58,3.68,17030827.0,62268679.0,0.01086149681122449,3.61,3.69,3.58,3.68,1.0,0.9148064062301876
000912,泸天化,2026-08-04,3.68,3.7,3.62,3.65,15681600.0,57234029.0,0.010001020408163265,3.68,3.7,3.62,3.65,1.0,0.8605472284887229
000912,泸天化,2026-08-05,3.65,3.65,3.6,3.64,16315800.0,59052330.0,0.01040548469387755,3.65,3.65,3.6,3.64,1.0,0.8751617052178086
000912,泸天化,2026-08-06,3.64,3.65,3.55,3.64,15862901.0,57090742.0,0.010116646045918368,3.64,3.65,3.55,3.64,1.0,0.9398103717084303
000912,泸天化,2026-08-07,3.62,3.65,3.57,3.62,12656650.0,45653906.0,0.008071843112244898,3.62,3.65,3.57,3.62,1.0,0.7948111594648035
000912,泸天化,2026-08-10,3.61,3.82,3.59,3.79,38733917.0,144872605.0,0.02470275318877551,3.61,3.82,3.59,3.79,1.0,2.49742275013992
000912,泸天化,2026-08-11,3.79,3.81,3.71,3.71,19160167.0,71700678.0,0.012219494260204081,3.79,3.81,3.71,3.71,1.0,0.9652392662198178
000912,泸天化,2026-08-12,3.72,3.73,3.67,3.7,14318660.0,52909709.0,0.009131798469387754,3.72,3.73,3.67,3.7,1.0,0.6969112601466172
000912,泸天化,2026-08-13,3.7,3.71,3.6,3.65,19313500.0,70379277.0,0.012317283163265306,3.7,3.71,3.6,3.65,1.0,0.9586548186954342
000912,泸天化,2026-08-14,3.63,3.65,3.57,3.6,13449150.0,48386426.0,0.008577264030612245,3.63,3.65,3.57,3.6,1.0,0.6454586489025732
000912,泸天化,2026-08-17,3.59,3.7,3.59,3.67,13501200.0,49444581.0,0.00861045918367347,3.59,3.7,3.59,3.67,1.0,0.6430649833998241
000912,泸天化,2026-08-18,3.65,3.79,3.65,3.76,28190800.0,105924313.0,0.017978826530612245,3.65,3.79,3.65,3.76,1.0,1.7676105857344118
000912,泸天化,2026-08-19,3.78,3.8,3.66,3.68,30362700.0,113036859.0,0.019363966836734695,3.78,3.8,3.66,3.68,1.0,1.7101254870410938
000912,泸天化,2026-08-20,3.69,3.78,3.65,3.73,26045863.0,96555366.0,0.01661088201530612,3.69,3.78,3.65,3.73,1.0,1.242440445212553
000912,泸天化,2026-08-21,3.7,3.77,3.65,3.75,23400394.0,87026817.0,0.014923720663265307,3.7,3.77,3.65,3.75,1.0,1.0488773736244394
000912,泸天化,2026-08-24,3.73,3.82,3.69,3.81,31024400.0,116921255.0,0.019785969387755103,3.73,3.82,3.69,3.81,1.0,1.276714223740641
000912,泸天化,2026-08-25,3.82,4.03,3.78,3.92,65354230.0,255829335.0,0.04167999362244898,3.82,4.03,3.78,3.92,1.0,2.3504630925400973
000912,泸天化,2026-08-26,3.82,3.99,3.79,3.9,50195950.0,196786762.0,0.032012723214285714,3.82,3.99,3.79,3.9,1.0,1.424503021316706
000912,泸天化,2026-08-27,3.87,3.97,3.86,3.96,33097004.0,130222777.0,0.021107783163265306,3.87,3.97,3.86,3.96,1.0,0.844221576301095
000912,泸天化,2026-08-28,3.99,4.36,3.93,4.36,112857060.0,474238107.0,0.07197516581632653,3.99,4.36,3.93,4.36,1.0,2.7787452781889974
000912,泸天化,2026-08-31,4.27,4.8,4.21,4.64,206092803.0,936440902.0,0.13143673660714286,4.27,4.8,4.21,4.64,1.0,3.5226089346655574
000912,泸天化,2026-09-01,4.39,4.84,4.39,4.68,177174257.0,815390744.0,0.11299378635204081,4.39,4.84,4.39,4.68,1.0,1.8945185618334326
000912,泸天化,2026-09-02,4.6,4.66,4.29,4.38,120448800.0,530096788.0,0.07681683673469387,4.6,4.66,4.29,4.38,1.0,1.039396364077459
000912,泸天化,2026-09-03,4.36,4.4,4.16,4.19,96073969.0,406758760.0,0.06127166390306123,4.36,4.4,4.16,4.19,1.0,0.7394060079653618
000912,泸天化,2026-09-04,4.16,4.37,4.11,4.21,74381292.0,317278043.0,0.04743704846938775,4.16,4.37,4.11,4.21,1.0,0.5218663909722056
000912,泸天化,2026-09-07,4.25,4.45,4.22,4.3,57467131.0,247683212.0,0.03664995599489796,4.25,4.45,4.22,4.3,1.0,0.4262058193382627
000912,泸天化,2026-09-08,4.31,4.73,4.29,4.73,49073746.0,227036275.0,0.0312970318877551,4.31,4.73,4.29,4.73,1.0,0.46688394023178004
000912,泸天化,2026-09-09,5.2,5.2,5.01,5.2,147929894.0,767886021.0,0.09434304464285714,5.2,5.2,5.01,5.2,1.0,1.8610111723199254
000912,泸天化,2026-09-10,4.8,5.16,4.68,4.68,191013651.0,928044454.0,0.12181993048469388,4.8,5.16,4.68,4.68,1.0,2.2476106029672476
002124,天邦食品,2026-03-20,2.53,2.54,2.45,2.46,40404530.0,100387933.0,0.0204873606262249,2.53,2.54,2.45,2.46,1.0,0.8202397383709106
002124,天邦食品,2026-03-23,2.42,2.44,2.26,2.28,74413169.0,174189506.0,0.0377316461456975,2.42,2.44,2.26,2.28,1.0,1.6868024812843736
002124,天邦食品,2026-03-24,2.32,2.34,2.24,2.33,50085983.0,114972692.0,0.0253963997611151,2.32,2.34,2.24,2.33,1.0,1.039385480630325
002124,天邦食品,2026-03-25,2.36,2.4,2.33,2.39,39904507.0,94559844.0,0.0202338209483123,2.36,2.4,2.33,2.39,1.0,0.8397633421072167
002124,天邦食品,2026-03-26,2.39,2.42,2.35,2.36,31963070.0,75868867.0,0.0162070674206894,2.39,2.42,2.35,2.36,1.0,0.6654292481418768
002124,天邦食品,2026-03-27,2.33,2.4,2.33,2.4,33640319.0,80036314.0,0.0170575266420434,2.33,2.4,2.33,2.4,1.0,0.7103970123333255
002124,天邦食品,2026-03-30,2.38,2.42,2.37,2.42,32668790.0,78433003.0,0.0165649070030615,2.38,2.42,2.37,2.42,1.0,0.7101693248982527
002124,天邦食品,2026-03-31,2.41,2.44,2.35,2.36,33200760.0,79464492.0,0.0168346456000043,2.41,2.44,2.35,2.36,1.0,0.8817669529586878
002124,天邦食品,2026-04-01,2.39,2.4,2.33,2.36,32951477.0,77582139.0,0.0167082451513668,2.39,2.4,2.33,2.36,1.0,0.9613714572453133
002124,天邦食品,2026-04-02,2.36,2.42,2.35,2.38,42692123.0,101958289.0,0.0216472984539147,2.36,2.42,2.35,2.38,1.0,1.2982294247589117
002124,天邦食品,2026-04-03,2.37,2.38,2.29,2.3,38708980.0,89650255.0,0.019627621772443,2.37,2.38,2.29,2.3,1.0,1.1050018084426294
002124,天邦食品,2026-04-07,2.29,2.4,2.26,2.37,40114825.0,93959180.0,0.0203404639586923,2.29,2.4,2.26,2.37,1.0,1.1129272803511978
002124,天邦食品,2026-04-08,2.38,2.4,2.35,2.4,35383735.0,84198049.0,0.017941536239817,2.38,2.4,2.35,2.4,1.0,0.9427207592720908
002124,天邦食品,2026-04-09,2.38,2.4,2.33,2.34,29330560.0,69228232.0,0.0148722373478698,2.38,2.4,2.33,2.34,1.0,0.7724620457901912
002124,天邦食品,2026-04-10,2.35,2.37,2.34,2.35,21297220.0,50092004.0,0.0107988838498071,2.35,2.37,2.34,2.35,1.0,0.5717981661870211
002124,天邦食品,2026-04-13,2.34,2.59,2.33,2.59,95226470.0,241672545.0,0.0482851559479193,2.34,2.59,2.33,2.59,1.0,2.888533537593763
002124,天邦食品,2026-04-14,2.61,2.85,2.57,2.85,195604198.0,531816075.0,0.0991822883332512,2.61,2.85,2.57,2.85,1.0,4.41838072893676
002124,天邦食品,2026-04-15,2.99,3.14,2.9,3.14,389417791.0,1211353414.0,0.1974566396016704,2.99,3.14,2.9,3.14,1.0,5.166855099658522
002124,天邦食品,2026-04-16,3.06,3.13,2.83,2.93,480166316.0,1396502858.0,0.2434712265297447,3.06,3.13,2.83,2.93,1.0,3.284867467144461
002124,天邦食品,2026-04-17,2.81,3.19,2.81,3.08,437922060.0,1301345807.0,0.2220510217393768,2.81,3.19,2.81,3.08,1.0,1.8529136619282602
002124,天邦食品,2026-04-20,3.11,3.28,2.92,3.06,385423511.0,1179988350.0,0.1954313158371787,3.11,3.28,2.92,3.06,1.0,1.2057017724927799
002124,天邦食品,2026-04-21,2.96,3.04,2.86,2.88,264895175.0,777425950.0,0.1343166961321405,2.96,3.04,2.86,2.88,1.0,0.7013249229107289
002124,天邦食品,2026-04-22,2.91,3.17,2.89,3.04,436681210.0,1359097439.0,0.2214218412630031,2.91,3.17,2.89,3.04,1.0,1.1152203153690377
002124,天邦食品,2026-04-23,2.95,3.0,2.87,2.87,331765340.0,967444643.0,0.1682236166059132,2.95,3.0,2.87,2.87,1.0,0.8273085644979525
002124,天邦食品,2026-04-24,2.76,2.77,2.58,2.59,285626360.0,755146621.0,0.1448285685213005,2.76,2.77,2.58,2.59,1.0,0.7691827283338077
002124,天邦食品,2026-04-27,2.53,2.55,2.44,2.49,151713626.0,376492025.0,0.0769273090857438,2.53,2.55,2.44,2.49,1.0,0.44506680963475015
002124,天邦食品,2026-04-28,2.47,2.7,2.42,2.6,222738774.0,567067537.0,0.1129410387493978,2.47,2.7,2.42,2.6,1.0,0.757263697284123
002124,天邦食品,2026-04-29,2.55,2.8,2.5,2.65,235324218.0,629121383.0,0.1193225640355268,2.55,2.8,2.5,2.65,1.0,0.8236613532594673
002124,天邦食品,2026-04-30,2.61,2.68,2.59,2.61,131667010.0,346338465.0,0.066762551536839,2.61,2.68,2.59,2.61,1.0,0.5364667913468738
002124,天邦食品,2026-05-06,2.66,2.72,2.61,2.67,149456614.0,397575638.0,0.0757828775385456,2.66,2.72,2.61,2.67,1.0,0.7275872907699061
002124,天邦食品,2026-05-07,2.72,2.72,2.62,2.63,109719991.0,290486928.0,0.0556341831849832,2.72,2.72,2.62,2.63,1.0,0.6157815759129629
002124,天邦食品,2026-05-08,2.62,2.68,2.57,2.58,102393320.0,265839021.0,0.0519191504654663,2.62,2.68,2.57,2.58,1.0,0.6030894279516428
002124,天邦食品,2026-05-11,2.59,2.84,2.59,2.84,279718139.0,772986259.0,0.1418327694293067,2.59,2.84,2.59,2.84,1.0,1.9196613616317806
002124,天邦食品,2026-05-12,2.84,2.9,2.77,2.81,228851383.0,646840435.0,0.1160404740095062,2.84,2.9,2.77,2.81,1.0,1.4803666519433443
002124,天邦食品,2026-05-13,2.84,2.85,2.74,2.79,137167760.0,381577181.0,0.0695517400007243,2.84,2.85,2.74,2.79,1.0,0.7881941249354714
002124,天邦食品,2026-05-14,2.83,3.07,2.77,3.07,304903722.0,909577223.0,0.1546032711899439,2.83,3.07,2.77,3.07,1.0,1.777137676933447
002124,天邦食品,2026-05-15,3.07,3.07,2.95,2.97,309545725.0,926904296.0,0.1569570268081634,3.07,3.07,2.95,2.97,1.0,1.4697798445172048
002124,天邦食品,2026-05-18,2.96,2.97,2.8,2.87,153951602.0,440929363.0,0.0780620883143312,2.96,2.97,2.8,2.87,1.0,0.610828532221434
002124,天邦食品,2026-05-19,2.92,2.95,2.78,2.9,176019423.0,502794346.0,0.0892517100488739,2.92,2.95,2.78,2.9,1.0,0.775812279441514
002124,天邦食品,2026-05-20,2.86,2.92,2.73,2.82,148470724.0,416968906.0,0.0752829760678989,2.86,2.92,2.73,2.82,1.0,0.6863551192927551
002124,天邦食品,2026-05-21,2.81,2.86,2.68,2.72,135797480.0,376639611.0,0.0688569312622264,2.81,2.86,2.68,2.72,1.0,0.6212763013235949
002124,天邦食品,2026-05-22,2.74,2.94,2.73,2.78,148079440.0,415758134.0,0.0750845731557682,2.74,2.94,2.73,2.78,1.0,0.8014822029673369
002124,天邦食品,2026-05-25,2.75,2.81,2.68,2.77,112598880.0,309212358.0,0.0570939412157256,2.75,2.81,2.68,2.77,1.0,0.738528941890573
002124,天邦食品,2026-05-26,2.75,2.89,2.68,2.72,140024100.0,387585640.0,0.0710000644250181,2.75,2.89,2.68,2.72,1.0,0.9710867800528725
002124,天邦食品,2026-05-27,2.7,2.7,2.56,2.57,135116224.0,352068909.0,0.0685114962986027,2.7,2.7,2.56,2.57,1.0,0.9862921070320235
002124,天邦食品,2026-05-28,2.57,2.62,2.52,2.59,86211524.0,223339614.0,0.0437140732072478,2.57,2.62,2.52,2.59,1.0,0.6418214283372387
002124,天邦食品,2026-05-29,2.58,2.65,2.54,2.57,101278040.0,262547795.0,0.0513536410149364,2.58,2.65,2.54,2.57,1.0,0.8140926695375328
002124,天邦食品,2026-06-01,2.58,2.66,2.55,2.63,86300584.0,226243112.0,0.0437592316173908,2.58,2.66,2.55,2.63,1.0,0.7501414115644509
002124,天邦食品,2026-06-02,2.62,2.62,2.5,2.51,102722254.0,259561535.0,0.0520859384340487,2.62,2.62,2.5,2.51,1.0,0.9356581501636877
002124,天邦食品,2026-06-03,2.5,2.54,2.46,2.51,75710731.0,188965647.0,0.0383895827837152,2.5,2.54,2.46,2.51,1.0,0.7398992858542672
002124,天邦食品,2026-06-04,2.49,2.54,2.4,2.41,77326584.0,188882678.0,0.0392089107929747,2.49,2.54,2.4,2.41,1.0,0.8549605090635645
002124,天邦食品,2026-06-05,2.41,2.47,2.34,2.38,83846800.0,199429188.0,0.0425150256408119,2.41,2.47,2.34,2.38,1.0,0.9456302358321743
002124,天邦食品,2026-06-08,2.35,2.46,2.31,2.33,85679700.0,203172592.0,0.0434444086404856,2.35,2.46,2.31,2.33,1.0,1.005849979631584
002124,天邦食品,2026-06-09,2.35,2.36,2.26,2.3,64305485.0,147955364.0,0.0326064840115525,2.35,2.36,2.26,2.3,1.0,0.7560262337208135
002124,天邦食品,2026-06-10,2.3,2.39,2.28,2.34,77667567.0,181883790.0,0.0393818082796776,2.3,2.39,2.28,2.34,1.0,1.0037959460727435
002124,天邦食品,2026-06-11,2.33,2.44,2.26,2.37,100138771.0,235078447.0,0.050775967797273,2.33,2.44,2.26,2.37,1.0,1.2877062744568177
002124,天邦食品,2026-06-12,2.36,2.4,2.31,2.38,68584300.0,161427210.0,0.0347760829638953,2.36,2.4,2.31,2.38,1.0,0.8330650496795461
002124,天邦食品,2026-06-15,2.41,2.42,2.33,2.35,62166200.0,147193806.0,0.031521746649745,2.41,2.42,2.33,2.35,1.0,0.7841825408206091
002124,天邦食品,2026-06-16,2.34,2.34,2.28,2.32,55413810.0,127881537.0,0.028097906574909,2.34,2.34,2.28,2.32,1.0,0.7430867451844954
002124,天邦食品,2026-06-17,2.3,2.32,2.25,2.25,61199986.0,138647091.0,0.0310318220135691,2.3,2.32,2.25,2.25,1.0,0.8407269423549781
002124,天邦食品,2026-06-18,2.23,2.23,2.14,2.14,76566479.0,166344376.0,0.0388234949683433,2.23,2.23,2.14,2.14,1.0,1.1016662336393133
002124,天邦食品,2026-06-22,2.12,2.14,2.07,2.13,69489624.0,146166802.0,0.0352351329583285,2.12,2.14,2.07,2.13,1.0,1.0725999096566234
002124,天邦食品,2026-06-23,2.16,2.31,2.14,2.21,106098058.0,237639107.0,0.0537976602125585,2.16,2.31,2.14,2.21,1.0,1.6331014060109126
002124,天邦食品,2026-06-24,2.19,2.2,2.09,2.1,71845180.0,152290321.0,0.03642953183507,2.19,2.2,2.09,2.1,1.0,0.9741244953123733
002124,天邦食品,2026-06-25,2.07,2.09,2.05,2.05,62548458.0,129131395.0,0.0317155728741376,2.07,2.09,2.05,2.05,1.0,0.8118972907759
002124,天邦食品,2026-06-26,2.08,2.15,2.03,2.08,81895878.0,170984147.0,0.0415257988742182,2.08,2.15,2.03,2.08,1.0,1.059324075985749
002124,天邦食品,2026-06-29,2.1,2.25,2.1,2.16,88524380.0,192040429.0,0.0448868207914551,2.1,2.25,2.1,2.16,1.0,1.1294913362119121
002124,天邦食品,2026-06-30,2.15,2.19,2.1,2.11,65983720.0,140928297.0,0.0334539315910272,2.15,2.19,2.1,2.11,1.0,0.8028936534662119
002124,天邦食品,2026-07-01,2.11,2.32,2.11,2.32,134834020.0,304650820.0,0.0683612273030862,2.11,2.32,2.11,2.32,1.0,1.8181619053343643
002124,天邦食品,2026-07-02,2.37,2.42,2.28,2.29,157048997.0,368715281.0,0.0796242831122198,2.37,2.42,2.28,2.29,1.0,1.810210932450136
002124,天邦食品,2026-07-03,2.33,2.34,2.22,2.27,98920220.0,224976947.0,0.0501528297108644,2.33,2.34,2.22,2.27,1.0,0.9362356156429708
002124,天邦食品,2026-07-06,2.36,2.45,2.29,2.42,144809260.0,345174295.0,0.0734187020341877,2.36,2.45,2.29,2.42,1.0,1.327766820296274
002124,天邦食品,2026-07-07,2.35,2.4,2.3,2.35,98412537.0,230251640.0,0.0498954330022229,2.35,2.4,2.3,2.35,1.0,0.8179284894007237
002124,天邦食品,2026-07-08,2.31,2.32,2.24,2.27,63850697.0,144806088.0,0.0323724829318111,2.31,2.32,2.24,2.27,1.0,0.5035345102792897
002124,天邦食品,2026-07-09,2.25,2.29,2.21,2.25,62595947.0,140563678.0,0.0317363211533627,2.25,2.29,2.21,2.25,1.0,0.5558730887701497
002124,天邦食品,2026-07-10,2.23,2.35,2.17,2.31,90161040.0,205698339.0,0.0457119008194122,2.23,2.35,2.17,2.31,1.0,0.962048887478308
002124,天邦食品,2026-07-13,2.29,2.32,2.24,2.26,69050000.0,156653531.0,0.0350085441736299,2.29,2.32,2.24,2.26,1.0,0.7508218030065802
002124,天邦食品,2026-07-14,2.22,2.27,2.19,2.24,53774420.0,120101884.0,0.0272637821575862,2.22,2.27,2.19,2.24,1.0,0.700059742460481
002124,天邦食品,2026-07-15,2.24,2.36,2.21,2.28,87984492.0,202866527.0,0.0446083848628007,2.24,2.36,2.21,2.28,1.0,1.2960543649695553
002124,天邦食品,2026-07-16,2.26,2.41,2.25,2.33,85413338.0,198472318.0,0.0433048025545284,2.26,2.41,2.25,2.33,1.0,1.1746610206695982
002124,天邦食品,2026-07-17,2.3,2.35,2.2,2.22,82015091.0,185167704.0,0.0415818817694102,2.3,2.35,2.2,2.22,1.0,1.0613177785198733
002124,天邦食品,2026-07-20,2.22,2.25,2.17,2.2,64469932.0,142452879.0,0.0326864368181451,2.22,2.25,2.17,2.2,1.0,0.8522417674250728
002124,天邦食品,2026-07-21,2.19,2.2,2.13,2.16,68117882.0,146494024.0,0.0345359577264462,2.19,2.2,2.13,2.16,1.0,0.9115021561483162
002124,天邦食品,2026-07-22,2.14,2.19,2.12,2.19,51525084.0,111584246.0,0.0261233624802895,2.14,2.19,2.12,2.19,1.0,0.66398178343657
002124,天邦食品,2026-07-23,2.18,2.22,2.15,2.21,46515930.0,101734740.0,0.0235837073161836,2.18,2.22,2.15,2.21,1.0,0.661599738456924
002124,天邦食品,2026-07-24,2.23,2.25,2.12,2.13,59603864.0,128891886.0,0.0302193266584074,2.23,2.25,2.12,2.13,1.0,0.953222825997137
002124,天邦食品,2026-07-27,2.12,2.17,2.1,2.17,34520691.0,74203330.0,0.0175020874116977,2.12,2.17,2.1,2.17,1.0,0.5947071427776992
002124,天邦食品,2026-07-28,2.15,2.21,2.15,2.18,43737980.0,95251989.0,0.0221752788543858,2.15,2.21,2.15,2.18,1.0,0.8401990182618256
002124,天邦食品,2026-07-29,2.17,2.21,2.16,2.19,48778800.0,106777620.0,0.0247309887695388,2.17,2.21,2.16,2.19,1.0,1.0338716862627617
002124,天邦食品,2026-07-30,2.18,2.25,2.17,2.19,57216201.0,126300901.0,0.0290087748031251,2.18,2.25,2.17,2.19,1.0,1.226987308330281
002124,天邦食品,2026-07-31,2.17,2.22,2.16,2.22,49613200.0,109311840.0,0.0251540319159324,2.17,2.22,2.16,2.22,1.0,1.0172578796170564
002124,天邦食品,2026-08-03,2.22,2.27,2.21,2.26,47996046.0,107918802.0,0.0243341302903776,2.22,2.27,2.21,2.26,1.0,1.0261403333773584
002124,天邦食品,2026-08-04,2.27,2.28,2.23,2.24,43056809.0,96623324.0,0.0218299232418833,2.27,2.28,2.23,2.24,1.0,0.8703893694625787
002124,天邦食品,2026-08-05,2.24,2.27,2.22,2.26,51865564.0,116640216.0,0.0262959867977441,2.24,2.27,2.22,2.26,1.0,1.0513529140165523
002124,天邦食品,2026-08-06,2.25,2.27,2.2,2.24,54030340.0,120372764.0,0.0273935343172519,2.25,2.27,2.2,2.24,1.0,1.0816979303362888
002124,天邦食品,2026-08-07,2.24,2.24,2.18,2.22,48713175.0,107679314.0,0.0246977167099966,2.24,2.24,2.18,2.22,1.0,0.9878485553402016
002124,天邦食品,2026-08-10,2.23,2.32,2.22,2.31,95677397.0,218571263.0,0.0485087093308099,2.23,2.32,2.22,2.31,1.0,1.9473386747822314
002124,天邦食品,2026-08-11,2.31,2.31,2.25,2.26,58460288.0,133195339.0,0.0296395304105884,2.31,2.31,2.25,2.26,1.0,0.9964483761746924
002124,天邦食品,2026-08-12,2.25,2.31,2.24,2.3,63244780.0,143923074.0,0.0320652813089284,2.25,2.31,2.24,2.3,1.0,1.0242176983594231
002124,天邦食品,2026-08-13,2.3,2.32,2.26,2.29,64195461.0,147054318.0,0.0325472792493126,2.3,2.32,2.26,2.29,1.0,1.0026593436746372
002124,天邦食品,2026-08-14,2.31,2.32,2.22,2.25,66037060.0,148456633.0,0.0334809751210231,2.31,2.32,2.22,2.25,1.0,0.9996796734768824
002124,天邦食品,2026-08-17,2.24,2.31,2.22,2.27,59239500.0,134736164.0,0.0300345930857893,2.24,2.31,2.22,2.27,1.0,0.8520849558540033
002124,天邦食品,2026-08-18,2.28,2.5,2.27,2.5,105254111.0,258215622.0,0.0533641302592273,2.28,2.5,2.27,2.5,1.0,1.6912252656235884
002124,天邦食品,2026-08-19,2.49,2.49,2.31,2.33,170769760.0,405654201.0,0.0865807485370048,2.49,2.49,2.31,2.33,1.0,2.385246318561213
002124,天邦食品,2026-08-20,2.34,2.37,2.27,2.34,102544261.0,238231879.0,0.0519902286889317,2.34,2.37,2.27,2.34,1.0,1.1014518362280197
002124,天邦食品,2026-08-21,2.32,2.32,2.26,2.27,73353922.0,167056894.0,0.0371906447305721,2.32,2.32,2.26,2.27,1.0,0.7279417960008994
002124,天邦食品,2026-08-24,2.27,2.27,2.21,2.24,56578601.0,126465650.0,0.0286855098101474,2.27,2.27,2.21,2.24,1.0,0.5534316945127685
002124,天邦食品,2026-08-25,2.21,2.29,2.18,2.28,74778436.0,168972206.0,0.0379128773344092,2.21,2.29,2.18,2.28,1.0,0.7352835759867409
002124,天邦食品,2026-08-26,2.26,2.33,2.25,2.26,60563537.0,138084313.0,0.0307058835680778,2.26,2.33,2.25,2.26,1.0,0.6334766961341644
002124,天邦食品,2026-08-27,2.26,2.32,2.24,2.31,78865823.0,180744289.0,0.0399851940374392,2.26,2.32,2.24,2.31,1.0,1.0720745135898546
002124,天邦食品,2026-08-28,2.33,2.36,2.28,2.35,65039000.0,151339797.0,0.0329749558944057,2.33,2.36,2.28,2.35,1.0,0.944948853842377
002124,天邦食品,2026-08-31,2.34,2.37,2.3,2.32,66643650.0,155251003.0,0.0337885179567984,2.34,2.37,2.3,2.32,1.0,0.9922365996637234
002124,天邦食品,2026-09-01,2.32,2.38,2.3,2.35,106899829.0,251610821.0,0.0541985139131062,2.32,2.38,2.3,2.35,1.0,1.5452845002836533
002124,天邦食品,2026-09-02,2.34,2.36,2.26,2.27,101228649.0,233004825.0,0.0513232097053349,2.34,2.36,2.26,2.27,1.0,1.338961357239396
002124,天邦食品,2026-09-03,2.27,2.28,2.18,2.2,100389130.0,221662365.0,0.0508975712115464,2.27,2.28,2.18,2.2,1.0,1.1988853191013136
002124,天邦食品,2026-09-04,2.26,2.42,2.24,2.42,288663907.0,686686378.0,0.1463534125929342,2.26,2.42,2.24,2.42,1.0,3.278779393627707
002124,天邦食品,2026-09-07,2.6,2.66,2.47,2.54,420891565.0,1086084398.0,0.2133932070327406,2.6,2.66,2.47,2.54,1.0,3.1701989257969756
002124,天邦食品,2026-09-08,2.58,2.61,2.47,2.52,277514169.0,701576495.0,0.1407004640730587,2.58,2.61,2.47,2.52,1.0,1.3629383511446937
002124,天邦食品,2026-09-09,2.5,2.55,2.47,2.52,165264606.0,415157917.0,0.0837896199781107,2.5,2.55,2.47,2.52,1.0,0.6951558635995323
002124,天邦食品,2026-09-10,2.52,2.54,2.4,2.41,126650743.0,308531994.0,,2.52,2.54,2.4,2.41,1.0,0.5055016347795033
002436,兴森科技,2026-03-20,22.44,22.85,21.64,21.65,66202758.0,1470500327.0,0.0438462397202716,22.46,22.87,21.66,21.67,0.9990770650669126,0.8275829237733151
002436,兴森科技,2026-03-23,21.23,21.51,20.28,20.42,69052178.0,1439005639.0,0.0457334171756843,21.25,21.53,20.3,20.44,0.9990215264187868,0.9193780124207952
002436,兴森科技,2026-03-24,20.83,20.93,19.98,20.87,56809126.0,1166096776.0,0.0376248155234728,20.85,20.95,20.0,20.89,0.9990426041168023,0.7875997969871716
002436,兴森科技,2026-03-25,21.03,21.5,20.99,21.08,49739856.0,1058100073.0,0.0329428216544663,21.05,21.52,21.01,21.1,0.9990521327014216,0.7732410705344992
002436,兴森科技,2026-03-26,21.08,21.22,20.5,20.62,44433308.0,927726686.0,0.0294282826424341,21.1,21.24,20.52,20.64,0.999031007751938,0.7346064348961432
002436,兴森科技,2026-03-27,20.12,20.85,20.01,20.68,35184824.0,721533370.0,0.0233029903016966,20.14,20.87,20.03,20.7,0.9990338164251208,0.6146095057531056
002436,兴森科技,2026-03-30,20.24,20.63,20.03,20.54,38566327.0,784749073.0,0.0255425675584752,20.26,20.65,20.05,20.56,0.9990272373540856,0.7555527385445455
002436,兴森科技,2026-03-31,20.54,20.92,19.96,20.03,46823931.0,953255541.0,0.0310115977837579,20.56,20.94,19.98,20.05,0.999002493765586,1.0417659871100358
002436,兴森科技,2026-04-01,20.58,20.66,20.26,20.6,41722174.0,855019326.0,0.0276326923246141,20.6,20.68,20.28,20.62,0.9990300678952474,0.9714206001011993
002436,兴森科技,2026-04-02,20.39,20.53,19.58,19.73,51279287.0,1024702788.0,0.0339623903657701,20.41,20.55,19.6,19.75,0.998987341772152,1.240244451710585
002436,兴森科技,2026-04-03,19.88,19.93,19.49,19.63,35889206.0,708931864.0,0.0237695041292118,19.9,19.95,19.51,19.65,0.9989821882951654,0.8401954047921826
002436,兴森科技,2026-04-07,19.98,20.41,19.92,20.25,50836340.0,1027660377.0,0.0336690255433351,20.0,20.43,19.94,20.27,0.9990133201776024,1.186207778410514
002436,兴森科技,2026-04-08,21.03,21.74,20.79,21.73,80463535.0,1720180969.0,0.0532911853060634,21.05,21.76,20.81,21.75,0.999080459770115,1.7758376043448558
002436,兴森科技,2026-04-09,21.47,22.14,21.3,22.06,78622927.0,1718985971.0,0.0520721463711741,21.49,22.16,21.32,22.08,0.9990942028985508,1.5108721169426673
002436,兴森科技,2026-04-10,22.1,23.54,22.1,22.92,107764096.0,2459505462.0,0.0713724099901453,22.12,23.56,22.12,22.94,0.9991281604184832,1.8136528705763661
002436,兴森科技,2026-04-13,22.59,25.21,22.53,25.21,204221545.0,4947290318.0,0.1352564015250581,22.61,25.23,22.55,25.23,0.9992072929052715,2.8879432559164124
002436,兴森科技,2026-04-14,24.96,25.98,24.81,25.4,228363496.0,5817392573.0,0.1512456715017115,24.98,26.0,24.83,25.42,0.9992132179386308,2.18777353636335
002436,兴森科技,2026-04-15,25.37,25.64,24.55,24.68,125639338.0,3149769224.0,0.0832112241040507,25.39,25.66,24.57,24.7,0.9991902834008096,0.898148008048415
002436,兴森科技,2026-04-16,24.69,25.44,24.58,24.91,92618959.0,2315533289.0,0.0613417507312311,24.71,25.46,24.6,24.93,0.9991977537103892,0.621928154412011
002436,兴森科技,2026-04-17,24.96,26.36,24.81,26.13,143358611.0,3702130845.0,0.0949467395885708,24.98,26.38,24.83,26.15,0.9992351816443594,0.9448800827332783
002436,兴森科技,2026-04-20,26.58,27.26,26.34,26.53,127859519.0,3416041718.0,0.0846816551146197,26.6,27.28,26.36,26.55,0.99924670433145,0.8049559634107621
002436,兴森科技,2026-04-21,26.28,28.58,25.94,28.19,161383701.0,4391237939.0,0.1068847983794066,26.3,28.6,25.96,28.21,0.999291031549096,1.1240925436798255
002436,兴森科技,2026-04-22,28.98,29.46,27.73,28.61,168119986.0,4784563142.0,0.1113462555128703,29.0,29.48,27.75,28.63,0.9993014320642682,1.2915216247506869
002436,兴森科技,2026-04-23,29.03,29.47,27.98,28.38,117689092.0,3370055575.0,0.0779457577929473,29.05,29.49,28.0,28.4,0.9992957746478872,0.8487103028828641
002436,兴森科技,2026-04-24,28.38,29.23,26.96,28.5,156347947.0,4404386695.0,0.1030007329762796,28.4,29.25,26.98,28.52,0.9992987377279102,1.0881512588501074
002436,兴森科技,2026-04-27,28.28,30.36,28.16,29.21,198532974.0,5836850425.0,0.1307918794863399,28.3,30.38,28.18,29.23,0.9993157714676704,1.3572115634169633
002436,兴森科技,2026-04-28,28.97,29.15,27.59,27.86,149070289.0,4217032329.0,0.0982062721423891,28.99,29.17,27.61,27.88,0.9992826398852224,0.9292804950467769
002436,兴森科技,2026-04-29,27.45,27.98,26.98,27.44,107805929.0,2965954276.0,0.0710216534291221,27.47,28.0,27.0,27.46,0.9992716678805535,0.6825231063023519
002436,兴森科技,2026-04-30,27.45,27.97,26.26,27.69,138242210.0,3754869406.0,0.0910728233499655,27.47,27.99,26.28,27.71,0.9992782389029232,0.9475832770462284
002436,兴森科技,2026-05-06,29.63,30.46,29.34,29.45,210739449.0,6320633608.0,0.1388334041509179,29.65,30.48,29.36,29.47,0.999321343739396,1.4049308794800033
002436,兴森科技,2026-05-07,29.57,32.39,29.18,32.39,179336065.0,5625782101.0,0.1181451147809553,29.59,32.42,29.2,32.42,0.9990746452806908,1.1147321279018376
002436,兴森科技,2026-05-08,32.19,32.71,31.54,31.98,141945428.0,4558747422.0,0.0935124727069919,32.22,32.74,31.57,32.01,0.999062792877226,0.9038876919913883
002436,兴森科技,2026-05-11,33.17,33.58,32.27,33.14,150036491.0,4966367853.0,0.0988427980201683,33.2,33.61,32.3,33.17,0.9990955682845944,0.9641591901272325
002436,兴森科技,2026-05-12,33.67,34.22,32.52,33.42,141054939.0,4690459417.0,0.0929258259267351,33.7,34.25,32.55,33.45,0.9991031390134528,0.859776913251686
002436,兴森科技,2026-05-13,32.57,34.47,32.2,34.16,154490863.0,5211811127.0,0.1017773014130975,32.6,34.5,32.23,34.19,0.9991225504533487,0.9384554785916885
002436,兴森科技,2026-05-14,34.28,34.71,32.47,32.68,135653134.0,4561996114.0,0.0893671615178258,34.31,34.74,32.5,32.71,0.9990828492815652,0.8844669449549415
002436,兴森科技,2026-05-15,32.98,33.84,31.11,31.46,137044010.0,4410497925.0,0.0902834591106501,33.01,33.87,31.14,31.49,0.9990473166084471,0.9475085592524431
002436,兴森科技,2026-05-18,31.48,33.88,30.97,33.58,143959295.0,4723251538.0,0.0948391916124646,31.51,33.91,31.0,33.61,0.9991074085093722,1.0021120443129155
002436,兴森科技,2026-05-19,32.28,32.97,31.33,32.8,121709324.0,3932790787.0,0.0801810949397851,32.31,33.0,31.36,32.83,0.999086201644837,0.8544576034267211
002436,兴森科技,2026-05-20,32.57,33.77,31.98,33.51,131044815.0,4339395168.0,0.0863312391159249,32.6,33.8,32.01,33.54,0.9991055456171736,0.9456849374202276
002436,兴森科技,2026-05-21,33.51,36.38,32.75,33.26,228554869.0,7931707714.0,0.1505700553413571,33.54,36.41,32.78,33.29,0.99909882847702,1.707135176163888
002436,兴森科技,2026-05-22,35.54,35.96,34.48,35.39,189006129.0,6659703795.0,0.1245156728793455,35.57,35.99,34.51,35.42,0.9991530208921512,1.2396895981922833
002436,兴森科技,2026-05-25,35.97,38.17,35.4,38.09,198868829.0,7418303690.0,0.1310131379795758,36.0,38.2,35.43,38.12,0.9992130115424976,1.2211413080449025
002436,兴森科技,2026-05-26,37.47,39.47,37.02,38.08,199836064.0,7634159959.0,0.1316503443892021,37.5,39.5,37.05,38.11,0.9992128050380478,1.14956138065713
002436,兴森科技,2026-05-27,37.8,38.42,36.16,36.99,164631726.0,6145627274.0,0.1084580179946336,37.83,38.45,36.19,37.02,0.9991896272285252,0.8689426022384678
002436,兴森科技,2026-05-28,36.0,36.65,35.15,36.34,127886788.0,4613828301.0,0.0842507570757042,36.0,36.65,35.15,36.34,1.0,0.6518865260939868
002436,兴森科技,2026-05-29,37.06,39.97,37.06,38.68,275916923.0,10720578117.0,0.1817717843750113,37.06,39.97,37.06,38.68,1.0,1.567300980684202
002436,兴森科技,2026-06-01,38.5,40.2,37.15,38.62,231715001.0,9004103277.0,0.1526519241381491,38.5,40.2,37.15,38.62,1.0,1.197938881320356
002436,兴森科技,2026-06-02,37.23,42.48,37.01,42.22,241029811.0,9735964965.0,0.1587884438427204,37.23,42.48,37.01,42.22,1.0,1.2051653223215206
002436,兴森科技,2026-06-03,42.33,42.6,39.13,39.82,225278822.0,9253281581.0,0.1484118227023014,42.33,42.6,39.13,39.82,1.0,1.0818435242906725
002436,兴森科技,2026-06-04,39.51,42.5,39.5,40.87,184364833.0,7559114434.0,0.1214580255028828,39.51,42.5,39.5,40.87,1.0,0.8366321358633553
002436,兴森科技,2026-06-05,39.5,40.39,37.5,37.9,185220338.0,7184962299.0,0.1220216251135952,39.5,40.39,37.5,37.9,1.0,0.7995315380514633
002436,兴森科技,2026-06-08,35.01,38.88,35.01,37.0,142685777.0,5310491314.0,0.0940002084983564,35.01,38.88,35.01,37.0,1.0,0.6682493453208266
002436,兴森科技,2026-06-09,37.99,38.35,36.6,38.15,132603149.0,4979405836.0,0.0873578566526544,37.99,38.35,36.6,38.15,1.0,0.6775286934992771
002436,兴森科技,2026-06-10,38.19,39.96,36.3,37.28,155084695.0,5922673809.0,0.1021685130179724,38.19,39.96,36.3,37.28,1.0,0.8911347167474134
002436,兴森科技,2026-06-11,36.96,38.0,35.5,36.75,127981515.0,4659339819.0,0.0843131624389971,36.96,38.0,35.5,36.75,1.0,0.7999256729214121
002436,兴森科技,2026-06-12,37.89,39.2,36.88,37.8,190258796.0,7273529703.0,0.1253409195272928,37.89,39.2,36.88,37.8,1.0,1.2793509378175105
002436,兴森科技,2026-06-15,38.2,40.13,37.33,40.09,161510162.0,6352671182.0,0.1064015574769118,38.2,40.13,37.33,40.09,1.0,1.0787280004828976
002436,兴森科技,2026-06-16,39.99,44.1,39.68,44.1,201324358.0,8688812045.0,0.1326308201538387,39.99,44.1,39.68,44.1,1.0,1.3116647523347469
002436,兴森科技,2026-06-17,45.01,48.51,45.01,47.8,258119628.0,12237938183.0,0.1700470737845033,45.01,48.51,45.01,47.8,1.0,1.543483151084737
002436,兴森科技,2026-06-18,46.9,52.58,45.58,52.06,239802619.0,11770216347.0,0.1579799799138489,46.9,52.58,45.58,52.06,1.0,1.276639873148996
002436,兴森科技,2026-06-22,53.5,55.0,51.85,53.3,213598990.0,11383069898.0,0.1407172460857002,53.5,55.0,51.85,53.3,1.0,1.0161552193875554
002436,兴森科技,2026-06-23,52.0,52.8,47.99,48.5,184149509.0,9134221171.0,0.1213161718344916,52.0,52.8,47.99,48.5,1.0,0.8570229544551135
002436,兴森科技,2026-06-24,48.5,51.61,48.3,50.23,163677908.0,8222420900.0,0.1078296505935191,48.5,51.61,48.3,50.23,1.0,0.7460284344167866
002436,兴森科技,2026-06-25,51.1,54.1,49.0,53.53,158712480.0,8330294680.0,0.1045584677391582,51.1,54.1,49.0,53.53,1.0,0.7491040810818833
002436,兴森科技,2026-06-26,53.0,54.79,49.92,51.81,142048360.0,7422303334.0,0.0935802834563503,53.0,54.79,49.92,51.81,1.0,0.7398802901642635
002436,兴森科技,2026-06-29,52.0,53.88,47.11,49.0,157035753.0,7794890417.0,0.103453853874282,52.0,53.88,47.11,49.0,1.0,0.9106824158348981
002436,兴森科技,2026-06-30,49.0,52.3,48.05,50.95,119076305.0,6041060945.0,0.0784465807229994,49.0,52.3,48.05,50.95,1.0,0.7390315055282426
002436,兴森科技,2026-07-01,51.7,53.24,46.82,47.48,156123987.0,7763970568.0,0.1028533170305546,51.7,53.24,46.82,47.48,1.0,1.054107197879412
002436,兴森科技,2026-07-02,45.6,48.33,44.56,45.41,127592605.0,5881151986.0,0.0840570555812114,45.6,48.33,44.56,45.41,1.0,0.8703488896818437
002436,兴森科技,2026-07-03,44.4,47.98,44.03,46.37,119578164.0,5535300773.0,0.0787772016853736,44.4,47.98,44.03,46.37,1.0,0.851845567644394
002436,兴森科技,2026-07-06,47.11,47.49,42.01,45.29,128624684.0,5773356327.0,0.0847369815210196,47.11,47.49,42.01,45.29,1.0,0.9465954811574792
002436,兴森科技,2026-07-07,45.32,45.62,41.86,42.23,110736380.0,4792751639.0,0.0729523003979905,45.32,45.62,41.86,42.23,1.0,0.8505153900813899
002436,兴森科技,2026-07-08,42.7,43.28,40.3,40.41,85546324.0,3544317563.0,0.0563572795714635,42.7,43.28,40.3,40.41,1.0,0.6655687331984327
002436,兴森科技,2026-07-09,41.5,44.45,40.94,44.45,114126342.0,4871222130.0,0.0751855820544955,41.5,44.45,40.94,44.45,1.0,0.9974715919803944
002436,兴森科技,2026-07-10,45.6,45.97,41.05,41.13,137551812.0,6034656578.0,0.0906181067984335,45.6,45.97,41.05,41.13,1.0,1.231193011439889
002436,兴森科技,2026-07-13,41.13,42.5,38.16,38.5,111536118.0,4481895474.0,0.0734791618216318,41.13,42.5,38.16,38.5,1.0,0.9672122337052981
002436,兴森科技,2026-07-14,38.58,41.39,38.05,40.85,119000564.0,4731586211.0,0.0783966831176736,38.58,41.39,38.05,40.85,1.0,1.0634602965217814
002436,兴森科技,2026-07-15,41.26,41.87,38.43,38.71,94777296.0,3770151106.0,0.0624385750076105,41.26,41.87,38.43,38.71,1.0,0.8346581509732015
002436,兴森科技,2026-07-16,38.02,40.13,36.5,37.84,95628208.0,3669688065.0,0.0629991494803922,38.02,40.13,36.5,37.84,1.0,0.8286786135932959
002436,兴森科技,2026-07-17,37.35,37.99,34.06,34.06,95894419.0,3359383847.0,0.0631745272996893,37.35,37.99,34.06,34.06,1.0,0.8585089485599092
002436,兴森科技,2026-07-20,34.06,34.44,30.65,30.65,110334120.0,3493523418.0,0.0726872945132208,34.06,34.44,30.65,30.65,1.0,1.067398467258332
002436,兴森科技,2026-07-21,30.56,33.06,27.59,32.68,183537530.0,5511238374.0,0.1209131544923646,30.56,33.06,27.59,32.68,1.0,1.7797247072673692
002436,兴森科技,2026-07-22,32.68,35.95,32.2,35.01,232924834.0,8037761660.0,0.1534491416472173,32.68,35.95,32.2,35.01,1.0,2.0073788930709986
002436,兴森科技,2026-07-23,35.01,36.28,33.82,34.69,165037988.0,5784091726.0,0.1087257943383733,35.01,36.28,33.82,34.69,1.0,1.1487790417426331
002436,兴森科技,2026-07-24,34.5,35.65,33.4,33.8,108963960.0,3747341724.0,0.0717846433346893,34.5,35.65,33.4,33.8,1.0,0.6916336397264373
002436,兴森科技,2026-07-27,33.8,36.17,32.76,35.7,129288145.0,4505803715.0,0.0851740646744905,33.8,36.17,32.76,35.7,1.0,0.8072452432074692
002436,兴森科技,2026-07-28,34.12,34.79,32.13,32.13,103993262.0,3461201714.0,0.0685099846029907,34.12,34.79,32.13,32.13,1.0,0.6342967386799793
002436,兴森科技,2026-07-29,31.66,32.08,29.04,30.77,132233657.0,4019174936.0,0.0871145459892119,31.66,32.08,29.04,30.77,1.0,0.8932193602089424
002436,兴森科技,2026-07-30,30.75,31.1,27.69,27.69,124420397.0,3548588001.0,0.0819672286341782,30.75,31.1,27.69,27.69,1.0,0.9727684695274377
002436,兴森科技,2026-07-31,29.58,29.98,27.51,27.51,142284192.0,4100310516.0,0.0937357634109889,29.58,29.98,27.51,27.51,1.0,1.187880527271373
002436,兴森科技,2026-08-03,27.5,27.83,26.0,26.3,99533939.0,2658798843.0,0.0655722159034209,27.5,27.83,26.0,26.3,1.0,0.7871784634319174
002436,兴森科技,2026-08-04,26.58,28.93,26.18,28.73,138827946.0,3891082916.0,0.0914588143501531,26.58,28.93,26.18,28.73,1.0,1.1521652128873043
002436,兴森科技,2026-08-05,28.56,31.26,28.06,30.51,138293069.0,4119321020.0,0.0911064413758877,28.56,31.26,28.06,30.51,1.0,1.0849916881627002
002436,兴森科技,2026-08-06,29.66,32.2,29.59,31.53,115404369.0,3584884640.0,0.0760275367004822,29.66,32.2,29.59,31.53,1.0,0.8968886080547344
002436,兴森科技,2026-08-07,32.0,34.5,31.5,33.8,135326375.0,4491648321.0,0.0891520055177089,32.0,34.5,31.5,33.8,1.0,1.0666647628611763
002436,兴森科技,2026-08-10,34.5,35.07,32.05,33.44,133868869.0,4449534760.0,0.0881918114464934,34.5,35.07,32.05,33.44,1.0,1.06687855195577
002436,兴森科技,2026-08-11,32.9,34.54,32.42,33.23,98585996.0,3301950085.0,0.0649477181322623,32.9,34.54,32.42,33.23,1.0,0.7449215864553644
002436,兴森科技,2026-08-12,33.81,35.5,33.22,35.25,131360494.0,4542703086.0,0.0865393127237537,33.81,35.5,33.22,35.25,1.0,1.0568383007341082
002436,兴森科技,2026-08-13,35.26,36.3,34.5,34.59,129322387.0,4562805666.0,0.0851966230484434,35.26,36.3,34.5,34.59,1.0,1.0521780739369526
002436,兴森科技,2026-08-14,34.81,35.59,34.08,34.82,95254960.0,3325490055.0,0.062753256484622,34.81,35.59,34.08,34.82,1.0,0.7578392848300722
002436,兴森科技,2026-08-17,35.47,38.3,35.2,38.3,154338289.0,5719406783.0,0.1016769125199855,35.47,38.3,35.2,38.3,1.0,1.31152449228356
002436,兴森科技,2026-08-18,39.2,39.38,36.77,37.56,147467455.0,5562486549.0,0.0971504583776998,39.2,39.38,36.77,37.56,1.0,1.2110086068976476
002436,兴森科技,2026-08-19,35.53,36.36,33.8,33.8,114705872.0,3989560994.0,0.0755673720917863,35.53,36.36,33.8,33.8,1.0,0.8719649618475565
002436,兴森科技,2026-08-20,33.51,34.6,32.77,33.81,109796261.0,3705124032.0,0.0723329570196187,33.51,34.6,32.77,33.81,1.0,0.8563262459410022
002436,兴森科技,2026-08-21,33.5,35.99,33.4,35.35,126148749.0,4411142083.0,0.0831058540280864,33.5,35.99,33.4,35.35,1.0,1.0147706835954222
002436,兴森科技,2026-08-24,35.19,35.27,32.0,33.24,110960094.0,3677009328.0,0.0730996815109656,35.19,35.27,32.0,33.24,1.0,0.8503254437023681
002436,兴森科技,2026-08-25,32.2,34.06,31.81,33.31,78955680.0,2597840891.0,0.0520154125093091,32.2,34.06,31.81,33.31,1.0,0.6481569202045836
002436,兴森科技,2026-08-26,33.8,33.9,32.31,33.3,68494234.0,2274110207.0,0.0451234899885499,33.8,33.9,32.31,33.3,1.0,0.6335410558508441
002436,兴森科技,2026-08-27,33.94,35.9,33.36,35.7,120237980.0,4186033713.0,0.0792118835400577,33.94,35.9,33.36,35.7,1.0,1.2161096339877753
002436,兴森科技,2026-08-28,36.36,37.8,35.72,35.78,133819736.0,4904248159.0,0.0881594429929151,36.36,37.8,35.72,35.78,1.0,1.3254813887594523
002436,兴森科技,2026-08-31,35.0,36.48,34.77,36.01,97755570.0,3488643667.0,0.0644006396833343,35.0,36.48,34.77,36.01,1.0,0.9537729443425398
002436,兴森科技,2026-09-01,36.05,36.49,34.43,34.55,81992270.0,2866283815.0,0.0540158953304519,36.05,36.49,34.43,34.55,1.0,0.8211327211779278
002436,兴森科技,2026-09-02,33.99,34.4,33.39,33.97,57961738.0,1962358836.0,0.0381847602582423,33.99,34.4,33.39,33.97,1.0,0.5769635898115745
002436,兴森科技,2026-09-03,34.34,35.72,32.8,35.19,108469123.0,3718147869.0,0.0714586484134896,34.34,35.72,32.8,35.19,1.0,1.1028501114594254
002436,兴森科技,2026-09-04,36.26,36.5,33.07,33.41,126721943.0,4370341591.0,0.0834834699558811,36.26,36.5,33.07,33.41,1.0,1.320024537913235
002436,兴森科技,2026-09-07,34.08,36.75,33.95,36.75,109937074.0,3954318618.0,0.0724257235727239,34.08,36.75,33.95,36.75,1.0,1.1623696794965668
002436,兴森科技,2026-09-08,39.0,40.43,38.5,40.12,284616759.0,11411550851.0,,39.0,40.43,38.5,40.12,1.0,2.9336964901046
002436,兴森科技,2026-09-09,40.8,41.08,39.0,39.45,172899480.0,6886889693.0,,40.8,41.08,39.0,39.45,1.0,1.2570729341383395
002436,兴森科技,2026-09-10,39.08,40.18,38.38,39.71,145458854.0,5726013308.0,,39.08,40.18,38.38,39.71,1.0,0.90612267279081
002708,光洋股份,2026-03-20,12.51,12.57,12.01,12.04,8723300.0,106709239.0,0.016884137021229793,12.51,12.57,12.01,12.04,1.0,1.2659896996710716
002708,光洋股份,2026-03-23,11.8,11.96,11.22,11.36,13696088.0,158817647.0,0.02650907643286613,11.8,11.96,11.22,11.36,1.0,1.9501262960653152
002708,光洋股份,2026-03-24,11.64,11.69,11.22,11.56,8498574.0,97246168.0,0.016449174956846717,11.64,11.69,11.22,11.56,1.0,1.014653626999645
002708,光洋股份,2026-03-25,11.56,11.83,11.51,11.82,6988008.0,82174612.0,0.013525441584887596,11.56,11.83,11.51,11.82,1.0,0.8119385598847689
002708,光洋股份,2026-03-26,11.79,11.87,11.58,11.64,5865700.0,68726936.0,0.01135319002274685,11.79,11.87,11.58,11.64,1.0,0.6497163188597727
002708,光洋股份,2026-03-27,11.5,12.02,11.47,11.93,6536331.0,77218572.0,0.012651210920192125,11.5,12.02,11.47,11.93,1.0,0.7466394359639466
002708,光洋股份,2026-03-30,11.71,11.96,11.66,11.9,4935700.0,58321177.0,0.00955315478037943,11.71,11.96,11.66,11.9,1.0,0.593451423397273
002708,光洋股份,2026-03-31,11.95,11.97,11.7,11.72,6666100.0,78764626.0,0.012902381644242423,11.95,11.97,11.7,11.72,1.0,1.0154210995977282
002708,光洋股份,2026-04-01,11.88,12.15,11.86,11.93,7490200.0,89700809.0,0.014497445131591874,11.88,12.15,11.86,11.93,1.0,1.208414899161034
002708,光洋股份,2026-04-02,11.94,11.94,11.52,11.61,6161400.0,72076547.0,0.01192552380894905,11.94,11.94,11.52,11.61,1.0,0.9781853583620337
002708,光洋股份,2026-04-03,11.65,11.69,11.21,11.23,5928900.0,67270144.0,0.011475514998357195,11.65,11.69,11.21,11.23,1.0,0.9325181141042055
002708,光洋股份,2026-04-07,11.31,11.88,11.26,11.63,9011376.0,104671199.0,0.017441714389488112,11.31,11.88,11.26,11.63,1.0,1.444950500764857
002708,光洋股份,2026-04-08,12.03,12.79,11.95,12.79,20196848.0,250503862.0,0.03909143890832035,12.03,12.79,11.95,12.79,1.0,2.8641530642598427
002708,光洋股份,2026-04-09,12.64,13.9,12.58,13.49,47431024.0,637490557.0,0.09180377933502674,12.64,13.9,12.58,13.49,1.0,4.860859242803726
002708,光洋股份,2026-04-10,13.6,13.86,13.41,13.43,32028710.0,437368090.0,0.06199226534146859,13.6,13.86,13.41,13.43,1.0,1.804850285048223
002708,光洋股份,2026-04-13,13.37,13.64,13.15,13.2,19827900.0,263952150.0,0.038377332023803175,13.37,13.64,13.15,13.2,1.0,0.8651153419930587
002708,光洋股份,2026-04-14,13.39,13.4,13.14,13.26,12414600.0,164382501.0,0.02402872851601566,13.39,13.4,13.14,13.26,1.0,0.48307393690464323
002708,光洋股份,2026-04-15,13.32,13.48,13.05,13.12,12770138.0,169526742.0,0.02471688005365096,13.32,13.48,13.05,13.12,1.0,0.4840874480081674
002708,光洋股份,2026-04-16,13.22,14.16,13.22,13.78,31939685.0,442608009.0,0.06181995551625164,13.22,14.16,13.22,13.78,1.0,1.2830029863976562
002708,光洋股份,2026-04-17,14.02,14.98,13.6,14.72,55131900.0,802975296.0,0.1067089924501896,14.02,14.98,13.6,14.72,1.0,2.529426381928312
002708,光洋股份,2026-04-20,14.51,14.51,13.4,13.69,60316616.0,825946726.0,0.11674412311864792,14.51,14.51,13.4,13.69,1.0,2.2832634598607586
002708,光洋股份,2026-04-21,13.48,13.95,13.36,13.57,31918296.0,436650686.0,0.06177855664119895,13.48,13.95,13.36,13.57,1.0,0.924776972130028
002708,光洋股份,2026-04-22,13.52,13.7,13.45,13.57,19416610.0,263673668.0,0.037581271276670596,13.52,13.7,13.45,13.57,1.0,0.5054391441207828
002708,光洋股份,2026-04-23,13.57,13.57,13.14,13.22,17706134.0,235398311.0,0.03427060774847312,13.57,13.57,13.14,13.22,1.0,0.44549761392367926
002708,光洋股份,2026-04-24,13.22,13.22,12.84,13.01,14103700.0,183151894.0,0.02729801833094341,13.22,13.22,12.84,13.01,1.0,0.382235729376464
002708,光洋股份,2026-04-27,13.02,13.76,12.95,13.51,19244610.0,258354847.0,0.03724836153292092,13.02,13.76,12.95,13.51,1.0,0.6707245259831505
002708,光洋股份,2026-04-28,13.48,13.48,13.11,13.17,13573528.0,179396770.0,0.026271858885226828,13.48,13.48,13.11,13.17,1.0,0.6628388597056237
002708,光洋股份,2026-04-29,13.15,13.43,13.11,13.17,13163800.0,174645855.0,0.025478821423092723,13.15,13.43,13.11,13.17,1.0,0.7831438795186108
002708,光洋股份,2026-04-30,13.13,13.5,13.13,13.34,13288114.0,176924116.0,0.025719433875909567,13.13,13.5,13.13,13.34,1.0,0.8540822286449523
002708,光洋股份,2026-05-06,13.34,13.64,13.3,13.51,15625900.0,210342247.0,0.030244269563128017,13.34,13.64,13.3,13.51,1.0,1.0648153852075057
002708,光洋股份,2026-05-07,13.51,14.13,13.41,13.95,24586165.0,340564908.0,0.047587057499634794,13.51,14.13,13.41,13.95,1.0,1.6413547290246073
002708,光洋股份,2026-05-08,13.79,14.41,13.76,14.33,27284365.0,386938060.0,0.0528094823286195,13.79,14.41,13.76,14.33,1.0,1.7002251204041023
002708,光洋股份,2026-05-11,14.3,15.76,14.2,15.32,58173260.0,876312021.0,0.11259561092839021,14.3,15.76,14.2,15.32,1.0,3.09602370426029
002708,光洋股份,2026-05-12,15.34,15.76,15.08,15.67,41834185.0,645037951.0,0.08097097562980479,15.34,15.76,15.08,15.67,1.0,1.5052837550599172
002708,光洋股份,2026-05-13,15.47,15.94,15.32,15.85,30880800.0,484802324.0,0.05977046055107505,15.47,15.94,15.32,15.85,1.0,0.9217936002973065
002708,光洋股份,2026-05-14,15.83,16.07,15.34,15.41,25125100.0,392519778.0,0.04863017792258671,15.83,16.07,15.34,15.41,1.0,0.6873842309350126
002708,光洋股份,2026-05-15,15.25,15.98,14.92,15.53,33769649.0,523116838.0,0.06536189066922331,15.25,15.98,14.92,15.53,1.0,0.9211694188650802
002708,光洋股份,2026-05-18,15.41,16.08,15.26,15.82,27480986.0,431591387.0,0.05319004655376952,15.41,16.08,15.26,15.82,1.0,0.7240107614700189
002708,光洋股份,2026-05-19,16.32,16.5,15.58,15.71,33909000.0,538016189.0,0.06563160756283529,16.32,16.5,15.58,15.71,1.0,1.0657126952470892
002708,光洋股份,2026-05-20,15.48,15.56,15.08,15.38,26577100.0,407390612.0,0.051440555526799076,15.48,15.56,15.08,15.38,1.0,0.8790727330803282
002708,光洋股份,2026-05-21,15.47,16.3,15.27,15.28,32732900.0,516118370.0,0.0633552404138586,15.47,16.3,15.27,15.28,1.0,1.1144113785586296
002708,光洋股份,2026-05-22,15.4,16.05,15.11,15.98,30842253.0,485126563.0,0.059695851993561574,15.4,16.05,15.11,15.98,1.0,0.9983273735320214
002708,光洋股份,2026-05-25,15.99,16.35,15.4,15.6,25748962.0,403423054.0,0.04983767640255857,15.99,16.35,15.4,15.6,1.0,0.8495638631814064
002708,光洋股份,2026-05-26,15.69,16.15,15.41,15.75,26339272.0,412145618.0,0.050980234256238044,15.69,16.15,15.41,15.75,1.0,0.8790879847545776
002708,光洋股份,2026-05-27,15.65,15.68,15.05,15.12,22200600.0,339816810.0,0.04296974451795928,15.65,15.68,15.05,15.12,1.0,0.7803896228223685
002708,光洋股份,2026-05-28,15.12,15.28,14.59,14.87,22863400.0,340246173.0,0.04425260834445511,15.12,15.28,14.59,14.87,1.0,0.8292013199937414
002708,光洋股份,2026-05-29,14.85,14.95,13.58,13.7,27107929.0,382211257.0,0.0524679866103159,14.85,14.95,13.58,13.7,1.0,1.0589490858305484
002708,光洋股份,2026-06-01,13.61,14.12,13.43,13.6,18915084.0,260148727.0,0.036610556787462466,13.61,14.12,13.43,13.6,1.0,0.7611081276305746
002708,光洋股份,2026-06-02,13.72,13.8,13.27,13.39,16125500.0,217366058.0,0.03121125623741486,13.72,13.8,13.27,13.39,1.0,0.6866222498650962
002708,光洋股份,2026-06-03,13.4,14.6,13.17,14.08,30564102.0,425280315.0,0.05915748467883067,13.4,14.6,13.17,14.08,1.0,1.4253980783008042
002708,光洋股份,2026-06-04,13.94,14.97,13.87,14.42,30258222.0,438709543.0,0.058565447281050724,13.94,14.97,13.87,14.42,1.0,1.3090182249318771
002708,光洋股份,2026-06-05,14.28,15.86,14.23,15.86,61524258.0,946710524.0,0.11908154049516735,14.28,15.86,14.23,15.86,1.0,2.5015792158916508
002708,光洋股份,2026-06-08,15.24,15.83,14.94,15.09,58555642.0,900537845.0,0.11333571961231165,15.24,15.83,14.94,15.09,1.0,1.8602419589917516
002708,光洋股份,2026-06-09,15.14,15.43,14.45,14.7,43984900.0,646830855.0,0.08513373132473838,15.14,15.43,14.45,14.7,1.0,1.1162109348631568
002708,光洋股份,2026-06-10,14.45,14.54,13.79,14.24,34313822.0,486576294.0,0.06641514935518547,14.45,14.54,13.79,14.24,1.0,0.762912108743051
002708,光洋股份,2026-06-11,14.12,14.56,13.59,13.79,30399662.0,423773186.0,0.05883920747963185,14.12,14.56,13.59,13.79,1.0,0.6648023448049345
002708,光洋股份,2026-06-12,13.99,14.4,13.04,13.1,35481400.0,479709689.0,0.06867502198767242,13.99,14.4,13.04,13.1,1.0,0.7754538450861009
002708,光洋股份,2026-06-15,13.16,13.72,13.11,13.41,29605000.0,396657095.0,0.057301121882029515,13.16,13.72,13.11,13.41,1.0,0.7301387967586878
002708,光洋股份,2026-06-16,13.39,14.21,13.23,13.94,31543812.0,436419906.0,0.06105373470818528,13.39,14.21,13.23,13.94,1.0,0.9075539087472699
002708,光洋股份,2026-06-17,13.87,14.59,13.75,14.13,29393198.0,415881654.0,0.05689117450095005,13.87,14.59,13.75,14.13,1.0,0.9108877114108009
002708,光洋股份,2026-06-18,14.17,15.42,14.16,15.18,46053297.0,690682957.0,0.0891371587389395,14.17,15.42,14.16,15.18,1.0,1.4720749442895484
002708,光洋股份,2026-06-22,15.14,15.49,14.28,14.98,41296500.0,614091725.0,0.07993027460906035,15.14,15.49,14.28,14.98,1.0,1.1999445107930848
002708,光洋股份,2026-06-23,14.92,15.5,14.81,14.92,29204485.0,441266371.0,0.05652591638192544,14.92,15.5,14.81,14.92,1.0,0.8208496358688403
002708,光洋股份,2026-06-24,14.78,15.12,14.3,14.83,23660600.0,349494860.0,0.04579560629629953,14.78,15.12,14.3,14.83,1.0,0.6665284739715569
002708,光洋股份,2026-06-25,14.83,14.87,13.88,14.0,28582300.0,407161409.0,0.055321663771955146,14.83,14.87,13.88,14.0,1.0,0.8425984186602431
002708,光洋股份,2026-06-26,14.01,14.23,13.35,13.37,27064357.0,370200470.0,0.05238365205592834,14.01,14.23,13.35,13.37,1.0,0.8016827259592522
002708,光洋股份,2026-06-29,13.32,13.38,12.1,12.65,33327408.0,422638644.0,0.06450592358791168,13.32,13.38,12.1,12.65,1.0,1.1123355949934985
002708,光洋股份,2026-06-30,12.65,13.42,12.5,13.19,25403911.0,331193446.0,0.049847719921217955,12.65,13.42,12.5,13.19,1.0,0.895518303655937
002708,光洋股份,2026-07-01,13.1,13.42,12.8,12.87,25208900.0,328204779.0,0.04946506806459806,13.1,13.42,12.8,12.87,1.0,0.9131106945061502
002708,光洋股份,2026-07-02,12.78,13.79,12.65,12.97,35370540.0,469460985.0,0.06940430437589852,12.78,13.79,12.65,12.97,1.0,1.2669722617762433
002708,光洋股份,2026-07-03,12.97,14.27,12.95,13.69,59353097.0,819355383.0,0.11646303420417753,12.97,14.27,12.95,13.69,1.0,2.027431254093763
002708,光洋股份,2026-07-06,13.87,13.94,13.0,13.02,39004714.0,524568727.0,0.076535304311183,13.87,13.94,13.0,13.02,1.0,1.0915670039048075
002708,光洋股份,2026-07-07,12.95,13.38,12.32,12.35,28577516.0,363266153.0,0.05607498835955318,12.95,13.38,12.32,12.35,1.0,0.7751257421280658
002708,光洋股份,2026-07-08,12.33,12.38,11.4,11.41,28901140.0,337000768.0,0.056710005483955175,12.33,12.38,11.4,11.41,1.0,0.7706363734009279
002708,光洋股份,2026-07-09,11.3,11.63,10.91,11.32,23547202.0,263965602.0,0.046204473406647635,11.3,11.63,10.91,11.32,1.0,0.6157515451303519
002708,光洋股份,2026-07-10,11.3,11.77,11.18,11.3,23389020.0,267931036.0,0.04589408765413189,11.3,11.77,11.18,11.3,1.0,0.651927238705325
002708,光洋股份,2026-07-13,11.23,11.23,10.17,10.17,26012900.0,273022506.0,0.05104268211058725,11.23,11.23,10.17,10.17,1.0,0.9068809789948364
002708,光洋股份,2026-07-14,10.07,10.83,9.94,10.78,26247272.0,273392469.0,0.05150256837823224,10.07,10.83,9.94,10.78,1.0,1.0061994615901528
002708,光洋股份,2026-07-15,10.69,10.84,10.41,10.5,14062000.0,148875879.0,0.027592548152611893,10.69,10.84,10.41,10.5,1.0,0.5488786380540316
002708,光洋股份,2026-07-16,10.4,11.2,10.27,10.5,24278494.0,261045243.0,0.04763941934062715,10.4,11.2,10.27,10.5,1.0,1.071818747491687
002708,光洋股份,2026-07-17,10.47,10.51,9.61,9.79,23697008.0,238080520.0,0.04649842371731114,10.47,10.51,9.61,9.79,1.0,1.0394364977898087
002708,光洋股份,2026-07-20,9.95,10.07,9.16,9.3,20998258.0,201758946.0,0.04120291885833935,9.95,10.07,9.16,9.3,1.0,0.9185776606442577
002708,光洋股份,2026-07-21,9.3,9.48,8.61,9.44,21984520.0,200526907.0,0.043138168589962965,9.3,9.48,8.61,9.44,1.0,1.0058523998492284
002708,光洋股份,2026-07-22,9.27,9.46,9.1,9.12,14953300.0,138631412.0,0.02934146282822155,9.27,9.46,9.1,9.12,1.0,0.7119244016489006
002708,光洋股份,2026-07-23,9.14,9.47,9.04,9.44,12967700.0,120237291.0,0.025445305552455215,9.14,9.47,9.04,9.44,1.0,0.6121946249881269
002708,光洋股份,2026-07-24,9.27,9.74,9.12,9.53,20580470.0,195082284.0,0.04038313251873023,9.27,9.74,9.12,9.53,1.0,1.087753647205426
002708,光洋股份,2026-07-27,9.6,9.74,9.3,9.66,13415340.0,128330947.0,0.026323667681244518,9.6,9.74,9.3,9.66,1.0,0.7332049119538042
002708,光洋股份,2026-07-28,9.47,9.79,9.39,9.46,10665100.0,101915707.0,0.020927128808307573,9.47,9.79,9.39,9.46,1.0,0.6355739533568776
002708,光洋股份,2026-07-29,9.58,10.05,9.55,9.82,22259500.0,218198480.0,0.043677736140169565,9.58,10.05,9.55,9.82,1.0,1.5334055000757076
002708,光洋股份,2026-07-30,9.75,9.79,9.22,9.25,17941924.0,170220641.0,0.03520576034138124,9.75,9.79,9.22,9.25,1.0,1.1229408231087203
002708,光洋股份,2026-07-31,9.55,9.93,9.48,9.78,22316701.0,217894030.0,0.0437899763155982,9.55,9.93,9.48,9.78,1.0,1.3148766919373205
002708,光洋股份,2026-08-03,9.9,10.14,9.8,10.08,15001399.0,150780738.0,0.029435842999860892,9.9,10.14,9.8,10.08,1.0,0.8661459344043403
002708,光洋股份,2026-08-04,10.26,10.32,9.94,10.28,13874842.0,141221412.0,0.02722530550383174,10.26,10.32,9.94,10.28,1.0,0.7866928139309184
002708,光洋股份,2026-08-05,10.25,10.64,10.23,10.6,16891238.0,177872994.0,0.0331440974165999,10.25,10.64,10.23,10.6,1.0,0.9240852986495908
002708,光洋股份,2026-08-06,10.5,10.56,10.22,10.45,15757000.0,163847002.0,0.03091848821225328,10.5,10.56,10.22,10.45,1.0,0.9158266658222718
002708,光洋股份,2026-08-07,10.46,10.55,10.22,10.52,12664700.0,132362873.0,0.024850756975421977,10.46,10.55,10.22,10.52,1.0,0.7552792076638234
002708,光洋股份,2026-08-10,10.7,10.77,10.45,10.74,13479900.0,143369689.0,0.02645034773448962,10.7,10.77,10.45,10.74,1.0,0.9084815455364453
002708,光洋股份,2026-08-11,10.65,10.83,10.58,10.66,12984000.0,139085965.0,0.025477289518810467,10.65,10.83,10.58,10.66,1.0,0.8933820372413155
002708,光洋股份,2026-08-12,10.6,11.53,10.6,11.33,28997913.0,324788523.0,0.05689989409598566,10.6,11.53,10.6,11.33,1.0,2.0200049074326736
002708,光洋股份,2026-08-13,11.27,11.63,11.24,11.3,22373875.0,254061085.0,0.043902163511450674,11.27,11.63,11.24,11.3,1.0,1.333627681997534
002708,光洋股份,2026-08-14,11.32,11.84,11.21,11.82,25869977.0,298432797.0,0.05076223766743437,11.32,11.84,11.21,11.82,1.0,1.42927436951983
002708,光洋股份,2026-08-17,11.9,12.5,11.47,12.13,38011711.0,455529595.0,0.07458682734537528,11.9,12.5,11.47,12.13,1.0,1.83267283421788
002708,光洋股份,2026-08-18,12.02,12.08,11.48,11.87,30549068.0,358901053.0,0.05994358055805825,12.02,12.08,11.48,11.87,1.0,1.1911131189138502
002708,光洋股份,2026-08-19,11.56,11.56,10.7,10.73,23048600.0,255150044.0,0.045226113308938304,11.56,11.56,10.7,10.73,1.0,0.7904045899226559
002708,光洋股份,2026-08-20,10.94,11.03,10.7,10.87,13094788.0,142260558.0,0.025694678455286897,10.94,11.03,10.7,10.87,1.0,0.4681617974203256
002708,光洋股份,2026-08-21,10.75,11.25,10.53,11.13,15252700.0,166845083.0,0.029928947461765283,10.75,11.25,10.53,11.13,1.0,0.5840627988340479
002708,光洋股份,2026-08-24,11.05,11.68,10.93,11.5,24122263.0,275783805.0,0.0473328618530414,11.05,11.68,10.93,11.5,1.0,1.0054556943371988
002708,光洋股份,2026-08-25,11.27,11.89,11.27,11.84,16930864.0,197290618.0,0.03322185181235409,11.27,11.89,11.27,11.84,1.0,0.7981180347190309
002708,光洋股份,2026-08-26,11.8,11.92,11.49,11.66,15332764.0,179510521.0,0.030086049564971847,11.8,11.92,11.49,11.66,1.0,0.8292533365480713
002708,光洋股份,2026-08-27,11.67,12.53,11.56,12.45,26878340.0,326737329.0,0.05274085412546397,11.67,12.53,11.56,12.45,1.0,1.5860538265563562
002708,光洋股份,2026-08-28,12.37,12.4,12.09,12.27,18866500.0,231268218.0,0.037019969401312205,12.37,12.4,12.09,12.27,1.0,0.9575257678296942
002708,光洋股份,2026-08-31,12.1,12.8,12.06,12.71,24377500.0,307392416.0,0.04783368955982765,12.1,12.8,12.06,12.71,1.0,1.1934458786944353
002708,光洋股份,2026-09-01,12.63,12.93,12.61,12.87,19451240.0,248697877.0,0.03816735004466011,12.63,12.93,12.61,12.87,1.0,0.9498977438002051
002708,光洋股份,2026-09-02,12.92,14.16,12.71,14.16,62331190.0,860937537.0,0.1223066677204239,12.92,14.16,12.71,14.16,1.0,2.9708017467466026
002708,光洋股份,2026-09-03,14.16,15.58,14.15,15.58,94305591.0,1444211178.0,0.18504704599118352,14.16,15.58,14.15,15.58,1.0,3.104102359655987
002708,光洋股份,2026-09-04,15.43,16.0,14.89,15.27,100414506.0,1549819497.0,0.19703399886401193,15.43,16.0,14.89,15.27,1.0,2.2890981796041534
002708,光洋股份,2026-09-07,14.99,16.8,14.97,16.8,56895292.0,932054974.0,0.11164031319633866,14.99,16.8,14.97,16.8,1.0,0.9454813695559793
002708,光洋股份,2026-09-08,17.0,17.08,15.65,16.25,69747734.0,1133899382.0,0.1368594587491513,17.0,17.08,15.65,16.25,1.0,1.0460136513370533
002708,光洋股份,2026-09-09,16.25,16.89,16.07,16.48,52623650.0,870000121.0,0.10325846939206335,16.25,16.89,16.07,16.48,1.0,0.6857496738556039
002708,光洋股份,2026-09-10,16.27,16.75,16.27,16.41,40106917.0,662255305.0,0.07869805422950565,16.27,16.75,16.27,16.41,1.0,0.5362076936341276
300570,太辰光,2026-03-20,119.71,124.61,117.74,118.6,28098985.0,3430875656.0,0.1462020704854923,120.28,125.2,118.3,119.16,0.9953004363880495,1.4573066189803503
300570,太辰光,2026-03-23,115.04,118.44,109.78,111.13,19530812.0,2230906022.0,0.1016209358687831,115.59,119.0,110.3,111.66,0.9952534479670428,0.8986046377408304
300570,太辰光,2026-03-24,114.41,115.45,109.63,114.16,18512285.0,2096062070.0,0.0963214292764497,114.95,116.0,110.15,114.7,0.9952920662598082,0.8195091617650854
300570,太辰光,2026-03-25,117.54,120.9,116.58,118.65,23299109.0,2781672341.0,0.1212277943942519,118.1,121.47,117.13,119.21,0.995302407516148,1.1362577160701544
300570,太辰光,2026-03-26,116.95,122.2,115.81,116.77,21117426.0,2527331467.0,0.109876260815975,117.5,122.78,116.36,117.32,0.9953119672690078,0.9665805243239978
300570,太辰光,2026-03-27,111.74,119.89,110.66,117.71,18786008.0,2189199609.0,0.0977456397715797,112.27,120.46,111.18,118.27,0.9952650714466896,0.8495949257397097
300570,太辰光,2026-03-30,115.35,117.34,112.88,116.66,14529279.0,1686632695.0,0.0755974165067309,115.9,117.9,113.42,117.21,0.9953075676136848,0.717526157175756
300570,太辰光,2026-03-31,111.29,111.47,105.53,107.15,25304867.0,2752509879.0,0.1316639710921946,111.82,112.0,106.03,107.66,0.995262864573658,1.3146190342853927
300570,太辰光,2026-04-01,109.88,110.48,107.34,110.4,20347401.0,2233521670.0,0.1058697371167883,110.4,111.0,107.85,110.92,0.995311936530833,0.9873862018217607
300570,太辰光,2026-04-02,108.8,116.35,108.34,111.49,22085850.0,2508155250.0,0.1149150760581569,109.32,116.9,108.85,112.02,0.9952687020174968,1.103354858008116
300570,太辰光,2026-04-03,114.46,116.0,111.59,111.98,21338256.0,2440596586.0,0.1110252632879615,115.0,116.55,112.12,112.51,0.9952893076171008,1.0557910443492726
300570,太辰光,2026-04-07,112.13,116.95,112.13,114.48,20803379.0,2396100597.0,0.1082422401696862,112.66,117.5,112.66,115.02,0.9953051643192488,1.0039693007870911
300570,太辰光,2026-04-08,116.89,122.83,115.96,122.37,30249267.0,3638811780.0,0.1573902212506422,117.44,123.41,116.51,122.95,0.995282635217568,1.3764713777614697
300570,太辰光,2026-04-09,120.43,129.28,119.85,127.68,34480433.0,4345250226.0,0.1794054374503668,121.0,129.89,120.42,128.29,0.9952451477122146,1.5014451271414995
300570,太辰光,2026-04-10,128.39,128.74,124.01,126.55,33728113.0,4281333810.0,0.175491034788931,129.0,129.35,124.6,127.15,0.9952811639795516,1.3077252345419916
300570,太辰光,2026-04-13,124.26,137.94,124.22,135.96,39389200.0,5253026424.0,0.2049462852400952,124.85,138.59,124.81,136.6,0.9953147877013178,1.4007594112318278
300570,太辰光,2026-04-14,134.35,136.74,131.46,135.78,34575702.0,4645999422.0,0.1799011324035149,134.99,137.39,132.08,136.42,0.9953086057762792,1.0896822114375866
300570,太辰光,2026-04-15,134.56,135.62,128.27,129.42,27265381.0,3613389777.0,0.1418647383446699,135.2,136.26,128.88,130.03,0.9953087748981004,0.7906551349687307
300570,太辰光,2026-04-16,130.16,135.73,129.91,133.88,24815889.0,3307622468.0,0.1291197654555193,130.78,136.37,130.53,134.52,0.9952423431460004,0.7322964029691211
300570,太辰光,2026-04-17,133.34,142.19,132.97,140.55,34123327.0,4754800350.0,0.1775473761509003,133.97,142.86,133.6,141.22,0.9952556295142332,1.0678604194661236
300570,太辰光,2026-04-20,142.32,142.32,135.37,136.8,29287568.0,4051357959.0,0.1523863969137907,143.0,143.0,136.01,137.45,0.9952710076391416,0.9142679531013579
300570,太辰光,2026-04-21,132.72,144.2,132.31,142.42,27203210.0,3789768175.0,0.1415412558799419,133.35,144.88,132.94,143.1,0.9952480782669462,0.9063635854836266
300570,太辰光,2026-04-22,142.56,150.62,142.42,144.81,28459526.0,4181391832.0,0.1480780044629976,143.24,151.33,143.1,145.5,0.9952577319587628,0.997212628650368
300570,太辰光,2026-04-23,145.03,146.9,133.37,134.39,30470939.0,4214962609.0,0.1585436047400694,145.72,147.6,134.0,135.03,0.9952603125231428,1.0588310740073357
300570,太辰光,2026-04-24,129.34,135.34,126.64,133.47,30487955.0,4022576095.0,0.1586321408359953,129.95,135.98,127.24,134.1,0.9953020134228188,1.019360147947866
300570,太辰光,2026-04-27,134.56,149.95,134.36,149.11,42281756.0,6113228916.0,0.2199965682376922,135.2,150.66,135.0,149.82,0.9952609798424776,1.448906463045599
300570,太辰光,2026-04-28,148.3,151.6,140.23,141.95,21231114.0,3083897638.0,0.1104677918264138,149.0,152.32,140.9,142.62,0.9953022016547468,0.668051025671662
300570,太辰光,2026-04-29,139.34,141.85,135.03,137.62,17648197.0,2448023915.0,0.0918254855730858,140.0,142.52,135.67,138.27,0.9952990525782888,0.5769975849938884
300570,太辰光,2026-04-30,140.05,143.84,134.96,135.28,18777896.0,2606344914.0,0.0977034321546221,140.71,144.52,135.6,135.92,0.9952913478516776,0.6606354191161086
300570,太辰光,2026-05-06,137.86,150.34,136.35,143.19,27701989.0,3974739101.0,0.1441364571839991,138.51,151.05,137.0,143.87,0.9952735108083686,1.0619736103861628
300570,太辰光,2026-05-07,154.32,157.33,145.01,149.34,38070854.0,5753407254.0,0.1980867878306241,155.05,158.08,145.7,150.05,0.9952682439186936,1.4913259970044725
300570,太辰光,2026-05-08,145.26,167.2,144.64,161.33,41791778.0,6674421967.0,0.2174471594924176,145.95,167.99,145.33,162.1,0.9952498457742136,1.6929336899725795
300570,太辰光,2026-05-11,162.85,182.5,160.24,177.96,41473369.0,7126362178.0,0.2157904428864186,163.62,183.37,161.0,178.8,0.9953020134228188,1.4401404037763157
300570,太辰光,2026-05-12,181.6,191.09,174.3,175.88,33668719.0,6115050351.0,0.1751820013567834,182.46,192.0,175.13,176.71,0.9953030388772564,1.0031445711879743
300570,太辰光,2026-05-13,173.18,177.92,169.58,177.49,30804549.0,5388421798.0,0.1602794137998865,174.0,178.76,170.38,178.33,0.9952896315818988,0.8430054147601116
300570,太辰光,2026-05-14,179.16,186.81,174.51,174.72,34769439.0,6331046294.0,0.1809091670542202,180.01,187.7,175.34,175.55,0.9952720022785532,0.9356217584602844
300570,太辰光,2026-05-15,176.16,177.04,159.49,159.64,36982808.0,6131678299.0,0.192425566331575,177.0,177.88,160.25,160.4,0.9952618453865336,1.0131840134397723
300570,太辰光,2026-05-18,159.24,163.77,153.81,159.57,22702117.0,3640433317.0,0.1181215801853303,160.0,164.55,154.54,160.33,0.9952597767105344,0.6387805170459034
300570,太辰光,2026-05-19,154.27,156.23,147.3,154.47,25396464.0,3880229712.0,0.1321405602305659,155.0,156.97,148.0,155.2,0.9952963917525772,0.7989946015177525
300570,太辰光,2026-05-20,152.28,163.65,151.28,160.34,28281661.0,4502712592.0,0.1471525535519806,153.0,164.43,152.0,161.1,0.99528243327126,0.9386210291053867
300570,太辰光,2026-05-21,161.73,161.73,147.31,147.82,24298253.0,3764700436.0,0.1264264491326048,162.5,162.5,148.01,148.52,0.995286830056558,0.8201527282782645
300570,太辰光,2026-05-22,150.29,161.24,149.95,160.66,27116224.0,4246064088.0,0.141088658275322,151.0,162.0,150.66,161.42,0.9952917854045348,0.9848891231256179
300570,太辰光,2026-05-25,162.23,162.71,155.92,162.43,23642939.0,3805313804.0,0.123016779223954,163.0,163.48,156.66,163.2,0.995281862745098,0.9250358381397591
300570,太辰光,2026-05-26,163.23,167.68,156.38,160.91,20506138.0,3298850315.0,0.1066956629665176,164.0,168.48,157.12,161.67,0.9952990659986392,0.7964443168029255
300570,太辰光,2026-05-27,157.26,165.4,152.58,161.2,25586301.0,4129911066.0,0.1331283027577339,158.01,166.18,153.3,161.96,0.9953074833292168,1.032995138326499
300570,太辰光,2026-05-28,157.25,171.19,153.62,169.6,29163130.0,4768810952.0,0.1517389324859092,158.0,172.0,154.35,170.4,0.9953051643192488,1.2035973959688189
300570,太辰光,2026-05-29,171.19,180.43,160.64,164.64,25771228.0,4398691468.0,0.1340904980216792,172.0,181.29,161.4,165.42,0.995284729778745,1.022548220790566
300570,太辰光,2026-06-01,161.57,164.88,147.0,147.05,21101361.0,3255009818.0,0.109792672876327,162.34,165.66,147.7,147.75,0.9952622673434856,0.8462904341114511
300570,太辰光,2026-06-02,147.29,163.18,145.31,160.09,24384101.0,3822080059.0,0.1268731255996387,147.99,163.95,146.0,160.85,0.9952751010258004,0.9982997123398847
300570,太辰光,2026-06-03,169.19,181.02,164.22,168.0,35922565.0,6193591485.0,0.1869090068609126,169.99,181.88,165.0,168.8,0.995260663507109,1.4254293646576106
300570,太辰光,2026-06-04,167.52,177.18,167.52,170.86,20616501.0,3566127368.0,0.1072698936408636,168.31,178.02,168.31,171.67,0.9952816450166018,0.7560561963178215
300570,太辰光,2026-06-05,171.19,179.65,166.21,167.59,26473680.0,4604539692.0,0.1377454320634845,172.0,180.5,167.0,168.38,0.9953082313813992,1.0357808752271869
300570,太辰光,2026-06-08,150.34,160.74,150.34,153.17,20624702.0,3225670175.0,0.1073125643344866,151.05,161.5,151.05,153.9,0.9952566601689408,0.8025287792340263
300570,太辰光,2026-06-09,157.25,183.81,155.5,180.85,40226973.0,7106437295.0,0.2093053091406682,158.0,184.68,156.24,181.71,0.9952671839744648,1.5711016353973346
300570,太辰光,2026-06-10,177.73,178.75,167.21,169.2,26052072.0,4502439499.0,0.1355517598531449,178.57,179.6,168.0,170.0,0.9952941176470588,0.9054383223771498
300570,太辰光,2026-06-11,172.18,184.12,168.2,176.74,31949899.0,5634286580.0,0.1662387942341107,173.0,184.99,169.0,177.58,0.9952697375830613,1.192214433776432
300570,太辰光,2026-06-12,182.14,191.84,174.17,184.21,38795826.0,7149201818.0,0.2018588958780859,183.0,192.75,175.0,185.08,0.995299330019451,1.334773957101502
300570,太辰光,2026-06-15,202.27,221.05,202.05,221.05,30235357.0,6444531666.0,0.1573178460100258,203.23,222.1,203.01,222.1,0.995272399819901,0.9589425393064431
300570,太辰光,2026-06-16,243.9,262.36,243.9,262.05,40870178.0,10470076277.0,0.2126519746072899,245.06,263.6,245.06,263.29,0.9952903642371528,1.221754961360277
300570,太辰光,2026-06-17,260.27,271.11,255.06,264.73,31696489.0,8349172880.0,0.1649202744839585,261.5,272.4,256.27,265.99,0.9952629798112712,0.9438910062844971
300570,太辰光,2026-06-18,263.75,267.75,252.8,267.33,30016760.0,7860523349.0,0.1561804620795416,265.0,269.02,254.0,268.6,0.995271779597915,0.8647983097723728
300570,太辰光,2026-06-22,262.75,284.5,260.76,279.85,33540469.0,9270517414.0,0.1745147026789214,264.0,285.85,262.0,281.18,0.9952699338502028,0.9772031938306418
300570,太辰光,2026-06-23,272.71,275.15,255.79,263.27,25007523.0,6658185771.0,0.1301168579688402,274.0,276.46,257.0,264.52,0.9952744593981552,0.7516120248508209
300570,太辰光,2026-06-24,263.27,271.71,258.85,270.04,19838359.0,5276695484.0,0.1032211363091763,264.52,273.0,260.08,271.32,0.995282323455698,0.6155956151543605
300570,太辰光,2026-06-25,270.85,275.95,245.14,257.09,32412595.0,8375066619.0,0.1686462517705788,272.13,277.26,246.3,258.31,0.9952769927606364,1.1567697195423827
300570,太辰光,2026-06-26,238.87,243.84,223.94,232.99,33383436.0,7786433417.0,0.1736976429262453,240.0,245.0,225.0,234.1,0.9952584365655704,1.1853591104390018
300570,太辰光,2026-06-29,232.9,238.67,215.67,224.57,22241678.0,5029415847.0,0.1157258660649708,234.0,239.8,216.69,225.64,0.9952579329906044,0.7713035979666365
300570,太辰光,2026-06-30,226.82,250.81,226.81,245.55,23870366.0,5832248950.0,0.1242001066033702,227.9,252.0,227.89,246.71,0.9952981233026632,0.8981683073269746
300570,太辰光,2026-07-01,245.92,249.37,232.9,237.23,15957538.0,3827449604.0,0.0830288031916784,247.09,250.55,234.0,238.36,0.9952592716898808,0.605615556926573
300570,太辰光,2026-07-02,230.0,250.63,223.48,234.58,18653965.0,4481932042.0,0.0970586057028005,231.09,251.82,224.54,235.69,0.9952904238618524,0.729436341888104
300570,太辰光,2026-07-03,230.55,247.82,228.91,236.0,17285684.0,4188596815.0,0.0899392910654227,231.64,249.0,230.0,237.12,0.99527665317139,0.7574332238720218
300570,太辰光,2026-07-06,239.4,240.77,213.49,216.53,17622211.0,3923950113.0,0.091690277593024,240.54,241.91,214.5,217.56,0.9952656738371024,0.8990077169363772
300570,太辰光,2026-07-07,216.2,219.96,206.02,210.91,13349148.0,2833471650.0,0.069457066752314,217.23,221.0,207.0,211.91,0.9952810155254588,0.7147008102515389
300570,太辰光,2026-07-08,215.98,218.28,197.81,204.39,12755216.0,2641191470.0,0.0663667740557062,217.0,219.32,198.75,205.36,0.9952765874561744,0.7696053940659222
300570,太辰光,2026-07-09,207.86,211.66,196.53,210.83,17669237.0,3659256533.0,0.0919349589780154,208.85,212.66,197.46,211.83,0.9952792333474956,1.1089540907574582
300570,太辰光,2026-07-10,215.15,222.2,210.92,211.64,21883912.0,4775639535.0,0.1138643707138287,215.15,222.2,210.92,211.64,1.0,1.3906644581338414
300570,太辰光,2026-07-13,207.61,211.15,189.5,190.7,15015955.0,2997274382.0,0.0781296445874106,207.61,211.15,189.5,190.7,1.0,0.9015372697440736
300570,太辰光,2026-07-14,193.19,204.9,184.3,203.88,16195904.0,3157342631.0,0.0842690473760624,193.19,204.9,184.3,203.88,1.0,1.003793713194529
300570,太辰光,2026-07-15,207.96,209.9,195.68,196.83,13551847.0,2737275485.0,0.0705117316622863,207.96,209.9,195.68,196.83,1.0,0.8112913466324037
300570,太辰光,2026-07-16,188.61,194.5,178.42,180.7,12891466.0,2393760012.0,0.0670756976023628,188.61,194.5,178.42,180.7,1.0,0.7644655389482922
300570,太辰光,2026-07-17,179.5,179.88,155.89,158.08,15456442.0,2558663544.0,0.0804215462849965,179.5,179.88,155.89,158.08,1.0,0.9716255972975499
300570,太辰光,2026-07-20,163.0,165.0,133.0,139.31,17211314.0,2540828543.0,0.0895523358788917,163.0,165.0,133.0,139.31,1.0,1.177057450817595
300570,太辰光,2026-07-21,142.01,154.0,120.68,153.19,24699931.0,3442241333.0,0.12851642338856,142.01,154.0,120.68,153.19,1.0,1.6399497958841076
300570,太辰光,2026-07-22,151.0,156.0,143.5,145.53,17174675.0,2594288748.0,0.0893616991829215,151.0,156.0,143.5,145.53,1.0,1.0246074500960494
300570,太辰光,2026-07-23,147.9,151.15,139.68,141.0,12405633.0,1794400397.0,0.0645478557422323,147.9,151.15,139.68,141.0,1.0,0.7094298216017717
300570,太辰光,2026-07-24,139.58,142.3,134.68,135.93,9488656.0,1308786062.0,0.0493705076295314,139.58,142.3,134.68,135.93,1.0,0.5456512251950145
300570,太辰光,2026-07-27,136.8,140.99,132.55,140.99,10964943.0,1503810787.0,0.0570517892142867,136.8,140.99,132.55,140.99,1.0,0.6770137503596712
300570,太辰光,2026-07-28,137.02,137.99,124.0,125.0,14051715.0,1836446922.0,0.0731125991516081,137.02,137.99,124.0,125.0,1.0,0.940117313391559
300570,太辰光,2026-07-29,125.12,127.77,114.15,120.0,15966810.0,1908400864.0,0.0830770464146112,125.12,127.77,114.15,120.0,1.0,1.245740425208013
300570,太辰光,2026-07-30,120.3,120.8,102.3,105.92,20074010.0,2196361977.0,0.1044472540537132,120.3,120.8,102.3,105.92,1.0,1.5962727487241632
300570,太辰光,2026-07-31,119.0,123.13,113.69,114.0,18780059.0,2219653470.0,0.0977146864785224,119.0,123.13,113.69,114.0,1.0,1.3310480628180135
300570,太辰光,2026-08-03,115.55,121.3,111.36,118.49,19915090.0,2319975136.0,0.1036203760351103,115.55,121.3,111.36,118.49,1.0,1.247225975921577
300570,太辰光,2026-08-04,121.99,133.88,120.3,133.8,33231700.0,4217710812.0,0.1729081440398198,121.99,133.88,120.3,133.8,1.0,1.8714138325761487
300570,太辰光,2026-08-05,128.52,132.95,122.0,132.3,34714673.0,4464135573.0,0.1806242136086701,128.52,132.95,122.0,132.3,1.0,1.6076420525481567
300570,太辰光,2026-08-06,131.42,140.5,126.15,137.88,28786910.0,3883730220.0,0.1497814189686754,131.42,140.5,126.15,137.88,1.0,1.1358871933710541
300570,太辰光,2026-08-07,137.22,146.0,134.5,143.43,26783415.0,3766686183.0,0.139357016905493,137.22,146.0,134.5,143.43,1.0,0.9888401794388346
300570,太辰光,2026-08-10,143.42,149.94,137.94,141.99,19448706.0,2764420651.0,0.1011937294341279,143.42,149.94,137.94,141.99,1.0,0.6779775345197537
300570,太辰光,2026-08-11,139.21,143.86,137.0,140.45,13842125.0,1944304581.0,0.0720220796202779,139.21,143.86,137.0,140.45,1.0,0.4841075047778692
300570,太辰光,2026-08-12,140.48,154.98,139.5,149.76,21057069.0,3123430959.0,0.1095622167902462,140.48,154.98,139.5,149.76,1.0,0.8519897932467035
300570,太辰光,2026-08-13,153.0,159.66,149.51,149.72,20002608.0,3086334070.0,0.104075741693505,153.0,159.66,149.51,149.72,1.0,0.90988587197437
300570,太辰光,2026-08-14,150.02,161.96,147.6,161.5,22183134.0,3497549425.0,0.1154212552751326,150.02,161.96,147.6,161.5,1.0,1.0967207313811014
300570,太辰光,2026-08-17,174.69,193.8,168.9,193.8,24414316.0,4508005583.0,0.127030337525967,174.69,193.8,168.9,193.8,1.0,1.2645496168061288
300570,太辰光,2026-08-18,203.04,205.0,193.1,199.27,28539480.0,5658068913.0,0.1484940138079471,203.04,205.0,193.1,199.27,1.0,1.4058960749779714
300570,太辰光,2026-08-19,190.71,195.0,178.59,180.27,26352768.0,4927013653.0,0.1371163137965242,190.71,195.0,178.59,180.27,1.0,1.1339732148977466
300570,太辰光,2026-08-20,184.12,216.2,180.66,213.4,39306865.0,7949703268.0,0.2045178872935707,184.12,216.2,180.66,213.4,1.0,1.6176688999548663
300570,太辰光,2026-08-21,213.0,230.46,205.48,214.46,35216134.0,7667732234.0,0.1832333696499907,213.0,230.46,205.48,214.46,1.0,1.2506034682110811
300570,太辰光,2026-08-24,215.3,215.8,195.0,202.9,24777564.0,5025981751.0,0.1289203563184506,215.3,215.8,195.0,202.9,1.0,0.8053576801749088
300570,太辰光,2026-08-25,199.9,206.6,195.8,202.7,20639856.0,4162646307.0,0.1073914122422006,199.9,206.6,195.8,202.7,1.0,0.669287234149976
300570,太辰光,2026-08-26,202.0,202.0,191.6,197.32,17831977.0,3492910006.0,0.0927817128714677,202.0,202.0,191.6,197.32,1.0,0.6094602683035404
300570,太辰光,2026-08-27,199.96,212.59,198.16,209.38,25084363.0,5185150555.0,0.1305166648336115,199.96,212.59,198.16,209.38,1.0,0.9103551846481642
300570,太辰光,2026-08-28,207.8,210.5,203.85,204.3,17296154.0,3585232898.0,0.0899937676124575,207.8,210.5,203.85,204.3,1.0,0.6999663633867625
300570,太辰光,2026-08-31,196.43,204.69,195.0,199.49,15461252.0,3071799176.0,0.0804465732373592,196.43,204.69,195.0,199.49,1.0,0.7318595374412593
300570,太辰光,2026-09-01,199.88,200.0,190.8,193.81,11430548.0,2216653795.0,0.0594743825936703,199.88,200.0,190.8,193.81,1.0,0.5934025808732603
300570,太辰光,2026-09-02,191.02,192.99,185.69,189.04,11098480.0,2090369547.0,0.0577465967273133,191.02,192.99,185.69,189.04,1.0,0.6370799584231749
300570,太辰光,2026-09-03,190.33,192.33,183.8,188.59,11079303.0,2077835953.0,0.0576468167137043,190.33,192.33,183.8,188.59,1.0,0.6892617352046415
300570,太辰光,2026-09-04,191.0,192.88,178.18,180.0,13886445.0,2562316756.0,0.0722526813933995,191.0,192.88,178.18,180.0,1.0,1.0462058908499727
300570,太辰光,2026-09-07,185.45,207.68,185.45,206.1,22780399.0,4523666761.0,0.1185288899327018,185.45,207.68,185.45,206.1,1.0,1.8092309603776147
300570,太辰光,2026-09-08,206.18,208.88,199.94,201.55,15957685.0,3257711269.0,,206.18,208.88,199.94,201.55,1.0,1.135371416720058
300570,太辰光,2026-09-09,206.83,211.0,200.13,201.55,21091011.0,4324081851.0,,206.83,211.0,200.13,201.55,1.0,1.409783363380533
300570,太辰光,2026-09-10,199.27,213.0,198.03,203.27,19050600.0,3917435771.0,,199.27,213.0,198.03,203.27,1.0,1.123334823557607
301151,冠龙节能,2026-03-20,18.77,18.87,17.91,18.01,1608692.0,30127989.0,0.0095276933613288,19.18,19.28,18.3,18.4,0.9788043478260872,1.1269603863082773
301151,冠龙节能,2026-03-23,17.83,17.83,16.65,16.78,2564809.0,45074101.0,0.0151904240727102,18.22,18.22,17.01,17.14,0.9789964994165694,1.8032882897198022
301151,冠龙节能,2026-03-24,17.14,17.72,16.85,17.63,2266476.0,40006406.0,0.0134235070099255,17.51,18.1,17.21,18.01,0.9789006107717934,1.3618051460616827
301151,冠龙节能,2026-03-25,17.8,18.11,17.67,17.99,1565000.0,28740197.0,0.0092689216521743,18.18,18.5,18.05,18.38,0.9787812840043524,0.8707347766351091
301151,冠龙节能,2026-03-26,18.08,18.2,17.5,17.63,1366449.0,24838245.0,0.0080929768196114,18.47,18.59,17.88,18.01,0.9789006107717934,0.7297097083476672
301151,冠龙节能,2026-03-27,17.56,17.81,17.45,17.69,1373200.0,24804537.0,0.0081329605193391,17.94,18.19,17.83,18.07,0.9789706696181516,0.7326526400571268
301151,冠龙节能,2026-03-30,17.52,17.87,17.38,17.83,1237900.0,22320675.0,0.0073316281873652,17.9,18.26,17.76,18.21,0.9791323448654584,0.6774895703055648
301151,冠龙节能,2026-03-31,17.86,18.25,17.68,17.78,1506900.0,27654139.0,0.0089281623491495,18.25,18.64,18.06,18.16,0.9790748898678414,0.9648451631285596
301151,冠龙节能,2026-04-01,17.95,18.21,17.9,18.09,1281950.0,23636024.0,0.0075953664632638,18.34,18.6,18.29,18.48,0.9788961038961038,0.9092554609587217
301151,冠龙节能,2026-04-02,18.32,18.32,17.67,17.81,1233476.0,22560000.0,0.0073081650950823,18.72,18.72,18.05,18.19,0.9791094007696536,0.91147152274053
301151,冠龙节能,2026-04-03,17.81,17.9,17.14,17.22,1371300.0,24334985.0,0.0081247521596581,18.19,18.29,17.51,17.59,0.9789653212052302,1.0336287764422185
301151,冠龙节能,2026-04-07,17.25,17.69,17.25,17.61,1354700.0,24287891.0,0.0080263995848383,17.62,18.07,17.62,17.99,0.9788771539744304,1.0214089487095428
301151,冠龙节能,2026-04-08,17.93,18.37,17.89,18.32,1688600.0,31443266.0,0.0100047083036525,18.32,18.77,18.28,18.72,0.9786324786324788,1.2511250938380867
301151,冠龙节能,2026-04-09,18.21,18.39,17.99,18.1,1348700.0,25023746.0,0.0079908504614095,18.6,18.79,18.38,18.49,0.9789075175770688,0.9730843722664244
301151,冠龙节能,2026-04-10,18.3,18.46,18.2,18.27,1131400.0,21188734.0,0.0067033797078955,18.7,18.86,18.59,18.66,0.9790996784565916,0.8085152361601973
301151,冠龙节能,2026-04-13,18.47,18.47,18.13,18.34,1203300.0,22474228.0,0.007129376703651,18.87,18.87,18.52,18.74,0.9786552828175028,0.8726268002958795
301151,冠龙节能,2026-04-14,18.57,18.57,18.24,18.38,933100.0,17479535.0,0.0055284811785728,18.97,18.97,18.63,18.78,0.9787007454739084,0.6935793182392554
301151,冠龙节能,2026-04-15,18.47,18.47,18.25,18.27,1002700.0,18765448.0,0.0059408510103472,18.87,18.87,18.64,18.66,0.9790996784565916,0.7951499579705318
301151,冠龙节能,2026-04-16,18.34,18.58,18.14,18.56,1156400.0,21740949.0,0.0068515010555156,18.74,18.98,18.53,18.96,0.9789029535864978,1.0289720956719817
301151,冠龙节能,2026-04-17,18.59,18.7,18.42,18.42,937000.0,17720001.0,0.0055515881088016,18.99,19.1,18.82,18.82,0.9787460148777896,0.863292118889237
301151,冠龙节能,2026-04-20,18.48,18.53,18.36,18.47,1064899.0,20078415.0,0.0063093709983721,18.88,18.93,18.76,18.87,0.978802331743508,1.0175814620162447
301151,冠龙节能,2026-04-21,18.51,18.55,18.4,18.48,1032300.0,19472487.0,0.0061162266859294,18.91,18.95,18.8,18.88,0.978813559322034,1.0132311916199508
301151,冠龙节能,2026-04-22,18.58,18.58,18.27,18.37,858000.0,16103403.0,0.005083524650322,18.98,18.98,18.66,18.77,0.9786893979754928,0.8260645112095414
301151,冠龙节能,2026-04-23,18.39,18.46,18.03,18.1,1358000.0,25235109.0,0.0080459516027242,18.79,18.86,18.42,18.49,0.9789075175770688,1.344927572976186
301151,冠龙节能,2026-04-24,17.98,18.27,17.82,18.14,1410700.0,26011644.0,0.0083581914035074,18.37,18.66,18.2,18.53,0.978953049109552,1.3434728855039588
301151,冠龙节能,2026-04-27,17.73,17.73,16.0,16.64,5996800.0,100598726.0,0.0355301638963303,18.11,18.11,16.35,17.0,0.9788235294117648,5.238387330034999
301151,冠龙节能,2026-04-28,16.51,17.08,16.46,16.84,4693201.0,80250343.0,0.0278065302708814,16.87,17.45,16.82,17.2,0.9790697674418604,2.2021814410931135
301151,冠龙节能,2026-04-29,16.64,17.24,16.64,17.04,3058300.0,53363354.0,0.0181199806970629,17.0,17.61,17.0,17.41,0.9787478460654796,1.068088241837278
301151,冠龙节能,2026-04-30,17.13,17.39,17.03,17.28,2145800.0,37731907.0,0.012713551508929,17.5,17.77,17.4,17.65,0.9790368271954676,0.6495731277124703
301151,冠龙节能,2026-05-06,17.39,17.51,17.04,17.21,3339860.0,58782490.0,0.0197881825624996,17.77,17.89,17.41,17.58,0.978953356086462,0.9650096525235973
301151,冠龙节能,2026-05-07,17.24,17.38,17.11,17.16,2707852.0,47681268.0,0.0160436274958321,17.61,17.76,17.48,17.53,0.9788933257273246,0.7039246882116481
301151,冠龙节能,2026-05-08,17.16,17.31,17.0,17.31,2045300.0,35860137.0,0.0121181036914962,17.53,17.68,17.37,17.68,0.9790723981900452,0.6413604052878477
301151,冠龙节能,2026-05-11,17.36,17.36,17.08,17.21,2072787.0,36394712.0,0.0122809601507775,17.74,17.74,17.45,17.58,0.978953356086462,0.7794124769348412
301151,冠龙节能,2026-05-12,17.28,17.3,17.05,17.06,2381205.0,41681030.0,0.0141082917423895,17.65,17.67,17.42,17.43,0.97877223178428,0.9670575690452556
301151,冠龙节能,2026-05-13,17.13,17.33,17.04,17.16,1739500.0,30540800.0,0.010306283367407,17.5,17.7,17.41,17.53,0.9788933257273246,0.6931933711027749
301151,冠龙节能,2026-05-14,17.3,17.41,16.96,17.06,1466623.0,25621908.0,0.0086895270084257,17.67,17.79,17.33,17.43,0.97877223178428,0.6698961800529917
301151,冠龙节能,2026-05-15,17.06,17.19,16.79,16.9,1699855.0,29517743.0,0.0100713925343511,17.43,17.56,17.15,17.27,0.9785755645628256,0.8757250462757131
301151,冠龙节能,2026-05-18,16.85,17.01,16.67,16.97,1735600.0,29846569.0,0.0102831764371783,17.21,17.38,17.03,17.34,0.9786620530565168,0.9271397237384308
301151,冠龙节能,2026-05-19,16.87,17.17,16.84,17.08,1611100.0,27961439.0,0.0095455321260301,17.23,17.54,17.2,17.45,0.9787965616045844,0.8927954933638546
301151,冠龙节能,2026-05-20,17.17,17.17,16.8,16.96,1221703.0,21174963.0,0.0072384117900611,17.54,17.54,17.16,17.33,0.97864974033468,0.7401857918120639
301151,冠龙节能,2026-05-21,16.98,17.25,16.68,16.7,2508400.0,43582890.0,0.014861903534811,17.35,17.62,17.04,17.06,0.9788980070339977,1.6214858379850965
301151,冠龙节能,2026-05-22,16.72,16.91,16.47,16.77,2115800.0,36032346.0,0.0125358058917849,17.08,17.28,16.83,17.13,0.978984238178634,1.2053562984908377
301151,冠龙节能,2026-05-25,16.67,16.99,16.51,16.59,1658700.0,28268389.0,0.0098275551718988,17.03,17.36,16.87,16.95,0.9787610619469028,0.9021927739074558
301151,冠龙节能,2026-05-26,16.6,16.62,15.91,16.14,1944100.0,32148886.0,0.01151850847633,16.96,16.98,16.25,16.49,0.9787750151607036,1.06634672059851
301151,冠龙节能,2026-05-27,16.2,16.2,15.44,15.57,2275685.0,36352758.0,0.0134831011583545,16.55,16.55,15.77,15.91,0.978629792583281,1.2042314167351857
301151,冠龙节能,2026-05-28,15.48,15.91,15.37,15.8,1588629.0,25351903.0,0.0094123947339353,15.81,16.25,15.7,16.14,0.9789343246592316,0.7562966041540806
301151,冠龙节能,2026-05-29,15.87,16.71,15.69,15.71,2735100.0,44789000.0,0.0162050679150302,16.01,16.86,15.83,15.85,0.9911671924290222,1.427071139321505
301151,冠龙节能,2026-06-01,15.69,16.2,15.65,16.07,1792697.0,28923105.0,0.0106214678205809,15.83,16.34,15.79,16.21,0.9913633559531152,0.8785823351676411
301151,冠龙节能,2026-06-02,16.08,16.14,15.4,15.56,1713800.0,26990614.0,0.0101540146220535,16.22,16.28,15.54,15.7,0.9910828025477708,0.8290271938140582
301151,冠龙节能,2026-06-03,15.64,15.64,15.19,15.25,1275961.0,19773540.0,0.0075598825132279,15.78,15.78,15.33,15.39,0.99090318388564,0.6312943979023762
301151,冠龙节能,2026-06-04,15.17,15.34,14.95,15.05,1066400.0,16238796.0,0.0063182642040832,15.31,15.48,15.08,15.18,0.9914361001317524,0.5855359658219187
301151,冠龙节能,2026-06-05,15.05,18.06,15.04,18.06,9635569.0,165980369.0,0.0570893386146612,15.18,18.22,15.17,18.22,0.991218441273326,5.612544353082808
301151,冠龙节能,2026-06-08,17.36,20.7,17.35,19.51,17288792.0,345646637.0,0.1024335667905492,17.52,20.88,17.51,19.68,0.9913617886178864,5.582638608454804
301151,冠龙节能,2026-06-09,19.51,19.69,18.85,19.55,8007688.0,155944074.0,0.0474443815152544,19.68,19.87,19.02,19.72,0.9913793103448276,1.2923746087945194
301151,冠龙节能,2026-06-10,19.64,19.81,18.94,19.19,5464361.0,106362687.0,0.0323755406081103,19.82,19.99,19.11,19.36,0.9912190082644629,0.7329909447258857
301151,冠龙节能,2026-06-11,19.09,19.76,18.68,19.16,5399300.0,104658655.0,0.0319900636882098,19.26,19.94,18.85,19.33,0.991205380237972,0.6511015534161819
301151,冠龙节能,2026-06-12,19.2,20.4,19.2,19.37,4930110.0,97580376.0,0.0292101814846146,19.37,20.58,19.37,19.54,0.9912998976458548,0.5382720346512807
301151,冠龙节能,2026-06-15,19.35,19.48,18.46,18.68,5854210.0,111158030.0,0.0346853389780443,19.52,19.65,18.63,18.85,0.9909814323607428,0.712359970738558
301151,冠龙节能,2026-06-16,18.68,20.62,18.56,20.31,8874450.0,178043309.0,0.0525798197354904,18.85,20.8,18.73,20.49,0.9912152269399708,1.4962484913086938
301151,冠龙节能,2026-06-17,20.22,20.22,19.45,19.77,4700500.0,93534391.0,0.0278497757795325,20.4,20.4,19.62,19.95,0.9909774436090226,0.770007474175304
301151,冠龙节能,2026-06-18,19.57,20.69,19.18,20.51,7266987.0,146960728.0,0.043055836303112,19.74,20.87,19.35,20.69,0.9913001449975832,1.2209906255576124
301151,冠龙节能,2026-06-22,20.26,20.29,19.46,19.91,4535976.0,90401431.0,0.0268749951156985,20.44,20.47,19.63,20.09,0.991040318566451,0.717121852263453
301151,冠龙节能,2026-06-23,19.92,20.32,19.53,19.74,3575826.0,71498495.0,0.0211862466390007,20.1,20.5,19.7,19.92,0.9909638554216866,0.5724596435535299
301151,冠龙节能,2026-06-24,19.73,19.73,18.7,18.96,4190604.0,80313669.0,0.0248287164728884,19.91,19.91,18.87,19.13,0.9911134343962364,0.723672338139126
301151,冠龙节能,2026-06-25,18.73,19.03,17.64,17.8,4747300.0,86542125.0,0.0281270589422774,18.9,19.2,17.8,17.96,0.9910913140311804,0.9780224412196626
301151,冠龙节能,2026-06-26,17.63,18.48,17.09,17.52,4323458.0,77544059.0,0.0256158570135573,17.79,18.65,17.24,17.68,0.990950226244344,0.8889897158301913
301151,冠龙节能,2026-06-29,17.52,17.73,16.35,16.65,3488354.0,59152726.0,0.0206679878182396,17.68,17.89,16.5,16.8,0.9910714285714284,0.8160593349679065
301151,冠龙节能,2026-06-30,16.48,16.73,16.18,16.35,2424600.0,40130158.0,0.0143654007775884,16.63,16.88,16.32,16.5,0.990909090909091,0.5964416594647267
301151,冠龙节能,2026-07-01,16.32,18.36,16.23,17.84,6420182.0,113208935.0,0.0380386403922542,16.47,18.52,16.38,18.0,0.991111111111111,1.6741619362067466
301151,冠龙节能,2026-07-02,17.85,18.81,17.59,17.66,4798300.0,87982460.0,0.0284292264914224,18.01,18.98,17.75,17.82,0.9910213243546576,1.1208941700047665
301151,冠龙节能,2026-07-03,18.04,18.41,17.64,18.0,2989100.0,54436773.0,0.0177099808068505,18.2,18.57,17.8,18.16,0.9911894273127754,0.6966009713215083
301151,冠龙节能,2026-07-06,18.05,19.84,18.05,18.76,8256502.0,157965465.0,0.0489185681147244,18.21,20.02,18.21,18.93,0.9910195456946648,2.051759953114569
301151,冠龙节能,2026-07-07,18.4,21.19,18.24,20.18,12249390.0,248026046.0,0.0725758461729706,18.56,21.38,18.4,20.36,0.9911591355599214,2.4608352133041667
301151,冠龙节能,2026-07-08,19.98,23.09,19.98,21.58,15674709.0,343638430.0,0.092870360825321,20.16,23.3,20.16,21.77,0.9912723932016536,2.257726927590134
301151,冠龙节能,2026-07-09,19.96,22.3,19.6,21.22,11885575.0,251893288.0,0.0704202954495943,20.14,22.5,19.78,21.41,0.99112564222326,1.351616485816583
301151,冠龙节能,2026-07-10,21.03,23.37,20.6,22.78,14343368.0,322045879.0,0.0849823599028449,21.22,23.58,20.78,22.98,0.9912967798085291,1.404690085310674
301151,冠龙节能,2026-07-13,21.65,22.4,18.23,20.04,10777022.0,227743526.0,0.0638522808788617,21.84,22.6,18.39,20.22,0.9910979228486648,0.8634113718247964
301151,冠龙节能,2026-07-14,20.02,20.6,19.17,20.32,8816970.0,176471055.0,0.0522392591330423,20.2,20.78,19.34,20.5,0.991219512195122,0.6789589796184399
301151,冠龙节能,2026-07-15,20.22,20.7,19.5,20.13,6549820.0,132857726.0,0.0388067266027652,20.4,20.88,19.67,20.31,0.9911373707533236,0.532526091568646
301151,冠龙节能,2026-07-16,19.76,20.15,19.53,20.03,4951664.0,99065641.0,0.0293378857856788,19.94,20.33,19.7,20.21,0.9910935180603662,0.4727328169006958
301151,冠龙节能,2026-07-17,19.83,20.23,18.63,18.81,6313470.0,124105840.0,0.0374063873823647,20.01,20.41,18.8,18.98,0.9910432033719704,0.6947216790990545
301151,冠龙节能,2026-07-20,19.15,19.43,17.0,17.4,7037177.0,129093335.0,0.0416942456272489,19.32,19.6,17.15,17.56,0.9908883826879272,0.9405740808629037
301151,冠龙节能,2026-07-21,17.1,17.71,15.95,17.23,8756188.0,148370271.0,0.0518791346630005,17.25,17.87,16.09,17.38,0.9913693901035674,1.3003299375293684
301151,冠龙节能,2026-07-22,17.03,19.98,16.9,18.94,8444821.0,157594727.0,0.0500343306772233,17.18,20.16,17.05,19.11,0.991104133961277,1.2563587307059303
301151,冠龙节能,2026-07-23,18.69,19.21,17.26,17.52,6656784.0,121357653.0,0.0394404726758387,18.86,19.38,17.41,17.68,0.990950226244344,0.9374875363768796
301151,冠龙节能,2026-07-24,17.22,17.57,16.81,16.83,4082427.0,70346393.0,0.0241877835520284,17.37,17.73,16.96,16.98,0.9911660777385156,0.5485888416714058
301151,冠龙节能,2026-07-27,16.81,17.06,16.4,17.02,3551826.0,59995393.0,0.0210440501452854,16.96,17.21,16.55,17.17,0.9912638322655792,0.5077316073577459
301151,冠龙节能,2026-07-28,16.92,17.16,16.35,16.46,3595936.0,60458312.0,0.0213053954510263,17.07,17.31,16.5,16.61,0.9909692956050572,0.5709276558277604
301151,冠龙节能,2026-07-29,16.39,16.47,15.68,15.85,5207962.0,83981345.0,0.0308564139917723,16.54,16.62,15.82,15.99,0.9912445278298936,0.9889113518053498
301151,冠龙节能,2026-07-30,15.69,15.85,14.55,14.6,5363600.0,81666056.0,0.0317785464038083,15.83,15.99,14.68,14.73,0.9911744738628648,1.1612069919226877
301151,冠龙节能,2026-07-31,14.97,15.59,14.87,15.16,4174111.0,64155898.0,0.0247309978574365,15.1,15.73,15.0,15.3,0.9908496732026144,0.9572880178293935
301151,冠龙节能,2026-08-03,15.16,15.53,15.11,15.44,2733986.0,42418098.0,0.0161984676277802,15.3,15.67,15.25,15.58,0.9910141206675224,0.6243848898082919
301151,冠龙节能,2026-08-04,15.46,15.73,15.36,15.63,2672786.0,42050282.0,0.0158358665688062,15.6,15.87,15.5,15.77,0.991122384273938,0.6340950279221061
301151,冠龙节能,2026-08-05,15.66,15.94,15.56,15.88,3734703.0,59529707.0,0.0221275696528343,15.8,16.08,15.7,16.02,0.9912609238451936,0.9266128750134289
301151,冠龙节能,2026-08-06,15.92,17.78,15.86,16.91,8879163.0,151884468.0,0.0526077435719438,16.06,17.94,16.0,17.06,0.9912075029308324,2.3767531947055938
301151,冠龙节能,2026-08-07,16.67,17.43,16.14,17.25,7762549.0,131467504.0,0.0459919687538846,16.82,17.59,16.28,17.4,0.9913793103448276,1.7487354779276847
301151,冠龙节能,2026-08-10,17.25,17.77,17.11,17.4,5313424.0,93175329.0,0.0314812609342808,17.4,17.93,17.26,17.56,0.9908883826879272,1.030404813803662
301151,冠龙节能,2026-08-11,17.15,17.4,16.93,17.25,3346924.0,58152630.0,0.0198300357304832,17.3,17.56,17.08,17.4,0.9913793103448276,0.5900236667092696
301151,冠龙节能,2026-08-12,17.18,17.34,17.1,17.23,2490037.0,43257374.0,0.0147531054425571,17.33,17.5,17.25,17.38,0.9913693901035674,0.42877317282232874
301151,冠龙节能,2026-08-13,17.23,17.24,16.85,16.86,3351421.0,57700309.0,0.0198566797984931,17.38,17.39,17.0,17.01,0.9911816578483243,0.6029449666932293
301151,冠龙节能,2026-08-14,16.81,17.07,16.77,16.94,2483737.0,42407111.0,0.0147157788629569,16.96,17.22,16.92,17.09,0.9912229373902868,0.5577832818422093
301151,冠龙节能,2026-08-17,16.91,17.38,16.65,17.3,3072701.0,53174245.0,0.018205304518146,17.06,17.54,16.8,17.45,0.9914040114613182,0.90450478974973
301151,冠龙节能,2026-08-18,17.26,17.29,16.71,16.82,3009347.0,51237556.0,0.017829941323861,17.41,17.44,16.86,16.97,0.9911608721272837,1.0204760044544456
301151,冠龙节能,2026-08-19,16.95,16.95,15.59,15.67,4511914.0,72962663.0,0.0267324312810411,17.1,17.1,15.73,15.81,0.991144845034788,1.565849205153269
301151,冠龙节能,2026-08-20,15.87,16.34,15.68,16.14,2861500.0,46465449.0,0.0169539694485974,16.01,16.49,15.82,16.28,0.9914004914004914,0.870862225122222
301151,冠龙节能,2026-08-21,16.14,16.2,15.81,16.11,1948000.0,31515150.0,0.0115416154065587,16.28,16.34,15.95,16.25,0.9913846153846152,0.6110721122184372
301151,冠龙节能,2026-08-24,16.35,16.37,15.85,16.19,2174754.0,35214952.0,0.0128850997288887,16.5,16.52,15.99,16.33,0.9914268218003676,0.7059302642483878
301151,冠龙节能,2026-08-25,16.15,16.97,15.92,16.86,3336147.0,55695510.0,0.0197661835799511,16.29,17.12,16.06,17.01,0.9911816578483243,1.1499581366121783
301151,冠龙节能,2026-08-26,16.89,17.24,16.72,16.79,2735200.0,46655675.0,0.0162056604004207,17.04,17.39,16.87,16.94,0.9911452184179456,0.9220408277467138
301151,冠龙节能,2026-08-27,16.75,17.07,16.6,17.0,1954454.0,33376422.0,0.0115798544136603,16.9,17.22,16.75,17.15,0.9912536443148688,0.7485116924146196
301151,冠龙节能,2026-08-28,16.86,17.85,16.86,17.13,2963230.0,51887102.0,0.0175567048363332,17.01,18.01,17.01,17.28,0.9913194444444444,1.219581258841072
301151,冠龙节能,2026-08-31,17.83,20.56,17.7,20.56,8484174.0,169487559.0,0.050267491452939,17.99,20.74,17.86,20.74,0.991321118611379,3.2225435161695515
301151,冠龙节能,2026-09-01,20.96,21.55,20.0,21.34,18281790.0,385088412.0,0.108316934868312,21.15,21.74,20.18,21.53,0.9911751045053412,4.6940886207483565
301151,冠龙节能,2026-09-02,20.9,22.29,20.7,22.1,14374595.0,315052499.0,0.0851673753157302,21.09,22.49,20.88,22.3,0.9910313901345292,2.088186536632487
301151,冠龙节能,2026-09-03,21.88,22.59,21.47,22.26,13398183.0,298717876.0,0.0793822768648325,22.08,22.79,21.66,22.46,0.9910952804986644,1.4544826427703723
301151,冠龙节能,2026-09-04,22.25,22.75,21.77,21.93,10478080.0,234296035.0,0.0620810932028517,22.45,22.95,21.96,22.13,0.990962494351559,0.9111061443249285
301151,冠龙节能,2026-09-07,22.04,22.04,21.16,21.6,7963457.0,172706610.0,0.047182319302191,22.24,22.24,21.35,21.79,0.9912804038549794,0.612415122350951
301151,冠龙节能,2026-09-08,21.81,22.64,21.4,22.38,8890207.0,197846132.0,0.0526731776584684,22.0,22.84,21.59,22.58,0.991142604074402,0.6892049527642018
301151,冠龙节能,2026-09-09,22.35,22.82,22.01,22.45,6064600.0,135553533.0,0.0359318689910761,22.35,22.82,22.01,22.45,1.0,0.5502815177309768
301151,冠龙节能,2026-09-10,21.95,22.76,21.85,21.94,4516800.0,99927462.0,,21.95,22.76,21.85,21.94,1.0,0.48262054235530577
301489,思泉新材,2026-03-20,132.06,132.58,125.77,125.79,2759889.0,496910240.0,0.0579800671637859,185.01,185.74,176.2,176.23,0.7137831243261648,0.8064019317959888
301489,思泉新材,2026-03-23,122.32,125.19,115.81,117.32,3202437.0,538842626.0,0.0672771667077165,171.36,175.38,162.24,164.36,0.7137989778534922,0.9285525030005666
301489,思泉新材,2026-03-24,119.2,122.77,117.2,120.96,2907204.0,488316166.0,0.0610748777138598,167.0,172.0,164.19,169.46,0.7137967661985128,0.8533594052980772
301489,思泉新材,2026-03-25,121.75,125.63,120.99,123.14,2004865.0,346294505.0,0.042118435688654,170.57,176.0,169.5,172.52,0.713772316253188,0.598156122995147
301489,思泉新材,2026-03-26,122.26,126.44,119.67,120.63,1993708.0,342328934.0,0.0418840481428699,171.28,177.14,167.65,169.0,0.7137869822485207,0.6288371703380807
301489,思泉新材,2026-03-27,118.28,127.77,116.36,125.56,3398502.0,587200949.0,0.0713961228934427,165.71,179.0,163.02,175.9,0.7138146674246731,1.3205139871821043
301489,思泉新材,2026-03-30,123.63,125.14,121.85,124.44,2119854.0,366023062.0,0.0445341378937414,173.2,175.31,170.71,174.34,0.7137776758058965,0.7847407171365711
301489,思泉新材,2026-03-31,124.19,124.77,117.06,117.69,2821632.0,474232224.0,0.0567726548361731,173.99,174.79,164.0,164.88,0.7137918486171762,1.1355448303716644
301489,思泉新材,2026-04-01,121.37,129.04,119.2,125.94,4687127.0,817551950.0,0.0943073523919163,170.04,180.78,167.0,176.44,0.713783722511902,1.8993815405216214
301489,思泉新材,2026-04-02,125.68,125.68,117.09,118.39,3423600.0,575888644.0,0.0688845537253342,176.07,176.07,164.04,165.86,0.7137947666706861,1.1396179823169477
301489,思泉新材,2026-04-03,119.28,120.15,115.85,117.46,2067578.0,342653425.0,0.0416007091431005,167.1,168.32,162.3,164.55,0.713825584928593,0.6284158469707851
301489,思泉新材,2026-04-07,117.49,119.81,115.41,116.02,1644365.0,270651996.0,0.0330854507496667,164.6,167.85,161.68,162.54,0.7137935277470161,0.5437790112310414
301489,思泉新材,2026-04-08,120.35,132.05,119.7,130.13,5753652.0,1020800531.0,0.1157663717463713,168.6,185.0,167.7,182.3,0.7138233680746022,1.9644678182681565
301489,思泉新材,2026-04-09,128.47,134.19,127.77,132.14,3356150.0,620591612.0,0.0675274258047904,179.98,188.0,179.0,185.12,0.7138072601555747,0.9547361501456334
301489,思泉新材,2026-04-10,137.05,137.33,131.85,133.23,3727505.0,701002589.0,0.074999275158883,192.0,192.39,184.71,186.65,0.7137958746316635,1.1472532593182847
301489,思泉新材,2026-04-13,133.13,147.09,133.12,141.33,5628699.0,1114712460.0,0.1132522545476209,186.51,206.06,186.5,198.0,0.7137878787878789,1.7005903590797167
301489,思泉新材,2026-04-14,141.24,143.35,138.49,140.04,4468895.0,877537824.0,0.0899164148032415,197.87,200.83,194.02,196.19,0.7137978490239054,1.1110921325121252
301489,思泉新材,2026-04-15,143.48,153.32,141.17,141.69,5605834.0,1147370452.0,0.1127921992488332,201.01,214.79,197.77,198.5,0.7138035264483628,1.2221186391866266
301489,思泉新材,2026-04-16,140.75,151.33,140.75,149.01,4438128.0,918265109.0,0.0892973672905451,197.19,212.0,197.19,208.75,0.7138203592814371,0.9738253904635359
301489,思泉新材,2026-04-17,144.2,159.66,144.2,156.47,5217520.0,1134801911.0,0.1049791262860748,202.02,223.67,202.02,219.2,0.7138229927007299,1.09294622021369
301489,思泉新材,2026-04-20,156.47,159.24,152.13,156.32,4493446.0,983773814.0,0.0904103932699171,219.2,223.09,213.13,219.0,0.7137899543378995,0.8859640627284685
301489,思泉新材,2026-04-21,149.91,154.75,148.47,153.76,4207189.0,897374996.0,0.0846507584715315,210.01,216.8,208.0,215.41,0.7138015876700246,0.868399054930347
301489,思泉新材,2026-04-22,152.8,158.46,150.61,156.52,4460695.0,960518414.0,0.0897514266794689,214.07,222.0,211.0,219.28,0.7137905873768698,0.9307806568175925
301489,思泉新材,2026-04-23,155.62,157.54,146.37,149.18,3899531.0,825071997.0,0.0784605247906024,218.01,220.71,205.06,208.99,0.7138140580889037,0.8545239864805936
301489,思泉新材,2026-04-24,149.18,156.92,148.91,152.67,4080994.0,883129411.0,0.0821116516081804,208.99,219.84,208.62,213.89,0.7137781102435832,0.9159090151120047
301489,思泉新材,2026-04-27,155.42,164.09,153.54,161.33,5344915.0,1203784376.0,0.1075423777529048,217.74,229.88,215.1,226.01,0.7138179726560773,1.264060083658695
301489,思泉新材,2026-04-28,163.46,164.17,156.68,157.75,3208909.0,716419138.0,0.0645648628374251,229.0,230.0,219.5,221.0,0.7138009049773756,0.7295188758188621
301489,思泉新材,2026-04-29,154.25,157.04,150.61,155.24,2322139.0,502202254.0,0.0467226044815965,216.1,220.0,211.0,217.48,0.713812764392128,0.5530207509924724
301489,思泉新材,2026-04-30,156.89,165.49,153.74,163.86,3917912.0,880383881.0,0.0788303597543906,219.8,231.84,215.38,229.56,0.713800313643492,1.0388763803736942
301489,思泉新材,2026-05-06,167.14,168.5,159.3,163.46,3954346.0,905334059.0,0.0795634301570161,234.15,236.06,223.17,229.0,0.7137991266375546,1.0475161443504588
301489,思泉新材,2026-05-07,162.45,173.83,157.76,172.32,4011112.0,934309473.0,0.080705590624586,227.59,243.53,221.02,241.41,0.7138063874735926,1.0697313627783671
301489,思泉新材,2026-05-08,169.17,171.89,165.24,169.21,3165900.0,744517098.0,0.063699500128238,237.0,240.81,231.49,237.06,0.7137855395258584,0.908988172903625
301489,思泉新材,2026-05-11,172.96,179.73,166.17,166.98,4063328.0,975664100.0,0.0817562028039651,242.31,251.79,232.8,233.93,0.7138032744838199,1.169544738714056
301489,思泉新材,2026-05-12,166.98,167.31,161.32,164.1,3701138.0,849527180.0,0.0744687578589426,233.93,234.4,226.0,229.9,0.7137886037407568,0.9682456566082748
301489,思泉新材,2026-05-13,162.75,169.09,160.36,164.73,3641587.0,838483940.0,0.0732705617907988,228.0,236.88,224.65,230.78,0.7137966894878238,0.9635957129998671
301489,思泉新材,2026-05-14,169.04,177.64,167.74,171.17,5365762.0,1298076574.0,0.1079618298768422,236.81,248.87,235.0,239.8,0.7138031693077563,1.4437236268613385
301489,思泉新材,2026-05-15,171.33,173.92,163.69,167.56,3373039.0,793324300.0,0.0678672409782532,240.03,243.65,229.32,234.74,0.7138110249637897,0.8458940756250152
301489,思泉新材,2026-05-18,168.57,193.44,165.6,186.3,5594733.0,1433419772.0,0.1125688415461503,236.16,271.0,232.0,261.0,0.713793103448276,1.3886258495593962
301489,思泉新材,2026-05-19,189.16,201.98,174.08,199.86,6938421.0,1830943571.0,0.1396045198456266,265.0,282.96,243.88,280.0,0.7137857142857144,1.6004655139062511
301489,思泉新材,2026-05-20,198.65,207.72,191.08,199.86,5053774.0,1405754819.0,0.10168447441836,278.3,291.0,267.69,279.99,0.7138112075431265,1.014262444095665
301489,思泉新材,2026-05-21,199.91,204.85,190.59,191.08,4110718.0,1139149021.0,0.0827097134363531,280.07,286.98,267.01,267.69,0.7138107512421085,0.7807415323617439
301489,思泉新材,2026-05-22,191.08,194.15,185.37,192.37,3237006.0,865017268.0,0.0651301886073809,267.69,272.0,259.69,269.5,0.7138033395176252,0.6455758987040043
301489,思泉新材,2026-05-25,192.01,192.43,174.88,186.57,5155852.0,1331792607.0,0.1037383351132936,269.0,269.58,245.0,261.38,0.7137883541204376,1.033872860948691
301489,思泉新材,2026-05-26,187.1,188.33,174.88,177.66,4668882.0,1170081567.0,0.0939402538165223,262.12,263.84,245.0,248.89,0.7138093133512797,0.9529975602727507
301489,思泉新材,2026-05-27,178.45,187.01,174.88,178.15,3917890.0,987498991.0,0.0788299171033268,250.0,261.99,245.0,249.58,0.7137991826268131,0.8813662162799344
301489,思泉新材,2026-05-28,177.35,179.58,167.44,179.38,4319081.0,1058084962.0,0.0869020817819168,248.46,251.58,234.58,251.3,0.713808197373657,1.0239473051843433
301489,思泉新材,2026-05-29,178.45,179.21,155.67,157.54,5837615.0,1343408136.0,0.1174557495312878,250.0,251.07,218.08,220.71,0.7137873227311856,1.3704150922560525
301489,思泉新材,2026-06-01,161.48,167.4,154.03,154.18,6269660.0,1009826207.0,0.0901062240405089,161.48,167.4,154.03,154.18,1.0,1.3116816712776764
301489,思泉新材,2026-06-02,157.39,170.88,152.8,170.0,7852216.0,1270633944.0,0.1128503832919917,157.39,170.88,152.8,170.0,1.0,1.569618961690837
301489,思泉新材,2026-06-03,169.99,182.0,150.0,154.6,13129796.0,2168653715.0,0.188698643942762,169.99,182.0,150.0,154.6,1.0,2.3282701212655685
301489,思泉新材,2026-06-04,154.0,163.0,143.51,150.26,13275289.0,2008498207.0,0.1907896384870157,154.0,163.0,143.51,150.26,1.0,1.774374252306329
301489,思泉新材,2026-06-05,150.0,155.39,146.47,152.21,7923114.0,1205480456.0,0.1138693143140924,150.0,155.39,146.47,152.21,1.0,0.854436154015514
301489,思泉新材,2026-06-08,144.88,148.88,132.66,137.0,8414866.0,1179031505.0,0.1209366697822307,144.88,148.88,132.66,137.0,1.0,0.868405879660661
301489,思泉新材,2026-06-09,139.96,144.99,137.0,144.08,5857989.0,829764343.0,0.0841897757232189,139.96,144.99,137.0,144.08,1.0,0.5789066573224487
301489,思泉新材,2026-06-10,142.65,147.6,138.86,141.5,4178121.0,595468182.0,0.060047069042716,142.65,147.6,138.86,141.5,1.0,0.42983851749387986
301489,思泉新材,2026-06-11,141.4,142.0,135.0,139.17,3947134.0,547043652.0,0.0567273728594389,141.4,142.0,135.0,139.17,1.0,0.49775483242751417
301489,思泉新材,2026-06-12,142.0,147.68,140.85,144.19,6510353.0,934062444.0,0.0935654127976316,142.0,147.68,140.85,144.19,1.0,1.0735636859514643
301489,思泉新材,2026-06-15,144.19,148.98,142.6,146.0,8509542.0,1237418132.0,0.1222973331782138,144.19,148.98,142.6,146.0,1.0,1.4718080999325354
301489,思泉新材,2026-06-16,146.0,155.8,144.04,153.04,9048651.0,1370271922.0,0.1300452934083147,146.0,155.8,144.04,153.04,1.0,1.5599433909550273
301489,思泉新材,2026-06-17,150.0,159.44,149.9,159.0,7613768.0,1190384860.0,0.1094234591988173,150.0,159.44,149.9,159.0,1.0,1.1824897594415769
301489,思泉新材,2026-06-18,159.05,176.66,157.0,171.51,11236168.0,1877319741.0,0.161483823870002,159.05,176.66,157.0,171.51,1.0,1.5768091607818342
301489,思泉新材,2026-06-22,176.8,176.8,154.51,158.15,12886353.0,2077391316.0,0.1851999327687759,176.8,176.8,154.51,158.15,1.0,1.5012591778059625
301489,思泉新材,2026-06-23,166.9,169.9,159.16,165.45,13661770.0,2252683747.0,0.1963440614658375,166.9,169.9,159.16,165.45,1.0,1.3857301512976645
301489,思泉新材,2026-06-24,160.5,175.89,154.0,173.05,13381506.0,2217642657.0,0.1923161666877333,160.5,175.89,154.0,173.05,1.0,1.2288626805917198
301489,思泉新材,2026-06-25,171.73,182.98,171.04,176.65,10764836.0,1920133626.0,0.1547099403118088,171.73,182.98,171.04,176.65,1.0,0.9156954461980111
301489,思泉新材,2026-06-26,176.0,185.0,170.22,170.32,9082744.0,1604374524.0,0.1305352707749045,176.0,185.0,170.22,170.32,1.0,0.7332997871990102
301489,思泉新材,2026-06-29,170.3,170.3,152.2,154.45,10966927.0,1753692650.0,0.1576143493104739,170.3,170.3,152.2,154.45,1.0,0.917316748595606
301489,思泉新材,2026-06-30,152.51,165.7,149.8,164.58,7819649.0,1243159623.0,0.1123823340435439,152.51,165.7,149.8,164.58,1.0,0.6757646590087975
301489,思泉新材,2026-07-01,166.41,181.39,165.15,167.44,8931601.0,1547135025.0,0.1283630719391179,166.41,181.39,165.15,167.44,1.0,0.858549200046709
301489,思泉新材,2026-07-02,164.08,178.0,158.0,163.52,9041785.0,1522779519.0,0.1299466129771176,164.08,178.0,158.0,163.52,1.0,0.9504510776523539
301489,思泉新材,2026-07-03,163.75,174.76,163.0,166.24,7496072.0,1273041469.0,0.1077319541476166,163.75,174.76,163.0,166.24,1.0,0.8175861171895046
301489,思泉新材,2026-07-06,167.42,185.0,164.68,176.57,10907575.0,1952181347.0,0.1567613504461656,167.42,185.0,164.68,176.57,1.0,1.2323263083176408
301489,思泉新材,2026-07-07,176.57,185.0,165.6,169.19,6795608.0,1179739886.0,0.0976650343621535,176.57,185.0,165.6,169.19,1.0,0.7687916482056277
301489,思泉新材,2026-07-08,171.36,175.0,159.0,159.01,6169319.0,1018410220.0,0.0886641419172628,171.36,175.0,159.0,159.01,1.0,0.7144940472833247
301489,思泉新材,2026-07-09,161.92,163.57,149.5,162.22,7092523.0,1114682526.0,0.1019322336587637,161.92,163.57,149.5,162.22,1.0,0.8775624834216396
301489,思泉新材,2026-07-10,162.42,165.98,153.9,154.0,5354253.0,857322587.0,0.0769501865364605,162.42,165.98,153.9,154.0,1.0,0.6960608793867735
301489,思泉新材,2026-07-13,152.5,156.5,135.72,136.68,7108741.0,1031189638.0,0.1021653153090422,152.5,156.5,135.72,136.68,1.0,0.978645693342252
301489,思泉新材,2026-07-14,138.02,146.0,133.36,145.34,6606197.0,923496090.0,0.0949428597129433,138.02,146.0,133.36,145.34,1.0,1.0156990784012667
301489,思泉新材,2026-07-15,146.5,150.53,138.32,140.5,4570850.0,650094616.0,0.0656912850644489,146.5,150.53,138.32,140.5,1.0,0.7068827649274306
301489,思泉新材,2026-07-16,139.0,144.4,133.02,136.6,5445901.0,758592533.0,0.0782673321206706,139.0,144.4,133.02,136.6,1.0,0.8860147496967712
301489,思泉新材,2026-07-17,135.24,137.66,116.01,116.62,7562705.0,935418943.0,0.1086895894665834,135.24,137.66,116.01,116.62,1.0,1.3000618993189217
301489,思泉新材,2026-07-20,122.0,127.96,108.35,112.47,10245572.0,1219421674.0,0.1472471839811711,122.0,127.96,108.35,112.47,1.0,1.636966032957852
301489,思泉新材,2026-07-21,114.72,120.9,96.06,120.0,9476391.0,1035011511.0,0.1361926780715136,114.72,120.9,96.06,120.0,1.0,1.3761332918012648
301489,思泉新材,2026-07-22,118.04,121.45,111.88,113.0,8370241.0,981158754.0,0.1202953252872306,118.04,121.45,111.88,113.0,1.0,1.1219735367171957
301489,思泉新材,2026-07-23,113.82,116.76,107.34,108.18,5257264.0,583289158.0,0.0755562812350142,113.82,116.76,107.34,108.18,1.0,0.6395572252712295
301489,思泉新材,2026-07-24,106.0,110.5,103.71,106.51,4574625.0,490610812.0,0.0657455385624018,106.0,110.5,103.71,106.51,1.0,0.5590787123431454
301489,思泉新材,2026-07-27,106.7,111.0,102.8,110.6,4452548.0,480422910.0,0.0639910738552221,106.7,111.0,102.8,110.6,1.0,0.5870342106797386
301489,思泉新材,2026-07-28,108.3,109.67,99.84,100.63,4846184.0,504619438.0,0.0696483268142186,108.3,109.67,99.84,100.63,1.0,0.75412741480839
301489,思泉新材,2026-07-29,100.29,101.06,90.44,95.3,7635331.0,725118906.0,0.1097333549082607,100.29,101.06,90.44,95.3,1.0,1.388198486287448
301489,思泉新材,2026-07-30,94.95,96.88,83.96,86.02,7059566.0,626947397.0,0.1014585826569,94.95,96.88,83.96,86.02,1.0,1.3187586228952364
301489,思泉新材,2026-07-31,92.8,95.98,88.84,89.06,6056358.0,559059620.0,0.0870406904252722,92.8,95.98,88.84,89.06,1.0,1.059980424424958
301489,思泉新材,2026-08-03,89.39,89.95,83.33,84.74,5288623.0,452083330.0,0.0760069661203935,89.39,89.95,83.33,84.74,1.0,0.8799709297711177
301489,思泉新材,2026-08-04,85.42,90.25,84.0,89.45,5405179.0,476954188.0,0.0776820841885804,85.42,90.25,84.0,89.45,1.0,0.8750191267504416
301489,思泉新材,2026-08-05,88.97,97.77,88.53,96.7,6410606.0,602645163.0,0.0921318674167532,88.97,97.77,88.53,96.7,1.0,1.0193344537426026
301489,思泉新材,2026-08-06,95.0,99.92,93.0,98.05,5803386.0,563145256.0,0.0834050305884095,95.0,99.92,93.0,98.05,1.0,0.9601790609050886
301489,思泉新材,2026-08-07,99.0,103.1,95.37,102.5,6197269.0,622358563.0,0.0890658333789278,99.0,103.1,95.37,102.5,1.0,1.0698170966648703
301489,思泉新材,2026-08-10,104.03,104.96,97.34,99.8,5643527.0,562945792.0,0.0811075710044989,104.03,104.96,97.34,99.8,1.0,0.9695094973682071
301489,思泉新材,2026-08-11,98.0,100.8,96.77,99.02,3945882.0,390797960.0,0.0567093777508948,98.0,100.8,96.77,99.02,1.0,0.6697023795036837
301489,思泉新材,2026-08-12,99.5,104.35,97.63,103.4,5372839.0,546995939.0,0.0772173005796271,99.5,104.35,97.63,103.4,1.0,0.9594125783418754
301489,思泉新材,2026-08-13,104.8,108.32,103.7,104.21,6466630.0,687751960.0,0.0929370324417378,104.8,108.32,103.7,104.21,1.0,1.1991716915645174
301489,思泉新材,2026-08-14,107.75,121.0,107.6,119.8,13728701.0,1586004624.0,0.1973059739338602,107.75,121.0,107.6,119.8,1.0,2.4847295933088316
301489,思泉新材,2026-08-17,120.0,120.0,114.5,119.6,10093328.0,1190194916.0,0.1450591655593563,120.0,120.0,114.5,119.6,1.0,1.435441274269767
301489,思泉新材,2026-08-18,120.55,120.8,114.0,118.23,7587081.0,889398434.0,0.1090399161595904,120.55,120.8,114.0,118.23,1.0,0.957786276193982
301489,思泉新材,2026-08-19,114.85,115.2,101.61,102.26,8597846.0,923910866.0,0.1235664159896369,114.85,115.2,101.61,102.26,1.0,0.9940032943047677
301489,思泉新材,2026-08-20,104.5,106.79,100.73,102.05,5497247.0,569363510.0,0.0790052659235561,104.5,106.79,100.73,102.05,1.0,0.5914377900599278
301489,思泉新材,2026-08-21,101.9,108.8,99.8,105.25,5321729.0,559478997.0,0.0764827585186004,101.9,108.8,99.8,105.25,1.0,0.5847513690109022
301489,思泉新材,2026-08-24,105.84,121.0,105.0,113.99,12234855.0,1413268361.0,0.1758367366085516,105.84,121.0,105.0,113.99,1.0,1.649025367958056
301489,思泉新材,2026-08-25,114.0,119.65,109.8,117.99,9558841.0,1103439765.0,0.1373776319539564,114.0,119.65,109.8,117.99,1.0,1.2180356218206498
301489,思泉新材,2026-08-26,120.11,121.0,110.46,114.47,8182102.0,931198492.0,0.1175914315517677,120.11,121.0,110.46,114.47,1.0,0.9927201109192562
301489,思泉新材,2026-08-27,117.01,123.0,114.0,122.18,9630788.0,1147177152.0,0.138411638951896,117.01,123.0,114.0,122.18,1.0,1.1803948221406988
301489,思泉新材,2026-08-28,120.51,121.95,115.5,115.88,7043586.0,835988870.0,0.1012289214920554,120.51,121.95,115.5,115.88,1.0,0.7838693705739911
301489,思泉新材,2026-08-31,113.0,122.5,112.55,120.6,6658984.0,794729381.0,0.09570150326167,113.0,122.5,112.55,120.6,1.0,0.713714839036392
301489,思泉新材,2026-09-01,121.0,121.5,114.7,117.35,5189175.0,606061882.0,0.0745777205933932,121.0,121.5,114.7,117.35,1.0,0.6316814740194848
301489,思泉新材,2026-09-02,115.69,118.9,114.31,117.0,4054832.0,473345054.0,0.0582751840030737,115.69,118.9,114.31,117.0,1.0,0.5523596679274975
301489,思泉新材,2026-09-03,120.12,140.4,119.22,140.4,15621882.0,2094119070.0,0.2245143690353399,120.12,140.4,119.22,140.4,1.0,2.397658926681148
301489,思泉新材,2026-09-04,139.59,141.51,129.63,131.0,13851082.0,1868123577.0,0.1990648076644513,139.59,141.51,129.63,131.0,1.0,1.7956488746413228
301489,思泉新材,2026-09-07,131.0,139.77,127.73,138.91,14210948.0,1907274310.0,0.2042367253583163,131.0,139.77,127.73,138.91,1.0,1.5659117257146433
301489,思泉新材,2026-09-08,138.96,139.32,132.51,134.81,9495984.0,1285087365.0,0.1364742645047301,138.96,139.32,132.51,134.81,1.0,0.8970675759989731
301489,思泉新材,2026-09-09,134.74,136.28,128.2,129.86,7860731.0,1029617098.0,0.1129727558191475,134.74,136.28,128.2,129.86,1.0,0.686709911506874
301489,思泉新材,2026-09-10,127.22,128.41,124.27,124.9,5514409.0,694822722.0,,127.22,128.41,124.27,124.9,1.0,0.4516998981678219
600150,中国船舶,2026-03-20,33.99,34.02,32.78,32.78,97072399.0,3264406394.0,0.0159883310895623,34.38,34.41,33.15,33.15,0.9888386123680242,1.2406726206267602
600150,中国船舶,2026-03-23,32.12,32.13,30.48,30.78,138416124.0,4363084369.0,0.0227978585204833,32.49,32.5,30.83,31.13,0.9887568262126568,1.6911234828827975
600150,中国船舶,2026-03-24,31.16,31.37,30.75,31.22,77408427.0,2432859360.0,0.0127495722033017,31.52,31.73,31.1,31.58,0.9886003799873336,0.8294725322524087
600150,中国船舶,2026-03-25,31.45,31.7,31.28,31.49,71482594.0,2274434028.0,0.0117735565597051,31.81,32.06,31.64,31.85,0.9886970172684456,0.7704619579814393
600150,中国船舶,2026-03-26,31.49,31.49,30.18,30.32,83268838.0,2587542862.0,0.0137148125018227,31.85,31.85,30.52,30.67,0.9885881969351156,0.8961832577604354
600150,中国船舶,2026-03-27,29.95,30.63,29.66,30.49,52924162.0,1625916806.0,0.0087168858852827,30.29,30.98,30.0,30.84,0.988651102464332,0.565854219078641
600150,中国船舶,2026-03-30,30.01,30.43,29.82,30.21,56715398.0,1725345810.0,0.0093413222547461,30.35,30.78,30.16,30.55,0.9888707037643208,0.6696030529104069
600150,中国船舶,2026-03-31,30.55,31.17,30.46,30.49,82588127.0,2572391148.0,0.0136026958450137,30.9,31.53,30.81,30.84,0.988651102464332,1.2081373227846242
600150,中国船舶,2026-04-01,30.95,31.09,30.53,30.7,57389820.0,1785576951.0,0.0094524030804099,31.3,31.44,30.88,31.05,0.9887278582930756,0.8269924162208735
600150,中国船舶,2026-04-02,30.65,30.86,30.27,30.55,47942673.0,1482401612.0,0.0078964086304555,31.0,31.21,30.62,30.9,0.988673139158576,0.7201057315823514
600150,中国船舶,2026-04-03,30.56,30.65,30.06,30.17,36458329.0,1115800254.0,0.006004877195053,30.91,31.0,30.4,30.51,0.988856112749918,0.6126211007131398
600150,中国船舶,2026-04-07,30.21,31.93,30.21,31.62,112541962.0,3567139143.0,0.0185362489076317,30.55,32.29,30.55,31.98,0.9887429643527204,2.0018538828886516
600150,中国船舶,2026-04-08,31.9,32.06,31.45,32.05,101929841.0,3277265182.0,0.0167883771556366,32.26,32.43,31.81,32.42,0.988587291795188,1.5126671820022473
600150,中国船舶,2026-04-09,31.79,31.97,31.55,31.87,55274455.0,1775491629.0,0.0091039914171186,32.15,32.33,31.91,32.23,0.9888302823456409,0.775754332916623
600150,中国船舶,2026-04-10,31.94,32.51,31.94,32.28,60043928.0,1964076786.0,0.0098895485294624,32.3,32.88,32.3,32.65,0.9886676875957122,0.8477254348939478
600150,中国船舶,2026-04-13,32.0,32.46,31.87,32.29,52105045.0,1692787662.0,0.0085819730374289,32.37,32.83,32.23,32.66,0.988671157379057,0.7113345565373829
600150,中国船舶,2026-04-14,32.9,33.02,32.34,32.63,58118095.0,1912527509.0,0.0095723537764286,33.28,33.4,32.71,33.0,0.9887878787878788,0.7609167421103512
600150,中国船舶,2026-04-15,32.83,32.83,32.18,32.34,50890879.0,1667762906.0,0.0083819935560761,33.2,33.2,32.55,32.71,0.9886884744726384,0.7770279266311665
600150,中国船舶,2026-04-16,32.39,32.81,32.26,32.35,54593888.0,1791071702.0,0.0089918984778616,32.76,33.18,32.63,32.72,0.9886919315403424,0.9874726624847691
600150,中国船舶,2026-04-17,32.24,32.75,31.88,32.66,63535182.0,2076713836.0,0.0104645762968276,32.61,33.12,32.24,33.03,0.9887980623675444,1.1520355249857177
600150,中国船舶,2026-04-20,32.75,35.02,32.72,34.88,179660138.0,6198641799.0,0.0295909630289497,33.12,35.42,33.09,35.28,0.9886621315192744,3.216912881235174
600150,中国船舶,2026-04-21,35.04,36.2,35.04,35.91,149408849.0,5388907407.0,0.0246084177390364,35.44,36.61,35.44,36.32,0.9887114537444932,1.8364001562819177
600150,中国船舶,2026-04-22,35.59,36.23,35.49,36.07,90879954.0,3305023939.0,0.014968403057147,36.0,36.64,35.9,36.48,0.9887609649122808,0.9122864154525206
600150,中国船舶,2026-04-23,36.11,38.47,36.1,38.16,241955281.0,9163705942.0,0.0398512984261992,36.52,38.91,36.51,38.6,0.98860103626943,2.2483290159946714
600150,中国船舶,2026-04-24,38.16,38.76,37.58,38.36,160159919.0,6189483969.0,0.0263791751170122,38.6,39.2,38.01,38.8,0.988659793814433,1.103882130725835
600150,中国船舶,2026-04-27,38.36,38.86,37.65,37.98,108525685.0,4175744739.0,0.0178747471101599,38.8,39.3,38.08,38.41,0.9888049986982556,0.6600803975464976
600150,中国船舶,2026-04-28,38.27,41.5,38.15,40.85,262889560.0,10821818262.0,0.0432992835097168,38.71,41.97,38.59,41.32,0.9886253630203292,1.7504272650357646
600150,中国船舶,2026-04-29,40.54,41.01,40.38,40.7,112260162.0,4611467363.0,0.0184898349758915,41.0,41.48,40.84,41.16,0.9888241010689992,0.6493452770227489
600150,中国船舶,2026-04-30,42.51,42.93,41.03,41.29,253377515.0,10718901182.0,0.0417326000202235,43.0,43.42,41.5,41.76,0.9887452107279694,1.4302336974318355
600150,中国船舶,2026-05-06,40.56,41.05,39.29,40.72,224558770.0,9090515583.0,0.0369860022087728,41.02,41.52,39.74,41.18,0.9888295288975232,1.2514241868725104
600150,中国船舶,2026-05-07,40.53,41.46,39.92,40.15,125375689.0,5123026867.0,0.0206500307704767,40.99,41.93,40.38,40.61,0.98867274070426,0.6519039340049955
600150,中国船舶,2026-05-08,40.14,41.33,39.48,40.69,134081655.0,5485577000.0,0.0220839488388091,40.6,41.8,39.93,41.15,0.9888213851761848,0.6851655795425231
600150,中国船舶,2026-05-11,40.43,40.91,39.97,40.72,114518475.0,4691848515.0,0.0188617909213489,40.89,41.38,40.43,41.18,0.9888295288975232,0.6739125759988518
600150,中国船舶,2026-05-12,40.74,41.21,39.64,40.04,112820240.0,4586715908.0,0.0185820827475777,41.2,41.68,40.09,40.5,0.988641975308642,0.6621589215030098
600150,中国船舶,2026-05-13,40.14,41.57,40.14,41.3,148353985.0,6179040576.0,0.0244346761290607,40.6,42.04,40.6,41.77,0.988747905195116,1.042756574862585
600150,中国船舶,2026-05-14,41.09,41.33,39.75,39.77,100748840.0,4129964392.0,0.0165938601229927,41.56,41.8,40.2,40.22,0.9888115365489808,0.7931105488516663
600150,中国船舶,2026-05-15,40.34,41.19,39.65,40.09,100447757.0,4103393781.0,0.0165442701804444,40.8,41.66,40.1,40.55,0.9886559802712702,0.8226366976933612
600150,中国船舶,2026-05-18,39.75,40.09,37.58,37.74,154814709.0,6023217516.0,0.0254987911139009,40.2,40.55,38.01,38.17,0.98873460833115,1.3418060432485368
600150,中国船舶,2026-05-19,37.97,38.09,36.93,37.07,93241682.0,3510148778.0,0.0153573919932037,38.4,38.52,37.35,37.49,0.9887970125366764,0.7553780615119443
600150,中国船舶,2026-05-20,37.05,38.71,36.66,38.26,106249775.0,4080792203.0,0.0174998928468997,37.47,39.15,37.08,38.7,0.9886304909560722,0.888960301673053
600150,中国船舶,2026-05-21,38.21,39.98,37.89,37.97,121757334.0,4806075257.0,0.0200540688046086,38.65,40.44,38.32,38.4,0.9888020833333332,1.0959201475654947
600150,中国船舶,2026-05-22,38.99,39.03,37.63,37.97,98070965.0,3782349093.0,0.0161528001249137,39.44,39.48,38.06,38.4,0.9888020833333332,0.8505555078866396
600150,中国船舶,2026-05-25,37.9,38.5,37.23,37.47,79827874.0,3030048378.0,0.0131480677601041,38.33,38.94,37.65,37.9,0.9886543535620052,0.6952018983915206
600150,中国船舶,2026-05-26,37.31,38.26,36.69,38.25,98938087.0,3767515899.0,0.0162956196469804,37.74,38.7,37.11,38.69,0.9886275523391058,0.9910703873321005
600150,中国船舶,2026-05-27,38.07,39.54,37.18,37.59,120023221.0,4620567621.0,0.0197684513368595,38.5,39.99,37.6,38.02,0.9886901630720674,1.1887158476577822
600150,中国船舶,2026-05-28,37.32,37.94,36.66,37.75,91177061.0,3446527797.0,0.0150173381317301,37.75,38.37,37.08,38.18,0.9887375589313776,0.879039603757591
600150,中国船舶,2026-05-29,37.57,38.03,36.7,36.96,81083005.0,3051677607.0,0.0133547943909023,38.0,38.46,37.12,37.38,0.9887640449438202,0.8307051559888442
600150,中国船舶,2026-06-01,36.96,37.21,36.22,36.33,75906676.0,2815269653.0,0.0125022259704958,37.38,37.63,36.63,36.74,0.9888405008165486,0.8057191081642487
600150,中国船舶,2026-06-02,36.22,36.33,35.42,36.04,74775866.0,2715210924.0,0.0123159756576815,36.63,36.74,35.82,36.45,0.9887517146776406,0.8003786756115373
600150,中国船舶,2026-06-03,36.1,36.58,35.61,35.92,61882696.0,2257973850.0,0.010192403222287,36.51,37.0,36.02,36.33,0.9887145609688964,0.6985041728805678
600150,中国船舶,2026-06-04,35.6,37.08,35.59,36.47,85850850.0,3174588708.0,0.0141400833631437,36.01,37.5,36.0,36.89,0.9886148007590132,1.115452246871999
600150,中国船舶,2026-06-05,36.38,36.76,35.45,35.54,89130583.0,3248445897.0,0.0146802725171108,36.8,37.18,35.85,35.95,0.9885952712100138,1.174318788161109
600150,中国船舶,2026-06-08,34.83,35.77,34.21,34.44,85166679.0,3004311695.0,0.0140273968262644,35.23,36.18,34.6,34.83,0.9888027562446168,1.098792550330022
600150,中国船舶,2026-06-09,34.56,34.85,33.7,34.26,85866630.0,2964785192.0,0.014142682411557,34.95,35.25,34.08,34.65,0.9887445887445888,1.0819705870168908
600150,中国船舶,2026-06-10,34.21,34.92,33.55,34.66,85965618.0,2981343527.0,0.0141589862521357,34.6,35.32,33.93,35.06,0.9885909868796348,1.053765113376368
600150,中国船舶,2026-06-11,34.36,34.54,33.76,34.06,61462927.0,2115556818.0,0.0101232650756843,34.75,34.93,34.15,34.45,0.9886792452830188,0.7114088126599089
600150,中国船舶,2026-06-12,34.31,35.28,34.25,34.5,103047830.0,3618109098.0,0.0169725157827914,34.7,35.68,34.64,34.89,0.9888220120378332,1.2641038037710204
600150,中国船舶,2026-06-15,34.95,36.02,34.95,35.5,117103739.0,4197835087.0,0.0192875974040539,35.35,36.43,35.35,35.91,0.988582567529936,1.3890990343177976
600150,中国船舶,2026-06-16,35.51,36.08,35.06,35.58,78861705.0,2838054820.0,0.0129889346798505,35.92,36.49,35.46,35.99,0.9886079466518476,0.8695806734031815
600150,中国船舶,2026-06-17,35.57,36.74,35.48,36.73,113213322.0,4153456208.0,0.0186468254059037,35.98,37.16,35.88,37.15,0.9886944818304172,1.2679515804947477
600150,中国船舶,2026-06-18,36.6,37.01,35.32,35.73,118219119.0,4313475328.0,0.0194713063152829,37.02,37.43,35.72,36.14,0.9886552296624238,1.2478544833680014
600150,中国船舶,2026-06-22,35.49,36.93,35.1,36.91,128441708.0,4706572379.0,0.0211550201124923,35.9,37.35,35.5,37.33,0.988748995446022,1.2106960652891692
600150,中国船舶,2026-06-23,37.08,37.49,35.18,35.41,124903101.0,4571717552.0,0.0205721930587194,37.5,37.92,35.58,35.81,0.9888299357721304,1.1235534727372327
600150,中国船舶,2026-06-24,35.41,36.03,34.9,34.95,85277266.0,3045576404.0,0.0140456110827205,35.81,36.44,35.3,35.35,0.9886845827439888,0.7564883977900356
600150,中国船舶,2026-06-25,34.69,35.55,34.38,34.93,92155761.0,3257080223.0,0.0151785351331285,35.09,35.96,34.77,35.33,0.9886781771865272,0.8083065602799294
600150,中国船舶,2026-06-26,34.8,34.89,32.84,33.02,122054133.0,4134975314.0,0.0201029531499831,35.2,35.29,33.21,33.4,0.988622754491018,1.1116102911718335
600150,中国船舶,2026-06-29,32.97,33.51,32.5,33.21,90484693.0,3015548313.0,0.0149033015061408,33.35,33.89,32.87,33.59,0.9886871092587078,0.8183742807391806
600150,中国船舶,2026-06-30,32.92,33.97,32.49,33.41,88822110.0,2979364142.0,0.0118026281951805,33.3,34.36,32.86,33.79,0.9887540692512576,0.8625600187963309
600150,中国船舶,2026-07-01,33.41,35.48,33.27,34.79,136820723.0,4782589632.0,0.0181806548275513,33.79,35.88,33.65,35.19,0.9886331344131856,1.4288058494171114
600150,中国船舶,2026-07-02,34.83,35.82,33.86,33.97,112444292.0,3938762649.0,0.0149415294361541,35.23,36.23,34.25,34.36,0.9886495925494762,1.0601202909649483
600150,中国船舶,2026-07-03,34.41,37.23,34.41,36.73,188151453.0,6836128407.0,0.0250014511492914,34.8,37.66,34.8,37.15,0.9886944818304172,1.70852329660721
600150,中国船舶,2026-07-06,36.53,37.66,36.53,37.22,152102952.0,5735515648.0,0.0202113481637105,36.95,38.09,36.95,37.64,0.9888416578108394,1.2331539861741327
600150,中国船舶,2026-07-07,37.22,37.75,36.53,36.91,97505693.0,3644105052.0,0.0129564974463275,37.64,38.18,36.95,37.33,0.988748995446022,0.7187064973008508
600150,中国船舶,2026-07-08,36.9,36.9,35.06,35.57,138136889.0,5015752700.0,0.0183555461686952,37.32,37.32,35.46,35.98,0.9886047804335742,1.0053263438712174
600150,中国船舶,2026-07-09,35.58,36.22,34.6,35.65,114679405.0,4081272787.0,0.0152385298982374,35.99,36.63,35.0,36.06,0.9886300610094286,0.8330126965987172
600150,中国船舶,2026-07-10,35.59,37.83,35.33,36.62,194667295.0,7247729676.0,0.0258672722889214,36.0,38.26,35.73,37.04,0.9886609071274296,1.4094551830552584
600150,中国船舶,2026-07-13,36.52,36.52,33.39,33.82,216600919.0,7478641300.0,0.0287817989652736,36.94,36.94,33.77,34.21,0.9885998246126864,1.553603012883371
600150,中国船舶,2026-07-14,33.77,34.29,32.71,33.39,150839078.0,5099797473.0,0.0200434053518638,34.16,34.68,33.08,33.77,0.9887474089428486,0.990290301804973
600150,中国船舶,2026-07-15,33.17,33.99,32.95,33.92,99521294.0,3388022289.0,0.0132243292867649,33.55,34.38,33.33,34.31,0.9886330515884582,0.610617337071405
600150,中国船舶,2026-07-16,33.63,33.67,32.58,32.63,122149630.0,4070749544.0,0.0162311688730303,34.01,34.05,32.95,33.0,0.9887878787878788,0.786734333641556
600150,中国船舶,2026-07-17,32.32,32.51,31.76,31.97,93955831.0,3049858690.0,0.0124847939332022,32.69,32.88,32.12,32.34,0.9885590599876312,0.599377662468741
600150,中国船舶,2026-07-20,32.28,33.16,32.1,33.01,99898769.0,3273581711.0,0.0132744879362045,32.28,33.16,32.1,33.01,1.0,0.7312518777081394
600150,中国船舶,2026-07-21,33.7,33.7,32.54,32.96,93280069.0,3072219854.0,0.0123949990878148,33.7,33.7,32.54,32.96,1.0,0.8234984025361104
600150,中国船舶,2026-07-22,32.88,33.8,32.67,33.02,108369809.0,3604353059.0,0.0144001146022058,32.88,33.8,32.67,33.02,1.0,1.0649431776195117
600150,中国船舶,2026-07-23,33.27,33.87,32.68,33.76,106694876.0,3559901612.0,0.0141775505193346,33.27,33.87,32.68,33.76,1.0,1.030561472913106
600150,中国船舶,2026-07-24,33.7,33.87,32.93,33.06,79452246.0,2651994948.0,0.0105575663402954,33.7,33.87,32.93,33.06,1.0,0.7910428932969118
600150,中国船舶,2026-07-27,33.3,33.55,32.95,33.53,62157592.0,2070723498.0,0.0082594631886557,33.3,33.55,32.95,33.53,1.0,0.6372578557268558
600150,中国船舶,2026-07-28,33.12,33.86,32.91,33.49,85043479.0,2833553066.0,0.0113005259958544,33.12,33.86,32.91,33.49,1.0,0.9450229035555658
600150,中国船舶,2026-07-29,33.9,34.96,33.69,34.73,136770303.0,4701229444.0,0.0181739550484805,33.9,34.96,33.69,34.73,1.0,1.5481631083715712
600150,中国船舶,2026-07-30,34.63,34.73,34.32,34.63,78007559.0,2691536763.0,0.0103655972064907,34.63,34.73,34.32,34.63,1.0,0.8296584761472563
600150,中国船舶,2026-07-31,34.33,35.26,34.2,35.18,98341074.0,3434358383.0,0.0130675023677859,34.33,35.26,34.2,35.18,1.0,1.113889080317999
600150,中国船舶,2026-08-03,35.02,35.18,34.62,35.1,64768847.0,2259131750.0,0.0086064451719457,35.02,35.18,34.62,35.1,1.0,0.7035197907441811
600150,中国船舶,2026-08-04,34.93,35.05,34.4,34.48,75415412.0,2608412378.0,0.0100211542826708,34.93,35.05,34.4,34.48,1.0,0.8145422246294526
600150,中国船舶,2026-08-05,34.59,35.36,34.2,35.2,99346390.0,3468342506.0,0.0132010881491489,34.59,35.36,34.2,35.2,1.0,1.0958050935423034
600150,中国船舶,2026-08-06,34.9,35.12,34.54,34.9,67800544.0,2359365260.0,0.0090092952336189,34.9,35.12,34.54,34.9,1.0,0.8151469300651528
600150,中国船舶,2026-08-07,34.9,35.35,34.58,34.85,95545295.0,3340342414.0,0.0126960009471047,34.9,35.35,34.58,34.85,1.0,1.1776167952836667
600150,中国船舶,2026-08-10,34.77,35.28,34.63,34.83,81831706.0,2855422063.0,0.0108737475443369,34.77,35.28,34.63,34.83,1.0,1.0155929725042678
600150,中国船舶,2026-08-11,34.8,35.03,33.96,33.97,100097016.0,3446200320.0,0.0133008308775263,34.8,35.03,33.96,33.97,1.0,1.1918032534350729
600150,中国船舶,2026-08-12,33.76,33.94,33.51,33.89,61836226.0,2086291975.0,0.0082167602691622,33.76,33.94,33.51,33.89,1.0,0.6953813789130238
600150,中国船舶,2026-08-13,33.88,34.3,33.74,33.78,65435855.0,2223201627.0,0.0086950767911137,33.88,34.3,33.74,33.78,1.0,0.8036615227294382
600150,中国船舶,2026-08-14,33.75,34.19,33.33,33.42,71878255.0,2418045066.0,0.0095511390022527,33.75,34.19,33.33,33.42,1.0,0.8879425318141054
600150,中国船舶,2026-08-17,33.31,33.83,33.1,33.65,57316189.0,1919306407.0,0.007616140489476,33.31,33.83,33.1,33.65,1.0,0.7520249118491313
600150,中国船舶,2026-08-18,33.7,33.79,33.28,33.49,49825772.0,1666233791.0,0.0066208184139494,33.7,33.79,33.28,33.49,1.0,0.6986941494391318
600150,中国船舶,2026-08-19,33.43,33.43,32.94,33.14,64160134.0,2124149401.0,0.0085255597570803,33.43,33.43,32.94,33.14,1.0,1.047367737099833
600150,中国船舶,2026-08-20,33.13,33.8,32.93,32.99,57601765.0,1914841167.0,0.0076540876554403,33.13,33.8,32.93,32.99,1.0,0.9332265134943254
600150,中国船舶,2026-08-21,32.83,33.79,32.59,33.68,76020695.0,2543460716.0,0.0101015839212131,32.83,33.79,32.59,33.68,1.0,1.2637170099026667
600150,中国船舶,2026-08-24,33.59,34.39,33.58,33.8,62312006.0,2113705587.0,0.0082799816274783,33.59,34.39,33.58,33.8,1.0,1.0217610385624734
600150,中国船舶,2026-08-25,33.73,34.08,33.58,33.84,42512403.0,1435938642.0,0.0056490223694604,33.73,34.08,33.58,33.84,1.0,0.6858600924756247
600150,中国船舶,2026-08-26,33.84,34.43,33.77,34.11,64475688.0,2204941842.0,0.008567490381533,,,,,,1.0653370107234432
600150,中国船舶,2026-08-27,34.15,34.59,33.85,34.52,58475183.0,2002380368.0,0.0077701469104274,,,,,,0.9651837020509503
600150,中国船舶,2026-08-28,34.45,35.01,34.38,34.78,66566476.0,2314521986.0,0.0088453130250048,34.45,35.01,34.38,34.78,1.0,1.0955786362870674
600150,中国船舶,2026-08-31,34.8,34.81,33.62,34.08,88833272.0,3024789012.0,0.011804111394982,,,,,,1.5090157986283128
600150,中国船舶,2026-09-01,33.99,34.68,33.89,34.43,81637693.0,2807923705.0,0.0108479672143714,,,,,,1.2721580145187312
600150,中国船舶,2026-09-02,34.2,34.47,33.73,33.93,71015661.0,2417258710.0,0.0094365180338317,34.2,34.47,33.73,33.93,1.0,0.986360648842399
600150,中国船舶,2026-09-03,34.1,35.04,34.1,34.32,100789965.0,3484004388.0,0.013392909521067,,,,,,1.3749275175311504
600150,中国船舶,2026-09-04,34.5,37.75,34.5,37.47,337744691.0,12392923871.0,0.0448793100363091,,,,,,4.130493070095279
600150,中国船舶,2026-09-07,37.74,38.82,37.5,38.38,231954554.0,8847109788.0,0.0308219806874767,,,,,,1.705494814204947
600150,中国船舶,2026-09-08,38.56,39.69,38.29,39.08,149658462.0,5847910341.0,0.0198865258126446,,,,,,0.9090676909765535
600150,中国船舶,2026-09-09,38.84,39.69,38.45,39.53,119354224.0,4688484622.0,0.0158597170163633,,,,,,0.6696540329941963
600150,中国船舶,2026-09-10,39.25,41.18,39.25,40.82,175740221.0,7144558405.0,0.0233522541561089,,,,,,0.9352840145838301
600330,天通股份,2026-03-20,17.7,18.1,16.43,16.44,170186739.0,2933534875.0,0.1379779393150969,17.7,18.1,16.43,16.44,1.0,1.0353222612972799
600330,天通股份,2026-03-23,15.79,16.25,14.98,15.19,134760217.0,2106836309.0,0.1092560863000923,15.79,16.25,14.98,15.19,1.0,0.8335022652997689
600330,天通股份,2026-03-24,15.66,16.1,15.06,16.06,112756994.0,1759110997.0,0.0914170972832656,15.66,16.1,15.06,16.06,1.0,0.7414764682243922
600330,天通股份,2026-03-25,16.5,17.07,16.21,16.63,120384189.0,2007328294.0,0.0976008026356222,16.5,17.07,16.21,16.63,1.0,0.8291647638027345
600330,天通股份,2026-03-26,16.41,16.73,16.07,16.16,84140539.0,1374437234.0,0.0682164677007034,16.41,16.73,16.07,16.16,1.0,0.5929024361938678
600330,天通股份,2026-03-27,15.8,17.26,15.66,16.8,110823935.0,1833879446.0,0.0898498805955159,15.8,17.26,15.66,16.8,1.0,0.890540238005552
600330,天通股份,2026-03-30,16.59,16.69,16.02,16.58,92288726.0,1508525209.0,0.0748225643802694,16.59,16.69,16.02,16.58,1.0,0.8198109910639209
600330,天通股份,2026-03-31,16.32,16.4,15.4,15.63,123794711.0,1954001289.0,0.1003658641222801,16.32,16.4,15.4,15.63,1.0,1.189431660333659
600330,天通股份,2026-04-01,16.21,16.33,15.71,16.32,99395912.0,1597225293.0,0.0805846753671254,16.21,16.33,15.71,16.32,1.0,0.9351703820676245
600330,天通股份,2026-04-02,16.1,17.17,16.01,16.09,133458031.0,2203108710.0,0.1082003463409115,16.1,17.17,16.01,16.09,1.0,1.3072744245942223
600330,天通股份,2026-04-03,16.65,17.61,16.35,17.01,159548977.0,2708993442.0,0.1293534337378178,16.65,17.61,16.35,17.01,1.0,1.4251518703110093
600330,天通股份,2026-04-07,17.15,17.26,16.42,16.69,111215375.0,1868095017.0,0.0901672383689997,17.15,17.26,16.42,16.69,1.0,0.9138690927132816
600330,天通股份,2026-04-08,17.25,18.15,16.92,17.91,151823072.0,2662392463.0,0.1230896998093816,17.25,18.15,16.92,17.91,1.0,1.2099133309965207
600330,天通股份,2026-04-09,17.63,19.7,17.63,19.7,100414683.0,1881494933.0,0.0814106382126441,17.63,19.7,17.63,19.7,1.0,0.7660081286874284
600330,天通股份,2026-04-10,20.6,20.79,18.66,19.0,219937719.0,4262687167.0,0.1783132659077675,20.6,20.79,18.66,19.0,1.0,1.6751795445651265
600330,天通股份,2026-04-13,18.86,20.1,18.84,19.62,186710631.0,3614579941.0,0.1513745916102279,18.86,20.1,18.84,19.62,1.0,1.256566309045869
600330,天通股份,2026-04-14,19.8,21.34,19.41,20.61,203345885.0,4204253488.0,0.1648615300191202,19.8,21.34,19.41,20.61,1.0,1.3202538255088148
600330,天通股份,2026-04-15,20.56,20.61,19.7,19.8,134801105.0,2711600704.0,0.1092892360156099,20.56,20.61,19.7,19.8,1.0,0.7816985832316428
600330,天通股份,2026-04-16,19.6,20.33,19.36,19.75,124714931.0,2466465978.0,0.101111927300073,19.6,20.33,19.36,19.75,1.0,0.7377747991992282
600330,天通股份,2026-04-17,21.73,21.73,21.73,21.73,37758389.0,820489793.0,0.0306124010407051,21.73,21.73,21.73,21.73,1.0,0.21712445648615003
600330,天通股份,2026-04-20,23.9,23.9,23.9,23.9,30982683.0,740486124.0,0.0251190355953226,23.9,23.9,23.9,23.9,1.0,0.22538402647000874
600330,天通股份,2026-04-21,23.9,25.21,23.42,23.52,387139024.0,9371609167.0,0.3138707814360192,23.9,25.21,23.42,23.52,1.0,3.641241952149807
600330,天通股份,2026-04-22,23.45,25.87,23.43,25.87,207360356.0,5142236766.0,0.1681162397531155,23.45,25.87,23.43,25.87,1.0,1.449269479695761
600330,天通股份,2026-04-23,26.98,27.53,25.51,25.6,290180347.0,7638715905.0,0.2352620806066433,26.98,27.53,25.51,25.6,1.0,1.841350114870654
600330,天通股份,2026-04-24,25.31,27.39,25.31,25.89,231166538.0,6106152776.0,0.1874169676160552,25.31,27.39,25.31,25.89,1.0,1.2123006873903954
600330,天通股份,2026-04-27,27.6,28.48,26.84,27.42,261454859.0,7228661917.0,0.2119730531339414,27.6,28.48,26.84,27.42,1.0,1.1399034679755922
600330,天通股份,2026-04-28,27.01,27.9,25.43,26.42,255760426.0,6749505650.0,0.2073563236782587,27.01,27.9,25.43,26.42,1.0,0.9284840531357905
600330,天通股份,2026-04-29,25.8,27.2,25.56,25.66,174071188.0,4536366899.0,0.1411272344455159,25.8,27.2,25.56,25.66,1.0,0.6985634514485053
600330,天通股份,2026-04-30,25.79,28.23,25.78,27.89,291431865.0,7985571304.0,0.2362767417704355,25.79,28.23,25.78,27.89,1.0,1.201648722086367
600330,天通股份,2026-05-06,27.1,27.86,26.59,27.01,273203082.0,7422643623.0,0.2214978587073899,27.1,27.86,26.59,27.01,1.0,1.1253253393363805
600330,天通股份,2026-05-07,27.01,29.2,26.2,27.98,229366363.0,6367236906.0,0.1859574858822489,27.01,29.2,26.2,27.98,1.0,0.9131397846530876
600330,天通股份,2026-05-08,27.8,30.19,27.51,29.16,205057061.0,5942398861.0,0.1662488563153567,27.8,30.19,27.51,29.16,1.0,0.8377657479984579
600330,天通股份,2026-05-11,30.0,32.08,29.3,32.08,132081837.0,4094547365.0,0.107084604812908,30.0,32.08,29.3,32.08,1.0,0.5629465048710788
600330,天通股份,2026-05-12,33.97,34.0,31.03,32.66,243712415.0,7891805541.0,0.1975884666736914,33.97,34.0,31.03,32.66,1.0,1.077286499393893
600330,天通股份,2026-05-13,32.0,35.3,32.0,35.07,202650465.0,6926168604.0,0.1642977221741476,32.0,35.3,32.0,35.07,1.0,0.9352343653360203
600330,天通股份,2026-05-14,34.39,35.55,32.46,32.8,206641870.0,7018266555.0,0.1675337312786641,34.39,35.55,32.46,32.8,1.0,1.0200827809431514
600330,天通股份,2026-05-15,32.6,33.38,29.52,29.52,201609147.0,6143741561.0,0.1634534794754746,32.6,33.38,29.52,29.52,1.0,1.0180802927294041
600330,天通股份,2026-05-18,29.0,30.77,29.0,30.08,144260513.0,4329424099.0,0.1169583977296771,29.0,30.77,29.0,30.08,1.0,0.7310283607651636
600330,天通股份,2026-05-19,29.54,29.87,27.96,29.48,140529973.0,4044044212.0,0.1139338834534352,29.54,29.87,27.96,29.48,1.0,0.7034416518889497
600330,天通股份,2026-05-20,29.39,29.45,28.1,28.71,114485057.0,3289714117.0,0.0928181146195615,29.39,29.45,28.1,28.71,1.0,0.6390872146349313
600330,天通股份,2026-05-21,29.28,29.5,27.04,27.5,140360762.0,3999823316.0,0.1137966965890142,29.28,29.5,27.04,27.5,1.0,0.8690783000375863
600330,天通股份,2026-05-22,28.1,29.88,27.9,29.26,141065407.0,4061720993.0,0.1143679835507362,28.1,29.88,27.9,29.26,1.0,0.9515431536165432
600330,天通股份,2026-05-25,29.63,31.43,28.94,31.31,172480153.0,5256597912.0,0.139837311787804,29.63,31.43,28.94,31.31,1.0,1.2669290377809421
600330,天通股份,2026-05-26,30.76,31.25,28.29,28.86,160266916.0,4715994058.0,0.1299354987351026,30.76,31.25,28.29,28.86,1.0,1.1303575181355237
600330,天通股份,2026-05-27,28.59,31.75,28.0,31.21,252252119.0,7807108032.0,0.2045119835540571,28.59,31.75,28.0,31.21,1.0,1.7309356163989047
600330,天通股份,2026-05-28,30.5,34.33,29.59,34.33,221872273.0,7164189662.0,0.17988169465834,30.5,34.33,29.59,34.33,1.0,1.2803888483148351
600330,天通股份,2026-05-29,34.0,34.82,32.12,32.73,208707112.0,7018504408.0,0.1692081145885587,34.0,34.82,32.12,32.73,1.0,1.1008492181570049
600330,天通股份,2026-06-01,32.14,32.5,29.46,30.6,191972906.0,5844921661.0,0.155640951403451,32.14,32.5,29.46,30.6,1.0,0.94514058834914
600330,天通股份,2026-06-02,30.5,32.6,29.85,32.0,159963853.0,5016853084.0,0.1296897921161947,30.5,32.6,29.85,32.0,1.0,0.7727189855513397
600330,天通股份,2026-06-03,33.29,33.7,30.51,31.5,192774361.0,6247064630.0,0.1562907265269627,33.29,33.7,30.51,31.5,1.0,0.9314856663708868
600330,天通股份,2026-06-04,30.58,31.32,29.61,29.77,151681928.0,4576250774.0,0.1229752681069992,30.58,31.32,29.61,29.77,1.0,0.7776243448612268
600330,天通股份,2026-06-05,29.47,32.16,29.15,29.42,187950167.0,5743916336.0,0.1523795384350618,29.47,32.16,29.15,29.42,1.0,1.0382838016513
600330,天通股份,2026-06-08,27.93,28.49,26.49,26.78,136299208.0,3739958361.0,0.1105038145781721,27.93,28.49,26.49,26.78,1.0,0.7706239256893038
600330,天通股份,2026-06-09,27.8,29.46,27.06,29.46,150335595.0,4281613919.0,0.1218837362164215,27.8,29.46,27.06,29.46,1.0,0.9070901723539566
600330,天通股份,2026-06-10,29.3,30.15,28.38,29.08,130945546.0,3827185481.0,0.1061633632898402,29.3,30.15,28.38,29.08,1.0,0.7993830870002606
600330,天通股份,2026-06-11,28.75,30.73,28.75,29.31,142237520.0,4224390226.0,0.1153182675583782,28.75,30.73,28.75,29.31,1.0,0.9392180564850833
600330,天通股份,2026-06-12,30.09,30.34,28.06,28.25,118899221.0,3464700298.0,0.0963968732002691,30.09,30.34,28.06,28.25,1.0,0.7950274368240047
600330,天通股份,2026-06-15,29.15,31.05,28.41,30.94,158248271.0,4788541680.0,0.1282988936802944,29.15,31.05,28.41,30.94,1.0,1.1657896444010272
600330,天通股份,2026-06-16,31.44,32.88,30.86,32.39,128754202.0,4116624300.0,0.1043867434942726,31.44,32.88,30.86,32.39,1.0,0.9187984994616973
600330,天通股份,2026-06-17,31.7,33.8,31.68,33.41,139089631.0,4576435892.0,0.1127661342960289,31.7,33.8,31.68,33.41,1.0,1.0240962483092686
600330,天通股份,2026-06-18,33.35,34.29,32.7,32.88,122286003.0,4066014759.0,0.0991426876157475,33.35,34.29,32.7,32.88,1.0,0.889703654682888
600330,天通股份,2026-06-22,33.55,35.0,32.55,34.46,180732297.0,6116536461.0,0.1465276910191226,33.55,35.0,32.55,34.46,1.0,1.3542517437367512
600330,天通股份,2026-06-23,34.1,34.57,32.11,32.49,137330938.0,4574086646.0,0.1113402838598919,34.1,34.57,32.11,32.49,1.0,0.9417705278006154
600330,天通股份,2026-06-24,31.99,33.92,31.11,32.36,126243057.0,4097736837.0,0.1023508468406479,31.99,33.92,31.11,32.36,1.0,0.8913039548787114
600330,天通股份,2026-06-25,32.99,35.6,32.95,35.6,163878921.0,5756125553.0,0.1328639114282668,32.99,35.6,32.95,35.6,1.0,1.1611387153480817
600330,天通股份,2026-06-26,36.52,37.37,32.34,32.75,240096290.0,8312212192.0,0.1946567137137513,36.52,37.37,32.34,32.75,1.0,1.64343429789573
600330,天通股份,2026-06-29,32.75,33.0,29.48,30.14,176414967.0,5392593757.0,0.1430274400580695,32.75,33.0,29.48,30.14,1.0,1.0398374028910071
600330,天通股份,2026-06-30,30.06,31.74,29.3,30.84,113169889.0,3476514428.0,0.0917518495770593,30.06,31.74,29.3,30.84,1.0,0.6704661916969786
600330,天通股份,2026-07-01,30.63,31.07,29.21,29.94,115226383.0,3469462156.0,0.0934191404952657,30.63,31.07,29.21,29.94,1.0,0.7027686259463436
600330,天通股份,2026-07-02,28.6,29.58,27.57,27.9,101520012.0,2884373758.0,0.0823067774687422,28.6,29.58,27.57,27.9,1.0,0.6276070277883612
600330,天通股份,2026-07-03,27.6,28.0,26.28,26.28,94860915.0,2561229648.0,0.0769079521127939,27.6,28.0,26.28,26.28,1.0,0.6354328437085363
600330,天通股份,2026-07-06,26.49,26.79,24.58,25.09,87052549.0,2220315229.0,0.0705773633934339,26.49,26.79,24.58,25.09,1.0,0.7239993626264252
600330,天通股份,2026-07-07,25.0,25.75,24.48,25.12,68512439.0,1723848747.0,0.0555460737200639,25.0,25.75,24.48,25.12,1.0,0.6692893415018933
600330,天通股份,2026-07-08,25.25,25.76,23.8,24.11,71090729.0,1742380365.0,0.0576364078039476,25.25,25.76,23.8,24.11,1.0,0.7608619914359734
600330,天通股份,2026-07-09,24.5,25.19,22.88,25.12,107767847.0,2593861675.0,0.0873721744764417,24.5,25.19,22.88,25.12,1.0,1.2737412766540386
600330,天通股份,2026-07-10,25.27,25.88,23.89,23.9,100424783.0,2506947301.0,0.0814188267307112,25.27,25.88,23.89,23.9,1.0,1.1696763790987188
600330,天通股份,2026-07-13,23.5,23.8,21.51,21.51,85247335.0,1917551205.0,0.0691137963187821,23.5,23.8,21.51,21.51,1.0,0.9801961487046885
600330,天通股份,2026-07-14,21.55,23.15,21.1,22.97,95017075.0,2111418326.0,0.0770345579525324,21.55,23.15,21.1,22.97,1.0,1.0970855759996545
600330,天通股份,2026-07-15,22.5,24.17,22.31,23.43,130450795.0,3067044615.0,0.1057622467054624,22.5,24.17,22.31,23.43,1.0,1.4193387913063724
600330,天通股份,2026-07-16,22.4,22.99,21.1,21.36,86729021.0,1909682477.0,0.0703150648911356,22.4,22.99,21.1,21.36,1.0,0.8356881044203158
600330,天通股份,2026-07-17,21.54,21.61,19.22,19.22,109401720.0,2195839765.0,0.0886968278011791,21.54,21.61,19.22,19.22,1.0,1.0986998389369522
600330,天通股份,2026-07-20,19.89,20.18,17.3,17.39,110990437.0,2050356167.0,0.0899848711534574,19.89,20.18,17.3,17.39,1.0,1.094912940272388
600330,天通股份,2026-07-21,17.89,19.13,15.68,19.13,100553615.0,1757421598.0,0.0815232765484954,17.89,19.13,15.68,19.13,1.0,0.9440075361820058
600330,天通股份,2026-07-22,19.04,20.1,18.96,19.15,115708835.0,2261308158.0,0.093810285734722,19.04,20.1,18.96,19.15,1.0,1.0751099518426914
600330,天通股份,2026-07-23,19.53,19.95,18.64,18.95,69403411.0,1333668353.0,0.0562684242467254,19.53,19.95,18.64,18.95,1.0,0.6630261942393048
600330,天通股份,2026-07-24,18.58,19.16,18.11,18.35,58059321.0,1077258718.0,0.0470712672249612,18.58,19.16,18.11,18.35,1.0,0.5736429315897136
600330,天通股份,2026-07-27,18.65,19.6,18.04,19.6,76967922.0,1470305409.0,0.0624013088994267,18.65,19.6,18.04,19.6,1.0,0.8463303082624044
600330,天通股份,2026-07-28,19.12,20.2,18.35,18.54,78758482.0,1514293358.0,0.0638529953261819,19.12,20.2,18.35,18.54,1.0,0.9360562515899952
600330,天通股份,2026-07-29,18.52,18.59,17.17,18.21,79139266.0,1411186380.0,0.0641617138077327,18.52,18.59,17.17,18.21,1.0,0.9919737846949339
600330,天通股份,2026-07-30,18.03,18.38,16.39,16.39,95663476.0,1619838914.0,0.0775586239195712,18.03,18.38,16.39,16.39,1.0,1.3201211314369994
600330,天通股份,2026-07-31,17.6,18.01,16.59,16.61,109165606.0,1900006213.0,0.088505399706635,17.6,18.01,16.59,16.61,1.0,1.4046428969287963
600330,天通股份,2026-08-03,16.6,16.88,16.15,16.47,64551143.0,1062747092.0,0.0523344753175753,16.6,16.88,16.15,16.47,1.0,0.7340449562609289
600330,天通股份,2026-08-04,16.85,18.12,16.59,18.12,82600816.0,1453135786.0,0.0669681459577499,16.85,18.12,16.59,18.12,1.0,0.9665934265232999
600330,天通股份,2026-08-05,17.7,19.93,17.68,19.68,147672626.0,2841644426.0,0.1197247491106166,17.7,19.93,17.68,19.68,1.0,1.71266144974238
600330,天通股份,2026-08-06,19.48,21.65,19.34,21.65,160931731.0,3309751361.0,0.1304744937488431,19.48,21.65,19.34,21.65,1.0,1.6104328020472627
600330,天通股份,2026-08-07,21.65,23.2,21.09,23.01,186956396.0,4136658024.0,0.1515738441986201,21.65,23.2,21.09,23.01,1.0,1.6547100468159917
600330,天通股份,2026-08-10,23.5,24.5,22.82,23.48,166386965.0,3896065298.0,0.1348972939636216,23.5,24.5,22.82,23.48,1.0,1.2944116546429845
600330,天通股份,2026-08-11,22.98,24.08,22.5,23.25,117095216.0,2724508740.0,0.0949342863155522,22.98,24.08,22.5,23.25,1.0,0.7863504570408568
600330,天通股份,2026-08-12,23.44,24.66,23.17,24.24,102450005.0,2459212624.0,0.0830607640511954,23.44,24.66,23.17,24.24,1.0,0.657537604981345
600330,天通股份,2026-08-13,24.57,26.14,24.0,24.21,149746365.0,3754145992.0,0.1214060213153643,24.57,26.14,24.0,24.21,1.0,1.0203203859798304
600330,天通股份,2026-08-14,24.21,25.6,23.5,24.98,130467936.0,3224344116.0,0.10577614367459,24.21,25.6,23.5,24.98,1.0,0.9027236818647797
600330,天通股份,2026-08-17,25.11,27.48,24.8,27.48,114501607.0,3022009395.0,0.0928315324387705,25.11,27.48,24.8,27.48,1.0,0.8594326415775273
600330,天通股份,2026-08-18,27.3,29.87,27.2,29.39,207470066.0,5936093397.0,0.1682051865171889,27.3,29.87,27.2,29.39,1.0,1.6887774287277098
600330,天通股份,2026-08-19,27.5,28.54,26.45,26.65,177398996.0,4856960250.0,0.143825236022926,27.5,28.54,26.45,26.65,1.0,1.2587988783354476
600330,天通股份,2026-08-20,27.26,28.49,26.2,27.89,139103730.0,3855686827.0,0.1127775649808039,27.26,28.49,26.2,27.89,1.0,0.8921652889228996
600330,天通股份,2026-08-21,27.84,28.47,26.86,27.27,108381294.0,2988868325.0,0.0878695231737396,27.84,28.47,26.86,27.27,1.0,0.7047426644808157
600330,天通股份,2026-08-24,27.27,27.55,25.39,26.07,109438165.0,2875553698.0,0.0887263753794916,27.27,27.55,25.39,26.07,1.0,0.7326593746671756
600330,天通股份,2026-08-25,25.48,28.68,25.42,27.41,179457441.0,4943651358.0,0.1454941087033848,25.48,28.68,25.42,27.41,1.0,1.2096206232814908
600330,天通股份,2026-08-26,26.88,27.59,25.8,26.5,130308410.0,3469726507.0,0.1056468088693254,26.88,27.59,25.8,26.5,1.0,0.9128056143199582
600330,天通股份,2026-08-27,27.03,29.15,26.8,29.15,130990020.0,3703383335.0,0.1061994203346438,27.03,29.15,26.8,29.15,1.0,0.9823921809184084
600330,天通股份,2026-08-28,29.8,30.23,28.56,28.94,158612265.0,4637685905.0,0.128593999763989,29.8,30.23,28.56,28.94,1.0,1.2042074594564605
600330,天通股份,2026-08-31,28.2,29.22,27.92,28.42,97214214.0,2769048428.0,0.0788158760116841,28.2,29.22,27.92,28.42,1.0,0.6857600860972031
600330,天通股份,2026-09-01,28.41,28.41,26.98,26.98,76781122.0,2096275943.0,0.0622498618524035,28.41,28.41,26.98,26.98,1.0,0.5511273864461251
600330,天通股份,2026-09-02,26.38,27.12,26.15,26.46,68200734.0,1807355479.0,0.0552933606483702,26.38,27.12,26.15,26.46,1.0,0.5741710846509319
600330,天通股份,2026-09-03,26.99,27.85,25.7,27.44,103405108.0,2777611265.0,0.0838351084246055,26.99,27.85,25.7,27.44,1.0,0.9722210216314039
600330,天通股份,2026-09-04,27.45,28.25,26.01,26.26,90084468.0,2442865198.0,0.0730354746319969,27.45,28.25,26.01,26.26,1.0,0.8933168011547841
600330,天通股份,2026-09-07,27.37,28.89,27.11,28.89,78387425.0,2239423721.0,0.0635521629550508,27.37,28.89,27.11,28.89,1.0,0.8995869581620323
600330,天通股份,2026-09-08,29.89,31.0,29.5,30.08,174937349.0,5287774700.0,,29.89,31.0,29.5,30.08,1.0,2.098280341923981
600330,天通股份,2026-09-09,30.46,31.0,29.29,29.36,111381105.0,3337938860.0,,30.46,31.0,29.29,29.36,1.0,1.0813382797929856
600330,天通股份,2026-09-10,29.2,29.35,28.24,28.34,75226673.0,2156174413.0,,29.2,29.35,28.24,28.34,1.0,0.6738381003120135
600601,方正科技,2026-03-20,10.17,10.35,9.89,10.0,79290235.0,802493430.0,0.019013107602568483,10.17,10.35,9.89,10.0,1.0,1.0337954245677399
600601,方正科技,2026-03-23,9.73,9.81,9.26,9.35,107503992.0,1024116490.0,0.02577852074220314,9.73,9.81,9.26,9.35,1.0,1.354689520913002
600601,方正科技,2026-03-24,9.53,9.83,9.37,9.8,101536448.0,973330189.0,0.02434755567828244,9.53,9.83,9.37,9.8,1.0,1.1941389815506696
600601,方正科技,2026-03-25,9.9,10.12,9.86,10.05,74582275.0,747995759.0,0.01788417980876653,9.9,10.12,9.86,10.05,1.0,0.8538549453230664
600601,方正科技,2026-03-26,10.02,10.15,9.9,9.93,61301025.0,614369477.0,0.014699451760645438,10.02,10.15,9.9,9.93,1.0,0.7013019990463414
600601,方正科技,2026-03-27,9.76,9.99,9.68,9.89,45600465.0,450131603.0,0.010934594250756829,9.76,9.99,9.68,9.89,1.0,0.5374700939543541
600601,方正科技,2026-03-30,9.7,10.02,9.68,10.0,52143930.0,516415735.0,0.012503660153243317,9.7,10.02,9.68,10.0,1.0,0.6676145720596243
600601,方正科技,2026-03-31,9.91,10.28,9.88,9.88,65025209.0,653226723.0,0.015592478639980124,9.91,10.28,9.88,9.88,1.0,0.9700502031328572
600601,方正科技,2026-04-01,10.08,10.2,9.95,10.06,54772968.0,550886016.0,0.013134080562329524,10.08,10.2,9.95,10.06,1.0,0.9170004253499575
600601,方正科技,2026-04-02,10.0,10.05,9.66,9.7,55418907.0,544158878.0,0.013288971107321546,10.0,10.05,9.66,9.7,1.0,0.9937274442776608
600601,方正科技,2026-04-03,9.8,9.83,9.61,9.63,35655742.0,345150975.0,0.008549936310510623,9.8,9.83,9.61,9.63,1.0,0.6531277257623593
600601,方正科技,2026-04-07,9.63,9.87,9.63,9.78,42915947.0,419938892.0,0.010290870220994123,9.63,9.87,9.63,9.78,1.0,0.8158405504780843
600601,方正科技,2026-04-08,9.98,10.38,9.98,10.38,104188514.0,1063250154.0,0.02498349800115629,9.98,10.38,9.98,10.38,1.0,2.052661998566816
600601,方正科技,2026-04-09,10.3,10.4,10.1,10.16,96822158.0,991938998.0,0.023217110005625367,10.3,10.4,10.1,10.16,1.0,1.6525255369583007
600601,方正科技,2026-04-10,10.26,10.28,10.09,10.11,71476812.0,727732913.0,0.017139516835138122,10.26,10.28,10.09,10.11,1.0,1.0668140515814406
600601,方正科技,2026-04-13,10.0,10.65,9.97,10.49,136408549.0,1415056303.0,0.03270958170381555,10.0,10.65,9.97,10.49,1.0,1.9428141961697154
600601,方正科技,2026-04-14,10.48,10.78,10.38,10.76,135610886.0,1443323444.0,0.03251830906539308,10.48,10.78,10.38,10.76,1.0,1.5007446903023687
600601,方正科技,2026-04-15,10.8,10.81,10.31,10.36,106421251.0,1120342883.0,0.02551888888288638,10.8,10.81,10.31,10.36,1.0,0.9772258835153571
600601,方正科技,2026-04-16,10.4,10.49,10.28,10.46,86245744.0,894890457.0,0.020680978066663254,10.4,10.49,10.28,10.46,1.0,0.788727715774105
600601,方正科技,2026-04-17,10.43,10.88,10.28,10.68,133495719.0,1421270214.0,0.032011110445431847,10.43,10.88,10.28,10.68,1.0,1.2449167393687164
600601,方正科技,2026-04-20,11.08,11.75,11.08,11.75,199686943.0,2328033828.0,0.047883189324473045,11.08,11.75,11.08,11.75,1.0,1.669114861867936
600601,方正科技,2026-04-21,11.64,11.64,11.28,11.46,267886136.0,3053335905.0,0.06423676167694917,11.64,11.64,11.28,11.46,1.0,2.024959302825717
600601,方正科技,2026-04-22,11.4,11.85,11.36,11.82,225845421.0,2636837808.0,0.05415576446482192,11.4,11.85,11.36,11.82,1.0,1.422673785104208
600601,方正科技,2026-04-23,11.8,11.91,11.51,11.67,179346446.0,2095375270.0,0.0430057153435885,11.8,11.91,11.51,11.67,1.0,0.9820100161355848
600601,方正科技,2026-04-24,11.65,11.73,11.28,11.52,135101363.0,1548606873.0,0.03239612988878976,11.65,11.73,11.28,11.52,1.0,0.671304005508354
600601,方正科技,2026-04-27,11.6,12.08,11.45,11.95,250696357.0,2976912549.0,0.06011480242444636,11.6,12.08,11.45,11.95,1.0,1.2436984685436092
600601,方正科技,2026-04-28,12.2,12.31,11.29,11.6,260015886.0,3012294609.0,0.06234954428997694,12.2,12.31,11.29,11.6,1.0,1.2277922722759411
600601,方正科技,2026-04-29,11.36,12.1,11.36,11.81,237016905.0,2800361163.0,0.05683458900573004,11.36,12.1,11.36,11.81,1.0,1.1275721729757349
600601,方正科技,2026-04-30,11.85,12.07,11.61,11.67,147500212.0,1731029657.0,0.03536926586429795,11.85,12.07,11.61,11.67,1.0,0.6943297490495267
600601,方正科技,2026-05-06,11.88,11.99,11.74,11.86,199996188.0,2375073844.0,0.04795734358143238,11.88,11.99,11.74,11.86,1.0,0.9705436494103263
600601,方正科技,2026-05-07,11.91,12.16,11.76,12.06,211340295.0,2541951804.0,0.05067756161390574,11.91,12.16,11.76,12.06,1.0,0.9648254434254669
600601,方正科技,2026-05-08,11.88,12.25,11.75,12.12,203495195.0,2450267660.0,0.04879637497783498,11.88,12.25,11.75,12.12,1.0,0.9636380144430086
600601,方正科技,2026-05-11,12.42,13.33,12.4,13.33,410277848.0,5376294494.0,0.09838105374481783,12.42,13.33,12.4,13.33,1.0,2.052725985425339
600601,方正科技,2026-05-12,13.85,14.66,13.85,14.31,724767535.0,10404976731.0,0.17379294095676873,13.85,14.66,13.85,14.31,1.0,3.0904038722898615
600601,方正科技,2026-05-13,14.18,14.66,13.66,14.2,496269373.0,7015902452.0,0.11900107230995334,14.18,14.66,13.66,14.2,1.0,1.4180121108519406
600601,方正科技,2026-05-14,14.21,14.34,13.19,13.2,330793422.0,4501334773.0,0.07932138083217742,14.21,14.34,13.19,13.2,1.0,0.8083312128390009
600601,方正科技,2026-05-15,13.28,13.55,12.33,12.5,256931556.0,3278538576.0,0.061609948825644786,13.28,13.55,12.33,12.5,1.0,0.5932100937857192
600601,方正科技,2026-05-18,12.34,12.99,12.19,12.7,214491156.0,2708374977.0,0.051433110632441714,12.34,12.99,12.19,12.7,1.0,0.48329724049907435
600601,方正科技,2026-05-19,12.58,12.58,12.0,12.36,192803844.0,2359391118.0,0.046232682147566186,12.58,12.58,12.0,12.36,1.0,0.47646992244087283
600601,方正科技,2026-05-20,12.31,12.48,11.94,12.03,158302390.0,1911800856.0,0.037959534043678404,12.31,12.48,11.94,12.03,1.0,0.530756790738996
600601,方正科技,2026-05-21,12.17,12.6,11.6,11.63,251795137.0,3067143286.0,0.06037828029623663,12.17,12.6,11.6,11.63,1.0,1.0916077932167532
600601,方正科技,2026-05-22,11.9,12.79,11.9,12.79,342287889.0,4282244140.0,0.08207765388276396,11.9,12.79,11.9,12.79,1.0,1.5930383318047614
600601,方正科技,2026-05-25,13.02,13.35,12.71,13.01,321302813.0,4172685746.0,0.07704561547303951,13.02,13.35,12.71,13.01,1.0,1.3853075751173158
600601,方正科技,2026-05-26,12.95,13.55,12.71,13.43,360176954.0,4740681269.0,0.08636729582611728,12.95,13.55,12.71,13.43,1.0,1.4219471312869403
600601,方正科技,2026-05-27,13.19,13.38,12.8,13.04,267321581.0,3494936330.0,0.06410138630616653,13.19,13.38,12.8,13.04,1.0,0.9321712535089848
600601,方正科技,2026-05-28,12.91,13.09,12.68,12.96,184434121.0,2372064617.0,0.044225695486438336,12.91,13.09,12.68,12.96,1.0,0.5976926207433351
600601,方正科技,2026-05-29,13.11,14.26,13.1,13.43,486625022.0,6673928903.0,0.11668844095856513,13.11,14.26,13.1,13.43,1.0,1.6489912523634884
600601,方正科技,2026-06-01,13.25,13.45,12.29,12.43,350602433.0,4448936346.0,0.08407140910039308,13.25,13.45,12.29,12.43,1.0,1.0821994701023918
600601,方正科技,2026-06-02,12.5,12.97,12.05,12.67,267598753.0,3365850473.0,0.06416784973713528,12.5,12.97,12.05,12.67,1.0,0.8113182923086114
600601,方正科技,2026-06-03,12.66,12.94,12.17,12.36,247107973.0,3118107121.0,0.059254339202066776,12.66,12.94,12.17,12.36,1.0,0.7937519105563805
600601,方正科技,2026-06-04,12.13,12.91,12.04,12.62,235333250.0,2923418380.0,0.05643086320417828,12.13,12.91,12.04,12.62,1.0,0.7658751150152278
600601,方正科技,2026-06-05,12.5,12.92,12.2,12.42,209723840.0,2631007626.0,0.050289949786929695,12.5,12.92,12.2,12.42,1.0,0.6606443120548097
600601,方正科技,2026-06-08,11.68,12.49,11.52,12.05,210932645.0,2536232764.0,0.05057981069521838,11.68,12.49,11.52,12.05,1.0,0.8048614086366017
600601,方正科技,2026-06-09,12.27,12.61,12.07,12.38,171487736.0,2120937745.0,0.04112126514808358,12.27,12.61,12.07,12.38,1.0,0.7324175894984618
600601,方正科技,2026-06-10,12.22,12.38,11.67,11.89,167719684.0,2010753121.0,0.04021771910451247,12.22,12.38,11.67,11.89,1.0,0.7803924989700493
600601,方正科技,2026-06-11,11.8,11.95,11.52,11.72,146431913.0,1713835597.0,0.03511309707076724,11.8,11.95,11.52,11.72,1.0,0.7356929843715239
600601,方正科技,2026-06-12,11.96,12.89,11.88,12.89,370153795.0,4651577345.0,0.08875965538296204,11.96,12.89,11.88,12.89,1.0,2.042124589170288
600601,方正科技,2026-06-15,12.9,13.46,12.65,13.45,340542936.0,4495580520.0,0.0816592293548202,12.9,13.46,12.65,13.45,1.0,1.5962065632026312
600601,方正科技,2026-06-16,13.45,14.42,13.28,14.1,335806680.0,4675004377.0,0.08052351642672369,13.45,14.42,13.28,14.1,1.0,1.4034797165489445
600601,方正科技,2026-06-17,13.82,15.07,13.82,14.35,382160279.0,5514501128.0,0.09163870564962498,13.82,15.07,13.82,14.35,1.0,1.4043246699313217
600601,方正科技,2026-06-18,14.41,14.61,14.2,14.4,250699254.0,3608218701.0,0.06011549709980865,14.41,14.61,14.2,14.4,1.0,0.7958223409503099
600601,方正科技,2026-06-22,14.6,14.67,13.77,14.05,251017329.0,3543983331.0,0.060191768713843935,14.6,14.67,13.77,14.05,1.0,0.7473587823788495
600601,方正科技,2026-06-23,13.88,14.1,13.31,13.43,196704848.0,2684288498.0,0.04716810892250323,13.88,14.1,13.31,13.43,1.0,0.6303727400272975
600601,方正科技,2026-06-24,13.43,13.64,13.05,13.29,173506369.0,2312287124.0,0.041605315755817246,13.43,13.64,13.05,13.29,1.0,0.6124957328971046
600601,方正科技,2026-06-25,13.38,14.54,13.1,14.16,334316244.0,4668712905.0,0.08016612285811159,13.38,14.54,13.1,14.16,1.0,1.3329057567734044
600601,方正科技,2026-06-26,13.99,14.18,12.96,13.0,253600976.0,3396148225.0,0.060811304756561595,13.99,14.18,12.96,13.0,1.0,1.051200945867634
600601,方正科技,2026-06-29,12.96,13.09,12.02,12.58,238676659.0,2976543863.0,0.05723258355569945,12.96,13.09,12.02,12.58,1.0,0.9869639612996007
600601,方正科技,2026-06-30,12.57,13.84,12.48,13.84,194125217.0,2603492205.0,0.0465495358815995,12.57,13.84,12.48,13.84,1.0,0.8110143316100987
600601,方正科技,2026-07-01,14.5,14.98,13.85,13.97,392433563.0,5658342985.0,0.09410214965535588,14.5,14.98,13.85,13.97,1.0,1.643046369807564
600601,方正科技,2026-07-02,13.62,15.37,13.42,14.92,525485439.0,7732047740.0,0.12600683041600186,13.62,15.37,13.42,14.92,1.0,1.8592663561623033
600601,方正科技,2026-07-03,15.18,15.76,14.41,15.12,480231750.0,7336608393.0,0.11515539002904665,15.18,15.76,14.41,15.12,1.0,1.496681444570037
600601,方正科技,2026-07-06,15.35,15.86,14.6,14.99,359487841.0,5427967656.0,0.08620205253204294,15.35,15.86,14.6,14.99,1.0,0.981696182365675
600601,方正科技,2026-07-07,15.0,15.85,14.48,14.7,332252158.0,4969398752.0,0.0796711730169495,15.0,15.85,14.48,14.7,1.0,0.8511587219152301
600601,方正科技,2026-07-08,14.89,14.99,13.25,13.3,363394123.0,4991220016.0,0.08713874492539977,14.89,14.99,13.25,13.3,1.0,0.8694093766052559
600601,方正科技,2026-07-09,13.64,13.96,12.93,13.88,295427237.0,3993280497.0,0.07084087776774152,13.64,13.96,12.93,13.88,1.0,0.7167601937682927
600601,方正科技,2026-07-10,14.08,14.45,13.13,13.18,242650506.0,3375423530.0,0.05818547744745225,14.08,14.45,13.13,13.18,1.0,0.6626923184469994
600601,方正科技,2026-07-13,13.0,13.94,12.01,12.18,336718115.0,4365127308.0,0.08074207059960194,13.0,13.94,12.01,12.18,1.0,1.0567273643797526
600601,方正科技,2026-07-14,12.18,12.85,11.65,12.63,288283960.0,3551113309.0,0.06912798217301977,12.18,12.85,11.65,12.63,1.0,0.9178433029808046
600601,方正科技,2026-07-15,12.69,12.8,11.61,11.71,237187751.0,2873591526.0,0.056875556388175916,12.69,12.8,11.61,11.71,1.0,0.7769138556162224
600601,方正科技,2026-07-16,11.4,11.98,11.01,11.68,203524512.0,2360791319.0,0.04880340493903493,11.4,11.98,11.01,11.68,1.0,0.7267343631522755
600601,方正科技,2026-07-17,11.45,11.52,10.51,10.51,251922101.0,2733088526.0,0.06040872515736805,11.45,11.52,10.51,10.51,1.0,0.9627364345476099
600601,方正科技,2026-07-20,10.63,10.72,9.46,9.72,250000317.0,2492740125.0,0.059947898096117766,10.63,10.72,9.46,9.72,1.0,0.9486695631677199
600601,方正科技,2026-07-21,9.77,10.64,8.92,10.53,288813913.0,2874155762.0,0.06925506028564364,9.77,10.64,8.92,10.53,1.0,1.1731641043528562
600601,方正科技,2026-07-22,10.47,11.3,10.28,10.55,223874986.0,2426089252.0,0.053683271317603136,10.47,11.3,10.28,10.55,1.0,0.9089903837268907
600601,方正科技,2026-07-23,10.64,11.01,10.37,10.53,167085390.0,1774069010.0,0.04006562092907304,10.64,11.01,10.37,10.53,1.0,0.6858241339849794
600601,方正科技,2026-07-24,10.25,10.44,10.04,10.15,121846563.0,1248638025.0,0.029217744320244977,10.25,10.44,10.04,10.15,1.0,0.5155576819255704
600601,方正科技,2026-07-27,10.15,10.5,9.96,10.5,126953294.0,1301465682.0,0.030442293925885218,10.15,10.5,9.96,10.5,1.0,0.6036075430124781
600601,方正科技,2026-07-28,10.2,10.34,9.76,9.81,165347137.0,1658827388.0,0.039648803002761086,10.2,10.34,9.76,9.81,1.0,0.8903281321812723
600601,方正科技,2026-07-29,9.8,9.88,9.27,9.59,162915472.0,1549537093.0,0.03906571091962626,9.8,9.88,9.27,9.59,1.0,1.0117623938779743
600601,方正科技,2026-07-30,9.41,9.53,8.68,8.68,214013668.0,1923506853.0,0.05131861316976002,9.41,9.53,8.68,8.68,1.0,1.437978126755498
600601,方正科技,2026-07-31,9.3,9.53,9.09,9.19,242332744.0,2256134315.0,0.05810928088809021,9.3,9.53,9.09,9.19,1.0,1.5316651178355483
600601,方正科技,2026-08-03,9.15,9.28,8.9,9.06,140236993.0,1269160718.0,0.033627609222871425,9.15,9.28,8.9,9.06,1.0,0.7692123220341771
600601,方正科技,2026-08-04,9.19,9.87,9.15,9.86,200275763.0,1915537791.0,0.048024383230866996,9.19,9.87,9.15,9.86,1.0,1.0827519390703673
600601,方正科技,2026-08-05,9.62,10.85,9.58,10.64,310521098.0,3216723597.0,0.07446025414279214,9.62,10.85,9.58,10.64,1.0,1.617677135124137
600601,方正科技,2026-08-06,10.39,11.7,10.39,11.7,351207866.0,4024133331.0,0.08421658665946005,10.39,11.7,10.39,11.7,1.0,1.5857599994471998
600601,方正科技,2026-08-07,11.93,12.87,11.73,12.87,421332013.0,5294323951.0,0.10103174621157046,11.93,12.87,11.73,12.87,1.0,1.6926749872637592
600601,方正科技,2026-08-10,13.03,13.36,12.78,13.22,419992565.0,5478311945.0,0.10071055825000061,13.03,13.36,12.78,13.22,1.0,1.4751345689517579
600601,方正科技,2026-08-11,12.96,13.3,12.6,12.74,284938690.0,3683528303.0,0.06832581556991102,12.96,13.3,12.6,12.74,1.0,0.8364169193930472
600601,方正科技,2026-08-12,12.9,13.04,12.62,12.96,201238919.0,2581167556.0,0.048255339648968915,12.9,13.04,12.62,12.96,1.0,0.5627510998045544
600601,方正科技,2026-08-13,13.1,13.35,12.55,12.58,234211127.0,3038901136.0,0.05616178788434455,13.1,13.35,12.55,12.58,1.0,0.6975925550140254
600601,方正科技,2026-08-14,12.58,12.83,12.38,12.66,141416846.0,1782407254.0,0.033910527693780404,12.58,12.83,12.38,12.66,1.0,0.45276186330828705
600601,方正科技,2026-08-17,12.66,13.02,12.5,12.99,171068790.0,2180456081.0,0.04102080554700325,12.66,13.02,12.5,12.99,1.0,0.6673000362825457
600601,方正科技,2026-08-18,12.92,13.5,12.84,13.14,213941728.0,2810926969.0,0.05130136258447762,12.92,13.5,12.84,13.14,1.0,1.0356619052602458
600601,方正科技,2026-08-19,12.81,13.05,12.16,12.3,216721738.0,2726922869.0,0.05196798476394545,12.81,13.05,12.16,12.3,1.0,1.1265559194284436
600601,方正科技,2026-08-20,12.6,12.68,12.11,12.32,134275569.0,1659920965.0,0.032198111681635305,12.6,12.68,12.11,12.32,1.0,0.68692977786392
600601,方正科技,2026-08-21,12.25,12.68,12.01,12.46,144133187.0,1789444728.0,0.034561882601711606,12.25,12.68,12.01,12.46,1.0,0.8213422289330636
600601,方正科技,2026-08-24,12.45,12.45,11.21,11.54,210266942.0,2454648558.0,0.05042018091520382,12.45,12.45,11.21,11.54,1.0,1.1945071251832542
600601,方正科技,2026-08-25,11.27,11.76,11.08,11.55,126654202.0,1447712512.0,0.030370574269876285,11.27,11.76,11.08,11.55,1.0,0.6888328429789378
600601,方正科技,2026-08-26,11.58,11.86,11.26,11.6,110167165.0,1275104077.0,0.026417126426916456,11.58,11.86,11.26,11.6,1.0,0.6620212013812538
600601,方正科技,2026-08-27,11.74,12.59,11.7,12.43,181643217.0,2225031777.0,0.04355646102067545,11.74,12.59,11.7,12.43,1.0,1.251853561943769
600601,方正科技,2026-08-28,12.32,12.98,12.23,12.33,157788759.0,1990310291.0,0.03783636980446263,12.32,12.98,12.23,12.33,1.0,1.020804523391405
600601,方正科技,2026-08-31,12.09,12.84,12.07,12.79,147643410.0,1844432819.0,0.0354036034972041,12.09,12.84,12.07,12.79,1.0,0.9385861548376976
600601,方正科技,2026-09-01,12.73,12.73,12.26,12.27,132288322.0,1635135152.0,0.03172158716327713,12.73,12.73,12.26,12.27,1.0,0.9137236867810623
600601,方正科技,2026-09-02,12.13,12.2,11.9,12.06,101440146.0,1222250400.0,0.024324463297633773,12.13,12.2,11.9,12.06,1.0,0.6952423108761293
600601,方正科技,2026-09-03,12.16,12.92,11.97,12.62,204582888.0,2550468417.0,0.04905719428361154,12.16,12.92,11.97,12.62,1.0,1.4191300924980903
600601,方正科技,2026-09-04,12.84,13.88,12.84,13.09,414411407.0,5551176328.0,0.09937224518281225,12.84,13.88,12.84,13.09,1.0,2.785983293098249
600601,方正科技,2026-09-07,13.58,14.09,13.27,13.97,392783452.0,5382320782.0,0.09418604998943807,13.58,14.09,13.27,13.97,1.0,1.963198389756028
600601,方正科技,2026-09-08,14.04,15.04,14.04,14.48,373440902.0,5419001214.0,0.08954787500536769,14.04,15.04,14.04,14.48,1.0,1.4991531053901646
600601,方正科技,2026-09-09,14.68,15.05,14.14,14.62,246663093.0,3618449522.0,0.059147660853714916,14.68,15.05,14.14,14.62,1.0,0.8295887860401754
600601,方正科技,2026-09-10,14.33,15.22,14.33,14.82,216715881.0,3216755424.0,0.051966580306369706,14.33,15.22,14.33,14.82,1.0,0.6640060839653662
600844,金煤科技,2026-03-20,3.68,3.82,3.58,3.66,111546700.0,413762921.0,0.1355810703895583,3.68,3.82,3.58,3.66,1.0,0.6307720395593157
600844,金煤科技,2026-03-23,3.64,4.03,3.62,4.03,75895955.0,298238855.0,0.0922488501868522,3.64,4.03,3.62,4.03,1.0,0.5082006761113946
600844,金煤科技,2026-03-24,4.0,4.24,3.91,4.12,194354862.0,792789926.0,0.2362314638207576,4.0,4.24,3.91,4.12,1.0,1.637117939503864
600844,金煤科技,2026-03-25,3.9,4.15,3.85,4.13,150354668.0,604240022.0,0.1827507835328762,3.9,4.15,3.85,4.13,1.0,1.1633234042785174
600844,金煤科技,2026-03-26,4.07,4.54,4.05,4.54,184689468.0,794584862.0,0.2244835191100955,4.07,4.54,4.05,4.54,1.0,1.3285502222456056
600844,金煤科技,2026-03-27,4.54,4.99,4.5,4.99,97466660.0,470361317.0,0.1184672795348957,4.54,4.99,4.5,4.99,1.0,0.6798339604855523
600844,金煤科技,2026-03-30,5.49,5.49,4.98,5.2,281136147.0,1487865787.0,0.3417110477984219,5.49,5.49,4.98,5.2,1.0,2.000224128633503
600844,金煤科技,2026-03-31,5.05,5.45,4.8,4.87,212695396.0,1075264515.0,0.2585237345130873,5.05,5.45,4.8,4.87,1.0,1.1712278259182536
600844,金煤科技,2026-04-01,4.8,4.86,4.38,4.38,166123751.0,738444533.0,0.2019175464420594,4.8,4.86,4.38,4.38,1.0,0.8966650017278331
600844,金煤科技,2026-04-02,4.25,4.77,4.17,4.45,191857932.0,857720612.0,0.2331965336786037,4.25,4.77,4.17,4.45,1.0,1.0182337647106883
600844,金煤科技,2026-04-03,4.23,4.3,4.01,4.01,113250651.0,461254168.0,0.1376521625910431,4.23,4.3,4.01,4.01,1.0,0.5965082199160807
600844,金煤科技,2026-04-07,3.84,4.3,3.82,4.27,160127871.0,661998334.0,0.1946297662717151,3.84,4.3,3.82,4.27,1.0,0.8296231721871815
600844,金煤科技,2026-04-08,3.87,4.0,3.87,3.94,145412695.0,570207481.0,0.1767439900627305,3.87,4.0,3.87,3.94,1.0,0.8613928681222033
600844,金煤科技,2026-04-09,3.99,4.03,3.68,3.89,150055533.0,576787910.0,0.1823871955155616,3.99,4.03,3.68,3.89,1.0,0.9658906290371355
600844,金煤科技,2026-04-10,3.95,4.16,3.88,3.89,143469240.0,574898704.0,0.1743817892163232,3.95,4.16,3.88,3.89,1.0,0.9430022148858024
600844,金煤科技,2026-04-13,4.09,4.11,3.73,4.01,133241786.0,519074358.0,0.1619506804459161,4.09,4.11,3.73,4.01,1.0,0.9352716201134275
600844,金煤科技,2026-04-14,3.96,3.97,3.78,3.8,98701900.0,378857928.0,0.1199686700860102,3.96,3.97,3.78,3.8,1.0,0.6739105535809173
600844,金煤科技,2026-04-15,3.72,3.76,3.58,3.61,84143500.0,306153295.0,0.102273449562594,3.72,3.76,3.58,3.61,1.0,0.6271118177810671
600844,金煤科技,2026-04-16,3.61,3.62,3.47,3.54,56141200.0,198210373.0,0.0682376438653431,3.61,3.62,3.47,3.54,1.0,0.46046668844959454
600844,金煤科技,2026-04-17,3.55,3.56,3.4,3.44,64232075.0,221137225.0,0.0780718163947691,3.55,3.56,3.4,3.44,1.0,0.622768767603363
600844,金煤科技,2026-04-20,3.42,3.49,3.39,3.47,50978304.0,176110898.0,0.0619623262988892,3.42,3.49,3.39,3.47,1.0,0.5839968170679268
600844,金煤科技,2026-04-21,3.46,3.5,3.39,3.46,43593800.0,149665205.0,0.0529867227479462,3.46,3.5,3.39,3.46,1.0,0.6153892125658136
600844,金煤科技,2026-04-22,3.46,3.47,3.4,3.42,31527500.0,107858472.0,0.0383205616724367,3.46,3.47,3.4,3.42,1.0,0.5270590485579372
600844,金煤科技,2026-04-23,3.42,3.52,3.33,3.5,76409505.0,263263735.0,0.0928730520565495,3.42,3.52,3.33,3.5,1.0,1.5500590837826016
600844,金煤科技,2026-04-24,3.45,3.66,3.43,3.53,85736193.0,304460873.0,0.1042093115983329,3.45,3.66,3.43,3.53,1.0,1.6071045294602877
600844,金煤科技,2026-04-27,3.47,3.54,3.3,3.53,62998206.0,215312378.0,0.0765720922456863,3.47,3.54,3.3,3.53,1.0,1.0927880795087512
600844,金煤科技,2026-04-28,3.5,3.54,3.44,3.49,41031306.0,142798953.0,0.0498721018816469,3.5,3.54,3.44,3.49,1.0,0.6832510969203078
600844,金煤科技,2026-04-29,3.49,3.62,3.44,3.58,62246582.0,222224750.0,0.0756585198455124,3.49,3.62,3.44,3.58,1.0,1.0454486961170089
600844,金煤科技,2026-04-30,3.62,3.84,3.6,3.73,86626876.0,322959355.0,0.1052919052969164,3.62,3.84,3.6,3.73,1.0,1.318835687980169
600844,金煤科技,2026-05-06,3.66,3.79,3.6,3.78,61809000.0,228962251.0,0.0751266543941525,3.66,3.79,3.6,3.78,1.0,0.9126085632334262
600844,金煤科技,2026-05-07,3.7,3.78,3.57,3.62,61724376.0,225380739.0,0.0750237969138268,3.7,3.78,3.57,3.62,1.0,0.9806486864798947
600844,金煤科技,2026-05-08,3.65,3.65,3.56,3.59,37349300.0,134420663.0,0.0453967537569532,3.65,3.65,3.56,3.59,1.0,0.5958001792634425
600844,金煤科技,2026-05-11,3.6,3.67,3.55,3.61,39422000.0,141912328.0,0.0479160473317199,3.6,3.67,3.55,3.61,1.0,0.6363392952211885
600844,金煤科技,2026-05-12,3.6,3.61,3.42,3.48,42448300.0,148370488.0,0.0515944079942937,3.6,3.61,3.42,3.48,1.0,0.7396938347163716
600844,金煤科技,2026-05-13,3.47,3.54,3.44,3.45,37752501.0,131521112.0,0.0458868303182691,3.47,3.54,3.44,3.45,1.0,0.7775908996477142
600844,金煤科技,2026-05-14,3.45,3.49,3.38,3.42,36499500.0,125629693.0,0.0443638518995513,3.45,3.49,3.38,3.42,1.0,0.8344784630435542
600844,金煤科技,2026-05-15,3.42,3.53,3.41,3.5,41447200.0,144092757.0,0.0503776063357329,3.42,3.53,3.41,3.5,1.0,1.071144286442329
600844,金煤科技,2026-05-18,3.51,3.53,3.41,3.52,37734614.0,131060419.0,0.0458650893021202,3.51,3.53,3.41,3.52,1.0,0.95497062575463
600844,金煤科技,2026-05-19,3.49,3.53,3.35,3.4,37571855.0,128360736.0,0.0456672614915661,3.49,3.53,3.35,3.4,1.0,0.9590425088068913
600844,金煤科技,2026-05-20,3.4,3.4,3.27,3.32,35360100.0,117082733.0,0.0429789514802483,3.4,3.4,3.27,3.32,1.0,0.9256295899488219
600844,金煤科技,2026-05-21,3.3,3.33,3.11,3.13,39193100.0,126493553.0,0.047637827473919,3.3,3.33,3.11,3.13,1.0,1.038980454763233
600844,金煤科技,2026-05-22,3.16,3.22,3.11,3.21,28983600.0,91841525.0,0.0352285411557921,3.16,3.22,3.11,3.21,1.0,0.7575159258918195
600844,金煤科技,2026-05-25,3.21,3.26,3.11,3.14,25249604.0,79644816.0,0.0306900010240775,3.21,3.26,3.11,3.14,1.0,0.7059142941521608
600844,金煤科技,2026-05-26,3.13,3.14,3.05,3.09,21369604.0,65911095.0,0.0259739981919768,3.13,3.14,3.05,3.09,1.0,0.6422766181990399
600844,金煤科技,2026-05-27,3.09,3.11,2.97,3.02,27038900.0,81562378.0,0.0328648270558988,3.09,3.11,2.97,3.02,1.0,0.9003602439937002
600844,金煤科技,2026-05-28,3.01,3.08,2.99,3.07,17870200.0,54416855.0,0.0217205963428365,3.01,3.08,2.99,3.07,1.0,0.6299652480228971
600844,金煤科技,2026-05-29,3.03,3.06,2.95,2.98,20747200.0,62142096.0,0.0252174881335462,3.03,3.06,2.95,2.98,1.0,0.8607946029698575
600844,金煤科技,2026-06-01,2.98,3.09,2.96,3.07,24608817.0,75106347.0,0.0299111470790329,2.98,3.09,2.96,3.07,1.0,1.0959120754991374
600844,金煤科技,2026-06-02,3.07,3.13,2.97,3.05,26637400.0,80787500.0,0.0323768179999482,3.07,3.13,2.97,3.05,1.0,1.1930607145065557
600844,金煤科技,2026-06-03,3.03,3.04,2.96,3.01,22863000.0,68396392.0,0.027789168234618,3.03,3.04,2.96,3.01,1.0,0.9778660283251216
600844,金煤科技,2026-06-04,3.02,3.04,2.93,2.98,26682500.0,79309962.0,0.0324316354555481,3.02,3.04,2.93,2.98,1.0,1.1835048682424312
600844,金煤科技,2026-06-05,2.97,3.02,2.89,2.97,26047800.0,76792654.0,0.0316601800438124,2.97,3.02,2.89,2.97,1.0,1.071582693138528
600844,金煤科技,2026-06-08,2.94,3.08,2.87,2.91,32270800.0,95787527.0,0.0392240165448853,2.94,3.08,2.87,2.91,1.0,1.2721114351137115
600844,金煤科技,2026-06-09,2.92,2.94,2.82,2.87,20646500.0,59302799.0,0.0250950908435481,2.92,2.94,2.82,2.87,1.0,0.7675193213458587
600844,金煤科技,2026-06-10,2.86,2.92,2.8,2.83,20827700.0,59302069.0,0.0253153330376658,2.86,2.92,2.8,2.83,1.0,0.8103494964617705
600844,金煤科技,2026-06-11,2.87,3.1,2.78,2.88,50992621.0,146055861.0,0.0619797281062467,2.87,3.1,2.78,2.88,1.0,2.015912237409202
600844,金煤科技,2026-06-12,2.85,2.89,2.71,2.83,45612501.0,128597421.0,0.0554403824472154,2.85,2.89,2.71,2.83,1.0,1.5124970536773579
600844,金煤科技,2026-06-15,2.8,2.9,2.78,2.8,34410101.0,97375640.0,0.0418242612806368,2.8,2.9,2.78,2.8,1.0,1.0099816952288416
600844,金煤科技,2026-06-16,2.82,2.82,2.74,2.77,22862800.0,63431821.0,0.0277889251416885,2.82,2.82,2.74,2.77,1.0,0.6627304910168318
600844,金煤科技,2026-06-17,2.77,2.78,2.65,2.66,26846700.0,72154832.0,0.0326312147506592,2.77,2.78,2.65,2.66,1.0,0.7683405998096582
600844,金煤科技,2026-06-18,2.67,2.67,2.57,2.6,24831901.0,64670397.0,0.0301822977944443,2.67,2.67,2.57,2.6,1.0,0.6870089655636102
600844,金煤科技,2026-06-22,2.61,2.68,2.53,2.67,27788300.0,72116867.0,0.0337756962626968,2.61,2.68,2.53,2.67,1.0,0.8989253468027739
600844,金煤科技,2026-06-23,2.66,2.78,2.66,2.7,29895700.0,81826860.0,0.03633716646073,2.66,2.78,2.66,2.7,1.0,1.0931601319709385
600844,金煤科技,2026-06-24,2.69,2.72,2.53,2.54,30251400.0,78104497.0,0.0367695072358275,2.69,2.72,2.53,2.54,1.0,1.143933002706492
600844,金煤科技,2026-06-25,2.55,2.55,2.46,2.5,23341500.0,58063037.0,0.0283707680684222,2.55,2.55,2.46,2.5,1.0,0.8359297718285432
600844,金煤科技,2026-06-26,2.5,2.52,2.44,2.46,22808400.0,56360333.0,0.0277228038648673,2.5,2.52,2.44,2.46,1.0,0.837873812436273
600844,金煤科技,2026-06-29,2.45,2.49,2.36,2.43,27005200.0,65213264.0,0.0328238658972798,2.45,2.49,2.36,2.43,1.0,1.0070156833001083
600844,金煤科技,2026-06-30,2.44,2.47,2.39,2.42,19969801.0,48372949.0,0.0242725871320843,2.44,2.47,2.39,2.42,1.0,0.7490424389094854
600844,金煤科技,2026-07-01,2.42,2.56,2.41,2.52,32211100.0,80431988.0,0.0391514533054326,2.42,2.56,2.41,2.52,1.0,1.3054006214694345
600844,金煤科技,2026-07-02,2.5,2.64,2.48,2.53,31745501.0,81635310.0,0.0385855341810452,2.5,2.64,2.48,2.53,1.0,1.2664159039189387
600844,金煤科技,2026-07-03,2.53,2.57,2.48,2.54,24062901.0,60738612.0,0.0292476054805563,2.53,2.57,2.48,2.54,1.0,0.8996149484131158
600844,金煤科技,2026-07-06,2.58,2.65,2.52,2.54,24741100.0,63627681.0,0.0300719323889913,2.58,2.65,2.52,2.54,1.0,0.9163743504429954
600844,金煤科技,2026-07-07,2.54,2.55,2.44,2.46,20955600.0,51788587.0,0.0254707909660745,2.54,2.55,2.44,2.46,1.0,0.7894046701568441
600844,金煤科技,2026-07-08,2.47,2.49,2.4,2.44,18969100.0,46233606.0,0.0230562704439178,2.47,2.49,2.4,2.44,1.0,0.7093044715703188
600844,金煤科技,2026-07-09,2.49,2.53,2.42,2.48,26988800.0,66575186.0,0.0328039322770616,2.49,2.53,2.42,2.48,1.0,1.1201070250708114
600844,金煤科技,2026-07-10,2.45,2.58,2.4,2.53,30730100.0,77358490.0,0.0373513501625612,2.45,2.58,2.4,2.53,1.0,1.327806932159726
600844,金煤科技,2026-07-13,2.58,2.59,2.43,2.45,28569100.0,70751947.0,0.0347247310594247,2.58,2.59,2.43,2.45,1.0,1.1671842967299018
600844,金煤科技,2026-07-14,2.61,2.7,2.61,2.7,27311900.0,73474758.0,0.0331966489046523,2.61,2.7,2.61,2.7,1.0,1.0819790718366693
600844,金煤科技,2026-07-15,2.75,2.97,2.68,2.97,92851950.0,264122935.0,0.112858262671668,2.75,2.97,2.68,2.97,1.0,3.502023474567961
600844,金煤科技,2026-07-16,3.06,3.2,2.79,2.84,139284759.0,406482454.0,0.1692957004929027,3.06,3.2,2.79,2.84,1.0,3.373298883008314
600844,金煤科技,2026-07-17,2.82,2.97,2.7,2.82,106342001.0,299410458.0,0.1292549427544471,2.82,2.97,2.7,2.82,1.0,1.6681212858156462
600844,金煤科技,2026-07-20,2.76,2.98,2.74,2.92,117302015.0,335338710.0,0.1425764523069892,2.76,2.98,2.74,2.92,1.0,1.487246440565645
600844,金煤科技,2026-07-21,2.78,2.79,2.63,2.69,92115560.0,245297037.0,0.1119632066599333,2.78,2.79,2.63,2.69,1.0,0.9533943930524711
600844,金煤科技,2026-07-22,2.7,2.84,2.65,2.79,77345395.0,213989076.0,0.0940105932654502,2.7,2.84,2.65,2.79,1.0,0.7058397466593518
600844,金煤科技,2026-07-23,2.74,3.07,2.73,3.07,102146551.0,300660140.0,0.1241555215993087,2.74,3.07,2.73,3.07,1.0,0.9593212006550164
600844,金煤科技,2026-07-24,3.19,3.31,2.98,3.02,153794044.0,484641214.0,0.1869312234701595,3.19,3.31,2.98,3.02,1.0,1.5526862328350401
600844,金煤科技,2026-07-27,2.8,3.05,2.8,3.02,98595295.0,293437501.0,0.1198390954772689,2.8,3.05,2.8,3.02,1.0,0.90837154349631
600844,金煤科技,2026-07-28,3.02,3.21,2.99,3.14,95928500.0,299739057.0,0.1165977004327761,3.02,3.21,2.99,3.14,1.0,0.915353793780953
600844,金煤科技,2026-07-29,3.13,3.45,3.09,3.45,102670401.0,340395629.0,0.1247922427548747,3.13,3.45,3.09,3.45,1.0,0.9726079727756468
600844,金煤科技,2026-07-30,3.45,3.46,3.28,3.32,130335996.0,437980352.0,0.1584187954280063,3.45,3.46,3.28,3.32,1.0,1.1781576400606484
600844,金煤科技,2026-07-31,3.16,3.33,3.16,3.3,80997817.0,265078947.0,0.0984499830840138,3.16,3.33,3.16,3.3,1.0,0.6966664383144693
600844,金煤科技,2026-08-03,3.24,3.42,3.2,3.41,71512616.0,238944750.0,0.0869210565945694,3.24,3.42,3.2,3.41,1.0,0.7031335023278924
600844,金煤科技,2026-08-04,3.4,3.51,3.35,3.48,79790601.0,274883460.0,0.0969826547141795,3.4,3.51,3.35,3.48,1.0,0.8286569214411115
600844,金煤科技,2026-08-05,3.46,3.51,3.37,3.48,71439995.0,245880436.0,0.086832788336407,3.46,3.51,3.37,3.48,1.0,0.7676644540843364
600844,金煤科技,2026-08-06,3.45,3.57,3.38,3.46,58754400.0,202293410.0,0.0714138960820559,3.45,3.57,3.38,3.46,1.0,0.6767738974436622
600844,金煤科技,2026-08-07,3.43,3.48,3.37,3.44,44956390.0,153951873.0,0.0546429027219132,3.43,3.48,3.37,3.44,1.0,0.6200959571272276
600844,金煤科技,2026-08-10,3.45,3.6,3.43,3.57,63350502.0,224379818.0,0.0770002955791239,3.45,3.6,3.43,3.57,1.0,0.9702822083951662
600844,金煤科技,2026-08-11,3.61,3.67,3.46,3.48,55365001.0,195512051.0,0.0672942014214581,3.61,3.67,3.46,3.48,1.0,0.8697205786155631
600844,金煤科技,2026-08-12,3.48,3.54,3.44,3.5,35138512.0,122457479.0,0.0427096190999495,3.48,3.54,3.44,3.5,1.0,0.5978656524221655
600844,金煤科技,2026-08-13,3.5,3.58,3.44,3.54,41545100.0,145749021.0,0.0504966003247181,3.5,3.58,3.44,3.54,1.0,0.8064979996005277
600844,金煤科技,2026-08-14,3.54,3.54,3.4,3.47,30884200.0,106457907.0,0.037538653264733,3.54,3.54,3.4,3.47,1.0,0.6424691625016036
600844,金煤科技,2026-08-17,3.48,3.55,3.44,3.52,29100000.0,102003971.0,0.0353700212407552,3.48,3.55,3.44,3.52,1.0,0.6429992419016842
600844,金煤科技,2026-08-18,3.54,3.59,3.51,3.56,37026388.0,131440386.0,0.0450042656367162,3.54,3.59,3.51,3.56,1.0,0.9640640946086646
600844,金煤科技,2026-08-19,3.51,3.6,3.37,3.38,41686900.0,143497925.0,0.0506689532117264,3.51,3.6,3.37,3.38,1.0,1.200008405577158
600844,金煤科技,2026-08-20,3.44,3.59,3.39,3.52,53247707.0,186867984.0,0.064720705416203,3.44,3.59,3.39,3.52,1.0,1.4771122516283444
600844,金煤科技,2026-08-21,3.52,3.56,3.41,3.53,44049700.0,154035879.0,0.053540853080718,3.52,3.56,3.41,3.53,1.0,1.1474551368686254
600844,金煤科技,2026-08-24,3.55,3.6,3.45,3.58,52433200.0,185672013.0,0.0637307009526036,3.55,3.6,3.45,3.58,1.0,1.2781683568475062
600844,金煤科技,2026-08-25,3.79,3.94,3.69,3.72,143775094.0,548390844.0,0.174753543940604,3.79,3.94,3.69,3.72,1.0,3.146835987891031
600844,金煤科技,2026-08-26,3.56,3.7,3.48,3.65,114601764.0,414050611.0,0.1392943926772514,3.56,3.7,3.48,3.65,1.0,1.7094912545518866
600844,金煤科技,2026-08-27,3.6,3.7,3.6,3.63,65532300.0,239152663.0,0.079652193915998,3.6,3.7,3.6,3.63,1.0,0.8028804373867555
600844,金煤科技,2026-08-28,3.65,3.83,3.58,3.81,72536600.0,270970505.0,0.0881656729461224,3.65,3.83,3.58,3.81,1.0,0.8627256226615014
600844,金煤科技,2026-08-31,3.85,3.98,3.69,3.92,123676471.0,477858327.0,0.150324378221706,3.85,3.98,3.69,3.92,1.0,1.3776149315513249
600844,金煤科技,2026-09-01,3.9,4.31,3.86,4.11,141743574.0,584537339.0,0.1722843032000191,3.9,4.31,3.86,4.11,1.0,1.3625986940850399
600844,金煤科技,2026-09-02,4.29,4.31,3.76,3.87,122600800.0,484107155.0,0.1490169381489203,4.29,4.31,3.76,3.87,1.0,1.1831982109526693
600844,金煤科技,2026-09-03,3.88,3.95,3.67,3.7,92675000.0,349537220.0,0.112643186202302,3.88,3.95,3.67,3.7,1.0,0.8807907859903257
600844,金煤科技,2026-09-04,3.7,3.85,3.63,3.66,69190400.0,258656184.0,0.0840984851428298,3.7,3.85,3.63,3.66,1.0,0.6253284729170213
600844,金煤科技,2026-09-07,3.67,3.69,3.57,3.59,57761100.0,208316227.0,0.0702065750477452,3.67,3.69,3.57,3.59,1.0,0.5252095367470049
600844,金煤科技,2026-09-08,3.52,3.82,3.52,3.82,76277000.0,285953161.0,0.0927119969134393,3.52,3.82,3.52,3.82,1.0,0.7880329591900194
600844,金煤科技,2026-09-09,3.79,3.93,3.74,3.85,65357400.0,250491836.0,0.0794396091491592,3.79,3.93,3.74,3.85,1.0,0.7808450235756239
600844,金煤科技,2026-09-10,4.16,4.24,3.77,3.82,156774100.0,629408394.0,,4.16,4.24,3.77,3.82,1.0,2.169818267075125
601566,九牧王,2026-03-20,10.35,10.37,10.1,10.1,4894200.0,52281480.0,0.0085170267881218,10.79,10.81,10.53,10.53,0.9591642924976258,0.9886203818932546
601566,九牧王,2026-03-23,9.91,10.01,9.63,9.66,8476200.0,86735867.0,0.0147505256142941,10.34,10.44,10.04,10.07,0.9592850049652432,1.6946771638203522
601566,九牧王,2026-03-24,9.85,10.03,9.74,10.02,9022299.0,93056258.0,0.0157008627096246,10.27,10.46,10.16,10.45,0.9588516746411484,1.5255985154805243
601566,九牧王,2026-03-25,10.05,10.23,9.97,10.23,6234400.0,65895676.0,0.0108492811507226,10.48,10.67,10.4,10.67,0.9587628865979382,0.9602198167782795
601566,九牧王,2026-03-26,10.16,10.29,10.02,10.05,4748900.0,50171037.0,0.0082641715733137,10.6,10.73,10.45,10.48,0.958969465648855,0.7088270151022589
601566,九牧王,2026-03-27,10.02,10.17,9.96,10.16,4233272.0,44628059.0,0.0073668609834919,10.45,10.61,10.39,10.6,0.958490566037736,0.6341790698160076
601566,九牧王,2026-03-30,10.04,10.39,10.04,10.37,5783135.0,61886422.0,0.0100639768939408,10.47,10.84,10.47,10.81,0.9592969472710452,0.8838640454119754
601566,九牧王,2026-03-31,10.33,10.6,10.31,10.31,8394200.0,91536646.0,0.0146078268695297,10.77,11.05,10.75,10.75,0.9590697674418606,1.398007847976581
601566,九牧王,2026-04-01,10.4,10.45,10.23,10.36,6104881.0,65698899.0,0.0106238884833672,10.85,10.9,10.67,10.8,0.9592592592592591,1.0384602836227248
601566,九牧王,2026-04-02,10.3,10.38,10.2,10.25,3997460.0,42790559.0,0.0069564941981213,10.74,10.82,10.64,10.69,0.9588400374181478,0.6829905344338655
601566,九牧王,2026-04-03,10.25,10.25,9.98,9.99,4481351.0,47017418.0,0.0077985751530335,10.69,10.69,10.41,10.42,0.9587332053742804,0.7858449080747456
601566,九牧王,2026-04-07,9.99,10.14,9.94,10.12,3819600.0,40115999.0,0.0066469771402701,10.42,10.57,10.37,10.55,0.9592417061611374,0.6640235760704929
601566,九牧王,2026-04-08,10.21,10.38,10.21,10.35,5880906.0,63315272.0,0.010234120783872,10.65,10.82,10.65,10.79,0.959221501390176,1.0972866416006393
601566,九牧王,2026-04-09,10.35,10.35,10.14,10.16,4282200.0,45525095.0,0.0074520068881728,10.79,10.79,10.58,10.6,0.958490566037736,0.8816844599932846
601566,九牧王,2026-04-10,10.19,10.32,10.19,10.24,4353600.0,46634571.0,0.0075762592098335,10.63,10.76,10.63,10.68,0.9588014981273408,0.9691242136495054
601566,九牧王,2026-04-13,10.24,10.39,10.21,10.31,3803800.0,40853421.0,0.006619481528474,10.68,10.84,10.65,10.75,0.9590697674418606,0.8335211630186219
601566,九牧王,2026-04-14,10.33,10.35,10.19,10.28,4017988.0,42955075.0,0.0069922176107131,10.77,10.79,10.63,10.72,0.958955223880597,0.90740035300644
601566,九牧王,2026-04-15,10.36,10.36,10.26,10.27,3561034.0,38272984.0,0.006197013193456,10.8,10.8,10.7,10.71,0.9589169000933706,0.7970622370514324
601566,九牧王,2026-04-16,10.27,10.36,10.22,10.32,4362200.0,46831080.0,0.0075912251757478,10.71,10.8,10.66,10.76,0.95910780669145,1.089535533464791
601566,九牧王,2026-04-17,10.33,10.34,10.17,10.24,4554695.0,48599095.0,0.0079262104790823,10.77,10.78,10.61,10.68,0.9588014981273408,1.1330863877135458
601566,九牧王,2026-04-20,10.25,10.39,10.21,10.38,5257980.0,56735557.0,0.0091500871462974,10.69,10.84,10.65,10.82,0.9593345656192236,1.2950870201786557
601566,九牧王,2026-04-21,10.36,10.5,10.35,10.46,6155088.0,66914822.0,0.0107112601404207,10.8,10.95,10.79,10.91,0.9587534372135657,1.414709281743864
601566,九牧王,2026-04-22,10.43,10.45,10.1,10.2,9560742.0,101785211.0,0.0166378766148342,10.88,10.9,10.53,10.64,0.9586466165413532,2.00090896164777
601566,九牧王,2026-04-23,10.14,10.19,10.03,10.09,5730677.0,60342345.0,0.0099726879823206,10.57,10.63,10.46,10.52,0.9591254752851712,0.9586051918146461
601566,九牧王,2026-04-24,10.09,10.36,10.08,10.28,8604508.0,91827287.0,0.0149738108648213,10.52,10.8,10.51,10.72,0.958955223880597,1.3763168850675618
601566,九牧王,2026-04-27,10.19,10.52,9.96,10.48,13269385.0,142559605.0,0.0230917632109236,10.63,10.97,10.39,10.93,0.958828911253431,1.879037480392744
601566,九牧王,2026-04-28,10.35,10.46,10.24,10.33,6950170.0,74903656.0,0.0120948845719424,10.79,10.91,10.68,10.77,0.9591457753017644,0.8021821128152095
601566,九牧王,2026-04-29,10.24,10.42,10.24,10.38,5551900.0,60131589.0,0.0096615751348481,10.68,10.87,10.68,10.82,0.9593345656192236,0.6292462133815062
601566,九牧王,2026-04-30,10.38,10.49,10.37,10.41,6165300.0,67028015.0,0.0107290313548297,10.82,10.94,10.81,10.86,0.9585635359116024,0.7686133767376175
601566,九牧王,2026-05-06,10.43,10.48,10.31,10.4,6343600.0,68716296.0,0.0110393141132626,10.88,10.93,10.75,10.85,0.95852534562212,0.7823633910961284
601566,九牧王,2026-05-07,10.36,10.44,10.34,10.38,5050700.0,54671953.0,0.0087893725631905,10.8,10.89,10.78,10.82,0.9593345656192236,0.6596986887922016
601566,九牧王,2026-05-08,10.33,10.53,10.32,10.51,7509465.0,82079015.0,0.0130681857238084,10.77,10.98,10.76,10.96,0.958941605839416,1.2490099518755944
601566,九牧王,2026-05-11,10.54,10.54,10.33,10.41,7238200.0,78446099.0,0.0125961226140704,10.99,10.99,10.77,10.86,0.9585635359116024,1.1819026604811442
601566,九牧王,2026-05-12,10.42,10.72,10.35,10.56,13801191.0,151637633.0,0.0240172272189502,10.87,11.18,10.79,11.01,0.9591280653950954,2.1359268573183154
601566,九牧王,2026-05-13,10.58,10.9,10.54,10.75,17609871.0,196942721.0,0.0306452010629664,11.03,11.37,10.99,11.21,0.958965209634255,2.2043665002334816
601566,九牧王,2026-05-14,10.74,10.85,10.57,10.57,14061608.0,156600820.0,0.0244704123288931,11.2,11.32,11.02,11.02,0.9591651542649728,1.3729511169886748
601566,九牧王,2026-05-15,10.52,11.14,10.36,10.93,26820178.0,304112740.0,0.0466732406702212,10.97,11.62,10.8,11.4,0.9587719298245614,2.22683732994843
601566,九牧王,2026-05-18,10.93,11.36,10.93,10.99,21546678.0,248999099.0,0.0374961451761341,11.4,11.85,11.4,11.46,0.9589877835951134,1.3546079513500187
601566,九牧王,2026-05-19,10.97,11.26,10.77,10.92,17507575.0,200538766.0,0.0304671826386442,11.44,11.74,11.23,11.39,0.9587357330992098,0.9328465171488611
601566,九牧王,2026-05-20,10.92,11.51,10.82,11.49,31791239.0,375883301.0,0.0553240231683593,11.39,12.0,11.28,11.98,0.9590984974958264,1.6295526383422945
601566,九牧王,2026-05-21,11.49,11.69,11.23,11.55,29252678.0,349840239.0,0.0509063467267996,11.98,12.19,11.71,12.05,0.95850622406639,1.3091108332559573
601566,九牧王,2026-05-22,11.55,11.68,11.31,11.62,22154361.0,265707336.0,0.0385536525092399,12.05,12.18,11.8,12.12,0.9587458745874587,0.8727800727440921
601566,九牧王,2026-05-25,11.63,12.78,11.44,12.18,38803812.0,488665634.0,0.0675275032252961,12.13,13.33,11.93,12.7,0.9590551181102362,1.5870351183158735
601566,九牧王,2026-05-26,11.95,12.71,11.9,12.64,33574207.0,435278813.0,0.0584267950653729,12.46,13.26,12.41,13.18,0.9590288315629742,1.2032932270319765
601566,九牧王,2026-05-27,12.58,12.6,11.37,11.64,34579182.0,434226640.0,0.0601756812973195,13.12,13.14,11.86,12.14,0.9588138385502472,1.111325525378715
601566,九牧王,2026-05-28,11.2,11.36,10.48,10.51,30688161.0,344626207.0,0.0534044152905881,11.68,11.85,10.93,10.96,0.958941605839416,0.9689106896860049
601566,九牧王,2026-05-29,10.54,11.56,10.13,11.56,33908707.0,399127356.0,0.0590089015302961,10.99,12.06,10.56,12.06,0.9585406301824212,1.0609751495001027
601566,九牧王,2026-06-01,11.45,12.47,11.32,12.22,42156737.0,533640345.0,0.0733623591861403,11.94,13.0,11.81,12.74,0.9591836734693878,1.2286720229294008
601566,九牧王,2026-06-02,12.08,12.32,11.65,11.78,26462214.0,326867151.0,0.0460503014815523,12.6,12.85,12.15,12.28,0.9592833876221498,0.7564652903473946
601566,九牧王,2026-06-03,11.78,11.93,11.38,11.66,20547732.0,248830236.0,0.035757750782385,12.28,12.44,11.87,12.16,0.9588815789473684,0.6122867748604739
601566,九牧王,2026-06-04,11.45,11.5,10.95,11.08,18364845.0,205717299.0,0.0319590284060123,11.45,11.5,10.95,11.08,1.0,0.5971780984688627
601566,九牧王,2026-06-05,11.0,11.39,10.81,11.19,17813812.0,199024877.0,0.0310001050227956,11.0,11.39,10.81,11.19,1.0,0.6297292987387924
601566,九牧王,2026-06-08,11.05,11.74,10.76,10.92,16926200.0,189099942.0,0.0294554572394075,11.05,11.74,10.76,10.92,1.0,0.6751826593633238
601566,九牧王,2026-06-09,11.0,11.07,10.66,10.73,11707347.0,126487072.0,0.0203734600173344,11.0,11.07,10.66,10.73,1.0,0.5846961013347846
601566,九牧王,2026-06-10,10.63,10.7,10.13,10.24,14211451.0,146635538.0,0.0247311734022069,10.63,10.7,10.13,10.24,1.0,0.8324426930217005
601566,九牧王,2026-06-11,10.14,10.19,9.61,9.89,12113000.0,118860291.0,0.0210793889674553,10.14,10.19,9.61,9.89,1.0,0.7664160813619668
601566,九牧王,2026-06-12,9.87,9.94,9.3,9.74,14774973.0,142405423.0,0.0257118305003426,9.87,9.94,9.3,9.74,1.0,1.015157723849386
601566,九牧王,2026-06-15,9.75,9.9,9.58,9.62,11322346.0,109605546.0,0.0197034702681509,9.75,9.9,9.58,9.62,1.0,0.8118359104475844
601566,九牧王,2026-06-16,9.68,9.69,9.49,9.65,8096300.0,77560833.0,0.0140894127711722,9.68,9.69,9.49,9.65,1.0,0.6312499203754824
601566,九牧王,2026-06-17,9.56,9.59,9.21,9.24,11638700.0,108581282.0,0.0202539985449948,9.56,9.59,9.21,9.24,1.0,0.9615888279318888
601566,九牧王,2026-06-18,9.21,9.35,8.92,8.95,11053095.0,100233532.0,0.0192349119788026,9.21,9.35,8.92,8.95,1.0,0.9537521917861906
601566,九牧王,2026-06-22,8.99,8.99,8.57,8.77,13312500.0,115874545.0,0.0231667931667835,8.99,8.99,8.57,8.77,1.0,1.170115418339049
601566,九牧王,2026-06-23,8.74,9.0,8.69,8.8,10551890.0,93479498.0,0.018362700706002,8.74,9.0,8.69,8.8,1.0,0.95194244563817
601566,九牧王,2026-06-24,8.8,8.84,8.37,8.45,12464236.0,105649953.0,0.0216906198981392,8.8,8.84,8.37,8.45,1.0,1.140317407342045
601566,九牧王,2026-06-25,8.44,8.44,8.18,8.22,8302123.0,68549638.0,0.0144475918412166,8.44,8.44,8.18,8.22,1.0,0.7033263114134682
601566,九牧王,2026-06-26,8.21,8.21,7.91,7.95,8698161.0,69588694.0,0.0151367884933997,8.21,8.21,7.91,7.95,1.0,0.7810309396025173
601566,九牧王,2026-06-29,7.94,8.14,7.75,8.12,9898041.0,79136040.0,0.0172248539795939,7.94,8.14,7.75,8.12,1.0,0.9280183112686908
601566,九牧王,2026-06-30,8.04,8.2,7.99,8.13,7532300.0,60948762.0,0.0131079238437681,8.04,8.2,7.99,8.13,1.0,0.7545209702897464
601566,九牧王,2026-07-01,8.19,8.35,8.06,8.28,8635800.0,70885337.0,0.0150282660980063,8.19,8.35,8.06,8.28,1.0,0.9207618719671651
601566,九牧王,2026-07-02,8.3,8.8,8.25,8.68,16418569.0,141475678.0,0.0285720632576574,8.3,8.8,8.25,8.68,1.0,1.906191307962061
601566,九牧王,2026-07-03,8.68,8.78,8.52,8.7,10362296.0,89569253.0,0.0180327638058207,8.68,8.78,8.52,8.7,1.0,1.0122816283596128
601566,九牧王,2026-07-06,8.7,8.86,8.59,8.75,7052200.0,61633272.0,0.0122724400954585,8.7,8.86,8.59,8.75,1.0,0.6672279598961577
601566,九牧王,2026-07-07,8.75,8.77,8.41,8.42,7575314.0,64371750.0,0.0131827780365401,8.75,8.77,8.41,8.42,1.0,0.7575137499296266
601566,九牧王,2026-07-08,8.41,8.47,8.3,8.36,5014300.0,41951457.0,0.0087260282423438,8.41,8.47,8.3,8.36,1.0,0.5009873376082361
601566,九牧王,2026-07-09,8.4,8.4,8.12,8.26,6124800.0,50419133.0,0.0106585520967448,8.4,8.4,8.12,8.26,1.0,0.6596775683712696
601566,九牧王,2026-07-10,8.23,8.4,8.14,8.27,5990457.0,49808741.0,0.0104247645666487,8.23,8.4,8.14,8.27,1.0,0.8290392652310851
601566,九牧王,2026-07-13,8.32,8.35,8.09,8.13,4992125.0,40766625.0,0.0086874386732566,8.32,8.35,8.09,8.13,1.0,0.785986371350179
601566,九牧王,2026-07-14,8.12,8.29,8.05,8.26,4986982.0,40934805.0,0.0086784886775942,8.12,8.29,8.05,8.26,1.0,0.8396441848865791
601566,九牧王,2026-07-15,8.19,8.38,8.16,8.26,6918687.0,57328580.0,0.0120400969550959,8.19,8.38,8.16,8.26,1.0,1.2761025405014428
601566,九牧王,2026-07-16,8.22,8.39,8.1,8.32,6077600.0,50431015.0,0.0105764133070756,8.22,8.39,8.1,8.32,1.0,1.0473907070304327
601566,九牧王,2026-07-17,8.28,8.41,7.9,7.95,8331700.0,67499119.0,0.0144990625823617,8.28,8.41,7.9,7.95,1.0,1.4381935472912568
601566,九牧王,2026-07-20,7.95,8.09,7.78,7.85,7287169.0,57824110.0,0.0126813398681237,7.95,8.09,7.78,7.85,1.0,1.1638207302153307
601566,九牧王,2026-07-21,7.81,7.87,7.57,7.63,10430914.0,80108002.0,0.018152174811531,7.81,7.87,7.57,7.63,1.0,1.5521205823272317
601566,九牧王,2026-07-22,7.6,7.62,7.4,7.47,8889100.0,66532954.0,0.0154690660010408,7.6,7.62,7.4,7.47,1.0,1.1382835711763053
601566,九牧王,2026-07-23,7.53,7.88,7.47,7.86,10283100.0,79361528.0,0.0178949446620358,7.53,7.88,7.47,7.86,1.0,1.2535326346727487
601566,九牧王,2026-07-24,7.76,7.83,7.67,7.69,6068390.0,46952218.0,0.0105603858017185,7.76,7.83,7.67,7.69,1.0,0.6709557606087287
601566,九牧王,2026-07-27,7.65,8.0,7.63,7.97,5758700.0,45467596.0,0.0100214544082296,7.65,8.0,7.63,7.97,1.0,0.6702604617232939
601566,九牧王,2026-07-28,7.92,8.19,7.91,8.1,5925100.0,47984983.0,0.0103110284463856,7.92,8.19,7.91,8.1,1.0,0.7150700971687226
601566,九牧王,2026-07-29,8.02,8.51,8.0,8.38,9609318.0,80546178.0,0.0167224099590498,8.02,8.51,8.0,8.38,1.0,1.301215538022429
601566,九牧王,2026-07-30,8.38,8.57,8.3,8.3,8992960.0,75771732.0,0.0156498061428851,8.38,8.57,8.3,8.3,1.0,1.1944552590373634
601566,九牧王,2026-07-31,8.24,8.45,8.21,8.4,7103115.0,59270765.0,0.012361043834357,8.24,8.45,8.21,8.4,1.0,0.9769246245055766
601566,九牧王,2026-08-03,8.45,8.61,8.37,8.58,6413138.0,54568016.0,0.01116032612928,8.45,8.61,8.37,8.58,1.0,0.8576192056351685
601566,九牧王,2026-08-04,8.57,8.68,8.49,8.51,6580695.0,56373146.0,0.0114519136119201,8.57,8.68,8.49,8.51,1.0,0.8648878704558983
601566,九牧王,2026-08-05,8.48,8.56,8.36,8.4,6209200.0,52327148.0,0.0108054273901365,8.48,8.56,8.36,8.4,1.0,0.802238266987562
601566,九牧王,2026-08-06,8.42,8.46,8.31,8.43,4968611.0,41690204.0,0.0086465189380811,8.42,8.46,8.31,8.43,1.0,0.7037870475367253
601566,九牧王,2026-08-07,8.43,8.46,8.25,8.39,4932525.0,41085708.0,0.0085837210490132,8.43,8.46,8.25,8.39,1.0,0.7885792181484117
601566,九牧王,2026-08-10,8.4,8.66,8.34,8.66,7486800.0,63950993.0,0.0130287434427098,8.4,8.66,8.34,8.66,1.0,1.2862074845703377
601566,九牧王,2026-08-11,8.61,8.66,8.54,8.57,3857400.0,33135483.0,0.0067127577811493,8.61,8.66,8.54,8.57,1.0,0.6391115385330377
601566,九牧王,2026-08-12,8.58,8.67,8.53,8.66,4213734.0,36241406.0,0.0073328603972089,8.58,8.67,8.53,8.66,1.0,0.7674021516881582
601566,九牧王,2026-08-13,8.63,8.64,8.48,8.48,4800964.0,40980909.0,0.0083547748348675,8.63,8.64,8.48,8.48,1.0,0.9428789032749428
601566,九牧王,2026-08-14,8.47,8.52,8.33,8.41,3998538.0,33577337.0,0.0069583701645464,8.47,8.52,8.33,8.41,1.0,0.790492887648117
601566,九牧王,2026-08-17,8.45,8.55,8.32,8.51,6585286.0,55773768.0,0.0114599030013983,8.45,8.55,8.32,8.51,1.0,1.351801971274809
601566,九牧王,2026-08-18,8.54,8.84,8.51,8.7,9909195.0,86026906.0,0.017244264489339,8.54,8.84,8.51,8.7,1.0,2.112301319896954
601566,九牧王,2026-08-19,8.64,8.69,8.37,8.37,7874829.0,66664095.0,0.013704002604078,8.64,8.69,8.37,8.37,1.0,1.3343677181125195
601566,九牧王,2026-08-20,8.45,8.53,8.3,8.47,5557132.0,46813201.0,0.0096706800108555,8.45,8.53,8.3,8.47,1.0,0.8377044073812472
601566,九牧王,2026-08-21,8.44,8.45,8.28,8.37,4498070.0,37545607.0,0.0078276700349081,8.44,8.45,8.28,8.37,1.0,0.6629436480139413
601566,九牧王,2026-08-24,8.37,8.44,8.28,8.32,3453800.0,28776840.0,0.0060104015203333,8.37,8.44,8.28,8.32,1.0,0.50164836033115
601566,九牧王,2026-08-25,8.25,8.45,8.24,8.4,4326900.0,36272699.0,0.0075297951063553,8.25,8.45,8.24,8.4,1.0,0.6913521242720343
601566,九牧王,2026-08-26,8.38,8.45,8.31,8.37,4648775.0,38938772.0,0.0080899311852705,8.38,8.45,8.31,8.37,1.0,0.9040534475663099
601566,九牧王,2026-08-27,8.33,8.4,8.23,8.37,4781592.0,39849118.0,0.0083210631265312,8.33,8.4,8.23,8.37,1.0,1.0633001310181152
601566,九牧王,2026-08-28,8.33,8.44,8.33,8.4,5048700.0,42408844.0,0.0087858921060011,8.33,8.44,8.33,8.4,1.0,1.1628053201746342
601566,九牧王,2026-08-31,8.43,8.67,8.38,8.56,7935200.0,67764370.0,0.0138090619445679,8.43,8.67,8.38,8.56,1.0,1.7824085939444019
601566,九牧王,2026-09-01,8.5,9.42,8.5,9.42,15681364.0,142921420.0,0.0272891580365105,8.5,9.42,8.5,9.42,1.0,2.932064258826101
601566,九牧王,2026-09-02,9.81,10.36,9.44,10.36,48866179.0,492159523.0,0.0850383220089407,9.81,10.36,9.44,10.36,1.0,6.413619845278321
601566,九牧王,2026-09-03,10.35,11.4,10.05,10.68,75107746.0,809887860.0,0.1307046472717609,10.35,11.4,10.05,10.68,1.0,4.562323938122316
601566,九牧王,2026-09-04,9.79,11.27,9.79,10.51,64431445.0,668844850.0,0.1121254429860652,9.79,11.27,9.79,10.51,1.0,2.1105800359041478
601566,九牧王,2026-09-07,10.2,10.92,10.2,10.69,51935209.0,552026437.0,0.090379135772896,10.2,10.92,10.2,10.69,1.0,1.2247602882445172
601566,九牧王,2026-09-08,10.7,11.5,10.63,10.87,52834943.0,579440513.0,0.0919448786073089,10.7,11.5,10.63,10.87,1.0,1.0318440361184198
601566,九牧王,2026-09-09,10.51,11.18,10.44,10.55,39596904.0,421402208.0,0.0689076646019144,10.51,11.18,10.44,10.55,1.0,0.6753105397387167
601566,九牧王,2026-09-10,10.7,10.78,9.77,9.94,38249275.0,385515038.0,,10.7,10.78,9.77,9.94,1.0,0.673625103430711
603115,海星股份,2026-03-20,32.5,32.99,31.56,31.69,9853000.0,317421160.0,0.0407333238524554,32.66,33.15,31.72,31.85,0.9949764521193092,0.8957422397657882
603115,海星股份,2026-03-23,30.55,32.61,30.55,31.85,11137470.0,354373000.0,0.0460434560445557,30.7,32.77,30.7,32.01,0.9950015620118714,1.0264877218097326
603115,海星股份,2026-03-24,32.38,35.04,32.09,35.04,10006303.0,344002687.0,0.0413670943534757,32.54,35.21,32.25,35.21,0.9951718261857426,0.9260935323923103
603115,海星股份,2026-03-25,36.32,37.53,35.43,36.15,11945503.0,436897599.0,0.0493839482674798,36.5,37.71,35.6,36.33,0.9950454170107348,1.084841179400201
603115,海星股份,2026-03-26,37.81,39.76,37.43,39.29,23314702.0,919251388.0,0.0963853960305989,38.0,39.96,37.61,39.48,0.9951874366767984,2.0529081746518787
603115,海星股份,2026-03-27,38.31,43.22,37.81,43.22,21010479.0,859298573.0,0.0868594991781401,38.5,43.43,38.0,43.43,0.995164632742344,1.5855295271691987
603115,海星股份,2026-03-30,42.57,46.77,41.35,44.95,20144873.0,887668413.0,0.0832809942023329,42.78,47.0,41.55,45.17,0.995129510737215,1.3011053607209309
603115,海星股份,2026-03-31,44.38,44.98,42.99,43.73,13179400.0,579636325.0,0.0544850064326653,44.6,45.2,43.2,43.95,0.9949943117178612,0.7625038387278403
603115,海星股份,2026-04-01,44.18,48.11,43.34,46.62,15864475.0,746248795.0,0.065585384951201,44.4,48.35,43.55,46.85,0.9950907150480256,0.8853441940934244
603115,海星股份,2026-04-02,45.29,47.1,42.79,43.54,14969425.0,667760143.0,0.061885155425763,45.51,47.33,43.0,43.75,0.9952,0.8003847747644096
603115,海星股份,2026-04-03,44.4,44.58,41.6,41.91,11303980.0,481087636.0,0.046731825653271,44.62,44.8,41.8,42.12,0.995014245014245,0.6636232777289935
603115,海星股份,2026-04-07,41.79,42.77,40.74,40.97,9025398.0,377228859.0,0.0373119313540347,42.0,42.98,40.94,41.17,0.9951420937575904,0.598008249247805
603115,海星股份,2026-04-08,42.78,44.21,40.81,43.98,9643700.0,414686586.0,0.0398680559459986,42.99,44.43,41.01,44.2,0.995022624434389,0.7494015092129054
603115,海星股份,2026-04-09,42.84,46.57,42.55,45.01,10427400.0,467463150.0,0.0431079530233527,43.05,46.8,42.76,45.23,0.995135971700199,0.8574180417254086
603115,海星股份,2026-04-10,45.36,46.07,42.6,42.69,10655273.0,471262641.0,0.0440500036380112,45.58,46.3,42.81,42.9,0.9951048951048952,0.962189964464991
603115,海星股份,2026-04-13,40.3,42.55,40.3,41.15,13209500.0,549662182.0,0.0546094429543297,40.5,42.76,40.5,41.35,0.9951632406287788,1.2936348737676977
603115,海星股份,2026-04-14,41.54,44.53,40.67,43.88,12099700.0,521272461.0,0.0500214146572166,41.74,44.75,40.87,44.1,0.9950113378684808,1.1423158632276782
603115,海星股份,2026-04-15,44.17,44.88,43.23,44.28,8466600.0,375775586.0,0.0350018024692174,44.39,45.1,43.44,44.5,0.9950561797752808,0.7554665319474827
603115,海星股份,2026-04-16,44.66,47.72,43.78,46.73,10567605.0,488872503.0,0.0436875750339823,44.88,47.95,44.0,46.96,0.9951022146507664,0.9631698097028695
603115,海星股份,2026-04-17,46.24,48.71,45.45,47.09,10530520.0,496607407.0,0.0435342617979051,46.47,48.95,45.67,47.32,0.9951394759087068,0.9573430110447383
603115,海星股份,2026-04-20,46.34,46.77,43.5,44.04,10878280.0,487024111.0,0.044971937704018,46.57,47.0,43.71,44.26,0.9950293718933576,0.9912066614516822
603115,海星股份,2026-04-21,43.78,48.45,43.78,48.45,8581479.0,398318366.0,0.0354767241692932,44.0,48.69,44.0,48.69,0.995070856438694,0.8166194526909112
603115,海星股份,2026-04-22,52.73,53.3,50.75,53.3,3387201.0,179601260.0,0.0140030402198681,52.99,53.56,51.0,53.56,0.9951456310679612,0.34546013783643287
603115,海星股份,2026-04-23,54.95,58.63,54.46,58.26,21096585.0,1218817285.0,0.0872154703121744,55.22,58.92,54.73,58.55,0.9950469684030744,2.40033498626752
603115,海星股份,2026-04-24,56.45,61.58,56.45,58.22,17520496.0,1033799914.0,0.0724315475107734,56.73,61.88,56.73,58.51,0.995043582293625,1.6081502270851276
603115,海星股份,2026-04-27,58.61,61.47,56.12,58.33,12339300.0,733270322.0,0.0510119459060797,58.9,61.77,56.4,58.62,0.995052882975094,1.0037820324895332
603115,海星股份,2026-04-28,57.38,59.52,57.09,57.37,8813700.0,515094890.0,0.0364367498668818,57.66,59.81,57.37,57.65,0.9951431049436252,0.7003330517232237
603115,海星股份,2026-04-29,58.02,58.29,55.23,57.42,7696900.0,437866548.0,0.0318197828438003,58.31,58.58,55.5,57.7,0.9951473136915078,0.6093438283173743
603115,海星股份,2026-04-30,58.16,59.16,56.55,56.61,5126800.0,296103672.0,0.0211947228992965,58.45,59.45,56.83,56.89,0.9950782211284936,0.3799488226692699
603115,海星股份,2026-05-06,56.39,62.27,56.18,62.27,11030400.0,667543296.0,0.0456008175603496,56.67,62.58,56.46,62.58,0.9950463406839246,1.070970932087254
603115,海星股份,2026-05-07,63.54,65.12,61.26,63.42,9733800.0,619566701.0,0.0402405386902498,63.85,65.44,61.56,63.73,0.9951357288561118,1.081362718326664
603115,海星股份,2026-05-08,62.22,65.48,60.7,62.06,7938500.0,499333753.0,0.032818582300083,62.53,65.8,61.0,62.37,0.9950296616963284,0.9361085430738463
603115,海星股份,2026-05-11,61.55,64.28,59.97,62.14,7984580.0,498654174.0,0.0330090817990296,61.85,64.6,60.27,62.45,0.9950360288230584,0.9613860098636048
603115,海星股份,2026-05-12,61.21,64.68,59.91,63.19,7374041.0,462351275.0,0.0304850502541646,61.51,65.0,60.2,63.5,0.9951181102362204,0.8817653048925147
603115,海星股份,2026-05-13,62.38,69.45,61.55,68.41,9471000.0,638393869.0,0.0391540962353198,62.69,69.79,61.85,68.75,0.9950545454545454,1.0747521618791231
603115,海星股份,2026-05-14,68.41,73.14,65.95,70.1,9583900.0,666434528.0,0.0396208365441538,68.75,73.5,66.27,70.45,0.9950319375443576,1.127466685564636
603115,海星股份,2026-05-15,70.07,76.17,68.66,75.33,10675321.0,792759247.0,0.0441328841491849,70.41,76.55,69.0,75.7,0.995112285336856,1.260308333337859
603115,海星股份,2026-05-18,73.64,82.86,73.64,82.86,6402561.0,518990048.0,0.0264688511821882,74.0,83.27,74.0,83.27,0.9950762579560466,0.7099939492790699
603115,海星股份,2026-05-19,85.82,91.15,81.26,91.15,8757580.0,754670087.0,0.036204743966689,86.24,91.6,81.66,91.6,0.9950873362445416,1.006460526892529
603115,海星股份,2026-05-20,90.54,98.51,90.52,97.07,11591115.0,1109045945.0,0.0479188715219785,90.99,99.0,90.97,97.55,0.9950794464377242,1.2910471740014036
603115,海星股份,2026-05-21,96.02,106.78,91.73,105.22,11811620.0,1208784418.0,0.0488304620605034,96.49,107.31,92.18,105.74,0.995082277283904,1.2562752766792815
603115,海星股份,2026-05-22,106.28,115.74,102.5,115.74,9641808.0,1088123528.0,0.0398602342217797,106.8,116.31,103.0,116.31,0.9950993035852462,0.9790984019987572
603115,海星股份,2026-05-25,120.52,121.4,104.17,113.66,17331691.0,1953537719.0,0.0716510080598485,121.11,122.0,104.68,114.22,0.9950971808790054,1.79771855780654
603115,海星股份,2026-05-26,108.27,109.44,102.3,102.3,10350617.0,1077695750.0,0.0427905241382047,108.8,109.98,102.8,102.8,0.995136186770428,0.8751859807317688
603115,海星股份,2026-05-27,102.44,112.53,102.44,112.53,13081199.0,1452307210.0,0.0540790333142613,102.94,113.08,102.94,113.08,0.995136186770428,1.0770523075533753
603115,海星股份,2026-05-28,113.65,117.73,106.6,109.86,15562751.0,1743324092.0,0.0643380266434715,114.21,118.31,107.12,110.4,0.995108695652174,1.2506844800374688
603115,海星股份,2026-05-29,109.46,115.43,104.55,106.32,12545000.0,1375382151.0,0.0518623310391813,110.0,116.0,105.06,106.84,0.9951329090228378,0.9508388498156063
603115,海星股份,2026-06-01,99.51,107.49,99.51,103.19,13688000.0,1424113867.0,0.0565876115794591,100.0,108.02,100.0,103.7,0.9950819672131148,0.993738200629354
603115,海星股份,2026-06-02,102.69,108.66,100.96,105.73,11200900.0,1178238218.0,0.046305682242867,103.2,109.19,101.46,106.25,0.9951058823529412,0.8586017013328122
603115,海星股份,2026-06-03,102.5,110.85,97.6,101.5,14907701.0,1562154778.0,0.0616299820083806,103.0,111.4,98.08,102.0,0.9950980392156864,1.1280407125837175
603115,海星股份,2026-06-04,102.36,109.41,96.62,107.02,12778800.0,1331149031.0,0.0528288844865277,102.86,109.95,97.1,107.55,0.995072059507206,0.9409411638299707
603115,海星股份,2026-06-05,107.84,107.87,100.62,103.18,9397806.0,979847676.0,0.0388515046483862,108.37,108.4,101.12,103.69,0.9950814929115634,0.721571570175067
603115,海星股份,2026-06-08,96.24,101.2,94.55,95.03,7552800.0,740026791.0,0.0312240584992211,96.71,101.7,95.02,95.5,0.9950785340314136,0.6093601062149325
603115,海星股份,2026-06-09,95.58,101.5,94.16,100.51,8337800.0,820032082.0,0.0344693299113978,96.05,102.0,94.62,101.0,0.9951485148514853,0.7466061602091206
603115,海星股份,2026-06-10,97.67,98.5,91.98,95.22,7813500.0,739990930.0,0.0323018193363606,98.15,98.98,92.43,95.69,0.9950883059880864,0.7374717996201484
603115,海星股份,2026-06-11,93.14,97.01,89.92,91.54,8085993.0,752305301.0,0.0334283336585494,93.6,97.49,90.36,91.99,0.9951081639308622,0.8811975343186742
603115,海星股份,2026-06-12,95.11,95.86,89.67,89.68,7878500.0,734512760.0,0.0325705360774962,95.58,96.33,90.11,90.12,0.9951176209498448,0.9564095512616461
603115,海星股份,2026-06-15,90.53,98.64,90.41,98.64,4857900.0,466929100.0,0.0200830624117368,90.98,99.13,90.86,99.13,0.995056995864017,0.6123106004793263
603115,海星股份,2026-06-16,102.99,108.51,102.97,108.51,3780170.0,403344558.0,0.0156276148205964,103.5,109.04,103.48,109.04,0.9951393983859134,0.5111972450249965
603115,海星股份,2026-06-17,115.63,119.35,111.95,119.35,4533300.0,531354651.0,0.0187411323475425,116.2,119.94,112.5,119.94,0.9950808737702184,0.6992366716463996
603115,海星股份,2026-06-18,125.38,127.77,113.44,114.14,14770882.0,1750189515.0,0.0610643580729123,126.0,128.4,114.0,114.7,0.9951176983435048,2.5348282973461265
603115,海星股份,2026-06-22,114.32,122.23,109.73,113.92,11130900.0,1285351098.0,0.0460162949831824,114.88,122.83,110.27,114.48,0.9951083158630328,1.5536943501353628
603115,海星股份,2026-06-23,113.17,118.01,107.98,109.63,8981825.0,1019307613.0,0.0371317960530885,113.73,118.59,108.51,110.17,0.9950984841608422,1.1493601795933943
603115,海星股份,2026-06-24,108.91,120.41,105.78,118.81,10172700.0,1160179983.0,0.0420549968084719,109.45,121.0,106.3,119.39,0.9951419716894212,1.1774755037244764
603115,海星股份,2026-06-25,121.9,130.69,121.9,130.69,4980600.0,636946446.0,0.0205903169369268,122.5,131.33,122.5,131.33,0.9951267798675092,0.5021818382226744
603115,海星股份,2026-06-26,129.7,131.85,117.62,117.62,11654400.0,1430686957.0,0.0481804982752519,130.34,132.5,118.2,118.2,0.9950930626057528,1.1645803766407863
603115,海星股份,2026-06-29,120.41,121.9,114.05,117.42,9371600.0,1104409099.0,0.0387431663265677,121.0,122.5,114.61,118.0,0.995084745762712,0.9986695559556419
603115,海星股份,2026-06-30,116.68,129.16,114.93,121.87,8561399.0,1071527396.0,0.0353937113668008,117.25,129.8,115.5,122.47,0.9951008410222912,0.9478726448909321
603115,海星股份,2026-07-01,122.5,125.92,117.6,118.19,6806108.0,823757284.0,0.0281371563319586,122.5,125.92,117.6,118.19,1.0,0.7606170837876269
603115,海星股份,2026-07-02,111.94,115.85,107.0,107.97,6590509.0,737176851.0,0.0272458477062338,111.94,115.85,107.0,107.97,1.0,0.7964533228475481
603115,海星股份,2026-07-03,109.0,115.5,107.0,107.0,5422900.0,599730356.0,0.0224188310077621,109.0,115.5,107.0,107.0,1.0,0.6308042505846825
603115,海星股份,2026-07-06,109.0,109.98,101.77,102.63,5512253.0,580094045.0,0.0227882255765421,109.0,109.98,101.77,102.63,1.0,0.7499150534347091
603115,海星股份,2026-07-07,102.98,104.35,98.0,99.26,4372600.0,442289835.0,0.0180767818813809,102.98,104.35,98.0,99.26,1.0,0.6646668796186832
603115,海星股份,2026-07-08,102.0,104.0,94.57,96.25,4166100.0,408358139.0,0.0172230894653115,102.0,104.0,94.57,96.25,1.0,0.7256908965429306
603115,海星股份,2026-07-09,100.1,105.88,95.01,100.65,9206100.0,922473542.0,0.0380589721625992,100.1,105.88,95.01,100.65,1.0,1.7660321016106206
603115,海星股份,2026-07-10,100.38,105.88,94.73,94.83,7846258.0,778499176.0,0.0324372443056855,100.38,105.88,94.73,94.83,1.0,1.3678993825408292
603115,海星股份,2026-07-13,93.45,95.04,85.35,85.35,7780300.0,694257121.0,0.0321645670931959,93.45,95.04,85.35,85.35,1.0,1.2507189347140566
603115,海星股份,2026-07-14,85.56,91.91,83.68,90.66,8457680.0,746388473.0,0.0349649262641262,85.56,91.91,83.68,90.66,1.0,1.267206446917743
603115,海星股份,2026-07-15,92.47,97.89,89.0,90.07,6730200.0,629052865.0,0.0278233447875566,92.47,97.89,89.0,90.07,1.0,0.8984036335756219
603115,海星股份,2026-07-16,81.95,89.97,81.06,81.06,7299300.0,609579029.0,0.030176063208792,81.95,89.97,81.06,81.06,1.0,0.911944262218564
603115,海星股份,2026-07-17,78.51,80.4,72.95,72.95,7942300.0,597101289.0,0.0328342918941801,78.51,80.4,72.95,72.95,1.0,1.0419208947702794
603115,海星股份,2026-07-20,71.86,73.44,65.66,65.66,9222000.0,629297077.0,0.0381247044115847,71.86,73.44,65.66,65.66,1.0,1.206759107223334
603115,海星股份,2026-07-21,66.97,69.99,59.09,69.9,13417300.0,875554941.0,0.0554685097052218,66.97,69.99,59.09,69.9,1.0,1.6919040600754374
603115,海星股份,2026-07-22,67.67,70.88,64.19,65.01,9049700.0,609977228.0,0.0374123983423897,67.67,70.88,64.19,65.01,1.0,1.0142879238575153
603115,海星股份,2026-07-23,68.3,71.51,65.5,68.16,13055425.0,906967343.0,0.0539724809252454,68.3,71.51,65.5,68.16,1.0,1.3909288396057158
603115,海星股份,2026-07-24,68.55,69.78,65.5,67.17,9210007.0,623221100.0,0.0380751241057933,68.55,69.78,65.5,67.17,1.0,0.8740348731108263
603115,海星股份,2026-07-27,67.33,73.89,67.12,73.89,10515553.0,752703823.0,0.0434723866676809,67.33,73.89,67.12,73.89,1.0,0.9744846354790649
603115,海星股份,2026-07-28,72.58,75.0,67.0,67.81,11792300.0,827606932.0,0.0487505911768305,72.58,75.0,67.0,67.81,1.0,1.0672153925613759
603115,海星股份,2026-07-29,68.0,72.56,65.54,69.91,12613370.0,869835214.0,0.0521449797098189,68.0,72.56,65.54,69.91,1.0,1.176115988321053
603115,海星股份,2026-07-30,68.85,70.88,62.92,62.95,11541000.0,759609349.0,0.0477116909145629,68.85,70.88,62.92,62.95,1.0,1.0090640902147539
603115,海星股份,2026-07-31,68.62,69.25,66.96,69.25,3387115.0,233632355.0,0.0140026846869491,68.62,69.25,66.96,69.25,1.0,0.3042014842947732
603115,海星股份,2026-08-03,67.87,68.89,63.5,64.12,9023915.0,590218173.0,0.0368951634335394,67.87,68.89,63.5,64.12,1.0,0.9051188402943285
603115,海星股份,2026-08-04,65.0,70.53,63.29,70.53,6997800.0,473396973.0,0.0286111931102212,65.0,70.53,63.29,70.53,1.0,0.7235455780568555
603115,海星股份,2026-08-05,72.0,77.58,71.2,77.58,7669900.0,581833943.0,0.0313591400205901,72.0,77.58,71.2,77.58,1.0,0.880318709369376
603115,海星股份,2026-08-06,77.58,81.18,76.17,79.93,12845200.0,1014503186.0,0.0525188627482085,77.58,81.18,76.17,79.93,1.0,1.663035966331199
603115,海星股份,2026-08-07,79.93,82.35,77.0,79.82,9980300.0,801977158.0,0.0408054375086371,79.93,82.35,77.0,79.82,1.0,1.2499145249478194
603115,海星股份,2026-08-10,80.49,80.99,74.2,78.2,8344700.0,640829632.0,0.0341181261463407,80.49,80.99,74.2,78.2,1.0,0.8969494346328227
603115,海星股份,2026-08-11,76.01,79.8,74.99,75.11,8133500.0,622288142.0,0.0332546141875996,76.01,79.8,74.99,75.11,1.0,0.8872025114588583
603115,海星股份,2026-08-12,75.49,77.0,73.5,74.8,8602100.0,646358732.0,0.0351705313460565,75.49,77.0,73.5,74.8,1.0,0.9156313333446873
603115,海星股份,2026-08-13,75.98,82.28,75.36,77.68,13163195.0,1056955283.0,0.0538190165612762,75.98,82.28,75.36,77.68,1.0,1.3738623506965753
603115,海星股份,2026-08-14,78.88,85.45,78.46,85.45,16673270.0,1370645136.0,0.0681703032022719,78.88,85.45,78.46,85.45,1.0,1.728738893320196
603115,海星股份,2026-08-17,81.0,85.48,81.0,85.26,15686600.0,1302695187.0,0.0641362059279768,81.0,85.48,81.0,85.26,1.0,1.428215955546544
603115,海星股份,2026-08-18,85.01,87.1,82.38,85.44,10913665.0,927652362.0,0.0446215920511107,85.01,87.1,82.38,85.44,1.0,0.876477595528269
603115,海星股份,2026-08-19,81.97,83.6,76.9,76.9,9999110.0,791237448.0,0.0408823440424625,81.97,83.6,76.9,76.9,1.0,0.7687030962887863
603115,海星股份,2026-08-20,79.1,81.0,74.8,77.36,9603291.0,740892901.0,0.0392639991561133,79.1,81.0,74.8,77.36,1.0,0.7227492720796486
603115,海星股份,2026-08-21,76.58,79.8,74.86,78.37,6562891.0,510158516.0,0.0268330249167356,76.58,79.8,74.86,78.37,1.0,0.5218921114748892
603115,海星股份,2026-08-24,77.77,77.93,72.53,75.13,6940670.0,515791139.0,0.0283776114899424,77.77,77.93,72.53,75.13,1.0,0.6576894469246293
603115,海星股份,2026-08-25,72.42,77.06,71.31,76.2,5823500.0,433239403.0,0.0238099521388684,72.42,77.06,71.31,76.2,1.0,0.6614663045645525
603115,海星股份,2026-08-26,76.43,76.54,73.5,74.18,4371970.0,326394187.0,0.0178752290637191,76.43,76.54,73.5,74.18,1.0,0.5615245851586647
603115,海星股份,2026-08-27,74.99,78.58,74.21,77.77,6344030.0,488862223.0,0.0259381902064987,74.99,78.58,74.21,77.77,1.0,0.9524906401421498
603115,海星股份,2026-08-28,77.07,79.5,75.22,75.29,4846130.0,372288241.0,0.0198138788286656,77.07,79.5,75.22,75.29,1.0,0.8065306660995695
603115,海星股份,2026-08-31,74.79,76.8,72.2,75.95,6603700.0,491865652.0,0.0269998765243316,74.79,76.8,72.2,75.95,1.0,1.1656481785478512
603115,海星股份,2026-09-01,83.55,83.55,78.0,78.4,15320370.0,1238536541.0,0.0626388385764155,83.55,83.55,78.0,78.4,1.0,2.736823282300791
603115,海星股份,2026-09-02,77.0,80.0,71.77,77.47,13624670.0,1026954812.0,0.0557058024569204,77.0,80.0,71.77,77.47,1.0,1.8172914299128746
603115,海星股份,2026-09-03,78.33,85.14,77.95,80.0,14919411.0,1224180978.0,0.0609994782948582,78.33,85.14,77.95,80.0,1.0,1.5960378827914221
603115,海星股份,2026-09-04,80.0,85.66,76.8,77.68,11371600.0,916661152.0,0.0464939043088102,80.0,85.66,76.8,77.68,1.0,1.0279081454570476
603115,海星股份,2026-09-07,77.69,84.48,77.3,81.94,10685820.0,864618423.0,0.0436900253738409,77.69,84.48,77.3,81.94,1.0,0.863992806180607
603115,海星股份,2026-09-08,81.98,84.48,77.5,78.05,10677200.0,849382412.0,0.0436547816565855,81.98,84.48,77.5,78.05,1.0,0.8098374513672405
603115,海星股份,2026-09-09,77.23,85.86,77.01,83.51,17264300.0,1440406087.0,0.0705867874493116,77.23,85.86,77.01,83.51,1.0,1.408670526485214
603115,海星股份,2026-09-10,83.85,90.88,80.89,86.23,14663770.0,1264678844.0,,83.85,90.88,80.89,86.23,1.0,1.1294013396616744
603216,梦天家居,2026-03-20,34.41,34.69,33.0,33.32,2342500.0,79593565.0,0.0105191072791773,34.72,35.0,33.3,33.62,0.9910767400356932,0.9171959059976977
603216,梦天家居,2026-03-23,32.7,32.84,30.72,31.02,4677837.0,150238620.0,0.0210060487673447,33.0,33.14,31.0,31.3,0.9910543130990416,1.8826566587515596
603216,梦天家居,2026-03-24,31.79,32.59,31.34,32.35,4383500.0,140712585.0,0.0196843145179397,32.08,32.88,31.62,32.64,0.9911151960784312,1.5441017076035324
603216,梦天家居,2026-03-25,32.66,32.98,32.06,32.49,2229600.0,73010709.0,0.0100121244779738,32.96,33.28,32.35,32.78,0.9911531421598536,0.7087438507029934
603216,梦天家居,2026-03-26,32.47,33.01,31.42,31.63,2388705.0,76968329.0,0.0107265930216893,32.76,33.31,31.7,31.92,0.9909147869674184,0.7410128914940634
603216,梦天家居,2026-03-27,31.71,32.95,31.25,32.15,3436800.0,112429378.0,0.0154331132965108,32.0,33.25,31.53,32.44,0.9910604192355116,1.0725157722356973
603216,梦天家居,2026-03-30,31.71,32.4,31.54,31.94,2671000.0,85854920.0,0.0119942520993309,32.0,32.69,31.83,32.23,0.991002171889544,0.7802439315367061
603216,梦天家居,2026-03-31,32.36,32.56,31.61,31.63,2624500.0,84871148.0,0.0117854416453365,32.65,32.85,31.9,31.92,0.9909147869674184,0.8684872966566631
603216,梦天家居,2026-04-01,32.33,32.56,31.71,32.41,1859900.0,60310105.0,0.0083519691050339,32.62,32.85,32.0,32.7,0.9911314984709478,0.6965601933395528
603216,梦天家居,2026-04-02,32.51,32.51,31.44,31.65,1578800.0,50724840.0,0.0070896762315326,32.8,32.8,31.72,31.94,0.990920475892298,0.6081240098436896
603216,梦天家居,2026-04-03,31.69,31.89,31.07,31.4,1533600.0,48592975.0,0.0068867034891553,31.98,32.18,31.35,31.68,0.991161616161616,0.6300221838797141
603216,梦天家居,2026-04-07,31.11,31.86,30.82,31.41,1784700.0,56496852.0,0.0080142799407247,31.39,32.15,31.1,31.69,0.991164405175134,0.86907614094548
603216,梦天家居,2026-04-08,31.89,33.07,31.89,32.9,2766200.0,91057457.0,0.0124217522115945,32.18,33.37,32.18,33.2,0.9909638554216866,1.474284496082716
603216,梦天家居,2026-04-09,33.03,36.19,32.21,36.19,5864095.0,205955553.0,0.0263329965422785,33.33,36.52,32.5,36.52,0.9909638554216866,3.078846921202957
603216,梦天家居,2026-04-10,36.19,36.87,33.07,33.33,12637095.0,432025577.0,0.0567474740670887,36.52,37.2,33.37,33.63,0.991079393398751,4.670927033623252
603216,梦天家居,2026-04-13,33.35,33.35,30.75,30.84,10348298.0,327106478.0,0.0464695226548116,33.65,33.65,31.03,31.12,0.9910025706940874,2.104536826096807
603216,梦天家居,2026-04-14,30.69,30.71,29.36,29.88,7995795.0,240809500.0,0.0359054964300148,30.97,30.99,29.63,30.15,0.991044776119403,1.1969613945802067
603216,梦天家居,2026-04-15,29.99,32.87,29.63,32.87,11090795.0,356901801.0,0.0498037406259823,30.26,33.17,29.9,33.17,0.990955682845945,1.399946954775715
603216,梦天家居,2026-04-16,32.21,32.21,30.15,30.59,11839656.0,366316203.0,0.0531665364407921,32.5,32.5,30.42,30.87,0.9909297052154196,1.234942082662666
603216,梦天家居,2026-04-17,30.52,30.52,29.53,30.03,6585300.0,198938003.0,0.0295716017782567,30.8,30.8,29.8,30.3,0.9910891089108912,0.6107493782557788
603216,梦天家居,2026-04-20,30.32,31.21,29.85,30.63,6353256.0,196006546.0,0.0285295971978984,30.59,31.49,30.12,30.91,0.9909414428987382,0.6637355525020098
603216,梦天家居,2026-04-21,30.33,31.17,30.13,30.51,4070800.0,125385859.0,0.0182801203466702,30.6,31.45,30.4,30.79,0.9909061383566092,0.46401668472138546
603216,梦天家居,2026-04-22,30.49,30.81,30.04,30.35,3573100.0,109145254.0,0.0160451749068211,30.77,31.09,30.31,30.62,0.9911822338340954,0.4473106242100769
603216,梦天家居,2026-04-23,30.18,30.18,29.14,29.34,4082100.0,121160276.0,0.0183308635322645,30.45,30.45,29.4,29.61,0.9908814589665652,0.6295240729536681
603216,梦天家居,2026-04-24,29.17,29.41,28.57,29.16,3349423.0,97854518.0,0.0150407427365395,29.43,29.68,28.83,29.42,0.991162474507138,0.6789951945617833
603216,梦天家居,2026-04-27,29.16,29.96,28.43,29.72,3467700.0,102380746.0,0.0155718712111006,29.42,30.23,28.69,29.99,0.9909969989996664,0.8091259381877903
603216,梦天家居,2026-04-28,29.73,29.73,28.84,29.19,2284600.0,67022652.0,0.0102591045848488,30.0,30.0,29.1,29.45,0.9911714770797964,0.6160235252713364
603216,梦天家居,2026-04-29,28.8,29.81,28.8,29.31,1998500.0,59336145.0,0.0089743589743589,29.06,30.08,29.06,29.58,0.9908722109533468,0.5963206968248287
603216,梦天家居,2026-04-30,29.35,29.68,28.99,29.33,1697700.0,50151312.0,0.0076236023171224,29.62,29.95,29.25,29.6,0.9908783783783782,0.5591041634406013
603216,梦天家居,2026-05-06,29.36,29.82,29.09,29.63,2399800.0,71395526.0,0.0107764156450671,29.63,30.09,29.35,29.9,0.9909698996655518,0.937574011032884
603216,梦天家居,2026-05-07,29.49,29.83,29.36,29.56,2049600.0,61115816.0,0.0092038259463828,29.76,30.1,29.63,29.83,0.9909487093530004,0.8649342099710507
603216,梦天家居,2026-05-08,29.29,31.69,29.29,29.95,7656500.0,236414401.0,0.0343818761507027,29.56,31.98,29.56,30.22,0.9910655195234944,3.670351479358018
603216,梦天家居,2026-05-11,30.21,30.42,29.62,29.69,4319231.0,130741306.0,0.0193957115272351,30.48,30.7,29.89,29.96,0.9909879839786382,1.3666636080014682
603216,梦天家居,2026-05-12,29.57,29.93,28.66,28.8,4431081.0,130209172.0,0.019897979253671,29.84,30.2,28.92,29.06,0.9910529938059188,1.2225134693359994
603216,梦天家居,2026-05-13,29.24,31.68,29.0,31.68,7987400.0,247495132.0,0.0358677982846109,29.5,31.97,29.26,31.97,0.990928995933688,1.9148731322830819
603216,梦天家居,2026-05-14,31.53,31.59,28.51,28.51,9181081.0,273357563.0,0.0412280793928779,31.82,31.88,28.77,28.77,0.9909628084810568,1.7359601936362274
603216,梦天家居,2026-05-15,28.54,28.94,27.37,27.7,6091831.0,172354737.0,0.0273556558444474,28.8,29.2,27.62,27.95,0.9910554561717352,0.9071895515550676
603216,梦天家居,2026-05-18,27.33,28.58,27.08,28.47,4812131.0,135105686.0,0.0216091023395751,27.58,28.84,27.33,28.73,0.9909502262443438,0.7516459223037951
603216,梦天家居,2026-05-19,28.44,28.44,26.88,27.41,3480400.0,96216096.0,0.0156289011630517,28.7,28.7,27.12,27.66,0.9909616775126536,0.5353881013024926
603216,梦天家居,2026-05-20,27.41,27.93,26.61,27.4,3312000.0,90709029.0,0.0148726929812744,27.66,28.18,26.85,27.65,0.9909584086799276,0.5248338477772035
603216,梦天家居,2026-05-21,27.15,30.15,27.13,27.66,15843002.0,469406610.0,0.071143751403296,27.4,30.42,27.38,27.91,0.9910426370476532,2.947267342358423
603216,梦天家居,2026-05-22,27.95,28.14,24.9,25.88,13265798.0,345716910.0,0.0595706946876824,28.2,28.39,25.13,26.11,0.9911911145155112,1.9776460281119226
603216,梦天家居,2026-05-25,25.87,26.23,25.17,25.68,6614450.0,171777171.0,0.0297025012349005,26.1,26.47,25.4,25.91,0.9911231184870706,0.8123199253826713
603216,梦天家居,2026-05-26,25.52,26.31,25.07,25.32,3514000.0,90652641.0,0.0157797835556154,25.75,26.55,25.3,25.55,0.9909980430528376,0.41325958793997036
603216,梦天家居,2026-05-27,25.32,25.45,24.49,24.7,3085600.0,77156275.0,0.0138560330504288,25.55,25.68,24.71,24.92,0.9911717495987158,0.3625915850455648
603216,梦天家居,2026-05-28,24.68,25.07,24.43,24.78,2520500.0,63000312.0,0.0113184247159728,24.9,25.3,24.65,25.0,0.9912,0.29777058964601866
603216,梦天家居,2026-05-29,25.07,25.07,24.01,24.28,2234200.0,54862612.0,0.0100327809960034,25.3,25.3,24.23,24.5,0.9910204081632652,0.3852022741244347
603216,梦天家居,2026-06-01,24.28,24.92,24.03,24.62,2554500.0,63540187.0,0.0114711033274956,24.5,25.15,24.25,24.84,0.9911433172302738,0.7108173913043478
603216,梦天家居,2026-06-02,24.57,24.7,23.82,24.07,2352800.0,57205828.0,0.0105653599173739,24.79,24.92,24.04,24.29,0.9909427748044464,0.8457954676176234
603216,梦天家居,2026-06-03,24.21,24.21,23.43,23.64,2537200.0,60803812.0,0.0113934168575149,24.43,24.43,23.64,23.85,0.9911949685534592,0.9951677178449276
603216,梦天家居,2026-06-04,23.41,23.57,22.84,23.05,2829500.0,66077556.0,0.0127060038618707,23.62,23.78,23.05,23.26,0.9909716251074806,1.159707193914355
603216,梦天家居,2026-06-05,23.05,23.75,22.67,23.36,3051898.0,71449719.0,0.0137046926220306,23.26,23.96,22.88,23.57,0.9910903691132796,1.2199589069570362
603216,梦天家居,2026-06-08,22.79,25.51,22.79,24.01,7909107.0,195982990.0,0.0355162198572005,23.0,25.74,23.0,24.23,0.9909203466776724,2.967569990405149
603216,梦天家居,2026-06-09,24.01,24.18,22.59,22.79,4774200.0,111789275.0,0.0214387713862319,24.23,24.4,22.79,23.0,0.9908695652173912,1.2778562463916259
603216,梦天家居,2026-06-10,22.59,23.18,22.4,22.7,3573791.0,82383948.0,0.0160482778750729,22.79,23.39,22.6,22.91,0.9908336970755128,0.8467934530081526
603216,梦天家居,2026-06-11,22.68,22.96,21.88,22.15,3251100.0,73011699.0,0.0145992186447527,22.89,23.17,22.08,22.35,0.9910514541387024,0.7342639716808224
603216,梦天家居,2026-06-12,22.55,22.84,21.96,22.66,3846200.0,87120804.0,0.0172715434011406,22.75,23.05,22.16,22.87,0.990817665063402,0.8524343158823438
603216,梦天家居,2026-06-15,22.39,23.11,22.27,22.68,4410400.0,101260169.0,0.0198051102429386,22.59,23.32,22.47,22.89,0.9908256880733944,0.9442332874518967
603216,梦天家居,2026-06-16,22.79,22.88,22.34,22.55,3078400.0,70236764.0,0.0138237011091652,23.0,23.09,22.54,22.75,0.9912087912087912,0.7751933689943099
603216,梦天家居,2026-06-17,22.5,22.5,21.61,21.75,2676500.0,59068751.0,0.0120189501100184,22.7,22.7,21.81,21.95,0.9908883826879272,0.7369262293479625
603216,梦天家居,2026-06-18,21.75,23.09,21.47,22.18,4623409.0,103897205.0,0.0207616372535812,21.95,23.3,21.66,22.38,0.9910634495084898,1.3391403960006025
603216,梦天家居,2026-06-22,22.18,22.59,21.71,22.1,3454795.0,77012465.0,0.0155139206969329,22.38,22.79,21.91,22.3,0.9910313901345292,0.9269685728006507
603216,梦天家居,2026-06-23,22.07,22.85,21.88,22.48,2833900.0,63764214.0,0.0127257622704207,22.07,22.85,21.88,22.48,1.0,0.7766874170663707
603216,梦天家居,2026-06-24,22.24,22.71,21.3,21.49,2899800.0,63041525.0,0.013021689343931,22.24,22.71,21.3,21.49,1.0,0.8699223927707703
603216,梦天家居,2026-06-25,21.48,22.76,21.21,21.86,3748200.0,82579350.0,0.0168314697561632,21.48,22.76,21.21,21.86,1.0,1.1366169824562766
603216,梦天家居,2026-06-26,21.48,21.69,20.57,20.75,4714700.0,98594250.0,0.0211715838160671,21.48,21.69,20.57,20.75,1.0,1.3424464912052914
603216,梦天家居,2026-06-29,20.65,20.96,20.15,20.65,3580100.0,73767013.0,0.0160766087386052,20.65,20.96,20.15,20.65,1.0,1.014112482327884
603216,梦天家居,2026-06-30,20.65,20.76,20.2,20.57,2279500.0,46578477.0,0.0102362027931204,20.65,20.76,20.2,20.57,1.0,0.6411482446123297
603216,梦天家居,2026-07-01,20.76,21.37,20.44,20.98,2965700.0,61855154.0,0.0133176164174412,20.76,21.37,20.44,20.98,1.0,0.8610057890061141
603216,梦天家居,2026-07-02,20.95,21.5,20.6,20.99,2033500.0,43061403.0,0.0091315281332794,20.95,21.5,20.6,20.99,1.0,0.588117907011719
603216,梦天家居,2026-07-03,21.02,21.88,20.83,21.57,2688300.0,57754855.0,0.0120719385693115,21.02,21.88,20.83,21.57,1.0,0.8631007801714451
603216,梦天家居,2026-07-06,21.42,22.02,21.24,21.25,2680500.0,57530008.0,0.0120369122996093,21.42,22.02,21.24,21.25,1.0,0.9893261288393826
603216,梦天家居,2026-07-07,21.39,21.5,20.26,20.36,1932200.0,39724221.0,0.0086766356818896,21.39,21.5,20.26,20.36,1.0,0.7638663767542992
603216,梦天家居,2026-07-08,20.36,20.36,19.88,20.0,1717900.0,34549708.0,0.0077143113745565,20.36,20.36,19.88,20.0,1.0,0.6983219785044146
603216,梦天家居,2026-07-09,19.58,20.11,19.4,19.99,2011000.0,39740996.0,0.0090304908168305,19.58,20.11,19.4,19.99,1.0,0.9097571568166191
603216,梦天家居,2026-07-10,19.85,20.72,19.66,20.36,3008300.0,61150032.0,0.0135089137365844,19.85,20.72,19.66,20.36,1.0,1.3637023001115152
603216,梦天家居,2026-07-13,19.81,20.27,19.51,19.6,2288500.0,45311132.0,0.0102766177197,19.81,20.27,19.51,19.6,1.0,1.0081586621908563
603216,梦天家居,2026-07-14,19.58,19.79,19.18,19.6,2546600.0,49682758.0,0.0114356280030535,19.58,19.79,19.18,19.6,1.0,1.1619927175827485
603216,梦天家居,2026-07-15,19.6,20.25,19.37,19.92,2330500.0,46308916.0,0.0104652207104045,19.6,20.25,19.37,19.92,1.0,1.006930342282865
603216,梦天家居,2026-07-16,19.8,20.64,19.67,19.99,2526500.0,50984008.0,0.0113453680003592,19.8,20.64,19.67,19.99,1.0,1.036733990430779
603216,梦天家居,2026-07-17,19.99,20.8,19.35,19.48,5080900.0,102056977.0,0.022816022273115,19.99,20.8,19.35,19.48,1.0,2.0002913294069478
603216,梦天家居,2026-07-20,19.6,19.99,18.18,18.57,5792900.0,110912655.0,0.0260132920202972,19.6,19.99,18.18,18.57,1.0,1.960637649766466
603216,梦天家居,2026-07-21,18.62,19.16,17.29,18.38,6700191.0,121593478.0,0.0300875252593291,18.62,19.16,17.29,18.38,1.0,1.8329168809568102
603216,梦天家居,2026-07-22,18.26,18.86,18.04,18.35,3690400.0,67814210.0,0.0165719161165746,18.26,18.86,18.04,18.35,1.0,0.8226118944098367
603216,梦天家居,2026-07-23,18.13,18.83,18.06,18.81,3064500.0,56872712.0,0.0137612825003367,18.13,18.83,18.06,18.81,1.0,0.6440490185928723
603216,梦天家居,2026-07-24,18.37,18.9,18.33,18.6,2780700.0,51774810.0,0.0124868651488616,18.37,18.9,18.33,18.6,1.0,0.5714810428473702
603216,梦天家居,2026-07-27,18.5,19.44,18.37,19.3,2873000.0,55116699.0,0.0129013426736719,18.5,19.44,18.37,19.3,1.0,0.6521041127682076
603216,梦天家居,2026-07-28,18.96,20.32,18.95,20.05,3895000.0,76608151.0,0.0174906821141497,18.96,20.32,18.95,20.05,1.0,1.0191644254207395
603216,梦天家居,2026-07-29,20.05,20.48,19.58,20.04,5027900.0,100577625.0,0.0225780232610355,20.05,20.48,19.58,20.04,1.0,1.5419600579013224
603216,梦天家居,2026-07-30,19.77,20.1,18.58,19.21,4626700.0,89247579.0,0.0207764156450671,19.77,20.1,18.58,19.21,1.0,1.3113411295214017
603216,梦天家居,2026-07-31,19.32,20.9,19.29,20.15,5178013.0,103823864.0,0.0232521128025506,19.32,20.9,19.29,20.15,1.0,1.3482091619669536
603216,梦天家居,2026-08-03,20.55,20.6,19.51,19.75,3758000.0,74287328.0,0.016875477120661,20.55,20.6,19.51,19.75,1.0,0.8698827204579797
603216,梦天家居,2026-08-04,19.75,20.41,19.75,20.23,2983000.0,60166337.0,0.0133953028874219,19.75,20.41,19.75,20.23,1.0,0.6633130259779887
603216,梦天家居,2026-08-05,20.42,21.15,20.22,20.96,4352600.0,90448579.0,0.0195455566033499,20.42,21.15,20.22,20.96,1.0,1.0087786408331327
603216,梦天家居,2026-08-06,20.88,21.54,20.43,21.05,4583900.0,96234597.0,0.0205842202164443,20.88,21.54,20.43,21.05,1.0,1.0967153186001186
603216,梦天家居,2026-08-07,21.0,21.19,20.23,20.65,4458200.0,91805965.0,0.02001975840855,21.0,21.19,20.23,20.65,1.0,1.0688300978259322
603216,梦天家居,2026-08-10,20.88,21.84,20.72,21.36,5119600.0,109106324.0,0.0229898064574071,20.88,21.84,20.72,21.36,1.0,1.2712744031744614
603216,梦天家居,2026-08-11,21.36,21.36,20.7,20.8,3747370.0,78494150.0,0.0168277426018231,21.36,21.36,20.7,20.8,1.0,0.8715908509440721
603216,梦天家居,2026-08-12,20.7,21.44,20.57,21.2,3252562.0,68670939.0,0.0146057838250482,20.7,21.44,20.57,21.2,1.0,0.7305296502912855
603216,梦天家居,2026-08-13,21.2,21.55,20.85,20.85,2600100.0,55057908.0,0.011675872288832,21.2,21.55,20.85,20.85,1.0,0.6143429769499819
603216,梦天家居,2026-08-14,20.85,20.95,20.42,20.57,2216300.0,45664926.0,0.009952400197584,20.85,20.95,20.42,20.57,1.0,0.5778286096155186
603216,梦天家居,2026-08-17,20.88,20.96,20.26,20.88,2936300.0,60502392.0,0.013185594323948,20.88,20.96,20.26,20.88,1.0,0.8668846804533699
603216,梦天家居,2026-08-18,21.35,21.8,20.92,21.43,5808900.0,123822555.0,0.0260851407786609,21.35,21.8,20.92,21.43,1.0,1.968767335889623
603216,梦天家居,2026-08-19,21.0,21.3,19.7,19.79,5017000.0,102115465.0,0.0225290762944002,21.0,21.3,19.7,19.79,1.0,1.491897128147094
603216,梦天家居,2026-08-20,20.05,21.33,19.83,21.14,4952607.0,102652544.0,0.0222399164758184,20.05,21.33,19.83,21.14,1.0,1.3328794957639434
603216,梦天家居,2026-08-21,21.07,21.28,20.49,21.06,5143739.0,107478711.0,0.0230982037810409,21.07,21.28,20.49,21.06,1.0,1.2287307594385715
603216,梦天家居,2026-08-24,21.07,21.27,20.31,20.55,3079000.0,63438525.0,0.0138263954376038,21.07,21.27,20.31,20.55,1.0,0.645261450551094
603216,梦天家居,2026-08-25,20.19,21.0,20.15,20.92,2461937.0,50766937.0,0.0110554447887197,20.19,21.0,20.15,20.92,1.0,0.5128769148068396
603216,梦天家居,2026-08-26,20.92,21.26,20.71,20.71,2111294.0,44272807.0,0.0094808657775382,20.92,21.26,20.71,20.71,1.0,0.5111031934635543
603216,梦天家居,2026-08-27,20.65,20.8,20.26,20.59,2344157.0,48116662.0,0.0105265481162153,20.65,20.8,20.26,20.59,1.0,0.660378857414879
603216,梦天家居,2026-08-28,20.49,20.9,20.3,20.59,2379200.0,49152551.0,0.0106839103686739,20.49,20.9,20.3,20.59,1.0,0.7857265662302568
603216,梦天家居,2026-08-31,20.78,22.65,20.52,22.65,7333600.0,163320099.0,0.0329318783959764,20.78,22.65,20.52,22.65,1.0,2.9629299230064867
603216,梦天家居,2026-09-01,23.0,23.48,21.82,21.9,13434700.0,300858344.0,0.0603291571242534,23.0,23.48,21.82,21.9,1.0,4.039250788986871
603216,梦天家居,2026-09-02,21.9,24.09,21.47,24.09,11297800.0,259540018.0,0.0507333063900489,21.9,24.09,21.47,24.09,1.0,2.0464840878788646
603216,梦天家居,2026-09-03,24.09,24.48,23.08,23.18,14962308.0,351332084.0,0.0671889532534015,24.09,24.48,23.08,23.18,1.0,2.0335048707024947
603216,梦天家居,2026-09-04,23.22,23.26,21.75,22.1,12378995.0,276740616.0,0.0555884637837352,23.22,23.26,21.75,22.1,1.0,1.2527417842207622
603216,梦天家居,2026-09-07,21.99,22.53,21.6,22.16,10239943.0,226247246.0,0.0459829493915308,21.99,22.53,21.6,22.16,1.0,0.8618406530916695
603216,梦天家居,2026-09-08,22.29,22.66,21.5,21.76,10328089.0,225569993.0,,22.29,22.66,21.5,21.76,1.0,0.8287167489497422
603216,梦天家居,2026-09-09,21.54,23.6,20.93,22.81,15638822.0,343701593.0,,21.54,23.6,20.93,22.81,1.0,1.3206872786531556
603216,梦天家居,2026-09-10,22.49,25.02,21.55,24.1,19364202.0,447615356.0,,22.49,25.02,21.55,24.1,1.0,1.523584861792294
603318,水发燃气,2026-03-20,7.97,8.13,7.8,7.92,52318120.0,414864606.0,0.1139652225066643,7.97,8.13,7.8,7.92,1.0,1.0612102080147356
603318,水发燃气,2026-03-23,7.88,8.22,7.75,7.89,44882767.0,359554689.0,0.0977686990256869,7.88,8.22,7.75,7.89,1.0,0.9243009548263978
603318,水发燃气,2026-03-24,7.86,8.12,7.67,8.09,36446000.0,287924716.0,0.0793907827627959,7.86,8.12,7.67,8.09,1.0,0.764660035727411
603318,水发燃气,2026-03-25,8.01,8.35,7.96,8.21,32807345.0,269351327.0,0.0714646545552076,8.01,8.35,7.96,8.21,1.0,0.70249801702229
603318,水发燃气,2026-03-26,8.21,8.25,7.99,8.06,27242313.0,221242686.0,0.0593422749640314,8.21,8.25,7.99,8.06,1.0,0.5753066240105281
603318,水发燃气,2026-03-27,8.02,8.49,7.92,8.39,33825544.0,279062577.0,0.073682610314915,8.02,8.49,7.92,8.39,1.0,0.8731581660374995
603318,水发燃气,2026-03-30,8.68,8.77,8.19,8.26,44650310.0,375116642.0,0.0972623350025104,8.68,8.77,8.19,8.26,1.0,1.274237971172902
603318,水发燃气,2026-03-31,8.2,8.27,7.8,7.87,33963666.0,272254798.0,0.0739834832144586,8.2,8.27,7.8,7.87,1.0,0.9705484513387528
603318,水发燃气,2026-04-01,7.86,7.95,7.73,7.78,21323674.0,166919485.0,0.0464496287723942,7.86,7.95,7.73,7.78,1.0,0.6181162855329972
603318,水发燃气,2026-04-02,7.79,8.0,7.79,7.93,24483500.0,194213405.0,0.0533327177131348,7.79,8.0,7.79,7.93,1.0,0.7603311357542571
603318,水发燃气,2026-04-03,7.93,7.95,7.38,7.4,30759039.0,231116728.0,0.0670028036887825,7.93,7.95,7.38,7.4,1.0,0.9718698767887056
603318,水发燃气,2026-04-07,7.4,7.78,7.32,7.75,29038442.0,221033561.0,0.0632548054818649,7.4,7.78,7.32,7.75,1.0,0.9356362492895275
603318,水发燃气,2026-04-08,7.42,7.74,7.42,7.69,25889225.0,196898983.0,0.056394826260005,7.42,7.74,7.42,7.69,1.0,0.9274749747831387
603318,水发燃气,2026-04-09,7.7,7.88,7.6,7.65,18329806.0,140579897.0,0.039928048242062,7.7,7.88,7.6,7.65,1.0,0.6969832360258895
603318,水发燃气,2026-04-10,7.63,7.8,7.55,7.64,15481146.0,118721370.0,0.0337227761346959,7.63,7.8,7.55,7.64,1.0,0.602379165536576
603318,水发燃气,2026-04-13,7.79,7.87,7.63,7.86,21254500.0,164868310.0,0.0462989461732932,7.79,7.87,7.63,7.86,1.0,0.8893270527527828
603318,水发燃气,2026-04-14,7.82,8.2,7.6,7.93,36291833.0,288530909.0,0.0790549588368179,7.82,8.2,7.6,7.93,1.0,1.649731970960838
603318,水发燃气,2026-04-15,7.9,7.9,7.51,7.56,24757700.0,189345265.0,0.0539300110411697,7.9,7.9,7.51,7.56,1.0,1.0557968847004486
603318,水发燃气,2026-04-16,7.46,7.68,7.33,7.61,21421710.0,161029325.0,0.0466631818311368,7.46,7.68,7.33,7.61,1.0,0.9224352050684931
603318,水发燃气,2026-04-17,7.62,7.73,7.47,7.7,18286000.0,139325319.0,0.0398326250782112,7.62,7.73,7.47,7.7,1.0,0.7669858744489171
603318,水发燃气,2026-04-20,7.85,8.47,7.85,8.47,54768891.0,447296031.0,0.1193037679728982,7.85,8.47,7.85,8.47,1.0,2.2444106466047287
603318,水发燃气,2026-04-21,8.64,8.78,8.25,8.55,73379751.0,626298913.0,0.1598440396978833,8.64,8.78,8.25,8.55,1.0,2.359081046790503
603318,水发燃气,2026-04-22,8.65,9.41,8.64,9.41,96463529.0,882302601.0,0.2101277252749729,8.65,9.41,8.64,9.41,1.0,2.504062605982662
603318,水发燃气,2026-04-23,10.35,10.35,10.35,10.35,13186386.0,136479095.0,0.0287240714029625,10.35,10.35,10.35,10.35,1.0,0.24943992010952817
603318,水发燃气,2026-04-24,11.39,11.39,11.39,11.39,16138380.0,183816148.0,0.0351544372694795,11.39,11.39,11.39,11.39,1.0,0.3150986570424081
603318,水发燃气,2026-04-27,12.24,12.53,11.84,12.53,94214287.0,1168677538.0,0.2052281729783435,12.24,12.53,11.84,12.53,1.0,1.8550725253490792
603318,水发燃气,2026-04-28,13.0,13.78,12.55,13.78,140836920.0,1883937681.0,0.306786844117359,13.0,13.78,12.55,13.78,1.0,2.4002283736696577
603318,水发燃气,2026-04-29,13.64,14.89,12.79,14.55,152957928.0,2121320775.0,0.3331901891482023,13.64,14.89,12.79,14.55,1.0,2.11947316122834
603318,水发燃气,2026-04-30,14.68,15.1,13.82,14.26,108847733.0,1562107834.0,0.2371043934814743,14.68,15.1,13.82,14.26,1.0,1.3040844841406736
603318,水发燃气,2026-05-06,14.36,14.62,13.63,14.5,117062068.0,1669042637.0,0.2549977833054833,14.36,14.62,13.63,14.5,1.0,1.1409663974119308
603318,水发燃气,2026-05-07,13.9,14.06,13.05,13.05,89948207.0,1191520374.0,0.1959353169576908,13.9,14.06,13.05,13.05,1.0,0.7325739745548425
603318,水发燃气,2026-05-08,12.5,12.86,11.85,11.85,122074396.0,1499004639.0,0.2659162007829535,12.5,12.86,11.85,11.85,1.0,1.001179563079091
603318,水发燃气,2026-05-11,12.09,12.35,11.99,12.1,88178648.0,1070876156.0,0.1920806642069102,12.09,12.35,11.99,12.1,1.0,0.7461507087240682
603318,水发燃气,2026-05-12,12.11,12.27,11.12,11.28,84620751.0,969414731.0,0.1843304521721354,12.11,12.27,11.12,11.28,1.0,0.8042099731446052
603318,水发燃气,2026-05-13,11.33,11.58,11.16,11.53,66575191.0,759040056.0,0.1450215805869683,11.33,11.58,11.16,11.53,1.0,0.6632526810424567
603318,水发燃气,2026-05-14,11.55,12.28,11.18,11.23,112476246.0,1336427194.0,0.2450084292421883,11.55,12.28,11.18,11.23,1.0,1.2458678049422431
603318,水发燃气,2026-05-15,11.01,11.57,10.6,10.98,81497220.0,908284347.0,0.1775264250889477,11.01,11.57,10.6,10.98,1.0,0.859810941655033
603318,水发燃气,2026-05-18,11.0,11.34,10.73,11.12,66860935.0,737871865.0,0.1456440203562097,11.0,11.34,10.73,11.12,1.0,0.7714461167445504
603318,水发燃气,2026-05-19,11.01,11.13,10.38,10.71,66136006.0,705452230.0,0.1440648983467312,11.01,11.13,10.38,10.71,1.0,0.8025623248819809
603318,水发燃气,2026-05-20,10.62,10.84,10.37,10.65,50741952.0,538550968.0,0.1105318358171601,10.62,10.84,10.37,10.65,1.0,0.644676909840572
603318,水发燃气,2026-05-21,10.4,10.47,9.83,9.88,58118621.0,589916739.0,0.1266005271987123,10.4,10.47,9.83,9.88,1.0,0.7693502689966256
603318,水发燃气,2026-05-22,9.99,10.01,9.72,9.97,33901460.0,335149955.0,0.0738479790978877,9.99,10.01,9.72,9.97,1.0,0.5242146849162876
603318,水发燃气,2026-05-25,9.8,9.95,9.56,9.68,33056900.0,321500857.0,0.0720082633680367,9.8,9.95,9.56,9.68,1.0,0.5993803124608377
603318,水发燃气,2026-05-26,9.68,9.68,9.27,9.39,29401401.0,275942807.0,0.0640454436622085,9.68,9.68,9.27,9.39,1.0,0.6075800957301393
603318,水发燃气,2026-05-27,9.33,9.4,9.02,9.11,22294768.0,204024753.0,0.0485649751148256,9.33,9.4,9.02,9.11,1.0,0.5431910075733529
603318,水发燃气,2026-05-28,9.18,9.27,8.92,9.08,22150314.0,200837857.0,0.048250309139596,9.18,9.27,8.92,9.08,1.0,0.6265180543538428
603318,水发燃气,2026-05-29,9.12,9.14,8.81,8.9,22367172.0,200330503.0,0.048722693663779,9.12,9.14,8.81,8.9,1.0,0.7942614587482619
603318,水发燃气,2026-06-01,8.93,9.36,8.91,9.25,37893283.0,349677942.0,0.0825434176266846,8.93,9.36,8.91,9.25,1.0,1.4656579373392495
603318,水发燃气,2026-06-02,9.24,9.48,8.87,9.05,32830171.0,297678426.0,0.071514376719707,9.24,9.48,8.87,9.05,1.0,1.2240295502086551
603318,水发燃气,2026-06-03,9.09,9.47,8.98,9.42,45817491.0,425991435.0,0.0998048201371167,9.09,9.47,8.98,9.42,1.0,1.6656580195159207
603318,水发燃气,2026-06-04,9.32,9.63,9.14,9.27,49428547.0,463081548.0,0.1076708290939375,9.32,9.63,9.14,9.27,1.0,1.5344911375673342
603318,水发燃气,2026-06-05,9.09,9.29,8.71,8.88,44056254.0,391971619.0,0.0959682953041913,9.09,9.29,8.71,8.88,1.0,1.1696143773683918
603318,水发燃气,2026-06-08,8.93,9.18,8.74,8.76,39250055.0,351834248.0,0.0854988912345056,8.93,9.18,8.74,8.76,1.0,0.9344105603129246
603318,水发燃气,2026-06-09,8.94,9.0,8.33,8.48,36842345.0,312154724.0,0.0802541460891999,8.94,9.0,8.33,8.48,1.0,0.8714614942755105
603318,水发燃气,2026-06-10,8.43,9.33,8.38,8.95,68705248.0,617408971.0,0.1496615106906662,8.43,9.33,8.38,8.95,1.0,1.5948686423526166
603318,水发燃气,2026-06-11,9.25,9.85,8.71,9.85,86904189.0,804047808.0,0.18930449404807,9.25,9.85,8.71,9.85,1.0,1.8235541342786854
603318,水发燃气,2026-06-12,9.4,9.85,9.11,9.16,84269384.0,796420624.0,0.1835650649920054,9.4,9.85,9.11,9.16,1.0,1.5279585033100624
603318,水发燃气,2026-06-15,8.93,9.05,8.62,8.77,55606048.0,488882829.0,0.1211273576542172,8.93,9.05,8.62,8.77,1.0,0.8799226686534214
603318,水发燃气,2026-06-16,8.77,9.65,8.51,9.65,61045791.0,566343910.0,0.1329768186320595,8.77,9.65,8.51,9.65,1.0,0.918459103382367
603318,水发燃气,2026-06-17,9.78,10.1,9.49,9.9,91721059.0,899808673.0,0.1997971428920207,9.78,10.1,9.49,9.9,1.0,1.2862997392706703
603318,水发燃气,2026-06-18,9.78,10.25,9.68,10.12,71171596.0,711667423.0,0.1550339877330153,9.78,10.25,9.68,10.12,1.0,0.9375873764875553
603318,水发燃气,2026-06-22,10.1,10.74,10.01,10.63,74139918.0,774100703.0,0.161499921088446,10.1,10.74,10.01,10.63,1.0,1.0189264687698363
603318,水发燃气,2026-06-23,10.78,11.69,10.41,11.69,118485766.0,1324201322.0,0.2580990426655729,10.78,11.69,10.41,11.69,1.0,1.6750210354195647
603318,水发燃气,2026-06-24,10.99,10.99,10.52,10.52,36414700.0,387040732.0,0.0793226015769188,10.99,10.99,10.52,10.52,1.0,0.43708396111782355
603318,水发燃气,2026-06-25,9.6,10.0,9.47,9.47,91221464.0,875197217.0,0.1987088687847283,9.6,10.0,9.47,9.47,1.0,1.1637378700293752
603318,水发燃气,2026-06-26,9.21,9.51,8.66,8.81,70665208.0,635041382.0,0.1539309163479061,9.21,9.51,8.66,8.81,1.0,0.9026465301212229
603318,水发燃气,2026-06-29,9.05,9.69,9.05,9.69,83731558.0,800240889.0,0.1823935118138739,9.05,9.69,9.05,9.69,1.0,1.0709358269640974
603318,水发燃气,2026-06-30,9.33,9.69,8.97,9.54,76641403.0,713982564.0,0.1669489375023019,9.33,9.69,8.97,9.54,1.0,0.9567768466918208
603318,水发燃气,2026-07-01,9.65,10.44,9.65,9.94,73641847.0,742340833.0,0.1604149667296289,9.65,10.44,9.65,9.94,1.0,1.0265837310416077
603318,水发燃气,2026-07-02,9.8,10.3,9.68,9.75,52935180.0,528644699.0,0.115309372109134,9.8,10.3,9.68,9.75,1.0,0.668539809449563
603318,水发燃气,2026-07-03,9.75,9.84,9.27,9.28,42978170.0,405870338.0,0.0936198912915687,9.75,9.84,9.27,9.28,1.0,0.6008996608745899
603318,水发燃气,2026-07-06,9.12,9.26,8.61,8.63,35986456.0,318778487.0,0.0783897522553617,9.12,9.26,8.61,8.63,1.0,0.5453680616129769
603318,水发燃气,2026-07-07,8.69,8.7,8.01,8.05,35777700.0,293928302.0,0.0779350164202514,8.69,8.7,8.01,8.05,1.0,0.6339448673346283
603318,水发燃气,2026-07-08,8.22,8.26,7.75,7.81,30467686.0,240655573.0,0.0663681457638994,8.22,8.26,7.75,7.81,1.0,0.631273157772804
603318,水发燃气,2026-07-09,7.82,8.1,7.65,7.77,32287099.0,253542852.0,0.0703313961134249,7.82,8.1,7.65,7.77,1.0,0.8147333446274084
603318,水发燃气,2026-07-10,7.68,7.99,7.55,7.77,33496502.0,261891431.0,0.0729658539646479,7.68,7.99,7.55,7.77,1.0,0.9435787943613346
603318,水发燃气,2026-07-13,8.55,8.55,8.55,8.55,10240801.0,87558849.0,0.0223076663422055,8.55,8.55,8.55,8.55,1.0,0.30475772991890987
603318,水发燃气,2026-07-14,9.3,9.3,8.32,8.87,99094121.0,874038279.0,0.2158579770998522,9.3,9.3,8.32,8.87,1.0,3.4826129423908325
603318,水发燃气,2026-07-15,8.59,9.05,8.31,8.43,76483037.0,658637171.0,0.1666039668415157,8.59,9.05,8.31,8.43,1.0,1.8601208070333162
603318,水发燃气,2026-07-16,8.17,8.36,8.0,8.02,48716765.0,397350732.0,0.1061203453608401,8.17,8.36,8.0,8.02,1.0,0.9681332063282915
603318,水发燃气,2026-07-17,8.01,8.82,8.01,8.47,78921092.0,668320518.0,0.1719148128841198,8.01,8.82,8.01,8.47,1.0,1.4722368952638376
603318,水发燃气,2026-07-20,8.16,8.8,8.1,8.73,68426727.0,585305232.0,0.14905480487368,8.16,8.8,8.1,8.73,1.0,1.0914891909359243
603318,水发燃气,2026-07-21,8.3,8.33,7.86,8.0,64566681.0,512924943.0,0.1406464178506761,8.3,8.33,7.86,8.0,1.0,0.8686683128290793
603318,水发燃气,2026-07-22,7.78,8.2,7.72,7.91,46487364.0,370799080.0,0.1012640129654563,7.78,8.2,7.72,7.91,1.0,0.6894896437826005
603318,水发燃气,2026-07-23,7.98,8.7,7.98,8.7,49689845.0,422522180.0,0.1082400178321901,7.98,8.7,7.98,8.7,1.0,0.8089682667865778
603318,水发燃气,2026-07-24,8.88,9.2,8.63,8.94,102475212.0,913562326.0,0.2232230503886149,8.88,9.2,8.63,8.94,1.0,1.6630634484227553
603318,水发燃气,2026-07-27,8.44,8.74,8.11,8.72,71114138.0,603990403.0,0.1549088262448963,8.44,8.74,8.11,8.72,1.0,1.0721397916329591
603318,水发燃气,2026-07-28,8.61,8.86,8.44,8.49,49605569.0,426390265.0,0.1080564383554816,8.61,8.86,8.44,8.49,1.0,0.7418581682156402
603318,水发燃气,2026-07-29,8.51,8.93,8.38,8.78,58708105.0,511265384.0,0.1278846076516054,8.51,8.93,8.38,8.78,1.0,0.9191175411524953
603318,水发燃气,2026-07-30,8.78,8.98,8.21,8.28,55189508.0,469671397.0,0.1202200033038903,8.78,8.98,8.21,8.28,1.0,0.8321877995512624
603318,水发燃气,2026-07-31,8.2,8.55,8.11,8.4,43071561.0,362738165.0,0.0938233260880621,8.2,8.55,8.11,8.4,1.0,0.6388685140019654
603318,水发燃气,2026-08-03,8.31,8.59,8.24,8.56,31301388.0,264791539.0,0.0681842093750202,8.31,8.59,8.24,8.56,1.0,0.5636053537195823
603318,水发燃气,2026-08-04,8.69,8.93,8.6,8.77,35089142.0,306835469.0,0.0764351218200872,8.69,8.93,8.6,8.77,1.0,0.7375507128960324
603318,水发燃气,2026-08-05,8.78,9.0,8.71,8.98,38977457.0,347306780.0,0.0849050875633325,8.78,9.0,8.71,8.98,1.0,0.8725266084700758
603318,水发燃气,2026-08-06,8.95,9.26,8.81,9.26,54326728.0,495003200.0,0.1183405987175959,8.95,9.26,8.81,9.26,1.0,1.3339630666460487
603318,水发燃气,2026-08-07,9.35,9.35,8.93,9.1,47050211.0,426789010.0,0.1024900697043492,9.35,9.35,8.93,9.1,1.0,1.160207997310164
603318,水发燃气,2026-08-10,9.1,9.31,9.01,9.23,34808400.0,317927136.0,0.0758235779707102,9.1,9.31,9.01,9.23,1.0,0.8418199341927259
603318,水发燃气,2026-08-11,9.33,9.33,9.08,9.13,31694219.0,291334941.0,0.0690399181107797,9.33,9.33,9.08,9.13,1.0,0.7537200204071365
603318,水发燃气,2026-08-12,9.08,9.14,8.95,9.06,24038878.0,217158028.0,0.0523641919870316,9.08,9.14,8.95,9.06,1.0,0.581050587044389
603318,水发燃气,2026-08-13,9.1,9.18,8.95,8.95,24699588.0,223537387.0,0.053803424936579,9.1,9.18,8.95,8.95,1.0,0.643491800860653
603318,水发燃气,2026-08-14,8.95,9.02,8.75,8.86,20259996.0,179308004.0,0.0441326055317761,8.95,9.02,8.75,8.86,1.0,0.6241861547522549
603318,水发燃气,2026-08-17,8.84,9.1,8.75,9.1,19314409.0,173034826.0,0.0420728214100529,8.84,9.1,8.75,9.1,1.0,0.7127031333425303
603318,水发燃气,2026-08-18,9.24,10.01,9.06,9.6,79190330.0,762673136.0,0.1725012974247961,9.24,10.01,9.06,9.6,1.0,3.299402143656679
603318,水发燃气,2026-08-19,9.48,9.66,8.95,9.0,56521968.0,521357532.0,0.1231225177746173,9.48,9.66,8.95,9.0,1.0,1.687190682403735
603318,水发燃气,2026-08-20,8.98,9.06,8.64,8.67,34527890.0,304116618.0,0.0752125394898675,8.98,9.06,8.64,8.67,1.0,0.8632564219114398
603318,水发燃气,2026-08-21,8.72,9.54,8.67,9.54,44188630.0,416796181.0,0.0962566516192604,,,,,,1.0530399570443605
603318,水发燃气,2026-08-24,9.35,9.67,9.22,9.31,54680015.0,509331164.0,0.1191101682580097,,,,,,1.1696598806689702
603318,水发燃气,2026-08-25,9.42,10.24,9.35,10.24,74570403.0,739024999.0,0.1624376520086469,,,,,,1.3855064170264526
603318,水发燃气,2026-08-26,9.99,10.17,9.66,10.05,86870679.0,866979958.0,0.1892314987912412,,,,,,1.6422367258005142
603318,水发燃气,2026-08-27,10.01,10.18,9.81,9.94,65398228.0,648877546.0,0.1424577871980409,10.01,10.18,9.81,9.94,1.0,1.1090550226499762
603318,水发燃气,2026-08-28,9.85,10.0,9.76,9.78,54482069.0,536479604.0,0.1186789799826224,,,,,,0.8363638063430167
603318,水发燃气,2026-08-31,9.98,10.26,9.85,10.06,79799418.0,801167524.0,0.1738280815188373,,,,,,1.1874864126307763
603318,水发燃气,2026-09-01,10.0,10.42,9.84,9.88,77837388.0,786779177.0,0.1695541667544163,,,,,,1.077719542139801
603318,水发燃气,2026-09-02,10.2,10.55,9.9,10.14,82578593.0,842412846.0,0.179881993571869,10.2,10.55,9.9,10.14,1.0,1.1331141860294316
603318,水发燃气,2026-09-03,9.5,9.76,9.2,9.2,72495785.0,679114231.0,0.157918485379832,,,,,,1.0066183212586912
603318,水发燃气,2026-09-04,9.11,9.8,8.95,9.34,58960920.0,553423143.0,0.1284353177636665,,,,,,0.8028595231296367
603318,水发燃气,2026-09-07,9.3,9.34,9.0,9.08,43821324.0,397699274.0,0.0954565443138368,,,,,,0.5895159137366952
603318,水发燃气,2026-09-08,9.1,9.7,8.99,9.5,60189007.0,566722581.0,,9.1,9.7,8.99,9.5,1.0,0.8964861630983526
603318,水发燃气,2026-09-09,9.51,9.7,9.33,9.41,46469552.0,440071946.0,,9.51,9.7,9.33,9.41,1.0,0.7305485088116083
603318,水发燃气,2026-09-10,9.6,10.35,9.44,10.35,109982794.0,1116347670.0,,9.6,10.35,9.44,10.35,1.0,1.950488136005959
603679,华体科技,2026-03-20,15.8,16.16,14.93,14.95,7473955.0,114652827.0,0.0446613897827378,15.8,16.16,14.93,14.95,1.0,0.6634411845107974
603679,华体科技,2026-03-23,14.51,14.88,13.78,14.0,8269163.0,118628608.0,0.0494132372913663,14.51,14.88,13.78,14.0,1.0,0.9913340244522002
603679,华体科技,2026-03-24,14.18,14.77,13.92,14.59,7345558.0,105229374.0,0.0438941402523441,14.18,14.77,13.92,14.59,1.0,1.0316523700388103
603679,华体科技,2026-03-25,14.67,15.02,14.67,14.86,5286490.0,78682355.0,0.0315899668211202,14.67,15.02,14.67,14.86,1.0,0.7379335114576382
603679,华体科技,2026-03-26,14.91,14.91,14.04,14.18,6310180.0,90641788.0,0.0377071321113435,14.91,14.91,14.04,14.18,1.0,0.898443754711178
603679,华体科技,2026-03-27,14.0,14.6,13.85,14.42,5737010.0,81866484.0,0.0342820955969717,14.0,14.6,13.85,14.42,1.0,0.8270077513425986
603679,华体科技,2026-03-30,14.28,14.45,13.95,14.2,5081347.0,71941285.0,0.0285973053272893,14.28,14.45,13.95,14.2,1.0,0.7711067678216008
603679,华体科技,2026-03-31,14.33,14.35,13.7,13.86,7127573.0,99489537.0,0.0401132576310069,14.33,14.35,13.7,13.86,1.0,1.1974853652910384
603679,华体科技,2026-04-01,14.07,14.59,13.92,14.53,7675708.0,109584650.0,0.0431981057934279,14.07,14.59,13.92,14.53,1.0,1.2990914814539005
603679,华体科技,2026-04-02,14.57,15.28,13.84,13.98,18223734.0,265333578.0,0.1025613258455494,14.57,15.28,13.84,13.98,1.0,2.8535384361767315
603679,华体科技,2026-04-03,13.9,14.0,12.75,12.77,13230492.0,174718383.0,0.0744598665185156,13.9,14.0,12.75,12.77,1.0,1.5087672194912611
603679,华体科技,2026-04-07,12.89,12.97,12.66,12.74,6537716.0,83836843.0,0.0367936022859893,12.89,12.97,12.66,12.74,1.0,0.6367220429189946
603679,华体科技,2026-04-08,13.05,13.48,13.05,13.48,6539179.0,87118132.0,0.0368018359015432,13.05,13.48,13.05,13.48,1.0,0.6192964655154501
603679,华体科技,2026-04-09,13.35,13.66,13.16,13.47,7254367.0,97426609.0,0.0408268413976082,13.35,13.66,13.16,13.47,1.0,0.694771846801881
603679,华体科技,2026-04-10,13.96,13.96,13.63,13.68,5231146.0,72036230.0,0.0294403588996438,13.96,13.96,13.63,13.68,1.0,0.5050783725355644
603679,华体科技,2026-04-13,13.6,14.03,13.4,13.85,5668143.0,78294015.0,0.0318997336748972,13.6,14.03,13.4,13.85,1.0,0.7305644847381866
603679,华体科技,2026-04-14,14.0,14.05,13.67,13.85,4015986.0,55552881.0,0.0226015617182057,14.0,14.05,13.67,13.85,1.0,0.6429579164325343
603679,华体科技,2026-04-15,13.88,14.13,13.63,13.71,4761000.0,66079222.0,0.0267944249159179,13.88,14.13,13.63,13.71,1.0,0.8291876562956033
603679,华体科技,2026-04-16,13.7,14.16,13.56,14.09,5329038.0,74210503.0,0.0299912851428425,13.7,14.16,13.56,14.09,1.0,0.9894004754881075
603679,华体科技,2026-04-17,14.11,14.22,13.83,14.16,4003970.0,56240342.0,0.0225339368894324,14.11,14.22,13.83,14.16,1.0,0.8006238514190964
603679,华体科技,2026-04-20,14.16,14.24,14.01,14.23,3560408.0,50349563.0,0.0200376149603094,14.16,14.24,14.01,14.23,1.0,0.7486726146796109
603679,华体科技,2026-04-21,14.2,14.25,13.93,14.1,5654520.0,79535197.0,0.0318230648131813,14.2,14.25,13.93,14.1,1.0,1.3046643066427654
603679,华体科技,2026-04-22,14.06,14.37,13.88,14.22,4139822.0,58496058.0,0.0232984981609462,14.06,14.37,13.88,14.22,1.0,0.8880332418433857
603679,华体科技,2026-04-23,14.22,14.22,13.61,13.73,6123013.0,84569056.0,0.034459695880632,14.22,14.22,13.61,13.73,1.0,1.349409007271675
603679,华体科技,2026-04-24,13.6,13.76,13.43,13.62,3709077.0,50356429.0,0.0208743090073216,13.6,13.76,13.43,13.62,1.0,0.789779229667589
603679,华体科技,2026-04-27,13.61,13.97,13.48,13.91,4436300.0,61078367.0,0.024967046262232,13.61,13.97,13.48,13.91,1.0,0.9566417847365143
603679,华体科技,2026-04-28,13.8,14.6,13.8,14.3,9347628.0,134224864.0,0.0526075019088284,13.8,14.6,13.8,14.3,1.0,1.9423455325022942
603679,华体科技,2026-04-29,14.09,14.76,14.09,14.61,6085847.0,88837227.0,0.0342505294037522,14.09,14.76,14.09,14.61,1.0,1.0963182883313927
603679,华体科技,2026-04-30,14.75,15.05,14.65,14.95,5585048.0,83250089.0,0.0314320834462922,14.75,15.05,14.65,14.95,1.0,0.9401847325075379
603679,华体科技,2026-05-06,15.07,15.25,14.96,15.17,5450091.0,82600784.0,0.0306725591439655,15.07,15.25,14.96,15.17,1.0,0.9343899478464814
603679,华体科技,2026-05-07,15.18,15.65,15.17,15.51,5419083.0,84073503.0,0.0304980492662523,15.18,15.65,15.17,15.51,1.0,0.8767348454682644
603679,华体科技,2026-05-08,15.51,15.64,15.23,15.52,4234662.0,65390271.0,0.023832248057822,15.51,15.64,15.23,15.52,1.0,0.663996211454217
603679,华体科技,2026-05-11,15.76,16.39,15.71,16.22,10233762.0,164556030.0,0.0575945741475265,15.76,16.39,15.71,16.22,1.0,1.911085866745029
603679,华体科技,2026-05-12,16.26,16.48,15.94,16.07,6024071.0,97228260.0,0.0339028603439736,16.26,16.48,15.94,16.07,1.0,0.9740549046158599
603679,华体科技,2026-05-13,16.07,17.68,16.04,17.68,17694332.0,305791469.0,0.0995819051063482,16.07,17.68,16.04,17.68,1.0,2.8210124913951486
603679,华体科技,2026-05-14,17.72,18.4,16.89,17.95,27886381.0,501234697.0,0.1569417227223651,17.72,18.4,16.89,17.95,1.0,3.197546043644084
603679,华体科技,2026-05-15,18.04,18.37,17.67,17.86,14238122.0,256076579.0,0.0801307059173869,18.04,18.37,17.67,17.86,1.0,1.077450484922724
603679,华体科技,2026-05-18,17.69,18.08,17.32,17.68,12398365.0,219282338.0,0.0697767401958926,17.69,18.08,17.32,17.68,1.0,0.8148598858193947
603679,华体科技,2026-05-19,17.54,17.96,17.29,17.72,9694883.0,170565001.0,0.0545618178139275,17.54,17.96,17.29,17.72,1.0,0.6195504543887075
603679,华体科技,2026-05-20,17.55,17.6,17.18,17.44,8130617.0,140998573.0,0.0457582874872056,17.55,17.6,17.18,17.44,1.0,0.496301443097229
603679,华体科技,2026-05-21,17.41,17.75,16.59,16.67,8353744.0,143801234.0,0.0470140236031925,17.41,17.75,16.59,16.67,1.0,0.5773277429008489
603679,华体科技,2026-05-22,16.85,18.1,16.85,17.66,10314293.0,180926746.0,0.0580477944442927,16.85,18.1,16.85,17.66,1.0,0.9764413750138193
603679,华体科技,2026-05-25,17.56,18.5,17.38,18.23,10242846.0,184830552.0,0.0576456979778009,17.56,18.5,17.38,18.23,1.0,1.047499236172076
603679,华体科技,2026-05-26,18.14,18.77,17.51,17.9,8019781.0,143186726.0,0.0451345137253949,18.14,18.77,17.51,17.9,1.0,0.8579804945538897
603679,华体科技,2026-05-27,17.7,18.13,17.52,17.7,5914600.0,105208793.0,0.0332867686636606,17.7,18.13,17.52,17.7,1.0,0.6562840501582723
603679,华体科技,2026-05-28,17.53,17.97,17.3,17.85,7456629.0,132192636.0,0.0419651514107028,17.53,17.97,17.3,17.85,1.0,0.8701812410351818
603679,华体科技,2026-05-29,17.88,18.12,16.9,17.07,7304148.0,127604382.0,0.0411070038144826,17.88,18.12,16.9,17.07,1.0,0.8706162457847663
603679,华体科技,2026-06-01,16.9,17.72,16.8,16.85,5844917.0,100515010.0,0.0328945998101811,16.9,17.72,16.8,16.85,1.0,0.7505414247735965
603679,华体科技,2026-06-02,16.8,17.13,16.22,16.56,6385915.0,106049865.0,0.0359392816607717,16.8,17.13,16.22,16.56,1.0,0.9244211253160278
603679,华体科技,2026-06-03,16.54,16.87,16.38,16.6,5187340.0,86308152.0,0.0291938231765044,16.54,16.87,16.38,16.6,1.0,0.7882007921362196
603679,华体科技,2026-06-04,16.45,16.84,16.16,16.32,4571240.0,74859157.0,0.0257264748902836,16.45,16.84,16.16,16.32,1.0,0.7102842296061317
603679,华体科技,2026-06-05,16.32,16.7,15.55,16.5,5543245.0,90136085.0,0.0311968204039146,16.32,16.7,15.55,16.5,1.0,0.9461542059073735
603679,华体科技,2026-06-08,15.9,17.6,15.9,16.72,8790520.0,147550934.0,0.0494721546128701,15.9,17.6,15.9,16.72,1.0,1.5963806181146991
603679,华体科技,2026-06-09,17.0,17.93,16.77,17.86,14196262.0,249288345.0,0.0798951220847928,17.0,17.93,16.77,17.86,1.0,2.328916086417007
603679,华体科技,2026-06-10,18.1,19.52,17.86,18.25,16237777.0,300298909.0,0.0913845613585211,18.1,19.52,17.86,18.25,1.0,2.1204449929452904
603679,华体科技,2026-06-11,18.34,18.78,18.07,18.59,10595622.0,195622144.0,0.0596310855107011,18.34,18.78,18.07,18.59,1.0,1.0737563135597032
603679,华体科技,2026-06-12,18.59,19.0,18.3,18.67,9184909.0,171063503.0,0.0516917358874267,18.59,19.0,18.3,18.67,1.0,0.8295105328199884
603679,华体科技,2026-06-15,18.67,19.49,18.55,19.4,11693141.0,223471920.0,0.065807811080811,18.67,19.49,18.55,19.4,1.0,0.9908586699893178
603679,华体科技,2026-06-16,19.2,19.78,19.13,19.34,7359048.0,142526449.0,0.0414159754439479,19.2,19.78,19.13,19.34,1.0,0.5943563314754119
603679,华体科技,2026-06-17,19.3,19.52,19.05,19.48,6400000.0,123295727.0,0.0360185506116099,19.3,19.52,19.05,19.48,1.0,0.5810733830856838
603679,华体科技,2026-06-18,19.29,21.43,19.11,21.43,9969388.0,204122961.0,0.0561067041007463,19.29,21.43,19.11,21.43,1.0,1.102010668383418
603679,华体科技,2026-06-22,21.87,22.28,20.03,20.76,20285127.0,425619846.0,0.1141626364863179,21.87,22.28,20.03,20.76,1.0,2.2737867089552855
603679,华体科技,2026-06-23,20.55,21.65,20.43,21.09,13312692.0,282226180.0,0.0749224797779334,20.55,21.65,20.43,21.09,1.0,1.194891372499798
603679,华体科技,2026-06-24,20.34,21.27,20.31,20.88,8690429.0,179465400.0,0.0489088526207972,20.34,21.27,20.31,20.88,1.0,0.7579798296609468
603679,华体科技,2026-06-25,20.83,21.74,20.55,21.21,11450327.0,242107135.0,0.0644412785264036,20.83,21.74,20.55,21.21,1.0,0.9760303841770916
603679,华体科技,2026-06-26,21.27,21.33,20.26,20.5,9648619.0,200056731.0,0.0543014487161939,21.27,21.33,20.26,20.5,1.0,0.7572537674764457
603679,华体科技,2026-06-29,20.51,20.9,19.19,19.7,8940188.0,177881786.0,0.0503144709305168,20.51,20.9,19.19,19.7,1.0,0.7052045875386123
603679,华体科技,2026-06-30,19.64,20.54,19.4,20.18,6684253.0,133489275.0,0.0376182976533289,19.64,20.54,19.4,20.18,1.0,0.6421947895993362
603679,华体科技,2026-07-01,20.2,20.63,19.9,20.45,5653874.0,114974057.0,0.0318194291907289,20.2,20.63,19.9,20.45,1.0,0.6224839154674868
603679,华体科技,2026-07-02,20.41,20.98,20.1,20.23,6650113.0,136465715.0,0.0374261611974101,20.41,20.98,20.1,20.23,1.0,0.7846322347260717
603679,华体科技,2026-07-03,20.32,20.78,19.88,20.43,5653472.0,115212908.0,0.0318171667755186,20.32,20.78,19.88,20.43,1.0,0.7522507024035178
603679,华体科技,2026-07-06,20.24,20.48,18.39,18.39,12553364.0,239055914.0,0.070649058840619,20.24,20.48,18.39,18.39,1.0,1.8690669676224394
603679,华体科技,2026-07-07,17.86,19.65,17.85,19.12,12507155.0,236930509.0,0.0703889992773046,17.86,19.65,17.85,19.12,1.0,1.6812917656089748
603679,华体科技,2026-07-08,18.97,19.58,18.51,18.83,6491623.0,122712340.0,0.0365341955589048,18.97,19.58,18.51,18.83,1.0,0.7545244223240805
603679,华体科技,2026-07-09,18.81,18.86,17.72,18.15,6645745.0,121163194.0,0.0374015785366177,18.81,18.86,17.72,18.15,1.0,0.7576826853195251
603679,华体科技,2026-07-10,18.1,19.4,17.95,18.88,6431323.0,121209269.0,0.036194833277361,18.1,19.4,17.95,18.88,1.0,0.7333094283349347
603679,华体科技,2026-07-13,19.0,20.18,18.57,19.02,9722020.0,189293909.0,0.0547145420964193,19.0,20.18,18.57,19.02,1.0,1.089199203839817
603679,华体科技,2026-07-14,19.32,19.32,17.8,18.3,7117843.0,130164608.0,0.0400584981782802,19.32,19.32,17.8,18.3,1.0,0.8514600960728473
603679,华体科技,2026-07-15,18.43,18.79,17.74,17.79,5066500.0,92040668.0,0.0285137479177689,18.43,18.79,17.74,17.79,1.0,0.6957842928889733
603679,华体科技,2026-07-16,17.62,18.22,17.0,17.78,4213700.0,75133760.0,0.0237142760487719,17.62,18.22,17.0,17.78,1.0,0.6022422443356114
603679,华体科技,2026-07-17,17.83,18.26,16.0,16.0,10626369.0,178289845.0,0.0598041265068972,17.83,18.26,16.0,16.0,1.0,1.632245244488207
603679,华体科技,2026-07-20,16.0,16.5,14.4,14.4,13079299.0,198000539.0,0.073608967655606,16.0,16.5,14.4,14.4,1.0,1.779669247887795
603679,华体科技,2026-07-21,14.5,15.75,12.96,15.66,18181180.0,256794241.0,0.1023218362513734,14.5,15.75,12.96,15.66,1.0,2.266770274701012
603679,华体科技,2026-07-22,15.52,16.54,15.38,15.82,8817153.0,141448500.0,0.0496220424345012,15.52,16.54,15.38,15.82,1.0,0.8616046210053001
603679,华体科技,2026-07-23,15.86,16.45,15.55,15.96,4541878.0,72459355.0,0.0255612285335558,15.86,16.45,15.55,15.96,1.0,0.41351676393008513
603679,华体科技,2026-07-24,15.76,16.14,15.38,16.06,3921320.0,61860128.0,0.0220687910756747,15.76,16.14,15.38,16.06,1.0,0.35489705938066435
603679,华体科技,2026-07-27,15.9,17.37,15.8,17.3,6828697.0,112937149.0,0.0384312138290388,15.9,17.37,15.8,17.3,1.0,0.7033972225031999
603679,华体科技,2026-07-28,17.0,18.31,17.0,17.97,8858800.0,158634993.0,0.0498564275247077,17.0,18.31,17.0,17.97,1.0,1.047381442351174
603679,华体科技,2026-07-29,18.01,18.7,17.8,18.24,8356580.0,152853072.0,0.0470299843234323,18.01,18.7,17.8,18.24,1.0,1.2673833002384627
603679,华体科技,2026-07-30,18.0,18.55,17.4,17.56,8986000.0,160020573.0,0.0505722962181135,18.0,18.55,17.4,17.56,1.0,1.3821521490189503
603679,华体科技,2026-07-31,18.25,19.32,17.99,19.3,10798698.0,204129380.0,0.0607739766332016,18.25,19.32,17.99,19.3,1.0,1.461202941799467
603679,华体科技,2026-08-03,19.49,21.1,19.48,21.09,16308533.0,334913720.0,0.0917827689471266,19.49,21.1,19.48,21.09,1.0,1.8604824113838454
603679,华体科技,2026-08-04,21.2,21.98,20.31,21.58,16810717.0,359262504.0,0.0946090095440548,21.2,21.98,20.31,21.58,1.0,1.5767356046849543
603679,华体科技,2026-08-05,21.61,21.92,21.22,21.73,12222586.0,263890043.0,0.0687874738196491,21.61,21.92,21.22,21.73,1.0,0.9975906508673905
603679,华体科技,2026-08-06,21.9,23.2,21.62,22.63,15955871.0,356680453.0,0.0897980229946591,21.9,23.2,21.62,22.63,1.0,1.2249900324804632
603679,华体科技,2026-08-07,22.45,23.62,22.0,22.57,10301945.0,231720650.0,0.0579783011532065,22.45,23.62,22.0,22.57,1.0,0.7144562201125008
603679,华体科技,2026-08-10,22.47,22.95,22.01,22.44,7073200.0,159007435.0,0.0398072519040686,22.47,22.95,22.01,22.44,1.0,0.4939409482046086
603679,华体科技,2026-08-11,22.22,22.6,21.83,22.51,6649014.0,148288842.0,0.0374199761369223,22.22,22.6,21.83,22.51,1.0,0.5330783777178741
603679,华体科技,2026-08-12,22.35,22.8,21.15,21.5,11454153.0,247922597.0,0.0644628108661911,22.35,22.8,21.15,21.5,1.0,1.0970861115465937
603679,华体科技,2026-08-13,21.61,22.88,21.5,22.32,10880952.0,242620619.0,0.0612368937991403,21.61,22.88,21.5,22.32,1.0,1.0577549175807848
603679,华体科技,2026-08-14,21.95,23.44,21.95,22.34,8787168.0,198259232.0,0.0494532898969873,21.95,23.44,21.95,22.34,1.0,0.9477251407615098
603679,华体科技,2026-08-17,22.78,23.1,21.61,22.87,10483033.0,236506875.0,0.058997446042762,22.78,23.1,21.61,22.87,1.0,1.1688207069912517
603679,华体科技,2026-08-18,23.0,23.35,22.02,22.73,9343138.0,209440540.0,0.0525822326444149,23.0,23.35,22.02,22.73,1.0,0.968114150194221
603679,华体科技,2026-08-19,22.66,22.98,21.39,21.56,8790716.0,193171278.0,0.0494732576809826,22.66,22.98,21.39,21.56,1.0,0.8627070141729941
603679,华体科技,2026-08-20,21.7,22.04,21.3,21.6,3761094.0,81348117.0,0.0211670554053159,21.7,22.04,21.3,21.6,1.0,0.3894681013507982
603679,华体科技,2026-08-21,21.4,22.68,21.2,22.31,7041440.0,154896280.0,0.0396285098466585,21.4,22.68,21.2,22.31,1.0,0.8552671581487534
603679,华体科技,2026-08-24,22.48,23.14,21.62,22.52,7689863.0,170594335.0,0.0432777686971634,22.48,23.14,21.62,22.52,1.0,0.975390150961375
603679,华体科技,2026-08-25,22.66,22.66,21.7,22.44,5653900.0,125199650.0,0.0318195755160908,22.66,22.66,21.7,22.44,1.0,0.7718371175908776
603679,华体科技,2026-08-26,22.67,22.95,22.3,22.84,7426111.0,168202503.0,0.0417933992032707,22.67,22.95,22.3,22.84,1.0,1.1273200456884176
603679,华体科技,2026-08-27,23.12,23.75,22.02,23.35,12786453.0,296030635.0,0.0719608600817924,23.12,23.75,22.02,23.35,1.0,2.024941049792591
603679,华体科技,2026-08-28,23.02,24.69,23.02,24.12,11115360.0,268730768.0,0.0625561182384787,23.02,24.69,23.02,24.12,1.0,1.368961992416972
603679,华体科技,2026-08-31,23.77,24.16,22.77,23.66,11284672.0,264416811.0,0.0635089889949089,23.77,24.16,22.77,23.66,1.0,1.263067589097318
603679,华体科技,2026-09-01,23.66,24.18,22.79,22.97,7269200.0,168896195.0,0.0409103200165491,23.66,24.18,22.79,22.97,1.0,0.7530275245172138
603679,华体科技,2026-09-02,22.66,22.66,21.45,22.02,7689519.0,169042612.0,0.0432758327000681,22.66,22.66,21.45,22.02,1.0,0.7707740715671104
603679,华体科技,2026-09-03,22.0,22.4,21.6,21.93,4727378.0,103676529.0,0.0266052037114392,22.0,22.4,21.6,21.93,1.0,0.4713689069846041
603679,华体科技,2026-09-04,22.03,22.4,21.35,21.61,4702674.0,103046502.0,0.0264661721060784,22.03,22.4,21.35,21.61,1.0,0.5586964294102695
603679,华体科技,2026-09-07,22.28,23.77,21.63,23.77,12774162.0,297958910.0,0.0718916875809225,22.28,23.77,21.63,23.77,1.0,1.7904302088250916
603679,华体科技,2026-09-08,24.72,26.15,24.25,26.15,9841863.0,252407336.0,,24.72,26.15,24.25,26.15,1.0,1.3241504646578892
603679,华体科技,2026-09-09,25.89,26.3,24.8,25.22,22947109.0,581428802.0,,25.89,26.3,24.8,25.22,1.0,2.8874751243192627
603679,华体科技,2026-09-10,25.34,25.45,24.47,24.5,10305840.0,256422300.0,,25.34,25.45,24.47,24.5,1.0,0.9370106325536405
603978,深圳新星,2026-03-20,22.92,23.4,22.13,22.28,8760414.0,199165191.0,0.0415000028020652,22.92,23.4,22.13,22.28,1.0,0.605006557311973
603978,深圳新星,2026-03-23,21.8,23.82,21.37,22.59,13825864.0,318202453.0,0.065496150608975,21.8,23.82,21.37,22.59,1.0,1.3515311602748143
603978,深圳新星,2026-03-24,23.13,23.49,21.92,22.83,7507609.0,169630985.0,0.0355651907018104,23.13,23.49,21.92,22.83,1.0,0.7397007464982095
603978,深圳新星,2026-03-25,22.72,23.32,22.6,22.97,7325500.0,167711174.0,0.0347025004213875,22.72,23.32,22.6,22.97,1.0,0.7577862054173599
603978,深圳新星,2026-03-26,22.89,24.5,22.75,23.35,11661000.0,277027225.0,0.0552407149564943,22.89,24.5,22.75,23.35,1.0,1.2154944110293218
603978,深圳新星,2026-03-27,22.86,25.69,22.86,25.69,15930800.0,394732909.0,0.0754676941796519,22.86,25.69,22.86,25.69,1.0,1.622929338352609
603978,深圳新星,2026-03-30,25.69,26.2,25.26,25.75,16870079.0,433659711.0,0.0799172648428558,25.69,26.2,25.26,25.75,1.0,1.4995419707387845
603978,深圳新星,2026-03-31,25.6,25.84,24.7,24.76,9976260.0,251673587.0,0.0472597320119952,25.6,25.84,24.7,24.76,1.0,0.8412397351357926
603978,深圳新星,2026-04-01,25.03,25.88,24.6,24.97,9261834.0,232179620.0,0.0438753393335364,25.03,25.88,24.6,24.97,1.0,0.7497804654936215
603978,深圳新星,2026-04-02,24.86,25.38,24.36,24.59,7273391.0,180236812.0,0.0344556486577593,24.86,25.38,24.36,24.59,1.0,0.5709100536039474
603978,深圳新星,2026-04-03,24.65,24.76,23.32,23.47,7236940.0,171469504.0,0.0342829722748694,24.65,24.76,23.32,23.47,1.0,0.6100701027529437
603978,深圳新星,2026-04-07,23.94,24.25,23.32,23.53,6330185.0,150728223.0,0.0299874749341288,23.94,24.25,23.32,23.53,1.0,0.6252836907230604
603978,深圳新星,2026-04-08,23.99,24.59,23.83,24.59,7171856.0,174149783.0,0.0339746550900458,23.99,24.59,23.83,24.59,1.0,0.8947236443579256
603978,深圳新星,2026-04-09,24.39,25.17,23.82,24.98,9543200.0,235516480.0,0.0452082317959709,24.39,25.17,23.82,24.98,1.0,1.280134578855952
603978,深圳新星,2026-04-10,24.94,25.95,24.8,25.24,9764533.0,247311243.0,0.046256734768569,24.94,25.95,24.8,25.24,1.0,1.300011220705146
603978,深圳新星,2026-04-13,25.07,25.72,24.91,25.56,9054124.0,229354746.0,0.0428913715002791,25.07,25.72,24.91,25.56,1.0,1.1304453094453644
603978,深圳新星,2026-04-14,25.8,27.0,25.6,26.72,13063755.0,342880289.0,0.0618858730997751,25.8,27.0,25.6,26.72,1.0,1.5602650044675725
603978,深圳新星,2026-04-15,26.36,26.72,24.81,25.2,16844452.0,428390413.0,0.0797958641223181,26.36,26.72,24.81,25.2,1.0,1.733058602970838
603978,深圳新星,2026-04-16,25.54,25.74,25.21,25.36,8221310.0,209340605.0,0.0389461488962333,25.54,25.74,25.21,25.36,1.0,0.705448856208567
603978,深圳新星,2026-04-17,25.5,26.0,25.15,25.2,7157283.0,181982636.0,0.0339056195923131,25.5,26.0,25.15,25.2,1.0,0.6284032039376715
603978,深圳新星,2026-04-20,25.15,25.59,24.94,25.19,5940200.0,149709131.0,0.0281400304420348,25.15,25.59,24.94,25.19,1.0,0.5465678132377727
603978,深圳新星,2026-04-21,25.15,25.7,24.45,25.4,9641017.0,242423768.0,0.0456716123821041,25.15,25.7,24.45,25.4,1.0,0.9410093310168466
603978,深圳新星,2026-04-22,25.23,25.68,24.89,25.0,7582000.0,190622124.0,0.0359175971872172,25.23,25.68,24.89,25.0,1.0,0.7930255256320032
603978,深圳新星,2026-04-23,24.88,25.0,24.01,24.25,8157383.0,198512649.0,0.0386433126742091,24.88,25.0,24.01,24.25,1.0,1.0582511563416457
603978,深圳新星,2026-04-24,24.25,25.84,24.06,25.49,13665144.0,344392181.0,0.0647347847134422,24.25,25.84,24.06,25.49,1.0,1.7757141160806587
603978,深圳新星,2026-04-27,25.84,26.32,25.4,26.26,10353800.0,268584650.0,0.0490482218091545,25.84,26.32,25.4,26.26,1.0,1.1507867914777623
603978,深圳新星,2026-04-28,26.03,27.26,26.01,26.34,11183600.0,296721903.0,0.0529791664340494,26.03,27.26,26.01,26.34,1.0,1.1319583515117122
603978,深圳新星,2026-04-29,26.85,27.99,26.12,27.41,18288121.0,500558452.0,0.0866348408584923,26.85,27.99,26.12,27.41,1.0,1.794996977636908
603978,深圳新星,2026-04-30,27.61,27.88,26.76,26.94,20180366.0,550445319.0,0.0955988205062799,27.61,27.88,26.76,26.94,1.0,1.6367400635296676
603978,深圳新星,2026-05-06,27.41,29.63,27.41,29.63,18328898.0,532291838.0,0.0868280104523334,27.41,29.63,27.41,29.63,1.0,1.2439691525424696
603978,深圳新星,2026-05-07,30.31,30.31,28.52,29.53,39828692.0,1171418404.0,0.1886772508242868,30.31,30.31,28.52,29.53,1.0,2.54220982415411
603978,深圳新星,2026-05-08,29.54,31.57,29.26,29.38,29510038.0,889354569.0,0.1397955233267574,29.54,31.57,29.26,29.38,1.0,1.368617308815423
603978,深圳新星,2026-05-11,29.38,30.95,29.0,30.78,28230363.0,851132440.0,0.1337334221423005,29.38,30.95,29.0,30.78,1.0,1.1190436220427433
603978,深圳新星,2026-05-12,31.59,33.18,31.18,31.43,28844997.0,923422363.0,0.1366450782263902,31.59,33.18,31.18,31.43,1.0,1.0598671837285631
603978,深圳新星,2026-05-13,31.38,32.18,30.96,31.68,20408485.0,642185731.0,0.0966794702494547,31.38,32.18,30.96,31.68,1.0,0.704990455219841
603978,深圳新星,2026-05-14,31.48,32.71,31.08,31.7,20087231.0,644089323.0,0.0951576195811901,31.48,32.71,31.08,31.7,1.0,0.684064797256144
603978,深圳新星,2026-05-15,32.23,34.68,32.1,33.9,26447274.0,887682021.0,0.1252865384109686,32.23,34.68,32.1,33.9,1.0,1.0405666572926013
603978,深圳新星,2026-05-18,33.2,34.68,32.5,33.02,15718496.0,523994138.0,0.0744619635606549,33.2,34.68,32.5,33.02,1.0,0.6337165427535522
603978,深圳新星,2026-05-19,32.69,33.18,31.75,32.06,14251570.0,459343037.0,0.0675128133138261,32.69,33.18,31.75,32.06,1.0,0.6390467000918681
603978,深圳新星,2026-05-20,31.62,34.22,31.58,32.99,16856272.0,555058200.0,0.0798518580551528,31.62,34.22,31.58,32.99,1.0,0.8696595018116032
603978,深圳新星,2026-05-21,33.12,34.62,32.0,32.41,16746237.0,550548407.0,0.0793305981228796,33.12,34.62,32.0,32.41,1.0,0.8968554943318152
603978,深圳新星,2026-05-22,31.4,32.42,31.17,31.47,13262056.0,422427970.0,0.0628252684360746,31.4,32.42,31.17,31.47,1.0,0.7366184317860831
603978,深圳新星,2026-05-25,31.68,32.6,30.26,31.96,15252077.0,482104993.0,0.0722524344440017,31.68,32.6,30.26,31.96,1.0,0.9925262086571354
603978,深圳新星,2026-05-26,32.11,33.8,31.58,32.09,13824001.0,447918319.0,0.0654873251693073,32.11,33.8,31.58,32.09,1.0,0.905088690566698
603978,深圳新星,2026-05-27,31.88,33.22,31.46,31.79,14211002.0,459339786.0,0.0673206337988313,31.88,33.22,31.46,31.79,1.0,0.9356651088666711
603978,深圳新星,2026-05-28,31.39,31.92,29.65,30.04,13172049.0,400918696.0,0.0623988855331427,31.39,31.92,29.65,30.04,1.0,0.8985593810949022
603978,深圳新星,2026-05-29,30.02,30.5,28.49,28.66,13039300.0,380105333.0,0.0617700244003273,30.02,30.5,28.49,28.66,1.0,0.935103154084372
603978,深圳新星,2026-06-01,28.42,29.27,28.15,28.3,8032192.0,230636624.0,0.0380502554453164,28.42,29.27,28.15,28.3,1.0,0.5778686018931449
603978,深圳新星,2026-06-02,28.48,28.75,27.37,27.63,7612267.0,211635511.0,0.0360609786055851,28.48,28.75,27.37,27.63,1.0,0.6111468341327954
603978,深圳新星,2026-06-03,27.92,28.89,27.44,28.25,7781567.0,219983526.0,0.0368629898432264,27.92,28.89,27.44,28.25,1.0,0.6939548549311081
603978,深圳新星,2026-06-04,28.24,28.45,27.51,27.89,6274500.0,175095108.0,0.0297236828740694,28.24,28.45,27.51,27.89,1.0,0.6320338253181197
603978,深圳新星,2026-06-05,27.89,27.89,26.4,26.75,8545286.0,230739748.0,0.0404808942755957,27.89,27.89,26.4,26.75,1.0,0.999686568681866
603978,深圳新星,2026-06-08,25.51,26.2,24.21,24.99,10606700.0,267356919.0,0.0502462645852884,25.51,26.2,24.21,24.99,1.0,1.3866485564484812
603978,深圳新星,2026-06-09,25.0,25.49,24.63,25.2,9041000.0,226139809.0,0.042829200233399,25.0,25.49,24.63,25.2,1.0,1.1074141505995054
603978,深圳新星,2026-06-10,24.9,25.2,24.24,24.45,6460700.0,158775342.0,0.030605753118894,24.9,25.2,24.24,24.45,1.0,0.7645970194882238
603978,深圳新星,2026-06-11,24.19,25.41,23.92,24.64,9368976.0,232124519.0,0.0443828944902012,24.19,25.41,23.92,24.64,1.0,1.144562820350748
603978,深圳新星,2026-06-12,25.0,27.1,25.0,25.74,19184168.0,500029110.0,0.0908796120543264,25.0,27.1,25.0,25.74,1.0,2.178896859985432
603978,深圳新星,2026-06-15,26.0,26.87,25.78,25.85,16453522.0,432721380.0,0.0779439429579289,26.0,26.87,25.78,25.85,1.0,1.505036337795361
603978,深圳新星,2026-06-16,25.85,27.29,25.39,26.75,13616209.0,360065519.0,0.0645029688840625,25.85,27.29,25.39,26.75,1.0,1.1251509419375165
603978,深圳新星,2026-06-17,26.5,28.0,26.31,27.04,9707173.0,263757158.0,0.0459850078660816,26.5,28.0,26.31,27.04,1.0,0.7457467571503256
603978,深圳新星,2026-06-18,26.84,27.73,26.5,27.48,10343000.0,280743620.0,0.048997059840067,26.84,27.73,26.5,27.48,1.0,0.7568412655000623
603978,深圳新星,2026-06-22,27.49,29.52,26.6,29.48,19022498.0,531708032.0,0.0901137458004017,27.49,29.52,26.6,29.48,1.0,1.372393962652007
603978,深圳新星,2026-06-23,29.04,30.25,28.75,28.88,15223100.0,446398868.0,0.0721151640386081,29.04,30.25,28.75,28.88,1.0,1.1008512547770615
603978,深圳新星,2026-06-24,28.88,29.35,27.55,29.1,12716541.0,362312753.0,0.060241044216926,28.88,29.35,27.55,29.1,1.0,0.9362516745940849
603978,深圳新星,2026-06-25,29.2,29.47,27.2,27.46,15884239.0,447561029.0,0.0752471245090328,29.2,29.47,27.2,27.46,1.0,1.185173181310324
603978,深圳新星,2026-06-26,27.69,30.21,27.32,27.62,31474157.0,902140653.0,0.1490999858788228,27.69,30.21,27.32,27.62,1.0,2.1501861240028575
603978,深圳新星,2026-06-29,28.3,30.2,28.03,29.84,32539129.0,954024884.0,0.1541449918550382,28.3,30.2,28.03,29.84,1.0,1.7249228389130744
603978,深圳新星,2026-06-30,29.45,31.63,29.45,31.43,26575093.0,816700282.0,0.1258920450523394,29.45,31.63,29.45,31.43,1.0,1.2321861741062445
603978,深圳新星,2026-07-01,31.43,33.96,31.2,33.21,26180295.0,861455478.0,0.1240218003234658,31.43,33.96,31.2,33.21,1.0,1.098266621715151
603978,深圳新星,2026-07-02,32.24,35.2,31.73,33.51,21734201.0,721955338.0,0.1029596777504635,32.24,35.2,31.73,33.51,1.0,0.8192131069145839
603978,深圳新星,2026-07-03,33.6,33.72,30.16,30.16,23336530.0,730992833.0,0.110550261710289,33.6,33.72,30.16,30.16,1.0,0.8424565194043806
603978,深圳新星,2026-07-06,31.36,31.36,27.14,27.14,18972350.0,538144854.0,0.0898761837239384,31.36,31.36,27.14,27.14,1.0,0.7276613319525154
603978,深圳新星,2026-07-07,26.0,26.94,25.43,25.8,19598420.0,511804489.0,0.0928420146486286,26.0,26.94,25.43,25.8,1.0,0.8389844562089251
603978,深圳新星,2026-07-08,25.75,26.15,24.03,24.05,14740662.0,362796522.0,0.0698297494050277,25.75,26.15,24.03,24.05,1.0,0.6711173253804736
603978,深圳新星,2026-07-09,24.26,24.35,22.35,23.86,14687951.0,342438103.0,0.0695800458353449,24.26,24.35,22.35,23.86,1.0,0.7464742872140349
603978,深圳新星,2026-07-10,23.63,24.68,22.9,22.92,13952407.0,327368019.0,0.0660956125584424,23.63,24.68,22.9,22.92,1.0,0.7637963283949436
603978,深圳新星,2026-07-13,22.3,22.85,20.63,20.63,11225807.0,241150158.0,0.0531791102515752,22.3,22.85,20.63,20.63,1.0,0.6849030997370528
603978,深圳新星,2026-07-14,20.46,21.49,20.16,21.23,11230500.0,234364321.0,0.0532013420220315,20.46,21.49,20.16,21.23,1.0,0.7567187263725434
603978,深圳新星,2026-07-15,21.1,21.28,19.92,20.15,9160377.0,186934436.0,0.0433947152689329,21.1,21.28,19.92,20.15,1.0,0.695682633044929
603978,深圳新星,2026-07-16,20.12,20.26,19.28,19.4,7994412.0,157748156.0,0.0378712832978971,20.12,20.26,19.28,19.4,1.0,0.663359147300991
603978,深圳新星,2026-07-17,19.37,19.47,18.15,18.17,10712872.0,201209788.0,0.0507492246391741,19.37,19.47,18.15,18.17,1.0,1.000015999700393
603978,深圳新星,2026-07-20,18.3,18.67,16.67,17.04,12563724.0,221660117.0,0.0595171165659949,18.3,18.67,16.67,17.04,1.0,1.2482843165308428
603978,深圳新星,2026-07-21,17.2,17.68,15.34,17.63,16989503.0,281838104.0,0.0804830025276997,17.2,17.68,15.34,17.63,1.0,1.644297628706347
603978,深圳新星,2026-07-22,17.59,18.05,17.09,17.32,10153953.0,178791960.0,0.0481015027317246,17.59,18.05,17.09,17.32,1.0,0.8841689282130224
603978,深圳新星,2026-07-23,17.24,18.11,17.02,18.05,9975967.0,176041465.0,0.0472583440067228,17.24,18.11,17.02,18.05,1.0,0.8538952784022806
603978,深圳新星,2026-07-24,17.8,18.72,17.5,17.62,10628700.0,192393037.0,0.0503504834112076,17.8,18.72,17.5,17.62,1.0,0.8799172673947268
603978,深圳新星,2026-07-27,17.85,18.59,17.4,18.42,10374943.0,189647746.0,0.0491483808380822,17.85,18.59,17.4,18.42,1.0,0.8601082138970143
603978,深圳新星,2026-07-28,18.39,19.13,18.0,18.16,10332840.0,190564425.0,0.0489489296913698,18.39,19.13,18.0,18.16,1.0,0.8888760272900952
603978,深圳新星,2026-07-29,18.34,18.45,17.3,18.15,10225452.0,183432236.0,0.0484402091787424,18.34,18.45,17.3,18.15,1.0,0.9934104001789285
603978,深圳新星,2026-07-30,18.09,18.34,17.34,17.39,8327396.0,147868860.0,0.039448701549254,18.09,18.34,17.34,17.39,1.0,0.8078904725302942
603978,深圳新星,2026-07-31,18.0,18.36,17.68,17.71,9950028.0,179733038.0,0.0471354652737447,18.0,18.36,17.68,17.71,1.0,0.9972100046801591
603978,深圳新星,2026-08-03,17.8,18.4,17.64,18.34,8075092.0,146275001.0,0.0382534821558586,17.8,18.4,17.64,18.34,1.0,0.8204616808728369
603978,深圳新星,2026-08-04,18.7,19.29,18.2,18.96,9564994.0,180852519.0,0.0453114747547019,18.7,19.29,18.2,18.96,1.0,1.0194872362889167
603978,深圳新星,2026-08-05,18.96,19.35,18.93,19.14,8980131.0,171943925.0,0.0425408504281775,18.96,19.35,18.93,19.14,1.0,0.9730769992615558
603978,深圳新星,2026-08-06,19.16,19.65,19.09,19.59,9579157.0,185638358.0,0.045378567992497,19.16,19.65,19.09,19.59,1.0,1.0667773168750672
603978,深圳新星,2026-08-07,19.46,19.8,19.0,19.64,10096190.0,196769156.0,0.0478278667298352,19.46,19.8,19.0,19.64,1.0,1.0938592443733073
603978,深圳新星,2026-08-10,19.95,20.04,19.32,19.91,11070700.0,218089931.0,0.0524443343683099,19.95,20.04,19.32,19.91,1.0,1.195654512384815
603978,深圳新星,2026-08-11,19.91,20.04,19.54,19.77,6915019.0,136996562.0,0.0327579618812917,19.91,20.04,19.54,19.77,1.0,0.7014459911807331
603978,深圳新星,2026-08-12,19.83,20.3,19.78,19.97,6236394.0,124941073.0,0.0295431663931388,19.83,20.3,19.78,19.97,1.0,0.6685499516661204
603978,深圳新星,2026-08-13,20.1,20.25,19.49,19.49,7534181.0,149787618.0,0.0356910680946433,20.1,20.25,19.49,19.49,1.0,0.8581568272970691
603978,深圳新星,2026-08-14,19.58,19.8,19.15,19.4,6236382.0,121167519.0,0.0295431095465065,19.58,19.8,19.15,19.4,1.0,0.7450432332761898
603978,深圳新星,2026-08-17,19.61,19.83,19.2,19.8,6970700.0,136374434.0,0.0330217349924736,19.61,19.83,19.2,19.8,1.0,0.9173741802235778
603978,深圳新星,2026-08-18,19.89,20.34,19.36,19.67,7181499.0,141924748.0,0.0340203360963339,19.89,20.34,19.36,19.67,1.0,1.0594470321552656
603978,深圳新星,2026-08-19,19.9,20.05,18.62,18.72,9659688.0,185934531.0,0.0457600610047739,19.9,20.05,18.62,18.72,1.0,1.4139236929624373
603978,深圳新星,2026-08-20,18.89,19.09,18.39,18.5,6681311.0,125284599.0,0.0316508358191141,18.89,19.09,18.39,18.5,1.0,0.8888871002289632
603978,深圳新星,2026-08-21,18.35,19.08,18.2,18.96,6765700.0,127246305.0,0.0320506050236818,18.35,19.08,18.2,18.96,1.0,0.9210151599882166
603978,深圳新星,2026-08-24,19.15,19.45,18.57,18.86,6205410.0,117300476.0,0.0293963883884898,19.15,19.45,18.57,18.86,1.0,0.8327420204430094
603978,深圳新星,2026-08-25,18.95,19.16,18.33,19.03,5389301.0,101390719.0,0.0255303010338521,18.95,19.16,18.33,19.03,1.0,0.7383897201942872
603978,深圳新星,2026-08-26,19.17,19.3,18.81,19.13,6116631.0,116630845.0,0.0289758227909319,19.17,19.3,18.81,19.13,1.0,0.8813231220287591
603978,深圳新星,2026-08-27,18.76,19.03,18.57,18.93,6445200.0,121432720.0,0.0305323262188146,18.76,19.03,18.57,18.93,1.0,1.0342651936705385
603978,深圳新星,2026-08-28,18.96,19.39,18.92,19.02,6816400.0,130448304.0,0.0322907820452318,18.96,19.39,18.92,19.02,1.0,1.1021839878233926
603978,深圳新星,2026-08-31,18.65,20.92,18.61,20.92,22329996.0,459661492.0,0.1057820893590309,18.65,20.92,18.61,20.92,1.0,3.604758630936641
603978,深圳新星,2026-09-01,20.92,21.28,20.22,20.55,26229943.0,540631321.0,0.1242569937902491,20.92,21.28,20.22,20.55,1.0,2.7846411599351883
603978,深圳新星,2026-09-02,20.28,22.61,20.28,22.61,18727343.0,415413229.0,0.0887155318202127,20.28,22.61,20.28,22.61,1.0,1.3782637212630249
603978,深圳新星,2026-09-03,22.86,24.0,22.1,23.05,35772034.0,813314189.0,0.1694599720099499,22.86,24.0,22.1,23.05,1.0,2.2205171016526335
603978,深圳新星,2026-09-04,22.89,23.35,21.58,21.9,27380447.0,616212315.0,0.1297071836127606,22.89,23.35,21.58,21.9,1.0,1.2459735415967619
603978,深圳新星,2026-09-07,21.86,22.31,21.11,21.41,17516723.0,374794190.0,0.0829805593186578,21.86,22.31,21.11,21.41,1.0,0.6714487437392844
603978,深圳新星,2026-09-08,21.42,21.93,21.06,21.6,18405510.0,396073472.0,0.0871909383019387,21.42,21.93,21.06,21.6,1.0,0.7325489233998339
603978,深圳新星,2026-09-09,21.61,21.89,21.06,21.43,13512430.0,288329619.0,0.0640113449961052,21.61,21.89,21.06,21.43,1.0,0.5735226677748081
603978,深圳新星,2026-09-10,21.12,21.2,20.6,20.76,10122525.0,210850825.0,,21.12,21.2,20.6,20.76,1.0,0.4495417789441395
688209,英集芯,2026-03-20,21.2,21.2,20.51,20.51,5478481.0,114762547.0,0.012629512340597844,21.25,21.25,20.56,20.56,0.9975680933852141,0.9205729244995173
688209,英集芯,2026-03-23,19.95,20.4,19.07,19.23,8399049.0,166118190.0,0.019362281806724526,20.0,20.45,19.11,19.27,0.9979242345614946,1.3534723493931986
688209,英集芯,2026-03-24,19.87,19.87,18.97,19.56,5735675.0,110993349.0,0.013222420264697193,19.92,19.92,19.01,19.61,0.9974502804691484,0.8399453735117474
688209,英集芯,2026-03-25,19.68,20.26,19.65,19.89,4892030.0,97891540.0,0.011277570051913089,19.73,20.31,19.7,19.94,0.9974924774322969,0.7164683727140523
688209,英集芯,2026-03-26,19.94,20.09,19.5,19.59,3947887.0,78214612.0,0.009101042348378283,19.99,20.14,19.55,19.64,0.9974541751527495,0.6331695930428131
688209,英集芯,2026-03-27,19.37,19.91,19.21,19.87,3981966.0,78525570.0,0.009179604481030607,19.41,19.96,19.25,19.92,0.9974899598393574,0.6997414905822988
688209,英集芯,2026-03-30,19.55,20.15,19.39,20.12,4626148.0,91875582.0,0.010664633728844188,19.6,20.2,19.43,20.17,0.9975210708973723,0.8580731247074233
688209,英集芯,2026-03-31,20.1,20.22,19.52,19.53,4016125.0,80019408.0,0.009258351037246185,20.15,20.27,19.57,19.58,0.9974463738508684,0.866152503831786
688209,英集芯,2026-04-01,20.04,20.15,19.77,20.02,4142842.0,82953612.0,0.009550471045559355,20.09,20.2,19.82,20.07,0.9975087194818136,0.9650605409315884
688209,英集芯,2026-04-02,19.83,19.91,19.32,19.52,4078889.0,80186127.0,0.009403040543798327,19.88,19.96,19.36,19.57,0.9974450689831375,0.984526985511153
688209,英集芯,2026-04-03,19.54,19.7,19.28,19.4,3502908.0,68264170.0,0.008075234688954642,19.59,19.75,19.32,19.44,0.9979423868312756,0.8401882953875497
688209,英集芯,2026-04-07,19.39,20.02,19.39,19.75,3780198.0,75198784.0,0.008714469812143784,19.43,20.07,19.43,19.8,0.9974747474747474,0.9280243367281206
688209,英集芯,2026-04-08,20.31,20.73,20.16,20.73,5933654.0,121874491.0,0.013678820172569323,20.36,20.78,20.21,20.78,0.9975938402309913,1.5198159803804752
688209,英集芯,2026-04-09,20.46,21.42,20.45,20.89,7010163.0,146583224.0,0.016160490493277682,20.51,21.47,20.5,20.94,0.9976122254059216,1.6349478608359143
688209,英集芯,2026-04-10,21.12,21.41,20.95,20.95,6553226.0,139056636.0,0.015107116121736418,21.17,21.46,21.0,21.0,0.9976190476190476,1.3480779823360765
688209,英集芯,2026-04-13,20.76,21.19,20.76,20.91,6320520.0,132882530.0,0.014570660250349593,20.81,21.24,20.81,20.96,0.9976145038167938,1.1800755850910314
688209,英集芯,2026-04-14,21.05,21.4,21.05,21.27,4886095.0,103971234.0,0.011263888128814068,21.1,21.45,21.1,21.32,0.9976547842401501,0.8254163211872682
688209,英集芯,2026-04-15,21.43,21.43,20.92,20.94,4245172.0,90067942.0,0.009786371835908608,21.48,21.48,20.97,20.99,0.997617913292044,0.6913137190363442
688209,英集芯,2026-04-16,20.95,21.72,20.89,21.63,7167653.0,153721443.0,0.01652355133049164,21.0,21.77,20.94,21.68,0.9976937269372693,1.2351558715342619
688209,英集芯,2026-04-17,21.6,21.64,21.35,21.54,4537634.0,97712732.0,0.010460582887869167,21.65,21.69,21.4,21.59,0.9976841130152848,0.7777201439182829
688209,英集芯,2026-04-20,21.6,22.1,21.54,21.94,6901710.0,150767959.0,0.015910474384455756,21.65,22.15,21.59,21.99,0.9977262391996363,1.270702064589138
688209,英集芯,2026-04-21,22.45,23.27,22.0,22.23,11585939.0,261801972.0,0.026709001925518012,22.5,23.32,22.05,22.28,0.9977558348294434,2.0884398172863308
688209,英集芯,2026-04-22,22.0,22.7,21.98,22.64,8625722.0,193905148.0,0.019884829836147342,22.05,22.75,22.03,22.69,0.9977963860731599,1.2523513196485707
688209,英集芯,2026-04-23,22.58,23.52,22.58,22.86,10446341.0,240573958.0,0.024081892877531787,22.63,23.57,22.63,22.91,0.9978175469227412,1.3455309299976317
688209,英集芯,2026-04-24,22.83,23.23,22.47,22.8,6859010.0,156627077.0,0.015812038307568107,22.88,23.28,22.52,22.85,0.9978118161925601,0.8146606201730627
688209,英集芯,2026-04-27,22.73,24.24,22.62,23.7,15933017.0,377315218.0,0.03673029710689062,22.78,24.3,22.67,23.75,0.9978947368421053,1.7935024109878712
688209,英集芯,2026-04-28,23.94,24.09,23.14,23.28,14205746.0,335928632.0,0.03274842870029091,24.0,24.15,23.19,23.33,0.9978568366909559,1.328881037651074
688209,英集芯,2026-04-29,23.24,23.24,22.55,22.97,12116949.0,278458447.0,0.02793313637957213,23.29,23.29,22.6,23.02,0.9978279756733275,1.0805229571208306
688209,英集芯,2026-04-30,23.04,24.47,22.83,24.21,18813167.0,449659813.0,0.043369891178271516,23.09,24.53,22.88,24.27,0.9975278121137207,1.579317598814514
688209,英集芯,2026-05-06,24.69,25.04,23.94,24.0,24429622.0,598183862.0,0.056317474227827125,24.75,25.1,24.0,24.06,0.9975062344139651,1.7982026498718369
688209,英集芯,2026-05-07,24.06,24.58,24.02,24.41,14930640.0,364566215.0,0.03441952288107302,24.12,24.64,24.08,24.47,0.9975480179812015,0.8731521503517354
688209,英集芯,2026-05-08,24.15,24.38,23.78,24.14,11380857.0,275311519.0,0.02623622751052333,24.21,24.44,23.83,24.2,0.9975206611570249,0.673454382357231
688209,英集芯,2026-05-11,24.48,24.89,24.09,24.64,14784329.0,364046185.0,0.03408223293152948,24.54,24.95,24.15,24.7,0.9975708502024292,0.9051123691223721
688209,英集芯,2026-05-12,24.94,26.1,24.24,25.85,29564264.0,755187080.0,0.06815433639884716,25.0,26.16,24.3,25.91,0.9976842917792359,1.7527122066208936
688209,英集芯,2026-05-13,25.44,27.68,25.31,26.93,26981541.0,708444003.0,0.06220039916682137,25.5,27.74,25.37,26.99,0.9977769544275659,1.41874133555058
688209,英集芯,2026-05-14,26.94,27.14,26.36,26.36,16946159.0,453373413.0,0.0390658878284388,27.0,27.2,26.42,26.42,0.9977289931869795,0.8677732452052138
688209,英集芯,2026-05-15,26.54,27.67,25.9,26.15,16549294.0,441261338.0,0.03815099711054613,26.6,27.73,25.96,26.21,0.9977107974055703,0.8303114227127707
688209,英集芯,2026-05-18,26.09,26.6,25.63,25.83,13624914.0,356088113.0,0.03140943986163032,26.15,26.66,25.69,25.89,0.9976825028968713,0.6498849369667733
688209,英集芯,2026-05-19,25.61,26.88,25.15,26.71,15502796.0,403513983.0,0.03573851098429855,25.67,26.94,25.21,26.77,0.9977586850952559,0.7477268476740899
688209,英集芯,2026-05-20,26.34,27.0,26.33,26.84,13933490.0,373445355.0,0.03212079842981962,26.4,27.06,26.39,26.9,0.9977695167286246,0.7774976858357793
688209,英集芯,2026-05-21,27.02,27.19,24.79,24.88,18096488.0,472106637.0,0.041717734992141216,27.08,27.25,24.85,24.94,0.9975942261427425,1.1819017218529655
688209,英集芯,2026-05-22,24.95,25.96,24.95,25.57,12896908.0,329547891.0,0.029731171604237574,25.01,26.02,25.01,25.63,0.9976589933671479,0.8298422913915251
688209,英集芯,2026-05-25,25.64,26.28,24.3,26.14,13018308.0,336830786.0,0.03001103436147787,25.7,26.34,24.36,26.2,0.9977099236641221,0.8789669178669208
688209,英集芯,2026-05-26,25.95,26.74,24.97,25.58,11692849.0,299138850.0,0.026955460964863648,26.01,26.8,25.03,25.64,0.9976599063962558,0.7959951661032522
688209,英集芯,2026-05-27,25.45,26.14,24.94,25.25,12756802.0,327821368.0,0.029408186007319048,25.51,26.2,25.0,25.31,0.9976293954958515,0.9159362792547172
688209,英集芯,2026-05-28,25.12,25.84,24.66,25.57,14048346.0,357108049.0,0.032385575339585616,25.18,25.9,24.72,25.63,0.9976589933671479,1.0260055472171126
688209,英集芯,2026-05-29,25.57,25.61,23.2,23.67,20068383.0,482324102.0,0.046263533770463744,25.63,25.67,23.25,23.72,0.9978920741989883,1.5577846582501638
688209,英集芯,2026-06-01,24.04,24.08,22.71,23.09,12712059.0,295475542.0,0.02930504021368476,24.1,24.14,22.76,23.14,0.997839239412273,0.8879034996981477
688209,英集芯,2026-06-02,23.31,23.31,21.77,21.97,17932768.0,399164422.0,0.041340312169938734,23.36,23.36,21.82,22.02,0.9977293369663942,1.257937761515793
688209,英集芯,2026-06-03,21.94,22.62,21.35,21.71,14498545.0,321918333.0,0.03342341663651169,21.99,22.67,21.4,21.76,0.9977022058823529,0.9351684797038657
688209,英集芯,2026-06-04,21.31,22.09,21.31,21.59,10147241.0,221451667.0,0.023392379280410103,21.36,22.14,21.36,21.64,0.9976894639556376,0.6401228910874086
688209,英集芯,2026-06-05,21.37,21.82,20.55,21.17,9838194.0,208652034.0,0.02267993491849213,21.42,21.87,20.6,21.22,0.9976437323279926,0.652755113669508
688209,英集芯,2026-06-08,20.4,20.87,19.75,20.01,10010949.0,203554563.0,0.023078186076869785,20.45,20.92,19.8,20.06,0.9975074775672983,0.7685500058368948
688209,英集芯,2026-06-09,20.34,22.1,20.0,21.67,13387102.0,282545530.0,0.03086121315631871,20.39,22.15,20.05,21.72,0.9976979742173113,1.0722085423077516
688209,英集芯,2026-06-10,21.4,22.71,21.3,22.12,13207043.0,291180315.0,0.030446124126615823,21.45,22.76,21.35,22.17,0.997744700045106,1.140858637113131
688209,英集芯,2026-06-11,22.11,22.67,21.48,21.75,12612812.0,276974825.0,0.029076246646404465,22.16,22.72,21.53,21.8,0.9977064220183486,1.1143924807629912
688209,英集芯,2026-06-12,22.18,22.75,21.19,21.19,13011004.0,286966085.0,0.029994196490152638,22.23,22.8,21.24,21.24,0.9976459510357817,1.1015800230628165
688209,英集芯,2026-06-15,21.45,22.3,21.08,22.28,10247345.0,224740819.0,0.02362314848511177,21.5,22.35,21.13,22.33,0.9977608598298254,0.8233588696957732
688209,英集芯,2026-06-16,22.45,24.52,22.3,23.95,19944713.0,468135344.0,0.045978437994616074,22.5,24.58,22.35,24.01,0.9975010412328196,1.5964632431321157
688209,英集芯,2026-06-17,23.51,25.68,23.4,25.1,17175364.0,426419913.0,0.03959427286363865,23.56,25.74,23.45,25.16,0.9976152623211447,1.244178364701683
688209,英集芯,2026-06-18,25.09,25.74,24.62,25.55,14742452.0,370398442.0,0.033985694112048825,25.15,25.8,24.68,25.61,0.9976571651698556,1.0098781993531882
688209,英集芯,2026-06-22,25.53,26.35,25.24,25.68,17040891.0,439257526.0,0.03928427299086786,25.59,26.41,25.3,25.74,0.9976689976689977,1.1342313517688118
688209,英集芯,2026-06-23,25.63,26.82,24.88,25.91,17364371.0,451757046.0,0.04002998966889167,25.69,26.88,24.94,25.97,0.9976896418944937,1.0969174460916455
688209,英集芯,2026-06-24,25.63,26.24,25.14,26.18,12286216.0,317398602.0,0.028323346670591845,25.69,26.3,25.2,26.24,0.9977134146341464,0.7120975196872724
688209,英集芯,2026-06-25,26.27,26.56,25.52,25.89,18511926.0,482264579.0,0.042675441945538205,26.33,26.62,25.58,25.95,0.9976878612716763,1.1774642067132672
688209,英集芯,2026-06-26,25.64,25.68,24.44,24.54,17618629.0,441888139.0,0.04061612924821954,25.7,25.74,24.5,24.6,0.997560975609756,1.1019100852456942
688209,英集芯,2026-06-29,24.7,25.49,23.35,24.9,17626298.0,432749248.0,0.04063380855205213,24.76,25.55,23.4,24.96,0.9975961538461537,1.0641068180492503
688209,英集芯,2026-06-30,25.13,29.01,24.75,29.01,31273484.0,861501299.0,0.07209459193369279,25.19,29.08,24.81,29.08,0.9975928473177442,1.8747418695502465
688209,英集芯,2026-07-01,28.33,29.31,28.17,28.93,24539540.0,707741784.0,0.05657086759315117,28.4,29.38,28.23,29.0,0.9975862068965518,1.2608101727565297
688209,英集芯,2026-07-02,27.94,29.92,27.35,28.47,23787671.0,688281369.0,0.054837588092133835,28.0,29.99,27.41,28.54,0.9975473020322354,1.0855023137426723
688209,英集芯,2026-07-03,28.33,28.72,27.21,27.45,18837648.0,526672291.0,0.04342632709392226,28.4,28.79,27.27,27.51,0.9978189749182115,0.820129129519626
688209,英集芯,2026-07-06,27.62,27.82,26.27,26.87,14771751.0,400079312.0,0.034053236936796634,27.68,27.88,26.33,26.93,0.9977720014853324,0.6363587942343267
688209,英集芯,2026-07-07,26.88,26.92,25.47,26.05,11438876.0,299395793.0,0.026369978394479875,26.88,26.92,25.47,26.05,1.0,0.5052056577216516
688209,英集芯,2026-07-08,26.27,27.97,24.6,27.45,21128379.0,563669104.0,0.04870713676242162,26.27,27.97,24.6,27.45,1.0,1.1313664809198423
688209,英集芯,2026-07-09,28.0,29.2,27.61,28.79,20959432.0,595026998.0,0.048317664165654924,28.0,29.2,27.61,28.79,1.0,1.1648746322500614
688209,英集芯,2026-07-10,28.7,29.39,27.65,27.65,19205028.0,551908433.0,0.044273246202282554,28.7,29.39,27.65,27.65,1.0,1.1020134643183308
688209,英集芯,2026-07-13,27.05,27.94,26.38,27.35,16824680.0,457082842.0,0.03878584295292979,27.05,27.94,26.38,27.35,1.0,0.9613722043878811
688209,英集芯,2026-07-14,27.25,29.18,25.8,28.24,22680113.0,624696789.0,0.05228434068123146,27.25,29.18,25.8,28.24,1.0,1.2662475415630565
688209,英集芯,2026-07-15,28.3,28.45,26.26,26.92,18668926.0,505716650.0,0.04303737318842722,28.3,28.45,26.26,26.92,1.0,0.9260597510862161
688209,英集芯,2026-07-16,26.6,27.45,24.68,24.77,17043287.0,442377812.0,0.03928979647658736,26.6,27.45,24.68,24.77,1.0,0.8665651109931576
688209,英集芯,2026-07-17,24.54,25.0,21.8,21.89,21795439.0,507913803.0,0.050244906538737207,24.54,25.0,21.8,21.89,1.0,1.1541500472230877
688209,英集芯,2026-07-20,22.5,23.16,20.55,21.32,23493020.0,516644588.0,0.0541583307504237,22.5,23.16,20.55,21.32,1.0,1.210825064763598
688209,英集芯,2026-07-21,21.61,22.44,19.95,22.23,17489767.0,377087086.0,0.04031906438311659,21.61,22.44,19.95,22.23,1.0,0.843443025629098
688209,英集芯,2026-07-22,21.79,22.8,21.4,21.5,13501249.0,297543644.0,0.03112435561225535,21.79,22.8,21.4,21.5,1.0,0.6854091187470491
688209,英集芯,2026-07-23,21.61,21.9,20.63,20.96,12062006.0,254017323.0,0.02780647658162276,21.61,21.9,20.63,20.96,1.0,0.6462520901385238
688209,英集芯,2026-07-24,20.6,22.61,20.52,21.84,17158905.0,372121595.0,0.03955633002079337,20.6,22.61,20.52,21.84,1.0,0.9711691951372199
688209,英集芯,2026-07-27,21.84,22.29,20.88,22.29,12181961.0,265011482.0,0.028083008188251754,21.84,22.29,20.88,22.29,1.0,0.7276727025464815
688209,英集芯,2026-07-28,21.77,22.29,21.21,21.62,8753714.0,189233801.0,0.020179889094999896,21.77,22.29,21.21,21.62,1.0,0.604589299030327
688209,英集芯,2026-07-29,21.62,22.0,20.28,21.14,12363597.0,258600026.0,0.028501732667445316,21.62,22.0,20.28,21.14,1.0,0.9710978232294579
688209,英集芯,2026-07-30,20.85,20.95,19.7,19.78,12549314.0,253425529.0,0.028929865053659454,20.85,20.95,19.7,19.78,1.0,1.0036210226703912
688209,英集芯,2026-07-31,20.89,21.76,20.76,20.81,13374709.0,282704866.0,0.030832643641075883,20.89,21.76,20.76,20.81,1.0,1.0613586406733766
688209,英集芯,2026-08-03,20.5,20.9,19.8,19.82,10453205.0,210627513.0,0.024097716419259115,20.5,20.9,19.8,19.82,1.0,0.8825247734020878
688209,英集芯,2026-08-04,19.94,21.15,19.94,20.92,10762785.0,221602192.0,0.02481138950316728,19.94,21.15,19.94,20.92,1.0,0.9359832418171053
688209,英集芯,2026-08-05,20.8,22.14,20.69,21.7,10471065.0,226367658.0,0.024138888979755916,20.8,22.14,20.69,21.7,1.0,0.8798680449808003
688209,英集芯,2026-08-06,21.36,22.22,21.18,21.87,8991166.0,196080009.0,0.020727285894276855,21.36,22.22,21.18,21.87,1.0,0.7803330810786079
688209,英集芯,2026-08-07,21.7,22.36,21.51,22.23,9218066.0,203251948.0,0.021250357225560408,21.7,22.36,21.51,22.23,1.0,0.8526888366643585
688209,英集芯,2026-08-10,22.23,22.5,21.55,21.99,8286198.0,181526119.0,0.019102127012512626,22.23,22.5,21.55,21.99,1.0,0.8303421454987221
688209,英集芯,2026-08-11,21.99,22.58,21.84,21.9,10131993.0,224692981.0,0.023357228149253593,21.99,22.58,21.84,21.9,1.0,1.0614022461683896
688209,英集芯,2026-08-12,21.95,22.2,21.82,22.03,6505463.0,143248327.0,0.014997008338589232,21.95,22.2,21.82,22.03,1.0,0.6906233380570519
688209,英集芯,2026-08-13,22.2,22.4,21.49,21.5,9042300.0,199599050.0,0.02084516482532072,22.2,22.4,21.49,21.5,1.0,1.048190932552021
688209,英集芯,2026-08-14,21.72,22.19,21.55,22.01,5873166.0,128484038.0,0.013539377516391803,21.72,22.19,21.55,22.01,1.0,0.6800161263356214
688209,英集芯,2026-08-17,22.0,23.37,21.91,23.37,10968431.0,250319792.0,0.025285464104282913,22.0,23.37,21.91,23.37,1.0,1.376590522079805
688209,英集芯,2026-08-18,23.15,23.38,22.54,23.08,7455399.0,171388741.0,0.01718689061339828,23.15,23.38,22.54,23.08,1.0,0.8766653074280115
688209,英集芯,2026-08-19,22.63,22.79,20.95,21.09,11230979.0,243631059.0,0.02589071457535314,22.63,22.79,20.95,21.09,1.0,1.4093420667947822
688209,英集芯,2026-08-20,21.26,22.09,21.01,21.88,8740745.0,189966607.0,0.02014999173010163,21.26,22.09,21.01,21.88,1.0,0.980557669882001
688209,英集芯,2026-08-21,21.6,23.38,21.47,23.02,13765053.0,313360779.0,0.03173250153326869,21.6,23.38,21.47,23.02,1.0,1.554715496630578
688209,英集芯,2026-08-24,23.18,23.33,21.66,22.3,9888190.0,220472617.0,0.022795190424348685,23.18,23.33,21.66,22.3,1.0,0.9478599434243546
688209,英集芯,2026-08-25,21.95,22.66,21.2,22.51,8681303.0,190830190.0,0.020012960412013673,21.95,22.66,21.2,22.51,1.0,0.8497690678253951
688209,英集芯,2026-08-26,22.4,22.66,21.88,22.41,7009455.0,156372581.0,0.01615885834474287,22.4,22.66,21.88,22.41,1.0,0.6700396529899761
688209,英集芯,2026-08-27,22.43,24.69,22.43,24.62,19765317.0,473811290.0,0.045564877375193664,22.43,24.69,22.43,24.62,1.0,2.0552585429067256
688209,英集芯,2026-08-28,23.9,29.54,23.9,29.54,60424978.0,1688473078.0,0.13929737190497754,23.9,29.54,23.9,29.54,1.0,5.111290406023633
688209,英集芯,2026-08-31,29.13,29.48,27.73,28.75,33994815.0,967525225.0,0.07836806143141516,29.13,29.48,27.73,28.75,1.0,1.6070274323510094
688209,英集芯,2026-09-01,28.9,30.54,28.9,30.24,30594770.0,915582120.0,0.07052995625479995,28.9,30.54,28.9,30.24,1.0,1.1778466034968096
688209,英集芯,2026-09-02,30.01,30.5,29.42,30.06,19719229.0,588907024.0,0.04545863096040214,30.01,30.5,29.42,30.06,1.0,0.6495591076935675
688209,英集芯,2026-09-03,30.54,34.5,30.1,33.29,41323354.0,1327949348.0,0.09526250237938094,30.54,34.5,30.1,33.29,1.0,1.2560358001695924
688209,英集芯,2026-09-04,32.73,36.3,32.73,34.5,39878954.0,1394918233.0,0.09193273494480199,32.73,36.3,32.73,34.5,1.0,1.0716856314672267
688209,英集芯,2026-09-07,34.8,36.05,32.77,33.61,38459967.0,1309823049.0,0.0886615519603857,34.8,36.05,32.77,33.61,1.0,1.1618544583366428
688209,英集芯,2026-09-08,33.75,33.92,31.88,33.29,23929129.0,783735422.0,0.05516369044727138,33.75,33.92,31.88,33.29,1.0,0.7038961508239674
688209,英集芯,2026-09-09,33.5,36.25,33.5,33.92,31839548.0,1108516843.0,0.07339953618257641,33.5,36.25,33.5,33.92,1.0,0.974815522269147
688209,英集芯,2026-09-10,34.6,34.9,32.78,32.88,23116285.0,779691098.0,0.0532898456116352,34.6,34.9,32.78,32.88,1.0,0.6588428306539658
920592,华信永道,2026-03-20,37.5,37.69,35.95,36.46,36058.0,131466548.77,7.17,37.5,37.69,35.95,36.46,1.0,1.082328786860052
920592,华信永道,2026-03-23,36.5,39.35,35.53,37.81,55650.0,208487272.82,11.07,36.5,39.35,35.53,37.81,1.0,1.472869037725562
920592,华信永道,2026-03-24,37.12,39.22,36.85,37.32,43741.0,165302135.13,8.7,37.12,39.22,36.85,37.32,1.0,0.9284234566957881
920592,华信永道,2026-03-25,36.8,36.96,35.73,35.98,38324.0,138854992.73,7.62,36.8,36.96,35.73,35.98,1.0,0.8412281703001941
920592,华信永道,2026-03-26,35.55,35.97,33.62,33.76,27797.0,95911800.79,5.53,35.55,35.97,33.62,33.76,1.0,0.6064209015266876
920592,华信永道,2026-03-27,33.43,34.29,33.35,33.89,13184.0,44601315.4,2.62,33.43,34.29,33.35,33.89,1.0,0.3270327925782607
920592,华信永道,2026-03-30,33.25,34.17,33.1,33.2,13596.0,45521101.63,2.7,33.25,34.17,33.1,33.2,1.0,0.3804226171822537
920592,华信永道,2026-03-31,33.59,34.0,32.93,32.93,12416.0,41483505.66,2.47,33.59,34.0,32.93,32.93,1.0,0.4543259027239062
920592,华信永道,2026-04-01,33.59,34.03,33.14,33.3,13678.0,45719979.09,2.72,33.59,34.03,33.14,33.3,1.0,0.6493728457893787
920592,华信永道,2026-04-02,33.45,33.45,31.31,31.42,24151.0,77675328.23,4.8,33.45,33.45,31.31,31.42,1.0,1.496882398879399
920592,华信永道,2026-04-03,31.7,32.55,29.83,29.92,20429.0,63111527.38,4.06,31.7,32.55,29.83,29.92,1.0,1.3261278805582604
920592,华信永道,2026-04-07,30.1,30.5,29.6,29.73,11104.0,33252265.34,2.21,30.1,30.5,29.6,29.73,1.0,0.6588346979945413
920592,华信永道,2026-04-08,30.81,32.81,30.37,32.0,29249.0,92624381.04,5.82,30.81,32.81,30.37,32.0,1.0,1.7883171513120888
920592,华信永道,2026-04-09,31.42,31.95,30.92,30.93,18243.0,57186584.94,3.63,31.42,31.95,30.92,30.93,1.0,0.924998225350113
920592,华信永道,2026-04-10,31.66,33.85,31.27,32.17,36133.0,118030679.18,7.19,31.66,33.85,31.27,32.17,1.0,1.751037062882841
920592,华信永道,2026-04-13,31.3,32.8,31.3,31.79,18545.0,59199454.59,3.69,31.3,32.8,31.3,31.79,1.0,0.8051980756873166
920592,华信永道,2026-04-14,32.19,32.49,31.5,32.2,15110.0,48321819.77,3.0,32.19,32.49,31.5,32.2,1.0,0.6669668238077582
920592,华信永道,2026-04-15,32.79,32.79,31.54,31.64,11679.0,37434444.23,2.32,32.79,32.79,31.54,31.64,1.0,0.49791098226466574
920592,华信永道,2026-04-16,32.0,32.43,31.6,31.87,12382.0,39566126.73,2.46,32.0,32.43,31.6,31.87,1.0,0.620900611774145
920592,华信永道,2026-04-17,31.75,33.98,31.6,33.14,25459.0,83244547.3,5.06,31.75,33.98,31.6,33.14,1.0,1.3563809950026107
920592,华信永道,2026-04-20,32.88,34.44,32.64,33.39,20933.0,70211496.45,4.16,32.88,34.44,32.64,33.39,1.0,1.258370904718966
920592,华信永道,2026-04-21,33.0,33.47,32.24,32.45,11117.0,36210589.02,2.21,33.0,33.47,32.24,32.45,1.0,0.6496382782277387
920592,华信永道,2026-04-22,32.46,33.8,32.23,33.06,15194.0,50137288.17,3.02,32.46,33.8,32.23,33.06,1.0,0.9313473090597033
920592,华信永道,2026-04-23,32.97,33.09,31.8,31.86,12525.0,40391074.31,2.49,32.97,33.09,31.8,31.86,1.0,0.7360286772051478
920592,华信永道,2026-04-24,31.77,32.36,30.6,30.6,10244.0,31855244.45,2.04,31.77,32.36,30.6,30.6,1.0,0.6009762050030507
920592,华信永道,2026-04-27,31.1,31.38,30.02,30.03,9667.0,29420415.79,1.92,31.1,31.38,30.02,30.03,1.0,0.6903717880964964
920592,华信永道,2026-04-28,30.03,30.7,28.9,29.0,15625.0,46417920.23,3.11,30.03,30.7,28.9,29.0,1.0,1.3298551415391424
920592,华信永道,2026-04-29,29.06,30.01,29.06,29.59,11924.0,35456587.73,2.37,29.06,30.01,29.06,29.59,1.0,0.9425341870207888
920592,华信永道,2026-04-30,30.0,34.5,29.3,31.47,34193.0,109633679.6,6.8,30.0,34.5,29.3,31.47,1.0,2.850129198966408
920592,华信永道,2026-05-06,31.41,34.84,31.41,33.21,39215.0,130333955.22,7.8,31.41,34.84,31.41,33.21,1.0,2.401320220934932
920592,华信永道,2026-05-07,32.94,34.28,32.0,33.45,34353.0,114339612.43,6.83,32.94,34.28,32.0,33.45,1.0,1.552692001735609
920592,华信永道,2026-05-08,33.1,34.7,32.8,33.26,24690.0,82958660.48,4.91,33.1,34.7,32.8,33.26,1.0,0.9123494198507132
920592,华信永道,2026-05-11,32.97,34.5,32.86,33.68,28750.0,96663740.97,5.72,32.97,34.5,32.86,33.68,1.0,0.9956709956709957
920592,华信永道,2026-05-12,33.31,35.55,33.14,34.0,31190.0,107293795.36,6.2,33.31,35.55,33.14,34.0,1.0,0.9674257603861018
920592,华信永道,2026-05-13,34.0,34.3,32.86,33.86,22733.0,76047712.94,4.52,34.0,34.3,32.86,33.86,1.0,0.718498337526391
920592,华信永道,2026-05-14,33.86,34.35,32.5,32.52,15163.0,50395477.12,3.02,33.86,34.35,32.5,32.52,1.0,0.5349784075192638
920592,华信永道,2026-05-15,32.46,33.36,31.66,31.74,13978.0,45160052.61,2.78,32.46,33.36,31.66,31.74,1.0,0.5704095457290698
920592,华信永道,2026-05-18,31.68,32.18,31.08,31.75,9356.0,29754312.79,1.86,31.68,32.18,31.08,31.75,1.0,0.4183733700609942
920592,华信永道,2026-05-19,32.0,32.4,31.34,31.92,11849.0,37806458.56,2.36,32.0,32.4,31.34,31.92,1.0,0.6410409002380437
920592,华信永道,2026-05-20,31.97,32.44,30.5,30.83,14143.0,44035989.65,2.81,31.97,32.44,30.5,30.83,1.0,0.967651445695754
920592,华信永道,2026-05-21,31.09,33.07,30.5,30.5,26163.0,83758845.43,5.2,31.09,33.07,30.5,30.5,1.0,2.0284854781435593
920592,华信永道,2026-05-22,30.39,30.77,29.31,29.63,18690.0,55733257.67,3.72,30.39,30.77,29.31,29.63,1.0,1.2379287048444145
920592,华信永道,2026-05-25,29.85,30.85,29.31,29.85,11293.0,33669787.01,2.25,29.85,30.85,29.31,29.85,1.0,0.7040435904789217
920592,华信永道,2026-05-26,29.8,30.37,28.52,29.13,16307.0,48122579.31,3.24,29.8,30.37,28.52,29.13,1.0,0.9926586963403055
920592,华信永道,2026-05-27,29.11,29.29,27.28,27.78,17659.0,49623268.3,3.51,29.11,29.29,27.28,27.78,1.0,1.0196198438726962
920592,华信永道,2026-05-28,28.06,28.69,27.16,28.11,13617.0,37805346.49,2.71,28.06,28.69,27.16,28.11,1.0,0.7555597478693181
920592,华信永道,2026-05-29,28.1,29.38,28.09,28.21,15419.0,44248435.7,3.07,28.1,29.38,28.09,28.21,1.0,0.9939277518500373
920592,华信永道,2026-06-01,27.94,29.4,27.94,28.79,16842.0,48534222.85,3.35,27.94,29.4,27.94,28.79,1.0,1.133454472037149
920592,华信永道,2026-06-02,28.58,28.76,27.68,28.16,13652.0,38435203.31,2.71,28.58,28.76,27.68,28.16,1.0,0.8549170883222283
920592,华信永道,2026-06-03,28.05,29.13,27.69,28.15,17296.0,48928397.9,3.44,28.05,29.13,27.69,28.15,1.0,1.120366891655547
920592,华信永道,2026-06-04,28.0,28.18,26.3,26.48,17162.0,46307134.12,3.41,28.0,28.18,26.3,26.48,1.0,1.1169395777471167
920592,华信永道,2026-06-05,26.48,28.08,26.31,27.43,19781.0,54176586.51,3.93,26.48,28.08,26.31,27.43,1.0,1.2306055666845006
920592,华信永道,2026-06-08,26.93,29.16,26.82,28.32,21626.0,61068042.32,4.3,26.93,29.16,26.82,28.32,1.0,1.2761261846034013
920592,华信永道,2026-06-09,28.28,28.65,27.67,27.9,16740.0,46858165.7,3.33,28.28,28.65,27.67,27.9,1.0,0.93501792955528
920592,华信永道,2026-06-10,28.0,28.44,26.65,26.75,14985.0,41007785.15,2.98,28.0,28.44,26.65,26.75,1.0,0.8090815830678689
920592,华信永道,2026-06-11,26.41,26.65,23.51,23.67,31252.0,76880017.19,6.21,26.41,26.65,23.51,23.67,1.0,1.7305690300573682
920592,华信永道,2026-06-12,23.98,25.0,22.49,23.62,43075.0,102801794.32,8.57,23.98,25.0,22.49,23.62,1.0,2.0632951410177807
920592,华信永道,2026-06-15,24.21,28.37,24.04,26.27,56281.0,147992003.21,11.19,24.21,28.37,24.04,26.27,1.0,2.204021052961356
920592,华信永道,2026-06-16,25.0,26.33,24.51,25.25,40558.0,102615278.87,8.07,25.0,26.33,24.51,25.25,1.0,1.2492222776638147
920592,华信永道,2026-06-17,25.01,25.8,24.64,24.96,24995.0,62956032.25,4.97,25.01,25.8,24.64,24.96,1.0,0.6713635704347546
920592,华信永道,2026-06-18,24.65,25.13,23.95,24.03,19542.0,47526649.52,3.89,24.65,25.13,23.95,24.03,1.0,0.49811124535458123
920592,华信永道,2026-06-22,24.02,28.2,23.59,26.98,53812.0,139857753.09,10.7,24.02,28.2,23.59,26.98,1.0,1.4587071905275657
920592,华信永道,2026-06-23,26.35,29.63,26.24,27.29,62320.0,174816435.79,12.39,26.35,29.63,26.24,27.29,1.0,1.5964096153452056
920592,华信永道,2026-06-24,27.0,27.18,25.0,25.42,38006.0,98882212.4,7.56,27.0,27.18,25.0,25.42,1.0,0.9443563736476716
920592,华信永道,2026-06-25,25.47,26.7,25.02,25.2,37661.0,97693312.15,7.49,25.47,26.7,25.02,25.2,1.0,0.9478042028438405
920592,华信永道,2026-06-26,25.05,25.71,23.8,23.8,25516.0,62738169.79,5.07,25.05,25.71,23.8,23.8,1.0,0.6036689520727166
920592,华信永道,2026-06-29,23.8,24.3,22.8,22.9,18678.0,43609074.19,3.71,23.8,24.3,22.8,22.9,1.0,0.4297448404389941
920592,华信永道,2026-06-30,23.19,23.5,22.62,22.8,18298.0,42080849.4,3.64,23.19,23.5,22.62,22.8,1.0,0.5021928741196942
920592,华信永道,2026-07-01,22.3,24.3,21.2,23.52,50101.0,114042299.91,9.96,22.3,24.3,21.2,23.52,1.0,1.8131645423027092
920592,华信永道,2026-07-02,23.2,23.46,21.82,21.9,31745.0,71493016.28,6.31,23.2,23.46,21.82,21.9,1.0,1.0563778668121981
920592,华信永道,2026-07-03,22.01,22.69,21.77,22.39,20718.0,45909965.99,4.12,22.01,22.69,21.77,22.39,1.0,0.71769042109493
920592,华信永道,2026-07-06,22.39,22.68,21.46,21.5,18963.0,41865521.94,3.77,22.39,22.68,21.46,21.5,1.0,0.6794825856385266
920592,华信永道,2026-07-07,21.46,22.38,21.23,21.52,15332.0,33363578.54,3.05,21.46,22.38,21.23,21.52,1.0,0.5482567495083139
920592,华信永道,2026-07-08,21.31,22.13,20.88,21.02,16713.0,36014876.83,3.32,21.31,22.13,20.88,21.02,1.0,0.6105919230741128
920592,华信永道,2026-07-09,21.29,21.39,20.13,21.18,21034.0,43597560.43,4.18,21.29,21.39,20.13,21.18,1.0,1.01642005972688
920592,华信永道,2026-07-10,20.9,22.1,20.38,21.5,24318.0,51997557.84,4.84,20.9,22.1,20.38,21.5,1.0,1.3108020698576972
920592,华信永道,2026-07-13,21.3,21.67,20.27,20.33,12827.0,26648506.98,2.55,21.3,21.67,20.27,20.33,1.0,0.66557700290577
920592,华信永道,2026-07-14,20.28,20.52,19.72,20.31,13288.0,26866256.08,2.64,20.28,20.52,19.72,20.31,1.0,0.7363894307501331
920592,华信永道,2026-07-15,20.46,21.32,20.04,20.6,16516.0,34373508.18,3.28,20.46,21.32,20.04,20.6,1.0,0.9364935359491948
920592,华信永道,2026-07-16,20.47,20.64,19.75,20.17,11933.0,24083787.85,2.37,20.47,20.64,19.75,20.17,1.0,0.6781423684120796
920592,华信永道,2026-07-17,20.58,21.35,19.72,19.78,29697.0,61336940.67,5.91,20.58,21.35,19.72,19.78,1.0,1.882368601201795
920592,华信永道,2026-07-20,20.58,20.96,19.19,19.6,22429.0,45521084.35,4.46,20.58,20.96,19.19,19.6,1.0,1.3309241523361934
920592,华信永道,2026-07-21,19.55,20.2,18.36,20.19,26565.0,51463800.5,5.28,19.55,20.2,18.36,20.19,1.0,1.4150943396226416
920592,华信永道,2026-07-22,19.8,20.19,18.72,18.77,21185.0,41215531.85,4.21,19.8,20.19,18.72,18.77,1.0,0.9886596975919358
920592,华信永道,2026-07-23,18.7,20.18,18.45,19.75,25643.0,49843850.66,5.1,18.7,20.18,18.45,19.75,1.0,1.1467323739591626
920592,华信永道,2026-07-24,19.46,20.0,19.12,19.29,18357.0,35691837.37,3.65,19.46,20.0,19.12,19.29,1.0,0.7312438754292179
920592,华信永道,2026-07-27,19.18,19.79,18.95,19.72,14842.0,28952562.2,2.95,19.18,19.79,18.95,19.72,1.0,0.649944385570026
920592,华信永道,2026-07-28,19.51,20.93,19.4,20.26,20224.0,41026889.24,4.02,19.51,20.93,19.4,20.26,1.0,0.9486640648453917
920592,华信永道,2026-07-29,20.62,21.64,19.88,21.08,29452.0,61607677.15,5.86,20.62,21.64,19.88,21.08,1.0,1.4689130282989695
920592,华信永道,2026-07-30,20.78,21.78,20.5,20.5,26116.0,54992994.04,5.19,20.78,21.78,20.5,20.5,1.0,1.2033026778967546
920592,华信永道,2026-07-31,20.65,21.99,20.62,21.28,33948.0,72471468.42,6.75,20.65,21.99,20.62,21.28,1.0,1.5573762971254508
920592,华信永道,2026-08-03,21.2,21.46,20.71,20.88,20144.0,42383188.79,4.01,21.2,21.46,20.71,20.88,1.0,0.8084635019505225
920592,华信永道,2026-08-04,20.96,21.85,20.75,21.54,26537.0,56683656.16,5.28,20.96,21.85,20.75,21.54,1.0,1.0215653968156202
920592,华信永道,2026-08-05,21.68,22.85,21.51,22.19,28235.0,62504988.48,5.61,21.68,22.85,21.51,22.19,1.0,1.036549997430193
920592,华信永道,2026-08-06,22.05,22.74,21.82,22.39,21086.0,46955194.75,4.19,22.05,22.74,21.82,22.39,1.0,0.7810786783227145
920592,华信永道,2026-08-07,22.2,22.66,21.31,21.7,19727.0,42736443.96,3.92,22.2,22.66,21.31,21.7,1.0,0.759022701038861
920592,华信永道,2026-08-10,21.6,21.8,21.34,21.5,11928.0,25691224.7,2.37,21.6,21.8,21.34,21.5,1.0,0.5153418762799299
920592,华信永道,2026-08-11,21.43,21.52,21.01,21.14,11372.0,24135699.18,2.26,21.43,21.52,21.01,21.14,1.0,0.5288662766363138
920592,华信永道,2026-08-12,21.29,21.48,21.03,21.41,11164.0,23768155.61,2.22,21.29,21.48,21.03,21.41,1.0,0.6044527223112575
920592,华信永道,2026-08-13,21.49,21.85,20.93,21.04,18175.0,38891424.18,3.61,21.49,21.85,20.93,21.04,1.0,1.20720804495397
920592,华信永道,2026-08-14,20.88,21.2,20.33,20.47,14851.0,30684503.2,2.95,20.88,21.2,20.33,20.47,1.0,1.026103418732554
920592,华信永道,2026-08-17,20.43,20.65,20.22,20.65,11298.0,23099615.67,2.25,20.43,20.65,20.22,20.65,1.0,0.8370128907986368
920592,华信永道,2026-08-18,20.52,21.5,20.31,20.9,23764.0,49391766.66,4.73,20.52,21.5,20.31,20.9,1.0,1.7771462758001795
920592,华信永道,2026-08-19,21.05,22.19,20.76,21.1,40799.0,87683673.41,8.11,21.05,22.19,20.76,21.1,1.0,2.5740044415282894
920592,华信永道,2026-08-20,20.4,20.84,20.07,20.07,27958.0,56893174.93,5.56,20.4,20.84,20.07,20.07,1.0,1.2838079844242196
920592,华信永道,2026-08-21,20.21,20.26,19.61,19.66,14731.0,29231372.58,2.93,20.21,20.26,19.61,19.66,1.0,0.6206707676750653
920592,华信永道,2026-08-24,19.58,19.89,18.96,19.0,13555.0,26056600.34,2.7,19.58,19.89,18.96,19.0,1.0,0.5716997047659216
920592,华信永道,2026-08-25,19.06,19.75,18.86,19.58,11120.0,21622468.63,2.21,19.06,19.75,18.86,19.58,1.0,0.46023823122832286
920592,华信永道,2026-08-26,19.32,20.96,19.26,20.15,31372.0,63662243.51,6.24,19.32,20.96,19.26,20.15,1.0,1.4502186514797113
920592,华信永道,2026-08-27,20.2,21.54,19.93,21.51,37374.0,78172888.7,7.43,20.2,21.54,19.93,21.51,1.0,1.8926227515799707
920592,华信永道,2026-08-28,21.25,22.88,20.7,22.2,48865.0,105705408.75,9.72,21.25,22.88,20.7,22.2,1.0,2.259089059841704
920592,华信永道,2026-08-31,22.1,23.19,21.46,21.93,42063.0,93178800.29,8.36,22.1,23.19,21.46,21.93,1.0,1.4781145017781088
920592,华信永道,2026-09-01,21.41,28.5,21.08,28.5,127768.0,334519454.43,25.41,21.41,28.5,21.08,28.5,1.0,3.7404124266660417
920592,华信永道,2026-09-02,27.68,33.31,27.5,29.11,142476.0,426533141.14,28.33,27.68,33.31,27.5,29.11,1.0,2.4783434571148266
920592,华信永道,2026-09-03,28.5,30.6,27.24,27.24,102782.0,295519583.97,20.44,28.5,30.6,27.24,27.24,1.0,1.2894621950791125
920592,华信永道,2026-09-04,27.23,29.37,27.01,27.7,99579.0,282964558.14,19.8,27.23,29.37,27.01,27.7,1.0,1.0731559594270121
920592,华信永道,2026-09-07,27.0,27.97,26.18,27.33,71558.0,193285644.18,14.23,27.0,27.97,26.18,27.33,1.0,0.6951860228341377
920592,华信永道,2026-09-08,26.81,27.83,26.2,26.2,5288655.0,142186633.0,,26.81,27.83,26.2,26.2,1.0,48.59440094236469
920592,华信永道,2026-09-09,26.29,26.77,25.41,25.57,4589918.0,119567259.0,,26.29,26.77,25.41,25.57,1.0,4.022679906398717
920592,华信永道,2026-09-10,26.1,27.43,26.0,26.7,6435363.0,172212848.0,,26.1,27.43,26.0,26.7,1.0,3.1693514262311164
