股票代码,股票名称,最新收盘,ret1,ret5,ret10,ret20,ret40,ret60,ret120,amp5,距20日高点,前10日区间振幅,振幅收敛比,近5日平均成交量,前10日平均成交量,成交量收敛比,近5日平均换手率,前10日平均换手率,换手率收敛比,流动性收敛证据,MA5_3日斜率,MA10_3日斜率,短期下行停止证据,整理证据可用项,整理收敛支持项,整理成熟度状态,距250日高点,250日位置,MA20距离,MA25,MA25距离,MA25_1日斜率,MA30_5日斜率,MA60_10日斜率,MA120_20日斜率,距稳健5日上沿,近5日低点,近10日低点,距近5日低点,距近10日低点,最近25日曾涨停,25日内涨停次数,最近涨停日期,涨停板规则,涨停核验交易日数,25日最大单日涨幅,有效突破阶段,有效突破观察资格,有效突破确认,整理交易日数,整理超过一周,平台上沿,突破日期,突破放量比,回踩缩量比,回踩守位,重新缓慢走强,N型走势,有效突破确认路径,平台上方横盘振幅,微平台上沿,微平台再突破量比,有效突破原因,20日方向证据,MA25上方证据,短波动非极端证据,10日不过热证据,10日非急跌证据,短沿附近辅助,阶段1分,阶段1通过,收盘价高于MA25,MA25向上,阶段1风险提示,阶段1规则说明,阶段排名,本阶段入选,阶段软容量下限,阶段软容量上限,实际入选数,边界分数,决策说明
000059,华锦股份,5.7,-0.008695652173912993,0.05555555555555558,-0.07317073170731714,0.19747899159663884,,,,0.09622641509433959,-0.08799999999999997,0.18371212121212116,0.5237891460805291,40965512.8,76541019.0,0.5352099218851528,0.019067286090506102,0.05035822190126498,0.37863302893995027,True,0.015774027879677188,-0.011327433628318562,False,3,2,部分收敛/待确认,-0.08799999999999997,0.6706586826347306,0.015228426395939243,5.4544,0.045027867409797695,0.00805795815775845,,,,0.04014598540145986,5.3,5.28,0.07547169811320753,0.07954545454545459,True,3,2026-09-08,沪深主板10%,17,10.079051383399218,RETEST_STABILIZING,False,False,5,False,5.48,2026-09-21,1.7632333822368702,0.8368931641365435,True,False,True,,0.039639639639639596,,,突破后处于一周内确认窗，守位/缩量/横住或小平台再突破条件尚未全部成立,2,2,1,1,1,1,8,True,True,True,,硬资格：最近25个交易日（含当日）至少一次按板块涨停价核验的实际涨停，且最新收盘价严格高于MA25、当日MA25严格高于前一交易日MA25；通过后再按方向/非极端波动/不过热排序,1,True,,,257,4,入选：满足一级粗筛资格条件；本阶段不设置数量下限或上限
000536,华映科技,3.63,-0.018918918918918948,0.08682634730538918,-0.00819672131147553,0.11349693251533743,,,,0.16363636363636366,-0.08333333333333337,0.15615615615615616,1.047902097902098,90921638.0,71215790.6,1.276706152301004,0.019559556167328934,0.02798115504622673,0.6990260457445464,True,0.03891509433962259,-0.0017167381974249052,True,3,2,部分收敛/待确认,-0.08333333333333337,0.6249999999999999,0.0166643327265088,3.492,0.03951890034364269,0.0042562981709419745,,,,0.022535211267605604,3.3,3.3,0.10000000000000009,0.10000000000000009,True,2,2026-09-01,沪深主板10%,17,10.122699386503076,RETEST_STABILIZING,True,False,5,False,3.46,2026-09-18,1.9361873884160885,1.8400250791444186,True,False,False,,0.07563025210084034,,0.6937535290731988,突破后处于一周内确认窗，守位/缩量/横住或小平台再突破条件尚未全部成立,2,2,1,1,1,1,8,True,True,True,,硬资格：最近25个交易日（含当日）至少一次按板块涨停价核验的实际涨停，且最新收盘价严格高于MA25、当日MA25严格高于前一交易日MA25；通过后再按方向/非极端波动/不过热排序,1,True,,,257,4,入选：满足一级粗筛资格条件；本阶段不设置数量下限或上限
000565,渝三峡Ａ,6.79,-0.004398826979472137,0.030349013657056112,0.03822629969418956,0.12603648424543934,,,,0.07389937106918235,-0.1415929203539823,0.2615629984051038,0.2825299125632763,18768449.6,28951443.2,0.6482733682858339,0.046589176961400865,0.062068261843915055,0.7506119162569767,True,-0.011820330969267157,0.013624377380603514,False,3,2,部分收敛/待确认,-0.1415929203539823,0.4641148325358851,0.021513464720926745,6.525600000000001,0.040517347063871334,0.005051749630359925,,,,-0.005856515373352855,6.36,6.36,0.0676100628930818,0.0676100628930818,True,2,2026-09-09,沪深主板10%,17,9.966777408637872,READY_FOR_BREAKOUT,False,False,5,False,6.82,,,,False,False,False,,,,,紧凑缩量平台形成，尚未出现放量突破,2,2,1,1,1,1,8,True,True,True,,硬资格：最近25个交易日（含当日）至少一次按板块涨停价核验的实际涨停，且最新收盘价严格高于MA25、当日MA25严格高于前一交易日MA25；通过后再按方向/非极端波动/不过热排序,1,True,,,257,4,入选：满足一级粗筛资格条件；本阶段不设置数量下限或上限
000592,平潭发展,8.6,0.0117647058823529,0.08585858585858586,0.08860759493670867,0.39158576051779925,,,,0.11432160804020092,-0.030439684329199523,0.2874251497005988,0.397743927973199,339559393.6,362398468.4,0.9369780040714986,0.2011160282111268,0.19054934929671374,1.055453765407297,True,0.04798041615667081,0.030706116360019964,True,3,3,收敛较充分,-0.030439684329199523,0.911764705882353,0.11993749186091951,7.3628,0.1680339001466833,0.00976466070546933,,,,-0.012629161882893314,7.96,7.37,0.08040201005025116,0.16689280868385348,True,2,2026-09-04,沪深主板10%,17,10.016155088852985,READY_FOR_BREAKOUT,False,False,4,False,8.71,,,,False,False,False,,,,,紧凑缩量平台形成，尚未出现放量突破,2,2,1,1,1,1,8,True,True,True,,硬资格：最近25个交易日（含当日）至少一次按板块涨停价核验的实际涨停，且最新收盘价严格高于MA25、当日MA25严格高于前一交易日MA25；通过后再按方向/非极端波动/不过热排序,1,True,,,257,4,入选：满足一级粗筛资格条件；本阶段不设置数量下限或上限
000626,远大控股,9.23,0.014285714285714457,0.07575757575757569,-0.11420345489443373,0.11743341404358354,,,,0.10259433962264142,-0.12095238095238092,0.23239436619718315,0.44146655231560844,15243876.6,28857592.9,0.5282449112379016,0.0335300299847717,0.0572216183278055,0.5859678730630826,True,0.01641586867305067,-0.02773580833153466,False,3,2,部分收敛/待确认,-0.12095238095238092,0.5313653136531367,0.0136173951240941,8.9084,0.036100758834358704,0.00537197544239798,,,,0.02441731409544956,8.48,8.48,0.08844339622641506,0.08844339622641506,True,1,2026-08-28,沪深主板10%,16,10.058479532163744,INELIGIBLE,False,False,3,False,9.1,,,,False,False,True,,,,,未形成合格的短周期缩量平台或呈N型走势,2,2,1,1,1,1,8,True,True,True,,硬资格：最近25个交易日（含当日）至少一次按板块涨停价核验的实际涨停，且最新收盘价严格高于MA25、当日MA25严格高于前一交易日MA25；通过后再按方向/非极端波动/不过热排序,1,True,,,257,4,入选：满足一级粗筛资格条件；本阶段不设置数量下限或上限
000628,高新发展,60.09,0.0013331111481420521,0.13548752834467126,0.1295112781954888,0.2555369828666947,,,,0.16438095238095243,-0.01701292327825943,0.17443273905996756,0.942374426193242,11354106.0,14080168.1,0.8063899464382105,0.06046722791542253,0.07417321033652008,0.8152165403261608,True,0.07567190483184016,0.0378113470751269,True,3,3,收敛较充分,-0.01701292327825943,0.9528772088808337,0.11736102717628816,51.895599999999995,0.1579016332791221,0.013039845708172848,,,,-0.009723137771918244,52.5,51.45,0.14457142857142857,0.16793002915451893,True,1,2026-08-21,沪深主板10%,6,9.99272374484599,INELIGIBLE,False,False,0,False,,,,,False,False,True,,,,,未形成合格的短周期缩量平台或呈N型走势,2,2,1,1,1,1,8,True,True,True,,硬资格：最近25个交易日（含当日）至少一次按板块涨停价核验的实际涨停，且最新收盘价严格高于MA25、当日MA25严格高于前一交易日MA25；通过后再按方向/非极端波动/不过热排序,1,True,,,257,4,入选：满足一级粗筛资格条件；本阶段不设置数量下限或上限
000635,英 力 特,7.46,0.0026881720430107503,0.03181189488243419,-0.0158311345646438,0.1803797468354429,,,,0.06610407876230658,-0.11715976331360944,0.1968838526912181,0.33575165184308237,9549158.0,27661953.4,0.3452090986459402,0.025745767416956136,0.07918645237227008,0.3251284360602562,True,0.008244023083264551,-0.006335939606363139,True,3,3,收敛较充分,-0.11715976331360944,0.5619469026548674,0.02995996134198542,7.0692,0.05528206869235541,0.006091312763292889,,,,-0.0013386880856760541,7.11,7.11,0.049226441631504914,0.049226441631504914,True,2,2026-09-02,沪深主板10%,17,10.060975609756095,READY_FOR_BREAKOUT,False,False,5,False,7.47,,,,False,False,False,,,,,紧凑缩量平台形成，尚未出现放量突破,2,2,1,1,1,1,8,True,True,True,,硬资格：最近25个交易日（含当日）至少一次按板块涨停价核验的实际涨停，且最新收盘价严格高于MA25、当日MA25严格高于前一交易日MA25；通过后再按方向/非极端波动/不过热排序,1,True,,,257,4,入选：满足一级粗筛资格条件；本阶段不设置数量下限或上限
000798,中水渔业,10.4,0.0,0.045226130653266416,-0.09722222222222221,0.15427302996670367,,,,0.07456588355464765,-0.19814957594448734,0.4174863387978142,0.1786067629646665,28154636.4,50420607.6,0.5583954208437583,0.08697032248227334,0.1402184116086232,0.6202489493678218,True,0.0023428348301446356,-0.017187211236370348,False,3,2,部分收敛/待确认,-0.19814957594448734,0.450854700854701,0.010199125789218,9.9728,0.042836515321674984,0.006052780243725353,,,,-0.006685768863419317,9.79,9.79,0.06230847803881523,0.06230847803881523,True,4,2026-09-09,沪深主板10%,17,10.000000000000009,READY_FOR_BREAKOUT,False,False,5,False,10.48,,,,False,False,False,,,,,紧凑缩量平台形成，尚未出现放量突破,2,2,1,1,1,1,8,True,True,True,,硬资格：最近25个交易日（含当日）至少一次按板块涨停价核验的实际涨停，且最新收盘价严格高于MA25、当日MA25严格高于前一交易日MA25；通过后再按方向/非极端波动/不过热排序,1,True,,,257,4,入选：满足一级粗筛资格条件；本阶段不设置数量下限或上限
000912,泸天化,4.22,0.009569377990430672,0.05499999999999994,-0.10782241014799165,0.07653061224489788,,,,0.07808564231738037,-0.18846153846153857,0.3032581453634085,0.25748901888127906,55645583.4,103589397.6,0.5371745052024514,0.03327692814625847,0.06707461621315187,0.4961180551597936,True,-0.004835589941972862,-0.018493150684931625,False,3,2,部分收敛/待确认,-0.18846153846153857,0.3677419354838708,-0.02246930738939068,4.209199999999999,0.0025658082295925144,0.004390569819604728,,,,0.002375296912114022,3.97,3.97,0.06297229219143574,0.06297229219143574,True,3,2026-09-09,沪深主板10%,17,10.1010101010101,INELIGIBLE,False,False,5,False,4.21,,,,False,False,True,,,,,未形成合格的短周期缩量平台或呈N型走势,2,2,1,1,1,1,8,True,True,True,,硬资格：最近25个交易日（含当日）至少一次按板块涨停价核验的实际涨停，且最新收盘价严格高于MA25、当日MA25严格高于前一交易日MA25；通过后再按方向/非极端波动/不过热排序,1,True,,,257,4,入选：满足一级粗筛资格条件；本阶段不设置数量下限或上限
000930,中粮科技,5.41,0.0,0.08853118712273655,-0.07204116638078906,0.10633946830265861,,,,0.1115618661257608,-0.2326241134751773,0.4358452138492871,0.25596671153153533,81537756.4,107348329.5,0.7595624149884885,0.04476516377476287,0.05519187423078057,0.8110825080442238,True,-0.0056904400606980765,-0.005220522052205245,True,3,3,收敛较充分,-0.2326241134751773,0.3138075313807532,0.013108614232209659,5.236000000000001,0.03323147440794494,0.0022970903522205877,,,,0.026565464895635715,4.93,4.93,0.0973630831643002,0.0973630831643002,True,2,2026-09-09,沪深主板10%,17,10.000000000000009,INELIGIBLE,False,False,3,False,5.44,,,,False,False,True,,,,,未形成合格的短周期缩量平台或呈N型走势,2,2,1,1,1,1,8,True,True,True,,硬资格：最近25个交易日（含当日）至少一次按板块涨停价核验的实际涨停，且最新收盘价严格高于MA25、当日MA25严格高于前一交易日MA25；通过后再按方向/非极端波动/不过热排序,1,True,,,257,4,入选：满足一级粗筛资格条件；本阶段不设置数量下限或上限
000962,东方钽业,60.53,-0.03783182323954848,0.05821678321678325,0.1369271224643125,0.16426235814579715,,,,0.13125000000000003,-0.04451460142067876,0.21084717258776542,0.6224887836490529,25105552.4,20979937.8,1.1966457021621866,0.05065095038953146,0.04170787014217321,1.2144218876886592,False,0.07933658816771949,0.04637316716898088,True,3,2,部分收敛/待确认,-0.04451460142067876,0.8212927756653993,0.08890408001727002,54.836400000000005,0.10382884361482514,0.0030510557970060415,,,,-0.00932896890343704,56.0,47.57,0.0808928571428571,0.27244061383224727,True,1,2026-08-27,沪深主板10%,17,9.99617737003058,INELIGIBLE,False,False,0,False,,,,,False,False,False,,,,,未形成合格的短周期缩量平台或呈N型走势,2,2,1,1,1,1,8,True,True,True,,硬资格：最近25个交易日（含当日）至少一次按板块涨停价核验的实际涨停，且最新收盘价严格高于MA25、当日MA25严格高于前一交易日MA25；通过后再按方向/非极端波动/不过热排序,1,True,,,257,4,入选：满足一级粗筛资格条件；本阶段不设置数量下限或上限
000980,众泰汽车,2.18,-0.0267857142857143,-0.03539823008849541,0.1847826086956521,0.3132530120481929,,,,0.16176470588235298,-0.1484375,0.6,0.269607843137255,503424359.4,377322542.4,1.3342016519816602,0.11925239981488683,0.07172213471964624,1.6627000894637487,False,2.220446049250313e-16,0.07726377952755903,True,3,2,部分收敛/待确认,-0.1484375,0.6161616161616162,0.11995890059080416,1.8828,0.15785001062247717,0.010736525660296259,,,,-0.08016877637130804,2.04,1.9,0.06862745098039214,0.14736842105263182,True,2,2026-09-09,沪深主板10%,17,10.179640718562876,READY_FOR_BREAKOUT,False,False,3,False,2.28,,,,False,False,False,,,,,紧凑缩量平台形成，尚未出现放量突破,2,2,1,1,1,1,8,True,True,True,,硬资格：最近25个交易日（含当日）至少一次按板块涨停价核验的实际涨停，且最新收盘价严格高于MA25、当日MA25严格高于前一交易日MA25；通过后再按方向/非极端波动/不过热排序,1,True,,,257,4,入选：满足一级粗筛资格条件；本阶段不设置数量下限或上限
001210,金房能源,29.72,-0.01458885941644572,0.037347294938917974,-0.02397372742200332,0.10524358497582731,,,,0.12228163992869874,-0.055908513341804356,0.16529850746268654,0.7397625169501415,4435407.4,9013625.6,0.4920780601315414,0.027088789431954533,0.06543982542303227,0.4139495980748802,True,0.02954272386741086,0.007732321102207118,True,3,3,收敛较充分,-0.055908513341804356,0.6906854130052722,0.03350546832889956,28.555999999999997,0.04076201148620262,0.0025981321536407975,,,,0.00745762711864395,28.05,26.8,0.0595365418894831,0.10895522388059686,True,1,2026-08-20,沪深主板10%,3,10.018484288354902,RETEST_STABILIZING,True,False,5,False,29.38,2026-09-21,1.540553397319166,0.5803879411012184,True,False,False,,0.028813559322033947,,,突破后处于一周内确认窗，守位/缩量/横住或小平台再突破条件尚未全部成立,2,2,1,1,1,1,8,True,True,True,,硬资格：最近25个交易日（含当日）至少一次按板块涨停价核验的实际涨停，且最新收盘价严格高于MA25、当日MA25严格高于前一交易日MA25；通过后再按方向/非极端波动/不过热排序,1,True,,,257,4,入选：满足一级粗筛资格条件；本阶段不设置数量下限或上限
001330,博纳影业,5.52,-0.007194244604316502,0.031775700934579376,-0.0980392156862746,0.1196754563894522,,,,0.08620689655172417,-0.1546707503828485,0.22744360902255636,0.37902536335138237,76802821.0,175278233.6,0.4381766031215869,0.0656476451285436,0.15705500578939188,0.4179914215314855,True,-0.0115481775532299,-0.029375977750738635,False,3,2,部分收敛/待确认,-0.1546707503828485,0.47120418848167506,-0.02092940759134454,5.4648,0.010101010101009944,0.004411116012351224,,,,-0.02645502645502651,5.22,5.22,0.05747126436781613,0.05747126436781613,True,3,2026-09-07,沪深主板10%,17,10.051993067590992,READY_FOR_BREAKOUT,False,False,5,False,5.62,,,,False,False,False,,,,,紧凑缩量平台形成，尚未出现放量突破,2,2,1,1,1,1,8,True,True,True,,硬资格：最近25个交易日（含当日）至少一次按板块涨停价核验的实际涨停，且最新收盘价严格高于MA25、当日MA25严格高于前一交易日MA25；通过后再按方向/非极端波动/不过热排序,1,True,,,257,4,入选：满足一级粗筛资格条件；本阶段不设置数量下限或上限
002040,南 京 港,9.29,-0.02925809822361558,-0.013800424628450214,0.02425578831312003,0.052095130237825416,,,,0.10751445086705198,-0.1539162112932606,0.25773195876288657,0.4171560693641617,32866085.6,40276265.0,0.8160162219609987,0.0789187269752606,0.0763352619971256,1.0338436642587574,True,-0.0015066724063710346,0.012490658695420098,True,3,3,收敛较充分,-0.1539162112932606,0.4007092198581556,0.011321576311778658,9.133199999999999,0.01716813384137006,0.004619852164730487,,,,-0.030271398747390488,8.65,8.65,0.07398843930635834,0.07398843930635834,True,2,2026-09-09,沪深主板10%,17,10.033076074972435,READY_FOR_BREAKOUT,False,False,3,False,9.55,,,,False,False,False,,,,,紧凑缩量平台形成，尚未出现放量突破,2,2,1,1,1,1,8,True,True,True,,硬资格：最近25个交易日（含当日）至少一次按板块涨停价核验的实际涨停，且最新收盘价严格高于MA25、当日MA25严格高于前一交易日MA25；通过后再按方向/非极端波动/不过热排序,1,True,,,257,4,入选：满足一级粗筛资格条件；本阶段不设置数量下限或上限
002046,国机精工,64.29,-0.00510677808727944,0.08451417004048589,0.18967431532198376,0.2927810174944703,,,,0.1437350631614886,-0.04044776119402971,0.2278430591515634,0.6308511819351699,16121560.2,14999067.2,1.074837520562612,0.031712880103946434,0.027149095718015666,1.1681007880826881,False,0.0548616862680138,0.06337210310100372,True,3,2,部分收敛/待确认,-0.04044776119402971,0.8705207835642621,0.13457279248912468,55.0364,0.16813599726726314,0.008953582166165486,,,,-0.01077088782889657,58.58,54.22,0.09747354045749423,0.1857248247879013,True,1,2026-09-09,沪深主板10%,17,9.992598075499636,READY_FOR_BREAKOUT,False,False,3,False,66.95,,,,False,False,False,,,,,紧凑缩量平台形成，尚未出现放量突破,2,2,1,1,1,1,8,True,True,True,,硬资格：最近25个交易日（含当日）至少一次按板块涨停价核验的实际涨停，且最新收盘价严格高于MA25、当日MA25严格高于前一交易日MA25；通过后再按方向/非极端波动/不过热排序,1,True,,,257,4,入选：满足一级粗筛资格条件；本阶段不设置数量下限或上限
002068,黑猫股份,10.35,0.047570850202429016,0.12255965292841631,0.13736263736263732,0.32352941176470584,,,,0.16388308977035493,-0.07174887892376691,0.38713745271122324,0.4233201634784738,81445771.4,71970127.8,1.1316607860740802,0.11205582139192333,0.09393507011876207,1.1929071990924285,False,0.02356286816981501,0.0494476591267754,True,3,2,部分收敛/待确认,-0.07174887892376691,0.7831978319783196,0.14024457419852365,8.8096,0.17485470395931713,0.010043567988993196,,,,0.004854368932038833,9.58,9.1,0.08037578288100211,0.13736263736263732,True,2,2026-09-09,沪深主板10%,17,10.036275695284157,INELIGIBLE,False,False,3,False,10.3,,,,False,False,True,,,,,未形成合格的短周期缩量平台或呈N型走势,2,2,1,1,1,1,8,True,True,True,,硬资格：最近25个交易日（含当日）至少一次按板块涨停价核验的实际涨停，且最新收盘价严格高于MA25、当日MA25严格高于前一交易日MA25；通过后再按方向/非极端波动/不过热排序,1,True,,,257,4,入选：满足一级粗筛资格条件；本阶段不设置数量下限或上限
002094,青岛金王,5.38,-0.020036429872495543,0.09127789046653145,-0.09274873524451932,0.04669260700389111,,,,0.16563146997929604,-0.11803278688524588,0.23732251521298176,0.6979172196563499,38000332.6,50227012.9,0.7565716216422658,0.0345940375490777,0.07692100853164462,0.44973458109101655,True,0.024380652772316047,-0.0284028033935817,False,3,2,部分收敛/待确认,-0.11803278688524588,0.5443037974683546,-0.020571636628436307,5.3388,0.007717089982767655,0.0053479963844531575,,,,0.017013232514177634,4.83,4.83,0.11387163561076608,0.11387163561076608,True,1,2026-08-25,沪深主板10%,6,10.064239828693777,RETEST_STABILIZING,False,False,5,False,5.28,2026-09-21,2.9365886152668734,0.6580273695923876,True,False,True,,0.0357815442561206,,,突破后处于一周内确认窗，守位/缩量/横住或小平台再突破条件尚未全部成立,2,2,1,1,1,1,8,True,True,True,,硬资格：最近25个交易日（含当日）至少一次按板块涨停价核验的实际涨停，且最新收盘价严格高于MA25、当日MA25严格高于前一交易日MA25；通过后再按方向/非极端波动/不过热排序,1,True,,,257,4,入选：满足一级粗筛资格条件；本阶段不设置数量下限或上限
002107,沃华医药,7.33,0.012430939226519389,0.12423312883435589,0.020891364902507092,0.15981012658227844,,,,0.14814814814814814,-0.014784946236559127,0.1466049382716048,1.0105263157894746,21731465.0,28369124.8,0.7660252176690343,0.028832519641634635,0.04389440294622267,0.6568609596298386,True,0.03848448687350836,0.008593067288086287,True,3,2,部分收敛/待确认,-0.014784946236559127,0.9219858156028367,0.05978457312224372,6.787999999999999,0.07984678845020632,0.005748829490902496,,,,0.04119318181818188,6.48,6.48,0.13117283950617287,0.13117283950617287,True,2,2026-09-01,沪深主板10%,17,10.045662100456632,RETEST_STABILIZING,False,False,5,False,6.99,2026-09-21,1.6373212082070578,1.0364168813112735,True,True,True,,0.042016806722689176,,,突破后处于一周内确认窗，守位/缩量/横住或小平台再突破条件尚未全部成立,2,2,1,1,1,1,8,True,True,True,,硬资格：最近25个交易日（含当日）至少一次按板块涨停价核验的实际涨停，且最新收盘价严格高于MA25、当日MA25严格高于前一交易日MA25；通过后再按方向/非极端波动/不过热排序,1,True,,,257,4,入选：满足一级粗筛资格条件；本阶段不设置数量下限或上限
002138,顺络电子,54.35,0.01836237586659184,0.10109400324149109,0.12993762993763003,0.1444514634659928,,,,0.1365208545269583,-0.027031865377730058,0.15320018157058557,0.8911272371048568,31732415.4,26853456.3,1.1816883102679039,0.03830547702069923,0.03504095900499549,1.0931629187214411,False,0.05227336796746007,0.03860836548977531,True,3,2,部分收敛/待确认,-0.027031865377730058,0.8720338983050849,0.11239600069588707,48.7232,0.11548502561408114,0.0019906881858413605,,,,0.02779878971255667,49.15,45.5,0.10579857578840302,0.19450549450549448,True,1,2026-09-07,沪深主板10%,17,10.002247696111466,RETEST_STABILIZING,True,False,3,False,51.45,2026-09-18,1.3015684070541635,1.0148008634001093,True,True,False,,0.0680688336520077,,1.0855366559524,突破后处于一周内确认窗，守位/缩量/横住或小平台再突破条件尚未全部成立,2,2,1,1,1,1,8,True,True,True,,硬资格：最近25个交易日（含当日）至少一次按板块涨停价核验的实际涨停，且最新收盘价严格高于MA25、当日MA25严格高于前一交易日MA25；通过后再按方向/非极端波动/不过热排序,1,True,,,257,4,入选：满足一级粗筛资格条件；本阶段不设置数量下限或上限
002194,武汉凡谷,10.97,-0.01878354203935595,0.014801110083256352,-0.009927797833934937,0.08506429277942651,,,,0.06566604127579731,-0.08200836820083668,0.21938775510204064,0.2993149788385182,46220487.6,55412197.3,0.8341211836405557,0.10274709186672847,0.09740136756265377,1.054883462500011,True,-0.0034382917119075707,0.01887840088839532,True,3,3,收敛较充分,-0.08200836820083668,0.5739130434782612,0.03393025447690867,10.4804,0.04671577420709139,0.0026404408388183143,,,,-0.02140945584299736,10.66,10.6,0.02908067542213888,0.03490566037735854,True,1,2026-09-08,沪深主板10%,17,10.029791459781535,READY_FOR_BREAKOUT,False,False,5,False,11.23,,,,False,False,False,,,,,紧凑缩量平台形成，尚未出现放量突破,2,2,1,1,1,1,8,True,True,True,,硬资格：最近25个交易日（含当日）至少一次按板块涨停价核验的实际涨停，且最新收盘价严格高于MA25、当日MA25严格高于前一交易日MA25；通过后再按方向/非极端波动/不过热排序,1,True,,,257,4,入选：满足一级粗筛资格条件；本阶段不设置数量下限或上限
002201,九鼎新材,10.52,-0.030414746543778848,-0.02230483271375472,0.13118279569892466,0.2923832923832923,,,,0.0754901960784315,-0.1233333333333334,0.45454545454545453,0.16607843137254932,70292563.2,77655484.2,0.9051847905418121,0.12462738963433236,0.11815722809513877,1.0547589144016132,True,-0.01962236208811563,0.043517049960348775,False,3,2,部分收敛/待确认,-0.1233333333333334,0.6467780429594271,0.08700144657987163,9.353200000000001,0.12474874909122002,0.008714033044303626,,,,-0.04014598540145997,10.2,9.0,0.031372549019607954,0.16888888888888887,True,1,2026-09-02,沪深主板10%,17,10.023866348448696,READY_FOR_BREAKOUT,False,False,5,False,10.96,,,,False,False,False,,,,,紧凑缩量平台形成，尚未出现放量突破,2,2,1,1,1,1,8,True,True,True,,硬资格：最近25个交易日（含当日）至少一次按板块涨停价核验的实际涨停，且最新收盘价严格高于MA25、当日MA25严格高于前一交易日MA25；通过后再按方向/非极端波动/不过热排序,1,True,,,257,4,入选：满足一级粗筛资格条件；本阶段不设置数量下限或上限
002212,天融信,7.32,0.005494505494505475,-0.0579150579150578,0.09745127436281864,0.1693290734824282,,,,0.11373707533234867,-0.10073710073710074,0.2738654147104853,0.41530280649926143,152202806.4,90299016.7,1.6855422347029831,0.13619743806542417,0.09122384719656483,1.493002567321595,False,-0.006383569247849219,0.024609148812970494,True,3,2,部分收敛/待确认,-0.10073710073710074,0.6150234741784038,0.0708799648891818,6.709199999999999,0.09103917009479545,0.00575643101277179,,,,-0.008130081300812941,6.77,6.39,0.08124076809453484,0.1455399061032865,True,1,2026-08-28,沪深主板10%,17,10.000000000000009,INELIGIBLE,False,False,0,False,,,,,False,False,False,,,,,未形成合格的短周期缩量平台或呈N型走势,2,2,1,1,1,1,8,True,True,True,,硬资格：最近25个交易日（含当日）至少一次按板块涨停价核验的实际涨停，且最新收盘价严格高于MA25、当日MA25严格高于前一交易日MA25；通过后再按方向/非极端波动/不过热排序,1,True,,,257,4,入选：满足一级粗筛资格条件；本阶段不设置数量下限或上限
002297,博云新材,21.86,-0.03615520282186946,-0.020609318996415826,-0.020609318996415826,0.24558404558404545,,,,0.07988721804511274,-0.09256953092569531,0.349579831932773,0.22852353238866394,83482005.6,146373328.6,0.570336183500578,0.15288296851679414,0.2549272036201267,0.5997122564628639,True,-0.018623625399077803,0.009429705829272939,False,3,2,部分收敛/待确认,-0.09256953092569531,0.7014725568942436,0.038603159520133046,20.344399999999997,0.0744971589233403,0.004602196413051818,,,,-0.048738033072236786,21.28,20.84,0.02725563909774431,0.04894433781190011,True,2,2026-09-03,沪深主板10%,17,10.011001100110018,READY_FOR_BREAKOUT,False,False,5,False,22.88,,,,False,False,False,,,,,紧凑缩量平台形成，尚未出现放量突破,2,2,1,1,1,1,8,True,True,True,,硬资格：最近25个交易日（含当日）至少一次按板块涨停价核验的实际涨停，且最新收盘价严格高于MA25、当日MA25严格高于前一交易日MA25；通过后再按方向/非极端波动/不过热排序,1,True,,,257,4,入选：满足一级粗筛资格条件；本阶段不设置数量下限或上限
002349,精华制药,8.74,0.00344431687715252,0.06715506715506714,0.038004750593824355,0.24857142857142867,,,,0.15384615384615388,-0.056155507559395246,0.24128686327077745,0.6376068376068379,85465091.8,93272496.1,0.9162946782122195,0.0870921322725653,0.1024315754931177,0.8502469268220615,True,0.01321262539760193,0.019910161466553333,True,3,3,收敛较充分,-0.056155507559395246,0.7936507936507938,0.08121482031298322,7.8652,0.11122412653206526,0.008514130379032592,,,,0.022222222222222143,7.8,7.8,0.12051282051282053,0.12051282051282053,True,4,2026-09-09,沪深主板10%,17,10.065359477124169,INELIGIBLE,False,False,0,False,,,,,False,False,True,,,,,未形成合格的短周期缩量平台或呈N型走势,2,2,1,1,1,1,8,True,True,True,,硬资格：最近25个交易日（含当日）至少一次按板块涨停价核验的实际涨停，且最新收盘价严格高于MA25、当日MA25严格高于前一交易日MA25；通过后再按方向/非极端波动/不过热排序,1,True,,,257,4,入选：满足一级粗筛资格条件；本阶段不设置数量下限或上限
002354,天娱数科,8.11,0.023989898989899006,0.08277703604806397,-0.018159806295399594,0.150354609929078,,,,0.12978142076502722,-0.0784090909090911,0.1840659340659339,0.7050811516189545,216441119.0,323260963.9,0.6695553845683501,0.10453495307023743,0.20780532246207736,0.50304271243733,True,0.028005284015852006,-0.01922587216704874,False,3,2,部分收敛/待确认,-0.0784090909090911,0.6567164179104472,0.03734970580711172,7.6908,0.05450668330992858,0.0009891711786755852,,,,0.04780361757105922,7.32,7.28,0.1079234972677594,0.11401098901098883,True,1,2026-08-28,沪深主板10%,17,9.943977591036424,RETEST_STABILIZING,True,False,5,False,7.73,2026-09-21,1.4269332215504622,1.2742928818117454,True,True,False,,0.05216284987277344,,,突破后处于一周内确认窗，守位/缩量/横住或小平台再突破条件尚未全部成立,2,2,1,1,1,1,8,True,True,True,,硬资格：最近25个交易日（含当日）至少一次按板块涨停价核验的实际涨停，且最新收盘价严格高于MA25、当日MA25严格高于前一交易日MA25；通过后再按方向/非极端波动/不过热排序,1,True,,,257,4,入选：满足一级粗筛资格条件；本阶段不设置数量下限或上限
002377,国创高新,3.05,-0.025559105431309903,-0.016129032258064613,0.06643356643356646,0.10909090909090913,,,,0.0990099009900991,-0.12857142857142867,0.28205128205128205,0.35103510351035133,84269271.6,89250872.1,0.9441842932983509,0.11534383800390374,0.09330468397729783,1.2362062984101454,True,-0.010120177103099315,0.03086419753086389,False,3,2,部分收敛/待确认,-0.12857142857142867,0.47674418604651136,0.022975012577561627,2.9252,0.04266374948721463,0.004119181655910964,,,,-0.07294832826747721,3.03,2.84,0.0066006600660066805,0.073943661971831,True,1,2026-09-09,沪深主板10%,17,10.139860139860147,READY_FOR_BREAKOUT,False,False,5,False,3.21,,,,False,False,False,,,,,紧凑缩量平台形成，尚未出现放量突破,2,2,1,1,1,1,8,True,True,True,,硬资格：最近25个交易日（含当日）至少一次按板块涨停价核验的实际涨停，且最新收盘价严格高于MA25、当日MA25严格高于前一交易日MA25；通过后再按方向/非极端波动/不过热排序,1,True,,,257,4,入选：满足一级粗筛资格条件；本阶段不设置数量下限或上限
002396,星网锐捷,37.72,-0.0005299417064124068,0.06855524079320108,0.010447361371551,0.22308690012970156,,,,0.14672036823935564,-0.10083432657926106,0.27082702211451093,0.5417493686332356,108280510.8,94935967.5,1.1405636204213119,0.1594048336817829,0.12865375417683156,1.2390220145669804,False,0.053097832067789286,0.005136331348013945,True,3,2,部分收敛/待确认,-0.10083432657926106,0.6629482071713145,0.019005038293734122,35.842,0.05239662965236325,0.00556621665600554,,,,-0.04747474747474756,34.76,33.01,0.08515535097813576,0.14268403514086647,True,4,2026-08-31,沪深主板10%,17,10.016583747927044,RETEST_STABILIZING,True,False,3,False,35.93,2026-09-16,1.9505199039535621,0.7243134151569901,True,False,False,,0.0735254511176945,39.86,0.8581023416816322,突破后处于一周内确认窗，守位/缩量/横住或小平台再突破条件尚未全部成立,2,2,1,1,1,1,8,True,True,True,,硬资格：最近25个交易日（含当日）至少一次按板块涨停价核验的实际涨停，且最新收盘价严格高于MA25、当日MA25严格高于前一交易日MA25；通过后再按方向/非极端波动/不过热排序,1,True,,,257,4,入选：满足一级粗筛资格条件；本阶段不设置数量下限或上限
002491,通鼎互联,24.03,-0.02277348515656763,0.08097165991902844,0.12027972027972034,0.12289719626168227,,,,0.13241194828354877,-0.053937007874015674,0.14568527918781732,0.9088903767198292,235738788.6,154468828.1,1.526125312787299,0.2110029690919231,0.12877130644877963,1.6385868475742469,False,0.0784787472035795,0.043456314243759175,True,3,2,部分收敛/待确认,-0.053937007874015674,0.8333333333333336,0.08106892208025918,21.790399999999998,0.10277920552169784,0.00844131803035908,,,,-0.02277348515656763,22.43,19.7,0.07133303611234965,0.2197969543147209,True,2,2026-08-21,沪深主板10%,17,10.015568240788797,READY_FOR_BREAKOUT,False,False,3,False,24.59,,,,False,False,False,,,,,紧凑缩量平台形成，尚未出现放量突破,2,2,1,1,1,1,8,True,True,True,,硬资格：最近25个交易日（含当日）至少一次按板块涨停价核验的实际涨停，且最新收盘价严格高于MA25、当日MA25严格高于前一交易日MA25；通过后再按方向/非极端波动/不过热排序,1,True,,,257,4,入选：满足一级粗筛资格条件；本阶段不设置数量下限或上限
002579,中京电子,18.88,-0.029804727646454365,0.015053763440860068,0.10668229777256744,0.35632183908045967,,,,0.16129032258064516,-0.125925925925926,0.46592592592592585,0.3461715985435151,154636307.4,120047465.0,1.2881263873418736,0.30021435898628995,0.20024432385775873,1.4992402940696776,False,0.03974630021141623,0.06612893999199132,True,3,2,部分收敛/待确认,-0.125925925925926,0.6788665879574968,0.13762352374066067,16.1504,0.16901129383792335,0.009324300677449493,,,,-0.07857491459248411,18.6,16.0,0.015053763440860068,0.17999999999999994,True,3,2026-09-08,沪深主板10%,17,10.000000000000009,READY_FOR_BREAKOUT,False,False,3,False,19.89,,,,False,False,False,,,,,紧凑缩量平台形成，尚未出现放量突破,2,2,1,1,1,1,8,True,True,True,,硬资格：最近25个交易日（含当日）至少一次按板块涨停价核验的实际涨停，且最新收盘价严格高于MA25、当日MA25严格高于前一交易日MA25；通过后再按方向/非极端波动/不过热排序,1,True,,,257,4,入选：满足一级粗筛资格条件；本阶段不设置数量下限或上限
002703,浙江世宝,16.43,0.05320512820512824,0.06688311688311677,-0.02953337271116363,0.039215686274509665,,,,0.08988764044943805,-0.14870466321243525,0.2556929082628498,0.3515453011979293,36041692.2,55358200.6,0.6510632897991991,0.047336085378324504,0.10514157995265658,0.45021280258142515,True,0.0020439448134899063,-0.02137253690777685,False,3,2,部分收敛/待确认,-0.14870466321243525,0.534090909090909,-0.006590483100550326,16.0744,0.02212213208580094,0.002469628557886683,,,,0.045830681094843895,15.13,15.13,0.08592200925313942,0.08592200925313942,True,3,2026-09-01,沪深主板10%,17,10.018903591682427,BREAKOUT_AWAIT_RETEST,True,False,5,False,15.71,2026-09-22,2.5508684979621963,,False,False,False,,,,,首次放量突破，仅观察，等待缩量回踩确认,2,2,1,1,1,1,8,True,True,True,,硬资格：最近25个交易日（含当日）至少一次按板块涨停价核验的实际涨停，且最新收盘价严格高于MA25、当日MA25严格高于前一交易日MA25；通过后再按方向/非极端波动/不过热排序,1,True,,,257,4,入选：满足一级粗筛资格条件；本阶段不设置数量下限或上限
002708,光洋股份,16.91,-0.0197101449275362,0.03361858190709044,0.04061538461538472,0.42820945945945943,,,,0.07923832923832919,-0.037564029595902104,0.3477576711250982,0.22785501461972044,34556802.4,57837121.0,0.5974848298552067,0.0752838547744448,0.11782946642699724,0.6389221394046444,True,0.018305814788226904,0.017416105346197863,True,3,3,收敛较充分,-0.037564029595902104,0.90625,0.09919396775871037,14.55,0.1621993127147765,0.014050347077026126,,,,-0.02983362019506597,16.28,15.88,0.038697788697788615,0.06486146095717871,True,3,2026-09-07,沪深主板10%,17,10.028248587570632,RETEST_STABILIZING,True,False,5,False,16.88,2026-09-17,1.4448015230025222,0.6622320719017504,True,False,False,,0.05405405405405419,17.43,0.781982898377122,突破后处于一周内确认窗，守位/缩量/横住或小平台再突破条件尚未全部成立,2,2,1,1,1,1,8,True,True,True,,硬资格：最近25个交易日（含当日）至少一次按板块涨停价核验的实际涨停，且最新收盘价严格高于MA25、当日MA25严格高于前一交易日MA25；通过后再按方向/非极端波动/不过热排序,1,True,,,257,4,入选：满足一级粗筛资格条件；本阶段不设置数量下限或上限
002886,沃特股份,26.22,-0.027087198515769906,-0.02346368715083813,0.048799999999999955,0.2333019755409218,,,,0.05979938271604927,-0.14980544747081714,0.29308176100628924,0.20403652042600506,33727468.8,50947861.5,0.6619996955122444,0.16432657214265567,0.2537974745177119,0.6474712660357372,True,0.0168672851337881,0.011347846225104208,True,3,3,收敛较充分,-0.14980544747081714,0.613389121338912,-0.004083182983572464,25.13,0.043374452845204914,0.009285588060468752,,,,-0.03318584070796471,25.92,23.85,0.011574074074073959,0.09937106918238992,True,5,2026-09-02,沪深主板10%,17,10.000000000000009,READY_FOR_BREAKOUT,False,False,5,False,27.12,,,,False,False,False,,,,,紧凑缩量平台形成，尚未出现放量突破,2,2,1,1,1,1,8,True,True,True,,硬资格：最近25个交易日（含当日）至少一次按板块涨停价核验的实际涨停，且最新收盘价严格高于MA25、当日MA25严格高于前一交易日MA25；通过后再按方向/非极端波动/不过热排序,1,True,,,257,4,入选：满足一级粗筛资格条件；本阶段不设置数量下限或上限
002902,铭普光磁,29.18,-0.033774834437086065,-0.001368925393566034,0.08435525826830181,0.19345603271983647,,,,0.116214335421016,-0.09039900249376553,0.26268412438625194,0.44241095914168727,40755800.4,22550515.3,1.8073112679602492,0.22432264290794282,0.10818329209489397,2.0735423979441867,False,0.003893924135615956,0.04166666666666674,True,3,2,部分收敛/待确认,-0.09039900249376553,0.6689497716894978,0.04954590414531079,27.133200000000002,0.07543526012412838,0.00450176961009352,,,,-0.05259740259740264,28.74,26.4,0.015309672929714635,0.10530303030303045,True,1,2026-09-07,沪深主板10%,17,9.995953055443142,RETEST_STABILIZING,True,False,3,False,30.1,2026-09-18,2.285746466928058,0.5962420714340777,False,False,False,,0.05951152390780875,,0.6327327384568721,突破后处于一周内确认窗，守位/缩量/横住或小平台再突破条件尚未全部成立,2,2,1,1,1,1,8,True,True,True,,硬资格：最近25个交易日（含当日）至少一次按板块涨停价核验的实际涨停，且最新收盘价严格高于MA25、当日MA25严格高于前一交易日MA25；通过后再按方向/非极端波动/不过热排序,1,True,,,257,4,入选：满足一级粗筛资格条件；本阶段不设置数量下限或上限
002916,深南电路,400.0,0.012606956609791942,0.026377912347326227,0.045751633986928164,0.1730205278592376,,,,0.14757123473541384,-0.05410518350359439,0.23244264342951168,0.6348716077141192,8333973.4,7801908.4,1.0681967760605853,0.0122702763672918,0.011741756546887224,1.0450119893300538,False,0.002044361098728853,0.02633321073924244,True,3,2,部分收敛/待确认,-0.05410518350359439,0.7583183690715116,0.07023411371237454,368.2724,0.0861525327447834,0.0019752608106078373,,,,-0.011124845488257096,368.5,368.5,0.08548168249660781,0.08548168249660781,True,1,2026-09-07,沪深主板10%,17,10.000000000000009,INELIGIBLE,False,False,0,False,,,,,False,False,False,,,,,未形成合格的短周期缩量平台或呈N型走势,2,2,1,1,1,1,8,True,True,True,,硬资格：最近25个交易日（含当日）至少一次按板块涨停价核验的实际涨停，且最新收盘价严格高于MA25、当日MA25严格高于前一交易日MA25；通过后再按方向/非极端波动/不过热排序,1,True,,,257,4,入选：满足一级粗筛资格条件；本阶段不设置数量下限或上限
002918,蒙娜丽莎,11.33,0.0017683465959328348,0.0017683465959328348,0.030937215650591376,0.11846001974333653,,,,0.047706422018348585,-0.0906902086677368,0.12440191387559817,0.38348623853210956,18144969.4,21833159.1,0.8310739328602244,0.0799531486736849,0.10958367225994146,0.7296082256125663,True,0.001612036539494932,0.008133020061449558,True,3,3,收敛较充分,-0.0906902086677368,0.593525179856115,0.02279395170390419,10.855599999999999,0.043700946976675814,0.004664420834413097,,,,-0.0017621145374449032,10.9,10.45,0.03944954128440359,0.08421052631578951,True,1,2026-08-28,沪深主板10%,17,9.999999999999986,READY_FOR_BREAKOUT,False,False,5,False,11.35,,,,False,False,False,,,,,紧凑缩量平台形成，尚未出现放量突破,2,2,1,1,1,1,8,True,True,True,,硬资格：最近25个交易日（含当日）至少一次按板块涨停价核验的实际涨停，且最新收盘价严格高于MA25、当日MA25严格高于前一交易日MA25；通过后再按方向/非极端波动/不过热排序,1,True,,,257,4,入选：满足一级粗筛资格条件；本阶段不设置数量下限或上限
002947,恒铭达,66.48,-0.03118624307781992,0.07642487046632129,0.03021850302185025,0.11524911927528936,,,,0.13833605220228393,-0.08278145695364236,0.2202020202020203,0.6282233563314726,7984215.4,10213941.6,0.7816977727775535,0.03867195019766677,0.05375609945607275,0.7193965073538842,True,0.05053677295305237,0.0037879973703158765,True,3,3,收敛较充分,-0.08278145695364236,0.7019374068554397,0.019123902962480344,63.56120000000001,0.04592109651800147,0.0032261730390423793,,,,-0.007464914899970143,61.3,59.4,0.08450244698205567,0.1191919191919193,True,1,2026-08-25,沪深主板10%,6,10.001845358922324,INELIGIBLE,False,False,0,False,,,,,False,False,False,,,,,未形成合格的短周期缩量平台或呈N型走势,2,2,1,1,1,1,8,True,True,True,,硬资格：最近25个交易日（含当日）至少一次按板块涨停价核验的实际涨停，且最新收盘价严格高于MA25、当日MA25严格高于前一交易日MA25；通过后再按方向/非极端波动/不过热排序,1,True,,,257,4,入选：满足一级粗筛资格条件；本阶段不设置数量下限或上限
002949,华阳国际,13.14,-0.007552870090634434,0.09499999999999997,-0.042274052478134094,0.0562700964630225,,,,0.17068965517241383,-0.09938313913639474,0.22624053826745158,0.7544609665427513,6585205.4,11814694.5,0.5573741580876256,0.03717789713032143,0.07966760059433868,0.46666269415629114,True,0.04121510673234785,-0.022420480993017855,False,3,2,部分收敛/待确认,-0.09938313913639474,0.655581947743468,0.006318207926479191,12.6752,0.036670032819994924,0.007663688110153499,,,,0.039556962025316444,11.6,11.6,0.13275862068965516,0.13275862068965516,True,1,2026-08-25,沪深主板10%,6,9.991158267020328,RETEST_STABILIZING,False,False,5,False,12.64,2026-09-21,1.3201310776744113,0.8252963885145168,True,False,True,,0.03743315508021392,,,突破后处于一周内确认窗，守位/缩量/横住或小平台再突破条件尚未全部成立,2,2,1,1,1,1,8,True,True,True,,硬资格：最近25个交易日（含当日）至少一次按板块涨停价核验的实际涨停，且最新收盘价严格高于MA25、当日MA25严格高于前一交易日MA25；通过后再按方向/非极端波动/不过热排序,1,True,,,257,4,入选：满足一级粗筛资格条件；本阶段不设置数量下限或上限
002975,博杰股份,107.5,-0.00027899190923463824,0.08476286579212933,0.06530571796650486,0.002985631647695497,,,,0.12709369607146478,-0.03179320904260108,0.1530172413793104,0.8305841546078823,11268431.2,12236878.1,0.9208583355913302,0.08701266411712677,0.08918264747087032,0.9756680989488193,True,0.0480305307284663,0.019293435065967257,True,3,3,收敛较充分,-0.05701754385964908,0.7004608294930876,0.05008669320374137,102.16680000000001,0.05220091066765309,0.0010189804708473638,,,,-0.020947176684881552,98.51,92.8,0.09125977058166668,0.15840517241379315,True,1,2026-09-07,沪深主板10%,17,9.996843102178254,RETEST_STABILIZING,True,False,3,False,100.8,2026-09-16,1.282601771741084,0.8916932612523,True,False,False,,0.07921850699844485,110.79,0.8459106006105249,突破后处于一周内确认窗，守位/缩量/横住或小平台再突破条件尚未全部成立,2,2,1,1,1,1,8,True,True,True,,硬资格：最近25个交易日（含当日）至少一次按板块涨停价核验的实际涨停，且最新收盘价严格高于MA25、当日MA25严格高于前一交易日MA25；通过后再按方向/非极端波动/不过热排序,1,True,,,257,4,入选：满足一级粗筛资格条件；本阶段不设置数量下限或上限
002988,豪美新材,31.66,-0.013707165109034358,0.06241610738255021,0.049386808087504175,0.3364288729421696,,,,0.08277479892761402,-0.020117610646858575,0.39956521739130424,0.2071621735946815,5702478.0,10454076.8,0.5454788700232238,0.025313649011878964,0.04415691941749516,0.5732657383216273,True,0.02809207959422544,0.033796620337966266,True,3,3,收敛较充分,-0.020117610646858575,0.9390243902439023,0.12039068582348356,27.230400000000003,0.16267113226394025,0.011305058307955251,,,,-0.016464740602671557,29.84,28.9,0.060991957104557626,0.09550173010380636,True,1,2026-08-21,沪深主板10%,6,9.990875912408747,READY_FOR_BREAKOUT,False,False,5,False,32.19,,,,False,False,False,,,,,紧凑缩量平台形成，尚未出现放量突破,2,2,1,1,1,1,8,True,True,True,,硬资格：最近25个交易日（含当日）至少一次按板块涨停价核验的实际涨停，且最新收盘价严格高于MA25、当日MA25严格高于前一交易日MA25；通过后再按方向/非极端波动/不过热排序,1,True,,,257,4,入选：满足一级粗筛资格条件；本阶段不设置数量下限或上限
003018,金富科技,49.88,0.0032180209171359664,0.03700623700623695,-0.047546305136528466,0.08481948673336248,,,,0.09541666666666664,-0.18108684945000808,0.29458023379383635,0.3239072270322269,13653084.2,19864121.1,0.6873238504370575,0.04873092446969977,0.07283473261589796,0.6690616237542562,True,0.01477993858751292,-0.02665408656681212,False,3,2,部分收敛/待确认,-0.18108684945000808,0.501356238698011,-0.004182513301190793,48.456,0.02938748555390447,0.005670073138132281,,,,-0.01520236920039475,48.0,47.05,0.039166666666666794,0.0601487778958556,True,4,2026-09-03,沪深主板10%,17,10.002227667631992,READY_FOR_BREAKOUT,False,False,5,False,50.67,,,,False,False,False,,,,,紧凑缩量平台形成，尚未出现放量突破,2,2,1,1,1,1,8,True,True,True,,硬资格：最近25个交易日（含当日）至少一次按板块涨停价核验的实际涨停，且最新收盘价严格高于MA25、当日MA25严格高于前一交易日MA25；通过后再按方向/非极端波动/不过热排序,1,True,,,257,4,入选：满足一级粗筛资格条件；本阶段不设置数量下限或上限
300122,智飞生物,13.35,0.026923076923076827,0.09336609336609336,-0.011843079200592133,0.023773006134969465,,,,0.10892710892710877,-0.13198959687906375,0.17131147540983607,0.6358424540242713,27756577.6,29675366.2,0.9353406934536835,0.015206673965001033,0.021658251912070978,0.7021191750256524,True,0.028543783260764455,-0.007343176314350441,True,3,3,收敛较充分,-0.13198959687906375,0.39402985074626856,0.005157549975529863,13.277999999999999,0.005422503389064692,0.0026277636824936224,,,,0.03891050583657596,12.21,12.2,0.09336609336609336,0.09426229508196715,True,1,2026-08-20,创业板20%,6,19.96685998343,RETEST_STABILIZING,True,False,5,False,12.65,2026-09-18,1.3400107035727815,1.2812603044705788,True,True,False,,0.06614173228346457,,1.3140747436403242,突破后处于一周内确认窗，守位/缩量/横住或小平台再突破条件尚未全部成立,2,2,1,1,1,1,8,True,True,True,,硬资格：最近25个交易日（含当日）至少一次按板块涨停价核验的实际涨停，且最新收盘价严格高于MA25、当日MA25严格高于前一交易日MA25；通过后再按方向/非极端波动/不过热排序,1,True,,,257,4,入选：满足一级粗筛资格条件；本阶段不设置数量下限或上限
300363,博腾股份,24.04,0.0033388981636059967,0.1328934967012252,0.16079188797682265,0.15134099616858232,,,,0.1777251184834123,-0.0325955734406439,0.19892473118279563,0.8934289739976945,22398685.8,22678920.7,0.9876433758154991,0.043277637243565904,0.04530156019864419,0.9553233278014372,True,0.07141525265709503,0.04997384812895267,True,3,3,收敛较充分,-0.0325955734406439,0.8703999999999996,0.15012917424169947,21.046,0.1422598118407299,0.004735806901292827,,,,0.017781541066892448,21.1,20.06,0.13933649289099503,0.19840478564307085,True,1,2026-08-20,创业板20%,9,20.000000000000018,RETEST_STABILIZING,True,False,4,False,21.71,2026-09-16,1.2145024520011622,1.0251772793981246,True,True,False,,0.14516129032258074,24.1,1.1078832373728054,突破后处于一周内确认窗，守位/缩量/横住或小平台再突破条件尚未全部成立,2,2,1,1,1,1,8,True,True,True,,硬资格：最近25个交易日（含当日）至少一次按板块涨停价核验的实际涨停，且最新收盘价严格高于MA25、当日MA25严格高于前一交易日MA25；通过后再按方向/非极端波动/不过热排序,1,True,,,257,4,入选：满足一级粗筛资格条件；本阶段不设置数量下限或上限
300368,汇金股份,9.58,-0.005192107995846351,0.12838633686690226,-0.012371134020618513,0.23136246786632397,,,,0.17046818727490995,-0.0953729933899905,0.25177304964538993,0.6770708283313328,41994000.0,55200055.4,0.7607601060487341,0.07259086931106701,0.109699067561047,0.6617273138686484,True,0.05390038662724583,-0.00929327858223472,True,3,3,收敛较充分,-0.0953729933899905,0.6882716049382717,0.02295782167645477,9.0136,0.06283837756279387,0.006611274903957964,,,,0.032327586206896575,8.33,8.33,0.15006002400960394,0.15006002400960394,True,1,2026-08-27,创业板20%,17,19.950124688279303,INELIGIBLE,False,False,0,False,,,,,False,False,True,,,,,未形成合格的短周期缩量平台或呈N型走势,2,2,1,1,1,1,8,True,True,True,,硬资格：最近25个交易日（含当日）至少一次按板块涨停价核验的实际涨停，且最新收盘价严格高于MA25、当日MA25严格高于前一交易日MA25；通过后再按方向/非极端波动/不过热排序,1,True,,,257,4,入选：满足一级粗筛资格条件；本阶段不设置数量下限或上限
300378,鼎捷数智,39.17,0.016874350986500586,0.09139035943159657,0.024856096284667784,0.23681717713924844,,,,0.14542343883661252,-0.06782484531175637,0.19205673758865258,0.7571899880340603,17508337.0,18178483.6,0.9631351759175335,0.046185535334510495,0.06894743212743143,0.6698659240731188,True,0.03945828456779821,-0.007540868815814505,True,3,3,收敛较充分,-0.06782484531175637,0.7714514835605453,0.05877741887526877,35.943200000000004,0.08977497829909398,0.004314198855507989,,,,0.04929011518885629,35.07,35.07,0.11690903906472783,0.11690903906472783,True,1,2026-08-28,创业板20%,17,19.993591797500798,RETEST_STABILIZING,True,False,5,False,36.98,2026-09-21,1.6646444874058886,1.1878555645953144,True,True,False,,0.04283489096573204,,,突破后处于一周内确认窗，守位/缩量/横住或小平台再突破条件尚未全部成立,2,2,1,1,1,1,8,True,True,True,,硬资格：最近25个交易日（含当日）至少一次按板块涨停价核验的实际涨停，且最新收盘价严格高于MA25、当日MA25严格高于前一交易日MA25；通过后再按方向/非极端波动/不过热排序,1,True,,,257,4,入选：满足一级粗筛资格条件；本阶段不设置数量下限或上限
300839,博汇股份,13.4,0.010558069381598756,0.06603023070803493,-0.006671608598962209,0.033153430994602884,,,,0.09878542510121463,-0.03597122302158273,0.12824675324675325,0.7702762261056736,8627435.6,15804140.5,0.545897171693709,0.030603714537303966,0.057694072122632827,0.5304481623736597,True,0.032252939307276796,0.002021301407136855,True,3,3,收敛较充分,-0.05633802816901401,0.7938144329896909,0.04089796869538187,12.7148,0.0538899550130556,0.007991120976692523,,,,0.030769230769230882,12.35,12.32,0.08502024291497978,0.08766233766233777,True,1,2026-08-21,创业板20%,14,20.019249278152063,INELIGIBLE,False,False,5,False,13.34,,,,False,False,True,,,,,未形成合格的短周期缩量平台或呈N型走势,2,2,1,1,1,1,8,True,True,True,,硬资格：最近25个交易日（含当日）至少一次按板块涨停价核验的实际涨停，且最新收盘价严格高于MA25、当日MA25严格高于前一交易日MA25；通过后再按方向/非极端波动/不过热排序,1,True,,,257,4,入选：满足一级粗筛资格条件；本阶段不设置数量下限或上限
300841,康华生物,54.46,0.00239278483342531,0.11188240097999191,0.05665502522312771,0.01358645077238041,,,,0.13975604713665507,-0.042040457343887394,0.10651629072681691,1.3120626542947162,3123739.6,2599337.4,1.2017445676732847,0.0197678036675871,0.021601811469787433,0.9150993515166356,True,0.05234627831715222,0.013716133926967133,True,3,2,部分收敛/待确认,-0.09699883933012765,0.5293644408688655,0.057804366405096674,52.15,0.04429530201342291,0.00018411826529907138,,,,0.04469595242662572,48.37,47.88,0.12590448625180906,0.13742690058479523,True,1,2026-08-20,创业板20%,9,19.99602069239954,RETEST_STABILIZING,True,False,5,False,50.31,2026-09-18,1.5407443116531188,1.325037156468125,True,True,False,,0.0694471387002911,,0.8063941658274358,突破后处于一周内确认窗，守位/缩量/横住或小平台再突破条件尚未全部成立,2,2,1,1,1,1,8,True,True,True,,硬资格：最近25个交易日（含当日）至少一次按板块涨停价核验的实际涨停，且最新收盘价严格高于MA25、当日MA25严格高于前一交易日MA25；通过后再按方向/非极端波动/不过热排序,1,True,,,257,4,入选：满足一级粗筛资格条件；本阶段不设置数量下限或上限
301151,冠龙节能,22.71,0.00044052863436139233,0.06920903954802271,0.014745308310992078,0.3469750889679717,,,,0.1139670223084383,-0.011319111885067401,0.11425781249999999,0.9974549644772721,4196514.8,7948282.8,0.5279775400039868,0.025403733419106234,0.0498518708513222,0.5095843543138053,True,0.04142857142857137,0.007803065490013861,True,3,3,收敛较充分,-0.011319111885067401,0.9647696476964772,0.08124836336801011,20.041600000000003,0.1331430624301453,0.011895385236797118,,,,0.015652951699463458,20.62,20.48,0.10135790494665375,0.10888671875,True,1,2026-08-31,创业板20%,17,20.023148148148138,EFFECTIVE_BREAKOUT_CONFIRMED,True,True,5,False,21.89,2026-09-18,1.2561031322340936,0.758447524753955,True,True,False,ABOVE_PLATFORM_TIGHT_HOLD,0.03748870822041546,,0.8019533054017053,放量突破后在平台上方缩量横住，低点稳定并重新缓慢走强,2,2,1,1,1,1,8,True,True,True,,硬资格：最近25个交易日（含当日）至少一次按板块涨停价核验的实际涨停，且最新收盘价严格高于MA25、当日MA25严格高于前一交易日MA25；通过后再按方向/非极端波动/不过热排序,1,True,,,257,4,入选：满足一级粗筛资格条件；本阶段不设置数量下限或上限
301489,思泉新材,128.8,-0.019786910197869045,0.04817708333333348,-0.04458126251761729,0.09161793372319704,,,,0.13784028291800304,-0.08981697406543698,0.24131578947368412,0.571202917217461,6861971.6,8704002.7,0.7883696543430531,0.0888541321579089,0.13038599844376214,0.6814698910806233,True,0.035740347349473955,-0.012639579986678307,False,3,2,部分收敛/待确认,-0.08981697406543698,0.6952769120115084,0.025224665886604436,122.1664,0.0542997092490245,0.00347287249596695,,,,-0.00831536803202948,121.59,114.0,0.059297639608520525,0.12982456140350895,True,1,2026-09-03,创业板20%,17,19.999999999999996,RETEST_STABILIZING,True,False,3,False,127.99,2026-09-18,1.4438528816668663,1.0559776110993722,True,False,False,,0.09255310747848061,,0.9924175027688894,突破后处于一周内确认窗，守位/缩量/横住或小平台再突破条件尚未全部成立,2,2,1,1,1,1,8,True,True,True,,硬资格：最近25个交易日（含当日）至少一次按板块涨停价核验的实际涨停，且最新收盘价严格高于MA25、当日MA25严格高于前一交易日MA25；通过后再按方向/非极端波动/不过热排序,1,True,,,257,4,入选：满足一级粗筛资格条件；本阶段不设置数量下限或上限
301630,同宇新材,202.07,-0.01236559139784943,0.022776737358910726,0.0941628763266189,0.23205902079141527,,,,0.07458478572893162,-0.053713589959726527,0.1883002466815459,0.3960949974487803,1851748.2,1780130.1,1.0402319470919568,0.09912725158129043,0.08944431317620635,1.108256613095218,False,0.04505633325459324,0.028660018436269308,True,3,2,部分收敛/待确认,-0.053713589959726527,0.8053953172718018,0.03481297881928791,189.2784,0.06758087557798453,0.004308460287881566,,,,-0.02287234042553199,195.08,170.26,0.03583145376255881,0.18683190414659934,True,1,2026-08-26,创业板20%,17,19.998780562160846,READY_FOR_BREAKOUT,False,False,5,False,208.0,,,,False,False,False,,,,,紧凑缩量平台形成，尚未出现放量突破,2,2,1,1,1,1,8,True,True,True,,硬资格：最近25个交易日（含当日）至少一次按板块涨停价核验的实际涨停，且最新收盘价严格高于MA25、当日MA25严格高于前一交易日MA25；通过后再按方向/非极端波动/不过热排序,1,True,,,257,4,入选：满足一级粗筛资格条件；本阶段不设置数量下限或上限
600095,湘财股份,9.05,-0.0022050716648290836,0.08253588516746424,-0.04435058078141496,0.14847715736040623,,,,0.12848484848484854,-0.13064361191162344,0.2482014388489209,0.5176635924462013,62887851.6,75330955.2,0.8348208440080951,0.0195793632196377,0.027941973215619365,0.7007151237512809,True,0.03243243243243232,-0.027509706045479643,False,3,2,部分收敛/待确认,-0.13064361191162344,0.5072463768115943,-0.011523128174321329,8.88,0.019144144144144226,0.005343718866045011,,,,0.020293122886133164,8.25,8.25,0.09696969696969715,0.09696969696969715,True,2,2026-08-27,沪深主板10%,17,10.034602076124566,RETEST_STABILIZING,False,False,5,False,8.85,2026-09-21,1.820472415958017,0.7433272490952719,True,False,True,,0.029017857142857116,,,突破后处于一周内确认窗，守位/缩量/横住或小平台再突破条件尚未全部成立,2,2,1,1,1,1,8,True,True,True,,硬资格：最近25个交易日（含当日）至少一次按板块涨停价核验的实际涨停，且最新收盘价严格高于MA25、当日MA25严格高于前一交易日MA25；通过后再按方向/非极端波动/不过热排序,1,True,,,257,4,入选：满足一级粗筛资格条件；本阶段不设置数量下限或上限
600110,诺德股份,12.16,-0.029529130087789235,0.002473206924979321,0.059233449477351874,0.08088888888888901,,,,0.09268707482993196,-0.05369649805447463,0.19686581782566107,0.47081344975801276,207094252.0,144304075.0,1.435124073939007,0.11847210505576637,0.08796466913424365,1.3468146498108808,False,0.05133505598621868,0.027001048584411214,True,3,2,部分收敛/待确认,-0.05369649805447463,0.7958579881656805,0.04552684751300462,11.412,0.06554504030844721,0.005568870717609142,,,,-0.014586709886547755,11.76,10.21,0.03401360544217691,0.19098922624877557,True,2,2026-08-31,沪深主板10%,17,10.040983606557386,READY_FOR_BREAKOUT,False,False,3,False,12.69,,,,False,False,False,,,,,紧凑缩量平台形成，尚未出现放量突破,2,2,1,1,1,1,8,True,True,True,,硬资格：最近25个交易日（含当日）至少一次按板块涨停价核验的实际涨停，且最新收盘价严格高于MA25、当日MA25严格高于前一交易日MA25；通过后再按方向/非极端波动/不过热排序,1,True,,,257,4,入选：满足一级粗筛资格条件；本阶段不设置数量下限或上限
600121,郑州煤电,5.27,0.05189620758483038,0.09791666666666665,0.01737451737451745,0.26076555023923453,,,,0.15203426124197,-0.15680000000000005,0.32978723404255317,0.46100711473371553,156948042.0,237834871.0,0.6599034083610053,0.12634490347454472,0.20335779900865794,0.6212936218353031,True,0.014101531023368308,-0.0001947798987145255,True,3,3,收敛较充分,-0.15680000000000005,0.5983606557377047,0.04584242905338365,4.8448,0.08776420079260228,0.011356045424181671,,,,0.023300970873786353,4.67,4.67,0.12847965738758016,0.12847965738758016,True,3,2026-09-09,沪深主板10%,17,10.089686098654704,BREAKOUT_AWAIT_RETEST,False,False,3,False,5.05,2026-09-22,1.360470709230611,,False,False,True,,,,,首次放量突破，仅观察，等待缩量回踩确认,2,2,1,1,1,1,8,True,True,True,,硬资格：最近25个交易日（含当日）至少一次按板块涨停价核验的实际涨停，且最新收盘价严格高于MA25、当日MA25严格高于前一交易日MA25；通过后再按方向/非极端波动/不过热排序,1,True,,,257,4,入选：满足一级粗筛资格条件；本阶段不设置数量下限或上限
600162,香江控股,4.89,0.03382663847780121,0.08908685968819596,-0.11090909090909096,0.1319444444444442,,,,0.1298405466970388,-0.17118644067796618,0.25669642857142844,0.5058136080023775,93091310.4,162136022.8,0.5741556305154415,0.025666757597560468,0.05073589322048525,0.5058895383199283,True,0.01864700780572437,-0.01941747572815522,False,3,2,部分收敛/待确认,-0.17118644067796618,0.4793814432989688,0.010643794564430875,4.7028,0.03980607297780048,0.005043597196101812,,,,0.02947368421052632,4.39,4.39,0.11389521640091127,0.11389521640091127,True,3,2026-09-08,沪深主板10%,17,10.061601642710482,BREAKOUT_AWAIT_RETEST,False,False,5,False,4.75,2026-09-22,1.4942208258983751,,False,False,True,,,,,首次放量突破，仅观察，等待缩量回踩确认,2,2,1,1,1,1,8,True,True,True,,硬资格：最近25个交易日（含当日）至少一次按板块涨停价核验的实际涨停，且最新收盘价严格高于MA25、当日MA25严格高于前一交易日MA25；通过后再按方向/非极端波动/不过热排序,1,True,,,257,4,入选：满足一级粗筛资格条件；本阶段不设置数量下限或上限
600165,宁科生物,3.28,-0.020895522388059806,0.009230769230769154,-0.017964071856287456,0.003058103975535076,,,,0.09748427672955975,-0.08888888888888902,0.0900321543408361,1.0827717879604661,22366390.0,16331087.7,1.369559113934585,0.02954231027284393,0.019732191127543985,1.4971631929718179,False,0.008510638297872353,0.007656967840735218,True,3,1,结构未成熟,-0.08888888888888902,0.6559139784946234,0.008455034588777721,3.234,0.014223871366728424,0.007602193419740777,,,,-0.049275362318840665,3.18,3.14,0.03144654088050314,0.04458598726114649,True,1,2026-08-18,沪深主板10%,17,10.1123595505618,RETEST_STABILIZING,True,False,5,False,3.36,2026-09-17,1.4641051789843982,0.985470334150525,False,False,False,,0.09748427672955975,3.49,0.9052299901622644,突破后处于一周内确认窗，守位/缩量/横住或小平台再突破条件尚未全部成立,2,2,1,1,1,1,8,True,True,True,,硬资格：最近25个交易日（含当日）至少一次按板块涨停价核验的实际涨停，且最新收盘价严格高于MA25、当日MA25严格高于前一交易日MA25；通过后再按方向/非极端波动/不过热排序,1,True,,,257,4,入选：满足一级粗筛资格条件；本阶段不设置数量下限或上限
600172,黄河旋风,16.06,-0.02192448233861166,-0.018337408312958492,-0.026666666666666727,0.14796283059328075,,,,0.0800768737988469,-0.06844547563805103,0.2175141242937852,0.36814562759469893,186419528.2,272623130.6,0.6837993819149547,0.1515865712112419,0.20948335439203836,0.7236210803057634,True,0.006945305717475092,0.0018621973929235924,True,3,3,收敛较充分,-0.06844547563805103,0.7686274509803921,0.028564109132829474,15.2156,0.055495675490943475,0.004595272679255302,,,,-0.04744958481613293,15.61,14.3,0.028827674567584838,0.12307692307692286,True,1,2026-08-25,沪深主板10%,17,9.984276729559749,INELIGIBLE,False,False,5,False,16.8,,,,False,False,True,,,,,未形成合格的短周期缩量平台或呈N型走势,2,2,1,1,1,1,8,True,True,True,,硬资格：最近25个交易日（含当日）至少一次按板块涨停价核验的实际涨停，且最新收盘价严格高于MA25、当日MA25严格高于前一交易日MA25；通过后再按方向/非极端波动/不过热排序,1,True,,,257,4,入选：满足一级粗筛资格条件；本阶段不设置数量下限或上限
600192,长城电工,7.69,-0.014102564102564052,-0.0025940337224383825,0.07252440725244069,0.09388335704125184,,,,0.12205270457697641,-0.11405529953917048,0.22253521126760564,0.5484646851243876,22233000.2,25952215.3,0.8566898795726313,0.060110914669298555,0.05597479734549508,1.073892493049577,True,-0.02010689742937133,0.019752130131680756,False,3,2,部分收敛/待确认,-0.11405529953917048,0.5657894736842107,0.0200291815890703,7.41,0.03778677462888003,0.0035754916300991813,,,,-0.04944375772558707,7.21,7.11,0.06657420249653256,0.08157524613220812,True,1,2026-09-09,沪深主板10%,17,10.041841004184104,READY_FOR_BREAKOUT,False,False,3,False,7.83,,,,False,False,False,,,,,紧凑缩量平台形成，尚未出现放量突破,2,2,1,1,1,1,8,True,True,True,,硬资格：最近25个交易日（含当日）至少一次按板块涨停价核验的实际涨停，且最新收盘价严格高于MA25、当日MA25严格高于前一交易日MA25；通过后再按方向/非极端波动/不过热排序,1,True,,,257,4,入选：满足一级粗筛资格条件；本阶段不设置数量下限或上限
600255,鑫科材料,3.64,-0.024128686327077764,-0.013550135501354976,0.02824858757062154,0.10303030303030303,,,,0.05042016806722694,-0.11219512195121939,0.2386706948640482,0.21125412190192566,101657287.0,158912869.2,0.6397045595599882,0.0595467190726644,0.08605671224453476,0.6919474090929619,True,-0.021890016017084846,0.016879934658317053,False,3,2,部分收敛/待确认,-0.11219512195121939,0.5208333333333336,0.018324241152608556,3.5052,0.03845714937806699,0.003895062435559593,,,,-0.029333333333333322,3.57,3.52,0.019607843137255054,0.03409090909090917,True,1,2026-09-09,沪深主板10%,17,9.887005649717517,READY_FOR_BREAKOUT,False,False,5,False,3.74,,,,False,False,False,,,,,紧凑缩量平台形成，尚未出现放量突破,2,2,1,1,1,1,8,True,True,True,,硬资格：最近25个交易日（含当日）至少一次按板块涨停价核验的实际涨停，且最新收盘价严格高于MA25、当日MA25严格高于前一交易日MA25；通过后再按方向/非极端波动/不过热排序,1,True,,,257,4,入选：满足一级粗筛资格条件；本阶段不设置数量下限或上限
600318,新力金融,7.11,-0.005594405594405605,0.13036565977742454,-0.05452127659574457,0.07890743550834611,,,,0.1658615136876007,-0.12113720642768844,0.2882165605095541,0.5754753071591893,36552262.2,67537571.5,0.5412137479654566,0.07722169535813116,0.1301075920081396,0.5935218242552681,True,0.02907673860911264,-0.01186775925402661,False,3,2,部分收敛/待确认,-0.12113720642768844,0.47872340425531934,0.008725260693764447,6.933199999999999,0.025500490394046116,0.0035317276516904084,,,,0.00708215297450443,6.21,6.21,0.14492753623188404,0.14492753623188404,True,1,2026-09-01,沪深主板10%,17,9.985315712187969,INELIGIBLE,False,False,3,False,7.2,,,,False,False,True,,,,,未形成合格的短周期缩量平台或呈N型走势,2,2,1,1,1,1,8,True,True,True,,硬资格：最近25个交易日（含当日）至少一次按板块涨停价核验的实际涨停，且最新收盘价严格高于MA25、当日MA25严格高于前一交易日MA25；通过后再按方向/非极端波动/不过热排序,1,True,,,257,4,入选：满足一级粗筛资格条件；本阶段不设置数量下限或上限
600330,天通股份,29.71,0.010200612036722179,0.023424044092318352,-0.012300531914893553,0.08391098139365205,,,,0.07465277777777772,-0.041612903225806464,0.20622568093385218,0.3619955450733749,104195846.0,99278773.3,1.0495279356962,0.09013190964288227,0.07244608629670105,1.2441239306392535,False,0.011884550084889645,0.011234406230615557,True,3,2,部分收敛/待确认,-0.041612903225806464,0.770053475935829,0.03779516557216711,28.314,0.049304231122413,0.0004522776419375596,,,,-0.03975436328377502,28.8,26.3,0.031597222222222276,0.12965779467680605,True,2,2026-09-07,沪深主板10%,17,10.01523229246002,READY_FOR_BREAKOUT,False,False,4,False,30.5,,,,False,False,False,,,,,紧凑缩量平台形成，尚未出现放量突破,2,2,1,1,1,1,8,True,True,True,,硬资格：最近25个交易日（含当日）至少一次按板块涨停价核验的实际涨停，且最新收盘价严格高于MA25、当日MA25严格高于前一交易日MA25；通过后再按方向/非极端波动/不过热排序,1,True,,,257,4,入选：满足一级粗筛资格条件；本阶段不设置数量下限或上限
600359,新农开发,8.04,-0.004950495049505066,0.02030456852791862,0.010050251256281229,0.18061674008810558,,,,0.15373765867418898,-0.2415094339622642,0.5251798561151079,0.2927333500782503,73993826.4,47288342.1,1.5647371659494065,0.2457226496346833,0.13072134509136543,1.8797438892855614,False,-0.05607476635514019,0.008510128251228544,False,3,1,结构未成熟,-0.2415094339622642,0.4168564920273347,0.013360221830098107,7.6724,0.04791199624628528,0.005820660723649729,,,,0.006257822277847103,7.09,7.09,0.13399153737658653,0.13399153737658653,True,2,2026-09-09,沪深主板10%,17,10.050251256281406,INELIGIBLE,False,False,3,False,8.13,,,,False,False,True,,,,,未形成合格的短周期缩量平台或呈N型走势,2,2,1,1,1,1,8,True,True,True,,硬资格：最近25个交易日（含当日）至少一次按板块涨停价核验的实际涨停，且最新收盘价严格高于MA25、当日MA25严格高于前一交易日MA25；通过后再按方向/非极端波动/不过热排序,1,True,,,257,4,入选：满足一级粗筛资格条件；本阶段不设置数量下限或上限
600367,红星发展,38.29,0.01780967570441261,0.08041760722347635,0.07980823463056952,0.0013075313807531241,,,,0.16561059907834103,-0.12219165520403485,0.19471445929526113,0.8505305650014024,40932056.2,29977125.5,1.365443000864109,0.12136931226361158,0.09434608266363137,1.2864266203433707,False,0.04975236380009007,0.020513544018058827,True,3,2,部分收敛/待确认,-0.12219165520403485,0.5018691588785046,0.026775538661625298,37.302,0.026486515468339578,9.65188855286403e-05,,,,0.007631578947368434,34.72,32.92,0.10282258064516125,0.16312272174969622,True,1,2026-08-24,沪深主板10%,9,10.005767012687429,INELIGIBLE,False,False,0,False,,,,,False,False,False,,,,,未形成合格的短周期缩量平台或呈N型走势,2,2,1,1,1,1,8,True,True,True,,硬资格：最近25个交易日（含当日）至少一次按板块涨停价核验的实际涨停，且最新收盘价严格高于MA25、当日MA25严格高于前一交易日MA25；通过后再按方向/非极端波动/不过热排序,1,True,,,257,4,入选：满足一级粗筛资格条件；本阶段不设置数量下限或上限
600410,华胜天成,16.48,-0.04130308318789999,0.05035054174633524,0.13109128345916266,0.2335329341317367,,,,0.17286366601435096,-0.08342602892102335,0.1645021645021646,1.050829127613554,170703506.8,106271506.4,1.6062961049736282,0.15278329139573824,0.08481528952384347,1.8013649691402331,False,0.043776170536734105,0.04242906390877765,True,3,1,结构未成熟,-0.08342602892102335,0.7137404580152672,0.09950962404510122,14.678400000000002,0.12273817309788515,0.0038572014772262353,,,,-0.044083526682134444,15.33,13.86,0.07501630789302016,0.1890331890331891,True,1,2026-09-01,沪深主板10%,17,9.97109826589595,INELIGIBLE,False,False,0,False,,,,,False,False,False,,,,,未形成合格的短周期缩量平台或呈N型走势,2,2,1,1,1,1,8,True,True,True,,硬资格：最近25个交易日（含当日）至少一次按板块涨停价核验的实际涨停，且最新收盘价严格高于MA25、当日MA25严格高于前一交易日MA25；通过后再按方向/非极端波动/不过热排序,1,True,,,257,4,入选：满足一级粗筛资格条件；本阶段不设置数量下限或上限
600508,上海能源,11.0,0.0073260073260073,0.03383458646616533,-0.0426457789382072,0.011959521619135272,,,,0.07053140096618361,-0.15254237288135597,0.209433962264151,0.3367715541628586,17210383.0,45323913.7,0.3797197019197395,0.0165798442888677,0.04724947900599395,0.35090004456481777,True,0.004488498223302884,-0.013755656108597414,False,3,2,部分收敛/待确认,-0.15254237288135597,0.5499999999999999,-0.020044543429844075,10.871599999999999,0.011810589057728471,0.008384966423032658,,,,0.01663585951940849,10.35,10.35,0.06280193236714982,0.06280193236714982,True,2,2026-08-25,沪深主板10%,17,10.022271714922049,INELIGIBLE,False,False,5,False,10.95,,,,False,False,True,,,,,未形成合格的短周期缩量平台或呈N型走势,2,2,1,1,1,1,8,True,True,True,,硬资格：最近25个交易日（含当日）至少一次按板块涨停价核验的实际涨停，且最新收盘价严格高于MA25、当日MA25严格高于前一交易日MA25；通过后再按方向/非极端波动/不过热排序,1,True,,,257,4,入选：满足一级粗筛资格条件；本阶段不设置数量下限或上限
600551,时代出版,7.9,0.031331592689294974,0.07629427792915533,-0.042424242424242364,0.14492753623188404,,,,0.09065934065934067,-0.16842105263157892,0.31396957123098196,0.2887519969017767,21917390.8,54548038.1,0.4017998000188388,0.02805783350049443,0.08628720308598792,0.3251679565106997,True,0.018721583311045675,-0.01775991703396429,False,3,2,部分收敛/待确认,-0.16842105263157892,0.4160583941605841,0.01686188698674229,7.5927999999999995,0.040459382572964,0.004923500449997453,,,,0.031331592689294974,7.28,7.23,0.08516483516483508,0.09266943291839547,True,3,2026-09-01,沪深主板10%,17,10.060606060606059,BREAKOUT_AWAIT_RETEST,True,False,5,False,7.66,2026-09-22,1.7265258756330173,,False,False,False,,,,,首次放量突破，仅观察，等待缩量回踩确认,2,2,1,1,1,1,8,True,True,True,,硬资格：最近25个交易日（含当日）至少一次按板块涨停价核验的实际涨停，且最新收盘价严格高于MA25、当日MA25严格高于前一交易日MA25；通过后再按方向/非极端波动/不过热排序,1,True,,,257,4,入选：满足一级粗筛资格条件；本阶段不设置数量下限或上限
600596,新安股份,11.8,-0.019118869492934176,-0.05675459632294155,-0.023178807947019764,0.13789778206364534,,,,0.09658119658119665,-0.10470409711684359,0.24105461393596994,0.40066105769230786,68609061.6,96060987.2,0.7142239904026303,0.057169223503046686,0.06931312873669444,0.8247964641766523,True,-0.033794657225619695,0.014396822770147422,False,3,2,部分收敛/待确认,-0.10470409711684359,0.5322033898305087,0.01074992505032335,11.443999999999999,0.0311080041943379,0.0017857768129136975,,,,-0.0802805923616523,11.7,11.68,0.008547008547008739,0.010273972602739878,True,1,2026-09-08,沪深主板10%,17,10.018214936247727,READY_FOR_BREAKOUT,False,False,5,False,12.5,,,,False,False,False,,,,,紧凑缩量平台形成，尚未出现放量突破,2,2,1,1,1,1,8,True,True,True,,硬资格：最近25个交易日（含当日）至少一次按板块涨停价核验的实际涨停，且最新收盘价严格高于MA25、当日MA25严格高于前一交易日MA25；通过后再按方向/非极端波动/不过热排序,1,True,,,257,4,入选：满足一级粗筛资格条件；本阶段不设置数量下限或上限
600869,远东股份,22.03,-0.03966870095902353,0.0050182481751823715,-0.027802294792586002,0.3598765432098767,,,,0.12089481199428838,-0.17428785607196395,0.5030985915492957,0.24030043817453742,252897474.6,307291511.4,0.8229888077539652,0.10858275493504323,0.14101713133738433,0.7699969067960852,True,-0.045735691262305145,0.0071753587679384,False,3,2,部分收敛/待确认,-0.17428785607196395,0.5967042497831744,0.03373844493454081,20.3,0.08522167487684729,0.00980957876514732,,,,-0.06454352441613587,21.01,21.01,0.048548310328415,0.048548310328415,True,2,2026-09-09,沪深主板10%,17,10.017652250661957,RETEST_STABILIZING,True,False,3,False,22.59,2026-09-21,1.2598900608252872,0.7836446991081251,False,False,False,,0.047901459854014464,,,突破后处于一周内确认窗，守位/缩量/横住或小平台再突破条件尚未全部成立,2,2,1,1,1,1,8,True,True,True,,硬资格：最近25个交易日（含当日）至少一次按板块涨停价核验的实际涨停，且最新收盘价严格高于MA25、当日MA25严格高于前一交易日MA25；通过后再按方向/非极端波动/不过热排序,1,True,,,257,4,入选：满足一级粗筛资格条件；本阶段不设置数量下限或上限
600903,贵州燃气,6.89,0.014727540500736325,0.020740740740740726,-0.049655172413793136,0.10593900481540919,,,,0.12421383647798742,-0.15460122699386514,0.2538461538461539,0.4893272346102534,62077523.6,95194454.8,0.6521128119324027,0.0610049777979002,0.08371909246940862,0.7286865635839487,True,-0.014047410008779737,-0.003582175096718543,False,3,2,部分收敛/待确认,-0.15460122699386514,0.42201834862385307,0.015550151079666952,6.6548,0.03534291038047721,0.002833031946956055,,,,-0.03636363636363649,6.36,6.36,0.08333333333333326,0.08333333333333326,True,2,2026-09-08,沪深主板10%,17,10.01517450682854,INELIGIBLE,False,False,4,False,6.86,,,,False,False,True,,,,,未形成合格的短周期缩量平台或呈N型走势,2,2,1,1,1,1,8,True,True,True,,硬资格：最近25个交易日（含当日）至少一次按板块涨停价核验的实际涨停，且最新收盘价严格高于MA25、当日MA25严格高于前一交易日MA25；通过后再按方向/非极端波动/不过热排序,1,True,,,257,4,入选：满足一级粗筛资格条件；本阶段不设置数量下限或上限
600967,内蒙一机,13.46,-0.028860028860028808,0.0029806259314457684,-0.02956020187454922,0.221415607985481,,,,0.07886676875957116,-0.14212874442319945,0.2552,0.30903906253750457,69470687.8,141441777.0,0.4911610223901528,0.0429403958560334,0.08118662806143734,0.5289097094109956,True,-0.026349892008639242,7.227000072274059e-05,False,3,2,部分收敛/待确认,-0.14212874442319945,0.560157790927022,0.02396348421453043,12.686,0.06101213936623062,0.007209095528455167,,,,-0.04471256210078067,13.06,13.06,0.030627871362940207,0.030627871362940207,True,2,2026-09-02,沪深主板10%,17,10.018050541516232,READY_FOR_BREAKOUT,False,False,5,False,14.0,,,,False,False,False,,,,,紧凑缩量平台形成，尚未出现放量突破,2,2,1,1,1,1,8,True,True,True,,硬资格：最近25个交易日（含当日）至少一次按板块涨停价核验的实际涨停，且最新收盘价严格高于MA25、当日MA25严格高于前一交易日MA25；通过后再按方向/非极端波动/不过热排序,1,True,,,257,4,入选：满足一级粗筛资格条件；本阶段不设置数量下限或上限
600969,郴电国际,10.18,-0.013565891472868241,0.028282828282828243,-0.05037313432835833,0.1782407407407407,,,,0.08463949843260193,-0.12013828867761456,0.19648397104446746,0.43077049991750554,11662388.2,26930484.2,0.43305527347332284,0.0331576380264915,0.07023553498253417,0.47209205475172905,True,0.005820955439582498,-0.007876312718786638,True,3,3,收敛较充分,-0.12013828867761456,0.5656249999999999,-0.0008342739363008667,9.8724,0.03115757060086688,0.0051722733566832435,,,,-0.019267822736030893,9.57,9.57,0.06374085684430497,0.06374085684430497,True,3,2026-09-03,沪深主板10%,17,9.999999999999986,READY_FOR_BREAKOUT,False,False,5,False,10.35,,,,False,False,False,,,,,紧凑缩量平台形成，尚未出现放量突破,2,2,1,1,1,1,8,True,True,True,,硬资格：最近25个交易日（含当日）至少一次按板块涨停价核验的实际涨停，且最新收盘价严格高于MA25、当日MA25严格高于前一交易日MA25；通过后再按方向/非极端波动/不过热排序,1,True,,,257,4,入选：满足一级粗筛资格条件；本阶段不设置数量下限或上限
601011,宝泰隆,3.01,0.0,0.03082191780821919,-0.016339869281045805,0.023809523809523725,,,,0.08185053380782917,-0.08787878787878789,0.1619718309859155,0.5053380782918149,43643139.8,72707138.7,0.6002593497741371,0.0200111758711215,0.04000932098709395,0.5001628464921118,True,0.004084411164057444,0.0026899798251514007,True,3,3,收敛较充分,-0.0988023952095809,0.49999999999999967,0.006688963210702337,2.9944,0.005209724819663197,0.003350757271143312,,,,-0.0066006600660065695,2.81,2.81,0.07117437722419928,0.07117437722419928,True,1,2026-08-19,沪深主板10%,6,10.144927536231885,READY_FOR_BREAKOUT,False,False,5,False,3.03,,,,False,False,False,,,,,紧凑缩量平台形成，尚未出现放量突破,2,2,1,1,1,1,8,True,True,True,,硬资格：最近25个交易日（含当日）至少一次按板块涨停价核验的实际涨停，且最新收盘价严格高于MA25、当日MA25严格高于前一交易日MA25；通过后再按方向/非极端波动/不过热排序,1,True,,,257,4,入选：满足一级粗筛资格条件；本阶段不设置数量下限或上限
601015,陕西黑猫,3.75,0.030219780219780112,0.013513513513513375,-0.038461538461538436,0.04456824512534818,,,,0.11206896551724141,-0.1071428571428572,0.19318181818181823,0.5801217038539553,84731575.0,105913734.3,0.8000055475336025,0.042374750084105205,0.05434464228311183,0.7797410803322852,True,-0.00972447325769854,-0.004769475357710884,True,3,3,收敛较充分,-0.1071428571428572,0.4705882352941175,-0.0014645187058980325,3.73,0.00536193029490617,0.004091741143533945,,,,0.002673796791443861,3.48,3.48,0.07758620689655182,0.07758620689655182,True,1,2026-08-19,沪深主板10%,6,10.089020771513347,BREAKOUT_AWAIT_RETEST,True,False,4,False,3.68,2026-09-22,1.2949533527217636,,False,False,False,,,,,首次放量突破，仅观察，等待缩量回踩确认,2,2,1,1,1,1,8,True,True,True,,硬资格：最近25个交易日（含当日）至少一次按板块涨停价核验的实际涨停，且最新收盘价严格高于MA25、当日MA25严格高于前一交易日MA25；通过后再按方向/非极端波动/不过热排序,1,True,,,257,4,入选：满足一级粗筛资格条件；本阶段不设置数量下限或上限
601208,东材科技,52.19,-0.010616113744075895,0.05711970832489377,0.1008226112634465,0.17810383747178338,,,,0.10933439936038375,-0.0596396396396397,0.13553276861346408,0.8067008479123052,80321252.0,53263989.2,1.5079841597744992,0.08734013241005593,0.05664292843128822,1.541942389437113,False,0.0430969482915986,0.027565396456460167,True,3,2,部分收敛/待确认,-0.0596396396396397,0.7669014084507041,0.05829869208151672,48.4332,0.07756662785031754,0.0022431546535113256,,,,-0.039035168477260296,50.03,44.86,0.04317409554267426,0.16339723584485055,True,1,2026-08-27,沪深主板10%,17,9.991039426523308,READY_FOR_BREAKOUT,False,False,3,False,53.79,,,,False,False,False,,,,,紧凑缩量平台形成，尚未出现放量突破,2,2,1,1,1,1,8,True,True,True,,硬资格：最近25个交易日（含当日）至少一次按板块涨停价核验的实际涨停，且最新收盘价严格高于MA25、当日MA25严格高于前一交易日MA25；通过后再按方向/非极端波动/不过热排序,1,True,,,257,4,入选：满足一级粗筛资格条件；本阶段不设置数量下限或上限
601595,上海电影,24.64,0.022406639004149298,0.07457479284779778,0.0859409431467606,0.49969567863664044,,,,0.1434977578475336,-0.0337254901960784,0.3487064116985376,0.4115145378272819,15384412.8,25062835.4,0.6138336925757412,0.03288348356388513,0.05760627695969056,0.5708316055018628,True,0.029637950401797175,0.050233644859813076,True,3,3,收敛较充分,-0.0337254901960784,0.9130434782608696,0.1750679574610139,20.0104,0.23135969295966086,0.015983265297833116,,,,0.005303957568339346,22.3,21.19,0.104932735426009,0.16281264747522406,True,3,2026-09-08,沪深主板10%,17,10.02666666666665,RETEST_STABILIZING,True,False,4,False,23.84,2026-09-18,1.3716782150910376,0.8389102285445833,False,True,False,,0.13542600896860985,,0.9471534304369998,突破后处于一周内确认窗，守位/缩量/横住或小平台再突破条件尚未全部成立,2,2,1,1,1,1,8,True,True,True,,硬资格：最近25个交易日（含当日）至少一次按板块涨停价核验的实际涨停，且最新收盘价严格高于MA25、当日MA25严格高于前一交易日MA25；通过后再按方向/非极端波动/不过热排序,1,True,,,257,4,入选：满足一级粗筛资格条件；本阶段不设置数量下限或上限
601869,长飞光纤,456.6,-0.005207085121680222,-0.011688311688311637,0.09535804246131696,0.1574144486692015,,,,0.09086809470124016,-0.05622157916494419,0.2697463284379172,0.33686499174039247,12893650.4,13967384.5,0.923125614534346,0.032770421939585966,0.03126633150466684,1.0481057534586244,True,-0.010788921021827491,0.039662453014250865,False,3,2,部分收敛/待确认,-0.05622157916494419,0.8101354181208992,0.058751920234196175,418.60799999999995,0.09075794060314202,0.007055508724119086,,,,-0.04476987447698744,443.5,428.0,0.029537767756482536,0.06682242990654208,True,1,2026-08-27,沪深主板10%,17,9.999484562651407,READY_FOR_BREAKOUT,False,False,5,False,478.0,,,,False,False,False,,,,,紧凑缩量平台形成，尚未出现放量突破,2,2,1,1,1,1,8,True,True,True,,硬资格：最近25个交易日（含当日）至少一次按板块涨停价核验的实际涨停，且最新收盘价严格高于MA25、当日MA25严格高于前一交易日MA25；通过后再按方向/非极端波动/不过热排序,1,True,,,257,4,入选：满足一级粗筛资格条件；本阶段不设置数量下限或上限
601890,亚星锚链,9.78,-0.024925224327018936,-0.01609657947686116,0.06768558951965065,0.1254315304948217,,,,0.07135250266240681,-0.10603290676416821,0.24885844748858446,0.286719230881965,64154848.6,83472443.1,0.7685751874201464,0.07002836981446729,0.08649357271906048,0.8096366887505762,True,-0.006689641191972351,0.023042896821314773,True,3,3,收敛较充分,-0.10603290676416821,0.5606060606060603,0.036895674300254644,9.244399999999999,0.05793777854701232,0.004214825758234175,,,,-0.027833001988071704,9.39,9.1,0.04153354632587836,0.07472527472527468,True,1,2026-09-09,沪深主板10%,17,10.043668122270732,READY_FOR_BREAKOUT,False,False,5,False,10.03,,,,False,False,False,,,,,紧凑缩量平台形成，尚未出现放量突破,2,2,1,1,1,1,8,True,True,True,,硬资格：最近25个交易日（含当日）至少一次按板块涨停价核验的实际涨停，且最新收盘价严格高于MA25、当日MA25严格高于前一交易日MA25；通过后再按方向/非极端波动/不过热排序,1,True,,,257,4,入选：满足一级粗筛资格条件；本阶段不设置数量下限或上限
601949,中国出版,6.62,0.09966777408637872,0.10887772194304857,-0.06099290780141842,0.26819923371647514,,,,0.13745704467353947,-0.0993197278911564,0.4026717557251907,0.3413625185257569,86626522.2,103373044.9,0.8379991349176171,0.0478616909959281,0.05288453058140316,0.9050225173551727,True,0.0261676051672739,-0.008556488670575124,True,3,3,收敛较充分,-0.0993197278911564,0.6839826839826841,0.11457193366444995,5.7796,0.14540798671188315,0.009572386808272881,,,,0.05246422893481717,5.82,5.64,0.13745704467353947,0.17375886524822715,True,4,2026-09-22,沪深主板10%,17,10.000000000000009,INELIGIBLE,False,False,0,False,,,,,False,False,True,,,,,未形成合格的短周期缩量平台或呈N型走势,2,2,1,1,1,1,8,True,True,True,,硬资格：最近25个交易日（含当日）至少一次按板块涨停价核验的实际涨停，且最新收盘价严格高于MA25、当日MA25严格高于前一交易日MA25；通过后再按方向/非极端波动/不过热排序,1,True,,,257,4,入选：满足一级粗筛资格条件；本阶段不设置数量下限或上限
603011,合锻智能,27.06,-0.002580169553999312,-0.0007385524372229835,0.030857142857142916,0.1868421052631577,,,,0.0835518920944174,-0.06431535269709554,0.1703456892961266,0.49048433476453834,44854811.2,52567731.4,0.8532765254541688,0.09941464418308098,0.1149710237931421,0.8646930409348147,True,0.021097986776613897,0.01809800884119861,True,3,3,收敛较充分,-0.06431535269709554,0.7452054794520544,0.029954706352528948,25.6452,0.05516821861400967,0.002533189473190367,,,,-0.05052631578947375,26.69,24.42,0.01386286998875974,0.10810810810810789,True,2,2026-08-28,沪深主板10%,17,10.021881838074398,READY_FOR_BREAKOUT,False,False,5,False,28.5,,,,False,False,False,,,,,紧凑缩量平台形成，尚未出现放量突破,2,2,1,1,1,1,8,True,True,True,,硬资格：最近25个交易日（含当日）至少一次按板块涨停价核验的实际涨停，且最新收盘价严格高于MA25、当日MA25严格高于前一交易日MA25；通过后再按方向/非极端波动/不过热排序,1,True,,,257,4,入选：满足一级粗筛资格条件；本阶段不设置数量下限或上限
603082,北自科技股份,51.6,0.04601662274478002,0.07142857142857162,0.06810184226868143,0.1889400921658988,,,,0.13261943986820424,-0.06181818181818177,0.20609756097560983,0.6434789390054878,14303822.6,7405889.0,1.9314119614809242,0.3869524215772573,0.17496915620840275,2.211546480320022,False,0.06405575838035205,0.027991809334825035,True,3,2,部分收敛/待确认,-0.06181818181818177,0.7938144329896908,0.10554055791232808,45.55160000000001,0.13278128539941503,0.007065794128051195,,,,-0.026047565118912708,48.56,41.0,0.06260296540362442,0.25853658536585367,True,1,2026-08-28,沪深主板10%,17,10.012330456226891,INELIGIBLE,False,False,0,False,,,,,False,False,False,,,,,未形成合格的短周期缩量平台或呈N型走势,2,2,1,1,1,1,8,True,True,True,,硬资格：最近25个交易日（含当日）至少一次按板块涨停价核验的实际涨停，且最新收盘价严格高于MA25、当日MA25严格高于前一交易日MA25；通过后再按方向/非极端波动/不过热排序,1,True,,,257,4,入选：满足一级粗筛资格条件；本阶段不设置数量下限或上限
603083,剑桥科技,219.0,-0.01934443847393874,0.01201478743068396,-0.014844804318488558,0.2628301233998387,,,,0.09079093947270703,-0.07932904527683193,0.3273995535714287,0.2773092952703101,23169887.2,26274340.3,0.8818446794647019,0.09179531314987656,0.09779804059037307,0.9386211890927455,True,0.009579100145137964,0.024195663275869084,True,3,3,收敛较充分,-0.07932904527683193,0.7409390444810543,0.052110707028003356,201.5468,0.08659626449043101,0.006598556827898117,,,,-0.05603448275862066,215.44,207.18,0.016524322317118534,0.057051838980596514,True,2,2026-09-07,沪深主板10%,17,10.001592610288256,READY_FOR_BREAKOUT,False,False,5,False,232.0,,,,False,False,False,,,,,紧凑缩量平台形成，尚未出现放量突破,2,2,1,1,1,1,8,True,True,True,,硬资格：最近25个交易日（含当日）至少一次按板块涨停价核验的实际涨停，且最新收盘价严格高于MA25、当日MA25严格高于前一交易日MA25；通过后再按方向/非极端波动/不过热排序,1,True,,,257,4,入选：满足一级粗筛资格条件；本阶段不设置数量下限或上限
603105,芯能科技,8.53,0.04278728606356963,0.057001239157372874,0.09358974358974348,0.11942257217847763,,,,0.12239583333333327,-0.07483731019522788,0.216358839050132,0.5657075711382109,28523694.0,29409179.3,0.969890853091572,0.057880363888388166,0.055298558402240745,1.0466884772540979,True,-0.005105762217359366,0.017239240977303893,True,3,3,收敛较充分,-0.07483731019522788,0.7088607594936704,0.0632595824244313,7.8684,0.08408316811549987,0.007322818517001117,,,,0.00589622641509413,7.68,7.58,0.11067708333333326,0.1253298153034299,True,1,2026-08-24,沪深主板10%,17,9.943181818181813,INELIGIBLE,False,False,3,False,8.48,,,,False,False,True,,,,,未形成合格的短周期缩量平台或呈N型走势,2,2,1,1,1,1,8,True,True,True,,硬资格：最近25个交易日（含当日）至少一次按板块涨停价核验的实际涨停，且最新收盘价严格高于MA25、当日MA25严格高于前一交易日MA25；通过后再按方向/非极端波动/不过热排序,1,True,,,257,4,入选：满足一级粗筛资格条件；本阶段不设置数量下限或上限
603138,海量数据,15.41,-0.02096569250317659,0.037710437710437805,0.07311977715877438,0.20390624999999996,,,,0.16262482168330963,-0.05460122699386505,0.22598001537279014,0.7196424932312444,28425989.6,25329020.8,1.1222695825651499,0.0902119693043657,0.08970763334921139,1.0056219959921475,False,0.04266518908436079,0.0157328181065417,True,3,2,部分收敛/待确认,-0.05460122699386505,0.7741116751269035,0.08524948061551485,13.915999999999999,0.10735843633227948,0.005520390762738581,,,,-0.010276172125883165,14.02,13.58,0.09914407988587737,0.13475699558173782,True,1,2026-09-03,沪深主板10%,17,10.01517450682854,INELIGIBLE,False,False,0,False,,,,,False,False,False,,,,,未形成合格的短周期缩量平台或呈N型走势,2,2,1,1,1,1,8,True,True,True,,硬资格：最近25个交易日（含当日）至少一次按板块涨停价核验的实际涨停，且最新收盘价严格高于MA25、当日MA25严格高于前一交易日MA25；通过后再按方向/非极端波动/不过热排序,1,True,,,257,4,入选：满足一级粗筛资格条件；本阶段不设置数量下限或上限
603150,万朗磁塑,73.46,0.043910757425039026,0.06742226097064807,0.05108026899413365,0.41459657230887714,,,,0.13939393939393943,-0.023138297872340563,0.3798113207547169,0.36700838489214066,2551839.2,4032308.0,0.6328482844068459,0.0286317981353017,0.04774176022003071,0.5997222976979562,True,0.017541811389042872,0.009997968482456265,True,3,3,收敛较充分,-0.023138297872340563,0.9312796208530802,0.14172035156158924,61.95879999999999,0.18562657766128465,0.012458249178056047,,,,0.03845066440486278,66.0,65.56,0.11303030303030304,0.1205003050640634,True,1,2026-09-03,沪深主板10%,17,9.999999999999986,BREAKOUT_AWAIT_RETEST,True,False,5,False,70.74,2026-09-22,1.3401707858885674,,False,False,False,,,,,首次放量突破，仅观察，等待缩量回踩确认,2,2,1,1,1,1,8,True,True,True,,硬资格：最近25个交易日（含当日）至少一次按板块涨停价核验的实际涨停，且最新收盘价严格高于MA25、当日MA25严格高于前一交易日MA25；通过后再按方向/非极端波动/不过热排序,1,True,,,257,4,入选：满足一级粗筛资格条件；本阶段不设置数量下限或上限
603151,邦基科技股份,18.1,-0.013623978201634857,0.04142692750287691,-0.06459948320413433,0.18688524590163946,,,,0.1415497254423429,-0.11274509803921551,0.25230202578268873,0.5610328533955635,4045551.8,6055384.4,0.6680916574016341,0.01885778874346247,0.03750339693612121,0.5028288177623634,True,0.008617677885175201,-0.01526972804279969,False,3,2,部分收敛/待确认,-0.11274509803921551,0.5964912280701758,0.04250662366086844,16.986,0.06558342164135178,0.006828366171135913,,,,-0.013623978201634857,16.39,16.39,0.10433190970103734,0.10433190970103734,True,1,2026-09-04,沪深主板10%,17,10.012135922330078,RETEST_STABILIZING,False,False,3,False,16.96,2026-09-21,1.3170514762247383,1.477102756394992,True,False,True,,0.07405281285878296,,,突破后处于一周内确认窗，守位/缩量/横住或小平台再突破条件尚未全部成立,2,2,1,1,1,1,8,True,True,True,,硬资格：最近25个交易日（含当日）至少一次按板块涨停价核验的实际涨停，且最新收盘价严格高于MA25、当日MA25严格高于前一交易日MA25；通过后再按方向/非极端波动/不过热排序,1,True,,,257,4,入选：满足一级粗筛资格条件；本阶段不设置数量下限或上限
603162,海通发展,14.15,-0.018043025676613422,0.04814814814814827,0.008553100498930988,0.18311036789297663,,,,0.12732919254658376,-0.1661756040070712,0.45665236051502134,0.278831784430019,60001743.0,88383865.0,0.6788766592182861,0.16572088148512684,0.2069980803541217,0.8005913929328236,True,0.01539355213476612,-0.0012621835775892265,True,3,3,收敛较充分,-0.1661756040070712,0.4699248120300753,0.040211718003381636,13.291599999999999,0.06458214210478808,0.005994368926160121,,,,-0.01667824878387769,12.88,12.88,0.09860248447204967,0.09860248447204967,True,3,2026-09-09,沪深主板10%,17,10.000000000000009,INELIGIBLE,False,False,3,False,14.32,,,,False,False,True,,,,,未形成合格的短周期缩量平台或呈N型走势,2,2,1,1,1,1,8,True,True,True,,硬资格：最近25个交易日（含当日）至少一次按板块涨停价核验的实际涨停，且最新收盘价严格高于MA25、当日MA25严格高于前一交易日MA25；通过后再按方向/非极端波动/不过热排序,1,True,,,257,4,入选：满足一级粗筛资格条件；本阶段不设置数量下限或上限
603216,梦天家居,22.75,0.10009671179883939,0.03503184713375784,0.045496323529411686,0.08747609942638612,,,,0.14840989399293295,-0.09072741806554752,0.1954132823698041,0.759466768037185,7115801.6,12628706.8,0.5634624124775784,0.029838343287379998,0.0572539308327399,0.5211579860699684,True,-0.03819380838981512,-0.010985547701589438,False,3,2,部分收敛/待确认,-0.09072741806554752,0.5733082706766919,0.035502958579881616,21.7144,0.04769185425339861,0.0024374930753037205,,,,0.04166666666666674,19.81,19.81,0.14840989399293303,0.14840989399293303,True,3,2026-09-22,沪深主板10%,17,10.009671179883938,BREAKOUT_AWAIT_RETEST,False,False,3,False,21.25,2026-09-22,1.416641603770257,,False,False,True,,,,,首次放量突破，仅观察，等待缩量回踩确认,2,2,1,1,1,1,8,True,True,True,,硬资格：最近25个交易日（含当日）至少一次按板块涨停价核验的实际涨停，且最新收盘价严格高于MA25、当日MA25严格高于前一交易日MA25；通过后再按方向/非极端波动/不过热排序,1,True,,,257,4,入选：满足一级粗筛资格条件；本阶段不设置数量下限或上限
603228,景旺电子,106.12,-0.03667392883079146,0.014822606866214061,-0.007946153127044941,0.16576952652971544,,,,0.09558466763706946,-0.06584507042253518,0.3271028037383178,0.2922159839190409,32347834.6,43154869.6,0.7495755380523731,0.02940413598983957,0.04414243260297766,0.6661195193818134,True,-0.007100149476831019,0.010760469137658824,True,3,3,收敛较充分,-0.06584507042253518,0.7384615384615387,0.046228470585915726,99.33840000000001,0.06826765883082464,0.0033208900955059573,,,,-0.060053144375553646,103.05,103.05,0.029791363415817562,0.029791363415817562,True,1,2026-09-07,沪深主板10%,17,9.99584803819804,RETEST_STABILIZING,True,False,3,False,108.0,2026-09-21,1.2704632066641235,1.0475388380384958,False,False,False,,0.06939163498098856,,,突破后处于一周内确认窗，守位/缩量/横住或小平台再突破条件尚未全部成立,2,2,1,1,1,1,8,True,True,True,,硬资格：最近25个交易日（含当日）至少一次按板块涨停价核验的实际涨停，且最新收盘价严格高于MA25、当日MA25严格高于前一交易日MA25；通过后再按方向/非极端波动/不过热排序,1,True,,,257,4,入选：满足一级粗筛资格条件；本阶段不设置数量下限或上限
603297,永新光学,115.38,0.003129890453834161,0.0904451375106321,0.09137343927355279,0.09749833539427377,,,,0.11331632170872313,-0.03785857238158774,0.18502512562814066,0.6124374801747938,1166683.6,1265653.6,0.9218032485349862,0.010765763772425933,0.011887317787284427,0.9056512129205301,True,0.05407523510971757,0.020437039674656488,True,3,3,收敛较充分,-0.03785857238158774,0.7776689520078351,0.056975737560747586,108.3908,0.06448148735870562,0.0023599998520376086,,,,0.007685589519650593,105.81,99.5,0.0904451375106321,0.1595979899497486,True,1,2026-08-31,沪深主板10%,17,9.997151808601545,RETEST_STABILIZING,True,False,3,False,112.8,2026-09-18,1.4445162390591186,0.8275914664327926,True,True,False,,0.052631578947368425,,0.9074761245201031,突破后处于一周内确认窗，守位/缩量/横住或小平台再突破条件尚未全部成立,2,2,1,1,1,1,8,True,True,True,,硬资格：最近25个交易日（含当日）至少一次按板块涨停价核验的实际涨停，且最新收盘价严格高于MA25、当日MA25严格高于前一交易日MA25；通过后再按方向/非极端波动/不过热排序,1,True,,,257,4,入选：满足一级粗筛资格条件；本阶段不设置数量下限或上限
603396,金辰股份,29.45,-0.015050167224080258,0.1249045072574484,0.010638297872340274,0.13926499032882012,,,,0.1747685185185184,-0.08597144630664177,0.16730769230769235,1.0445934440187303,6145917.8,4866557.2,1.2628882282530245,0.036628297431839936,0.03599231771186937,1.0176698740287247,False,0.05895589558955905,0.0018448182311447958,True,3,1,结构未成熟,-0.08597144630664177,0.6120448179271709,0.02704493539556041,28.058000000000003,0.04961151899636462,0.004223335719398813,,,,0.033333333333333215,25.92,25.92,0.13618827160493807,0.13618827160493807,True,2,2026-08-28,沪深主板10%,17,10.01934235976789,RETEST_STABILIZING,True,False,5,False,27.65,2026-09-18,1.8698063103290556,1.1235124474867464,True,False,False,,0.0953237410071942,,0.6065733585743606,突破后处于一周内确认窗，守位/缩量/横住或小平台再突破条件尚未全部成立,2,2,1,1,1,1,8,True,True,True,,硬资格：最近25个交易日（含当日）至少一次按板块涨停价核验的实际涨停，且最新收盘价严格高于MA25、当日MA25严格高于前一交易日MA25；通过后再按方向/非极端波动/不过热排序,1,True,,,257,4,入选：满足一级粗筛资格条件；本阶段不设置数量下限或上限
603421,鼎信通讯,6.81,-0.031294452347084056,-0.10158311345646442,0.12935323383084563,0.13879598662207338,,,,0.14199395770392742,-0.1508728179551122,0.37800687285223356,0.3756385608349354,48061263.2,40065920.2,1.1995547078437,0.09071317250939474,0.05281484708861563,1.7175695379216236,False,-0.06231612730676639,0.0429749674432065,False,3,1,结构未成熟,-0.1508728179551122,0.4937238493723849,0.0344827586206895,6.4364,0.05804486980299539,0.005059337913803974,,,,-0.09920634920634919,6.62,6.34,0.028700906344410804,0.07413249211356465,True,1,2026-09-09,沪深主板10%,17,9.950248756218905,READY_FOR_BREAKOUT,False,False,3,False,7.05,,,,False,False,False,,,,,紧凑缩量平台形成，尚未出现放量突破,2,2,1,1,1,1,8,True,True,True,,硬资格：最近25个交易日（含当日）至少一次按板块涨停价核验的实际涨停，且最新收盘价严格高于MA25、当日MA25严格高于前一交易日MA25；通过后再按方向/非极端波动/不过热排序,1,True,,,257,4,入选：满足一级粗筛资格条件；本阶段不设置数量下限或上限
603466,风语筑,13.14,0.018604651162790642,0.06569343065693434,0.04120443740095103,0.17953321364452424,,,,0.10222588623248131,-0.0331125827814569,0.163527397260274,0.6251300268038648,66606125.4,90200795.3,0.7384206001562826,0.11075608328459151,0.15164168581890994,0.7303801898961747,True,0.0010908524232509098,0.011318663922748273,True,3,3,收敛较充分,-0.0331125827814569,0.8409893992932864,0.0679019870778983,12.103600000000002,0.08562741663637263,0.002916708097179699,,,,0.0007616146230007281,12.13,11.68,0.08326463314097277,0.125,True,1,2026-09-11,沪深主板10%,25,10.033167495854055,READY_FOR_BREAKOUT,False,False,4,False,13.19,,,,False,False,False,,,,,紧凑缩量平台形成，尚未出现放量突破,2,2,1,1,1,1,8,True,True,True,,硬资格：最近25个交易日（含当日）至少一次按板块涨停价核验的实际涨停，且最新收盘价严格高于MA25、当日MA25严格高于前一交易日MA25；通过后再按方向/非极端波动/不过热排序,1,True,,,257,4,入选：满足一级粗筛资格条件；本阶段不设置数量下限或上限
603559,中通国脉,9.75,0.029567053854276493,0.08333333333333326,-0.09722222222222232,0.07853982300884965,,,,0.1477272727272726,-0.15803108808290156,0.26339285714285704,0.5608628659476115,13011370.6,24097877.2,0.5399384556578286,0.02978013930206877,0.06467610813456176,0.460450391357961,True,0.025483304042179356,-0.036832412523020164,False,3,2,部分收敛/待确认,-0.15803108808290156,0.4369230769230769,-0.006318793314309179,9.650799999999998,0.01027894060596024,0.0009126737191451628,,,,0.037234042553191404,8.8,8.8,0.10795454545454541,0.10795454545454541,True,2,2026-08-31,沪深主板10%,17,10.020876826722326,RETEST_STABILIZING,False,False,4,False,9.24,2026-09-18,1.22601131743812,1.0314046117240108,True,True,True,,0.09663409337676425,,1.799309915177074,突破后处于一周内确认窗，守位/缩量/横住或小平台再突破条件尚未全部成立,2,2,1,1,1,1,8,True,True,True,,硬资格：最近25个交易日（含当日）至少一次按板块涨停价核验的实际涨停，且最新收盘价严格高于MA25、当日MA25严格高于前一交易日MA25；通过后再按方向/非极端波动/不过热排序,1,True,,,257,4,入选：满足一级粗筛资格条件；本阶段不设置数量下限或上限
603618,杭电股份,38.79,-0.04646017699115046,-0.054824561403508776,-0.03290949887808525,0.33666436940041344,,,,0.11128691983122359,-0.11840909090909091,0.3333333333333333,0.3338607594936708,90881076.8,126015507.9,0.7211896243128977,0.13889442310521594,0.18477879773982525,0.7516794394386306,True,-0.018998614684345938,0.014752982119889957,False,3,2,部分收敛/待确认,-0.11840909090909091,0.7076318742985409,0.01523241206030157,36.152,0.07296968355830935,0.010385574224994754,,,,-0.07949691504508782,37.92,36.64,0.022943037974683556,0.05867903930130991,True,3,2026-09-02,沪深主板10%,17,9.993734335839587,READY_FOR_BREAKOUT,False,False,4,False,41.5,,,,False,False,False,,,,,紧凑缩量平台形成，尚未出现放量突破,2,2,1,1,1,1,8,True,True,True,,硬资格：最近25个交易日（含当日）至少一次按板块涨停价核验的实际涨停，且最新收盘价严格高于MA25、当日MA25严格高于前一交易日MA25；通过后再按方向/非极端波动/不过热排序,1,True,,,257,4,入选：满足一级粗筛资格条件；本阶段不设置数量下限或上限
603637,镇海股份,14.55,-0.03642384105960261,0.0,-0.022177419354838745,0.03706343549536717,,,,0.11240029006526474,-0.09627329192546585,0.1286764705882353,0.8735108256500573,9578339.8,8382208.4,1.1426988381725274,0.0434966372141071,0.038668476153103655,1.124860391236698,False,0.03243926414829357,-0.0006894649751792992,True,3,2,部分收敛/待确认,-0.09627329192546585,0.5799457994579945,-0.01268914975910973,14.456,0.006502490315440035,0.0019128940145822781,,,,-0.0490196078431373,13.79,13.6,0.055112400290065366,0.06985294117647056,True,2,2026-08-25,沪深主板10%,17,10.039215686274506,READY_FOR_BREAKOUT,False,False,3,False,15.3,,,,False,False,False,,,,,紧凑缩量平台形成，尚未出现放量突破,2,2,1,1,1,1,8,True,True,True,,硬资格：最近25个交易日（含当日）至少一次按板块涨停价核验的实际涨停，且最新收盘价严格高于MA25、当日MA25严格高于前一交易日MA25；通过后再按方向/非极端波动/不过热排序,1,True,,,257,4,入选：满足一级粗筛资格条件；本阶段不设置数量下限或上限
603668,天马科技,12.63,-0.0015810276679841806,0.036095159967186374,-0.032924961715160794,0.2642642642642643,,,,0.08894430590191192,-0.07675438596491224,0.27255813953488367,0.3263314977629875,9354707.8,17041573.9,0.5489344971827984,0.016554437392713933,0.03481259894296382,0.47553006369436396,True,0.027084009082062988,0.0011160714285713969,True,3,3,收敛较充分,-0.07675438596491224,0.7265625000000002,0.056859545625706165,11.5792,0.09074892911427401,0.006676867436361089,,,,-0.024710424710424617,12.03,11.71,0.04987531172069848,0.0785653287788215,True,1,2026-09-07,沪深主板10%,17,9.974853310980713,READY_FOR_BREAKOUT,False,False,5,False,12.95,,,,False,False,False,,,,,紧凑缩量平台形成，尚未出现放量突破,2,2,1,1,1,1,8,True,True,True,,硬资格：最近25个交易日（含当日）至少一次按板块涨停价核验的实际涨停，且最新收盘价严格高于MA25、当日MA25严格高于前一交易日MA25；通过后再按方向/非极端波动/不过热排序,1,True,,,257,4,入选：满足一级粗筛资格条件；本阶段不设置数量下限或上限
603716,塞力医疗,17.57,0.03964497041420123,0.11202531645569613,-0.004532577903682666,0.09130434782608687,,,,0.15320512820512813,-0.023346303501945442,0.1322784810126582,1.1582014476751314,12828840.8,9645038.9,1.3300973622822818,0.039358781878757264,0.04475997648422716,0.8793298158372982,True,0.026966571393065797,-0.011708482676224485,False,3,1,结构未成熟,-0.023346303501945442,0.8727272727272732,0.046362743054521705,16.6348,0.05621949166806939,0.002120533024892124,,,,0.05525525525525543,15.6,15.6,0.12628205128205128,0.12628205128205128,True,1,2026-08-20,沪深主板10%,9,9.980928162746338,RETEST_STABILIZING,False,False,5,False,16.65,2026-09-21,1.7542621887259835,1.7398261710335636,True,False,True,,0.07789095266626705,,,突破后处于一周内确认窗，守位/缩量/横住或小平台再突破条件尚未全部成立,2,2,1,1,1,1,8,True,True,True,,硬资格：最近25个交易日（含当日）至少一次按板块涨停价核验的实际涨停，且最新收盘价严格高于MA25、当日MA25严格高于前一交易日MA25；通过后再按方向/非极端波动/不过热排序,1,True,,,257,4,入选：满足一级粗筛资格条件；本阶段不设置数量下限或上限
603721,中广天择,18.96,0.026529507309150047,0.037199124726476906,-0.0683046683046683,0.053918843802112315,,,,0.10046189376443408,-0.17957594115101683,0.2968574635241301,0.33841794837092926,8355212.0,16133131.8,0.5178915106861025,0.0642433256410256,0.13254411794871793,0.4846939014365142,True,0.009372275501307925,-0.033577405857740605,False,3,2,部分收敛/待确认,-0.17957594115101683,0.3207855973813422,-0.0071479066844708505,18.79,0.009047365620010739,0.0013429399727147295,,,,0.019354838709677358,17.32,17.32,0.09468822170900704,0.09468822170900704,True,2,2026-09-01,沪深主板10%,17,10.02304147465438,INELIGIBLE,False,False,0,False,,,,,False,False,False,,,,,未形成合格的短周期缩量平台或呈N型走势,2,2,1,1,1,1,8,True,True,True,,硬资格：最近25个交易日（含当日）至少一次按板块涨停价核验的实际涨停，且最新收盘价严格高于MA25、当日MA25严格高于前一交易日MA25；通过后再按方向/非极端波动/不过热排序,1,True,,,257,4,入选：满足一级粗筛资格条件；本阶段不设置数量下限或上限
603989,艾华集团,34.15,0.008266902863891312,-0.05948774442302407,-0.00408282298046081,0.2458956585187888,,,,0.1092386397833284,-0.10131578947368425,0.3194444444444444,0.34196443758259326,32230420.8,41854645.3,0.7700560014063721,0.0839530553691118,0.10447926332087079,0.80353797204025,True,-0.006632361349342419,0.012364988490821904,True,3,3,收敛较充分,-0.10131578947368425,0.6797004991680531,0.05362211526595084,31.5104,0.08376916827460135,0.0040403267948865285,,,,-0.07352143244709719,33.23,30.09,0.0276858260607884,0.1349285476902624,True,2,2026-09-03,沪深主板10%,17,9.999999999999986,READY_FOR_BREAKOUT,False,False,3,False,35.48,,,,False,False,False,,,,,紧凑缩量平台形成，尚未出现放量突破,2,2,1,1,1,1,8,True,True,True,,硬资格：最近25个交易日（含当日）至少一次按板块涨停价核验的实际涨停，且最新收盘价严格高于MA25、当日MA25严格高于前一交易日MA25；通过后再按方向/非极端波动/不过热排序,1,True,,,257,4,入选：满足一级粗筛资格条件；本阶段不设置数量下限或上限
605006,山东玻纤,17.46,0.021052631578947434,0.027663331371394984,0.13156189241736893,0.2735229759299782,,,,0.13105590062111797,-0.10369609856262829,0.37667844522968197,0.3479251395476209,65935041.2,79521689.9,0.8291453725758914,0.1099778451482404,0.12519894434867015,0.8784247001473106,True,-0.02460875481968705,0.034752492983818106,False,3,2,部分收敛/待确认,-0.10369609856262829,0.6838810641627544,0.07947695446536218,15.732000000000001,0.10983981693363831,0.00534239922292401,,,,-0.041186161449752845,16.1,15.33,0.08447204968944089,0.13894324853228968,True,2,2026-09-02,沪深主板10%,17,9.993108201240531,READY_FOR_BREAKOUT,False,False,3,False,17.98,,,,False,False,False,,,,,紧凑缩量平台形成，尚未出现放量突破,2,2,1,1,1,1,8,True,True,True,,硬资格：最近25个交易日（含当日）至少一次按板块涨停价核验的实际涨停，且最新收盘价严格高于MA25、当日MA25严格高于前一交易日MA25；通过后再按方向/非极端波动/不过热排序,1,True,,,257,4,入选：满足一级粗筛资格条件；本阶段不设置数量下限或上限
605077,华康股份,11.77,-0.004230118443316444,0.03336259877085146,-0.06065442936951315,0.07390510948905105,,,,0.08524289642529786,-0.18827586206896552,0.32783882783882784,0.26001464496208176,12299237.6,19152675.5,0.6421681190181497,0.04401061852437126,0.06106817173947595,0.7206801394370503,True,-0.01921115266916007,-0.001326919887211675,False,3,2,部分收敛/待确认,-0.18827586206896552,0.29999999999999993,0.008785086779515616,11.5112,0.022482451872958498,0.0019497249495159519,,,,-0.005912162162162171,10.91,10.91,0.07882676443629699,0.07882676443629699,True,2,2026-09-09,沪深主板10%,17,10.008779631255482,READY_FOR_BREAKOUT,False,False,5,False,11.81,,,,False,False,False,,,,,紧凑缩量平台形成，尚未出现放量突破,2,2,1,1,1,1,8,True,True,True,,硬资格：最近25个交易日（含当日）至少一次按板块涨停价核验的实际涨停，且最新收盘价严格高于MA25、当日MA25严格高于前一交易日MA25；通过后再按方向/非极端波动/不过热排序,1,True,,,257,4,入选：满足一级粗筛资格条件；本阶段不设置数量下限或上限
605118,力鼎光电,34.14,0.02215568862275452,0.044995408631772316,-0.005534517914360548,0.189961659114674,,,,0.0596599690880989,-0.060797799174690526,0.1945448570489649,0.30666433434980556,4342862.6,8246642.4,0.5266219134226069,0.008167007240714267,0.02069341908760934,0.39466688448814385,True,0.004754167418908217,-0.00856200017837494,True,3,3,收敛较充分,-0.060797799174690526,0.7406103286384976,0.036492804663306844,32.122,0.06282298736068737,0.004729315500394016,,,,-0.0005854800936766491,32.35,31.55,0.055332302936630606,0.08209191759112522,True,2,2026-09-02,沪深主板10%,17,9.996806132226133,READY_FOR_BREAKOUT,False,False,5,False,34.16,,,,False,False,False,,,,,紧凑缩量平台形成，尚未出现放量突破,2,2,1,1,1,1,8,True,True,True,,硬资格：最近25个交易日（含当日）至少一次按板块涨停价核验的实际涨停，且最新收盘价严格高于MA25、当日MA25严格高于前一交易日MA25；通过后再按方向/非极端波动/不过热排序,1,True,,,257,4,入选：满足一级粗筛资格条件；本阶段不设置数量下限或上限
605168,三人行,56.18,0.05920060331825039,0.10351600864270294,0.018676337262012677,0.1986345210155751,,,,0.14668008048289735,-0.014213019828040019,0.3108428030303029,0.4718786442953226,7900471.2,9551991.0,0.8271020355860889,0.03481381081250567,0.047026644373767,0.7402997019265518,True,0.06337547662050969,0.013989927252378243,True,3,3,收敛较充分,-0.014213019828040019,0.9450847457627117,0.12623539081450597,49.2632,0.14040500820084767,0.007270853609663952,,,,0.0502897737894934,49.7,42.24,0.13038229376257537,0.3300189393939392,True,1,2026-09-07,沪深主板10%,17,9.99580888516347,INELIGIBLE,False,False,0,False,,,,,False,False,False,,,,,未形成合格的短周期缩量平台或呈N型走势,2,2,1,1,1,1,8,True,True,True,,硬资格：最近25个交易日（含当日）至少一次按板块涨停价核验的实际涨停，且最新收盘价严格高于MA25、当日MA25严格高于前一交易日MA25；通过后再按方向/非极端波动/不过热排序,1,True,,,257,4,入选：满足一级粗筛资格条件；本阶段不设置数量下限或上限
605177,东亚药业,24.7,-0.0012131014961586084,-0.008032128514056214,0.11967361740707161,0.21197252208047113,,,,0.154648132059079,-0.07072987208427384,0.33469596320899336,0.46205556402995057,10134703.8,12223352.9,0.8291263357045022,0.0928527137912067,0.1075503630311672,0.8633417049861445,True,0.005242358254697876,0.042621837323824074,True,3,3,收敛较充分,-0.07072987208427384,0.7641154328732749,0.06921778277996626,22.5556,0.0950717338488003,0.010211576703272884,,,,-0.06580937972768541,23.02,21.55,0.07298001737619453,0.14617169373549888,True,1,2026-09-08,沪深主板10%,17,10.024937655860345,INELIGIBLE,False,False,0,False,,,,,False,False,False,,,,,未形成合格的短周期缩量平台或呈N型走势,2,2,1,1,1,1,8,True,True,True,,硬资格：最近25个交易日（含当日）至少一次按板块涨停价核验的实际涨停，且最新收盘价严格高于MA25、当日MA25严格高于前一交易日MA25；通过后再按方向/非极端波动/不过热排序,1,True,,,257,4,入选：满足一级粗筛资格条件；本阶段不设置数量下限或上限
605580,恒盛能源,22.65,-0.019055868341273374,-0.016500217108119997,-0.09580838323353302,0.2979942693409743,,,,0.09414414414414414,-0.13878326996197732,0.49772209567198195,0.18915001958480213,17249484.6,21295208.2,0.8100171849928193,0.0669827833333333,0.0782577706349206,0.8559250128120041,True,0.003144379421783583,-0.014993341066288579,False,3,2,部分收敛/待确认,-0.13878326996197732,0.6108742004264389,0.05432202206395753,20.7132,0.09350559063785413,0.007588582102621144,,,,-0.06751749691230957,22.2,20.77,0.020270270270270174,0.09051516610495902,True,2,2026-09-04,沪深主板10%,17,10.016155088852985,INELIGIBLE,False,False,5,False,23.72,,,,False,False,True,,,,,未形成合格的短周期缩量平台或呈N型走势,2,2,1,1,1,1,8,True,True,True,,硬资格：最近25个交易日（含当日）至少一次按板块涨停价核验的实际涨停，且最新收盘价严格高于MA25、当日MA25严格高于前一交易日MA25；通过后再按方向/非极端波动/不过热排序,1,True,,,257,4,入选：满足一级粗筛资格条件；本阶段不设置数量下限或上限
688152,麒麟信安,37.32,0.005929919137466211,0.06233988044406491,0.007287449392712642,0.18476190476190468,,,,0.13818944844124698,-0.08708414872798442,0.1661807580174928,0.8315610669359244,4241273.6,5487965.8,0.7728316382729644,0.04309981933973573,0.051601756585528756,0.8352393831457801,True,0.014250309789343163,0.0017905603894468047,True,3,3,收敛较充分,-0.08708414872798442,0.719021310181531,0.038946577211102174,35.532399999999996,0.0503090137452018,0.002641172951679982,,,,0.0010729613733906351,33.36,33.36,0.11870503597122295,0.11870503597122295,True,1,2026-08-28,科创板20%,17,19.999999999999996,READY_FOR_BREAKOUT,False,False,3,False,37.28,,,,False,False,False,,,,,紧凑缩量平台形成，尚未出现放量突破,2,2,1,1,1,1,8,True,True,True,,硬资格：最近25个交易日（含当日）至少一次按板块涨停价核验的实际涨停，且最新收盘价严格高于MA25、当日MA25严格高于前一交易日MA25；通过后再按方向/非极端波动/不过热排序,1,True,,,257,4,入选：满足一级粗筛资格条件；本阶段不设置数量下限或上限
688209,英集芯科技,36.07,-0.017166212534060032,0.01377178189994388,0.08350856112946836,0.6023989338071967,,,,0.11609195402298869,-0.07131822863027815,0.23385452073419427,0.4964280940924898,23878281.2,29203911.5,0.8176398288290936,0.062067619580297904,0.06823383473722681,0.909631120972822,True,0.043351138599943884,0.025140875596012302,True,3,3,收敛较充分,-0.07131822863027815,0.8451648965902737,0.10127316581687174,30.634399999999996,0.17743451805813093,0.017253974789804172,,,,-0.05797858448681115,34.8,31.16,0.03649425287356323,0.15757381258023107,True,1,2026-08-28,科创板20%,17,19.98375304630382,READY_FOR_BREAKOUT,False,False,4,False,38.29,,,,False,False,False,,,,,紧凑缩量平台形成，尚未出现放量突破,2,2,1,1,1,1,8,True,True,True,,硬资格：最近25个交易日（含当日）至少一次按板块涨停价核验的实际涨停，且最新收盘价严格高于MA25、当日MA25严格高于前一交易日MA25；通过后再按方向/非极端波动/不过热排序,1,True,,,257,4,入选：满足一级粗筛资格条件；本阶段不设置数量下限或上限
000020,深华发Ａ,14.04,-0.015427769985974837,0.13592233009708732,0.02481751824817513,0.1063829787234043,,,,0.20426579163248568,-0.06834771068347723,0.23423423423423417,0.872057802738689,12027000.2,11254959.1,1.0685956379885913,0.0509433743519662,0.05872588072220226,0.8674774005169793,True,0.047282437951617906,0.021702453987730186,True,3,3,收敛较充分,-0.06834771068347723,0.7398989898989897,0.07438016528925595,12.968,0.08266502159161004,0.004803967147063437,,,,0.040000000000000036,12.19,12.19,0.15176374077112387,0.15176374077112387,True,2,2026-09-08,沪深主板10%,17,10.040160642570273,INELIGIBLE,False,False,0,False,,,,,False,False,True,,,,,未形成合格的短周期缩量平台或呈N型走势,2,2,0,1,1,1,7,True,True,True,近5日波动仍偏大,硬资格：最近25个交易日（含当日）至少一次按板块涨停价核验的实际涨停，且最新收盘价严格高于MA25、当日MA25严格高于前一交易日MA25；通过后再按方向/非极端波动/不过热排序,268,True,,,257,4,入选：满足一级粗筛资格条件；本阶段不设置数量下限或上限
000070,特发信息,18.63,-0.018440463645943206,0.1149012567324954,0.12909090909090892,0.15930304915992521,,,,0.18291215403128755,-0.05239064089521872,0.16644823066841422,1.0989131773690737,123003199.4,79184082.6,1.5533828941525176,0.1223403437977526,0.09046083435304669,1.3524122861866155,False,0.05525763581254406,0.04342610364683286,True,3,1,结构未成熟,-0.05239064089521872,0.8140794223826713,0.11707390196372347,16.3236,0.1412923619789752,0.008102566636199793,,,,0.02082191780821918,16.62,15.75,0.12093862815884471,0.18285714285714283,True,1,2026-08-25,沪深主板10%,17,9.993155373032181,RETEST_STABILIZING,True,False,3,False,18.2,2026-09-21,1.590127589973236,0.8035371255930097,True,False,False,,0.06327744726879404,,,突破后处于一周内确认窗，守位/缩量/横住或小平台再突破条件尚未全部成立,2,2,0,1,1,1,7,True,True,True,近5日波动仍偏大,硬资格：最近25个交易日（含当日）至少一次按板块涨停价核验的实际涨停，且最新收盘价严格高于MA25、当日MA25严格高于前一交易日MA25；通过后再按方向/非极端波动/不过热排序,268,True,,,257,4,入选：满足一级粗筛资格条件；本阶段不设置数量下限或上限
000532,华金资本,13.61,-0.045582047685834515,0.17428817946505615,0.19490781387181721,0.20017636684303342,,,,0.34265734265734266,-0.11393229166666663,0.11479820627802685,2.984866695804197,40550907.4,9832392.1,4.124215855874991,0.09732622535543946,0.028619995253904174,3.400637368804692,False,0.09014463504877246,0.055938697318007824,True,3,1,结构未成熟,-0.11393229166666663,0.6244635193133047,0.14173063210435788,11.745999999999999,0.15869232079005635,0.008101891585704735,,,,0.050154320987654266,11.44,11.15,0.18968531468531458,0.2206278026905828,True,3,2026-09-21,沪深主板10%,25,10.030864197530853,INELIGIBLE,False,False,0,False,,,,,False,False,False,,,,,未形成合格的短周期缩量平台或呈N型走势,2,2,0,1,1,1,7,True,True,True,近5日波动仍偏大,硬资格：最近25个交易日（含当日）至少一次按板块涨停价核验的实际涨停，且最新收盘价严格高于MA25、当日MA25严格高于前一交易日MA25；通过后再按方向/非极端波动/不过热排序,268,True,,,257,4,入选：满足一级粗筛资格条件；本阶段不设置数量下限或上限
001232,嘉立创,197.43,0.020257351041290006,0.008376321569028011,0.21810217176702862,0.3239672746781115,,,,0.06561540903799347,-0.02719881744271979,0.26032416319940377,0.2520527031819678,3955035.6,5135266.0,0.770171515944841,0.08935151214812077,0.1161652767783343,0.7691757350057423,True,0.01124485435881395,0.053241339011810274,True,3,3,收敛较充分,-0.02719881744271979,0.9130023640661942,0.11991604742186168,170.77720000000002,0.1560676717969376,0.006819934394683758,,,,-0.019614658853908007,188.98,161.03,0.04471372632024573,0.22604483636589467,True,2,2026-09-11,沪深主板10%,25,10.000602809090363,READY_FOR_BREAKOUT,False,False,5,False,200.58,,,,False,False,False,,,,,紧凑缩量平台形成，尚未出现放量突破,2,2,1,0,1,1,7,True,True,True,近10日速度偏快,硬资格：最近25个交易日（含当日）至少一次按板块涨停价核验的实际涨停，且最新收盘价严格高于MA25、当日MA25严格高于前一交易日MA25；通过后再按方向/非极端波动/不过热排序,268,True,,,257,4,入选：满足一级粗筛资格条件；本阶段不设置数量下限或上限
001268,联合精密,26.57,0.1002070393374741,0.10386373078520972,0.03586744639376227,0.1904121863799284,,,,0.12728044123886295,-0.015561319007039609,0.11869436201780419,1.07233771743742,3653510.2,3299720.2,1.1072181817112856,0.023449511131916734,0.03597220661191807,0.6518785846222622,True,0.01965663100273707,-0.006711680750414395,True,3,2,部分收敛/待确认,-0.015561319007039609,0.9431664411366714,0.059093173891380246,24.268,0.0948574254161858,0.009904286308780597,,,,0.07876573284612265,23.57,23.57,0.12728044123886306,0.12728044123886306,True,3,2026-09-22,沪深主板10%,14,10.02070393374741,BREAKOUT_AWAIT_RETEST,True,False,5,False,24.63,2026-09-22,4.199745737207083,,False,False,False,,,,,首次放量突破，仅观察，等待缩量回踩确认,2,2,1,1,1,0,7,True,True,True,,硬资格：最近25个交易日（含当日）至少一次按板块涨停价核验的实际涨停，且最新收盘价严格高于MA25、当日MA25严格高于前一交易日MA25；通过后再按方向/非极端波动/不过热排序,268,True,,,257,4,入选：满足一级粗筛资格条件；本阶段不设置数量下限或上限
001376,百通能源,12.92,-0.07250538406317297,0.10144927536231885,0.08026755852842804,0.23164918970448034,,,,0.23056537102473493,-0.07250538406317297,0.07085916740478307,3.2538537985865683,21801613.6,14774307.3,1.4756437075056643,0.0614238816172934,0.06903387936544518,0.8897643038736578,True,0.07955915274668501,0.037154353223182834,True,3,2,部分收敛/待确认,-0.07250538406317297,0.7342105263157894,0.10102688653116876,11.458800000000002,0.12751771564212633,0.006889037292186817,,,,0.020537124802527673,11.32,11.32,0.14134275618374548,0.14134275618374548,True,3,2026-09-21,沪深主板10%,25,10.031595576619278,INELIGIBLE,False,False,0,False,,,,,False,False,False,,,,,未形成合格的短周期缩量平台或呈N型走势,2,2,0,1,1,1,7,True,True,True,近5日波动仍偏大,硬资格：最近25个交易日（含当日）至少一次按板块涨停价核验的实际涨停，且最新收盘价严格高于MA25、当日MA25严格高于前一交易日MA25；通过后再按方向/非极端波动/不过热排序,268,True,,,257,4,入选：满足一级粗筛资格条件；本阶段不设置数量下限或上限
002011,盾安环境,14.76,0.0,0.14241486068111464,0.23514644351464442,0.46719681908548694,,,,0.15408320493066255,-0.01468624833110821,0.38005923000987163,0.4054189262201589,46727589.6,69788315.6,0.6695617912291324,0.04830982298739896,0.06538670229529163,0.7388325346219159,True,0.06462686567164178,0.07052540642425198,True,3,3,收敛较充分,-0.01468624833110821,0.958095238095238,0.2154650636142792,11.6948,0.26209939460272924,0.016232186305179086,,,,0.02145328719723194,12.98,11.29,0.13713405238828957,0.3073516386182462,True,1,2026-09-07,沪深主板10%,17,10.046082949308754,READY_FOR_BREAKOUT,False,False,3,False,14.91,,,,False,False,False,,,,,紧凑缩量平台形成，尚未出现放量突破,2,2,1,0,1,1,7,True,True,True,近10日速度偏快,硬资格：最近25个交易日（含当日）至少一次按板块涨停价核验的实际涨停，且最新收盘价严格高于MA25、当日MA25严格高于前一交易日MA25；通过后再按方向/非极端波动/不过热排序,268,True,,,257,4,入选：满足一级粗筛资格条件；本阶段不设置数量下限或上限
002141,贤丰控股,7.43,0.1007407407407408,0.1206636500754148,0.10730253353204167,0.21207177814029365,,,,0.15912636505460212,0.0,0.2266666666666667,0.7020280811232446,165295866.4,155871194.0,1.0604644909565524,0.1272706560477504,0.14490880702560582,0.878281028324671,True,0.022329511164755678,0.014620773682607613,True,3,3,收敛较充分,0.0,1.0,0.1210018105009052,6.553999999999999,0.1336588342996643,0.0015281173594132724,,,,0.0926470588235293,6.41,6.0,0.1591263650546022,0.23833333333333329,True,1,2026-09-22,沪深主板10%,9,10.07407407407408,BREAKOUT_AWAIT_RETEST,True,False,4,False,6.78,2026-09-22,2.036687459375168,,False,False,False,,,,,首次放量突破，仅观察，等待缩量回踩确认,2,2,1,1,1,0,7,True,True,True,,硬资格：最近25个交易日（含当日）至少一次按板块涨停价核验的实际涨停，且最新收盘价严格高于MA25、当日MA25严格高于前一交易日MA25；通过后再按方向/非极端波动/不过热排序,268,True,,,257,4,入选：满足一级粗筛资格条件；本阶段不设置数量下限或上限
002172,澳洋健康,5.6,-0.03614457831325302,0.14519427402862983,0.10019646365422386,0.21212121212121193,,,,0.31171548117154796,-0.10685805422647532,0.3592233009708737,0.8677485016397148,207528300.4,180247402.0,1.1513525193555911,0.28994140115026074,0.2073663922116467,1.398208253796182,False,0.09020723283218213,0.05727329321435981,True,3,2,部分收敛/待确认,-0.10685805422647532,0.732,0.15654688145394458,4.7368,0.1822327309576086,0.009462108942119185,,,,0.012658227848101111,4.78,4.32,0.17154811715481166,0.29629629629629606,True,5,2026-09-08,沪深主板10%,17,9.976798143851529,INELIGIBLE,False,False,0,False,,,,,False,False,False,,,,,未形成合格的短周期缩量平台或呈N型走势,2,2,0,1,1,1,7,True,True,True,近5日波动仍偏大,硬资格：最近25个交易日（含当日）至少一次按板块涨停价核验的实际涨停，且最新收盘价严格高于MA25、当日MA25严格高于前一交易日MA25；通过后再按方向/非极端波动/不过热排序,268,True,,,257,4,入选：满足一级粗筛资格条件；本阶段不设置数量下限或上限
002295,精艺股份,10.49,0.019436345966958424,0.13405405405405402,-0.003798670465337106,0.143947655398037,,,,0.2269585253456222,-0.17660910518053374,0.40308370044052866,0.5630555765405053,23066611.4,20079771.7,1.1487486882134221,0.1150111136889314,0.0862965586630935,1.3327427590472187,False,0.009855189058729064,0.009473175447075821,True,3,2,部分收敛/待确认,-0.17660910518053374,0.44581280788177347,0.02621796126002751,9.972000000000001,0.05194544725230643,0.0063375449077625046,,,,0.020428015564202484,8.68,8.68,0.20852534562211988,0.20852534562211988,True,4,2026-09-09,沪深主板10%,17,10.05181347150257,INELIGIBLE,False,False,3,False,10.46,,,,False,False,True,,,,,未形成合格的短周期缩量平台或呈N型走势,2,2,0,1,1,1,7,True,True,True,近5日波动仍偏大,硬资格：最近25个交易日（含当日）至少一次按板块涨停价核验的实际涨停，且最新收盘价严格高于MA25、当日MA25严格高于前一交易日MA25；通过后再按方向/非极端波动/不过热排序,268,True,,,257,4,入选：满足一级粗筛资格条件；本阶段不设置数量下限或上限
002300,太阳电缆,8.31,-0.047018348623853234,0.09055118110236227,0.0284653465346536,0.22928994082840237,,,,0.18815789473684208,-0.07973421926910285,0.28279883381924203,0.6653418339663589,85578118.6,75619467.7,1.1316942740129867,0.09305760783858254,0.1090021238553616,0.8537228867399286,True,0.04978734050537903,0.019768743006340905,True,3,3,收敛较充分,-0.07973421926910285,0.7131474103585662,0.06265984654731471,7.5948,0.094169695054511,0.006787210350495787,,,,-0.04152249134948094,7.6,7.6,0.09342105263157907,0.09342105263157907,True,2,2026-09-03,沪深主板10%,17,9.960681520314552,INELIGIBLE,False,False,0,False,,,,,False,False,False,,,,,未形成合格的短周期缩量平台或呈N型走势,2,2,0,1,1,1,7,True,True,True,近5日波动仍偏大,硬资格：最近25个交易日（含当日）至少一次按板块涨停价核验的实际涨停，且最新收盘价严格高于MA25、当日MA25严格高于前一交易日MA25；通过后再按方向/非极端波动/不过热排序,268,True,,,257,4,入选：满足一级粗筛资格条件；本阶段不设置数量下限或上限
002321,华英农业,2.22,-0.03478260869565197,0.12121212121212133,-0.013333333333333197,0.07246376811594213,,,,0.24352331606217617,-0.07499999999999984,0.14720812182741108,1.6542790780775425,105053208.8,43403702.3,2.4203743743768147,0.036483635770684475,0.020422868893633272,1.786410908315534,False,0.045631067961164895,0.0004701457451810054,True,3,1,结构未成熟,-0.07499999999999984,0.6170212765957452,0.041520056298381514,2.1127999999999996,0.0507383566830748,0.0024672613399125964,,,,0.01834862385321112,1.93,1.93,0.15025906735751304,0.15025906735751304,True,2,2026-09-21,沪深主板10%,25,10.1010101010101,RETEST_STABILIZING,False,False,3,False,2.07,2026-09-17,1.5509805816686673,2.751598042164851,True,False,True,,0.18226600985221683,2.3,1.9251883954767277,突破后处于一周内确认窗，守位/缩量/横住或小平台再突破条件尚未全部成立,2,2,0,1,1,1,7,True,True,True,近5日波动仍偏大,硬资格：最近25个交易日（含当日）至少一次按板块涨停价核验的实际涨停，且最新收盘价严格高于MA25、当日MA25严格高于前一交易日MA25；通过后再按方向/非极端波动/不过热排序,268,True,,,257,4,入选：满足一级粗筛资格条件；本阶段不设置数量下限或上限
002403,爱仕达,10.38,0.02366863905325456,0.0891920251836309,-0.2395604395604395,0.0891920251836309,,,,0.14052287581699358,-0.24233576642335752,0.49237472766884527,0.28539823008849585,23020164.4,33737951.8,0.68232252320664,0.08072323202456799,0.11366049365055113,0.7102136321240284,True,0.0042796005706136064,-0.06460369163952218,False,3,2,部分收敛/待确认,-0.24233576642335752,0.2844827586206898,0.004791636416436873,10.1464,0.023022944098399556,0.0022125642038719473,,,,0.043216080402010304,9.18,9.18,0.13071895424836621,0.13071895424836621,True,4,2026-09-08,沪深主板10%,17,10.048780487804866,INELIGIBLE,False,False,0,False,,,,,False,False,True,,,,,未形成合格的短周期缩量平台或呈N型走势,2,2,1,1,0,1,7,True,True,True,,硬资格：最近25个交易日（含当日）至少一次按板块涨停价核验的实际涨停，且最新收盘价严格高于MA25、当日MA25严格高于前一交易日MA25；通过后再按方向/非极端波动/不过热排序,268,True,,,257,4,入选：满足一级粗筛资格条件；本阶段不设置数量下限或上限
002436,兴森科技,44.23,-0.0022558087074215916,0.08247674987763087,0.10244267198404788,0.32782948063644524,,,,0.20395061728395056,-0.09290401968826911,0.3027439024390244,0.6736737408775003,139396384.2,144688352.7,0.9634250552912681,0.0868287982411033,0.07909615966706365,1.0977625033451477,True,0.05478580171358627,0.05374787269171177,True,3,3,收敛较充分,-0.09290401968826911,0.7327433628318584,0.1493834699790808,37.5656,0.17740698937325616,0.00715304513818138,,,,0.005227272727272636,40.5,37.38,0.0920987654320986,0.18325307651150324,True,1,2026-09-07,沪深主板10%,17,9.997006884166426,INELIGIBLE,False,False,0,False,,,,,False,False,False,,,,,未形成合格的短周期缩量平台或呈N型走势,2,2,0,1,1,1,7,True,True,True,近5日波动仍偏大,硬资格：最近25个交易日（含当日）至少一次按板块涨停价核验的实际涨停，且最新收盘价严格高于MA25、当日MA25严格高于前一交易日MA25；通过后再按方向/非极端波动/不过热排序,268,True,,,257,4,入选：满足一级粗筛资格条件；本阶段不设置数量下限或上限
002453,华软科技,5.31,-0.09540034071550263,0.23201856148491884,0.1518438177874184,0.18791946308724827,,,,0.42191142191142184,-0.12950819672131153,0.08352668213457085,5.051217301217296,60420036.6,7465970.2,8.09272405078713,0.060465034026869355,0.01160931898837895,5.208318772823409,False,0.145777777777778,0.06310679611650483,True,3,1,结构未成熟,-0.12950819672131153,0.5706521739130435,0.13231687813199677,4.6276,0.1474630478001555,0.007752613240418205,,,,-0.005617977528089901,4.29,4.29,0.2377622377622377,0.2377622377622377,True,3,2026-09-21,沪深主板10%,25,10.103092783505163,INELIGIBLE,False,False,0,False,,,,,False,False,False,,,,,未形成合格的短周期缩量平台或呈N型走势,2,2,0,1,1,1,7,True,True,True,近5日波动仍偏大,硬资格：最近25个交易日（含当日）至少一次按板块涨停价核验的实际涨停，且最新收盘价严格高于MA25、当日MA25严格高于前一交易日MA25；通过后再按方向/非极端波动/不过热排序,268,True,,,257,4,入选：满足一级粗筛资格条件；本阶段不设置数量下限或上限
002564,天沃科技,5.45,0.101010101010101,0.10323886639676116,0.007393715341959428,0.23303167420814486,,,,0.14255765199161438,-0.05545927209705359,0.29082774049217,0.49017900338655107,21353790.4,43698068.7,0.488666685628603,0.022793633274619234,0.052424200808744575,0.43479219373845296,True,0.004008016032064132,-0.009145748200038994,True,3,3,收敛较充分,-0.05545927209705359,0.7908496732026147,0.10817405449369666,4.808400000000001,0.13343315863904825,0.0077967806841046094,,,,0.09218436873747504,4.77,4.77,0.1425576519916143,0.1425576519916143,True,3,2026-09-22,沪深主板10%,17,10.1010101010101,BREAKOUT_AWAIT_RETEST,False,False,5,False,4.99,2026-09-22,1.2173899520776403,,False,False,True,,,,,首次放量突破，仅观察，等待缩量回踩确认,2,2,1,1,1,0,7,True,True,True,,硬资格：最近25个交易日（含当日）至少一次按板块涨停价核验的实际涨停，且最新收盘价严格高于MA25、当日MA25严格高于前一交易日MA25；通过后再按方向/非极端波动/不过热排序,268,True,,,257,4,入选：满足一级粗筛资格条件；本阶段不设置数量下限或上限
002577,雷柏科技,22.58,0.0017746228926351915,0.24889380530973448,0.18405873099108527,0.18343815513626827,,,,0.27688022284122576,-0.014834205933682565,0.11566535654126908,2.3938042567001094,15949573.8,3629413.8,4.394531645854215,0.0614918348042027,0.01293111129321308,4.755340311429909,False,0.13172268907563023,0.04970420452144508,True,3,1,结构未成熟,-0.014834205933682565,0.9365671641791039,0.15236418382709416,19.3848,0.16483017622054397,0.005706933405275283,,,,0.021719457013574583,17.95,17.81,0.2579387186629527,0.2678270634475013,True,1,2026-09-16,沪深主板10%,25,10.011061946902666,RETEST_STABILIZING,True,False,5,False,18.58,2026-09-16,2.8986271322363613,2.112040949139916,True,True,False,,0.12242899118511262,22.58,0.530307740848738,突破后处于一周内确认窗，守位/缩量/横住或小平台再突破条件尚未全部成立,2,2,0,1,1,1,7,True,True,True,近5日波动仍偏大,硬资格：最近25个交易日（含当日）至少一次按板块涨停价核验的实际涨停，且最新收盘价严格高于MA25、当日MA25严格高于前一交易日MA25；通过后再按方向/非极端波动/不过热排序,268,True,,,257,4,入选：满足一级粗筛资格条件；本阶段不设置数量下限或上限
002623,亚玛顿,19.34,-0.024710035300050337,0.19530284301606926,0.18287461773700286,0.22560202788339678,,,,0.28517350157728716,-0.05056455571919494,0.09417920209287124,3.027988082719942,19159664.8,3600748.7,5.321022486240153,0.0933778622056885,0.018691968897341545,4.995614037158446,False,0.1142438667154888,0.06072176376401006,True,3,1,结构未成熟,-0.05056455571919494,0.8081936685288639,0.16769811320754724,16.33,0.18432333129210043,0.008547641987203036,,,,0.044276457883369424,15.85,15.66,0.22018927444794945,0.23499361430395904,True,1,2026-09-18,沪深主板10%,25,9.976247030878849,RETEST_STABILIZING,True,False,3,False,16.36,2026-09-16,3.7239502982463515,1.4117398283264364,True,False,False,,0.2605198019801981,20.37,1.2433132920109593,突破后处于一周内确认窗，守位/缩量/横住或小平台再突破条件尚未全部成立,2,2,0,1,1,1,7,True,True,True,近5日波动仍偏大,硬资格：最近25个交易日（含当日）至少一次按板块涨停价核验的实际涨停，且最新收盘价严格高于MA25、当日MA25严格高于前一交易日MA25；通过后再按方向/非极端波动/不过热排序,268,True,,,257,4,入选：满足一级粗筛资格条件；本阶段不设置数量下限或上限
002655,共达电声,39.35,-0.018703241895261846,0.16800237459186707,0.006393861892583175,0.04961323019471853,,,,0.2820512820512821,-0.07411764705882351,0.23856613102595794,1.1822771356450117,32300937.0,25274790.9,1.2779902760738566,0.1042006133338822,0.06934904510971247,1.502552964774546,False,0.0963102284671129,0.012692141156094516,True,3,1,结构未成熟,-0.07411764705882351,0.6893491124260357,0.037245960408045065,37.5244,0.048651011075460326,0.001419757040073577,,,,-0.041879717555393214,33.15,32.36,0.1870286576168929,0.21600741656365896,True,1,2026-08-21,沪深主板10%,14,9.98835177635411,INELIGIBLE,False,False,0,False,,,,,False,False,False,,,,,未形成合格的短周期缩量平台或呈N型走势,2,2,0,1,1,1,7,True,True,True,近5日波动仍偏大,硬资格：最近25个交易日（含当日）至少一次按板块涨停价核验的实际涨停，且最新收盘价严格高于MA25、当日MA25严格高于前一交易日MA25；通过后再按方向/非极端波动/不过热排序,268,True,,,257,4,入选：满足一级粗筛资格条件；本阶段不设置数量下限或上限
002824,和胜股份,28.68,-0.016460905349794275,0.12294440093970249,0.1220657276995305,0.1349426197071626,,,,0.21749408983451535,-0.07184466019417468,0.23921742996887518,0.9091899777654735,32153869.6,20507944.5,1.5678738354299722,0.1680043527729178,0.09067245292418784,1.8528709365940277,False,0.10160673297628176,0.0315116279069767,True,3,2,部分收敛/待确认,-0.07184466019417468,0.7360285374554104,0.09128267569727178,25.853599999999997,0.10932326639230139,0.004834973493151429,,,,-0.047176079734219334,25.38,22.49,0.1300236406619386,0.2752334370831482,True,1,2026-08-27,沪深主板10%,17,10.020618556701022,READY_FOR_BREAKOUT,False,False,3,False,30.0,,,,False,False,False,,,,,紧凑缩量平台形成，尚未出现放量突破,2,2,0,1,1,1,7,True,True,True,近5日波动仍偏大,硬资格：最近25个交易日（含当日）至少一次按板块涨停价核验的实际涨停，且最新收盘价严格高于MA25、当日MA25严格高于前一交易日MA25；通过后再按方向/非极端波动/不过热排序,268,True,,,257,4,入选：满足一级粗筛资格条件；本阶段不设置数量下限或上限
002836,新宏泽,11.14,-0.07011686143572615,0.187633262260128,0.06909788867562394,0.09861932938856022,,,,0.4316939890710382,-0.14961832061068692,0.14130434782608706,3.0550651534258066,16632762.6,3784844.3,4.394569837390669,0.06452610460069443,0.01642727560763883,3.9279857562436713,False,0.11549239391513222,0.04295143335631968,True,3,1,结构未成熟,-0.14961832061068692,0.5037974683544305,0.07987592089957363,10.252,0.08661724541552873,0.002777886458781742,,,,-0.06543624161073824,9.15,9.15,0.21748633879781432,0.21748633879781432,True,2,2026-09-18,沪深主板10%,25,10.050761421319798,INELIGIBLE,False,False,0,False,,,,,False,False,False,,,,,未形成合格的短周期缩量平台或呈N型走势,2,2,0,1,1,1,7,True,True,True,近5日波动仍偏大,硬资格：最近25个交易日（含当日）至少一次按板块涨停价核验的实际涨停，且最新收盘价严格高于MA25、当日MA25严格高于前一交易日MA25；通过后再按方向/非极端波动/不过热排序,268,True,,,257,4,入选：满足一级粗筛资格条件；本阶段不设置数量下限或上限
002870,香山股份,49.83,0.017769607843137303,0.044654088050314344,0.05841121495327095,0.15427380125086865,,,,0.1914943062979317,-0.06772684752104774,0.15817984832069348,1.2106112651574716,5212471.6,4336197.7,1.2020834751146148,0.051043605382108725,0.03342411930805912,1.5271488505547923,False,-0.00929785187560117,0.01188179766057873,True,3,1,结构未成熟,-0.06772684752104774,0.7633986928104572,0.026650046871941724,47.0708,0.05861808169820781,0.009236706689536911,,,,-0.02808660035108257,43.03,43.03,0.15802928189635135,0.15802928189635135,True,1,2026-08-12,沪深主板10%,20,10.006949270326615,READY_FOR_BREAKOUT,False,False,4,False,50.7,,,,False,False,False,,,,,紧凑缩量平台形成，尚未出现放量突破,2,2,0,1,1,1,7,True,True,True,近5日波动仍偏大,硬资格：最近25个交易日（含当日）至少一次按板块涨停价核验的实际涨停，且最新收盘价严格高于MA25、当日MA25严格高于前一交易日MA25；通过后再按方向/非极端波动/不过热排序,268,True,,,257,4,入选：满足一级粗筛资格条件；本阶段不设置数量下限或上限
002912,中新赛克,26.38,0.10008340283569628,-0.07275922671353252,0.3452320244773075,0.3711018711018712,,,,0.14446854663774394,-0.07275922671353252,0.4809994794377927,0.3003507338648335,26306679.2,6859985.9,3.8348007683222787,0.16105667556364667,0.045808217777674604,3.515890453222136,False,-0.022944098399432344,0.06808173330984668,False,3,1,结构未成熟,-0.07275922671353252,0.7917505030181086,0.19993631877004248,21.366799999999998,0.2346256809629894,0.01279814948238589,,,,0.0022796352583585033,23.05,19.21,0.144468546637744,0.37324310255075477,True,1,2026-09-22,沪深主板10%,17,10.008340283569627,INELIGIBLE,False,False,0,False,,,,,False,False,True,,,,,未形成合格的短周期缩量平台或呈N型走势,2,2,1,0,1,1,7,True,True,True,近10日速度偏快,硬资格：最近25个交易日（含当日）至少一次按板块涨停价核验的实际涨停，且最新收盘价严格高于MA25、当日MA25严格高于前一交易日MA25；通过后再按方向/非极端波动/不过热排序,268,True,,,257,4,入选：满足一级粗筛资格条件；本阶段不设置数量下限或上限
002957,科瑞技术,45.43,0.05946828358208944,0.1717823059066288,0.09920154851197682,0.1077785905876616,,,,0.18670143415906118,-0.0017578554163919513,0.1653116531165312,1.1293906426998943,26603175.2,14313171.5,1.8586499295421703,0.04885780861005157,0.03158439338502387,1.5468971657761235,False,0.0704232356890635,0.028136749582928777,True,3,1,结构未成熟,-0.0017578554163919513,0.9907084785133567,0.11434072874891155,40.7908,0.11373152769742201,0.0016206341099280763,,,,0.056511627906976836,38.35,37.1,0.18461538461538463,0.2245283018867923,True,1,2026-09-07,沪深主板10%,17,9.999999999999986,RETEST_STABILIZING,True,False,3,False,40.2,2026-09-16,1.6356525497552543,1.4483586314303483,True,False,False,,0.09557053442465091,43.56,2.189107087029335,突破后处于一周内确认窗，守位/缩量/横住或小平台再突破条件尚未全部成立,2,2,0,1,1,1,7,True,True,True,近5日波动仍偏大,硬资格：最近25个交易日（含当日）至少一次按板块涨停价核验的实际涨停，且最新收盘价严格高于MA25、当日MA25严格高于前一交易日MA25；通过后再按方向/非极端波动/不过热排序,268,True,,,257,4,入选：满足一级粗筛资格条件；本阶段不设置数量下限或上限
300112,万讯自控,11.63,0.01838879159369533,0.12803103782735215,0.18311291963377418,0.087932647333957,,,,0.2271825396825396,-0.059822150363783244,0.29655990510083036,0.7660595238095236,58381139.0,49430130.4,1.1810840579939073,0.23429802326908047,0.19285716477908482,1.214878501078586,False,0.09288345937560605,0.05556116779472675,True,3,2,部分收敛/待确认,-0.059822150363783244,0.8126582278481016,0.1514281471214296,9.9916,0.16397774130269438,0.00974209717843011,,,,-0.04042904290429028,10.08,8.43,0.1537698412698414,0.379596678529063,True,1,2026-09-07,创业板20%,17,20.022753128555195,INELIGIBLE,False,False,0,False,,,,,False,False,False,,,,,未形成合格的短周期缩量平台或呈N型走势,2,2,0,1,1,1,7,True,True,True,近5日波动仍偏大,硬资格：最近25个交易日（含当日）至少一次按板块涨停价核验的实际涨停，且最新收盘价严格高于MA25、当日MA25严格高于前一交易日MA25；通过后再按方向/非极端波动/不过热排序,268,True,,,257,4,入选：满足一级粗筛资格条件；本阶段不设置数量下限或上限
300189,神农种业,6.7,-0.013254786450662692,0.10561056105610578,-0.12760416666666663,0.0754414125200642,,,,0.17567567567567569,-0.19567827130852344,0.38142620232172464,0.46057579318448894,230265671.2,304416569.8,0.7564163519458985,0.27394274660830326,0.35134039395518646,0.7797075181831916,True,0.0101476014760149,-0.03473413379073764,False,3,2,部分收敛/待确认,-0.19567827130852344,0.46204620462046214,-0.020968802513333884,6.6844,0.0023337921129795713,0.00282045127220365,,,,-0.010339734121122546,5.92,5.92,0.1317567567567568,0.1317567567567568,True,1,2026-09-01,创业板20%,17,20.031796502384736,INELIGIBLE,False,False,0,False,,,,,False,False,True,,,,,未形成合格的短周期缩量平台或呈N型走势,2,2,1,1,0,1,7,True,True,True,,硬资格：最近25个交易日（含当日）至少一次按板块涨停价核验的实际涨停，且最新收盘价严格高于MA25、当日MA25严格高于前一交易日MA25；通过后再按方向/非极端波动/不过热排序,268,True,,,257,4,入选：满足一级粗筛资格条件；本阶段不设置数量下限或上限
300456,赛微电子,38.42,0.02045152722443566,0.13333333333333353,0.021536825312417074,0.23775773195876293,,,,0.18807749627421766,-0.08086124401913863,0.2341186996719356,0.803342477716499,41608222.4,34077955.9,1.220971777828963,0.06017354785183283,0.05925986567317024,1.0154182289865745,False,0.05586849063110688,-0.0052536983271119775,True,3,2,部分收敛/待确认,-0.08086124401913863,0.7185678601165698,0.03697705802968976,35.874,0.07097061939008742,0.005256904591104838,,,,0.047722934278702,33.55,33.53,0.14515648286140115,0.14583954667461985,True,1,2026-08-27,创业板20%,17,20.012953367875653,RETEST_STABILIZING,False,False,5,False,36.14,2026-09-18,1.34473733472315,1.29456615819207,True,True,True,,0.10323830611680035,,1.351449810777076,突破后处于一周内确认窗，守位/缩量/横住或小平台再突破条件尚未全部成立,2,2,0,1,1,1,7,True,True,True,近5日波动仍偏大,硬资格：最近25个交易日（含当日）至少一次按板块涨停价核验的实际涨停，且最新收盘价严格高于MA25、当日MA25严格高于前一交易日MA25；通过后再按方向/非极端波动/不过热排序,268,True,,,257,4,入选：满足一级粗筛资格条件；本阶段不设置数量下限或上限
300765,石药创新,47.86,0.03168786376374211,0.10889712696941611,0.06025697828976506,0.08060510273199362,,,,0.13385085862150095,-0.009519867549668937,0.15983097191150883,0.8374525726816459,18408061.2,17752664.5,1.0369182158543018,0.010435457994630635,0.0120330535726065,0.8672327378635772,True,0.04199341097860887,0.008496431038452767,True,3,3,收敛较充分,-0.07570490536886831,0.6606060606060605,0.07943524741756502,44.8088,0.06809376729570982,0.0030982485046024966,,,,0.06830357142857157,42.51,40.23,0.12585274053163964,0.18965945811583396,True,1,2026-08-20,创业板20%,17,19.999999999999996,RETEST_STABILIZING,True,False,5,False,44.5,2026-09-21,1.9460911944522472,0.8338187836163686,True,False,False,,0.06284454244762958,,,突破后处于一周内确认窗，守位/缩量/横住或小平台再突破条件尚未全部成立,2,2,1,1,1,0,7,True,True,True,,硬资格：最近25个交易日（含当日）至少一次按板块涨停价核验的实际涨停，且最新收盘价严格高于MA25、当日MA25严格高于前一交易日MA25；通过后再按方向/非极端波动/不过热排序,268,True,,,257,4,入选：满足一级粗筛资格条件；本阶段不设置数量下限或上限
300911,亿田智能,32.32,-0.0125267338832874,0.18518518518518512,0.09152313407632562,0.4473802060008958,,,,0.26439393939393957,-0.03637447823494333,0.25476992143658805,1.0377753303964767,14125791.6,18598078.8,0.7595296133490949,0.08864181368247816,0.11245279870099406,0.788257959841195,True,0.09685695958948037,0.029140410124290472,True,3,2,部分收敛/待确认,-0.03637447823494333,0.9065849923430322,0.13586841920292403,27.562799999999996,0.17259494681237042,0.014875473143143081,,,,0.0006191950464398133,26.4,26.4,0.22424242424242435,0.22424242424242435,True,2,2026-08-31,创业板20%,17,20.009013068949976,INELIGIBLE,False,False,0,False,,,,,False,False,False,,,,,未形成合格的短周期缩量平台或呈N型走势,2,2,0,1,1,1,7,True,True,True,近5日波动仍偏大,硬资格：最近25个交易日（含当日）至少一次按板块涨停价核验的实际涨停，且最新收盘价严格高于MA25、当日MA25严格高于前一交易日MA25；通过后再按方向/非极端波动/不过热排序,268,True,,,257,4,入选：满足一级粗筛资格条件；本阶段不设置数量下限或上限
300992,泰福泵业,28.58,-0.022571819425444617,0.20590717299578065,0.07930513595166144,0.15990259740259738,,,,0.3513859275053306,-0.09813821394761768,0.151246303337558,2.3232695262712793,8573470.2,1996154.1,4.294994159018083,0.11619947751380706,0.02559565111655992,4.539813305965407,False,0.12295957284515646,0.03941566657720186,True,3,1,结构未成熟,-0.09813821394761768,0.6248492159227983,0.07851091530028853,26.022000000000002,0.09830143724540763,0.005502403437456671,,,,-0.09183349221480774,23.45,23.45,0.2187633262260127,0.2187633262260127,True,1,2026-09-16,创业板20%,25,20.000000000000018,RETEST_STABILIZING,True,False,3,False,24.95,2026-09-16,3.5860182782790537,1.4859560294486875,True,False,False,,0.16123122022718953,31.69,0.5156237484886054,突破后处于一周内确认窗，守位/缩量/横住或小平台再突破条件尚未全部成立,2,2,0,1,1,1,7,True,True,True,近5日波动仍偏大,硬资格：最近25个交易日（含当日）至少一次按板块涨停价核验的实际涨停，且最新收盘价严格高于MA25、当日MA25严格高于前一交易日MA25；通过后再按方向/非极端波动/不过热排序,268,True,,,257,4,入选：满足一级粗筛资格条件；本阶段不设置数量下限或上限
301550,斯菱智驱,95.33,-0.03247741804526538,0.10887518901942528,-0.021353043835335206,0.11107226107226098,,,,0.19992799711988476,-0.06520886448323204,0.26306663363884086,0.7599899476205032,10723178.0,10378886.8,1.0331722666057017,0.052534052790093634,0.05098505438798463,1.0303814210007796,False,0.052106902036336056,0.013303939633236839,True,3,2,部分收敛/待确认,-0.06520886448323204,0.763260946956212,0.050456744278299936,89.4152,0.06614982687507265,0.0029072636726634737,,,,-0.03541434787007991,83.33,83.33,0.14400576023040923,0.14400576023040923,True,1,2026-09-07,创业板20%,17,19.99754480726739,INELIGIBLE,False,False,0,False,,,,,False,False,True,,,,,未形成合格的短周期缩量平台或呈N型走势,2,2,0,1,1,1,7,True,True,True,近5日波动仍偏大,硬资格：最近25个交易日（含当日）至少一次按板块涨停价核验的实际涨停，且最新收盘价严格高于MA25、当日MA25严格高于前一交易日MA25；通过后再按方向/非极端波动/不过热排序,268,True,,,257,4,入选：满足一级粗筛资格条件；本阶段不设置数量下限或上限
600103,青山纸业,3.77,-0.01822916666666663,0.12537313432835817,-0.06913580246913575,0.1968253968253968,,,,0.18597560975609767,-0.10238095238095246,0.24624624624624633,0.7552424152290306,259945955.0,378294433.2,0.6871524722188272,0.13037305958523024,0.18073921291630834,0.7213324517773558,True,0.039731393396754466,-0.004584681769147614,True,3,3,收敛较充分,-0.10238095238095246,0.6950354609929077,0.0029263101888798992,3.5904000000000003,0.05002228163992872,0.008652657601977864,,,,-0.020779220779220786,3.28,3.28,0.14939024390243905,0.14939024390243905,True,5,2026-09-07,沪深主板10%,17,10.158730158730167,INELIGIBLE,False,False,3,False,3.89,,,,False,False,True,,,,,未形成合格的短周期缩量平台或呈N型走势,2,2,0,1,1,1,7,True,True,True,近5日波动仍偏大,硬资格：最近25个交易日（含当日）至少一次按板块涨停价核验的实际涨停，且最新收盘价严格高于MA25、当日MA25严格高于前一交易日MA25；通过后再按方向/非极端波动/不过热排序,268,True,,,257,4,入选：满足一级粗筛资格条件；本阶段不设置数量下限或上限
600354,敦煌种业,10.12,-0.03250478011472291,0.13963963963963955,-0.03435114503816805,0.42736248236953456,,,,0.28640192539109494,-0.1785714285714286,0.6426666666666667,0.44564614946747133,136077996.6,138578003.9,0.9819595662396461,0.27968830601551753,0.27084240681026994,1.0326606874803188,True,0.022553279536519533,0.021522679271849476,True,3,3,收敛较充分,-0.1785714285714286,0.6387520525451558,0.08566217883387872,8.810799999999999,0.14859036636854772,0.014414663350833523,,,,-0.03984819734345346,8.31,8.31,0.21780986762936205,0.21780986762936205,True,5,2026-09-08,沪深主板10%,17,10.05361930294908,INELIGIBLE,False,False,0,False,,,,,False,False,True,,,,,未形成合格的短周期缩量平台或呈N型走势,2,2,0,1,1,1,7,True,True,True,近5日波动仍偏大,硬资格：最近25个交易日（含当日）至少一次按板块涨停价核验的实际涨停，且最新收盘价严格高于MA25、当日MA25严格高于前一交易日MA25；通过后再按方向/非极端波动/不过热排序,268,True,,,257,4,入选：满足一级粗筛资格条件；本阶段不设置数量下限或上限
600371,万向德农,15.71,-0.04148871262965226,0.2150038669760248,-0.007580543272267759,0.8119953863898501,,,,0.3423782920989626,-0.06599286563614737,0.375933609958506,0.9107413730226273,72813503.4,80194987.5,0.9079557921247884,0.24296191329035902,0.2771328363718393,0.8766983965926294,True,0.07773753134577865,0.019872541629548435,True,3,3,收敛较充分,-0.06599286563614737,0.8827877507919747,0.12555973490954697,12.8396,0.2235583663042462,0.024152893880416082,,,,-0.06096832038254629,12.53,12.53,0.2537909018355946,0.2537909018355946,True,8,2026-09-07,沪深主板10%,17,10.034602076124566,INELIGIBLE,False,False,0,False,,,,,False,False,False,,,,,未形成合格的短周期缩量平台或呈N型走势,2,2,0,1,1,1,7,True,True,True,近5日波动仍偏大,硬资格：最近25个交易日（含当日）至少一次按板块涨停价核验的实际涨停，且最新收盘价严格高于MA25、当日MA25严格高于前一交易日MA25；通过后再按方向/非极端波动/不过热排序,268,True,,,257,4,入选：满足一级粗筛资格条件；本阶段不设置数量下限或上限
600403,大有能源,7.6,0.09985528219971052,0.1360239162929744,0.11764705882352944,0.06891701828410679,,,,0.16923076923076918,-0.07654921020656147,0.3001579778830964,0.5638056680161941,105525286.2,133809128.3,0.7886254662941408,0.045463852193396194,0.05821112312897857,0.7810165780973131,True,0.013333333333333197,0.019087256027554567,True,3,3,收敛较充分,-0.07654921020656147,0.6999999999999997,0.07397724863986421,7.0604000000000005,0.07642626480086112,0.00799497458740217,,,,0.06145251396648033,6.5,6.5,0.16923076923076907,0.16923076923076907,True,4,2026-09-22,沪深主板10%,17,10.000000000000009,INELIGIBLE,False,False,0,False,,,,,False,False,True,,,,,未形成合格的短周期缩量平台或呈N型走势,2,2,1,1,1,0,7,True,True,True,,硬资格：最近25个交易日（含当日）至少一次按板块涨停价核验的实际涨停，且最新收盘价严格高于MA25、当日MA25严格高于前一交易日MA25；通过后再按方向/非极端波动/不过热排序,268,True,,,257,4,入选：满足一级粗筛资格条件；本阶段不设置数量下限或上限
600448,华纺股份,3.58,-0.07969151670951158,0.2561403508771929,0.15857605177993528,0.20134228187919456,,,,0.510714285714286,-0.15366430260047292,0.10247349823321555,4.983866995073894,125131148.2,13366647.8,9.361445747078037,0.1531652385123537,0.021222976363668957,7.216953733904786,False,0.1462925851703405,0.061467283542630424,True,3,1,结构未成熟,-0.15366430260047292,0.5454545454545454,0.14559999999999995,3.0852,0.16037858161545437,0.00863083562181255,,,,0.011299435028248705,2.8,2.8,0.2785714285714287,0.2785714285714287,True,3,2026-09-21,沪深主板10%,25,9.937888198757761,INELIGIBLE,False,False,0,False,,,,,False,False,False,,,,,未形成合格的短周期缩量平台或呈N型走势,2,2,0,1,1,1,7,True,True,True,近5日波动仍偏大,硬资格：最近25个交易日（含当日）至少一次按板块涨停价核验的实际涨停，且最新收盘价严格高于MA25、当日MA25严格高于前一交易日MA25；通过后再按方向/非极端波动/不过热排序,268,True,,,257,4,入选：满足一级粗筛资格条件；本阶段不设置数量下限或上限
600593,大连圣亚,47.12,-0.02985381922997743,0.21788575859395198,0.14591439688715946,0.1712652249565001,,,,0.30600522193211505,-0.057976809276289565,0.13400423728813565,2.283548849833332,13526722.2,4927163.4,2.7453366373033212,0.09540801824534158,0.038254374223602436,2.4940420587634686,False,0.1138809631075739,0.03997816214606553,True,3,1,结构未成熟,-0.057976809276289565,0.7634584013050567,0.12900134176729905,41.3404,0.13980513009066176,0.006838839150892895,,,,0.019251568245727935,38.3,37.76,0.2302872062663186,0.24788135593220328,True,2,2026-09-21,沪深主板10%,25,10.011325028312568,RETEST_STABILIZING,True,False,5,False,39.96,2026-09-17,2.0385091293170325,1.6916546960511707,True,False,False,,0.17170297493558223,48.57,1.1141544351388226,突破后处于一周内确认窗，守位/缩量/横住或小平台再突破条件尚未全部成立,2,2,0,1,1,1,7,True,True,True,近5日波动仍偏大,硬资格：最近25个交易日（含当日）至少一次按板块涨停价核验的实际涨停，且最新收盘价严格高于MA25、当日MA25严格高于前一交易日MA25；通过后再按方向/非极端波动/不过热排序,268,True,,,257,4,入选：满足一级粗筛资格条件；本阶段不设置数量下限或上限
600604,市北高新,4.94,0.03563941299790363,0.1151241534988714,0.016460905349794164,0.06465517241379337,,,,0.14022988505747136,-0.04633204633204624,0.12217194570135748,1.1478075776926357,20770140.6,21272426.9,0.9763879174500772,0.009383628728822233,0.015835101627279528,0.5925840546963601,True,0.03649310191366251,-0.0047413793103450175,True,3,2,部分收敛/待确认,-0.04633204633204624,0.7108433734939767,0.04021899347230984,4.722,0.04616687844133849,0.0022073181084980575,,,,0.06926406926406936,4.35,4.35,0.1356321839080461,0.1356321839080461,True,2,2026-08-26,沪深主板10%,17,10.022271714922049,RETEST_STABILIZING,True,False,5,False,4.57,2026-09-18,1.2474589246966294,2.1078236741927014,True,False,False,,0.09010989010989015,,1.6611287804948784,突破后处于一周内确认窗，守位/缩量/横住或小平台再突破条件尚未全部成立,2,2,1,1,1,0,7,True,True,True,,硬资格：最近25个交易日（含当日）至少一次按板块涨停价核验的实际涨停，且最新收盘价严格高于MA25、当日MA25严格高于前一交易日MA25；通过后再按方向/非极端波动/不过热排序,268,True,,,257,4,入选：满足一级粗筛资格条件；本阶段不设置数量下限或上限
600606,绿地控股,1.53,-0.04375000000000007,0.20472440944881898,0.1333333333333333,0.20472440944881898,,,,0.31199999999999994,-0.06707317073170727,0.08730158730158738,3.573818181818178,346806448.0,116847251.0,2.9680325812714243,0.020464259596245177,0.00831403414899302,2.4614115397545926,False,0.11490683229813681,0.04347826086956519,True,3,1,结构未成熟,-0.06707317073170727,0.7250000000000002,0.14136516225289064,1.3252000000000002,0.15454271053425894,0.00790994828110736,,,,0.05517241379310356,1.25,1.25,0.22399999999999998,0.22399999999999998,True,2,2026-09-21,沪深主板10%,25,10.344827586206895,RETEST_STABILIZING,True,False,5,False,1.32,2026-09-18,3.64226818892609,1.5895827325313447,True,False,False,,0.1631205673758865,,1.0492523244410792,突破后处于一周内确认窗，守位/缩量/横住或小平台再突破条件尚未全部成立,2,2,0,1,1,1,7,True,True,True,近5日波动仍偏大,硬资格：最近25个交易日（含当日）至少一次按板块涨停价核验的实际涨停，且最新收盘价严格高于MA25、当日MA25严格高于前一交易日MA25；通过后再按方向/非极端波动/不过热排序,268,True,,,257,4,入选：满足一级粗筛资格条件；本阶段不设置数量下限或上限
600693,东百集团,9.82,-0.015045135406218657,0.09720670391061459,-0.14756944444444442,0.0959821428571428,,,,0.15269804822043606,-0.19508196721311466,0.36312849162011174,0.4205069327916624,66246752.2,133560394.5,0.496005963803888,0.07440155591791407,0.15891547091629604,0.4681832139370676,True,0.017115960633290683,-0.045326330123528824,False,3,2,部分收敛/待确认,-0.19508196721311466,0.3703703703703705,-0.020595422131351793,9.798399999999999,0.002204441541476365,0.0004492546457013358,,,,0.01446280991735538,8.71,8.71,0.12743972445464968,0.12743972445464968,True,2,2026-09-03,沪深主板10%,17,9.98925886143931,INELIGIBLE,False,False,0,False,,,,,False,False,True,,,,,未形成合格的短周期缩量平台或呈N型走势,2,2,1,1,0,1,7,True,True,True,,硬资格：最近25个交易日（含当日）至少一次按板块涨停价核验的实际涨停，且最新收盘价严格高于MA25、当日MA25严格高于前一交易日MA25；通过后再按方向/非极端波动/不过热排序,268,True,,,257,4,入选：满足一级粗筛资格条件；本阶段不设置数量下限或上限
601566,九牧王,9.3,0.010869565217391353,0.06164383561643838,-0.14443422263109462,0.1071428571428572,,,,0.08816705336426933,-0.19130434782608685,0.3142857142857143,0.28053153343176607,20033557.8,44164833.1,0.45360881936628444,0.03665676099546753,0.081409786448138,0.4502746241549187,True,0.001997336884154599,-0.04660930137266972,False,3,2,部分收敛/待确认,-0.19130434782608685,0.3272171253822631,-0.017432646592709933,9.2492,0.005492366907408286,0.0026015696136669764,,,,0.006493506493506551,8.62,8.62,0.07888631090487253,0.07888631090487253,True,2,2026-09-02,沪深主板10%,17,10.046728971962615,INELIGIBLE,False,False,5,False,9.32,,,,False,False,True,,,,,未形成合格的短周期缩量平台或呈N型走势,2,2,1,1,0,1,7,True,True,True,,硬资格：最近25个交易日（含当日）至少一次按板块涨停价核验的实际涨停，且最新收盘价严格高于MA25、当日MA25严格高于前一交易日MA25；通过后再按方向/非极端波动/不过热排序,268,True,,,257,4,入选：满足一级粗筛资格条件；本阶段不设置数量下限或上限
601872,招商轮船,21.48,-0.06241815800960282,0.04780487804878053,0.12578616352201277,0.1407328730748807,,,,0.18149100257069414,-0.06527415143603132,0.21978639685216417,0.8257608531285545,180381834.4,150292531.4,1.2002049118456728,0.0222327801094185,0.017780689959073812,1.2503890546762897,False,0.0611486155953429,0.04871731008717317,True,3,2,部分收敛/待确认,-0.06527415143603132,0.7159090909090909,0.08012973625323716,19.695999999999998,0.09057676685621452,0.007158928206177251,,,,-0.06200873362445403,19.45,19.0,0.1043701799485861,0.1305263157894736,True,1,2026-09-09,沪深主板10%,17,10.0104821802935,INELIGIBLE,False,False,0,False,,,,,False,False,False,,,,,未形成合格的短周期缩量平台或呈N型走势,2,2,0,1,1,1,7,True,True,True,近5日波动仍偏大,硬资格：最近25个交易日（含当日）至少一次按板块涨停价核验的实际涨停，且最新收盘价严格高于MA25、当日MA25严格高于前一交易日MA25；通过后再按方向/非极端波动/不过热排序,268,True,,,257,4,入选：满足一级粗筛资格条件；本阶段不设置数量下限或上限
603002,宏昌电子,19.8,0.02378490175801451,0.052631578947368585,0.20584652862362973,0.2757731958762888,,,,0.10941752857920511,-0.028459273797840967,0.302139037433155,0.3621429706957763,94725111.8,89173009.6,1.0622621376681673,0.09420360126643275,0.07673481196605332,1.2276514251198978,False,0.03458582408198119,0.059914163090128536,True,3,2,部分收敛/待确认,-0.028459273797840967,0.8943533697632061,0.13233443897975516,17.2084,0.15060086934287908,0.004576765907764235,,,,0.003039513677811634,18.37,15.74,0.07784431137724557,0.2579415501905973,True,1,2026-08-27,沪深主板10%,17,10.01951854261549,INELIGIBLE,False,False,0,False,,,,,False,False,False,,,,,未形成合格的短周期缩量平台或呈N型走势,2,2,1,0,1,1,7,True,True,True,近10日速度偏快,硬资格：最近25个交易日（含当日）至少一次按板块涨停价核验的实际涨停，且最新收盘价严格高于MA25、当日MA25严格高于前一交易日MA25；通过后再按方向/非极端波动/不过热排序,268,True,,,257,4,入选：满足一级粗筛资格条件；本阶段不设置数量下限或上限
603009,北特科技,48.53,-0.008377605230894924,0.13600187265917607,-0.002671598849157353,0.08689809630459133,,,,0.19021610068867248,-0.03172386272944927,0.1752407798919427,1.085455684492867,9642666.6,6913360.8,1.394787120035743,0.03137714754498,0.019182811216811944,1.6356907853777374,False,0.0654478483514509,0.010599781897491667,True,3,1,结构未成熟,-0.03172386272944927,0.8014981273408244,0.043353005041547155,46.132799999999996,0.051963028474317774,0.000407685301643701,,,,-0.02842842842842841,42.11,42.11,0.1524578484920447,0.1524578484920447,True,1,2026-09-07,沪深主板10%,17,10.000000000000009,RETEST_STABILIZING,False,False,4,False,45.56,2026-09-17,1.9965639390166867,0.853084590861916,True,False,True,,0.05294117647058815,50.12,0.5560336399505441,突破后处于一周内确认窗，守位/缩量/横住或小平台再突破条件尚未全部成立,2,2,0,1,1,1,7,True,True,True,近5日波动仍偏大,硬资格：最近25个交易日（含当日）至少一次按板块涨停价核验的实际涨停，且最新收盘价严格高于MA25、当日MA25严格高于前一交易日MA25；通过后再按方向/非极端波动/不过热排序,268,True,,,257,4,入选：满足一级粗筛资格条件；本阶段不设置数量下限或上限
603016,新宏泰,31.89,-0.020878108688977548,0.17631870158613072,-0.01786264243917457,0.10652324774462185,,,,0.23995535714285712,-0.09634457353357884,0.31384959046909905,0.7645552660566005,5396107.0,5679425.1,0.9501150037175419,0.025734073524118033,0.04219876677722921,0.6098299900556418,True,0.08839298652369232,-0.009159118561579027,True,3,3,收敛较充分,-0.09634457353357884,0.5966785290628709,0.03904989980939355,30.406000000000002,0.04880615667960275,0.003763369866631505,,,,0.04625984251968496,26.88,26.86,0.1863839285714286,0.18726731198808633,True,2,2026-08-28,沪深主板10%,17,10.00358551452134,RETEST_STABILIZING,False,False,5,False,28.2,2026-09-18,2.0484685020277063,1.333165039223164,True,False,True,,0.09099836333878879,,0.5251927460027395,突破后处于一周内确认窗，守位/缩量/横住或小平台再突破条件尚未全部成立,2,2,0,1,1,1,7,True,True,True,近5日波动仍偏大,硬资格：最近25个交易日（含当日）至少一次按板块涨停价核验的实际涨停，且最新收盘价严格高于MA25、当日MA25严格高于前一交易日MA25；通过后再按方向/非极端波动/不过热排序,268,True,,,257,4,入选：满足一级粗筛资格条件；本阶段不设置数量下限或上限
603093,南华期货,13.76,-0.01644031451036454,0.13437757625721347,0.035364936042137085,0.19134199134199115,,,,0.16486261448792677,-0.03843466107617055,0.1897993311036789,0.8686153609143633,22940367.0,21216817.1,1.0812350830888766,0.021828183203858834,0.026348916033421887,0.8284281287386245,True,0.06308637981235843,0.004275497512437942,True,3,3,收敛较充分,-0.03843466107617055,0.8307692307692306,0.05018126311772564,12.748,0.07938500156887351,0.006188040664267147,,,,0.063369397217929,12.01,11.96,0.14571190674437973,0.15050167224080258,True,1,2026-08-27,沪深主板10%,17,10.008136696501225,RETEST_STABILIZING,False,False,5,False,12.94,2026-09-21,1.5063651660440343,1.108252937441339,True,False,True,,0.029651593773165334,,,突破后处于一周内确认窗，守位/缩量/横住或小平台再突破条件尚未全部成立,2,2,1,1,1,0,7,True,True,True,,硬资格：最近25个交易日（含当日）至少一次按板块涨停价核验的实际涨停，且最新收盘价严格高于MA25、当日MA25严格高于前一交易日MA25；通过后再按方向/非极端波动/不过热排序,268,True,,,257,4,入选：满足一级粗筛资格条件；本阶段不设置数量下限或上限
603122,合富中国,13.9,-0.005722460658083017,0.17497886728655954,0.038863976083707064,0.1356209150326797,,,,0.1983122362869198,-0.057627118644067776,0.24999999999999992,0.7932489451476794,52308772.2,31090581.7,1.682463606012235,0.11969665998080874,0.08069218100389025,1.483373710955192,False,0.08687885677167939,0.006378840917930839,True,3,2,部分收敛/待确认,-0.057627118644067776,0.7598870056497176,0.08789230648822088,12.616000000000001,0.10177552314521243,0.003978990927900883,,,,0.01831501831501825,11.85,11.8,0.1729957805907174,0.17796610169491522,True,1,2026-09-04,沪深主板10%,17,9.97566909975669,RETEST_STABILIZING,False,False,3,False,12.35,2026-09-16,1.5033611569250234,1.7522519834817338,False,False,True,,0.17355371900826444,14.2,0.8193062359504159,突破后处于一周内确认窗，守位/缩量/横住或小平台再突破条件尚未全部成立,2,2,0,1,1,1,7,True,True,True,近5日波动仍偏大,硬资格：最近25个交易日（含当日）至少一次按板块涨停价核验的实际涨停，且最新收盘价严格高于MA25、当日MA25严格高于前一交易日MA25；通过后再按方向/非极端波动/不过热排序,268,True,,,257,4,入选：满足一级粗筛资格条件；本阶段不设置数量下限或上限
603123,翠微股份,10.18,0.018000000000000016,0.0783898305084747,-0.17100977198697065,0.029322548028311246,,,,0.10991379310344843,-0.18949044585987262,0.33333333333333337,0.32974137931034525,36475042.2,78017905.7,0.46752142181637674,0.04370991813670763,0.12393527908197909,0.3526834204149003,True,0.006172839506172867,-0.05068647733684406,False,3,2,部分收敛/待确认,-0.18949044585987262,0.4123456790123456,-0.012609117361784605,10.129199999999999,0.005015203569877169,0.005359695092901129,,,,0.03350253807106607,9.28,9.28,0.09698275862068972,0.09698275862068972,True,2,2026-09-04,沪深主板10%,17,10.039370078740163,RETEST_STABILIZING,False,False,5,False,9.85,2026-09-21,1.4185841545458333,0.9411591745325174,True,True,True,,0.03935418768920288,,,突破后处于一周内确认窗，守位/缩量/横住或小平台再突破条件尚未全部成立,2,2,1,1,0,1,7,True,True,True,,硬资格：最近25个交易日（含当日）至少一次按板块涨停价核验的实际涨停，且最新收盘价严格高于MA25、当日MA25严格高于前一交易日MA25；通过后再按方向/非极端波动/不过热排序,268,True,,,257,4,入选：满足一级粗筛资格条件；本阶段不设置数量下限或上限
603236,移远通信,76.15,0.03296256104177986,0.13911742707554242,0.22624798711755245,0.3559472934472936,,,,0.1431956167629202,-0.013601036269429989,0.1638575152041704,0.8739032603081709,22129334.8,14866834.1,1.4885035140063883,0.0613557484549934,0.03942669636150618,1.5561980616488427,False,0.10233539249661017,0.05447567938597864,True,3,2,部分收敛/待确认,-0.013601036269429989,0.9544666088464876,0.1891376994909275,62.756400000000006,0.21342205735191944,0.009243892083832028,,,,0.01546872916388864,67.53,57.55,0.12764697171627426,0.32319721980886196,True,1,2026-08-31,沪深主板10%,17,9.99286224125624,READY_FOR_BREAKOUT,False,False,3,False,75.3,,,,False,False,False,,,,,紧凑缩量平台形成，尚未出现放量突破,2,2,1,0,1,1,7,True,True,True,近10日速度偏快,硬资格：最近25个交易日（含当日）至少一次按板块涨停价核验的实际涨停，且最新收盘价严格高于MA25、当日MA25严格高于前一交易日MA25；通过后再按方向/非极端波动/不过热排序,268,True,,,257,4,入选：满足一级粗筛资格条件；本阶段不设置数量下限或上限
603269,海鸥股份,26.92,0.00522778192681117,0.1291946308724834,0.0003716090672611916,0.46066196418882277,,,,0.19837189374464434,-0.07364074328974524,0.2376490630323679,0.8347261765455646,29564837.0,50465278.4,0.5858451184131385,0.07557394414126957,0.12186393241424971,0.6201502170828734,True,0.061984806853079055,-0.004617951802553422,True,3,3,收敛较充分,-0.07364074328974524,0.8212197159565583,0.0691449223559315,23.736,0.13414223120997648,0.014896782910602369,,,,0.018925056775170424,23.34,23.34,0.15338474721508155,0.15338474721508155,True,3,2026-08-31,沪深主板10%,17,10.01984126984128,INELIGIBLE,False,False,0,False,,,,,False,False,True,,,,,未形成合格的短周期缩量平台或呈N型走势,2,2,0,1,1,1,7,True,True,True,近5日波动仍偏大,硬资格：最近25个交易日（含当日）至少一次按板块涨停价核验的实际涨停，且最新收盘价严格高于MA25、当日MA25严格高于前一交易日MA25；通过后再按方向/非极端波动/不过热排序,268,True,,,257,4,入选：满足一级粗筛资格条件；本阶段不设置数量下限或上限
603285,键邦股份,38.3,-0.0018243419338024314,-0.0015641293013556323,0.22091169907554975,0.10693641618497107,,,,0.05915568701263789,-0.02767199796902775,0.26504854368932057,0.22318812316123438,6143378.6,7357423.8,0.8349904486948271,0.1059991971762692,0.11158159200024281,0.9499702887913495,True,0.008341692624465491,0.05717460046149925,True,3,3,收敛较充分,-0.02767199796902775,0.8716136631330974,0.09514618628922711,35.0244,0.0935233722776121,0.0004684643510053377,,,,-0.020209772320286645,37.19,31.2,0.029846732992739877,0.22756410256410242,True,1,2026-08-20,沪深主板10%,17,9.999999999999986,READY_FOR_BREAKOUT,False,False,5,False,38.92,,,,False,False,False,,,,,紧凑缩量平台形成，尚未出现放量突破,2,2,1,0,1,1,7,True,True,True,近10日速度偏快,硬资格：最近25个交易日（含当日）至少一次按板块涨停价核验的实际涨停，且最新收盘价严格高于MA25、当日MA25严格高于前一交易日MA25；通过后再按方向/非极端波动/不过热排序,268,True,,,257,4,入选：满足一级粗筛资格条件；本阶段不设置数量下限或上限
603328,依顿电子,13.82,0.0014492753623187582,0.06225980015372801,0.25636363636363635,0.26672777268560943,,,,0.11622464898595945,-0.03424178895877006,0.3112391930835735,0.3734254925752586,69969037.2,47485057.3,1.4734958990983467,0.0747376763016243,0.040975057325775714,1.8239797862249705,False,0.023252347592785716,0.06709239350092955,True,3,2,部分收敛/待确认,-0.03424178895877006,0.8768844221105527,0.14731642522103683,11.828400000000002,0.16837442088532661,0.007392518907133772,,,,-0.03424178895877006,12.82,11.03,0.07800312012480504,0.2529465095194925,True,1,2026-09-09,沪深主板10%,17,9.999999999999986,READY_FOR_BREAKOUT,False,False,3,False,13.98,,,,False,False,False,,,,,紧凑缩量平台形成，尚未出现放量突破,2,2,1,0,1,1,7,True,True,True,近10日速度偏快,硬资格：最近25个交易日（含当日）至少一次按板块涨停价核验的实际涨停，且最新收盘价严格高于MA25、当日MA25严格高于前一交易日MA25；通过后再按方向/非极端波动/不过热排序,268,True,,,257,4,入选：满足一级粗筛资格条件；本阶段不设置数量下限或上限
603375,盛景微电子,48.42,-0.09999999999999987,0.07695729537366547,0.03483650352639467,0.2908557717941884,,,,0.22438478747203564,-0.11529325781107247,0.23120787973043033,0.9704893610617862,6997624.2,3036517.0,2.3044903749921373,0.10044161476544186,0.04760854141839165,2.1097393823252117,False,0.09758253414062845,0.03985642877590112,True,3,2,部分收敛/待确认,-0.11529325781107247,0.6611170784103118,0.09057738437109375,43.127199999999995,0.12272533343226555,0.00817250149611004,,,,-0.06326175275681944,44.7,42.5,0.08322147651006717,0.1392941176470588,True,2,2026-09-18,沪深主板10%,25,10.002538715409992,RETEST_STABILIZING,True,False,4,False,46.18,2026-09-16,1.8594782760981565,2.2164971913272766,True,False,False,,0.16794707639778056,54.01,1.2722328636997258,突破后处于一周内确认窗，守位/缩量/横住或小平台再突破条件尚未全部成立,2,2,0,1,1,1,7,True,True,True,近5日波动仍偏大,硬资格：最近25个交易日（含当日）至少一次按板块涨停价核验的实际涨停，且最新收盘价严格高于MA25、当日MA25严格高于前一交易日MA25；通过后再按方向/非极端波动/不过热排序,268,True,,,257,4,入选：满足一级粗筛资格条件；本阶段不设置数量下限或上限
603626,科森科技,22.93,-0.017987152034261267,0.2145127118644068,0.057169202397418184,0.14364089775561095,,,,0.3151283451665756,-0.04775747508305639,0.21648906337633222,1.4556317083730668,52174465.4,43453751.6,1.2006895487477312,0.08384307175969376,0.06864259555590713,1.2214437854612643,False,0.13041696547484904,0.05281672189650788,True,3,1,结构未成熟,-0.04775747508305639,0.8697621744054361,0.13366128593676607,19.8028,0.15791706223362345,0.012288880709933503,,,,-0.02092228864218626,18.31,17.94,0.2523211359912616,0.27814938684503887,True,4,2026-09-08,沪深主板10%,17,10.029498525073732,INELIGIBLE,False,False,0,False,,,,,False,False,False,,,,,未形成合格的短周期缩量平台或呈N型走势,2,2,0,1,1,1,7,True,True,True,近5日波动仍偏大,硬资格：最近25个交易日（含当日）至少一次按板块涨停价核验的实际涨停，且最新收盘价严格高于MA25、当日MA25严格高于前一交易日MA25；通过后再按方向/非极端波动/不过热排序,268,True,,,257,4,入选：满足一级粗筛资格条件；本阶段不设置数量下限或上限
603679,华体科技,26.11,-0.024289985052316942,0.11248402215594377,-0.001529636711281035,0.16354723707664864,,,,0.20220264317180617,-0.0432392817882008,0.2318501170960187,0.8721265518622349,11031099.0,10829523.6,1.0186135057686194,0.055989893314760196,0.05161403953223576,1.08478030051865,False,0.03339914445541292,0.028582018862485237,True,3,2,部分收敛/待确认,-0.0432392817882008,0.80623973727422,0.08302051143787459,23.704,0.10150185622679708,0.00573639727096853,,,,0.005778120184899871,22.7,22.7,0.1502202643171806,0.1502202643171806,True,2,2026-09-08,沪深主板10%,17,10.012620950778285,RETEST_STABILIZING,False,False,3,False,24.1,2026-09-18,2.111729355466174,0.7673789689828437,True,False,True,,0.07356412273800146,,0.6682374669280347,突破后处于一周内确认窗，守位/缩量/横住或小平台再突破条件尚未全部成立,2,2,0,1,1,1,7,True,True,True,近5日波动仍偏大,硬资格：最近25个交易日（含当日）至少一次按板块涨停价核验的实际涨停，且最新收盘价严格高于MA25、当日MA25严格高于前一交易日MA25；通过后再按方向/非极端波动/不过热排序,268,True,,,257,4,入选：满足一级粗筛资格条件；本阶段不设置数量下限或上限
603696,安记食品,14.56,0.011813759555246772,0.08092056421677807,-0.17740112994350277,0.0930930930930931,,,,0.09924812030075177,-0.2043715846994536,0.3595839524517087,0.27600820232399154,16076129.6,26202624.0,0.6135312860269262,0.06662608560090695,0.1156593305933484,0.5760545669692699,True,0.014275414563806876,-0.043308390172836275,False,3,2,部分收敛/待确认,-0.2043715846994536,0.3368794326241135,-0.0006863417982155839,14.2832,0.01937941077629657,0.00030814914418586525,,,,0.024630541871921263,13.3,13.3,0.09473684210526323,0.09473684210526323,True,2,2026-09-07,沪深主板10%,17,10.036363636363642,INELIGIBLE,False,False,5,False,14.4,,,,False,False,True,,,,,未形成合格的短周期缩量平台或呈N型走势,2,2,1,1,0,1,7,True,True,True,,硬资格：最近25个交易日（含当日）至少一次按板块涨停价核验的实际涨停，且最新收盘价严格高于MA25、当日MA25严格高于前一交易日MA25；通过后再按方向/非极端波动/不过热排序,268,True,,,257,4,入选：满足一级粗筛资格条件；本阶段不设置数量下限或上限
603936,博敏电子,22.62,0.046737621471540924,0.020758122743682383,0.288888888888889,0.3143521208599651,,,,0.13575525812619502,-0.04797979797979801,0.4706253948199622,0.28845714579029086,67666863.8,74732984.6,0.9054484330069162,0.10249125778217616,0.10905110398432392,0.9398461275266802,True,0.0021982047994137943,0.07324114876158627,True,3,3,收敛较充分,-0.04797979797979801,0.8562421185372004,0.17135311480503335,18.9476,0.19381874221537299,0.007443799315170585,,,,-0.0035242290748898064,20.92,17.55,0.08126195028680683,0.288888888888889,True,1,2026-09-07,沪深主板10%,17,10.012515644555675,BREAKOUT_AWAIT_RETEST,True,False,4,False,22.48,2026-09-22,1.6277168293893376,,False,False,False,,,,,首次放量突破，仅观察，等待缩量回踩确认,2,2,1,0,1,1,7,True,True,True,近10日速度偏快,硬资格：最近25个交易日（含当日）至少一次按板块涨停价核验的实际涨停，且最新收盘价严格高于MA25、当日MA25严格高于前一交易日MA25；通过后再按方向/非极端波动/不过热排序,268,True,,,257,4,入选：满足一级粗筛资格条件；本阶段不设置数量下限或上限
603980,吉华集团,8.95,0.0011185682326622093,0.13867684478371478,0.16083009079118016,0.36641221374045796,,,,0.18275418275418276,-0.02611534276387384,0.2170767004341534,0.8418876018876019,53247099.2,74633062.9,0.7134518821952301,0.08344582581843579,0.11370187666610018,0.733900162998056,True,0.06856435643564351,0.0428338148473808,True,3,3,收敛较充分,-0.02611534276387384,0.9139784946236558,0.13940165499681734,7.6204,0.1744790299721799,0.009913061916878796,,,,-0.0022296544035675936,7.77,7.5,0.15186615186615193,0.19333333333333313,True,1,2026-09-01,沪深主板10%,17,9.999999999999986,EFFECTIVE_BREAKOUT_CONFIRMED,True,True,4,False,8.37,2026-09-18,1.2814409404691187,0.7499725187277858,True,True,False,RETEST_RENEWED_STRENGTH,0.05028571428571423,,0.7700043263272188,放量突破后缩量回踩守位，价格重新缓慢走强,2,2,0,1,1,1,7,True,True,True,近5日波动仍偏大,硬资格：最近25个交易日（含当日）至少一次按板块涨停价核验的实际涨停，且最新收盘价严格高于MA25、当日MA25严格高于前一交易日MA25；通过后再按方向/非极端波动/不过热排序,268,True,,,257,4,入选：满足一级粗筛资格条件；本阶段不设置数量下限或上限
605162,新中港,11.82,-0.02796052631578949,0.023376623376623273,0.157688540646425,0.31333333333333346,,,,0.191806331471136,-0.07656249999999998,0.18219037871033789,1.052779695771347,48797951.0,41677057.5,1.170858835223672,0.13333878563873444,0.0906254272554099,1.471317594596772,False,0.06104289019398479,0.04742721113349213,True,3,1,结构未成熟,-0.07656249999999998,0.774712643678161,0.08714647045297785,10.5092,0.1247288090435048,0.008057399378429198,,,,-0.05212510024057737,10.74,9.84,0.1005586592178771,0.2012195121951219,True,2,2026-09-09,沪深主板10%,17,10.000000000000009,READY_FOR_BREAKOUT,False,False,3,False,12.47,,,,False,False,False,,,,,紧凑缩量平台形成，尚未出现放量突破,2,2,0,1,1,1,7,True,True,True,近5日波动仍偏大,硬资格：最近25个交易日（含当日）至少一次按板块涨停价核验的实际涨停，且最新收盘价严格高于MA25、当日MA25严格高于前一交易日MA25；通过后再按方向/非极端波动/不过热排序,268,True,,,257,4,入选：满足一级粗筛资格条件；本阶段不设置数量下限或上限
605178,时空科技,74.79,0.10001470804530088,0.15953488372093028,0.10440047253396356,0.1324954572986068,,,,0.1722570532915362,0.0,0.12204411998095549,1.4114326304160842,3491161.8,2940760.0,1.1871631142969843,0.031319300901628266,0.03064277063267773,1.0220779732048473,False,0.05560849651102018,0.01478488521662813,True,3,1,结构未成熟,0.0,1.0,0.10953691409582156,67.1024,0.1145652018407688,0.002929465641553053,,,,0.06858122588941296,63.8,63.01,0.17225705329153618,0.18695445167433755,True,1,2026-09-22,沪深主板10%,17,10.001470804530088,RETEST_STABILIZING,True,False,5,False,66.86,2026-09-18,1.7878448645522902,0.8739899152451454,True,False,False,,0.13835616438356169,,0.950593812853175,突破后处于一周内确认窗，守位/缩量/横住或小平台再突破条件尚未全部成立,2,2,1,1,1,0,7,True,True,True,,硬资格：最近25个交易日（含当日）至少一次按板块涨停价核验的实际涨停，且最新收盘价严格高于MA25、当日MA25严格高于前一交易日MA25；通过后再按方向/非极端波动/不过热排序,268,True,,,257,4,入选：满足一级粗筛资格条件；本阶段不设置数量下限或上限
605288,凯迪股份,68.25,-0.03873239436619713,0.12549472295514508,0.00872007094295002,0.21896767279871399,,,,0.23299319727891163,-0.0719336415556161,0.2297658862876256,1.0140460842269945,2290572.0,2637933.2,0.8683206989471909,0.025299537354450435,0.028015386884307856,0.9030586462691815,True,0.07373756694720712,0.007295772470824469,True,3,2,部分收敛/待确认,-0.0719336415556161,0.7424537487828625,0.037186754403294664,63.8588,0.06876421104060837,0.004056552747764286,,,,-0.029988629903354158,58.8,58.8,0.1607142857142858,0.1607142857142858,True,2,2026-09-03,沪深主板10%,17,10.006082725060828,RETEST_STABILIZING,True,False,4,False,63.4,2026-09-17,1.7532159844073898,0.9662691467419451,True,False,False,,0.08793517406962784,72.5,0.6117690525467725,突破后处于一周内确认窗，守位/缩量/横住或小平台再突破条件尚未全部成立,2,2,0,1,1,1,7,True,True,True,近5日波动仍偏大,硬资格：最近25个交易日（含当日）至少一次按板块涨停价核验的实际涨停，且最新收盘价严格高于MA25、当日MA25严格高于前一交易日MA25；通过后再按方向/非极端波动/不过热排序,268,True,,,257,4,入选：满足一级粗筛资格条件；本阶段不设置数量下限或上限
688368,晶丰明源半导体,145.93,-0.006264896152536559,0.14932661258565028,0.00013707079706670733,0.23418470906630584,,,,0.24612202688728035,-0.07756005056890003,0.2673235600416566,0.9206896199082774,5381710.4,3574210.7,1.5057059730698026,0.046719937821802504,0.028967105340773583,1.6128618055612325,False,0.08631409444005422,-0.0010293875858716772,True,3,2,部分收敛/待确认,-0.07756005056890003,0.7391581632653065,0.024372095635204705,138.812,0.051277987493876465,0.002423517653549867,,,,-0.03357615894039734,125.71,124.83,0.16084639249065313,0.16902988063766733,True,1,2026-08-27,科创板20%,17,19.999999999999996,INELIGIBLE,False,False,0,False,,,,,False,False,False,,,,,未形成合格的短周期缩量平台或呈N型走势,2,2,0,1,1,1,7,True,True,True,近5日波动仍偏大,硬资格：最近25个交易日（含当日）至少一次按板块涨停价核验的实际涨停，且最新收盘价严格高于MA25、当日MA25严格高于前一交易日MA25；通过后再按方向/非极端波动/不过热排序,268,True,,,257,4,入选：满足一级粗筛资格条件；本阶段不设置数量下限或上限
000002,万 科Ａ,3.81,0.043835616438356206,0.26158940397351005,0.1651376146788992,0.2330097087378642,,,,0.3053691275167786,-0.020565552699228773,0.09302325581395358,3.282718120805366,443078112.6,145363654.5,3.0480666857477776,0.0359120477517394,0.01496263112902077,2.400115824688493,False,0.10869565217391286,0.03458213256484144,True,3,1,结构未成熟,-0.020565552699228773,0.9120879120879121,0.19192867198498353,3.1744,0.200226814516129,0.009027336300063471,,,,0.1475903614457832,2.98,2.98,0.2785234899328859,0.2785234899328859,True,2,2026-09-21,沪深主板10%,25,9.93975903614459,RETEST_STABILIZING,True,False,5,False,3.07,2026-09-18,5.140970556802369,1.876320226605884,True,False,False,,0.18960244648318045,,0.9825095762046936,突破后处于一周内确认窗，守位/缩量/横住或小平台再突破条件尚未全部成立,2,2,0,1,1,0,6,True,True,True,近5日波动仍偏大,硬资格：最近25个交易日（含当日）至少一次按板块涨停价核验的实际涨停，且最新收盘价严格高于MA25、当日MA25严格高于前一交易日MA25；通过后再按方向/非极端波动/不过热排序,401,True,,,257,4,入选：满足一级粗筛资格条件；本阶段不设置数量下限或上限
000560,我爱我家,3.51,0.10031347962382431,0.35521235521235517,0.02034883720930236,0.4686192468619246,,,,0.3710937499999999,0.0,0.33333333333333326,1.11328125,374476670.6,562840019.2,0.6653341230644318,0.14642068210076295,0.2547372799572482,0.5747909458927107,True,0.11795252225519293,-0.004102564102564155,True,3,2,部分收敛/待确认,0.0,1.0,0.2016432728517632,2.7968,0.2550057208237986,0.019687910164795097,,,,0.15081967213114744,2.56,2.56,0.3710937499999998,0.3710937499999998,True,8,2026-09-22,沪深主板10%,17,10.185185185185164,RETEST_STABILIZING,False,False,3,False,2.7,2026-09-17,1.7596893139465037,1.0857799415342668,True,False,True,,0.29520295202952024,3.19,0.9315266236582672,突破后处于一周内确认窗，守位/缩量/横住或小平台再突破条件尚未全部成立,2,2,0,1,1,0,6,True,True,True,近5日波动仍偏大,硬资格：最近25个交易日（含当日）至少一次按板块涨停价核验的实际涨停，且最新收盘价严格高于MA25、当日MA25严格高于前一交易日MA25；通过后再按方向/非极端波动/不过热排序,401,True,,,257,4,入选：满足一级粗筛资格条件；本阶段不设置数量下限或上限
000756,新华制药,16.14,0.10020449897750505,0.26588235294117646,0.19378698224852076,0.19378698224852076,,,,0.2758893280632411,0.0,0.0869565217391304,3.172727272727274,28695790.2,6194965.5,4.632114609839231,0.05752124352167916,0.012417923209304052,4.632114609839246,False,0.0872755659640907,0.032893727955834784,True,3,1,结构未成熟,0.0,1.0,0.20344480483167438,13.4832,0.1970452118191528,0.00644930132568966,,,,0.1528571428571428,12.65,12.65,0.27588932806324107,0.27588932806324107,True,2,2026-09-22,沪深主板10%,25,10.020449897750506,RETEST_STABILIZING,True,False,5,False,13.06,2026-09-18,3.047485322495193,3.7419990276927875,True,False,False,,0.15285714285714289,,4.566221123752175,突破后处于一周内确认窗，守位/缩量/横住或小平台再突破条件尚未全部成立,2,2,0,1,1,0,6,True,True,True,近5日波动仍偏大,硬资格：最近25个交易日（含当日）至少一次按板块涨停价核验的实际涨停，且最新收盘价严格高于MA25、当日MA25严格高于前一交易日MA25；通过后再按方向/非极端波动/不过热排序,401,True,,,257,4,入选：满足一级粗筛资格条件；本阶段不设置数量下限或上限
000823,超声电子,25.22,0.0007936507936507908,0.05523012552301254,0.5257108287961281,0.6971736204576042,,,,0.202180826896865,-0.046863189720332654,0.7357043235704324,0.27481261210436436,178371398.0,110437369.4,1.6151362439098444,0.2840093448838512,0.18486499748391572,1.5363067576303167,False,0.05754036413603547,0.1348066298342543,True,3,2,部分收敛/待确认,-0.046863189720332654,0.900241351568785,0.32736842105263175,18.148,0.38968481375358155,0.021271806415306793,,,,-0.01098039215686275,22.01,16.57,0.14584279872785078,0.5220277610138804,True,1,2026-09-07,沪深主板10%,17,10.006901311249127,INELIGIBLE,False,False,0,False,,,,,False,False,False,,,,,未形成合格的短周期缩量平台或呈N型走势,2,2,0,0,1,1,6,True,True,True,近5日波动仍偏大,硬资格：最近25个交易日（含当日）至少一次按板块涨停价核验的实际涨停，且最新收盘价严格高于MA25、当日MA25严格高于前一交易日MA25；通过后再按方向/非极端波动/不过热排序,401,True,,,257,4,入选：满足一级粗筛资格条件；本阶段不设置数量下限或上限
000993,闽东电力,20.91,0.023494860499265746,0.24464285714285716,1.0047938638542666,1.1314984709480123,,,,0.25736620565243545,0.0,0.6833667334669339,0.37661506340341727,98887277.4,41433263.0,2.3866640047152456,0.23657848333873432,0.08691519691511596,2.721946123757668,False,0.18191747572815542,0.21229454782419843,True,3,2,部分收敛/待确认,0.0,1.0,0.5518201046421016,12.725999999999999,0.6430928807166432,0.035711960414089416,,,,0.05766312594840661,16.63,10.35,0.2573662056524355,1.020289855072464,True,1,2026-09-09,沪深主板10%,17,9.971236816874418,INELIGIBLE,False,False,0,False,,,,,False,False,False,,,,,未形成合格的短周期缩量平台或呈N型走势,2,2,0,0,1,1,6,True,True,True,近5日波动仍偏大,硬资格：最近25个交易日（含当日）至少一次按板块涨停价核验的实际涨停，且最新收盘价严格高于MA25、当日MA25严格高于前一交易日MA25；通过后再按方向/非极端波动/不过热排序,401,True,,,257,4,入选：满足一级粗筛资格条件；本阶段不设置数量下限或上限
002080,中材科技,62.5,-0.056461352657004804,0.16235819230053927,0.25325847202727103,0.2755102040816326,,,,0.26678141135972455,-0.056461352657004804,0.17829787234042557,1.496268058938789,104124050.0,41463215.7,2.511239136717512,0.060735259739964395,0.02470808234585893,2.458113053445591,False,0.11325875664771656,0.079476166736971,True,3,1,结构未成熟,-0.056461352657004804,0.8096692111959289,0.16812604547281085,53.20440000000001,0.17471487320597534,0.0018076236527555523,,,,-0.03190830235439901,52.29,48.1,0.19525721935360485,0.2993762993762994,True,1,2026-09-21,沪深主板10%,25,9.996678844237783,INELIGIBLE,False,False,0,False,,,,,False,False,False,,,,,未形成合格的短周期缩量平台或呈N型走势,2,2,0,0,1,1,6,True,True,True,近5日波动仍偏大,硬资格：最近25个交易日（含当日）至少一次按板块涨停价核验的实际涨停，且最新收盘价严格高于MA25、当日MA25严格高于前一交易日MA25；通过后再按方向/非极端波动/不过热排序,401,True,,,257,4,入选：满足一级粗筛资格条件；本阶段不设置数量下限或上限
002084,海鸥住工,6.4,0.045751633986928164,0.24756335282651087,-0.05882352941176461,0.47126436781609216,,,,0.2976653696498055,-0.15231788079470188,0.49801587301587297,0.5977025749143505,90224618.4,139109875.8,0.6485852846976663,0.1257527683676986,0.22142814478342057,0.5679168223655475,True,0.08127340823970042,-0.05160531181711203,False,3,2,部分收敛/待确认,-0.15231788079470188,0.731934731934732,0.05907661757405269,5.5824,0.14646030381198072,0.02196836555360293,,,,0.09589041095890427,5.14,5.04,0.24513618677042825,0.26984126984127,True,7,2026-09-01,沪深主板10%,17,10.126582278481,INELIGIBLE,False,False,0,False,,,,,False,False,True,,,,,未形成合格的短周期缩量平台或呈N型走势,2,2,0,1,1,0,6,True,True,True,近5日波动仍偏大,硬资格：最近25个交易日（含当日）至少一次按板块涨停价核验的实际涨停，且最新收盘价严格高于MA25、当日MA25严格高于前一交易日MA25；通过后再按方向/非极端波动/不过热排序,401,True,,,257,4,入选：满足一级粗筛资格条件；本阶段不设置数量下限或上限
002178,延华智能,5.59,0.10039370078740162,0.2152173913043478,0.1719077568134173,0.2152173913043478,,,,0.23672566371681425,0.0,0.0436681222707424,5.421017699115041,40344179.8,9256909.1,4.358277624223403,0.05667663194962613,0.0130043647597427,4.358277624223416,False,0.05596211795092576,0.024114383269312922,True,3,1,结构未成熟,0.0,1.0,0.17795806553577065,4.6924,0.1912880402352739,0.00868443680137565,,,,0.1768421052631579,4.52,4.52,0.23672566371681425,0.23672566371681425,True,2,2026-09-22,沪深主板10%,25,10.039370078740163,RETEST_STABILIZING,True,False,3,False,4.65,2026-09-21,4.725517740040734,2.6556186217380575,True,False,False,,0.08966861598440545,,,突破后处于一周内确认窗，守位/缩量/横住或小平台再突破条件尚未全部成立,2,2,0,1,1,0,6,True,True,True,近5日波动仍偏大,硬资格：最近25个交易日（含当日）至少一次按板块涨停价核验的实际涨停，且最新收盘价严格高于MA25、当日MA25严格高于前一交易日MA25；通过后再按方向/非极端波动/不过热排序,401,True,,,257,4,入选：满足一级粗筛资格条件；本阶段不设置数量下限或上限
002259,升达林业,4.97,0.0995575221238938,0.21219512195121948,0.12698412698412698,0.1861575178997612,,,,0.2332506203473944,0.0,0.11491442542787281,2.029776674937965,28380242.8,12607358.4,2.251085588238691,0.0377232174369436,0.01675778905699415,2.2510855882386926,False,0.05354558610709104,0.015076560659599503,True,3,1,结构未成熟,0.0,1.0,0.1562172850994532,4.2112,0.18018617021276584,0.010946802381409437,,,,0.16393442622950816,4.03,4.03,0.2332506203473943,0.2332506203473943,True,3,2026-09-22,沪深主板10%,25,9.975669099756669,RETEST_STABILIZING,True,False,5,False,4.26,2026-09-21,4.476745691303224,1.2715220075851263,True,False,False,,0.06423982869379011,,,突破后处于一周内确认窗，守位/缩量/横住或小平台再突破条件尚未全部成立,2,2,0,1,1,0,6,True,True,True,近5日波动仍偏大,硬资格：最近25个交易日（含当日）至少一次按板块涨停价核验的实际涨停，且最新收盘价严格高于MA25、当日MA25严格高于前一交易日MA25；通过后再按方向/非极端波动/不过热排序,401,True,,,257,4,入选：满足一级粗筛资格条件；本阶段不设置数量下限或上限
002290,禾盛新材,77.85,0.10004239084357769,0.2580801551389784,0.15128660159716034,0.25443119561714456,,,,0.27581120943952786,0.0,0.1343234862085849,2.0533356989501677,7204531.2,6301234.0,1.1433524290638946,0.029129599686193303,0.02547735846421632,1.1433524290638946,False,0.08323409589470376,0.028186142454703633,True,3,1,结构未成熟,0.0,1.0,0.1869096896654241,65.128,0.1953384105146787,0.0057446414231885345,,,,0.13716038562664323,61.02,61.02,0.27581120943952797,0.27581120943952797,True,2,2026-09-22,沪深主板10%,25,10.006466214031672,RETEST_STABILIZING,False,False,5,False,66.12,2026-09-18,1.3599596021976958,0.985660089454819,True,False,True,,0.1364963503649634,,0.29333340991633927,突破后处于一周内确认窗，守位/缩量/横住或小平台再突破条件尚未全部成立,2,2,0,1,1,0,6,True,True,True,近5日波动仍偏大,硬资格：最近25个交易日（含当日）至少一次按板块涨停价核验的实际涨停，且最新收盘价严格高于MA25、当日MA25严格高于前一交易日MA25；通过后再按方向/非极端波动/不过热排序,401,True,,,257,4,入选：满足一级粗筛资格条件；本阶段不设置数量下限或上限
002301,齐心集团,9.27,0.0996441281138789,0.2007772020725389,0.17639593908629436,0.19458762886597936,,,,0.21973684210526315,0.0,0.06901041666666682,3.1841112214498435,15388276.2,10995179.1,1.3995475708076461,0.02143247617553454,0.015313860437888783,1.3995475708076448,False,0.05667181865018023,0.02199618563254946,True,3,1,结构未成熟,0.0,1.0,0.16523160077933507,7.8628,0.1789693239049701,0.007586242247167974,,,,0.17639593908629436,7.6,7.6,0.21973684210526323,0.21973684210526323,True,1,2026-09-22,沪深主板10%,25,9.964412811387891,RETEST_STABILIZING,True,False,5,False,7.88,2026-09-21,3.188324976630525,1.115227338274478,True,False,False,,0.10620525059665856,,,突破后处于一周内确认窗，守位/缩量/横住或小平台再突破条件尚未全部成立,2,2,0,1,1,0,6,True,True,True,近5日波动仍偏大,硬资格：最近25个交易日（含当日）至少一次按板块涨停价核验的实际涨停，且最新收盘价严格高于MA25、当日MA25严格高于前一交易日MA25；通过后再按方向/非极端波动/不过热排序,401,True,,,257,4,入选：满足一级粗筛资格条件；本阶段不设置数量下限或上限
002614,奥佳华,6.88,0.1008,0.25090909090909097,0.18416523235800342,0.18825561312607952,,,,0.2717190388170055,0.0,0.07366482504604059,3.6885859519408455,9527669.8,9458495.6,1.0073134463370688,0.02159121428844222,0.02143445455528778,1.007313446337069,False,0.0807385952208548,0.027575164561465915,True,3,1,结构未成熟,0.0,1.0,0.19134199134199115,5.6656,0.21434622987856522,0.013814329682914739,,,,0.19444444444444442,5.41,5.41,0.27171903881700543,0.27171903881700543,True,2,2026-09-22,沪深主板10%,25,10.08,RETEST_STABILIZING,True,False,5,False,5.61,2026-09-18,1.3972037027881898,1.0773029535943806,True,False,False,,0.10967741935483866,,1.0910408513723597,突破后处于一周内确认窗，守位/缩量/横住或小平台再突破条件尚未全部成立,2,2,0,1,1,0,6,True,True,True,近5日波动仍偏大,硬资格：最近25个交易日（含当日）至少一次按板块涨停价核验的实际涨停，且最新收盘价严格高于MA25、当日MA25严格高于前一交易日MA25；通过后再按方向/非极端波动/不过热排序,401,True,,,257,4,入选：满足一级粗筛资格条件；本阶段不设置数量下限或上限
002638,勤上股份,4.31,0.0,0.07481296758104738,-0.018223234624145768,-0.01146788990825709,,,,0.11838790931989929,-0.10580912863070557,0.1934673366834171,0.6119271157054534,25517506.2,40963936.2,0.6229261288616107,0.020042612802941635,0.03177760465857191,0.6307150277148155,True,0.03260340632603387,-0.002145922746780937,True,3,3,收敛较充分,-0.10580912863070557,0.6136363636363632,-0.006683567642314037,4.2736,0.008517409210033522,0.004324121075390153,,,,0.0,3.97,3.97,0.08564231738035244,0.08564231738035244,True,1,2026-08-21,沪深主板10%,6,10.133333333333328,RETEST_STABILIZING,True,False,5,False,4.17,2026-09-17,1.2106302068660566,0.7196083813757617,True,False,False,,0.06220095693779921,4.34,1.0708173299118362,突破后处于一周内确认窗，守位/缩量/横住或小平台再突破条件尚未全部成立,0,2,1,1,1,1,6,True,True,True,20日方向仍偏弱,硬资格：最近25个交易日（含当日）至少一次按板块涨停价核验的实际涨停，且最新收盘价严格高于MA25、当日MA25严格高于前一交易日MA25；通过后再按方向/非极端波动/不过热排序,401,True,,,257,4,入选：满足一级粗筛资格条件；本阶段不设置数量下限或上限
002811,郑中设计,17.11,0.027627627627627716,0.2195295794725589,0.16712141882673937,0.30411585365853666,,,,0.24320457796852635,-0.015535097813578758,0.16508400292184075,1.4732171116766044,12226990.4,15789724.7,0.7743637480899208,0.036681386825827465,0.05960951447229955,0.6153612749668218,True,0.10136642498605686,0.035813244666112576,True,3,2,部分收敛/待确认,-0.015535097813578758,0.9542372881355933,0.17792847062063277,14.2328,0.20215277387443087,0.01402108862923912,,,,0.10315925209542232,13.98,13.71,0.22389127324749625,0.24799416484318004,True,1,2026-08-20,沪深主板10%,6,9.991742361684564,INELIGIBLE,False,False,0,False,,,,,False,False,False,,,,,未形成合格的短周期缩量平台或呈N型走势,2,2,0,1,1,0,6,True,True,True,近5日波动仍偏大,硬资格：最近25个交易日（含当日）至少一次按板块涨停价核验的实际涨停，且最新收盘价严格高于MA25、当日MA25严格高于前一交易日MA25；通过后再按方向/非极端波动/不过热排序,401,True,,,257,4,入选：满足一级粗筛资格条件；本阶段不设置数量下限或上限
002815,崇达技术,25.39,0.06323283082077058,0.17220683287165284,0.4865339578454335,0.8891369047619049,,,,0.2317073170731708,-0.03313023610053312,0.550948699929726,0.4205606022896965,106717441.4,97721942.2,1.092051989527486,0.15708290060079444,0.11768025637291786,1.3348279944514503,False,0.08917371148077446,0.12904722623221287,True,3,2,部分收敛/待确认,-0.03313023610053312,0.9352196574832464,0.3809044679520299,17.3768,0.4611435937571935,0.02588201955320457,,,,0.026688232915487164,21.32,17.17,0.19090056285178236,0.47874199184624344,True,1,2026-09-07,沪深主板10%,17,10.034364261168394,INELIGIBLE,False,False,0,False,,,,,False,False,False,,,,,未形成合格的短周期缩量平台或呈N型走势,2,2,0,0,1,1,6,True,True,True,近5日波动仍偏大,硬资格：最近25个交易日（含当日）至少一次按板块涨停价核验的实际涨停，且最新收盘价严格高于MA25、当日MA25严格高于前一交易日MA25；通过后再按方向/非极端波动/不过热排序,401,True,,,257,4,入选：满足一级粗筛资格条件；本阶段不设置数量下限或上限
002880,卫光生物,21.78,0.006469500924214389,0.07821782178217829,-0.041373239436619635,-0.034146341463414664,,,,0.09785322016974524,-0.12212817412333732,0.15928322548531604,0.614334747878182,2112928.6,3072871.7,0.687607165635975,0.0073330731922398,0.0141608295540438,0.5178420631541145,True,0.027545259879306894,-0.018076779724189307,False,3,2,部分收敛/待确认,-0.12212817412333732,0.38539553752535544,-0.003226470790142044,21.7188,0.0028178352395160644,0.0025110319233396794,,,,0.02784332232184994,20.03,20.03,0.08736894658012972,0.08736894658012972,True,2,2026-08-25,沪深主板10%,17,10.000000000000009,RETEST_STABILIZING,False,False,5,False,21.18,2026-09-21,1.6446962027651026,1.141054394076714,True,True,True,,0.03190990145471608,,,突破后处于一周内确认窗，守位/缩量/横住或小平台再突破条件尚未全部成立,0,2,1,1,1,1,6,True,True,True,20日方向仍偏弱,硬资格：最近25个交易日（含当日）至少一次按板块涨停价核验的实际涨停，且最新收盘价严格高于MA25、当日MA25严格高于前一交易日MA25；通过后再按方向/非极端波动/不过热排序,401,True,,,257,4,入选：满足一级粗筛资格条件；本阶段不设置数量下限或上限
002963,豪尔赛,23.54,0.04067197170645431,0.2501327668613915,0.08880666049953745,0.1584645669291338,,,,0.29621621621621624,-0.0423108218063466,0.21397849462365573,1.384327040608449,8554914.6,11085656.7,0.7717102226339013,0.04494709066222783,0.07469811914053923,0.6017164980775896,True,0.08490852117658965,0.01370063383715281,True,3,2,部分收敛/待确认,-0.0423108218063466,0.8688524590163935,0.13678618857901714,20.1832,0.1663165404891196,0.010716503415259426,,,,0.11882129277566533,18.5,18.5,0.2724324324324323,0.2724324324324323,True,3,2026-09-07,沪深主板10%,17,10.016242555495403,INELIGIBLE,False,False,0,False,,,,,False,False,True,,,,,未形成合格的短周期缩量平台或呈N型走势,2,2,0,1,1,0,6,True,True,True,近5日波动仍偏大,硬资格：最近25个交易日（含当日）至少一次按板块涨停价核验的实际涨停，且最新收盘价严格高于MA25、当日MA25严格高于前一交易日MA25；通过后再按方向/非极端波动/不过热排序,401,True,,,257,4,入选：满足一级粗筛资格条件；本阶段不设置数量下限或上限
002980,华盛昌,113.1,-0.04516673701983964,-0.040712468193384366,-0.12939727503656384,0.19657215404147266,,,,0.1452877249242828,-0.17667613015942352,0.4275174062142783,0.33984049026406743,13755145.2,12513310.4,1.0992411088915368,0.11691378124926595,0.12606295790570732,0.9274237507318781,True,-0.01488809118128731,0.003430825272387805,False,3,2,部分收敛/待确认,-0.17667613015942352,0.4782889079965605,-0.011056752751072207,110.678,0.021883301107717967,0.002841495989648779,,,,-0.1166132937592752,112.26,112.26,0.007482629609834257,0.007482629609834257,True,4,2026-09-08,沪深主板10%,17,10.004125412541253,RETEST_STABILIZING,True,False,3,False,122.38,2026-09-18,1.684614541789396,1.024927623702436,False,False,False,,0.1452877249242828,,0.8129738812140846,突破后处于一周内确认窗，守位/缩量/横住或小平台再突破条件尚未全部成立,2,2,1,1,0,0,6,True,True,True,,硬资格：最近25个交易日（含当日）至少一次按板块涨停价核验的实际涨停，且最新收盘价严格高于MA25、当日MA25严格高于前一交易日MA25；通过后再按方向/非极端波动/不过热排序,401,True,,,257,4,入选：满足一级粗筛资格条件；本阶段不设置数量下限或上限
003040,楚天龙,17.68,0.02137492778740624,0.11757269279393179,-0.20539325842696632,0.1421188630490955,,,,0.17433570965651338,-0.24315068493150682,0.4794173527549082,0.3636407999308251,73385139.2,88869429.8,0.8257635878293889,0.10343969861564567,0.2024636712461798,0.5109049834914392,True,0.01780889216408732,-0.07967384353016416,False,3,2,部分收敛/待确认,-0.24315068493150682,0.5463258785942492,-0.04682319325012796,17.4316,0.014249982789875881,0.01431430965459457,,,,0.06957047791893523,15.43,15.43,0.14581983149708355,0.14581983149708355,True,7,2026-09-04,沪深主板10%,17,10.021321961620465,RETEST_STABILIZING,False,False,4,False,16.49,2026-09-21,2.4491674631507556,0.9217270386775708,True,True,True,,0.0843806104129264,,,突破后处于一周内确认窗，守位/缩量/横住或小平台再突破条件尚未全部成立,2,2,1,1,0,0,6,True,True,True,,硬资格：最近25个交易日（含当日）至少一次按板块涨停价核验的实际涨停，且最新收盘价严格高于MA25、当日MA25严格高于前一交易日MA25；通过后再按方向/非极端波动/不过热排序,401,True,,,257,4,入选：满足一级粗筛资格条件；本阶段不设置数量下限或上限
300142,沃森生物,14.02,0.024105186267348477,0.07763259031514225,0.04315476190476186,-0.0277392510402219,,,,0.10989867498051444,-0.1221039448966813,0.09284028324154206,1.1837391177985923,79801524.4,72256046.6,1.1044269394057882,0.035505046944697395,0.04560318456316339,0.7785650779611802,True,0.023348084846635198,0.011714589989350266,True,3,2,部分收敛/待确认,-0.17383618149675895,0.3340857787810385,0.03392330383480835,13.773600000000002,0.017889295463785704,0.0027373325567852103,,,,0.038518518518518396,12.83,12.71,0.09275136399064698,0.10306845003933907,True,1,2026-08-20,创业板20%,17,19.999999999999996,RETEST_STABILIZING,True,False,5,False,13.45,2026-09-21,1.674873903360941,1.361061267533898,True,True,False,,0.04782928623988229,,,突破后处于一周内确认窗，守位/缩量/横住或小平台再突破条件尚未全部成立,0,2,1,1,1,1,6,True,True,True,20日方向仍偏弱,硬资格：最近25个交易日（含当日）至少一次按板块涨停价核验的实际涨停，且最新收盘价严格高于MA25、当日MA25严格高于前一交易日MA25；通过后再按方向/非极端波动/不过热排序,401,True,,,257,4,入选：满足一级粗筛资格条件；本阶段不设置数量下限或上限
300324,旋极信息,4.14,0.19999999999999996,0.2248520710059172,0.15642458100558643,0.2176470588235293,,,,0.24698795180722888,0.0,0.11309523809523819,2.183893468611285,77833661.8,23508584.5,3.310861264318147,0.04551720453361976,0.01374784411058482,3.310861264318155,False,0.043580683156654754,0.0074992789154888495,True,3,1,结构未成熟,0.0,1.0,0.17064894669871333,3.5263999999999998,0.1740018148820326,0.004672364672364759,,,,0.19999999999999996,3.32,3.32,0.24698795180722888,0.24698795180722888,True,1,2026-09-22,创业板20%,25,19.999999999999996,RETEST_STABILIZING,True,False,3,False,3.42,2026-09-21,1.2383518851228288,9.891209214107699,True,False,False,,0.17948717948717946,,,突破后处于一周内确认窗，守位/缩量/横住或小平台再突破条件尚未全部成立,2,2,0,1,1,0,6,True,True,True,近5日波动仍偏大,硬资格：最近25个交易日（含当日）至少一次按板块涨停价核验的实际涨停，且最新收盘价严格高于MA25、当日MA25严格高于前一交易日MA25；通过后再按方向/非极端波动/不过热排序,401,True,,,257,4,入选：满足一级粗筛资格条件；本阶段不设置数量下限或上限
300656,民德电子,29.76,-0.014243126863199729,0.20779220779220786,0.20975609756097557,0.1508120649651974,,,,0.32019704433497526,-0.07462686567164167,0.12870448772226922,2.4878467721026705,12542538.6,4318400.5,2.9044407993190995,0.11039827188570663,0.031999851471621696,3.4499620094677845,False,0.14000913103028445,0.06645902277593918,True,3,1,结构未成熟,-0.07462686567164167,0.7189695550351293,0.13170954309508875,26.332399999999996,0.13016663881757862,0.0002583037043788483,,,,-0.05941845764854614,24.36,23.62,0.2216748768472907,0.25994919559695173,True,1,2026-09-16,创业板20%,25,20.008116883116877,RETEST_STABILIZING,True,False,4,False,25.6,2026-09-16,2.9320740458327093,0.9634746089165017,True,False,False,,0.1292134831460673,32.16,0.5352818950478275,突破后处于一周内确认窗，守位/缩量/横住或小平台再突破条件尚未全部成立,2,2,0,0,1,1,6,True,True,True,近5日波动仍偏大,硬资格：最近25个交易日（含当日）至少一次按板块涨停价核验的实际涨停，且最新收盘价严格高于MA25、当日MA25严格高于前一交易日MA25；通过后再按方向/非极端波动/不过热排序,401,True,,,257,4,入选：满足一级粗筛资格条件；本阶段不设置数量下限或上限
301211,亨迪药业,12.68,0.004754358161648264,0.13315460232350307,0.0646515533165406,-0.04947526236881561,,,,0.16319129646418865,-0.05864884929472913,0.11510128913443832,1.4178059836808707,12180972.6,8606124.3,1.4153842281827138,0.0249789900806935,0.020700701283184724,1.2066736164626486,False,0.061924982307147936,0.016033461136284455,True,3,1,结构未成熟,-0.15466666666666673,0.4396135265700483,0.06375838926174504,12.1592,0.042831765247713705,0.0018456265242896563,,,,0.051409618573797555,11.03,10.86,0.14959202175883957,0.1675874769797423,True,1,2026-08-19,创业板20%,17,19.96699669966997,RETEST_STABILIZING,True,False,5,False,11.5,2026-09-17,1.720142242000384,1.1803010475722862,True,True,False,,0.11082251082251077,12.65,0.8988107039695091,突破后处于一周内确认窗，守位/缩量/横住或小平台再突破条件尚未全部成立,0,2,1,1,1,1,6,True,True,True,20日方向仍偏弱,硬资格：最近25个交易日（含当日）至少一次按板块涨停价核验的实际涨停，且最新收盘价严格高于MA25、当日MA25严格高于前一交易日MA25；通过后再按方向/非极端波动/不过热排序,401,True,,,257,4,入选：满足一级粗筛资格条件；本阶段不设置数量下限或上限
301231,荣信文化,30.58,0.04261847937265606,0.17434715821812596,0.01831501831501825,0.13175425610658764,,,,0.23561643835616436,-0.06023355869698832,0.2024587014982712,1.1637753112734268,5961860.8,7198066.4,0.8282586556856435,0.06299992867804756,0.11443596635059393,0.5505255968655574,True,0.054992548435170985,-0.001785969424203504,True,3,2,部分收敛/待确认,-0.06023355869698832,0.7281553398058251,0.07668474051123142,28.1252,0.08728115711177153,0.002323592302209576,,,,0.06291275634341331,25.55,25.55,0.19686888454011742,0.19686888454011742,True,1,2026-08-31,创业板20%,17,19.984656693517454,RETEST_STABILIZING,False,False,4,False,27.34,2026-09-18,1.4640713687455775,1.7399586229048356,True,False,True,,0.10115102895012203,,1.1041873703344216,突破后处于一周内确认窗，守位/缩量/横住或小平台再突破条件尚未全部成立,2,2,0,1,1,0,6,True,True,True,近5日波动仍偏大,硬资格：最近25个交易日（含当日）至少一次按板块涨停价核验的实际涨停，且最新收盘价严格高于MA25、当日MA25严格高于前一交易日MA25；通过后再按方向/非极端波动/不过热排序,401,True,,,257,4,入选：满足一级粗筛资格条件；本阶段不设置数量下限或上限
600059,古越龙山,10.79,-0.060104529616724856,0.21509009009008984,0.22613636363636336,0.3255528255528253,,,,0.31651376146788984,-0.060104529616724856,0.16486161251504203,1.9198754436482963,91541212.2,44778592.9,2.044307475324889,0.09264437704227807,0.04912398179326403,1.8859297162059783,False,0.15126970227670777,0.06661536770363852,True,3,1,结构未成熟,-0.060104529616724856,0.8140161725067382,0.18317890235210266,8.896799999999999,0.2127956119054042,0.011873891087757382,,,,-0.004612546125461359,8.72,8.53,0.23738532110091715,0.26494724501758493,True,1,2026-09-04,沪深主板10%,17,10.059880239520957,RETEST_STABILIZING,True,False,3,False,8.9,2026-09-16,1.7098715985090116,1.7268629888051865,True,False,False,,0.19583333333333341,11.48,0.9952230342155223,突破后处于一周内确认窗，守位/缩量/横住或小平台再突破条件尚未全部成立,2,2,0,0,1,1,6,True,True,True,近5日波动仍偏大,硬资格：最近25个交易日（含当日）至少一次按板块涨停价核验的实际涨停，且最新收盘价严格高于MA25、当日MA25严格高于前一交易日MA25；通过后再按方向/非极端波动/不过热排序,401,True,,,257,4,入选：满足一级粗筛资格条件；本阶段不设置数量下限或上限
600108,亚盛集团,4.41,0.009153318077803174,0.12213740458015265,-0.1647727272727273,0.3086053412462908,,,,0.1896103896103896,-0.265,0.680672268907563,0.2785634118967452,314786990.6,333126609.9,0.9449469998643901,0.17177262175399508,0.16648318257915234,1.031771612561094,True,0.000947418285172974,-0.032251128789507755,False,3,2,部分收敛/待确认,-0.265,0.43214285714285716,0.029652113004903224,4.1,0.07560975609756104,0.008362026561731462,,,,0.030373831775700966,3.85,3.85,0.1454545454545455,0.1454545454545455,True,5,2026-09-08,沪深主板10%,17,10.1010101010101,INELIGIBLE,False,False,0,False,,,,,False,False,True,,,,,未形成合格的短周期缩量平台或呈N型走势,2,2,0,1,0,1,6,True,True,True,近5日波动仍偏大,硬资格：最近25个交易日（含当日）至少一次按板块涨停价核验的实际涨停，且最新收盘价严格高于MA25、当日MA25严格高于前一交易日MA25；通过后再按方向/非极端波动/不过热排序,401,True,,,257,4,入选：满足一级粗筛资格条件；本阶段不设置数量下限或上限
600127,金健米业,16.47,0.045714285714285596,0.2917647058823529,0.11359026369168346,0.76906552094522,,,,0.44163763066202094,-0.004833836858006202,0.3219298245614035,1.371844411320719,234892950.0,237259221.9,0.9900266388760335,0.3814811114823094,0.36663611820678327,1.0404897186565605,True,0.0929129037195775,0.04408698242478404,True,3,2,部分收敛/待确认,-0.004833836858006202,0.9918367346938773,0.25,12.236399999999998,0.34598411297440435,0.03156297420333831,,,,0.15013966480446927,11.48,11.48,0.43466898954703814,0.43466898954703814,True,6,2026-09-07,沪深主板10%,17,10.047281323877066,INELIGIBLE,False,False,0,False,,,,,False,False,True,,,,,未形成合格的短周期缩量平台或呈N型走势,2,2,0,1,1,0,6,True,True,True,近5日波动仍偏大,硬资格：最近25个交易日（含当日）至少一次按板块涨停价核验的实际涨停，且最新收盘价严格高于MA25、当日MA25严格高于前一交易日MA25；通过后再按方向/非极端波动/不过热排序,401,True,,,257,4,入选：满足一级粗筛资格条件；本阶段不设置数量下限或上限
600479,千金药业,13.57,0.09967585089141018,0.1903508771929825,-0.08372721134368666,0.3542914171656688,,,,0.20944741532976824,-0.11016393442622952,0.35195035460992913,0.5951049987203489,61340582.8,97203265.0,0.6310547572656124,0.1153926923541422,0.2322619163487248,0.49682140821092796,True,0.04847958297132937,-0.03399366085578459,False,3,2,部分收敛/待确认,-0.11016393442622952,0.6989247311827957,0.07298173479876646,12.099199999999998,0.12156175614916709,0.012248176159560753,,,,0.12148760330578523,11.22,11.22,0.2094474153297683,0.2094474153297683,True,1,2026-09-22,沪深主板10%,4,9.967585089141018,RETEST_STABILIZING,False,False,5,False,12.1,2026-09-21,1.3776629217830225,1.4159073258995427,True,False,True,,0.12520729684908788,,,突破后处于一周内确认窗，守位/缩量/横住或小平台再突破条件尚未全部成立,2,2,0,1,1,0,6,True,True,True,近5日波动仍偏大,硬资格：最近25个交易日（含当日）至少一次按板块涨停价核验的实际涨停，且最新收盘价严格高于MA25、当日MA25严格高于前一交易日MA25；通过后再按方向/非极端波动/不过热排序,401,True,,,257,4,入选：满足一级粗筛资格条件；本阶段不设置数量下限或上限
600503,华丽家族,2.67,0.09876543209876543,0.27751196172248815,0.17621145374449343,0.20814479638009042,,,,0.29611650485436886,0.0,0.09569377990430632,3.0944174757281515,73490591.2,27759386.3,2.6474141180851682,0.04586597382496298,0.01732482028846209,2.647414118085173,False,0.0880974695407688,0.02796882164144887,True,3,1,结构未成熟,0.0,1.0,0.19516562220232747,2.216,0.20487364620938608,0.009475218658892004,,,,0.1919642857142856,2.06,2.06,0.2961165048543688,0.2961165048543688,True,2,2026-09-22,沪深主板10%,25,9.954751131221728,RETEST_STABILIZING,True,False,5,False,2.18,2026-09-18,1.5212032705224194,3.823038438154439,True,False,False,,0.22477064220183474,,2.2286380370125944,突破后处于一周内确认窗，守位/缩量/横住或小平台再突破条件尚未全部成立,2,2,0,1,1,0,6,True,True,True,近5日波动仍偏大,硬资格：最近25个交易日（含当日）至少一次按板块涨停价核验的实际涨停，且最新收盘价严格高于MA25、当日MA25严格高于前一交易日MA25；通过后再按方向/非极端波动/不过热排序,401,True,,,257,4,入选：满足一级粗筛资格条件；本阶段不设置数量下限或上限
600540,新赛股份,6.03,0.06725663716814156,0.1640926640926641,-0.07938931297709917,0.4671532846715327,,,,0.21960784313725493,-0.19385026737967914,0.45808966861598455,0.4793992490613266,99045015.0,156355891.8,0.6334587962101982,0.16580221663181605,0.2729649459181258,0.6074121205348741,True,0.016405395552314905,-0.03664575767580047,False,3,2,部分收敛/待确认,-0.19385026737967914,0.5972222222222222,0.03947595242199631,5.4472000000000005,0.10699074754002047,0.012942576614102919,,,,0.07104795737122571,5.1,5.1,0.18235294117647083,0.18235294117647083,True,7,2026-09-09,沪深主板10%,17,10.099009900990087,INELIGIBLE,False,False,0,False,,,,,False,False,True,,,,,未形成合格的短周期缩量平台或呈N型走势,2,2,0,1,1,0,6,True,True,True,近5日波动仍偏大,硬资格：最近25个交易日（含当日）至少一次按板块涨停价核验的实际涨停，且最新收盘价严格高于MA25、当日MA25严格高于前一交易日MA25；通过后再按方向/非极端波动/不过热排序,401,True,,,257,4,入选：满足一级粗筛资格条件；本阶段不设置数量下限或上限
600640,国脉文化,13.41,0.06937799043062198,0.2722960151802658,0.18045774647887325,0.2674858223062382,,,,0.32979749276759884,-0.027556200145032572,0.09705042816365363,3.3982074990073188,29125516.0,6462328.0,4.506969624568732,0.036795485685110395,0.00816412994765439,4.50696962456875,False,0.10788690476190488,0.03870025556772538,True,3,1,结构未成熟,-0.027556200145032572,0.8941504178272983,0.1953469715202567,11.081599999999998,0.2101140629511986,0.009547409080970626,,,,0.11194029850746268,10.37,10.37,0.29315332690453233,0.29315332690453233,True,1,2026-09-18,沪深主板10%,25,10.036496350364965,RETEST_STABILIZING,True,False,5,False,10.97,2026-09-18,4.20084481018231,2.2628020308157035,True,False,False,,0.15397489539748954,,1.0776138292974338,突破后处于一周内确认窗，守位/缩量/横住或小平台再突破条件尚未全部成立,2,2,0,1,1,0,6,True,True,True,近5日波动仍偏大,硬资格：最近25个交易日（含当日）至少一次按板块涨停价核验的实际涨停，且最新收盘价严格高于MA25、当日MA25严格高于前一交易日MA25；通过后再按方向/非极端波动/不过热排序,401,True,,,257,4,入选：满足一级粗筛资格条件；本阶段不设置数量下限或上限
600722,金牛化工,18.08,0.08653846153846145,0.14358001265022113,-0.08548305513404153,0.28958630527817397,,,,0.18063677712800527,-0.1475719000471477,0.3544061302681993,0.5096886360044256,96561211.2,146598248.5,0.6586791601401705,0.12015181521811513,0.2195711685137594,0.5472112574314867,True,0.009769202588838732,-0.023980815347721895,False,3,2,部分收敛/待确认,-0.1475719000471477,0.6756476683937821,0.061593564676178714,16.37,0.10445937690897966,0.012518864890274317,,,,0.07683144729005353,15.39,15.39,0.17478882391163086,0.17478882391163086,True,3,2026-09-08,沪深主板10%,17,10.019646365422407,INELIGIBLE,False,False,0,False,,,,,False,False,True,,,,,未形成合格的短周期缩量平台或呈N型走势,2,2,0,1,1,0,6,True,True,True,近5日波动仍偏大,硬资格：最近25个交易日（含当日）至少一次按板块涨停价核验的实际涨停，且最新收盘价严格高于MA25、当日MA25严格高于前一交易日MA25；通过后再按方向/非极端波动/不过热排序,401,True,,,257,4,入选：满足一级粗筛资格条件；本阶段不设置数量下限或上限
600743,华远控股,2.56,0.09871244635193133,0.26108374384236477,0.158371040723982,0.10822510822510822,,,,0.28,0.0,0.11386138613861385,2.459130434782609,22000208.8,38303031.7,0.5743725189251795,0.009377349901622301,0.016326250982846652,0.5743725189251784,True,0.08050436469447164,0.025628856193640193,True,3,2,部分收敛/待确认,0.0,1.0,0.16549055315274308,2.2068,0.16005075222040976,0.005467468562055711,,,,0.19626168224299056,2.0,2.0,0.28,0.28,True,2,2026-09-22,沪深主板10%,25,9.905660377358494,RETEST_STABILIZING,True,False,5,False,2.1,2026-09-18,1.6639769458677982,0.30804520296991317,True,False,False,,0.09871244635193133,,0.5512629262371855,突破后处于一周内确认窗，守位/缩量/横住或小平台再突破条件尚未全部成立,2,2,0,1,1,0,6,True,True,True,近5日波动仍偏大,硬资格：最近25个交易日（含当日）至少一次按板块涨停价核验的实际涨停，且最新收盘价严格高于MA25、当日MA25严格高于前一交易日MA25；通过后再按方向/非极端波动/不过热排序,401,True,,,257,4,入选：满足一级粗筛资格条件；本阶段不设置数量下限或上限
600792,云煤能源,5.75,0.05311355311355315,0.08695652173913038,0.28635346756152136,0.505235602094241,,,,0.32671081677704183,-0.043261231281197965,0.5335051546391754,0.6123854923163875,159219111.8,127800904.5,1.2458371278585123,0.145859107179389,0.11018308697603647,1.3237885339980684,False,0.04419241298396548,0.08262755629002294,True,3,2,部分收敛/待确认,-0.043261231281197965,0.8960000000000001,0.23113157049566446,4.4796,0.28359674970979554,0.019110019110019083,,,,0.045454545454545414,4.53,4.48,0.26931567328918304,0.2834821428571428,True,3,2026-09-09,沪深主板10%,17,10.098522167487701,INELIGIBLE,False,False,0,False,,,,,False,False,True,,,,,未形成合格的短周期缩量平台或呈N型走势,2,2,0,0,1,1,6,True,True,True,近5日波动仍偏大,硬资格：最近25个交易日（含当日）至少一次按板块涨停价核验的实际涨停，且最新收盘价严格高于MA25、当日MA25严格高于前一交易日MA25；通过后再按方向/非极端波动/不过热排序,401,True,,,257,4,入选：满足一级粗筛资格条件；本阶段不设置数量下限或上限
600815,厦工股份,4.19,0.09973753280839914,0.18696883852691237,0.0023923444976077235,0.07435897435897454,,,,0.20402298850574724,-0.12708333333333321,0.38438438438438444,0.530778556034483,74377718.2,97293598.5,0.7644667207986968,0.0375271216295838,0.057680291450242595,0.6506056173789664,True,0.06123595505617985,-0.016826923076923017,False,3,2,部分收敛/待确认,-0.12708333333333321,0.5850340136054425,0.06196933215055145,3.9367999999999994,0.06431619589514348,0.002138275124732525,,,,0.1324324324324324,3.48,3.33,0.20402298850574718,0.25825825825825843,True,2,2026-09-22,沪深主板10%,17,10.123456790123452,INELIGIBLE,False,False,0,False,,,,,False,False,False,,,,,未形成合格的短周期缩量平台或呈N型走势,2,2,0,1,1,0,6,True,True,True,近5日波动仍偏大,硬资格：最近25个交易日（含当日）至少一次按板块涨停价核验的实际涨停，且最新收盘价严格高于MA25、当日MA25严格高于前一交易日MA25；通过后再按方向/非极端波动/不过热排序,401,True,,,257,4,入选：满足一级粗筛资格条件；本阶段不设置数量下限或上限
600857,宁波中百,24.24,0.035454933788978904,0.18998527245949903,0.05528950805398347,0.19232661091982295,,,,0.24049999999999994,-0.022974607013301118,0.2621052631578948,0.9175702811244976,7973470.0,11343462.0,0.702913272861495,0.028721393514174066,0.052445805710588184,0.5476394751692328,True,0.041908869304331464,0.01058442447191954,True,3,3,收敛较充分,-0.022974607013301118,0.9070146818923327,0.1319168806911044,21.1496,0.14612096682679576,0.00599326471203776,,,,0.09683257918552024,20.0,20.0,0.21199999999999997,0.21199999999999997,True,1,2026-09-07,沪深主板10%,17,10.00962463907602,INELIGIBLE,False,False,0,False,,,,,False,False,True,,,,,未形成合格的短周期缩量平台或呈N型走势,2,2,0,1,1,0,6,True,True,True,近5日波动仍偏大,硬资格：最近25个交易日（含当日）至少一次按板块涨停价核验的实际涨停，且最新收盘价严格高于MA25、当日MA25严格高于前一交易日MA25；通过后再按方向/非极端波动/不过热排序,401,True,,,257,4,入选：满足一级粗筛资格条件；本阶段不设置数量下限或上限
600865,百大集团,11.55,0.009615384615384803,0.02849510240427433,-0.1593886462882096,0.3139931740614337,,,,0.18749999999999994,-0.29744525547445255,0.781148429035753,0.24003120665742017,54162257.4,46271115.9,1.170541413288025,0.14683660943271512,0.11438659829556617,1.283687176825563,False,-0.05292382439701537,-0.02984716331919668,False,3,1,结构未成熟,-0.29744525547445255,0.39103362391033625,0.029503520812906858,10.7008,0.0793585526315792,0.009928649628147435,,,,0.0,9.92,9.92,0.16431451612903225,0.16431451612903225,True,5,2026-09-09,沪深主板10%,17,10.044052863436125,INELIGIBLE,False,False,0,False,,,,,False,False,True,,,,,未形成合格的短周期缩量平台或呈N型走势,2,2,0,1,0,1,6,True,True,True,近5日波动仍偏大,硬资格：最近25个交易日（含当日）至少一次按板块涨停价核验的实际涨停，且最新收盘价严格高于MA25、当日MA25严格高于前一交易日MA25；通过后再按方向/非极端波动/不过热排序,401,True,,,257,4,入选：满足一级粗筛资格条件；本阶段不设置数量下限或上限
601086,国芳集团,18.16,0.02773061686474243,0.12168004941321797,0.21471571906354514,1.386333771353482,,,,0.4291101055806938,-0.04168865435356195,0.6369426751592355,0.6737028657616894,90098010.2,82394837.0,1.0934909695858734,0.1373402407407407,0.12371597147147144,1.1101253872658712,False,0.017063989962358805,0.06858012036241012,True,3,2,部分收敛/待确认,-0.04168865435356195,0.931896551724138,0.3497844507209753,12.2764,0.47926102114626423,0.0343770011121971,,,,0.02773061686474243,13.26,13.26,0.3695324283559578,0.3695324283559578,True,6,2026-09-07,沪深主板10%,17,10.039525691699591,INELIGIBLE,False,False,0,False,,,,,False,False,True,,,,,未形成合格的短周期缩量平台或呈N型走势,2,2,0,0,1,1,6,True,True,True,近5日波动仍偏大,硬资格：最近25个交易日（含当日）至少一次按板块涨停价核验的实际涨停，且最新收盘价严格高于MA25、当日MA25严格高于前一交易日MA25；通过后再按方向/非极端波动/不过热排序,401,True,,,257,4,入选：满足一级粗筛资格条件；本阶段不设置数量下限或上限
603120,肯特催化材料,61.6,-0.00629133731246978,0.1944929222416134,0.21980198019801978,0.33913043478260874,,,,0.2854039107248666,-0.05347264904732629,0.18797327394209365,1.5183217525529031,5888528.6,2611635.7,2.2547281766748704,0.12570207563764288,0.06890859366754613,1.824185764755271,False,0.12363327280454373,0.07558070515610771,True,3,1,结构未成熟,-0.05347264904732629,0.8284023668639054,0.21923461359565355,49.9296,0.2337371018393899,0.008442466007965832,,,,0.040364803242695535,50.63,47.95,0.21666995852261506,0.2846715328467153,True,1,2026-09-18,沪深主板10%,25,9.994426899498432,RETEST_STABILIZING,True,False,4,False,52.15,2026-09-16,1.3446994283826983,1.6371476145108623,True,False,False,,0.235148984627064,65.08,0.7070717088444364,突破后处于一周内确认窗，守位/缩量/横住或小平台再突破条件尚未全部成立,2,2,0,0,1,1,6,True,True,True,近5日波动仍偏大,硬资格：最近25个交易日（含当日）至少一次按板块涨停价核验的实际涨停，且最新收盘价严格高于MA25、当日MA25严格高于前一交易日MA25；通过后再按方向/非极端波动/不过热排序,401,True,,,257,4,入选：满足一级粗筛资格条件；本阶段不设置数量下限或上限
603186,华正新材,226.5,-0.022442813983599486,-0.09965417180108915,0.17491441020852783,0.29687947323217867,,,,0.19945479327578378,-0.14204545454545459,0.501910447761194,0.39739119630895425,21374120.8,21132308.1,1.0114427964449373,0.15965833469597948,0.12812924057052985,1.246072590339706,False,-0.019320469798657647,0.06310337359280016,False,3,1,结构未成熟,-0.14204545454545459,0.6370850672602343,0.10147958129186785,198.558,0.14072462454295476,0.008594678613879525,,,,-0.10474308300395252,220.1,193.5,0.029077691958200758,0.1705426356589148,True,2,2026-09-09,沪深主板10%,17,10.001773364071664,INELIGIBLE,False,False,0,False,,,,,False,False,False,,,,,未形成合格的短周期缩量平台或呈N型走势,2,2,0,1,1,0,6,True,True,True,近5日波动仍偏大,硬资格：最近25个交易日（含当日）至少一次按板块涨停价核验的实际涨停，且最新收盘价严格高于MA25、当日MA25严格高于前一交易日MA25；通过后再按方向/非极端波动/不过热排序,401,True,,,257,4,入选：满足一级粗筛资格条件；本阶段不设置数量下限或上限
603221,爱丽家居,33.55,0.09999999999999987,0.14818617385352484,0.2195565249000362,0.2462852897473995,,,,0.21306209850107075,-0.012944983818770406,0.3077821011673152,0.6922498017038582,17923322.8,14998563.5,1.1950026280850163,0.07349007581073454,0.0627395472452681,1.1713517077743536,False,0.07808720890055976,0.04292749072223789,True,3,2,部分收敛/待确认,-0.012944983818770406,0.9545923632610934,0.1545277792116173,28.7048,0.16879406928457952,0.004971501393420619,,,,0.051724137931034475,28.02,25.7,0.19735902926481086,0.30544747081712065,True,1,2026-09-22,沪深主板10%,9,9.999999999999986,INELIGIBLE,False,False,0,False,,,,,False,False,False,,,,,未形成合格的短周期缩量平台或呈N型走势,2,2,0,0,1,1,6,True,True,True,近5日波动仍偏大,硬资格：最近25个交易日（含当日）至少一次按板块涨停价核验的实际涨停，且最新收盘价严格高于MA25、当日MA25严格高于前一交易日MA25；通过后再按方向/非极端波动/不过热排序,401,True,,,257,4,入选：满足一级粗筛资格条件；本阶段不设置数量下限或上限
603248,锡华科技,23.88,-0.015257731958762899,0.293607800650054,0.3537414965986394,0.3013623978201634,,,,0.3825678496868475,-0.09852774631936578,0.1120481927710843,3.414315217635307,25301360.8,2588277.8,9.775365225479275,0.2213100111067833,0.03619718304540894,6.11401198897584,False,0.2184430125699799,0.10782322261872124,True,3,1,结构未成熟,-0.09852774631936578,0.7360970677451971,0.2522614646424921,18.9092,0.262877329553868,0.009114972462963777,,,,-0.028083028083028094,19.16,16.6,0.24634655532359084,0.43855421686746965,True,1,2026-09-17,沪深主板10%,15,9.995076317085182,INELIGIBLE,False,False,0,False,,,,,False,False,False,,,,,未形成合格的短周期缩量平台或呈N型走势,2,2,0,0,1,1,6,True,True,True,近5日波动仍偏大,硬资格：最近25个交易日（含当日）至少一次按板块涨停价核验的实际涨停，且最新收盘价严格高于MA25、当日MA25严格高于前一交易日MA25；通过后再按方向/非极端波动/不过热排序,401,True,,,257,4,入选：满足一级粗筛资格条件；本阶段不设置数量下限或上限
603353,和顺石油,49.49,0.0668247467126537,0.1942567567567568,0.30374077976817704,0.600064662140317,,,,0.2463208685162845,-0.04200542005420049,0.3031446540880502,0.8125522426159596,14054089.2,11555318.8,1.2162441766643426,0.07637613788840769,0.06780574117757511,1.126396328127846,False,0.12687366167023573,0.09788931788931787,True,3,2,部分收敛/待确认,-0.04200542005420049,0.9022962629446197,0.2895240824941048,36.8036,0.3447054092534425,0.0181252835533523,,,,0.01936148300720908,41.45,35.79,0.193968636911942,0.38278848840458246,True,3,2026-09-18,沪深主板10%,25,10.007963897000248,INELIGIBLE,False,False,0,False,,,,,False,False,False,,,,,未形成合格的短周期缩量平台或呈N型走势,2,2,0,0,1,1,6,True,True,True,近5日波动仍偏大,硬资格：最近25个交易日（含当日）至少一次按板块涨停价核验的实际涨停，且最新收盘价严格高于MA25、当日MA25严格高于前一交易日MA25；通过后再按方向/非极端波动/不过热排序,401,True,,,257,4,入选：满足一级粗筛资格条件；本阶段不设置数量下限或上限
603580,艾艾精工,78.68,0.09995805955543147,0.23226311667971822,0.06338694418164637,0.054409005628517804,,,,0.3069767441860466,-0.11146245059288529,0.3788509575353872,0.8102836698185536,7921219.4,9211773.2,0.8599016962336851,0.06118164499938263,0.07313603877629243,0.8365457854030659,True,0.08389187128744324,0.008159234217123945,True,3,3,收敛较充分,-0.11146245059288529,0.6557377049180331,0.1060192864573084,71.7496,0.0965914792556335,0.0082402140432134,,,,0.18583270535041474,60.2,60.05,0.3069767441860465,0.3102414654454624,True,4,2026-09-22,沪深主板10%,17,10.005947071067478,INELIGIBLE,False,False,0,False,,,,,False,False,True,,,,,未形成合格的短周期缩量平台或呈N型走势,2,2,0,1,1,0,6,True,True,True,近5日波动仍偏大,硬资格：最近25个交易日（含当日）至少一次按板块涨停价核验的实际涨停，且最新收盘价严格高于MA25、当日MA25严格高于前一交易日MA25；通过后再按方向/非极端波动/不过热排序,401,True,,,257,4,入选：满足一级粗筛资格条件；本阶段不设置数量下限或上限
603636,南威软件,8.01,0.10027472527472514,0.19730941704035865,0.1297602256699577,0.15086206896551713,,,,0.22852760736196323,0.0,0.09516616314199394,2.401353588470154,18498780.2,9150409.6,2.0216341135155305,0.03187463562196832,0.01576676778892484,2.0216341135155327,False,0.04761904761904767,0.008718395815169977,True,3,1,结构未成熟,0.0,1.0,0.14363221016561978,6.9788,0.147761792858371,0.004664286536911311,,,,0.15086206896551713,6.52,6.52,0.22852760736196331,0.22852760736196331,True,2,2026-09-22,沪深主板10%,25,10.027472527472515,RETEST_STABILIZING,True,False,4,False,6.72,2026-09-21,7.400587690710388,0.30574910314134307,True,False,False,,0.0,,,突破后处于一周内确认窗，守位/缩量/横住或小平台再突破条件尚未全部成立,2,2,0,1,1,0,6,True,True,True,近5日波动仍偏大,硬资格：最近25个交易日（含当日）至少一次按板块涨停价核验的实际涨停，且最新收盘价严格高于MA25、当日MA25严格高于前一交易日MA25；通过后再按方向/非极端波动/不过热排序,401,True,,,257,4,入选：满足一级粗筛资格条件；本阶段不设置数量下限或上限
605398,新炬网络,23.63,0.10009310986964604,0.11778618732261115,-0.06895193065405836,0.16346627277203352,,,,0.19223007063572142,-0.19406548431105053,0.431640625,0.44534749396149037,6352588.0,8903466.7,0.7134960138616568,0.0306503051341049,0.05775476631301166,0.5306974140972266,True,0.02563110552277781,-0.06319135963766209,False,3,2,部分收敛/待确认,-0.19406548431105053,0.4109730848861282,0.0609972386233526,21.8484,0.08154372860255199,0.00524514134275611,,,,0.09398148148148144,19.82,19.82,0.1922300706357214,0.1922300706357214,True,3,2026-09-22,沪深主板10%,17,10.009310986964604,RETEST_STABILIZING,False,False,5,False,21.01,2026-09-21,1.2960551662050255,1.451763747211653,True,False,True,,0.10009310986964612,,,突破后处于一周内确认窗，守位/缩量/横住或小平台再突破条件尚未全部成立,2,2,0,1,1,0,6,True,True,True,近5日波动仍偏大,硬资格：最近25个交易日（含当日）至少一次按板块涨停价核验的实际涨停，且最新收盘价严格高于MA25、当日MA25严格高于前一交易日MA25；通过后再按方向/非极端波动/不过热排序,401,True,,,257,4,入选：满足一级粗筛资格条件；本阶段不设置数量下限或上限
605566,福莱蒽特,31.66,0.04007884362680669,0.26286398085360996,0.13233190271816886,0.23575331772053087,,,,0.28945249597423517,-0.011551670309085216,0.21951219512195114,1.3186169261048497,6343007.8,3912563.3,1.6211898220279273,0.03936159442027895,0.029342757612119335,1.3414415557187294,False,0.1026758409785935,0.019295706705258153,True,3,1,结构未成熟,-0.011551670309085216,0.9502018842530281,0.1395662737334653,27.3264,0.15858656830025186,0.005815579864842935,,,,0.13152251608291632,24.84,24.84,0.2745571658615138,0.2745571658615138,True,3,2026-09-21,沪深主板10%,25,10.011966493817305,RETEST_STABILIZING,True,False,3,False,26.09,2026-09-16,1.2767945790309772,2.0620636135654506,True,False,False,,0.1996254681647941,30.44,1.8311499834895186,突破后处于一周内确认窗，守位/缩量/横住或小平台再突破条件尚未全部成立,2,2,0,1,1,0,6,True,True,True,近5日波动仍偏大,硬资格：最近25个交易日（含当日）至少一次按板块涨停价核验的实际涨停，且最新收盘价严格高于MA25、当日MA25严格高于前一交易日MA25；通过后再按方向/非极端波动/不过热排序,401,True,,,257,4,入选：满足一级粗筛资格条件；本阶段不设置数量下限或上限
688001,XD苏州华兴源创科技,73.36,-0.024078754822402626,0.14625,0.20144120537176535,0.43029830376291667,,,,0.20914303918445357,-0.03359241206692132,0.41416666666666657,0.504973132839727,13302609.2,14286654.0,0.9311213948346477,0.030235449233064832,0.030270924206438135,0.9988280842325337,True,0.10128846445353945,0.08913316682839922,True,3,3,收敛较充分,-0.03359241206692132,0.9086348978860624,0.20459770114942533,59.1572,0.24008573766168784,0.009494750924902151,,,,-0.026668435717128847,62.78,59.0,0.1685250079643199,0.24338983050847451,True,1,2026-09-07,科创板20%,17,19.999999999999996,INELIGIBLE,False,False,0,False,,,,,False,False,False,,,,,未形成合格的短周期缩量平台或呈N型走势,2,2,0,0,1,1,6,True,True,True,近5日波动仍偏大,硬资格：最近25个交易日（含当日）至少一次按板块涨停价核验的实际涨停，且最新收盘价严格高于MA25、当日MA25严格高于前一交易日MA25；通过后再按方向/非极端波动/不过热排序,401,True,,,257,4,入选：满足一级粗筛资格条件；本阶段不设置数量下限或上限
688185,康希诺生物,79.74,0.10046922439966877,0.26071146245059285,0.11524475524475508,0.1175893482831114,,,,0.352365677626303,-0.173849979278906,0.2993262752646775,1.1771959455103824,10494728.0,8242866.0,1.2731892038521553,0.07182279713851676,0.07296679093201937,0.9843217198003346,True,0.08883162045518045,0.01777122925186414,True,3,2,部分收敛/待确认,-0.173849979278906,0.6117538176770013,0.10440918817476086,71.4528,0.11598145908907687,0.01350339286930069,,,,0.11805945036455423,62.35,62.34,0.2789093825180431,0.2791145332050047,True,3,2026-08-26,科创板20%,9,20.006208288064542,INELIGIBLE,False,False,0,False,,,,,False,False,True,,,,,未形成合格的短周期缩量平台或呈N型走势,2,2,0,1,1,0,6,True,True,True,近5日波动仍偏大,硬资格：最近25个交易日（含当日）至少一次按板块涨停价核验的实际涨停，且最新收盘价严格高于MA25、当日MA25严格高于前一交易日MA25；通过后再按方向/非极端波动/不过热排序,401,True,,,257,4,入选：满足一级粗筛资格条件；本阶段不设置数量下限或上限
688292,浩瀚深度信息技术,22.37,0.009021199819575942,0.22173675587110875,0.22709818979703789,0.26742209631728064,,,,0.3275663206459054,-0.028236316246741944,0.1160663236134935,2.8222339645797447,9882644.8,3859614.6,2.5605263281986756,0.050831855545134426,0.0243738012031263,2.085512026684393,False,0.1440226259110191,0.06782903366856141,True,3,1,结构未成熟,-0.028236316246741944,0.9038461538461541,0.18727277552211885,18.5028,0.209006204466351,0.01011049482464954,,,,-0.011925795053003507,17.34,17.34,0.29008073817762403,0.29008073817762403,True,1,2026-09-18,科创板20%,25,20.020855057351405,INELIGIBLE,False,False,0,False,,,,,False,False,False,,,,,未形成合格的短周期缩量平台或呈N型走势,2,2,0,0,1,1,6,True,True,True,近5日波动仍偏大,硬资格：最近25个交易日（含当日）至少一次按板块涨停价核验的实际涨停，且最新收盘价严格高于MA25、当日MA25严格高于前一交易日MA25；通过后再按方向/非极端波动/不过热排序,401,True,,,257,4,入选：满足一级粗筛资格条件；本阶段不设置数量下限或上限
688790,昂瑞微,109.58,0.03739467954179676,0.08495049504950503,0.04361904761904767,0.15117134152747136,,,,0.36029675720952514,-0.11643283341396549,0.1928218082307125,1.8685477566854256,4857497.8,652545.5,7.44392199471148,0.30343195217523183,0.051479740131035734,5.89420131886604,False,0.045779565969688685,-0.00024041351123937904,True,3,1,结构未成熟,-0.11643283341396549,0.6430160692212609,0.0499386785221525,102.6464,0.06754839916451028,0.002727436131886085,,,,0.06419345440419533,83.57,83.57,0.3112360895058035,0.3112360895058035,True,1,2026-08-27,科创板20%,16,20.004206983592752,INELIGIBLE,False,False,0,False,,,,,False,False,True,,,,,未形成合格的短周期缩量平台或呈N型走势,2,2,0,1,1,0,6,True,True,True,近5日波动仍偏大,硬资格：最近25个交易日（含当日）至少一次按板块涨停价核验的实际涨停，且最新收盘价严格高于MA25、当日MA25严格高于前一交易日MA25；通过后再按方向/非极端波动/不过热排序,401,True,,,257,4,入选：满足一级粗筛资格条件；本阶段不设置数量下限或上限
000504,南华生物,12.11,0.09990917347865569,0.4502994011976047,0.38876146788990806,0.4590361445783131,,,,0.47863247863247865,0.0,0.09925558312655074,4.822222222222229,9213708.0,5607060.0,1.6432333522380713,0.03528769358727543,0.01703639750461463,2.0713119412550154,False,0.18433395872420255,0.09027046013347384,True,3,1,结构未成熟,0.0,1.0,0.37363883847549917,8.7312,0.3869800256551219,0.016390389271745187,,,,0.2097902097902098,8.19,8.19,0.4786324786324787,0.4786324786324787,True,4,2026-09-22,沪深主板10%,25,10.036275695284157,RETEST_STABILIZING,True,False,5,False,8.8,2026-09-17,2.50225317341867,0.8041635318787917,True,False,False,,0.26673640167364004,11.01,0.485474119591138,突破后处于一周内确认窗，守位/缩量/横住或小平台再突破条件尚未全部成立,2,2,0,0,1,0,5,True,True,True,近5日波动仍偏大,硬资格：最近25个交易日（含当日）至少一次按板块涨停价核验的实际涨停，且最新收盘价严格高于MA25、当日MA25严格高于前一交易日MA25；通过后再按方向/非极端波动/不过热排序,550,True,,,257,4,入选：满足一级粗筛资格条件；本阶段不设置数量下限或上限
000607,华媒控股,4.98,0.09933774834437092,0.32800000000000007,0.23880597014925398,0.32800000000000007,,,,0.345945945945946,0.0,0.08310991957104559,4.162510897994769,37165352.2,16943469.6,2.19349124337556,0.04199179847895154,0.01914381860687548,2.193491243375563,False,0.11306143520908618,0.049370017999485816,True,3,1,结构未成熟,0.0,1.0,0.26028090598506903,3.8903999999999996,0.2800740283775449,0.0135473113797413,,,,0.18289786223277926,3.7,3.7,0.34594594594594597,0.34594594594594597,True,2,2026-09-22,沪深主板10%,25,9.951456310679617,RETEST_STABILIZING,True,False,5,False,4.0,2026-09-17,2.8385969548917402,0.5843735987535129,True,False,False,,0.26075949367088613,4.53,0.5241765895822444,突破后处于一周内确认窗，守位/缩量/横住或小平台再突破条件尚未全部成立,2,2,0,0,1,0,5,True,True,True,近5日波动仍偏大,硬资格：最近25个交易日（含当日）至少一次按板块涨停价核验的实际涨停，且最新收盘价严格高于MA25、当日MA25严格高于前一交易日MA25；通过后再按方向/非极端波动/不过热排序,550,True,,,257,4,入选：满足一级粗筛资格条件；本阶段不设置数量下限或上限
000910,大亚圣象,6.89,0.10063897763578278,0.35098039215686283,0.2550091074681238,0.27121771217712176,,,,0.36435643564356435,0.0,0.0905511811023622,4.023762376237624,24918348.0,4323739.7,5.763147120072931,0.0306026294456153,0.00790106391653857,3.8732289434537583,False,0.12548262548262556,0.04808598906279471,True,3,1,结构未成熟,0.0,1.0,0.2515894641235241,5.4708,0.25941361409665875,0.0114628013607454,,,,0.2108963093145868,5.05,5.05,0.36435643564356424,0.36435643564356424,True,3,2026-09-22,沪深主板10%,25,10.063897763578279,RETEST_STABILIZING,True,False,3,False,5.2,2026-09-18,2.717868137985978,5.033983445411435,True,False,False,,0.18588640275387266,,1.1580904364082867,突破后处于一周内确认窗，守位/缩量/横住或小平台再突破条件尚未全部成立,2,2,0,0,1,0,5,True,True,True,近5日波动仍偏大,硬资格：最近25个交易日（含当日）至少一次按板块涨停价核验的实际涨停，且最新收盘价严格高于MA25、当日MA25严格高于前一交易日MA25；通过后再按方向/非极端波动/不过热排序,550,True,,,257,4,入选：满足一级粗筛资格条件；本阶段不设置数量下限或上限
001216,华瓷股份,26.47,0.10016625103906907,0.6110772976262933,0.7483487450462349,0.8230027548209367,,,,0.4648588821250691,0.0,0.15298245614035086,3.0386417753588235,11830061.2,2469012.2,4.791414639425434,0.07453316575067387,0.01000263417603503,7.451353757317781,False,0.3155698617072007,0.17181978798586584,True,3,1,结构未成熟,0.0,1.0,0.5816677123480027,16.278,0.6261211451038211,0.029184896689512074,,,,0.21033379058070412,18.07,14.25,0.464858882125069,0.8575438596491227,True,1,2026-09-22,沪深主板10%,17,10.016625103906907,INELIGIBLE,False,False,0,False,,,,,False,False,False,,,,,未形成合格的短周期缩量平台或呈N型走势,2,2,0,0,1,0,5,True,True,True,近5日波动仍偏大,硬资格：最近25个交易日（含当日）至少一次按板块涨停价核验的实际涨停，且最新收盘价严格高于MA25、当日MA25严格高于前一交易日MA25；通过后再按方向/非极端波动/不过热排序,550,True,,,257,4,入选：满足一级粗筛资格条件；本阶段不设置数量下限或上限
001234,泰慕士,29.25,0.10003760812335472,0.3277349069450748,0.24521072796934873,0.31756756756756754,,,,0.341743119266055,0.0,0.10603290676416821,3.222991142043656,2705870.8,1442565.7,1.875734879874102,0.02955895195075454,0.01575859801292306,1.8757348798741047,False,0.10742717172600824,0.043262380726220684,True,3,1,结构未成熟,0.0,1.0,0.236028650510258,23.4012,0.24993590072303995,0.011322776932650935,,,,0.20519159456118663,21.8,21.8,0.34174311926605494,0.34174311926605494,True,2,2026-09-22,沪深主板10%,25,10.012412081092247,RETEST_STABILIZING,True,False,3,False,23.03,2026-09-17,1.6274768824306474,1.4657368326118325,True,False,False,,0.23209772535804557,26.59,1.6015046813539917,突破后处于一周内确认窗，守位/缩量/横住或小平台再突破条件尚未全部成立,2,2,0,0,1,0,5,True,True,True,近5日波动仍偏大,硬资格：最近25个交易日（含当日）至少一次按板块涨停价核验的实际涨停，且最新收盘价严格高于MA25、当日MA25严格高于前一交易日MA25；通过后再按方向/非极端波动/不过热排序,550,True,,,257,4,入选：满足一级粗筛资格条件；本阶段不设置数量下限或上限
001317,三羊马,65.96,0.10006671114076049,0.3992363173525666,0.2506636329161924,0.3017564633905663,,,,0.41241970021413255,0.0,0.18378607809847208,2.2440203549757407,6203203.0,3609835.7,1.7184169905572155,0.06834305825172368,0.042219057714990946,1.6187727048075908,False,0.14798040103759225,0.03944874427420619,True,3,1,结构未成熟,0.0,1.0,0.24598587026332663,52.6484,0.25283959246624765,0.008806487215647918,,,,0.2100532012474774,46.7,46.7,0.41241970021413255,0.41241970021413255,True,3,2026-09-22,沪深主板10%,25,10.010090817356199,INELIGIBLE,False,False,0,False,,,,,False,False,True,,,,,未形成合格的短周期缩量平台或呈N型走势,2,2,0,0,1,0,5,True,True,True,近5日波动仍偏大,硬资格：最近25个交易日（含当日）至少一次按板块涨停价核验的实际涨停，且最新收盘价严格高于MA25、当日MA25严格高于前一交易日MA25；通过后再按方向/非极端波动/不过热排序,550,True,,,257,4,入选：满足一级粗筛资格条件；本阶段不设置数量下限或上限
002246,北化股份,27.33,0.04035020936429379,0.21954484605087,0.20184696569920835,0.3908396946564885,,,,0.2609865470852018,-0.028093883357041327,0.13285024154589373,1.964516918059519,26953250.8,17202777.5,1.5667964548166713,0.0490920631889861,0.03133276376651638,1.566796454816671,False,0.08639593018156289,0.052818306798527725,True,3,1,结构未成熟,-0.028093883357041327,0.911434977578475,0.22361263459515124,21.856399999999997,0.25043465529547415,0.011196239544007502,,,,0.1378018318068277,22.3,21.93,0.2255605381165917,0.24623803009575917,True,1,2026-09-21,沪深主板10%,25,10.008375209380226,INELIGIBLE,False,False,0,False,,,,,False,False,False,,,,,未形成合格的短周期缩量平台或呈N型走势,2,2,0,0,1,0,5,True,True,True,近5日波动仍偏大,硬资格：最近25个交易日（含当日）至少一次按板块涨停价核验的实际涨停，且最新收盘价严格高于MA25、当日MA25严格高于前一交易日MA25；通过后再按方向/非极端波动/不过热排序,550,True,,,257,4,入选：满足一级粗筛资格条件；本阶段不设置数量下限或上限
002285,世联行,3.2,0.0062893081761006275,0.4746543778801844,0.23076923076923084,0.4545454545454546,,,,0.6000000000000001,-0.06976744186046502,0.21296296296296294,2.8173913043478267,231511480.0,106147670.1,2.1810321393008136,0.08746444306689886,0.05363676954697564,1.630680665626154,False,0.2224123182207014,0.08130762782900258,True,3,1,结构未成熟,-0.06976744186046502,0.8260869565217392,0.29791117420401547,2.4016,0.33244503664223846,0.017627118644067963,,,,0.10726643598615926,2.15,2.15,0.488372093023256,0.488372093023256,True,1,2026-09-08,沪深主板10%,17,10.169491525423746,RETEST_STABILIZING,True,False,3,False,2.29,2026-09-16,2.0440081409608766,1.8917644623379062,True,True,False,,0.3705179282868527,3.18,1.5399839839820875,突破后处于一周内确认窗，守位/缩量/横住或小平台再突破条件尚未全部成立,2,2,0,0,1,0,5,True,True,True,近5日波动仍偏大,硬资格：最近25个交易日（含当日）至少一次按板块涨停价核验的实际涨停，且最新收盘价严格高于MA25、当日MA25严格高于前一交易日MA25；通过后再按方向/非极端波动/不过热排序,550,True,,,257,4,入选：满足一级粗筛资格条件；本阶段不设置数量下限或上限
002303,美盈森,6.9,0.10047846889952172,0.31178707224334623,0.23877917414721717,0.41104294478527614,,,,0.31428571428571433,0.0,0.1504065040650407,2.0895752895752895,85185538.0,46671317.1,1.825222498381131,0.10192384767254747,0.04339608184464504,2.3486877925391463,False,0.1221685852209431,0.052778293997398196,True,3,1,结构未成熟,0.0,1.0,0.2580909836812837,5.3296,0.29465625938156714,0.013463147486118654,,,,0.1694915254237288,5.25,4.92,0.3142857142857143,0.40243902439024404,True,1,2026-09-22,沪深主板10%,6,10.047846889952172,RETEST_STABILIZING,True,False,3,False,5.3,2026-09-16,2.635499513051107,0.5888226462301712,True,False,False,,0.29699248120300753,6.27,0.8382252776635324,突破后处于一周内确认窗，守位/缩量/横住或小平台再突破条件尚未全部成立,2,2,0,0,1,0,5,True,True,True,近5日波动仍偏大,硬资格：最近25个交易日（含当日）至少一次按板块涨停价核验的实际涨停，且最新收盘价严格高于MA25、当日MA25严格高于前一交易日MA25；通过后再按方向/非极端波动/不过热排序,550,True,,,257,4,入选：满足一级粗筛资格条件；本阶段不设置数量下限或上限
002388,新亚制程,7.95,0.0,0.2905844155844155,0.2659235668789808,0.2325581395348837,,,,0.4143556280587276,-0.08304498269896188,0.09618573797678276,4.30786971930022,64535528.0,26487690.0,2.4364347362869316,0.1069041846823012,0.05232410242041409,2.043115500068146,False,0.13871763255240444,0.06553549190535501,True,3,1,结构未成熟,-0.08304498269896188,0.752577319587629,0.19503945885005636,6.5436000000000005,0.21492756280946268,0.010625810835855898,,,,0.08163265306122458,6.13,6.03,0.2969004893964111,0.31840796019900486,True,2,2026-09-21,沪深主板10%,25,10.064935064935066,RETEST_STABILIZING,True,False,5,False,6.55,2026-09-16,1.2168011297375447,2.6830128701560576,True,False,False,,0.29985007496251875,7.95,1.6861472743466144,突破后处于一周内确认窗，守位/缩量/横住或小平台再突破条件尚未全部成立,2,2,0,0,1,0,5,True,True,True,近5日波动仍偏大,硬资格：最近25个交易日（含当日）至少一次按板块涨停价核验的实际涨停，且最新收盘价严格高于MA25、当日MA25严格高于前一交易日MA25；通过后再按方向/非极端波动/不过热排序,550,True,,,257,4,入选：满足一级粗筛资格条件；本阶段不设置数量下限或上限
002631,德尔未来,14.13,-0.0007072135785006761,0.3839373163565132,0.2857142857142858,0.6038592508513054,,,,0.45750988142292504,-0.04203389830508464,0.2906846240179573,1.5739046499916072,74922686.8,35644601.6,2.101936434604448,0.09482631132343113,0.04505624712348103,2.104620721374117,False,0.24037540701015137,0.07783925724467777,True,3,1,结构未成熟,-0.04203389830508464,0.9038759689922482,0.29259479485889406,10.5124,0.3441269358091399,0.01967098626522845,,,,0.06802721088435382,10.12,8.91,0.3962450592885378,0.5858585858585859,True,3,2026-09-03,沪深主板10%,17,10.034602076124566,INELIGIBLE,False,False,0,False,,,,,False,False,False,,,,,未形成合格的短周期缩量平台或呈N型走势,2,2,0,0,1,0,5,True,True,True,近5日波动仍偏大,硬资格：最近25个交易日（含当日）至少一次按板块涨停价核验的实际涨停，且最新收盘价严格高于MA25、当日MA25严格高于前一交易日MA25；通过后再按方向/非极端波动/不过热排序,550,True,,,257,4,入选：满足一级粗筛资格条件；本阶段不设置数量下限或上限
002768,国恩股份,74.86,0.10007347538574574,0.2119151691759753,0.23307527590182842,0.21664228831464327,,,,0.21644458888527787,0.0,0.0837731993870254,2.5836972978114563,9068469.4,5697561.7,1.5916404029464042,0.0359491465149881,0.022586223903615373,1.5916404029464053,False,0.08117893667026621,0.04619652880830993,True,3,1,结构未成熟,0.0,1.0,0.17210496649339246,63.714000000000006,0.17493800420629668,0.005225392377742999,,,,0.08241758241758257,61.54,58.73,0.21644458888527796,0.2746466882342926,True,1,2026-09-22,沪深主板10%,25,10.007347538574574,RETEST_STABILIZING,True,False,5,False,62.82,2026-09-16,1.29725590361952,1.3109567501722679,True,False,False,,0.18637083993660852,69.19,1.6624330960716842,突破后处于一周内确认窗，守位/缩量/横住或小平台再突破条件尚未全部成立,2,2,0,0,1,0,5,True,True,True,近5日波动仍偏大,硬资格：最近25个交易日（含当日）至少一次按板块涨停价核验的实际涨停，且最新收盘价严格高于MA25、当日MA25严格高于前一交易日MA25；通过后再按方向/非极端波动/不过热排序,550,True,,,257,4,入选：满足一级粗筛资格条件；本阶段不设置数量下限或上限
300110,华仁药业,3.95,0.20060790273556228,0.47388059701492535,0.3573883161512028,0.3667820069204153,,,,0.49056603773584917,0.0,0.10861423220973784,4.516590761223163,118196863.8,18946769.8,6.23836490587435,0.10004600638642085,0.01603721614492482,6.23836490587437,False,0.12986060161408663,0.05095084320057408,True,3,1,结构未成熟,0.0,1.0,0.35785493296665516,2.9008,0.36169332597904047,0.014833473271760544,,,,0.4107142857142858,2.65,2.65,0.49056603773584917,0.49056603773584917,True,2,2026-09-22,创业板20%,25,20.07299270072991,RETEST_STABILIZING,True,False,3,False,2.74,2026-09-21,10.218007982426759,1.8548174214265523,True,False,False,,0.16176470588235303,,,突破后处于一周内确认窗，守位/缩量/横住或小平台再突破条件尚未全部成立,2,2,0,0,1,0,5,True,True,True,近5日波动仍偏大,硬资格：最近25个交易日（含当日）至少一次按板块涨停价核验的实际涨停，且最新收盘价严格高于MA25、当日MA25严格高于前一交易日MA25；通过后再按方向/非极端波动/不过热排序,550,True,,,257,4,入选：满足一级粗筛资格条件；本阶段不设置数量下限或上限
300691,联合光电,19.3,0.08671171171171155,0.35819845179451093,0.33749133749133753,0.29791526563550774,,,,0.43963068181818177,-0.04785397138628511,0.07452093683463454,5.89942505411255,16858386.4,3384642.3,4.980847281853093,0.07637279143267137,0.015333293134869452,4.980847281853103,False,0.12052027120520292,0.05693974739457497,True,3,1,结构未成熟,-0.04785397138628511,0.8550074738415547,0.2796711311497151,14.9168,0.29384318352461647,0.013672565168936446,,,,0.29704301075268824,14.08,14.08,0.37073863636363646,0.37073863636363646,True,1,2026-09-21,创业板20%,25,19.999999999999996,INELIGIBLE,False,False,0,False,,,,,False,False,False,,,,,未形成合格的短周期缩量平台或呈N型走势,2,2,0,0,1,0,5,True,True,True,近5日波动仍偏大,硬资格：最近25个交易日（含当日）至少一次按板块涨停价核验的实际涨停，且最新收盘价严格高于MA25、当日MA25严格高于前一交易日MA25；通过后再按方向/非极端波动/不过热排序,550,True,,,257,4,入选：满足一级粗筛资格条件；本阶段不设置数量下限或上限
300829,金丹科技,27.6,0.07309486780715413,0.5123287671232877,0.6000000000000001,0.8535930154466085,,,,0.5660998354360943,-0.03327495621716281,0.21250000000000005,2.6639992255816196,30716397.2,9994973.0,3.0731846099033984,0.16406526406055733,0.05944723816158285,2.759846699936058,False,0.23973049337100627,0.12454560706895568,True,3,1,结构未成熟,-0.03327495621716281,0.9328621908127209,0.5267597842622045,17.4512,0.5815531310167783,0.026396273467275133,,,,0.2602739726027399,18.23,16.51,0.5139879319802523,0.6717141126589945,True,1,2026-09-21,创业板20%,25,20.01866542230517,INELIGIBLE,False,False,0,False,,,,,False,False,False,,,,,未形成合格的短周期缩量平台或呈N型走势,2,2,0,0,1,0,5,True,True,True,近5日波动仍偏大,硬资格：最近25个交易日（含当日）至少一次按板块涨停价核验的实际涨停，且最新收盘价严格高于MA25、当日MA25严格高于前一交易日MA25；通过后再按方向/非极端波动/不过热排序,550,True,,,257,4,入选：满足一级粗筛资格条件；本阶段不设置数量下限或上限
301234,五洲医疗,139.74,0.19999999999999996,0.31830188679245297,0.3111277913304562,0.3436538461538463,,,,0.3294643706593094,0.0,0.18924508790072386,1.7409401444128536,2403496.4,1537028.2,1.563729539900439,0.05961344436853131,0.038122605506529454,1.5637295399004407,False,0.1127784069460176,0.03968971230607021,True,3,1,结构未成熟,0.0,1.0,0.30004605143806096,105.7004,0.32203851641053394,0.01722246388248383,,,,0.2154475080455771,105.11,96.7,0.32946437065930945,0.4450879007238884,True,1,2026-09-22,创业板20%,25,19.999999999999996,INELIGIBLE,False,False,0,False,,,,,False,False,False,,,,,未形成合格的短周期缩量平台或呈N型走势,2,2,0,0,1,0,5,True,True,True,近5日波动仍偏大,硬资格：最近25个交易日（含当日）至少一次按板块涨停价核验的实际涨停，且最新收盘价严格高于MA25、当日MA25严格高于前一交易日MA25；通过后再按方向/非极端波动/不过热排序,550,True,,,257,4,入选：满足一级粗筛资格条件；本阶段不设置数量下限或上限
600630,龙头股份,9.48,0.03947368421052655,0.4044444444444446,0.31849791376912373,0.39207048458149796,,,,0.5105421686746988,-0.054835493519441614,0.09940652818991097,5.135901816220105,56326928.8,9121768.2,6.175001114367278,0.0719459447872856,0.021469975786020452,3.3510026049554793,False,0.17506404782237395,0.0784978116617252,True,3,1,结构未成熟,-0.054835493519441614,0.8437500000000003,0.2913771965672254,7.203200000000001,0.3160817414482451,0.015507810297186175,,,,0.1435464414957781,6.64,6.64,0.4277108433734942,0.4277108433734942,True,3,2026-09-21,沪深主板10%,25,10.072992700729944,RETEST_STABILIZING,True,False,5,False,7.09,2026-09-17,5.754465842887747,1.7183552406777964,True,False,False,,0.2553191489361701,9.12,3.369347054964654,突破后处于一周内确认窗，守位/缩量/横住或小平台再突破条件尚未全部成立,2,2,0,0,1,0,5,True,True,True,近5日波动仍偏大,硬资格：最近25个交易日（含当日）至少一次按板块涨停价核验的实际涨停，且最新收盘价严格高于MA25、当日MA25严格高于前一交易日MA25；通过后再按方向/非极端波动/不过热排序,550,True,,,257,4,入选：满足一级粗筛资格条件；本阶段不设置数量下限或上限
600641,先导基电,43.74,0.10010060362173046,0.39655172413793105,0.441186161449753,0.3903369357914812,,,,0.4041733547351526,0.0,0.1594306049822063,2.535105193762901,81023139.4,45470980.8,1.7818647844077296,0.09352169800572636,0.04596435987739951,2.0346568135654732,False,0.17366998402752176,0.09459287531806604,True,3,1,结构未成熟,0.0,1.0,0.3128826990034821,33.1396,0.3198710907796112,0.009676436536469657,,,,0.1435294117647059,31.15,28.1,0.4041733547351527,0.5565836298932385,True,2,2026-09-22,沪深主板10%,17,10.010060362173046,INELIGIBLE,False,False,0,False,,,,,False,False,False,,,,,未形成合格的短周期缩量平台或呈N型走势,2,2,0,0,1,0,5,True,True,True,近5日波动仍偏大,硬资格：最近25个交易日（含当日）至少一次按板块涨停价核验的实际涨停，且最新收盘价严格高于MA25、当日MA25严格高于前一交易日MA25；通过后再按方向/非极端波动/不过热排序,550,True,,,257,4,入选：满足一级粗筛资格条件；本阶段不设置数量下限或上限
600825,新华传媒,6.42,0.09931506849315075,0.21132075471698109,0.2814371257485031,0.27634194831013903,,,,0.23938223938223943,0.0,0.10144927536231889,2.359624931053502,10998685.6,8520904.3,1.2907885375499404,0.01052618766693474,0.00815485058994604,1.290788537549943,False,0.07899807321772645,0.053873377900117925,True,3,1,结构未成熟,0.0,1.0,0.23806768874746886,5.1632,0.24341493647350476,0.010173736108937126,,,,0.16094032549728743,5.18,4.98,0.23938223938223935,0.2891566265060239,True,2,2026-09-22,沪深主板10%,25,9.981167608286267,INELIGIBLE,False,False,0,False,,,,,False,False,False,,,,,未形成合格的短周期缩量平台或呈N型走势,2,2,0,0,1,0,5,True,True,True,近5日波动仍偏大,硬资格：最近25个交易日（含当日）至少一次按板块涨停价核验的实际涨停，且最新收盘价严格高于MA25、当日MA25严格高于前一交易日MA25；通过后再按方向/非极端波动/不过热排序,550,True,,,257,4,入选：满足一级粗筛资格条件；本阶段不设置数量下限或上限
601579,会稽山,37.46,0.03709856035437431,0.454757281553398,0.6286956521739131,0.901522842639594,,,,0.5625744934445767,-0.047546402237477636,0.3040115998066698,1.8505033814575984,34457200.2,27015739.3,1.2754490934845526,0.062129925747889496,0.05878858885396654,1.0568364874724752,False,0.25706430426149396,0.14189054726368155,True,3,1,结构未成熟,-0.047546402237477636,0.9125759700794766,0.49732192821168764,23.842,0.5711769146883652,0.03238936520308289,,,,0.14068209500609008,25.17,23.0,0.488279698053238,0.6286956521739131,True,2,2026-09-09,沪深主板10%,17,10.009140767824508,INELIGIBLE,False,False,0,False,,,,,False,False,False,,,,,未形成合格的短周期缩量平台或呈N型走势,2,2,0,0,1,0,5,True,True,True,近5日波动仍偏大,硬资格：最近25个交易日（含当日）至少一次按板块涨停价核验的实际涨停，且最新收盘价严格高于MA25、当日MA25严格高于前一交易日MA25；通过后再按方向/非极端波动/不过热排序,550,True,,,257,4,入选：满足一级粗筛资格条件；本阶段不设置数量下限或上限
601811,新华文轩,16.82,0.10006540222367577,0.42663273960983905,0.4016666666666666,0.39238410596026485,,,,0.4562770562770562,0.0,0.08652988403211408,5.27305752666578,19666451.6,4257741.2,4.618987081694867,0.029762909994508126,0.00537658824511403,5.535649865238453,False,0.17441860465116266,0.0902280952781751,True,3,1,结构未成熟,0.0,1.0,0.3754190857797042,12.182,0.38072566081103254,0.016013344453711387,,,,0.2100719424460431,11.55,11.48,0.45627705627705617,0.46515679442508717,True,3,2026-09-22,沪深主板10%,25,10.006540222367576,RETEST_STABILIZING,True,False,5,False,12.14,2026-09-17,4.112868389551667,1.5271392740628105,True,False,False,,0.35974130962004863,15.29,0.11283517508854903,突破后处于一周内确认窗，守位/缩量/横住或小平台再突破条件尚未全部成立,2,2,0,0,1,0,5,True,True,True,近5日波动仍偏大,硬资格：最近25个交易日（含当日）至少一次按板块涨停价核验的实际涨停，且最新收盘价严格高于MA25、当日MA25严格高于前一交易日MA25；通过后再按方向/非极端波动/不过热排序,550,True,,,257,4,入选：满足一级粗筛资格条件；本阶段不设置数量下限或上限
603001,奥康国际,11.62,0.013077593722754965,0.3100338218714769,0.2589382448537376,0.4310344827586208,,,,0.38073394495412827,-0.03488372093023251,0.13457076566125292,2.829247073710849,22293101.0,15554518.9,1.4332234345094401,0.04624153324355325,0.03879125866626761,1.1920606557622297,False,0.156083481349911,0.06738097868110016,True,3,1,结构未成熟,-0.03488372093023251,0.90625,0.25621621621621604,9.008,0.2899644760213145,0.01697976878612706,,,,0.11409395973154357,8.72,8.62,0.33256880733944927,0.34802784222737815,True,3,2026-09-21,沪深主板10%,25,10.021097046413496,RETEST_STABILIZING,True,False,5,False,9.11,2026-09-17,1.4907462939708798,2.4244287257393884,True,True,False,,0.30727470141150903,11.47,1.3737853662543285,突破后处于一周内确认窗，守位/缩量/横住或小平台再突破条件尚未全部成立,2,2,0,0,1,0,5,True,True,True,近5日波动仍偏大,硬资格：最近25个交易日（含当日）至少一次按板块涨停价核验的实际涨停，且最新收盘价严格高于MA25、当日MA25严格高于前一交易日MA25；通过后再按方向/非极端波动/不过热排序,550,True,,,257,4,入选：满足一级粗筛资格条件；本阶段不设置数量下限或上限
603020,爱普股份,13.83,0.10023866348448696,0.27818853974122004,0.2913165266106441,0.38716148445335996,,,,0.29859154929577464,0.0,0.17641129032258066,1.6925875251509053,19529618.0,10234925.4,1.908134865350362,0.05199055939459374,0.027246794940276643,1.9081348653503636,False,0.1048461396720104,0.06088180112570374,True,3,1,结构未成熟,0.0,1.0,0.28085204908543626,10.6296,0.3010837660871528,0.013423842574936895,,,,0.18508997429305918,10.65,9.92,0.2985915492957747,0.39415322580645173,True,3,2026-09-22,沪深主板10%,25,10.049261083743843,INELIGIBLE,False,False,0,False,,,,,False,False,False,,,,,未形成合格的短周期缩量平台或呈N型走势,2,2,0,0,1,0,5,True,True,True,近5日波动仍偏大,硬资格：最近25个交易日（含当日）至少一次按板块涨停价核验的实际涨停，且最新收盘价严格高于MA25、当日MA25严格高于前一交易日MA25；通过后再按方向/非极端波动/不过热排序,550,True,,,257,4,入选：满足一级粗筛资格条件；本阶段不设置数量下限或上限
603068,博通集成,48.17,0.10002283626398722,0.36381653454133644,0.2603349031920461,0.317920656634747,,,,0.3719737966391342,0.0,0.20622119815668213,1.8037612038143482,15106115.0,7715466.2,1.9579004830583018,0.0765009443904862,0.05083076933455814,1.5050125227688766,False,0.14499495572245236,0.03900948879457178,True,3,1,结构未成熟,0.0,1.0,0.24755578001372647,38.6012,0.2478886666735749,0.00603602852258045,,,,0.2099974880683244,35.11,34.72,0.3719737966391343,0.3873847926267282,True,4,2026-09-22,沪深主板10%,25,10.002763194252573,RETEST_STABILIZING,True,False,5,False,36.36,2026-09-18,2.162100940157513,1.9119020374601157,True,False,False,,0.18938271604938275,,1.3978715959329515,突破后处于一周内确认窗，守位/缩量/横住或小平台再突破条件尚未全部成立,2,2,0,0,1,0,5,True,True,True,近5日波动仍偏大,硬资格：最近25个交易日（含当日）至少一次按板块涨停价核验的实际涨停，且最新收盘价严格高于MA25、当日MA25严格高于前一交易日MA25；通过后再按方向/非极端波动/不过热排序,550,True,,,257,4,入选：满足一级粗筛资格条件；本阶段不设置数量下限或上限
603230,内蒙新华,16.31,0.09979770734996629,0.6100691016781834,0.5804263565891472,0.7670639219934992,,,,0.6293706293706293,0.0,0.18415417558886515,3.41762888274516,31885434.4,10986486.5,2.9022412579308225,0.07815188922172904,0.03107714773861951,2.5147703347501817,False,0.25967771809594353,0.14020042397379084,True,3,1,结构未成熟,0.0,1.0,0.5286564506303013,10.366000000000001,0.5734130812270881,0.027965093216977488,,,,0.20994065281899088,10.01,9.5,0.6293706293706294,0.7168421052631577,True,1,2026-09-22,沪深主板10%,17,9.97977073499663,INELIGIBLE,False,False,0,False,,,,,False,False,False,,,,,未形成合格的短周期缩量平台或呈N型走势,2,2,0,0,1,0,5,True,True,True,近5日波动仍偏大,硬资格：最近25个交易日（含当日）至少一次按板块涨停价核验的实际涨停，且最新收盘价严格高于MA25、当日MA25严格高于前一交易日MA25；通过后再按方向/非极端波动/不过热排序,550,True,,,257,4,入选：满足一级粗筛资格条件；本阶段不设置数量下限或上限
603960,克来机电,19.48,0.061002178649237626,0.23997453851050277,0.2137071651090343,0.22284996861268058,,,,0.39410939691444596,-0.02012072434607637,0.18670248488918745,2.110895294984208,17148943.4,5571526.4,3.0779614362053453,0.06540457951799,0.021249317404906706,3.0779614362053507,False,0.10687602887172343,0.03969552088575723,True,3,1,结构未成熟,-0.02012072434607637,0.9288256227758009,0.1895456765999024,16.250799999999998,0.1987102173431463,0.007239370273955492,,,,0.13387660069848661,14.26,14.26,0.36605890603085567,0.36605890603085567,True,1,2026-09-17,沪深主板10%,25,10.032362459546928,INELIGIBLE,False,False,0,False,,,,,False,False,False,,,,,未形成合格的短周期缩量平台或呈N型走势,2,2,0,0,1,0,5,True,True,True,近5日波动仍偏大,硬资格：最近25个交易日（含当日）至少一次按板块涨停价核验的实际涨停，且最新收盘价严格高于MA25、当日MA25严格高于前一交易日MA25；通过后再按方向/非极端波动/不过热排序,550,True,,,257,4,入选：满足一级粗筛资格条件；本阶段不设置数量下限或上限
603978,深圳新星,26.2,0.06158833063209079,0.25599232981783326,0.2129629629629628,0.376773515501839,,,,0.32790123456790127,-0.025660096690219514,0.2295081967213115,1.4287125220458554,20520430.6,17930711.7,1.1444292308821185,0.08392586038842603,0.08965652623122497,0.9360820000094638,True,0.11985483716932488,0.0414994570605729,True,3,2,部分收敛/待确认,-0.025660096690219514,0.9205983889528192,0.21939867820906622,20.9516,0.2505011550430516,0.012624212195027518,,,,0.1366594360086768,20.25,19.52,0.2938271604938272,0.3422131147540983,True,2,2026-09-02,沪深主板10%,17,10.024330900243307,RETEST_STABILIZING,True,False,4,False,21.2,2026-09-16,1.4625912353625963,1.2117023916710354,True,False,False,,0.2683962264150944,24.75,1.3227885833406012,突破后处于一周内确认窗，守位/缩量/横住或小平台再突破条件尚未全部成立,2,2,0,0,1,0,5,True,True,True,近5日波动仍偏大,硬资格：最近25个交易日（含当日）至少一次按板块涨停价核验的实际涨停，且最新收盘价严格高于MA25、当日MA25严格高于前一交易日MA25；通过后再按方向/非极端波动/不过热排序,550,True,,,257,4,入选：满足一级粗筛资格条件；本阶段不设置数量下限或上限
605058,澳弘电子,53.27,0.09993805492463359,0.3218362282878413,0.8541594152453882,0.9817708333333335,,,,0.32644422310756993,0.0,0.4821625597646192,0.6770418326693234,22142677.8,6237707.3,3.5498103285481193,0.13903860753565683,0.03604036233176579,3.8578582050799453,False,0.19105930953083505,0.18494252873563233,True,3,2,部分收敛/待确认,0.0,1.0,0.5426941399632212,32.9504,0.6166723317471108,0.0317376819217956,,,,0.0656131226245249,40.16,28.77,0.32644422310756993,0.8515815085158152,True,1,2026-09-22,沪深主板10%,17,9.993805492463359,INELIGIBLE,False,False,0,False,,,,,False,False,False,,,,,未形成合格的短周期缩量平台或呈N型走势,2,2,0,0,1,0,5,True,True,True,近5日波动仍偏大,硬资格：最近25个交易日（含当日）至少一次按板块涨停价核验的实际涨停，且最新收盘价严格高于MA25、当日MA25严格高于前一交易日MA25；通过后再按方向/非极端波动/不过热排序,550,True,,,257,4,入选：满足一级粗筛资格条件；本阶段不设置数量下限或上限
605258,协和电子,42.16,0.09992173232454982,0.16948682385575586,0.38411030860144435,0.4881750794211084,,,,0.2080229226361031,0.0,0.26966678117485404,0.7714072965524791,9187491.8,5032870.4,1.8254973940914512,0.12136348106060603,0.04744724999999997,2.557861226111231,False,0.06606047326906195,0.0828321324361343,True,3,2,部分收敛/待确认,0.0,1.0,0.2647177933434324,32.1636,0.31079854245171545,0.018260792482936106,,,,0.06491538267239183,34.9,30.5,0.208022922636103,0.38229508196721307,True,2,2026-09-22,沪深主板10%,17,9.999999999999986,INELIGIBLE,False,False,0,False,,,,,False,False,False,,,,,未形成合格的短周期缩量平台或呈N型走势,2,2,0,0,1,0,5,True,True,True,近5日波动仍偏大,硬资格：最近25个交易日（含当日）至少一次按板块涨停价核验的实际涨停，且最新收盘价严格高于MA25、当日MA25严格高于前一交易日MA25；通过后再按方向/非极端波动/不过热排序,550,True,,,257,4,入选：满足一级粗筛资格条件；本阶段不设置数量下限或上限
605577,龙版传媒,17.69,0.0682367149758456,0.1699735449735451,0.2510608203677511,0.7778894472361813,,,,0.3181484202792066,-0.06004250797024435,0.9789695057833859,0.32498297280937216,48405271.6,28300102.9,1.7104274062551201,0.1155640881055448,0.06367523144540592,1.8148985952980403,False,-0.00782531869241454,0.07505313496280541,True,3,2,部分收敛/待确认,-0.06004250797024435,0.8786251342642322,0.3129476379559877,12.7936,0.382722611305653,0.02489826000576789,,,,0.08995686999383867,13.61,13.61,0.2997795738427629,0.2997795738427629,True,2,2026-09-17,沪深主板10%,11,10.020449897750506,INELIGIBLE,False,False,0,False,,,,,False,False,True,,,,,未形成合格的短周期缩量平台或呈N型走势,2,2,0,0,1,0,5,True,True,True,近5日波动仍偏大,硬资格：最近25个交易日（含当日）至少一次按板块涨停价核验的实际涨停，且最新收盘价严格高于MA25、当日MA25严格高于前一交易日MA25；通过后再按方向/非极端波动/不过热排序,550,True,,,257,4,入选：满足一级粗筛资格条件；本阶段不设置数量下限或上限
688026,洁特生物股份,27.03,0.07176843774781938,0.33021653543307083,0.21756756756756768,0.6872659176029963,,,,0.3831398283695104,-0.013503649635036363,0.33198847262247827,1.154075698300522,9950988.6,9469669.4,1.0508274554970207,0.07089392930192222,0.06747993048441733,1.0505928028229556,False,0.10123788503982345,0.04103336313585215,True,3,1,结构未成熟,-0.013503649635036363,0.9697959183673471,0.31921227946021147,19.6292,0.3770301387728485,0.02141786695529091,,,,0.24677121771217725,19.81,19.81,0.36446239273094405,0.36446239273094405,True,1,2026-09-21,科创板20%,25,19.980970504281625,RETEST_STABILIZING,True,False,5,False,21.63,2026-09-21,3.6570933549634494,1.3034205174689788,True,False,False,,0.10886280857952237,,,突破后处于一周内确认窗，守位/缩量/横住或小平台再突破条件尚未全部成立,2,2,0,0,1,0,5,True,True,True,近5日波动仍偏大,硬资格：最近25个交易日（含当日）至少一次按板块涨停价核验的实际涨停，且最新收盘价严格高于MA25、当日MA25严格高于前一交易日MA25；通过后再按方向/非极端波动/不过热排序,550,True,,,257,4,入选：满足一级粗筛资格条件；本阶段不设置数量下限或上限
688137,近岸蛋白,124.5,0.047627061595422404,0.6147859922178989,0.7532741867342627,0.49066091954023006,,,,0.771850636027903,-0.038906901343214395,0.42355932203389823,1.822296419593689,10492779.4,6927326.4,1.5146939517675968,0.14494815288346763,0.09561239308874707,1.5159975417509661,False,0.3098966762106312,0.20013555645926528,True,3,1,结构未成熟,-0.038906901343214395,0.9325662295959327,0.5584122970621739,78.46039999999999,0.5867877298611786,0.03400632577754337,,,,0.1116071428571428,73.11,62.51,0.7029134181370538,0.991681330987042,True,2,2026-08-21,科创板20%,17,20.0035561877667,INELIGIBLE,False,False,0,False,,,,,False,False,False,,,,,未形成合格的短周期缩量平台或呈N型走势,2,2,0,0,1,0,5,True,True,True,近5日波动仍偏大,硬资格：最近25个交易日（含当日）至少一次按板块涨停价核验的实际涨停，且最新收盘价严格高于MA25、当日MA25严格高于前一交易日MA25；通过后再按方向/非极端波动/不过热排序,550,True,,,257,4,入选：满足一级粗筛资格条件；本阶段不设置数量下限或上限
688175,珠海高凌信息,23.24,0.0573248407643312,0.3866348448687349,0.29182879377431914,0.17078085642317364,,,,0.4159663865546218,-0.014836795252225587,0.14961101137043686,2.780319327731092,7397827.6,2093242.6,3.5341472603318884,0.035977729542767366,0.01245146899003696,2.88943654532288,False,0.18171336331142607,0.07120620365653463,True,3,1,结构未成熟,-0.014836795252225587,0.9494949494949493,0.2268384099667422,19.0248,0.22156343299272518,0.006986788617886042,,,,0.06899724011039554,16.66,16.66,0.39495798319327724,0.39495798319327724,True,1,2026-09-18,科创板20%,25,19.977924944812344,RETEST_STABILIZING,True,False,5,False,17.81,2026-09-17,1.5222517477518773,3.19558963513012,False,False,False,,0.3557471264367817,22.33,0.7643458750584495,突破后处于一周内确认窗，守位/缩量/横住或小平台再突破条件尚未全部成立,2,2,0,0,1,0,5,True,True,True,近5日波动仍偏大,硬资格：最近25个交易日（含当日）至少一次按板块涨停价核验的实际涨停，且最新收盘价严格高于MA25、当日MA25严格高于前一交易日MA25；通过后再按方向/非极端波动/不过热排序,550,True,,,257,4,入选：满足一级粗筛资格条件；本阶段不设置数量下限或上限
688315,诺禾致源科技,19.02,0.0462046204620461,0.43115124153498874,0.35760171306209854,0.18357187305538258,,,,0.5311077389984825,-0.05748265609514369,0.16154452324665097,3.287686442873532,19205820.6,4936946.3,3.8902227071013518,0.028000607880826475,0.011861956511292602,2.3605387403140323,False,0.18813056379821935,0.07767916085967896,True,3,1,结构未成熟,-0.05748265609514369,0.8451268357810414,0.29387755102040813,14.996799999999999,0.2682705643870693,0.009042954031650119,,,,0.18578553615960103,13.18,12.69,0.4430955993930197,0.49881796690307323,True,1,2026-09-21,科创板20%,25,19.999999999999996,RETEST_STABILIZING,True,False,5,False,13.78,2026-09-17,1.6020721251584245,3.6346942008544385,True,False,False,,0.4281670205237083,18.18,2.8634009992354983,突破后处于一周内确认窗，守位/缩量/横住或小平台再突破条件尚未全部成立,2,2,0,0,1,0,5,True,True,True,近5日波动仍偏大,硬资格：最近25个交易日（含当日）至少一次按板块涨停价核验的实际涨停，且最新收盘价严格高于MA25、当日MA25严格高于前一交易日MA25；通过后再按方向/非极端波动/不过热排序,550,True,,,257,4,入选：满足一级粗筛资格条件；本阶段不设置数量下限或上限
688655,迅捷兴科技,77.21,0.05463734462505121,0.27937033968516967,0.4074006562158219,0.688388366499016,,,,0.3513467728273758,-0.03209226526263009,0.5836152730787819,0.6020177830060792,13161851.4,15398143.1,0.8547687415633902,0.09204010295624358,0.11205196124980213,0.82140555086809,True,0.10878867676102666,0.12045309508615176,True,3,3,收敛较充分,-0.03209226526263009,0.9363025628265738,0.4223474904897435,52.010799999999996,0.48449937320710323,0.025392919949214,,,,0.1642038600723763,59.03,53.55,0.30797899373200055,0.4418300653594771,True,1,2026-09-07,科创板20%,17,19.999999999999996,INELIGIBLE,False,False,0,False,,,,,False,False,False,,,,,未形成合格的短周期缩量平台或呈N型走势,2,2,0,0,1,0,5,True,True,True,近5日波动仍偏大,硬资格：最近25个交易日（含当日）至少一次按板块涨停价核验的实际涨停，且最新收盘价严格高于MA25、当日MA25严格高于前一交易日MA25；通过后再按方向/非极端波动/不过热排序,550,True,,,257,4,入选：满足一级粗筛资格条件；本阶段不设置数量下限或上限
688781,视涯科技,51.95,0.20004620004620022,0.4695898161244696,0.29486540378863424,0.3942565754159959,,,,0.47795163584637285,0.0,0.3065033537474482,1.5593683723284613,4576462.8,2328732.8,1.965215932029643,0.11207179941313714,0.057027727888095826,1.9652159320296436,False,0.16007948774563907,0.03150435950794184,True,3,1,结构未成熟,0.0,1.0,0.3039004066060942,39.413599999999995,0.3180729494387726,0.011653097054384443,,,,0.2990747686921731,35.15,34.29,0.4779516358463729,0.5150189559638381,True,1,2026-09-22,科创板20%,25,20.004620004620023,RETEST_STABILIZING,True,False,4,False,36.63,2026-09-17,2.3517679844158508,1.6780928422560895,True,False,False,,0.34760051880674464,43.49,3.4432098096723234,突破后处于一周内确认窗，守位/缩量/横住或小平台再突破条件尚未全部成立,2,2,0,0,1,0,5,True,True,True,近5日波动仍偏大,硬资格：最近25个交易日（含当日）至少一次按板块涨停价核验的实际涨停，且最新收盘价严格高于MA25、当日MA25严格高于前一交易日MA25；通过后再按方向/非极端波动/不过热排序,550,True,,,257,4,入选：满足一级粗筛资格条件；本阶段不设置数量下限或上限
600721,百花医药,14.47,0.10038022813688219,0.3574108818011257,0.1783387622149839,-0.03275401069518713,,,,0.39671814671814687,-0.13249400479616302,0.2872037914691942,1.3813123590351322,124674648.0,104527217.6,1.1927481747108133,0.2748560170792191,0.277516605250276,0.9904128685609371,True,0.12166546503244402,0.02903985349263105,True,3,2,部分收敛/待确认,-0.13249400479616302,0.6503164556962027,0.14265408457377493,12.922,0.11979569726048589,0.0030116741182315554,,,,0.14477848101265822,10.36,10.36,0.39671814671814687,0.39671814671814687,True,2,2026-09-22,沪深主板10%,17,10.038022813688219,INELIGIBLE,False,False,0,False,,,,,False,False,False,,,,,未形成合格的短周期缩量平台或呈N型走势,0,2,0,1,1,0,4,True,True,True,近5日波动仍偏大,硬资格：最近25个交易日（含当日）至少一次按板块涨停价核验的实际涨停，且最新收盘价严格高于MA25、当日MA25严格高于前一交易日MA25；通过后再按方向/非极端波动/不过热排序,618,True,,,257,4,入选：满足一级粗筛资格条件；本阶段不设置数量下限或上限
600785,新华百货,11.23,-0.01057268722466953,0.1275100401606426,-0.07950819672131137,-0.04668930390492354,,,,0.19565217391304354,-0.14143730886850148,0.3131313131313131,0.6248246844319778,26865813.2,54787895.8,0.4903603762785867,0.058755661005867564,0.18021201571775763,0.32603631212853657,True,0.046323674354425304,-0.02944651458693104,False,3,2,部分收敛/待确认,-0.14143730886850148,0.574712643678161,-0.010223867442270329,11.0704,0.01441682324035276,0.00749908991627235,,,,0.0725883476599809,9.66,9.66,0.16252587991718426,0.16252587991718426,True,5,2026-09-07,沪深主板10%,17,10.056497175141255,RETEST_STABILIZING,False,False,4,False,10.34,2026-09-21,1.3591706537412007,1.806267214433833,True,False,True,,0.05383211678832115,,,突破后处于一周内确认窗，守位/缩量/横住或小平台再突破条件尚未全部成立,0,2,0,1,1,0,4,True,True,True,近5日波动仍偏大,硬资格：最近25个交易日（含当日）至少一次按板块涨停价核验的实际涨停，且最新收盘价严格高于MA25、当日MA25严格高于前一交易日MA25；通过后再按方向/非极端波动/不过热排序,618,True,,,257,4,入选：满足一级粗筛资格条件；本阶段不设置数量下限或上限
000062,深圳华强,23.47,-0.01220538720538733,0.05246636771300439,-0.008030431107354241,0.059593679458239235,,,,0.08464655560558303,-0.06120000000000003,0.13275940190303578,0.6375936799369343,22656755.2,23831757.2,0.9506959562343981,0.01794696736947103,0.0249028115312388,0.7206803676347083,True,0.025675077467906204,-0.005022949683900602,True,3,3,收敛较充分,-0.06120000000000003,0.5749999999999998,0.0016644616106866739,23.178800000000003,0.012563204307384224,-0.0005863989927733515,,,,0.010331467929401539,22.21,22.07,0.05673120216118854,0.06343452650656989,True,1,2026-08-28,沪深主板10%,17,10.004426737494466,RETEST_STABILIZING,True,False,5,False,23.09,2026-09-21,2.0379146741203065,0.7540693880415668,True,False,False,,0.02874302874302882,,,突破后处于一周内确认窗，守位/缩量/横住或小平台再突破条件尚未全部成立,2,2,1,1,1,1,8,False,True,False,MA25未上扬,硬资格：最近25个交易日（含当日）至少一次按板块涨停价核验的实际涨停，且最新收盘价严格高于MA25、当日MA25严格高于前一交易日MA25；通过后再按方向/非极端波动/不过热排序,1,False,,,257,4,未入选：未满足一级粗筛最低资格条件
000510,新金路,19.08,0.029681597409605853,0.06771124790151073,0.10801393728222997,0.1655467318265118,,,,0.08945868945868947,-0.0020920502092051096,0.22790697674418603,0.39252282109424974,44424483.0,42809712.9,1.0377197133690659,0.07317329402449334,0.06964923711223024,1.0505972076418375,False,0.05854612376351498,0.034537166900420635,True,3,2,部分收敛/待确认,-0.0020920502092051096,0.9901719901719895,0.0950413223140496,17.194000000000003,0.10968942654414304,0.004838935901631869,,,,0.0068601583113456766,17.55,15.05,0.08717948717948709,0.26777408637873745,False,0,,沪深主板10%,6,5.174644243208282,READY_FOR_BREAKOUT,False,False,5,False,19.1,,,,False,False,False,,,,,紧凑缩量平台形成，尚未出现放量突破,2,2,1,1,1,1,8,False,True,True,,硬资格：最近25个交易日（含当日）至少一次按板块涨停价核验的实际涨停，且最新收盘价严格高于MA25、当日MA25严格高于前一交易日MA25；通过后再按方向/非极端波动/不过热排序,1,False,,,257,4,未入选：未满足一级粗筛最低资格条件
000596,古井贡酒,95.86,0.004190236748376375,0.024911793007591054,-0.050891089108910936,0.05502971604666529,,,,0.05998681608437715,-0.06010393175801543,0.11831140350877184,0.5070248032340315,2391454.8,4058656.5,0.5892232565135778,0.005718985152553366,0.010739073840990071,0.5325398853972414,True,0.01585897380572221,-0.018838811914219322,False,3,2,部分收敛/待确认,-0.06010393175801543,0.5277349768875192,0.0039693761062411514,94.68799999999999,0.01237749239607977,-0.00018583906337110712,,,,0.014928533615669703,91.02,91.02,0.05317512634585819,0.05317512634585819,True,1,2026-09-01,沪深主板10%,17,9.998909606367912,READY_FOR_BREAKOUT,False,False,5,False,96.28,,,,False,False,False,,,,,紧凑缩量平台形成，尚未出现放量突破,2,2,1,1,1,1,8,False,True,False,MA25未上扬,硬资格：最近25个交易日（含当日）至少一次按板块涨停价核验的实际涨停，且最新收盘价严格高于MA25、当日MA25严格高于前一交易日MA25；通过后再按方向/非极端波动/不过热排序,1,False,,,257,4,未入选：未满足一级粗筛最低资格条件
000636,风华高科,57.75,-0.025316455696202556,0.004173187271778955,0.15894039735099352,0.1250730566919931,,,,0.11301369863013705,-0.06477732793522262,0.2612049197415051,0.4326629787141001,136667075.6,117674030.0,1.1614038849523551,0.11573583408524475,0.09267057721685211,1.2488951462384787,False,0.009734728644439139,0.049374208448186074,True,3,2,部分收敛/待确认,-0.12033511043412037,0.5531674208144794,0.06861330076607097,53.918,0.07107088541859863,-0.00339361497626689,,,,-0.03749999999999998,55.48,48.58,0.04091564527757763,0.1887608069164266,False,0,,沪深主板10%,17,6.077239756910413,INELIGIBLE,False,False,0,False,,,,,False,False,False,,,,,未形成合格的短周期缩量平台或呈N型走势,2,2,1,1,1,1,8,False,True,False,MA25未上扬,硬资格：最近25个交易日（含当日）至少一次按板块涨停价核验的实际涨停，且最新收盘价严格高于MA25、当日MA25严格高于前一交易日MA25；通过后再按方向/非极端波动/不过热排序,1,False,,,257,4,未入选：未满足一级粗筛最低资格条件
000670,盈方微,7.69,-0.017879948914431676,0.06215469613259672,0.08005617977528101,0.10014306151645203,,,,0.10709318497913763,-0.0339195979899497,0.11918604651162795,0.8985379422639836,76763367.0,50160882.2,1.5303432402550528,0.10934173790999195,0.05884524139793651,1.858123704015023,False,0.031754432389520915,0.03068321287331255,True,3,2,部分收敛/待确认,-0.0339195979899497,0.8043478260869568,0.05104899883824254,7.2844,0.055680632584701684,-0.0002744839701360746,,,,-0.0339195979899497,7.19,6.98,0.06954102920723226,0.1017191977077363,False,0,,沪深主板10%,3,-0.4166666666666652,READY_FOR_BREAKOUT,False,False,3,False,7.95,,,,False,False,False,,,,,紧凑缩量平台形成，尚未出现放量突破,2,2,1,1,1,1,8,False,True,False,MA25未上扬,硬资格：最近25个交易日（含当日）至少一次按板块涨停价核验的实际涨停，且最新收盘价严格高于MA25、当日MA25严格高于前一交易日MA25；通过后再按方向/非极端波动/不过热排序,1,False,,,257,4,未入选：未满足一级粗筛最低资格条件
000720,新能泰山,3.92,-0.03685503685503699,0.03430079155672816,0.02617801047120416,0.05660377358490565,,,,0.12398921832884097,-0.05995203836930452,0.10372340425531931,1.1953832331190803,68811420.2,29829939.0,2.3067905100308788,0.0647140999425526,0.022708899070710213,2.849724231062369,False,0.018668012108980614,0.01590559261159563,True,3,1,结构未成熟,-0.05995203836930452,0.626865671641791,0.002942305232186193,3.8608,0.01533360961458774,0.0005182958432672358,,,,-0.055421686746988,3.71,3.71,0.05660377358490565,0.05660377358490565,False,0,,沪深主板10%,3,1.6574585635359185,READY_FOR_BREAKOUT,False,False,3,False,4.07,,,,False,False,False,,,,,紧凑缩量平台形成，尚未出现放量突破,2,2,1,1,1,1,8,False,True,True,,硬资格：最近25个交易日（含当日）至少一次按板块涨停价核验的实际涨停，且最新收盘价严格高于MA25、当日MA25严格高于前一交易日MA25；通过后再按方向/非极端波动/不过热排序,1,False,,,257,4,未入选：未满足一级粗筛最低资格条件
000722,湖南发展,14.2,-0.011142061281337101,-0.016620498614958512,0.06606606606606591,0.09822119102861548,,,,0.11622807017543858,-0.12399753238741529,0.26640625,0.43628131913361107,27042356.4,32456133.6,0.8331971002239157,0.06984411408175624,0.0608851958153552,1.14714444367676,True,-0.025753424657534163,0.021427557826025012,False,3,2,部分收敛/待确认,-0.12399753238741529,0.4493150684931503,0.03562702840681187,13.543600000000001,0.04846569597448225,0.002546412814970589,,,,-0.06885245901639347,13.68,13.06,0.03801169590643272,0.08728943338437967,False,0,,沪深主板10%,17,3.6575875486381415,READY_FOR_BREAKOUT,False,False,4,False,14.49,,,,False,False,False,,,,,紧凑缩量平台形成，尚未出现放量突破,2,2,1,1,1,1,8,False,True,True,,硬资格：最近25个交易日（含当日）至少一次按板块涨停价核验的实际涨停，且最新收盘价严格高于MA25、当日MA25严格高于前一交易日MA25；通过后再按方向/非极端波动/不过热排序,1,False,,,257,4,未入选：未满足一级粗筛最低资格条件
000735,罗 牛 山,6.0,-0.014778325123152691,0.022146507666098714,-0.11894273127753296,0.09289617486338786,,,,0.07394366197183097,-0.17920656634746923,0.32909090909090905,0.22469068554976265,75964709.6,115509783.6,0.6576474064141524,0.07043914029633501,0.08008293072457809,0.8795774537596521,True,-0.004344919786096191,-0.02581564776686729,False,3,2,部分收敛/待确认,-0.17920656634746923,0.3849765258215964,-0.009574116870254334,5.97,0.005025125628140836,-0.0012045773940976279,,,,-0.016393442622950727,5.68,5.68,0.05633802816901423,0.05633802816901423,False,0,,沪深主板10%,2,-1.4778325123152691,READY_FOR_BREAKOUT,False,False,5,False,6.1,,,,False,False,False,,,,,紧凑缩量平台形成，尚未出现放量突破,2,2,1,1,1,1,8,False,True,False,MA25未上扬,硬资格：最近25个交易日（含当日）至少一次按板块涨停价核验的实际涨停，且最新收盘价严格高于MA25、当日MA25严格高于前一交易日MA25；通过后再按方向/非极端波动/不过热排序,1,False,,,257,4,未入选：未满足一级粗筛最低资格条件
000737,北方铜业,15.11,0.04712404712404705,0.08783297336213103,-0.038192234245703505,0.03991741225051615,,,,0.13192419825072876,-0.12151162790697678,0.24637681159420277,0.5354570399588405,84692453.0,122581719.1,0.6909060634963798,0.04236421961304337,0.06499804419501128,0.6517768363297138,True,0.014285714285714235,-0.0030274488697523694,True,3,3,收敛较充分,-0.12151162790697678,0.39942528735632166,0.010431991440417177,14.8448,0.017864841560681244,0.0018627001052831105,,,,0.03493150684931501,13.72,13.72,0.10131195335276955,0.10131195335276955,False,0,,沪深主板10%,6,4.712404712404705,BREAKOUT_AWAIT_RETEST,False,False,5,False,14.6,2026-09-22,1.63554131764247,,False,False,True,,,,,首次放量突破，仅观察，等待缩量回踩确认,2,2,1,1,1,1,8,False,True,True,,硬资格：最近25个交易日（含当日）至少一次按板块涨停价核验的实际涨停，且最新收盘价严格高于MA25、当日MA25严格高于前一交易日MA25；通过后再按方向/非极端波动/不过热排序,1,False,,,257,4,未入选：未满足一级粗筛最低资格条件
000859,国风新材,9.54,-0.01952723535457357,-0.011398963730570033,0.06950672645739897,0.09907834101382473,,,,0.10871905274488715,-0.07378640776699041,0.17688679245283018,0.6146250448510954,75041897.2,39655079.0,1.8923653436675791,0.09196659682459053,0.043619869621509405,2.1083647801469096,False,0.024088680451929356,0.021325711773112044,True,3,2,部分收敛/待确认,-0.07378640776699041,0.5869565217391296,0.046798705217534486,9.048399999999999,0.054330047301180295,0.0009292035398229537,,,,-0.044088176352705566,9.29,8.48,0.026910656620021456,0.12499999999999978,False,0,,沪深主板10%,9,1.9495412844036775,READY_FOR_BREAKOUT,False,False,4,False,9.83,,,,False,False,False,,,,,紧凑缩量平台形成，尚未出现放量突破,2,2,1,1,1,1,8,False,True,True,,硬资格：最近25个交易日（含当日）至少一次按板块涨停价核验的实际涨停，且最新收盘价严格高于MA25、当日MA25严格高于前一交易日MA25；通过后再按方向/非极端波动/不过热排序,1,False,,,257,4,未入选：未满足一级粗筛最低资格条件
000868,安凯客车,3.94,-0.01253132832080206,-0.015000000000000013,0.07650273224043702,0.11299435028248594,,,,0.1750000000000001,-0.08372093023255811,0.2285714285714285,0.7656250000000007,66676608.4,18710554.0,3.5635827993120888,0.0822176943610548,0.019915141550553888,4.1284012042971465,False,0.02394586153045286,0.030554811042615926,True,3,2,部分收敛/待确认,-0.08372093023255811,0.6043956043956044,0.05970952124798279,3.67,0.07356948228882842,0.004598707982043093,,,,-0.06855791962174951,3.6,3.5,0.09444444444444433,0.12571428571428567,False,0,,沪深主板10%,17,2.8089887640449396,READY_FOR_BREAKOUT,False,False,3,False,4.0,,,,False,False,False,,,,,紧凑缩量平台形成，尚未出现放量突破,2,2,1,1,1,1,8,False,True,True,,硬资格：最近25个交易日（含当日）至少一次按板块涨停价核验的实际涨停，且最新收盘价严格高于MA25、当日MA25严格高于前一交易日MA25；通过后再按方向/非极端波动/不过热排序,1,False,,,257,4,未入选：未满足一级粗筛最低资格条件
000978,桂林旅游,8.4,0.0011918951132299238,-0.1402251791197543,0.048689138576779145,0.3526570048309179,,,,0.16888297872340421,-0.27586206896551724,0.8441971383147853,0.20005158873262008,111569124.6,77136758.3,1.4463807795251877,0.23771628310999204,0.1456226465023763,1.6324128754665432,False,-0.11320355480321598,0.036956769704573844,False,3,1,结构未成熟,-0.27586206896551724,0.43161634103019547,0.06992739778372181,7.5028,0.11958202271152119,0.012305035349991833,,,,-0.04436860068259374,7.52,7.52,0.1170212765957448,0.1170212765957448,False,0,,沪深主板10%,6,2.5041736227044975,INELIGIBLE,False,False,0,False,,,,,False,False,True,,,,,未形成合格的短周期缩量平台或呈N型走势,2,2,1,1,1,1,8,False,True,True,,硬资格：最近25个交易日（含当日）至少一次按板块涨停价核验的实际涨停，且最新收盘价严格高于MA25、当日MA25严格高于前一交易日MA25；通过后再按方向/非极端波动/不过热排序,1,False,,,257,4,未入选：未满足一级粗筛最低资格条件
000981,山子高科,2.88,-0.023728813559322104,-0.04635761589403975,0.04347826086956519,0.0786516853932584,,,,0.13970588235294112,-0.08280254777070073,0.24110671936758907,0.5794358727097391,817711339.8,328091297.7,2.4923286461187963,0.10651995472754062,0.03448744002565105,3.08865936840523,False,0.02603800140745971,0.026382363570654377,True,3,2,部分收敛/待确认,-0.08280254777070073,0.5737704918032785,0.03709038530788611,2.7488,0.047729918509895164,0.0016032648301995689,,,,-0.07096774193548394,2.72,2.53,0.0588235294117645,0.1383399209486167,False,0,,沪深主板10%,17,3.731343283582067,INELIGIBLE,False,False,3,False,3.0,,,,False,False,True,,,,,未形成合格的短周期缩量平台或呈N型走势,2,2,1,1,1,1,8,False,True,True,,硬资格：最近25个交易日（含当日）至少一次按板块涨停价核验的实际涨停，且最新收盘价严格高于MA25、当日MA25严格高于前一交易日MA25；通过后再按方向/非极端波动/不过热排序,1,False,,,257,4,未入选：未满足一级粗筛最低资格条件
000988,华工科技,107.09,-0.022098438498767248,0.0687624750499003,0.06525415298915749,0.017288876223045646,,,,0.11473442032609782,-0.03903445800430716,0.16985519501109828,0.6754837278812762,52700584.4,49228692.0,1.0705257901225569,0.05361378406219377,0.04982587903518482,1.0760228439589414,False,0.0393920595533499,0.02563030521065257,True,3,2,部分收敛/待确认,-0.06536917437598178,0.6249374061091639,0.03515606120653825,103.63960000000002,0.03329229367924991,-0.00187221911897828,,,,-0.026454545454545397,99.97,98.33,0.07122136640992305,0.08908776568697241,False,0,,沪深主板10%,17,8.216452800159168,RETEST_STABILIZING,False,False,3,False,102.99,2026-09-16,1.3437039370652903,0.8164891676014432,True,False,True,,0.05921490352628081,110.69,1.0418191019154206,突破后处于一周内确认窗，守位/缩量/横住或小平台再突破条件尚未全部成立,2,2,1,1,1,1,8,False,True,False,MA25未上扬,硬资格：最近25个交易日（含当日）至少一次按板块涨停价核验的实际涨停，且最新收盘价严格高于MA25、当日MA25严格高于前一交易日MA25；通过后再按方向/非极端波动/不过热排序,1,False,,,257,4,未入选：未满足一级粗筛最低资格条件
001223,欧克科技,44.54,-0.004692737430167626,-0.03404901322923448,0.11044627274993757,0.11489361702127643,,,,0.14554754708207407,-0.09600162370610932,0.2105539511682855,0.691260108273841,4525340.8,2367460.4,1.9114747600424489,0.07781724870694835,0.033062415054630916,2.3536468397231864,False,0.03447957535195023,0.03475197562601151,True,3,2,部分收敛/待确认,-0.09600162370610932,0.5803016858917478,0.06848986445963767,41.3948,0.07598055794447611,0.0025187208772898817,,,,-0.04991467576791819,43.01,38.09,0.035573122529644285,0.16933578367025448,False,0,,沪深主板10%,17,7.067046337043736,READY_FOR_BREAKOUT,False,False,4,False,45.93,,,,False,False,False,,,,,紧凑缩量平台形成，尚未出现放量突破,2,2,1,1,1,1,8,False,True,True,,硬资格：最近25个交易日（含当日）至少一次按板块涨停价核验的实际涨停，且最新收盘价严格高于MA25、当日MA25严格高于前一交易日MA25；通过后再按方向/非极端波动/不过热排序,1,False,,,257,4,未入选：未满足一级粗筛最低资格条件
001309,德明利,411.57,-0.00826506024096385,0.06629877195709621,-0.012595364905714668,0.03662191773921375,,,,0.11214366116070268,-0.08182933630786393,0.13123359580052493,0.8545346980445544,11130234.4,10623468.9,1.0477024505620758,0.06719168673027891,0.0654665132307531,1.0263519991273249,False,0.03193148784020572,0.006865079760469461,True,3,2,部分收敛/待确认,-0.086719183401753,0.4389088298636038,0.006752533881918099,407.224,0.010672259002416418,-0.0025239164599328845,,,,-0.012666426772220296,382.01,381.0,0.0773801732938928,0.08023622047244094,True,1,2026-08-27,沪深主板10%,17,10.000255957408676,RETEST_STABILIZING,True,False,5,False,407.61,2026-09-18,1.2370468675092323,0.8711693226445506,True,False,False,,0.04099284524159565,,1.1492924164218445,突破后处于一周内确认窗，守位/缩量/横住或小平台再突破条件尚未全部成立,2,2,1,1,1,1,8,False,True,False,MA25未上扬,硬资格：最近25个交易日（含当日）至少一次按板块涨停价核验的实际涨停，且最新收盘价严格高于MA25、当日MA25严格高于前一交易日MA25；通过后再按方向/非极端波动/不过热排序,1,False,,,257,4,未入选：未满足一级粗筛最低资格条件
001359,平安电工,90.1,0.02212138400453756,0.04234150856085139,0.0970412760258128,0.037898859578389565,,,,0.10639053254437864,-0.04656084656084658,0.16010837311314663,0.6644907475837866,2681998.2,2772657.3,0.9673024502523266,0.0402382075588271,0.045988079902496495,0.874970375891748,True,0.036711370262390686,0.025592755867985373,True,3,3,收敛较充分,-0.08304498269896199,0.6067469879518067,0.050465480958127085,86.61800000000001,0.040199496640420884,-0.0028090534410905033,,,,-0.009890109890109966,84.5,77.51,0.06627218934911228,0.16243065410914714,False,0,,沪深主板10%,4,5.32058492688412,READY_FOR_BREAKOUT,False,False,4,False,91.73,,,,False,False,False,,,,,紧凑缩量平台形成，尚未出现放量突破,2,2,1,1,1,1,8,False,True,False,MA25未上扬,硬资格：最近25个交易日（含当日）至少一次按板块涨停价核验的实际涨停，且最新收盘价严格高于MA25、当日MA25严格高于前一交易日MA25；通过后再按方向/非极端波动/不过热排序,1,False,,,257,4,未入选：未满足一级粗筛最低资格条件
001696,宗申动力,15.91,0.025128865979381576,0.04947229551451193,-0.047305389221556804,0.059960026648900655,,,,0.07712944332662633,-0.10617977528089895,0.17880794701986763,0.4313535534192804,31384595.8,58705987.7,0.5346063839413097,0.031189863164224896,0.0709657555160096,0.4395058283736384,True,0.012013580569339322,-0.0175360850848314,False,3,2,部分收敛/待确认,-0.10617977528089895,0.4166666666666665,0.013214456296767985,15.590800000000002,0.02047361264335379,-0.001741580227942019,,,,0.0198717948717948,14.91,14.91,0.06706908115358812,0.06706908115358812,False,0,,沪深主板10%,17,5.1948051948051965,BREAKOUT_AWAIT_RETEST,True,False,5,False,15.6,2026-09-22,1.7261179167137692,,False,False,False,,,,,首次放量突破，仅观察，等待缩量回踩确认,2,2,1,1,1,1,8,False,True,False,MA25未上扬,硬资格：最近25个交易日（含当日）至少一次按板块涨停价核验的实际涨停，且最新收盘价严格高于MA25、当日MA25严格高于前一交易日MA25；通过后再按方向/非极端波动/不过热排序,1,False,,,257,4,未入选：未满足一级粗筛最低资格条件
001896,豫能控股,12.14,0.0008244023083263663,-0.028799999999999937,0.03231292517006801,0.024472573839662504,,,,0.08588435374149658,-0.10997067448680353,0.1923076923076924,0.446598639455782,86872757.6,82001054.7,1.0594102468294226,0.06581013348747683,0.05374364798394794,1.224519286579372,False,-0.01492537313432829,0.012510356255178046,False,3,1,结构未成熟,-0.10997067448680353,0.3181818181818185,0.008598845179246473,12.008799999999999,0.010925321430950818,-0.001994548234824922,,,,-0.04933437744714164,11.76,11.56,0.03231292517006801,0.05017301038062283,False,0,,沪深主板10%,17,2.1666666666666723,READY_FOR_BREAKOUT,False,False,5,False,12.41,,,,False,False,False,,,,,紧凑缩量平台形成，尚未出现放量突破,2,2,1,1,1,1,8,False,True,False,MA25未上扬,硬资格：最近25个交易日（含当日）至少一次按板块涨停价核验的实际涨停，且最新收盘价严格高于MA25、当日MA25严格高于前一交易日MA25；通过后再按方向/非极端波动/不过热排序,1,False,,,257,4,未入选：未满足一级粗筛最低资格条件
002012,凯恩股份,7.21,-0.025675675675675746,0.012640449438202195,-0.026990553306342813,0.04492753623188395,,,,0.046478873239436634,-0.03221476510067112,0.06276747503566339,0.7404929577464785,8341866.6,10099604.6,0.8259597212350274,0.018771230175579034,0.02257114705492833,0.8316471524419227,True,0.0108063175394848,0.0037359900373601374,True,3,3,收敛较充分,-0.03221476510067112,0.7669902912621358,-0.0013158806011495106,7.1124,0.013722512794555941,0.0030462007107801004,,,,-0.025675675675675746,7.1,7.01,0.015492957746478853,0.028530670470756192,False,0,,沪深主板10%,3,0.4559270516717451,READY_FOR_BREAKOUT,False,False,5,False,7.42,,,,False,False,False,,,,,紧凑缩量平台形成，尚未出现放量突破,2,2,1,1,1,1,8,False,True,True,,硬资格：最近25个交易日（含当日）至少一次按板块涨停价核验的实际涨停，且最新收盘价严格高于MA25、当日MA25严格高于前一交易日MA25；通过后再按方向/非极端波动/不过热排序,1,False,,,257,4,未入选：未满足一级粗筛最低资格条件
002037,保利联合,7.03,-0.0014204545454544748,0.06838905775075999,-0.022253129346314293,0.032305433186490484,,,,0.11179173047473193,-0.03698630136986292,0.11111111111111104,1.006125574272588,6509300.4,5018847.9,1.2969710438923643,0.012731644758248799,0.011289254810112675,1.1277666216590365,False,0.014125956444967835,-0.010312231452305975,False,3,0,结构未成熟,-0.03698630136986292,0.6493506493506497,0.007163323782235054,6.9332,0.013961806957826006,0.0006350305969287096,,,,-0.0028368794326240065,6.53,6.53,0.07656967840735063,0.07656967840735063,False,0,,沪深主板10%,3,1.3452914798206317,INELIGIBLE,False,False,0,False,,,,,False,False,True,,,,,未形成合格的短周期缩量平台或呈N型走势,2,2,1,1,1,1,8,False,True,True,,硬资格：最近25个交易日（含当日）至少一次按板块涨停价核验的实际涨停，且最新收盘价严格高于MA25、当日MA25严格高于前一交易日MA25；通过后再按方向/非极端波动/不过热排序,1,False,,,257,4,未入选：未满足一级粗筛最低资格条件
002171,楚江新材,10.62,-0.01848428835489846,-0.04238052299368811,0.031067961165048397,0.09484536082474238,,,,0.0676835081029551,-0.07732406602953956,0.1805128205128205,0.3749512522748934,62491031.8,92571783.9,0.6750548511359086,0.04337119473123313,0.05703311028095929,0.7604564176418898,True,-0.02415108044307246,0.012781328146707294,False,3,2,部分收敛/待确认,-0.07732406602953956,0.5917431192660547,0.006253553155201708,10.369200000000001,0.024187015391736955,0.0022424125265805284,,,,-0.051785714285714324,10.49,10.31,0.012392755004766443,0.030067895247332554,False,0,,沪深主板10%,17,7.37864077669903,READY_FOR_BREAKOUT,False,False,5,False,11.05,,,,False,False,False,,,,,紧凑缩量平台形成，尚未出现放量突破,2,2,1,1,1,1,8,False,True,True,,硬资格：最近25个交易日（含当日）至少一次按板块涨停价核验的实际涨停，且最新收盘价严格高于MA25、当日MA25严格高于前一交易日MA25；通过后再按方向/非极端波动/不过热排序,1,False,,,257,4,未入选：未满足一级粗筛最低资格条件
002174,游族网络,14.4,-0.011667810569663706,0.06508875739644981,0.1437648927720414,0.18713932399010713,,,,0.11570247933884291,-0.030303030303030276,0.23498233215547704,0.492387994780339,54097627.8,49781854.8,1.0866936962742497,0.06306349939222713,0.05056906258086685,1.247076694201716,False,0.03578127254364438,0.04624452168656501,True,3,2,部分收敛/待确认,-0.030303030303030276,0.8725212464589237,0.11304347826086958,12.78,0.12676056338028174,0.0038961855087036312,,,,-0.030303030303030276,13.31,12.27,0.08189331329827199,0.17359413202933993,False,0,,沪深主板10%,6,2.0746887966804906,READY_FOR_BREAKOUT,False,False,4,False,14.85,,,,False,False,False,,,,,紧凑缩量平台形成，尚未出现放量突破,2,2,1,1,1,1,8,False,True,True,,硬资格：最近25个交易日（含当日）至少一次按板块涨停价核验的实际涨停，且最新收盘价严格高于MA25、当日MA25严格高于前一交易日MA25；通过后再按方向/非极端波动/不过热排序,1,False,,,257,4,未入选：未满足一级粗筛最低资格条件
002185,华天科技,18.28,-0.014555256064689992,0.11735941320293408,0.14464621164683789,0.08551068883610458,,,,0.1690314620604564,-0.035356200527704384,0.07184466019417472,2.352735215165813,363767769.4,169351795.6,2.1480006640094933,0.08357015425435976,0.05091715113233495,1.6412967417827216,False,0.0770171149144252,0.0446996357350129,True,3,1,结构未成熟,-0.048907388137356844,0.7506631299734754,0.09714011343516504,16.7632,0.09048391715185633,-0.0010011918951132737,,,,0.01386577925679422,16.21,15.6,0.12769895126465136,0.17179487179487185,True,1,2026-09-18,沪深主板10%,25,10.006101281269064,RETEST_STABILIZING,True,False,4,False,16.91,2026-09-18,1.8080715520913058,1.3563004360393036,True,False,False,,0.043502202643171756,,0.6996223115773729,突破后处于一周内确认窗，守位/缩量/横住或小平台再突破条件尚未全部成立,2,2,1,1,1,1,8,False,True,False,MA25未上扬,硬资格：最近25个交易日（含当日）至少一次按板块涨停价核验的实际涨停，且最新收盘价严格高于MA25、当日MA25严格高于前一交易日MA25；通过后再按方向/非极端波动/不过热排序,1,False,,,257,4,未入选：未满足一级粗筛最低资格条件
002222,福晶科技,71.15,0.019925458715596367,0.12117869524109692,0.07008572717701922,0.11607843137254914,,,,0.15127514652304774,-0.021051183269124918,0.1046885035324341,1.445002473229359,29207793.2,15696037.4,1.860838659826333,0.06374673873350377,0.034138324837392896,1.8673071697905852,False,0.053476259689922534,0.017245541506985873,True,3,1,结构未成熟,-0.021051183269124918,0.877207062600321,0.058039763855636695,66.45880000000001,0.07058809367608188,0.0013741645019560433,,,,0.014255167498218091,63.13,62.28,0.12703944242040244,0.14242132305716138,False,0,,沪深主板10%,17,6.040372670807459,EFFECTIVE_BREAKOUT_CONFIRMED,True,True,4,False,66.6,2026-09-16,2.414313461357254,0.7643678541744895,True,True,False,MICRO_PLATFORM_REBREAK,0.06803820720058795,70.83,1.3460872448567263,放量突破后在平台上方形成缩量小平台，并温和放量再次突破,2,2,1,1,1,1,8,False,True,True,,硬资格：最近25个交易日（含当日）至少一次按板块涨停价核验的实际涨停，且最新收盘价严格高于MA25、当日MA25严格高于前一交易日MA25；通过后再按方向/非极端波动/不过热排序,1,False,,,257,4,未入选：未满足一级粗筛最低资格条件
002232,启明信息,15.62,-0.008253968253968291,-0.07079119571683523,0.07872928176795568,0.10232886379675366,,,,0.08823529411764691,-0.07079119571683523,0.23060029282576855,0.3826330532212881,22396818.0,4538877.9,4.934439412877794,0.06485748918081204,0.011109766404574891,5.837880547524777,False,0.01121712222795268,0.020295079778356317,True,3,2,部分收敛/待确认,-0.07079119571683523,0.6222222222222222,0.04825179518153133,14.7076,0.062035954200549304,0.0031100804801527104,,,,-0.06186186186186182,15.3,13.66,0.020915032679738488,0.1434846266471448,False,0,,沪深主板10%,17,1.6889514426460028,READY_FOR_BREAKOUT,False,False,3,False,15.89,,,,False,False,False,,,,,紧凑缩量平台形成，尚未出现放量突破,2,2,1,1,1,1,8,False,True,True,,硬资格：最近25个交易日（含当日）至少一次按板块涨停价核验的实际涨停，且最新收盘价严格高于MA25、当日MA25严格高于前一交易日MA25；通过后再按方向/非极端波动/不过热排序,1,False,,,257,4,未入选：未满足一级粗筛最低资格条件
002242,九阳股份,9.54,0.004210526315789442,0.010593220338982912,0.0952927669345578,0.1411483253588517,,,,0.06352683461117196,-0.058242843040474,0.22342995169082144,0.28432550842189375,19847958.2,15927239.0,1.246164397985112,0.0287028016874175,0.017522099690731246,1.6380914498848884,False,-0.001898734177215311,0.031080632673376796,True,3,2,部分收敛/待确认,-0.058242843040474,0.7230046948356801,0.07281416924374473,8.8464,0.07840477482365715,0.0018573046432615037,,,,-0.017507723995880742,9.13,8.38,0.04490690032858691,0.1384248210023864,False,0,,沪深主板10%,17,2.7511961722488154,READY_FOR_BREAKOUT,False,False,5,False,9.68,,,,False,False,False,,,,,紧凑缩量平台形成，尚未出现放量突破,2,2,1,1,1,1,8,False,True,True,,硬资格：最近25个交易日（含当日）至少一次按板块涨停价核验的实际涨停，且最新收盘价严格高于MA25、当日MA25严格高于前一交易日MA25；通过后再按方向/非极端波动/不过热排序,1,False,,,257,4,未入选：未满足一级粗筛最低资格条件
002322,理工能科,12.14,-0.0008230452674896638,0.029686174724342873,-0.01938610662358642,0.021026072329688894,,,,0.04974271012006862,-0.06327160493827166,0.09021276595744684,0.5513932489724586,4610155.4,5822075.3,0.7918405658545846,0.009803321834046733,0.017065699784874856,0.5744459329312303,True,0.006751054852320637,-0.010507156449077626,False,3,2,部分收敛/待确认,-0.08099924299772898,0.359281437125749,-0.0025880129811444164,12.1128,0.0022455584175418153,-0.0017800632911393333,,,,0.008305647840531671,11.66,11.66,0.04116638078902235,0.04116638078902235,False,0,,沪深主板10%,4,-0.08230452674896638,RETEST_STABILIZING,True,False,5,False,11.98,2026-09-21,2.30999639161724,0.535351286506723,True,False,False,,0.014925373134328334,,,突破后处于一周内确认窗，守位/缩量/横住或小平台再突破条件尚未全部成立,2,2,1,1,1,1,8,False,True,False,MA25未上扬,硬资格：最近25个交易日（含当日）至少一次按板块涨停价核验的实际涨停，且最新收盘价严格高于MA25、当日MA25严格高于前一交易日MA25；通过后再按方向/非极端波动/不过热排序,1,False,,,257,4,未入选：未满足一级粗筛最低资格条件
002328,新朋股份,8.77,0.03176470588235292,0.07607361963190185,-0.058002148227712214,0.17402945113788482,,,,0.15201005025125627,-0.17342130065975492,0.3050430504305041,0.4983232695736751,57203214.4,92649320.4,0.6174164489608064,0.0629593200950597,0.1623473105773057,0.38780636322940537,True,0.012138868657441071,-0.03824701195219127,False,3,2,部分收敛/待确认,-0.17342130065975492,0.49726775956284147,0.01469397200046263,8.351199999999999,0.050148481655331034,0.006945114305006106,,,,0.0477897252090802,7.96,7.96,0.10175879396984921,0.10175879396984921,False,0,,沪深主板10%,4,3.1764705882352917,RETEST_STABILIZING,False,False,5,False,8.37,2026-09-21,2.089487367998033,1.4172029230812015,True,False,True,,0.0788235294117647,,,突破后处于一周内确认窗，守位/缩量/横住或小平台再突破条件尚未全部成立,2,2,1,1,1,1,8,False,True,True,,硬资格：最近25个交易日（含当日）至少一次按板块涨停价核验的实际涨停，且最新收盘价严格高于MA25、当日MA25严格高于前一交易日MA25；通过后再按方向/非极端波动/不过热排序,1,False,,,257,4,未入选：未满足一级粗筛最低资格条件
002384,东山精密,198.12,0.015895805558404197,0.08368887430259275,0.06276150627615062,0.038147138964577554,,,,0.14246575342465753,-0.04978417266187052,0.12871287128712872,1.106849315068493,64176120.6,58409252.4,1.098732100875169,0.0510380208476326,0.042132537801977385,1.2113683036970362,False,0.028421319154323443,0.01777301248600338,True,3,1,结构未成熟,-0.09360417238539664,0.5108773607458761,0.03660721993894023,192.1104,0.03128201284261545,-0.0032583024451796616,,,,-0.010290738335498095,182.5,182.5,0.08558904109589038,0.08558904109589038,False,0,,沪深主板10%,4,1.5895805558404197,INELIGIBLE,False,False,0,False,,,,,False,False,False,,,,,未形成合格的短周期缩量平台或呈N型走势,2,2,1,1,1,1,8,False,True,False,MA25未上扬,硬资格：最近25个交易日（含当日）至少一次按板块涨停价核验的实际涨停，且最新收盘价严格高于MA25、当日MA25严格高于前一交易日MA25；通过后再按方向/非极端波动/不过热排序,1,False,,,257,4,未入选：未满足一级粗筛最低资格条件
002421,达实智能,3.28,0.012345679012345512,0.04792332268370614,-0.0381231671554253,0.04458598726114649,,,,0.08116883116883117,-0.10382513661202197,0.11858974358974363,0.6844506844506842,83509897.4,115519483.3,0.7229074699297933,0.031239044063426164,0.05900929524986763,0.5293919192077835,True,0.006922592825676643,-0.014710389212381103,False,3,2,部分收敛/待确认,-0.10382513661202197,0.4647887323943657,-0.0009137983551630313,3.2432000000000003,0.011346817957572641,-0.0004930966469427478,,,,0.009230769230769154,3.08,3.08,0.06493506493506485,0.06493506493506485,False,0,,沪深主板10%,9,4.318936877076429,BREAKOUT_AWAIT_RETEST,True,False,5,False,3.25,2026-09-22,1.6475454397215592,,False,False,False,,,,,首次放量突破，仅观察，等待缩量回踩确认,2,2,1,1,1,1,8,False,True,False,MA25未上扬,硬资格：最近25个交易日（含当日）至少一次按板块涨停价核验的实际涨停，且最新收盘价严格高于MA25、当日MA25严格高于前一交易日MA25；通过后再按方向/非极端波动/不过热排序,1,False,,,257,4,未入选：未满足一级粗筛最低资格条件
002428,云南锗业,94.74,0.013370413948015747,0.04951811232967773,0.05208217656857306,0.00541228907991087,,,,0.08876529477196873,-0.10241591662719096,0.12082745651151859,0.7346450660699512,59655553.4,42657507.8,1.3984772312460318,0.0787429853409034,0.06532468279460799,1.2054093793074336,False,0.027996845425867667,0.013879548887100412,True,3,2,部分收敛/待确认,-0.16159292035398232,0.3459885386819483,0.01721120499908735,94.4592,0.002972712028050273,-0.005709377526273207,,,,-0.008788449466415549,89.9,85.08,0.05383759733036686,0.11354019746121291,False,0,,沪深主板10%,4,1.3370413948015747,RETEST_STABILIZING,True,False,4,False,91.81,2026-09-16,1.6934966087748884,0.9043652508658656,True,True,False,,0.07019462059916906,97.88,1.1800386963670695,突破后处于一周内确认窗，守位/缩量/横住或小平台再突破条件尚未全部成立,2,2,1,1,1,1,8,False,True,False,MA25未上扬,硬资格：最近25个交易日（含当日）至少一次按板块涨停价核验的实际涨停，且最新收盘价严格高于MA25、当日MA25严格高于前一交易日MA25；通过后再按方向/非极端波动/不过热排序,1,False,,,257,4,未入选：未满足一级粗筛最低资格条件
002442,龙星科技,5.85,0.02094240837696315,0.13372093023255793,0.0893854748603351,0.16533864541832677,,,,0.11948529411764695,-0.039408866995073955,0.08737864077669888,1.3674428104575176,57768247.4,11961162.6,4.829651542401071,0.1196494413044397,0.0243355047398178,4.916661584942147,False,0.052999631947000525,0.02500463048712742,True,3,1,结构未成熟,-0.039408866995073955,0.8079999999999998,0.08383510884668821,5.309200000000001,0.10186092066601349,0.006063821723641283,,,,0.012110726643598468,5.44,5.15,0.07536764705882337,0.13592233009708732,False,0,,沪深主板10%,17,3.724394785847296,RETEST_STABILIZING,True,False,4,False,5.36,2026-09-16,1.7085081897462844,2.9851935422390543,True,True,False,,0.11948529411764695,6.09,0.8893893950401696,突破后处于一周内确认窗，守位/缩量/横住或小平台再突破条件尚未全部成立,2,2,1,1,1,1,8,False,True,True,,硬资格：最近25个交易日（含当日）至少一次按板块涨停价核验的实际涨停，且最新收盘价严格高于MA25、当日MA25严格高于前一交易日MA25；通过后再按方向/非极端波动/不过热排序,1,False,,,257,4,未入选：未满足一级粗筛最低资格条件
002463,沪电股份,125.14,-0.0068253968253968456,-0.0054045461770783065,0.0019215372297838318,0.09493393997725086,,,,0.08918692372170998,-0.0465523809523809,0.1868161678271091,0.477404738353529,47058001.0,46538187.8,1.011169605534146,0.025473620465001467,0.024858983083747066,1.0247249607590043,False,-0.00812930829569769,0.012516357972655268,True,3,2,部分收敛/待确认,-0.0465523809523809,0.7042594385285575,0.015915797677373167,121.6956,0.02830340620367533,0.0005097275752752317,,,,-0.03664357197844503,119.3,119.3,0.048952221290863296,0.048952221290863296,False,0,,沪深主板10%,6,6.026941917424766,INELIGIBLE,False,False,0,False,,,,,False,False,False,,,,,未形成合格的短周期缩量平台或呈N型走势,2,2,1,1,1,1,8,False,True,True,,硬资格：最近25个交易日（含当日）至少一次按板块涨停价核验的实际涨停，且最新收盘价严格高于MA25、当日MA25严格高于前一交易日MA25；通过后再按方向/非极端波动/不过热排序,1,False,,,257,4,未入选：未满足一级粗筛最低资格条件
002474,榕基软件,6.55,0.007692307692307665,0.03639240506329111,-0.00455927051671734,0.051364365971107384,,,,0.07431340872374798,-0.019461077844311392,0.0670926517571885,1.10762366335872,14714294.0,17153872.4,0.8577826427110418,0.02329167221306573,0.030403587528679048,0.7660830219820342,True,0.006612090680100824,-0.004199720018665309,True,3,2,部分收敛/待确认,-0.029629629629629672,0.759036144578313,0.020010900879856797,6.360399999999999,0.02980944594679591,-0.0008168907879855247,,,,0.0,6.19,6.19,0.058158319870759145,0.058158319870759145,False,0,,沪深主板10%,17,3.660565723793696,READY_FOR_BREAKOUT,False,False,5,False,6.55,,,,False,False,False,,,,,紧凑缩量平台形成，尚未出现放量突破,2,2,1,1,1,1,8,False,True,False,MA25未上扬,硬资格：最近25个交易日（含当日）至少一次按板块涨停价核验的实际涨停，且最新收盘价严格高于MA25、当日MA25严格高于前一交易日MA25；通过后再按方向/非极端波动/不过热排序,1,False,,,257,4,未入选：未满足一级粗筛最低资格条件
002484,江海股份,60.98,0.004943968358602557,0.035489896417048694,0.023154362416107244,0.015825420623021724,,,,0.0846140562942498,-0.12560940636650408,0.17272727272727273,0.48987085222986726,38220671.6,41595287.0,0.9188702460449426,0.0482490149259141,0.050696900848960294,0.9517152748579425,True,0.02742230347349195,0.008928722701319725,True,3,3,收敛较充分,-0.15831608005521058,0.3426934097421201,0.022691062773575688,59.8816,0.018342863250147,-0.004276773064976425,,,,-0.014862681744749584,57.91,55.05,0.053013296494560436,0.10772025431425969,False,0,,沪深主板10%,4,0.49439683586025573,INELIGIBLE,False,False,0,False,,,,,False,False,False,,,,,未形成合格的短周期缩量平台或呈N型走势,2,2,1,1,1,1,8,False,True,False,MA25未上扬,硬资格：最近25个交易日（含当日）至少一次按板块涨停价核验的实际涨停，且最新收盘价严格高于MA25、当日MA25严格高于前一交易日MA25；通过后再按方向/非极端波动/不过热排序,1,False,,,257,4,未入选：未满足一级粗筛最低资格条件
002487,大金重工,38.08,-0.0408060453400505,-0.03448275862068961,0.15010570824524305,0.08304891922639368,,,,0.14797966283114802,-0.11235431235431237,0.23096129837702867,0.6407119455554032,93596100.8,35043751.1,2.67083568003084,0.18022862556353259,0.055544526895814905,3.244759396395403,False,0.035557184750732995,0.04993831314490804,True,3,2,部分收敛/待确认,-0.11235431235431237,0.5561694290976058,0.06294487090020917,36.16439999999999,0.05296921834732515,-0.0035928011726200637,,,,-0.09246901811248809,37.37,32.04,0.018999197217018926,0.1885143570536829,False,0,,沪深主板10%,17,0.9884213499011585,READY_FOR_BREAKOUT,False,False,3,False,40.2,,,,False,False,False,,,,,紧凑缩量平台形成，尚未出现放量突破,2,2,1,1,1,1,8,False,True,False,MA25未上扬,硬资格：最近25个交易日（含当日）至少一次按板块涨停价核验的实际涨停，且最新收盘价严格高于MA25、当日MA25严格高于前一交易日MA25；通过后再按方向/非极端波动/不过热排序,1,False,,,257,4,未入选：未满足一级粗筛最低资格条件
002560,通达股份,7.34,-0.018716577540107027,-0.04922279792746109,0.1781701444622792,0.20723684210526305,,,,0.10325318246110318,-0.08933002481389585,0.3191489361702128,0.3235266383781233,105292471.2,53409741.5,1.9714094890348797,0.19562042534792748,0.08432948686277279,2.31971558971129,False,0.0005439216752785025,0.052190532196412676,True,3,2,部分收敛/待确认,-0.08933002481389585,0.6756756756756754,0.0983091426006284,6.5564,0.11951680800439268,0.0051511620776354405,,,,-0.05897435897435899,7.07,6.11,0.038189533239038065,0.2013093289689034,False,0,,沪深主板10%,17,2.3569023569023573,READY_FOR_BREAKOUT,False,False,3,False,7.52,,,,False,False,False,,,,,紧凑缩量平台形成，尚未出现放量突破,2,2,1,1,1,1,8,False,True,True,,硬资格：最近25个交易日（含当日）至少一次按板块涨停价核验的实际涨停，且最新收盘价严格高于MA25、当日MA25严格高于前一交易日MA25；通过后再按方向/非极端波动/不过热排序,1,False,,,257,4,未入选：未满足一级粗筛最低资格条件
002584,西陇科学,9.36,-0.040983606557377095,0.07834101382488479,0.15129151291512888,0.14987714987714962,,,,0.16261061946902663,-0.10941960038058995,0.1466314398943196,1.1089751255680471,170741598.6,21744590.2,7.852141476549877,0.3697084793345249,0.04519395626719671,8.18048495574776,False,0.10409949332104995,0.05596747189667539,True,3,1,结构未成熟,-0.10941960038058995,0.6088435374149658,0.09685357707857256,8.4388,0.10916244015736831,0.005289240446011645,,,,-0.07050645481628603,9.04,7.57,0.03539823008849563,0.23645970937912808,False,0,,沪深主板10%,17,1.71568627450982,INELIGIBLE,False,False,0,False,,,,,False,False,False,,,,,未形成合格的短周期缩量平台或呈N型走势,2,2,1,1,1,1,8,False,True,True,,硬资格：最近25个交易日（含当日）至少一次按板块涨停价核验的实际涨停，且最新收盘价严格高于MA25、当日MA25严格高于前一交易日MA25；通过后再按方向/非极端波动/不过热排序,1,False,,,257,4,未入选：未满足一级粗筛最低资格条件
002600,领益智造,12.65,0.00877192982456143,0.003172085646312439,0.017699115044247815,0.04115226337448563,,,,0.03745928338762222,-0.0746159473299195,0.12602965403624378,0.2972259479253163,79806967.8,126531573.2,0.6307276972985585,0.011373331859894533,0.01709642228491418,0.665246311208066,True,-0.017535619226553778,0.0007885191610155218,False,3,2,部分收敛/待确认,-0.0746159473299195,0.47959183673469385,0.0017024983172981845,12.538799999999998,0.008868472262098637,-0.000860585197934749,,,,0.0,12.28,12.14,0.030130293159609245,0.042009884678748,False,0,,沪深主板10%,17,2.5661587810745567,READY_FOR_BREAKOUT,False,False,5,False,12.65,,,,False,False,False,,,,,紧凑缩量平台形成，尚未出现放量突破,2,2,1,1,1,1,8,False,True,False,MA25未上扬,硬资格：最近25个交易日（含当日）至少一次按板块涨停价核验的实际涨停，且最新收盘价严格高于MA25、当日MA25严格高于前一交易日MA25；通过后再按方向/非极端波动/不过热排序,1,False,,,257,4,未入选：未满足一级粗筛最低资格条件
002617,露笑科技,6.94,-0.030726256983240163,0.08777429467084641,0.10685805422647543,0.13029315960912058,,,,0.13124999999999998,-0.04143646408839774,0.11367380560131787,1.154619565217392,181670500.8,100800696.7,1.802274257495286,0.1003508066049955,0.05368530342786622,1.8692416769112792,False,0.044464339003282616,0.039617696932326085,True,3,1,结构未成熟,-0.04143646408839774,0.7692307692307694,0.07322353668908987,6.406000000000001,0.08335935060880417,0.0025666708401150817,,,,-0.03744798890429957,6.4,6.23,0.08437500000000009,0.11396468699839479,False,0,,沪深主板10%,17,3.6682615629984205,INELIGIBLE,False,False,0,False,,,,,False,False,False,,,,,未形成合格的短周期缩量平台或呈N型走势,2,2,1,1,1,1,8,False,True,True,,硬资格：最近25个交易日（含当日）至少一次按板块涨停价核验的实际涨停，且最新收盘价严格高于MA25、当日MA25严格高于前一交易日MA25；通过后再按方向/非极端波动/不过热排序,1,False,,,257,4,未入选：未满足一级粗筛最低资格条件
002639,雪人集团,14.05,-0.010563380281690016,0.084942084942085,-0.04939106901217849,0.18866328257191212,,,,0.13276397515527943,-0.07565789473684204,0.2783851976450798,0.4769074515396595,84448487.0,100435872.1,0.8408199703380681,0.13197900375825425,0.16266696106694326,0.8113448661768519,True,0.04858604091456087,-0.005462093074065977,True,3,3,收敛较充分,-0.07565789473684204,0.7153465346534656,0.05421121740761592,12.964,0.08377044122184518,0.006334223436626818,,,,-0.02969613259668502,12.88,12.72,0.09083850931677007,0.10455974842767302,False,0,,沪深主板10%,6,3.321678321678334,RETEST_STABILIZING,True,False,4,False,13.4,2026-09-17,1.6708985194428576,0.8513996441190373,True,False,False,,0.06652046783625733,14.59,0.8065116010595126,突破后处于一周内确认窗，守位/缩量/横住或小平台再突破条件尚未全部成立,2,2,1,1,1,1,8,False,True,True,,硬资格：最近25个交易日（含当日）至少一次按板块涨停价核验的实际涨停，且最新收盘价严格高于MA25、当日MA25严格高于前一交易日MA25；通过后再按方向/非极端波动/不过热排序,1,False,,,257,4,未入选：未满足一级粗筛最低资格条件
002659,凯文教育,4.7,0.017316017316017396,0.06818181818181812,-0.024896265560165998,0.02844638949671774,,,,0.10599078341013825,-0.04276985743380857,0.12100456621004572,0.8759238327101987,11580360.0,13902695.1,0.8329579205113978,0.015663558344428667,0.024421866786543945,0.641374325776727,True,0.012940651494868227,-0.0074171029668412825,True,3,3,收敛较充分,-0.04276985743380857,0.6500000000000004,0.021628083903923567,4.5687999999999995,0.028716511994396843,0.0012272089761569127,,,,0.021739130434782705,4.34,4.34,0.08294930875576045,0.08294930875576045,False,0,,沪深主板10%,6,3.628117913832196,RETEST_STABILIZING,True,False,5,False,4.6,2026-09-21,1.2827608874281018,1.5441819548358444,True,True,False,,0.0457516339869281,,,突破后处于一周内确认窗，守位/缩量/横住或小平台再突破条件尚未全部成立,2,2,1,1,1,1,8,False,True,True,,硬资格：最近25个交易日（含当日）至少一次按板块涨停价核验的实际涨停，且最新收盘价严格高于MA25、当日MA25严格高于前一交易日MA25；通过后再按方向/非极端波动/不过热排序,1,False,,,257,4,未入选：未满足一级粗筛最低资格条件
002669,康达新材,13.99,-0.033172080165860374,-0.026443980514961662,0.13647441104792857,0.20707506471095782,,,,0.11323529411764713,-0.07595772787318367,0.2836332476435305,0.3992313843966591,37503476.0,17782438.5,2.109017613079331,0.11609000197543713,0.05874262597045825,1.976248083186117,False,0.023320215711995385,0.04509018036072154,True,3,2,部分收敛/待确认,-0.07595772787318367,0.7188264058679705,0.09497906312370374,12.602,0.11014124742104436,0.003727539186950457,,,,-0.06608811748998666,13.6,12.01,0.028676470588235414,0.16486261448792683,False,0,,沪深主板10%,17,4.765957446808522,RETEST_STABILIZING,True,False,3,False,14.15,2026-09-21,1.4184942965087013,0.6467553804505366,True,False,False,,0.040316774658027264,,,突破后处于一周内确认窗，守位/缩量/横住或小平台再突破条件尚未全部成立,2,2,1,1,1,1,8,False,True,True,,硬资格：最近25个交易日（含当日）至少一次按板块涨停价核验的实际涨停，且最新收盘价严格高于MA25、当日MA25严格高于前一交易日MA25；通过后再按方向/非极端波动/不过热排序,1,False,,,257,4,未入选：未满足一级粗筛最低资格条件
002734,利民股份,19.35,0.0015527950310558758,0.1329039812646371,0.09569648924122309,0.29778672032193176,,,,0.17002369668246453,-0.02025316455696191,0.176774193548387,0.9618128826927743,26364102.2,20973540.8,1.257017231921088,0.06305636782135597,0.0479999905422877,1.3136745884523393,False,0.08743553680262539,0.03467227971700848,True,3,2,部分收敛/待确认,-0.02025316455696191,0.9260628465804069,0.1293664458516941,16.6448,0.1625252331058349,0.010367852373436959,,,,0.025980911983032984,16.88,15.5,0.14632701421800953,0.24838709677419368,False,0,,沪深主板10%,3,0.2044989775051187,READY_FOR_BREAKOUT,False,False,3,False,19.6,,,,False,False,False,,,,,紧凑缩量平台形成，尚未出现放量突破,2,2,1,1,1,1,8,False,True,True,,硬资格：最近25个交易日（含当日）至少一次按板块涨停价核验的实际涨停，且最新收盘价严格高于MA25、当日MA25严格高于前一交易日MA25；通过后再按方向/非极端波动/不过热排序,1,False,,,257,4,未入选：未满足一级粗筛最低资格条件
002741,光华科技,26.78,0.014778325123152802,0.07205764611689358,0.12097111762243618,0.07248698438125767,,,,0.09407948094079482,-0.007412898443291294,0.1848888888888889,0.5088433464345873,36418214.4,20501167.1,1.7763971300931445,0.064231899424732,0.04767418419784009,1.3473098807140587,False,0.04442290606574595,0.03317751210027731,True,3,2,部分收敛/待确认,-0.07527624309392267,0.6625386996904026,0.08482540711334363,24.8456,0.07785684386772718,-0.0023770518133050533,,,,0.00866290018832383,24.66,22.5,0.08596918085969185,0.1902222222222223,False,0,,沪深主板10%,4,1.4778325123152802,READY_FOR_BREAKOUT,False,False,3,False,26.55,,,,False,False,False,,,,,紧凑缩量平台形成，尚未出现放量突破,2,2,1,1,1,1,8,False,True,False,MA25未上扬,硬资格：最近25个交易日（含当日）至少一次按板块涨停价核验的实际涨停，且最新收盘价严格高于MA25、当日MA25严格高于前一交易日MA25；通过后再按方向/非极端波动/不过热排序,1,False,,,257,4,未入选：未满足一级粗筛最低资格条件
002779,中坚科技,82.4,-0.030474173432168405,0.0680492546986391,-0.004349927501208328,0.09428950863213825,,,,0.1289052244683643,-0.041860465116279055,0.13047012599918703,0.9880056716521262,2563032.4,2810876.5,0.9118267558179806,0.0147169280321965,0.018121571339755418,0.8121220702263411,True,0.035863808322824875,0.00670448043386318,True,3,3,收敛较充分,-0.041860465116279055,0.767591994835378,0.03809715783108247,78.2828,0.05259392867909707,0.0012739309723828196,,,,-0.00973440692224481,76.18,76.18,0.08164872669992129,0.08164872669992129,False,0,,沪深主板10%,17,6.878808395396097,RETEST_STABILIZING,True,False,5,False,81.0,2026-09-17,1.3111190266157315,1.0335230672662115,True,False,False,,0.06580741107943987,85.97,1.209794976293958,突破后处于一周内确认窗，守位/缩量/横住或小平台再突破条件尚未全部成立,2,2,1,1,1,1,8,False,True,True,,硬资格：最近25个交易日（含当日）至少一次按板块涨停价核验的实际涨停，且最新收盘价严格高于MA25、当日MA25严格高于前一交易日MA25；通过后再按方向/非极端波动/不过热排序,1,False,,,257,4,未入选：未满足一级粗筛最低资格条件
002806,华锋股份,15.38,-0.01850670070197824,0.08309859154929589,0.0636237897648686,0.06509695290858741,,,,0.12660028449502128,-0.029040404040403978,0.10347322720694643,1.223507644560276,15502121.2,4506178.5,3.4401924380048414,0.10160767071816944,0.027023282910360602,3.760004698733829,False,0.042654674298173934,0.014693821760524806,True,3,1,结构未成熟,-0.029040404040403978,0.8099173553719012,0.04281791368613752,14.603600000000002,0.05316497302035117,0.0030771766903865405,,,,-0.01599488163787588,14.06,13.82,0.09388335704125184,0.1128798842257599,False,0,,沪深主板10%,17,3.9301310043668103,RETEST_STABILIZING,True,False,5,False,14.68,2026-09-16,3.269469753157424,1.144168424877195,True,False,False,,0.07975460122699386,15.84,0.5622588736107259,突破后处于一周内确认窗，守位/缩量/横住或小平台再突破条件尚未全部成立,2,2,1,1,1,1,8,False,True,True,,硬资格：最近25个交易日（含当日）至少一次按板块涨停价核验的实际涨停，且最新收盘价严格高于MA25、当日MA25严格高于前一交易日MA25；通过后再按方向/非极端波动/不过热排序,1,False,,,257,4,未入选：未满足一级粗筛最低资格条件
002829,星网宇达,20.46,-0.0029239766081871066,0.06451612903225823,-0.010159651669085723,0.0503080082135523,,,,0.0852956567242281,-0.06318681318681318,0.1386861313868613,0.6150265774325921,5418305.8,6045554.5,0.8962462913865056,0.037541839236531135,0.042095850559458366,0.8918180470900592,True,0.026190234493959963,-0.007141440190438275,True,3,3,收敛较充分,-0.06318681318681318,0.5727554179566567,0.003703794549780648,20.2184,0.011949511336208696,-0.0016590953979853662,,,,-0.0014641288433381305,19.11,19.11,0.07064364207221363,0.07064364207221363,False,0,,沪深主板10%,3,0.0,READY_FOR_BREAKOUT,False,False,5,False,20.7,,,,False,False,False,,,,,紧凑缩量平台形成，尚未出现放量突破,2,2,1,1,1,1,8,False,True,False,MA25未上扬,硬资格：最近25个交易日（含当日）至少一次按板块涨停价核验的实际涨停，且最新收盘价严格高于MA25、当日MA25严格高于前一交易日MA25；通过后再按方向/非极端波动/不过热排序,1,False,,,257,4,未入选：未满足一级粗筛最低资格条件
002846,英联股份,11.59,-0.014455782312925214,0.0,0.06232813932172321,0.08622305529522034,,,,0.10773240660295397,-0.09098039215686271,0.1361867704280156,0.7910636713416903,28139572.6,6525197.0,4.312447976666451,0.12202024481940772,0.027061068989331725,4.509069647895718,False,0.0460893854748603,0.02005192015038948,True,3,2,部分收敛/待确认,-0.09098039215686271,0.5750915750915752,0.03713646532438464,11.016399999999999,0.052067826150103524,0.003351670370505211,,,,-0.06982343499197441,11.51,10.28,0.0069504778453519656,0.12743190661478598,False,0,,沪深主板10%,3,0.4906771344455496,READY_FOR_BREAKOUT,False,False,3,False,11.98,,,,False,False,False,,,,,紧凑缩量平台形成，尚未出现放量突破,2,2,1,1,1,1,8,False,True,True,,硬资格：最近25个交易日（含当日）至少一次按板块涨停价核验的实际涨停，且最新收盘价严格高于MA25、当日MA25严格高于前一交易日MA25；通过后再按方向/非极端波动/不过热排序,1,False,,,257,4,未入选：未满足一级粗筛最低资格条件
002859,洁美科技,67.06,-0.016715542521994142,0.013297068600785611,0.08546455163483335,0.05506607929515428,,,,0.08964781216648872,-0.06170421155729677,0.14735432016075012,0.6083826525662168,16430351.0,14672194.0,1.1198291816479526,0.03606253914562604,0.031064724970976662,1.1608839022176685,False,0.01933210876569591,0.027940717628705425,True,3,2,部分收敛/待确认,-0.1376028806584363,0.4068736141906874,0.03261371685504,65.1952,0.028603332760694045,-0.005885833135105711,,,,-0.033578325407119136,65.59,59.72,0.022411953041622246,0.12290689886135309,False,0,,沪深主板10%,17,4.012204424103749,READY_FOR_BREAKOUT,False,False,5,False,70.2,,,,False,False,False,,,,,紧凑缩量平台形成，尚未出现放量突破,2,2,1,1,1,1,8,False,True,False,MA25未上扬,硬资格：最近25个交易日（含当日）至少一次按板块涨停价核验的实际涨停，且最新收盘价严格高于MA25、当日MA25严格高于前一交易日MA25；通过后再按方向/非极端波动/不过热排序,1,False,,,257,4,未入选：未满足一级粗筛最低资格条件
002938,鹏鼎控股,89.25,-0.013812154696132617,0.004841251970276961,-0.0023474178403755097,0.020699908508691633,,,,0.07421383647798736,-0.0798969072164949,0.17604267701260906,0.42156730252785124,21414849.4,21658105.9,0.9887683391556414,0.0103144569373327,0.009372450983458019,1.1005079627023158,True,-0.00017769090666786003,0.0076789336424225585,True,3,3,收敛较充分,-0.09326424870466332,0.4244514106583069,0.0003250355857924436,88.9576,0.0032869591805535503,-0.0024759358768490225,,,,-0.04596472474612501,87.45,87.31,0.020583190394511064,0.022219677012942363,False,0,,沪深主板10%,4,1.0133630289532292,READY_FOR_BREAKOUT,False,False,5,False,93.55,,,,False,False,False,,,,,紧凑缩量平台形成，尚未出现放量突破,2,2,1,1,1,1,8,False,True,False,MA25未上扬,硬资格：最近25个交易日（含当日）至少一次按板块涨停价核验的实际涨停，且最新收盘价严格高于MA25、当日MA25严格高于前一交易日MA25；通过后再按方向/非极端波动/不过热排序,1,False,,,257,4,未入选：未满足一级粗筛最低资格条件
002973,侨银股份,12.6,-0.028527370855821244,0.007194244604316502,0.015310233682514163,0.05616093880972328,,,,0.10454908220271353,-0.08959537572254339,0.16637168141592912,0.6284067174950337,12502040.0,9897900.0,1.2631002535891451,0.04367605508715807,0.030773430755171152,1.4192780595260335,False,0.021991636983119234,0.012484197218710413,True,3,2,部分收敛/待确认,-0.08959537572254339,0.633136094674556,-0.005721049516669963,12.3796,0.01780348314969782,0.002883992222942222,,,,-0.07352941176470584,12.53,11.3,0.005586592178770999,0.11504424778761058,False,0,,沪深主板10%,3,-2.8527370855821244,INELIGIBLE,False,False,0,False,,,,,False,False,False,,,,,未形成合格的短周期缩量平台或呈N型走势,2,2,1,1,1,1,8,False,True,True,,硬资格：最近25个交易日（含当日）至少一次按板块涨停价核验的实际涨停，且最新收盘价严格高于MA25、当日MA25严格高于前一交易日MA25；通过后再按方向/非极端波动/不过热排序,1,False,,,257,4,未入选：未满足一级粗筛最低资格条件
003031,中瓷电子,133.66,-0.024023366192040818,0.06757188498402544,0.1255578947368421,0.04421874999999997,,,,0.13816363780652316,-0.06805187561009618,0.15151245551601425,0.9118962354347153,13517949.2,9510830.5,1.4213216395771116,0.032653920058624365,0.026495940527739445,1.2324121887440809,False,0.06233041200137235,0.042793649765630715,True,3,2,部分收敛/待确认,-0.10893333333333333,0.5654255319148934,0.06280116410362435,127.1304,0.05136143676099514,-0.0031208734681844597,,,,-0.04460328806290215,126.01,113.0,0.060709467502578995,0.1828318584070796,True,1,2026-08-21,沪深主板10%,9,9.997676759854413,READY_FOR_BREAKOUT,False,False,3,False,139.48,,,,False,False,False,,,,,紧凑缩量平台形成，尚未出现放量突破,2,2,1,1,1,1,8,False,True,False,MA25未上扬,硬资格：最近25个交易日（含当日）至少一次按板块涨停价核验的实际涨停，且最新收盘价严格高于MA25、当日MA25严格高于前一交易日MA25；通过后再按方向/非极端波动/不过热排序,1,False,,,257,4,未入选：未满足一级粗筛最低资格条件
300017,网宿科技,15.92,0.048057932850559704,0.0771312584573749,0.030420711974110004,0.059920106524633754,,,,0.15679442508710814,-0.04269392663860483,0.15314685314685297,1.0238174788792918,115116361.0,115423324.8,0.9973405392668085,0.04025242420717173,0.0521840759817393,0.7713545454221937,True,0.026144676239501452,-0.004042412193505651,True,3,2,部分收敛/待确认,-0.08400460299194468,0.525974025974026,0.03497594591080477,15.383600000000001,0.03486830130788632,-0.002179384064551315,,,,0.04256712508185978,14.35,14.3,0.10940766550522651,0.11328671328671325,False,0,,创业板20%,17,6.8582625734813885,BREAKOUT_AWAIT_RETEST,True,False,5,False,15.27,2026-09-22,2.2361908096900365,,False,False,False,,,,,首次放量突破，仅观察，等待缩量回踩确认,2,2,1,1,1,1,8,False,True,False,MA25未上扬,硬资格：最近25个交易日（含当日）至少一次按板块涨停价核验的实际涨停，且最新收盘价严格高于MA25、当日MA25严格高于前一交易日MA25；通过后再按方向/非极端波动/不过热排序,1,False,,,257,4,未入选：未满足一级粗筛最低资格条件
300063,天龙集团,9.05,0.036655211912943964,0.06721698113207553,-0.047368421052631504,0.037844036697247674,,,,0.1017964071856287,-0.08400809716599189,0.16646989374262103,0.611500403448422,31026998.8,47052599.3,0.6594109414057387,0.03528788337571523,0.07526636065572252,0.4688400378108661,True,0.009244280101686986,-0.020385429430767488,False,3,2,部分收敛/待确认,-0.08400809716599189,0.4575163398692814,0.012360870294759296,8.912,0.015484739676840276,-0.0012999237975704903,,,,0.03075170842824626,8.35,8.35,0.08383233532934153,0.08383233532934153,False,0,,创业板20%,17,4.85875706214689,BREAKOUT_AWAIT_RETEST,True,False,5,False,8.78,2026-09-22,2.6597005215118665,,False,False,False,,,,,首次放量突破，仅观察，等待缩量回踩确认,2,2,1,1,1,1,8,False,True,False,MA25未上扬,硬资格：最近25个交易日（含当日）至少一次按板块涨停价核验的实际涨停，且最新收盘价严格高于MA25、当日MA25严格高于前一交易日MA25；通过后再按方向/非极端波动/不过热排序,1,False,,,257,4,未入选：未满足一级粗筛最低资格条件
300134,大富科技,8.59,-0.0011627906976744429,0.031212484993997647,-0.013777267508610858,0.028742514970059974,,,,0.05454545454545446,-0.047671840354767125,0.08674698795180709,0.6287878787878788,7636050.4,10461309.6,0.729932550700918,0.010095938064669466,0.013815797620456576,0.7307531813958217,True,0.006399620763214209,-0.004923798358733911,True,3,3,收敛较充分,-0.047671840354767125,0.6640625,0.0030945291060895386,8.472000000000001,0.013928234183191446,0.0009924854671772287,,,,-0.0011627906976744429,8.25,8.25,0.041212121212121255,0.041212121212121255,False,0,,创业板20%,3,4.107830551989733,READY_FOR_BREAKOUT,False,False,5,False,8.62,,,,False,False,False,,,,,紧凑缩量平台形成，尚未出现放量突破,2,2,1,1,1,1,8,False,True,True,,硬资格：最近25个交易日（含当日）至少一次按板块涨停价核验的实际涨停，且最新收盘价严格高于MA25、当日MA25严格高于前一交易日MA25；通过后再按方向/非极端波动/不过热排序,1,False,,,257,4,未入选：未满足一级粗筛最低资格条件
300287,飞利信,3.7,0.016483516483516425,0.036414565826330625,-0.018567639257294433,0.04225352112676073,,,,0.07471264367816098,-0.03394255874673624,0.07323943661971838,1.0201149425287355,27516218.4,27129644.1,1.0142491474851303,0.0142262605760068,0.020508137522549784,0.6936885692503414,True,0.003351955307262733,-0.00906095551894559,True,3,2,部分收敛/待确认,-0.03394255874673624,0.6904761904761907,0.014949938280071517,3.6168,0.023003760230037695,-0.00011058277120434834,,,,-0.0026954177897573484,3.48,3.48,0.06321839080459779,0.06321839080459779,False,0,,创业板20%,4,1.6483516483516425,INELIGIBLE,False,False,0,False,,,,,False,False,False,,,,,未形成合格的短周期缩量平台或呈N型走势,2,2,1,1,1,1,8,False,True,False,MA25未上扬,硬资格：最近25个交易日（含当日）至少一次按板块涨停价核验的实际涨停，且最新收盘价严格高于MA25、当日MA25严格高于前一交易日MA25；通过后再按方向/非极端波动/不过热排序,1,False,,,257,4,未入选：未满足一级粗筛最低资格条件
300305,裕兴股份,6.45,-0.015267175572518998,0.0031104199066873672,0.025437201907790197,0.050488599348534224,,,,0.061904761904762,-0.0358744394618834,0.11333333333333329,0.546218487394959,11971234.8,9910285.0,1.2079606994148,0.039418687740686166,0.031355820822237215,1.2571409935067255,False,0.010588601681718934,0.006603773584905603,True,3,2,部分收敛/待确认,-0.0358744394618834,0.7037037037037036,0.011923438970818934,6.3124,0.021798365122615904,0.0008879304877276173,,,,-0.02124430955993928,6.3,6.0,0.023809523809523947,0.07499999999999996,False,0,,创业板20%,3,-0.16501650165016146,READY_FOR_BREAKOUT,False,False,4,False,6.63,,,,False,False,False,,,,,紧凑缩量平台形成，尚未出现放量突破,2,2,1,1,1,1,8,False,True,True,,硬资格：最近25个交易日（含当日）至少一次按板块涨停价核验的实际涨停，且最新收盘价严格高于MA25、当日MA25严格高于前一交易日MA25；通过后再按方向/非极端波动/不过热排序,1,False,,,257,4,未入选：未满足一级粗筛最低资格条件
300319,麦捷科技,21.27,-0.011157601115760252,-0.05044642857142856,0.07587253414264028,0.19628796400449944,,,,0.1015888300433317,-0.07036713286713281,0.25069637883008355,0.4052265553950676,124160319.2,120559171.8,1.0298703727491931,0.16430289354340777,0.13795775590766254,1.1909652520977398,False,-0.004441565651892132,0.033717705444460844,True,3,2,部分收敛/待确认,-0.07036713286713281,0.7386363636363638,0.04459286906983584,19.8568,0.07116957415092062,0.0035782876781562667,,,,-0.05256124721603561,20.77,19.41,0.02407318247472312,0.09582689335394123,False,0,,创业板20%,6,8.529411764705873,READY_FOR_BREAKOUT,False,False,4,False,22.16,,,,False,False,False,,,,,紧凑缩量平台形成，尚未出现放量突破,2,2,1,1,1,1,8,False,True,True,,硬资格：最近25个交易日（含当日）至少一次按板块涨停价核验的实际涨停，且最新收盘价严格高于MA25、当日MA25严格高于前一交易日MA25；通过后再按方向/非极端波动/不过热排序,1,False,,,257,4,未入选：未满足一级粗筛最低资格条件
300359,全通教育,4.22,0.02676399026763976,0.06297229219143574,-0.038724373576309756,0.011990407673860837,,,,0.09511568123393307,-0.051685393258427026,0.1237373737373738,0.7686899952783159,12881410.0,13787533.9,0.9342794798132826,0.018286872415144165,0.022459023454451037,0.814232749354914,True,0.005920078934385842,-0.013678905687544929,False,3,2,部分收敛/待确认,-0.051685393258427026,0.5892857142857135,0.00607938967695798,4.1676,0.012573183606871874,0.0003840614498320516,,,,0.024271844660194164,3.89,3.89,0.0848329048843186,0.0848329048843186,False,0,,创业板20%,6,3.731343283582089,BREAKOUT_AWAIT_RETEST,True,False,5,False,4.12,2026-09-22,1.5759331944700288,,False,False,False,,,,,首次放量突破，仅观察，等待缩量回踩确认,2,2,1,1,1,1,8,False,True,True,,硬资格：最近25个交易日（含当日）至少一次按板块涨停价核验的实际涨停，且最新收盘价严格高于MA25、当日MA25严格高于前一交易日MA25；通过后再按方向/非极端波动/不过热排序,1,False,,,257,4,未入选：未满足一级粗筛最低资格条件
300364,中文在线,25.79,0.033253205128205066,0.08726812816188878,-0.00693107431651907,0.12521815008726,,,,0.13469034213945427,-0.13745819397993309,0.18393234672304448,0.7322819750800211,60383133.2,84101882.0,0.7179760043895332,0.0744752948403702,0.1347319428674068,0.5527664283269726,True,0.02211546425909039,-0.012624130583363535,False,3,2,部分收敛/待确认,-0.13745819397993309,0.49196538936959217,0.03534795961380177,24.4908,0.05304849167850789,0.002570820370067173,,,,0.03950020153164058,23.09,23.09,0.11693373754872227,0.11693373754872227,False,0,,创业板20%,6,3.3253205128205066,RETEST_STABILIZING,True,False,5,False,24.73,2026-09-21,1.404809018076635,1.3738528965029069,True,False,False,,0.05263157894736837,,,突破后处于一周内确认窗，守位/缩量/横住或小平台再突破条件尚未全部成立,2,2,1,1,1,1,8,False,True,True,,硬资格：最近25个交易日（含当日）至少一次按板块涨停价核验的实际涨停，且最新收盘价严格高于MA25、当日MA25严格高于前一交易日MA25；通过后再按方向/非极端波动/不过热排序,1,False,,,257,4,未入选：未满足一级粗筛最低资格条件
300394,天孚通信,275.84,-0.012246651865644997,0.07372518489684698,0.06707930367504833,0.07288992609879408,,,,0.13889647104698774,-0.055568870476255805,0.1626576955424727,0.8539188421658138,39451772.4,38964430.6,1.0125073507426026,0.04110970412416447,0.03751720449109779,1.095756058634889,False,0.04875630926165564,0.025001906795820483,True,3,2,部分收敛/待确认,-0.06494915254237299,0.6650349650349645,0.04884920891430533,263.7276,0.04592769205801739,-0.0023604926166514995,,,,-0.05193332187661115,256.45,248.14,0.07560928056151295,0.11163053115176913,False,0,,创业板20%,17,7.358262967430651,READY_FOR_BREAKOUT,False,False,4,False,290.95,,,,False,False,False,,,,,紧凑缩量平台形成，尚未出现放量突破,2,2,1,1,1,1,8,False,True,False,MA25未上扬,硬资格：最近25个交易日（含当日）至少一次按板块涨停价核验的实际涨停，且最新收盘价严格高于MA25、当日MA25严格高于前一交易日MA25；通过后再按方向/非极端波动/不过热排序,1,False,,,257,4,未入选：未满足一级粗筛最低资格条件
300408,三环集团,129.48,-0.0027726432532348966,0.025909198954124024,0.1242511070591299,0.18680109990834093,,,,0.10495049504950495,-0.07182795698924738,0.2368520263901979,0.4431057510844599,47752447.2,48782880.9,0.9788771454045061,0.023230742989163198,0.02608980570097223,0.8904145648082581,True,0.021882735026565348,0.04286364576867352,True,3,3,收敛较充分,-0.07182795698924738,0.7220527045769761,0.09038544131641202,117.1196,0.10553656262487232,0.0018785286569718007,,,,-0.01588508018545265,126.25,113.67,0.025584158415841607,0.13908683029823155,False,0,,创业板20%,17,6.014760147601472,INELIGIBLE,False,False,0,False,,,,,False,False,False,,,,,未形成合格的短周期缩量平台或呈N型走势,2,2,1,1,1,1,8,False,True,True,,硬资格：最近25个交易日（含当日）至少一次按板块涨停价核验的实际涨停，且最新收盘价严格高于MA25、当日MA25严格高于前一交易日MA25；通过后再按方向/非极端波动/不过热排序,1,False,,,257,4,未入选：未满足一级粗筛最低资格条件
300480,光力科技,32.38,-0.011297709923664079,0.04350628424105718,0.09539918809201642,0.012507817385866149,,,,0.09351580319322257,-0.03516090584028608,0.13556274721323264,0.689834081380244,11241474.4,11896444.5,0.9449440460971343,0.0426682672015414,0.04404599908439871,0.9687206122804167,True,0.04795760082730105,0.03363095238095237,True,3,3,收敛较充分,-0.10478296931158415,0.5466507177033495,0.05210144103455572,31.188000000000002,0.0382198281390278,-0.003947418847966788,,,,-0.025579295817032666,30.69,28.06,0.0550667970022809,0.15395580898075556,False,0,,创业板20%,4,-0.5291005291005346,READY_FOR_BREAKOUT,False,False,5,False,33.48,,,,False,False,False,,,,,紧凑缩量平台形成，尚未出现放量突破,2,2,1,1,1,1,8,False,True,False,MA25未上扬,硬资格：最近25个交易日（含当日）至少一次按板块涨停价核验的实际涨停，且最新收盘价严格高于MA25、当日MA25严格高于前一交易日MA25；通过后再按方向/非极端波动/不过热排序,1,False,,,257,4,未入选：未满足一级粗筛最低资格条件
300499,高澜股份,36.3,-0.019978401727861805,-0.04120443740095092,0.0689045936395758,0.17857142857142838,,,,0.09518539014941886,-0.08287013643254171,0.24540470815865836,0.3878710839071591,33803031.4,45629813.9,0.7408101964667447,0.1333376812422117,0.17038311448280047,0.7825756774487864,True,0.008606777837547153,0.022616812106483808,True,3,3,收敛较充分,-0.08287013643254171,0.7419354838709676,0.04223491917654809,33.56,0.08164481525625722,0.008049981977652276,,,,-0.07208588957055218,36.14,33.0,0.004427227448810189,0.09999999999999987,False,0,,创业板20%,17,8.818181818181813,READY_FOR_BREAKOUT,False,False,5,False,39.12,,,,False,False,False,,,,,紧凑缩量平台形成，尚未出现放量突破,2,2,1,1,1,1,8,False,True,True,,硬资格：最近25个交易日（含当日）至少一次按板块涨停价核验的实际涨停，且最新收盘价严格高于MA25、当日MA25严格高于前一交易日MA25；通过后再按方向/非极端波动/不过热排序,1,False,,,257,4,未入选：未满足一级粗筛最低资格条件
300515,三德科技,16.41,-0.004851425106124796,0.08174027686222818,0.032724984266834456,0.026908635794743452,,,,0.11170568561872922,-0.01263537906137191,0.09860093271152556,1.1329069872548156,3200240.0,2878851.2,1.1116378644370364,0.011294496223875466,0.014972336764891585,0.7543576130587556,True,0.035929714135851,0.006702326480634069,True,3,2,部分收敛/待确认,-0.031286894923258646,0.7336683417085424,0.03608296240174269,15.845999999999998,0.03559257856872411,-0.0011346444780636622,,,,0.04789272030651337,14.95,14.95,0.09765886287625425,0.09765886287625425,False,0,,创业板20%,3,0.38461538461538325,RETEST_STABILIZING,True,False,5,False,15.45,2026-09-18,1.2079200445455318,1.7880498476443472,True,False,False,,0.06538461538461547,,0.7671325431450523,突破后处于一周内确认窗，守位/缩量/横住或小平台再突破条件尚未全部成立,2,2,1,1,1,1,8,False,True,False,MA25未上扬,硬资格：最近25个交易日（含当日）至少一次按板块涨停价核验的实际涨停，且最新收盘价严格高于MA25、当日MA25严格高于前一交易日MA25；通过后再按方向/非极端波动/不过热排序,1,False,,,257,4,未入选：未满足一级粗筛最低资格条件
300538,同益股份,15.24,-0.014230271668822847,0.0568654646324549,0.0026315789473685403,0.003291639236339794,,,,0.12262156448202961,-0.09177592371871279,0.1372273047149894,0.8935653493793033,4222720.8,4323394.2,0.9767142676927307,0.02422786118094407,0.03520886572600147,0.6881181964079003,True,0.018854940820258737,0.0014230534661516803,True,3,3,收敛较充分,-0.09177592371871279,0.40540540540540543,0.012019390397768781,15.0804,0.010583273653218761,-0.002170288224862982,,,,0.02626262626262621,14.19,14.19,0.07399577167019022,0.07399577167019022,False,0,,创业板20%,4,1.7868960953011381,RETEST_STABILIZING,True,False,5,False,14.85,2026-09-21,2.5652582875641743,0.788305553810534,True,False,False,,0.05776892430278879,,,突破后处于一周内确认窗，守位/缩量/横住或小平台再突破条件尚未全部成立,2,2,1,1,1,1,8,False,True,False,MA25未上扬,硬资格：最近25个交易日（含当日）至少一次按板块涨停价核验的实际涨停，且最新收盘价严格高于MA25、当日MA25严格高于前一交易日MA25；通过后再按方向/非极端波动/不过热排序,1,False,,,257,4,未入选：未满足一级粗筛最低资格条件
300562,乐心股份,17.57,0.004574042309891446,0.049581839904420555,-0.02280311457174644,0.10295040803515376,,,,0.10036719706242353,-0.10081883316274298,0.2957559681697612,0.3393581461213783,14378743.6,18341849.5,0.7839309552725312,0.0910621801132225,0.10284524049093936,0.8854292107104854,True,0.023061297646074674,-0.005801687763713259,True,3,3,收敛较充分,-0.10081883316274298,0.6152343750000001,0.010408879176490693,16.9544,0.036309158684471265,0.0038366805608183174,,,,-0.0022714366837024436,16.34,15.08,0.07527539779681769,0.16511936339522548,False,0,,创业板20%,17,8.62068965517242,READY_FOR_BREAKOUT,False,False,4,False,17.61,,,,False,False,False,,,,,紧凑缩量平台形成，尚未出现放量突破,2,2,1,1,1,1,8,False,True,True,,硬资格：最近25个交易日（含当日）至少一次按板块涨停价核验的实际涨停，且最新收盘价严格高于MA25、当日MA25严格高于前一交易日MA25；通过后再按方向/非极端波动/不过热排序,1,False,,,257,4,未入选：未满足一级粗筛最低资格条件
300563,神宇股份,27.26,-0.030238349341871196,0.006275378368401752,0.1669520547945207,0.09654062751407899,,,,0.08403683806600158,-0.09072715143428944,0.31433581762384927,0.26734731886826996,13045450.0,13082208.9,0.997190161059116,0.10407739592211873,0.08885875410340935,1.171267783036871,True,-0.00891031259129449,0.0485177321695367,True,3,3,收敛较充分,-0.09072715143428944,0.6792452830188681,0.062188279301745863,25.1932,0.08203801025673596,0.005363385317732616,,,,-0.035044247787610616,26.06,22.81,0.04604758250191887,0.19508987286277968,False,0,,创业板20%,17,8.701355487538255,READY_FOR_BREAKOUT,False,False,5,False,28.0,,,,False,False,False,,,,,紧凑缩量平台形成，尚未出现放量突破,2,2,1,1,1,1,8,False,True,True,,硬资格：最近25个交易日（含当日）至少一次按板块涨停价核验的实际涨停，且最新收盘价严格高于MA25、当日MA25严格高于前一交易日MA25；通过后再按方向/非极端波动/不过热排序,1,False,,,257,4,未入选：未满足一级粗筛最低资格条件
300647,超频三,8.49,0.004733727810650956,0.08567774936061379,0.03033980582524265,0.45876288659793807,,,,0.14023591087811263,-0.053511705685618804,0.25983146067415736,0.5397187488930604,39051994.0,67137371.7,0.5816729641205183,0.08157675305350283,0.14702403781422332,0.554853167320718,True,0.0612298071912456,0.01202507355763105,True,3,3,收敛较充分,-0.053511705685618804,0.861271676300578,0.07891727030118201,7.4284,0.1429109902536212,0.015086089095381228,,,,0.03789731051344747,7.63,7.12,0.11271297509829625,0.1924157303370786,False,0,,创业板20%,17,16.323024054982803,EFFECTIVE_BREAKOUT_CONFIRMED,True,True,3,False,8.04,2026-09-21,1.3379513870402127,0.6754597763186354,True,True,False,RETEST_RENEWED_STRENGTH,0.03631961259079912,,,放量突破后缩量回踩守位，价格重新缓慢走强,2,2,1,1,1,1,8,False,True,True,,硬资格：最近25个交易日（含当日）至少一次按板块涨停价核验的实际涨停，且最新收盘价严格高于MA25、当日MA25严格高于前一交易日MA25；通过后再按方向/非极端波动/不过热排序,1,False,,,257,4,未入选：未满足一级粗筛最低资格条件
300686,智动力,14.8,-0.021810971579643068,0.04225352112676073,0.019283746556473913,0.0277777777777779,,,,0.08108108108108099,-0.03833658219623126,0.14734480179506362,0.550281245712717,4633448.0,5148518.8,0.8999574790326104,0.017390642481688368,0.020519121438664877,0.8475334840076822,True,0.029542920847268617,0.007016325112886301,True,3,3,收敛较充分,-0.06801007556675065,0.5697211155378489,0.007145287512759557,14.6052,0.013337715334264644,-0.000438008157901959,,,,-0.01986754966887405,14.06,13.37,0.05263157894736836,0.10695587135377727,False,0,,创业板20%,4,4.636233951497859,READY_FOR_BREAKOUT,False,False,5,False,15.18,,,,False,False,False,,,,,紧凑缩量平台形成，尚未出现放量突破,2,2,1,1,1,1,8,False,True,False,MA25未上扬,硬资格：最近25个交易日（含当日）至少一次按板块涨停价核验的实际涨停，且最新收盘价严格高于MA25、当日MA25严格高于前一交易日MA25；通过后再按方向/非极端波动/不过热排序,1,False,,,257,4,未入选：未满足一级粗筛最低资格条件
300689,澄天伟业,66.02,-0.001210287443267788,0.10290678249248231,0.11993214588634427,0.2278222056909056,,,,0.15025041736227057,-0.04179970972423819,0.15903477104313124,0.9447645717773361,5362223.2,3330340.6,1.610112551250764,0.057560868860008406,0.03273257477272053,1.7585194339181618,False,0.09435914552736979,0.043103009749893895,True,3,2,部分收敛/待确认,-0.04179970972423819,0.842364532019704,0.12484559355965419,57.66,0.14498785986819285,0.005608806663597088,,,,-0.03620437956204381,59.9,52.63,0.10217028380634385,0.25441763252897576,False,0,,创业板20%,17,6.768953068592065,READY_FOR_BREAKOUT,False,False,3,False,68.5,,,,False,False,False,,,,,紧凑缩量平台形成，尚未出现放量突破,2,2,1,1,1,1,8,False,True,True,,硬资格：最近25个交易日（含当日）至少一次按板块涨停价核验的实际涨停，且最新收盘价严格高于MA25、当日MA25严格高于前一交易日MA25；通过后再按方向/非极端波动/不过热排序,1,False,,,257,4,未入选：未满足一级粗筛最低资格条件
300711,广哈通信,18.83,-0.028880866425992857,0.03461538461538449,-0.025866528711846914,0.006951871657753905,,,,0.15555555555555559,-0.12337057728119194,0.19399666481378555,0.8018465456860869,9223093.4,12937888.4,0.7128747068184635,0.038255108467817836,0.05146799430440415,0.7432795659679383,True,-0.019119655425990145,0.009418574059457896,False,3,2,部分收敛/待确认,-0.12337057728119194,0.4569672131147535,-0.005781567623221573,18.717200000000002,0.006026542431559978,0.0026999807144234556,,,,-0.048509348155634235,17.55,17.55,0.07293447293447275,0.07293447293447275,False,0,,创业板20%,17,9.039226833428081,INELIGIBLE,False,False,0,False,,,,,False,False,True,,,,,未形成合格的短周期缩量平台或呈N型走势,2,2,1,1,1,1,8,False,True,True,,硬资格：最近25个交易日（含当日）至少一次按板块涨停价核验的实际涨停，且最新收盘价严格高于MA25、当日MA25严格高于前一交易日MA25；通过后再按方向/非极端波动/不过热排序,1,False,,,257,4,未入选：未满足一级粗筛最低资格条件
300805,电声股份,8.67,0.021201413427561766,0.08374999999999999,-0.008009153318077833,0.08239700374531833,,,,0.11337579617834402,-0.021444695259593582,0.10888610763454308,1.0412328867413443,6871982.0,7780131.8,0.8832732113869844,0.019593739053935768,0.026182983196960018,0.7483386788488908,True,0.023972602739726012,-0.0052568697729988845,True,3,2,部分收敛/待确认,-0.021444695259593582,0.8467741935483875,0.03423595371585364,8.2816,0.04689914992272026,0.0023237800154918276,,,,0.028469750889679846,7.85,7.85,0.10445859872611463,0.10445859872611463,False,0,,创业板20%,17,4.025974025974022,INELIGIBLE,False,False,0,False,,,,,False,False,False,,,,,未形成合格的短周期缩量平台或呈N型走势,2,2,1,1,1,1,8,False,True,True,,硬资格：最近25个交易日（含当日）至少一次按板块涨停价核验的实际涨停，且最新收盘价严格高于MA25、当日MA25严格高于前一交易日MA25；通过后再按方向/非极端波动/不过热排序,1,False,,,257,4,未入选：未满足一级粗筛最低资格条件
300846,首都在线,20.46,-0.00727802037845704,0.06840731070496098,0.07684210526315804,0.09353287012292899,,,,0.13551151580074972,-0.03490566037735843,0.08288482238966646,1.6349376386869643,24074097.2,22598042.6,1.0653178076582615,0.0741826775894111,0.05434535785483117,1.3650232608196258,False,0.030237580993520474,0.019126389247867248,True,3,1,结构未成熟,-0.05146036161335188,0.7000000000000001,0.05360729182759161,19.308,0.05966438781852079,-0.0008073029870210302,,,,-0.010638297872340385,18.67,18.58,0.0958757364756293,0.10118406889128106,False,0,,创业板20%,4,0.8771929824561431,RETEST_STABILIZING,True,False,5,False,19.98,2026-09-18,1.4086190085746335,0.8100373424541777,True,False,False,,0.058412381427858116,,0.8176215942347955,突破后处于一周内确认窗，守位/缩量/横住或小平台再突破条件尚未全部成立,2,2,1,1,1,1,8,False,True,False,MA25未上扬,硬资格：最近25个交易日（含当日）至少一次按板块涨停价核验的实际涨停，且最新收盘价严格高于MA25、当日MA25严格高于前一交易日MA25；通过后再按方向/非极端波动/不过热排序,1,False,,,257,4,未入选：未满足一级粗筛最低资格条件
300864,南大环境,26.42,0.041387465510445365,0.05091487669053296,-0.10953825412874962,0.034860947904426176,,,,0.08389932081502188,-0.1405335068314898,0.2634607480476778,0.31845093220428744,3649640.6,6477777.5,0.5634093792199563,0.0188039406568741,0.04144460599898016,0.45371261720612843,True,0.010394519253484447,-0.038967328540028934,False,3,2,部分收敛/待确认,-0.1405335068314898,0.6210526315789476,0.004238173974191017,25.6856,0.028591895848257387,0.010273595443746952,,,,0.016936104695919996,25.03,24.44,0.05553335996803832,0.08101472995090009,False,0,,创业板20%,17,14.980916030534353,BREAKOUT_AWAIT_RETEST,True,False,5,False,25.98,2026-09-22,2.2011063747493522,,False,False,False,,,,,首次放量突破，仅观察，等待缩量回踩确认,2,2,1,1,1,1,8,False,True,True,,硬资格：最近25个交易日（含当日）至少一次按板块涨停价核验的实际涨停，且最新收盘价严格高于MA25、当日MA25严格高于前一交易日MA25；通过后再按方向/非极端波动/不过热排序,1,False,,,257,4,未入选：未满足一级粗筛最低资格条件
300913,兆龙互连,41.89,-0.03457017746024427,-0.06911111111111112,0.16978497626361344,0.17011173184357542,,,,0.09128032668748491,-0.11754792500526645,0.37395079594790165,0.24409715844060395,22787768.0,22674719.3,1.0049856714212995,0.08603786828666198,0.07175497373005316,1.1990509342298974,False,-0.026110253382980786,0.05254507543235598,False,3,1,结构未成熟,-0.11754792500526645,0.5851301115241636,0.0643054955664526,38.525999999999996,0.08731765560919902,0.00538627751855425,,,,-0.07792207792207795,41.63,36.02,0.006245496036512144,0.16296501943364783,False,0,,创业板20%,17,14.716559620217806,READY_FOR_BREAKOUT,False,False,5,False,44.39,,,,False,False,False,,,,,紧凑缩量平台形成，尚未出现放量突破,2,2,1,1,1,1,8,False,True,True,,硬资格：最近25个交易日（含当日）至少一次按板块涨停价核验的实际涨停，且最新收盘价严格高于MA25、当日MA25严格高于前一交易日MA25；通过后再按方向/非极端波动/不过热排序,1,False,,,257,4,未入选：未满足一级粗筛最低资格条件
300985,致远新能,40.64,0.027819929185634917,0.10494834148994014,0.14317862165963446,0.0528497409326425,,,,0.12211221122112205,-0.047127784290738495,0.11221218303701527,1.0882259654536894,2513338.4,2529242.9,0.9937117546124178,0.013765834865313,0.013560716687698279,1.0151259098127752,True,0.04623121012220177,0.028754954216208883,True,3,2,部分收敛/待确认,-0.06895761741122564,0.6777301927194862,0.08607926454475012,37.7468,0.07664755687899372,-0.0005930758395729097,,,,0.050672182006204824,36.36,34.31,0.11771177117711784,0.18449431652579418,False,0,,创业板20%,4,2.7819929185634917,INELIGIBLE,False,False,0,False,,,,,False,False,False,,,,,未形成合格的短周期缩量平台或呈N型走势,2,2,1,1,1,1,8,False,True,False,MA25未上扬,硬资格：最近25个交易日（含当日）至少一次按板块涨停价核验的实际涨停，且最新收盘价严格高于MA25、当日MA25严格高于前一交易日MA25；通过后再按方向/非极端波动/不过热排序,1,False,,,257,4,未入选：未满足一级粗筛最低资格条件
301123,奕东电子,79.3,-0.01588483494663695,0.0051971098998604415,0.021380731581658985,0.029335410176531518,,,,0.0928947368421053,-0.06042654028436034,0.17959468902865142,0.5172465697317221,8756102.6,9737575.5,0.8992076723821038,0.0602548943063878,0.063117495480266,0.9546464708066053,True,0.023296298192617027,0.008197037742404545,True,3,3,收敛较充分,-0.06042654028436034,0.6293604651162786,0.013988696519448673,77.3756,0.02487088953106653,9.823182711210521e-05,,,,-0.027232580961727204,76.0,71.55,0.043421052631578805,0.10831586303284424,False,0,,创业板20%,17,7.913575426265784,READY_FOR_BREAKOUT,False,False,4,False,82.5,,,,False,False,False,,,,,紧凑缩量平台形成，尚未出现放量突破,2,2,1,1,1,1,8,False,True,True,,硬资格：最近25个交易日（含当日）至少一次按板块涨停价核验的实际涨停，且最新收盘价严格高于MA25、当日MA25严格高于前一交易日MA25；通过后再按方向/非极端波动/不过热排序,1,False,,,257,4,未入选：未满足一级粗筛最低资格条件
301129,瑞纳智能,24.29,0.00330441966129702,0.08485931219294329,0.037147736976942625,0.015043877977434228,,,,0.10559566787003609,-0.008571428571428563,0.08262236192186798,1.278051914927013,2023726.8,2156893.4,0.9382599993119735,0.025124803932466234,0.033703828308652435,0.7454584595666304,True,0.03205128205128216,0.007026675341574418,True,3,2,部分收敛/待确认,-0.08201058201058209,0.495348837209302,0.037967651646261924,23.583199999999998,0.029970487465653672,-0.003667089142374458,,,,0.027495769881556553,22.16,22.16,0.09611913357400725,0.09611913357400725,False,0,,创业板20%,17,6.547122602168476,RETEST_STABILIZING,True,False,5,False,23.07,2026-09-18,1.439956800645388,1.1369751050467627,True,True,False,,0.04477611940298511,,0.635834375854209,突破后处于一周内确认窗，守位/缩量/横住或小平台再突破条件尚未全部成立,2,2,1,1,1,1,8,False,True,False,MA25未上扬,硬资格：最近25个交易日（含当日）至少一次按板块涨停价核验的实际涨停，且最新收盘价严格高于MA25、当日MA25严格高于前一交易日MA25；通过后再按方向/非极端波动/不过热排序,1,False,,,257,4,未入选：未满足一级粗筛最低资格条件
301171,易点天下,36.68,0.05493241299971219,0.08842729970326402,-0.04949468774293864,0.06938775510204098,,,,0.15000000000000008,-0.11272375423318826,0.282655910642259,0.5306805708013171,55649349.8,74979766.9,0.742191555146059,0.0947029122294693,0.14939641062271874,0.6339035311138045,True,0.023670729553082692,-0.031130347927417867,False,3,2,部分收敛/待确认,-0.11272375423318826,0.4884742041712404,0.024738437469443708,35.7408,0.02627809114513391,-0.0011402508551880963,,,,0.041453719477569484,32.8,32.23,0.11829268292682937,0.1380701210052746,False,0,,创业板20%,4,5.493241299971219,BREAKOUT_AWAIT_RETEST,False,False,5,False,35.22,2026-09-22,2.0192580079291433,,False,False,True,,,,,首次放量突破，仅观察，等待缩量回踩确认,2,2,1,1,1,1,8,False,True,False,MA25未上扬,硬资格：最近25个交易日（含当日）至少一次按板块涨停价核验的实际涨停，且最新收盘价严格高于MA25、当日MA25严格高于前一交易日MA25；通过后再按方向/非极端波动/不过热排序,1,False,,,257,4,未入选：未满足一级粗筛最低资格条件
301217,铜冠铜箔,114.54,0.026988254281359314,0.008185899128597907,0.08568720379146932,0.036279743056183866,,,,0.07524932003626471,-0.07606679035250463,0.16666666666666666,0.4514959202175883,31021036.2,28742638.3,1.079268920139457,0.0379037247581451,0.03467080745110851,1.0932460921654488,False,0.017626850369624192,0.023963354500963208,True,3,2,部分收敛/待确认,-0.12498090145148966,0.476312419974392,0.03514654182971699,111.06119999999999,0.031323270413069704,-0.0034706769076161548,,,,-0.02965096577431381,110.3,101.55,0.038440616500453384,0.12791728212703113,False,0,,创业板20%,4,2.6988254281359314,READY_FOR_BREAKOUT,False,False,5,False,118.04,,,,False,False,False,,,,,紧凑缩量平台形成，尚未出现放量突破,2,2,1,1,1,1,8,False,True,False,MA25未上扬,硬资格：最近25个交易日（含当日）至少一次按板块涨停价核验的实际涨停，且最新收盘价严格高于MA25、当日MA25严格高于前一交易日MA25；通过后再按方向/非极端波动/不过热排序,1,False,,,257,4,未入选：未满足一级粗筛最低资格条件
301270,汉仪股份,33.04,-0.0015110305228166476,0.03866708582206857,0.050556438791732994,0.021013597033374465,,,,0.07550761421319793,-0.025368731563421787,0.09310682783404121,0.8109782705494692,2523636.6,2648312.7,0.9529224400124653,0.0233236603609898,0.028026595326096842,0.8321974213996688,True,0.011504860342069545,0.01373212942061719,True,3,3,收敛较充分,-0.025368731563421787,0.7386018237082068,0.031613457185231564,31.9872,0.032913165266106326,0.00012506565947134618,,,,-0.010778443113772407,31.52,30.61,0.048223350253807196,0.0793858216269192,False,0,,创业板20%,4,1.5679999999999916,READY_FOR_BREAKOUT,False,False,5,False,33.55,,,,False,False,False,,,,,紧凑缩量平台形成，尚未出现放量突破,2,2,1,1,1,1,8,False,True,True,,硬资格：最近25个交易日（含当日）至少一次按板块涨停价核验的实际涨停，且最新收盘价严格高于MA25、当日MA25严格高于前一交易日MA25；通过后再按方向/非极端波动/不过热排序,1,False,,,257,4,未入选：未满足一级粗筛最低资格条件
301282,金禄电子,46.33,0.012677595628415306,0.10863843024647046,0.14962779156327555,0.3626470588235293,,,,0.14702366722448001,-0.034389328887036275,0.2637640449438202,0.5574060227040989,15806846.0,17329063.3,0.9121581314784625,0.10026014112281427,0.1019177232708231,0.9837360755832018,True,0.053750630069193006,0.03879929370217772,True,3,3,收敛较充分,-0.034389328887036275,0.8967459324155195,0.1377282271036182,39.682,0.16753187843354667,0.007382359511769243,,,,-0.028109922383050212,41.83,40.48,0.10757829309108291,0.14451581027667992,False,0,,创业板20%,6,1.55316606929512,READY_FOR_BREAKOUT,False,False,4,False,47.9,,,,False,False,False,,,,,紧凑缩量平台形成，尚未出现放量突破,2,2,1,1,1,1,8,False,True,True,,硬资格：最近25个交易日（含当日）至少一次按板块涨停价核验的实际涨停，且最新收盘价严格高于MA25、当日MA25严格高于前一交易日MA25；通过后再按方向/非极端波动/不过热排序,1,False,,,257,4,未入选：未满足一级粗筛最低资格条件
301297,富乐德,46.44,-0.03811101905550962,0.001293661060801865,0.13323572474377743,0.32383124287343223,,,,0.06188925081433228,-0.05030674846625771,0.3088552915766738,0.20038267921004094,24175589.8,24630636.3,0.9815251829283842,0.04845950427047006,0.04635507465458867,1.0453980417799429,True,0.02330113907055331,0.054047838086476396,True,3,3,收敛较充分,-0.05030674846625771,0.8402597402597402,0.09060166267436931,41.078,0.13053215833292753,0.008960238939705212,,,,-0.04757998359310911,46.05,40.01,0.008469055374592749,0.16070982254436394,False,0,,创业板20%,17,8.569898232458485,READY_FOR_BREAKOUT,False,False,5,False,48.9,,,,False,False,False,,,,,紧凑缩量平台形成，尚未出现放量突破,2,2,1,1,1,1,8,False,True,True,,硬资格：最近25个交易日（含当日）至少一次按板块涨停价核验的实际涨停，且最新收盘价严格高于MA25、当日MA25严格高于前一交易日MA25；通过后再按方向/非极端波动/不过热排序,1,False,,,257,4,未入选：未满足一级粗筛最低资格条件
301357,北方长龙,99.11,-0.015984908657664776,0.017243148927434948,-0.06500000000000006,0.10134459384376049,,,,0.06878306878306878,-0.1505827905382242,0.263317453443049,0.2612172793093845,4326823.6,7775791.8,0.5564479748544707,0.07205758781981685,0.126495625873954,0.5696448973786518,True,-0.023810944679835355,-0.00905590696578007,False,3,2,部分收敛/待确认,-0.1505827905382242,0.47894424673784103,0.0071745051014187045,96.5828,0.026166149666400074,-0.0011954696251437191,,,,-0.01871287128712873,94.5,94.5,0.04878306878306882,0.04878306878306882,False,0,,创业板20%,17,13.896924890174645,READY_FOR_BREAKOUT,False,False,5,False,100.6,,,,False,False,False,,,,,紧凑缩量平台形成，尚未出现放量突破,2,2,1,1,1,1,8,False,True,False,MA25未上扬,硬资格：最近25个交易日（含当日）至少一次按板块涨停价核验的实际涨停，且最新收盘价严格高于MA25、当日MA25严格高于前一交易日MA25；通过后再按方向/非极端波动/不过热排序,1,False,,,257,4,未入选：未满足一级粗筛最低资格条件
301580,爱迪特,56.37,-0.01451048951048961,0.025281920698435822,0.036213235294117574,0.10746561886051076,,,,0.09470186450064602,-0.04940978077571667,0.1282660332541567,0.7383237954587407,7259364.6,4405985.1,1.6476144233896752,0.08578347601857607,0.043699856823471016,1.9630150360699148,False,0.03864044244222242,0.014705882352941346,True,3,2,部分收敛/待确认,-0.04940978077571667,0.743432574430823,0.023123275736895543,54.15,0.04099722991689747,0.001183300669304277,,,,-0.03903852710535283,54.17,50.52,0.040612885360900686,0.11579572446555808,False,0,,创业板20%,17,9.35166994106089,READY_FOR_BREAKOUT,False,False,3,False,58.28,,,,False,False,False,,,,,紧凑缩量平台形成，尚未出现放量突破,2,2,1,1,1,1,8,False,True,True,,硬资格：最近25个交易日（含当日）至少一次按板块涨停价核验的实际涨停，且最新收盘价严格高于MA25、当日MA25严格高于前一交易日MA25；通过后再按方向/非极端波动/不过热排序,1,False,,,257,4,未入选：未满足一级粗筛最低资格条件
600105,永鼎股份,45.41,-0.028039383561643927,0.10459742155193386,0.16108412170800301,0.18009355509355518,,,,0.16430317848410755,-0.046409071818563685,0.17647058823529424,0.9310513447432754,165321984.8,123082169.0,1.3431838758057637,0.12852949869790295,0.08225277762193664,1.5626159068897438,False,0.06567372585524778,0.05665461077262912,True,3,2,部分收敛/待确认,-0.046409071818563685,0.8001808318264013,0.09811982346895576,40.8036,0.11289199972551422,0.0031961763895991258,,,,-0.04400000000000004,40.9,39.19,0.1102689486552566,0.1587139576422556,False,0,,沪深主板10%,17,6.059831245205816,READY_FOR_BREAKOUT,False,False,3,False,47.5,,,,False,False,False,,,,,紧凑缩量平台形成，尚未出现放量突破,2,2,1,1,1,1,8,False,True,True,,硬资格：最近25个交易日（含当日）至少一次按板块涨停价核验的实际涨停，且最新收盘价严格高于MA25、当日MA25严格高于前一交易日MA25；通过后再按方向/非极端波动/不过热排序,1,False,,,257,4,未入选：未满足一级粗筛最低资格条件
600150,中国船舶,40.12,-0.021940516821063016,0.05136268343815509,0.026612077789150534,0.18557919621749397,,,,0.09863672814755427,-0.0257406508013599,0.22087162763118895,0.44657944166671193,110644070.2,163773334.8,0.6755927046067575,0.014289111541058967,0.02201879518465843,0.6489506542580898,True,0.01921090683743043,0.014604545922040524,True,3,3,收敛较充分,-0.0257406508013599,0.876600698486612,0.07029478458049887,36.686,0.0936051899907322,0.00728155339805836,,,,0.0037528146109582217,37.41,37.41,0.0724405239240844,0.0724405239240844,False,0,,沪深主板10%,6,2.0915428917853918,READY_FOR_BREAKOUT,False,False,5,False,41.08,,,,False,False,False,,,,,紧凑缩量平台形成，尚未出现放量突破,2,2,1,1,1,1,8,False,True,True,,硬资格：最近25个交易日（含当日）至少一次按板块涨停价核验的实际涨停，且最新收盘价严格高于MA25、当日MA25严格高于前一交易日MA25；通过后再按方向/非极端波动/不过热排序,1,False,,,257,4,未入选：未满足一级粗筛最低资格条件
600176,中国巨石,45.47,-0.008720296490080659,-0.03440220853684439,0.09857453491181434,0.1427494345312892,,,,0.17775752051048305,-0.1201625386996904,0.22146807440925093,0.8026327089565283,306852168.8,225368942.3,1.3615548161535653,0.08635250465757462,0.05610623516664823,1.5390892723614071,False,-0.0029363502893168247,0.029683885890516626,True,3,2,部分收敛/待确认,-0.1201625386996904,0.551624548736462,0.037665879345953224,43.202799999999996,0.052478080124436444,0.0005187538790747404,,,,-0.06421074295122464,43.88,41.5,0.03623518687329064,0.09566265060240964,False,0,,沪深主板10%,17,7.949367088607606,INELIGIBLE,False,False,0,False,,,,,False,False,False,,,,,未形成合格的短周期缩量平台或呈N型走势,2,2,1,1,1,1,8,False,True,True,,硬资格：最近25个交易日（含当日）至少一次按板块涨停价核验的实际涨停，且最新收盘价严格高于MA25、当日MA25严格高于前一交易日MA25；通过后再按方向/非极端波动/不过热排序,1,False,,,257,4,未入选：未满足一级粗筛最低资格条件
600183,生益科技,143.45,-0.019279414780884796,-0.045257903494176466,-0.019346458846048797,0.11201550387596892,,,,0.12984218077474888,-0.08920634920634929,0.15841145641101356,0.8196514552448847,72973307.8,68205832.7,1.0698983490307858,0.03277156081319673,0.029578708031171318,1.1079442948847071,False,-0.014801594224291947,0.0011682877791665547,False,3,1,结构未成熟,-0.08920634920634929,0.6036671368124116,-0.013584275109936095,141.9344,0.010678172451498602,0.0011398519321053069,,,,-0.08787435620270889,139.4,138.43,0.02905308464849332,0.03626381564689729,False,0,,沪深主板10%,17,8.43012075994154,READY_FOR_BREAKOUT,False,False,3,False,149.94,,,,False,False,False,,,,,紧凑缩量平台形成，尚未出现放量突破,2,2,1,1,1,1,8,False,True,True,,硬资格：最近25个交易日（含当日）至少一次按板块涨停价核验的实际涨停，且最新收盘价严格高于MA25、当日MA25严格高于前一交易日MA25；通过后再按方向/非极端波动/不过热排序,1,False,,,257,4,未入选：未满足一级粗筛最低资格条件
600184,光电股份,20.42,-0.03130929791271331,-0.0772706732941707,0.12942477876106206,0.16287015945330308,,,,0.11066997518610425,-0.09765797613786997,0.2857954545454544,0.3872349032356731,47144772.4,30912913.4,1.525083442960119,0.09315804954183714,0.04492945005068242,2.0734295531494533,False,0.0053743164246653485,0.04736975857687442,True,3,2,部分收敛/待确认,-0.09765797613786997,0.6189655172413798,0.056252424673477464,18.9568,0.07718602295746124,0.003770068200110277,,,,-0.08757819481680063,20.15,17.8,0.013399503722084427,0.14719101123595513,False,0,,沪深主板10%,17,6.811677160847185,INELIGIBLE,False,False,0,False,,,,,False,False,False,,,,,未形成合格的短周期缩量平台或呈N型走势,2,2,1,1,1,1,8,False,True,True,,硬资格：最近25个交易日（含当日）至少一次按板块涨停价核验的实际涨停，且最新收盘价严格高于MA25、当日MA25严格高于前一交易日MA25；通过后再按方向/非极端波动/不过热排序,1,False,,,257,4,未入选：未满足一级粗筛最低资格条件
600186,莲花控股,12.93,0.034399999999999986,0.021327014218009532,0.04358353510895885,0.1194805194805193,,,,0.05891848264729609,-0.01896813353566007,0.19709355131698456,0.2989366331551751,200600431.0,263185341.9,0.7622021407112415,0.10951566664930686,0.1503939074908547,0.7281921753111334,True,0.0034749644605907015,0.009842678499395019,True,3,3,收敛较充分,-0.03363228699551579,0.8255813953488368,0.058058180925494085,12.0616,0.0719970816475426,9.949918742346853e-05,,,,-0.0144817073170731,12.39,11.32,0.04358353510895885,0.1422261484098939,False,0,,沪深主板10%,4,5.444646098003636,READY_FOR_BREAKOUT,False,False,5,False,13.12,,,,False,False,False,,,,,紧凑缩量平台形成，尚未出现放量突破,2,2,1,1,1,1,8,False,True,True,,硬资格：最近25个交易日（含当日）至少一次按板块涨停价核验的实际涨停，且最新收盘价严格高于MA25、当日MA25严格高于前一交易日MA25；通过后再按方向/非极端波动/不过热排序,1,False,,,257,4,未入选：未满足一级粗筛最低资格条件
600207,安彩高科,4.86,-0.014198782961460377,0.006211180124223725,0.07048458149779746,0.10204081632653073,,,,0.06595744680851055,-0.09158878504672885,0.22425629290617838,0.294116369952236,35305394.4,27518007.2,1.282992410874869,0.03366589035014456,0.01827521518982998,1.8421610908789396,False,-0.010603588907014738,0.024909516712795288,False,3,1,结构未成熟,-0.09158878504672885,0.5701754385964917,0.04775250619812432,4.5756,0.06215578284815115,0.0033330409613190337,,,,-0.029940119760478945,4.7,4.44,0.03404255319148941,0.09459459459459452,False,0,,沪深主板10%,17,2.3201856148491906,READY_FOR_BREAKOUT,False,False,5,False,4.97,,,,False,False,False,,,,,紧凑缩量平台形成，尚未出现放量突破,2,2,1,1,1,1,8,False,True,True,,硬资格：最近25个交易日（含当日）至少一次按板块涨停价核验的实际涨停，且最新收盘价严格高于MA25、当日MA25严格高于前一交易日MA25；通过后再按方向/非极端波动/不过热排序,1,False,,,257,4,未入选：未满足一级粗筛最低资格条件
600228,返利科技,11.89,-0.016542597187758412,0.07020702070207041,0.18190854870775341,0.42908653846153855,,,,0.17057169634489225,-0.048038430744595684,0.2425578831312017,0.7032205844764423,34479736.2,37013747.4,0.9315386477187664,0.08547906925795394,0.09202175164691534,0.9289006971518488,True,0.08369138800672538,0.05117270788912576,True,3,3,收敛较充分,-0.048038430744595684,0.8648648648648649,0.17676167854315117,9.7356,0.22129093224865448,0.01277463382157129,,,,0.010195412064571086,10.67,9.12,0.11433926897844437,0.3037280701754388,False,0,,沪深主板10%,17,6.673960612691454,INELIGIBLE,False,False,0,False,,,,,False,False,False,,,,,未形成合格的短周期缩量平台或呈N型走势,2,2,1,1,1,1,8,False,True,True,,硬资格：最近25个交易日（含当日）至少一次按板块涨停价核验的实际涨停，且最新收盘价严格高于MA25、当日MA25严格高于前一交易日MA25；通过后再按方向/非极端波动/不过热排序,1,False,,,257,4,未入选：未满足一级粗筛最低资格条件
600488,津药药业,6.13,-0.025437201907790197,0.004918032786885185,0.15442561205273075,0.12477064220183487,,,,0.08347529812606477,-0.054012345679012475,0.26810176125244617,0.31135676892276715,131177903.4,99043287.2,1.3244502187726257,0.128645258620916,0.08863452040849347,1.4514125876467028,False,0.04020442930153312,0.05063965884861399,True,3,2,部分收敛/待确认,-0.054012345679012475,0.7517730496453897,0.08707217591771577,5.6272,0.08935172021609317,-0.00014214641080290136,,,,-0.036163522012578664,5.87,5.18,0.04429301533219765,0.18339768339768336,False,0,,沪深主板10%,17,5.947955390334569,READY_FOR_BREAKOUT,False,False,5,False,6.29,,,,False,False,False,,,,,紧凑缩量平台形成，尚未出现放量突破,2,2,1,1,1,1,8,False,True,False,MA25未上扬,硬资格：最近25个交易日（含当日）至少一次按板块涨停价核验的实际涨停，且最新收盘价严格高于MA25、当日MA25严格高于前一交易日MA25；通过后再按方向/非极端波动/不过热排序,1,False,,,257,4,未入选：未满足一级粗筛最低资格条件
600498,烽火通信,43.51,-0.01449603624009066,0.08045691581822689,0.08126242544731599,0.07009345794392519,,,,0.13043478260869562,-0.03824049513704697,0.12560128273650442,1.038482886216467,110079680.8,80175376.0,1.3729861497624907,0.10049345691442936,0.06304971941272432,1.5938763542561996,False,0.04822763443453071,0.03604980890149179,True,3,1,结构未成熟,-0.03824049513704697,0.7897934386391248,0.056914518910778034,40.7868,0.06676669903007837,0.002516935238076501,,,,-0.026839633191679813,40.02,38.55,0.08720639680159903,0.12866407263294422,False,0,,沪深主板10%,17,7.935304523629005,RETEST_STABILIZING,True,False,4,False,41.5,2026-09-16,1.6036923397465295,0.8035716070020419,True,False,False,,0.07765602667937126,45.24,0.7252755209140653,突破后处于一周内确认窗，守位/缩量/横住或小平台再突破条件尚未全部成立,2,2,1,1,1,1,8,False,True,True,,硬资格：最近25个交易日（含当日）至少一次按板块涨停价核验的实际涨停，且最新收盘价严格高于MA25、当日MA25严格高于前一交易日MA25；通过后再按方向/非极端波动/不过热排序,1,False,,,257,4,未入选：未满足一级粗筛最低资格条件
600500,中化国际,5.77,-0.017035775127768438,0.05291970802919699,-0.0068846815834767705,0.09280303030303028,,,,0.12754158964879841,-0.0540983606557377,0.13483146067415727,0.9459334565619218,119611037.4,115573986.1,1.0349304496299623,0.03824749749445603,0.03094468091494709,1.2359958598242158,False,0.022996515679442497,0.01402278702892179,True,3,2,部分收敛/待确认,-0.0540983606557377,0.7027027027027025,0.016740088105726914,5.5992,0.03050435776539495,0.0019325746188532111,,,,-0.04311774461028206,5.41,5.41,0.06654343807763397,0.06654343807763397,False,0,,沪深主板10%,17,8.251473477406668,RETEST_STABILIZING,True,False,3,False,5.76,2026-09-16,1.5790565380587511,0.7448781925656253,True,False,False,,0.06457242582897019,6.1,0.89363878208281,突破后处于一周内确认窗，守位/缩量/横住或小平台再突破条件尚未全部成立,2,2,1,1,1,1,8,False,True,True,,硬资格：最近25个交易日（含当日）至少一次按板块涨停价核验的实际涨停，且最新收盘价严格高于MA25、当日MA25严格高于前一交易日MA25；通过后再按方向/非极端波动/不过热排序,1,False,,,257,4,未入选：未满足一级粗筛最低资格条件
600521,华海药业,16.57,-0.005402160864345751,0.06765463917525771,0.04279421019509133,0.008520998174071925,,,,0.08414239482200653,-0.01836492890995256,0.07194719471947182,1.1695020931682578,26908886.2,15821478.5,1.7007820223628278,0.0126143117708942,0.01056700971437408,1.193744693329393,False,0.03617048185152427,0.011004300531242128,True,3,1,结构未成熟,-0.0758505298382599,0.5107913669064749,0.03117804468230756,16.206000000000003,0.022460816981364706,-0.0012818300589146903,,,,-0.001807228915662762,15.45,15.15,0.0724919093851133,0.09372937293729366,False,0,,沪深主板10%,4,1.2827988338192542,RETEST_STABILIZING,True,False,5,False,15.87,2026-09-16,2.650369223508937,0.6717516258371228,True,False,False,,0.04101926662523307,16.71,0.8573543182715928,突破后处于一周内确认窗，守位/缩量/横住或小平台再突破条件尚未全部成立,2,2,1,1,1,1,8,False,True,False,MA25未上扬,硬资格：最近25个交易日（含当日）至少一次按板块涨停价核验的实际涨停，且最新收盘价严格高于MA25、当日MA25严格高于前一交易日MA25；通过后再按方向/非极端波动/不过热排序,1,False,,,257,4,未入选：未满足一级粗筛最低资格条件
600522,中天科技,36.88,-0.0018944519621110212,0.06805676223573709,0.13442017840664433,0.08822661552080269,,,,0.12252042007001154,-0.04158004158004147,0.11682539682539682,1.0487481609253706,276070373.6,176519134.1,1.5639685465690263,0.08377552190545269,0.051507216445876886,1.6264812522626402,False,0.039484240687679195,0.03801091928581957,True,3,1,结构未成熟,-0.04158004158004147,0.7768479776847985,0.07064578404192012,34.1456,0.08008059603579976,0.0018660876709113428,,,,-0.0005420054200541147,34.28,32.66,0.07584597432905493,0.1292100428658911,False,0,,沪深主板10%,17,7.991619275665984,READY_FOR_BREAKOUT,False,False,3,False,37.25,,,,False,False,False,,,,,紧凑缩量平台形成，尚未出现放量突破,2,2,1,1,1,1,8,False,True,True,,硬资格：最近25个交易日（含当日）至少一次按板块涨停价核验的实际涨停，且最新收盘价严格高于MA25、当日MA25严格高于前一交易日MA25；通过后再按方向/非极端波动/不过热排序,1,False,,,257,4,未入选：未满足一级粗筛最低资格条件
600601,方正科技,15.36,0.00721311475409836,0.056396148555708514,0.06077348066298338,0.32987012987012965,,,,0.10027855153203352,-0.027848101265822822,0.28739495798319326,0.3489224453892395,206923891.8,258324042.7,0.801024518032599,0.04547381809439943,0.06325056130811695,0.7189472655093067,True,0.012435793457691302,0.024627483443708797,True,3,3,收敛较充分,-0.027848101265822822,0.9067796610169488,0.11235833001412177,13.453600000000002,0.1417018493191411,0.00664431940620136,,,,0.0006514657980456473,14.36,14.14,0.0696378830083566,0.08628005657708626,False,0,,沪深主板10%,17,7.155172413793109,INELIGIBLE,False,False,0,False,,,,,False,False,False,,,,,未形成合格的短周期缩量平台或呈N型走势,2,2,1,1,1,1,8,False,True,True,,硬资格：最近25个交易日（含当日）至少一次按板块涨停价核验的实际涨停，且最新收盘价严格高于MA25、当日MA25严格高于前一交易日MA25；通过后再按方向/非极端波动/不过热排序,1,False,,,257,4,未入选：未满足一级粗筛最低资格条件
600629,华建集团,16.8,0.012658227848101333,0.06194690265486735,-0.042735042735042694,0.035758323057953234,,,,0.06297229219143566,-0.10590739755188927,0.19681528662420383,0.31995630660373453,18443324.2,37052381.3,0.4977635324075649,0.014724447881495198,0.03394537197790027,0.43376893589739934,True,0.014964135542913759,-0.024227528089887707,False,3,2,部分收敛/待确认,-0.10590739755188927,0.38769230769230817,0.0026857654431511335,16.6776,0.00733918549431567,-0.000527375587304646,,,,0.0181818181818183,15.88,15.7,0.057934508816120944,0.07006369426751591,False,0,,沪深主板10%,17,9.345238095238106,INELIGIBLE,False,False,5,False,16.75,,,,False,False,True,,,,,未形成合格的短周期缩量平台或呈N型走势,2,2,1,1,1,1,8,False,True,False,MA25未上扬,硬资格：最近25个交易日（含当日）至少一次按板块涨停价核验的实际涨停，且最新收盘价严格高于MA25、当日MA25严格高于前一交易日MA25；通过后再按方向/非极端波动/不过热排序,1,False,,,257,4,未入选：未满足一级粗筛最低资格条件
600744,华银电力,6.54,-0.006079027355623157,-0.012084592145015116,0.04472843450479247,0.010819165378670892,,,,0.16065573770491812,-0.13377483443708604,0.2256493506493506,0.7119707512678387,120767645.2,119339802.8,1.0119645111396145,0.06986262870097527,0.05395221605562209,1.294898223067433,False,-0.034043812907045834,0.012764017626500701,False,3,1,结构未成熟,-0.13377483443708604,0.3034482758620692,0.007316134000770136,6.476800000000001,0.00975790513833985,-0.0013568521031206426,,,,-0.07234042553191489,6.1,6.1,0.0721311475409836,0.0721311475409836,False,0,,沪深主板10%,17,3.554868624420404,READY_FOR_BREAKOUT,False,False,4,False,6.62,,,,False,False,False,,,,,紧凑缩量平台形成，尚未出现放量突破,2,2,1,1,1,1,8,False,True,False,MA25未上扬,硬资格：最近25个交易日（含当日）至少一次按板块涨停价核验的实际涨停，且最新收盘价严格高于MA25、当日MA25严格高于前一交易日MA25；通过后再按方向/非极端波动/不过热排序,1,False,,,257,4,未入选：未满足一级粗筛最低资格条件
600746,江苏索普,7.18,-0.004160887656033285,0.037572254335260125,-0.03624161073825505,0.06528189910979232,,,,0.13353566009104703,-0.060209424083769614,0.11046511627906974,1.2088491334557945,14918640.0,14875933.9,1.0028708180802013,0.013483671946862065,0.013977677570636485,0.9646575318912636,True,0.01637460499856358,-0.0016813787305590688,True,3,2,部分收敛/待确认,-0.060209424083769614,0.6134453781512603,0.0028633284447239227,7.0532,0.017977655532240622,0.0025585626563566777,,,,-0.019125683060109422,6.59,6.59,0.08952959028831553,0.08952959028831553,False,0,,沪深主板10%,17,3.9244186046511587,RETEST_STABILIZING,True,False,4,False,7.08,2026-09-18,2.523858581421204,0.5462369640814561,True,False,False,,0.045714285714285756,,0.6807993551791369,突破后处于一周内确认窗，守位/缩量/横住或小平台再突破条件尚未全部成立,2,2,1,1,1,1,8,False,True,True,,硬资格：最近25个交易日（含当日）至少一次按板块涨停价核验的实际涨停，且最新收盘价严格高于MA25、当日MA25严格高于前一交易日MA25；通过后再按方向/非极端波动/不过热排序,1,False,,,257,4,未入选：未满足一级粗筛最低资格条件
600876,凯盛新能,8.1,-0.02877697841726623,-0.09899888765294773,0.12188365650969524,0.14084507042253525,,,,0.11332503113325033,-0.1709314227226203,0.39372325249643364,0.28782915516090035,23924127.0,12351523.2,1.9369373811320698,0.06983012636729972,0.023113589210231475,3.021171905936127,False,-0.05477591670439108,0.04276682781703234,False,3,1,结构未成熟,-0.1709314227226203,0.42214532871972316,0.040863531225906025,7.6324000000000005,0.061265132854672055,0.005109565950274009,,,,-0.09395973154362414,8.03,7.1,0.008717310087173136,0.14084507042253525,False,0,,沪深主板10%,17,1.865136298421799,READY_FOR_BREAKOUT,False,False,4,False,8.62,,,,False,False,False,,,,,紧凑缩量平台形成，尚未出现放量突破,2,2,1,1,1,1,8,False,True,True,,硬资格：最近25个交易日（含当日）至少一次按板块涨停价核验的实际涨停，且最新收盘价严格高于MA25、当日MA25严格高于前一交易日MA25；通过后再按方向/非极端波动/不过热排序,1,False,,,257,4,未入选：未满足一级粗筛最低资格条件
600962,国投中鲁,27.3,0.009988901220865598,0.06974921630094055,0.07947805456702262,0.04919292851652579,,,,0.0891089108910891,-0.0072727272727272085,0.06910569105691054,1.2894583576004663,5470654.0,4624097.6,1.183074942016795,0.0232072346592425,0.01763509248312416,1.3159689795474894,False,0.03355181023720344,0.01700626959247642,True,3,1,结构未成熟,-0.015861571737562974,0.8629283489096579,0.060977031596129105,25.688000000000002,0.06275303643724683,0.0018251875887245195,,,,0.026315789473684292,25.25,24.6,0.08118811881188126,0.10975609756097549,False,0,,沪深主板10%,4,1.0012014417300819,RETEST_STABILIZING,True,False,3,False,26.03,2026-09-18,1.292158700852794,0.9363339785632905,True,True,False,,0.05728565936178386,,0.9328983838830331,突破后处于一周内确认窗，守位/缩量/横住或小平台再突破条件尚未全部成立,2,2,1,1,1,1,8,False,True,True,,硬资格：最近25个交易日（含当日）至少一次按板块涨停价核验的实际涨停，且最新收盘价严格高于MA25、当日MA25严格高于前一交易日MA25；通过后再按方向/非极端波动/不过热排序,1,False,,,257,4,未入选：未满足一级粗筛最低资格条件
601138,工业富联,63.3,-0.004716981132075526,0.04111842105263164,-0.022393822393822482,0.052369077306733125,,,,0.07516556291390727,-0.05352870813397126,0.10399471772862326,0.7227825081467468,81927023.2,91516939.8,0.8952115682521982,0.0056040630837856,0.004611797732556809,1.2151580378783595,True,0.010224487162946883,-0.008514664143803086,True,3,3,收敛较充分,-0.06499261447562787,0.5083798882681559,0.0007430477605805397,62.89639999999999,0.0064169014442798655,-0.001840907503919964,,,,-0.010164190774042292,60.4,60.4,0.04801324503311255,0.04801324503311255,False,0,,沪深主板10%,4,0.48520135856380264,RETEST_STABILIZING,True,False,5,False,63.01,2026-09-21,1.2530759477805535,0.7898987532853077,True,False,False,,0.028996989383615883,,,突破后处于一周内确认窗，守位/缩量/横住或小平台再突破条件尚未全部成立,2,2,1,1,1,1,8,False,True,False,MA25未上扬,硬资格：最近25个交易日（含当日）至少一次按板块涨停价核验的实际涨停，且最新收盘价严格高于MA25、当日MA25严格高于前一交易日MA25；通过后再按方向/非极端波动/不过热排序,1,False,,,257,4,未入选：未满足一级粗筛最低资格条件
601886,江河集团,13.39,-0.012536873156342221,0.04202334630350202,0.01747720364741645,0.0014958863126404154,,,,0.10317460317460324,-0.057042253521126685,0.11707317073170727,0.8812830687830697,9854515.0,17143222.2,0.5748344672333536,0.00882331692318365,0.01513079526086646,0.5831363633611408,True,0.02901234567901234,0.003746463796926447,True,3,3,收敛较充分,-0.057042253521126685,0.5950000000000006,0.013357550989518296,13.181599999999998,0.015809916853796402,0.002006810994891639,,,,-0.01832844574780057,12.6,12.3,0.0626984126984127,0.0886178861788618,False,0,,沪深主板10%,13,6.196746707978318,READY_FOR_BREAKOUT,False,False,4,False,13.75,,,,False,False,False,,,,,紧凑缩量平台形成，尚未出现放量突破,2,2,1,1,1,1,8,False,True,True,,硬资格：最近25个交易日（含当日）至少一次按板块涨停价核验的实际涨停，且最新收盘价严格高于MA25、当日MA25严格高于前一交易日MA25；通过后再按方向/非极端波动/不过热排序,1,False,,,257,4,未入选：未满足一级粗筛最低资格条件
601999,出版传媒,7.19,0.03156384505021537,0.033045977011494365,-0.10349127182044882,0.17292006525285486,,,,0.12613981762917933,-0.10349127182044882,0.2689873417721518,0.46894332200965516,40177614.0,52434465.2,0.7662443747018516,0.0663764644508487,0.09878609640778625,0.6719211191102087,True,0.007821552723058955,-0.020679055470169128,False,3,2,部分收敛/待确认,-0.10349127182044882,0.6066350710900477,0.050555230859146816,6.6832,0.07583193679674416,0.005476319431907184,,,,0.0070028011204483764,6.58,6.58,0.09270516717325239,0.09270516717325239,False,0,,沪深主板10%,6,3.1563845050215367,INELIGIBLE,False,False,0,False,,,,,False,False,True,,,,,未形成合格的短周期缩量平台或呈N型走势,2,2,1,1,1,1,8,False,True,True,,硬资格：最近25个交易日（含当日）至少一次按板块涨停价核验的实际涨停，且最新收盘价严格高于MA25、当日MA25严格高于前一交易日MA25；通过后再按方向/非极端波动/不过热排序,1,False,,,257,4,未入选：未满足一级粗筛最低资格条件
603052,可川科技,59.23,-0.008038854463239042,0.0816289262235208,0.04425246826516216,0.041681322546605726,,,,0.13297872340425532,-0.041120284927958606,0.1589773164167627,0.8364635056214469,5654563.0,3961389.1,1.427419235338432,0.0341765809399343,0.020926667034719786,1.633159302588958,False,0.05571256977319283,0.01630550244316953,True,3,2,部分收敛/待确认,-0.041120284927958606,0.7394871794871788,0.028450378962173062,57.48440000000001,0.030366499432889382,-0.0007439958836862326,,,,-0.02678278015116664,54.52,52.02,0.08639031548055742,0.13860053825451746,True,1,2026-08-21,沪深主板10%,17,10.005369608018611,RETEST_STABILIZING,True,False,4,False,56.7,2026-09-16,1.2594953554918613,1.227463324200833,True,False,False,,0.05051020408163276,61.77,0.6898973970836856,突破后处于一周内确认窗，守位/缩量/横住或小平台再突破条件尚未全部成立,2,2,1,1,1,1,8,False,True,False,MA25未上扬,硬资格：最近25个交易日（含当日）至少一次按板块涨停价核验的实际涨停，且最新收盘价严格高于MA25、当日MA25严格高于前一交易日MA25；通过后再按方向/非极端波动/不过热排序,1,False,,,257,4,未入选：未满足一级粗筛最低资格条件
603090,宏盛股份,39.68,-0.009980039920159611,-0.013180800795821956,-0.051625239005736234,0.029045643153526868,,,,0.09034267912772577,-0.13720373994346602,0.43494539781591285,0.2077103921121671,7748026.4,10364672.6,0.7475418374527335,0.09287044,0.10771041555555555,0.8622233933551088,True,0.04942199596988006,-0.01984449639190966,False,3,2,部分收敛/待确认,-0.13720373994346602,0.5473457675753228,-0.0009693216007653493,39.2604,0.010687613982537147,-0.00014261702236029183,,,,-0.028641370869033067,38.52,32.05,0.030114226375908437,0.23806552262090497,True,2,2026-09-03,沪深主板10%,17,10.000000000000009,INELIGIBLE,False,False,5,False,40.9,,,,False,False,True,,,,,未形成合格的短周期缩量平台或呈N型走势,2,2,1,1,1,1,8,False,True,False,MA25未上扬,硬资格：最近25个交易日（含当日）至少一次按板块涨停价核验的实际涨停，且最新收盘价严格高于MA25、当日MA25严格高于前一交易日MA25；通过后再按方向/非极端波动/不过热排序,1,False,,,257,4,未入选：未满足一级粗筛最低资格条件
603110,东方材料,25.4,0.009538950715421324,0.02667744543249806,0.04785478547854782,0.03210077204388462,,,,0.06879606879606878,-0.058212829069336336,0.20833333333333326,0.33022113022113025,9442219.6,11713625.3,0.8060885813036891,0.047959496090542564,0.05884923491289524,0.814955303353205,True,0.034781188765512505,0.0043373296779736226,True,3,3,收敛较充分,-0.10877192982456141,0.49838187702265346,0.035825703974063705,24.6944,0.028573279771932025,-0.00385639370713986,,,,-0.025700038358266286,24.42,22.32,0.04013104013103996,0.13799283154121866,False,0,,沪深主板10%,17,4.261603375527434,READY_FOR_BREAKOUT,False,False,4,False,26.07,,,,False,False,False,,,,,紧凑缩量平台形成，尚未出现放量突破,2,2,1,1,1,1,8,False,True,False,MA25未上扬,硬资格：最近25个交易日（含当日）至少一次按板块涨停价核验的实际涨停，且最新收盘价严格高于MA25、当日MA25严格高于前一交易日MA25；通过后再按方向/非极端波动/不过热排序,1,False,,,257,4,未入选：未满足一级粗筛最低资格条件
603118,共进股份,18.2,-0.024128686327077764,0.12068965517241392,0.008869179600886845,0.11999999999999988,,,,0.17358958462492255,-0.038563127311146306,0.2045307443365696,0.8487212286250169,92144698.4,77098174.2,1.1951605774861527,0.1073919740118991,0.08591371238716594,1.2499980623342455,False,0.08270585377702222,0.018250546335124795,True,3,2,部分收敛/待确认,-0.11564625850340127,0.539651837524178,0.04077314576542568,17.356,0.048628716294076835,-0.001863311172965787,,,,-0.012479652740097658,16.13,15.45,0.12833230006199625,0.1779935275080906,True,2,2026-09-07,沪深主板10%,17,10.03076923076922,RETEST_STABILIZING,False,False,3,False,17.16,2026-09-18,1.264546629911227,1.1243734588472736,True,False,True,,0.05166666666666665,,0.6328821744583631,突破后处于一周内确认窗，守位/缩量/横住或小平台再突破条件尚未全部成立,2,2,1,1,1,1,8,False,True,False,MA25未上扬,硬资格：最近25个交易日（含当日）至少一次按板块涨停价核验的实际涨停，且最新收盘价严格高于MA25、当日MA25严格高于前一交易日MA25；通过后再按方向/非极端波动/不过热排序,1,False,,,257,4,未入选：未满足一级粗筛最低资格条件
603155,新亚强,15.29,-0.005204944697462577,0.09214285714285708,0.09920920201294026,0.14104477611940291,,,,0.16302765647743814,-0.04317897371714652,0.11050583657587548,1.4752854829120283,22777886.0,7938540.7,2.869278732802869,0.06013037109614574,0.017337189696252017,3.468288237576637,False,0.07259656047363983,0.034381068834064665,True,3,1,结构未成熟,-0.04317897371714652,0.7795527156549518,0.08524380722549507,14.0064,0.09164381996801452,0.0018024203930993021,,,,-0.01291155584247905,13.74,12.85,0.11280931586608434,0.18988326848249026,False,0,,沪深主板10%,17,4.2986425339366585,READY_FOR_BREAKOUT,False,False,3,False,15.49,,,,False,False,False,,,,,紧凑缩量平台形成，尚未出现放量突破,2,2,1,1,1,1,8,False,True,True,,硬资格：最近25个交易日（含当日）至少一次按板块涨停价核验的实际涨停，且最新收盘价严格高于MA25、当日MA25严格高于前一交易日MA25；通过后再按方向/非极端波动/不过热排序,1,False,,,257,4,未入选：未满足一级粗筛最低资格条件
603171,税友股份,41.8,0.0499874403416225,0.07926671830622256,-0.02700186219739298,0.01554907677356665,,,,0.1308016877637131,-0.11044903170887432,0.2340369393139843,0.5588933445597207,6304943.4,6768739.7,0.9314796667391421,0.0136497450048042,0.016676290866983627,0.8185120488530515,True,0.02652340911450235,-0.02644029372628265,False,3,2,部分收敛/待确认,-0.11044903170887432,0.42904290429042874,0.005000961723408359,41.7408,0.0014182766022692306,-0.002571185517247887,,,,0.04814443329989948,37.92,37.9,0.10232067510548504,0.1029023746701847,False,0,,沪深主板10%,4,4.99874403416225,BREAKOUT_AWAIT_RETEST,False,False,5,False,39.88,2026-09-22,2.4414087747648994,,False,False,True,,,,,首次放量突破，仅观察，等待缩量回踩确认,2,2,1,1,1,1,8,False,True,False,MA25未上扬,硬资格：最近25个交易日（含当日）至少一次按板块涨停价核验的实际涨停，且最新收盘价严格高于MA25、当日MA25严格高于前一交易日MA25；通过后再按方向/非极端波动/不过热排序,1,False,,,257,4,未入选：未满足一级粗筛最低资格条件
603203,快克智能,46.99,-0.018997912317327725,0.07063112326270216,0.07799954117916941,0.10150023441162692,,,,0.11415525114155252,-0.0370901639344261,0.12383062530773022,0.9218660638906286,9846179.8,7694337.3,1.2796657354753607,0.0390440543989496,0.02358525646948492,1.655443282945241,False,0.05247879530094801,0.031125189367855688,True,3,2,部分收敛/待确认,-0.0370901639344261,0.7787286063569688,0.06546039951930727,43.873599999999996,0.07103132635571296,0.00025534398482518483,,,,-0.020429435063581303,43.8,40.85,0.07283105022831071,0.15030599755201957,False,0,,沪深主板10%,4,0.18700327255727345,RETEST_STABILIZING,True,False,3,False,45.9,2026-09-18,1.787104072017279,0.8415342634083397,True,False,False,,0.04496788008565298,,0.7803504935500742,突破后处于一周内确认窗，守位/缩量/横住或小平台再突破条件尚未全部成立,2,2,1,1,1,1,8,False,True,True,,硬资格：最近25个交易日（含当日）至少一次按板块涨停价核验的实际涨停，且最新收盘价严格高于MA25、当日MA25严格高于前一交易日MA25；通过后再按方向/非极端波动/不过热排序,1,False,,,257,4,未入选：未满足一级粗筛最低资格条件
603206,嘉环科技,14.08,0.02549162418062645,0.02400000000000002,0.010043041606886627,0.023255813953488413,,,,0.05776444111027754,-0.02018093249826025,0.090288315629742,0.6397775914566876,3069550.4,2577241.5,1.1910216407736722,0.0077922676720419,0.008444435128876819,0.922769558072067,True,0.01242052343634481,-0.00351108185209581,True,3,3,收敛较充分,-0.02560553633217988,0.7086614173228352,0.019366515837104137,13.7788,0.021859668476209793,-0.00037724898432967,,,,0.02400000000000002,13.33,13.18,0.05626406601650413,0.06828528072837625,False,0,,沪深主板10%,4,2.549162418062645,READY_FOR_BREAKOUT,False,False,4,False,13.75,,,,False,False,False,,,,,紧凑缩量平台形成，尚未出现放量突破,2,2,1,1,1,1,8,False,True,False,MA25未上扬,硬资格：最近25个交易日（含当日）至少一次按板块涨停价核验的实际涨停，且最新收盘价严格高于MA25、当日MA25严格高于前一交易日MA25；通过后再按方向/非极端波动/不过热排序,1,False,,,257,4,未入选：未满足一级粗筛最低资格条件
603207,上海小方制药,25.35,0.011168727562824055,0.06647034076567104,-0.026497695852534475,0.08658379768538382,,,,0.11029411764705885,-0.09269863994273442,0.19350704826997014,0.5699746786131671,3741200.4,7593308.3,0.49269702377289226,0.047041362933054866,0.14834099081597374,0.31711641316601835,True,0.02490983812798797,-0.00851740158122094,True,3,3,收敛较充分,-0.09269863994273442,0.5358422939068103,0.029420722421879875,24.491600000000002,0.03504875140864616,0.0029648800943520293,,,,0.035539215686274606,23.12,23.12,0.0964532871972319,0.0964532871972319,False,0,,沪深主板10%,6,7.604078164825823,RETEST_STABILIZING,True,False,5,False,24.33,2026-09-21,1.9942530036148267,1.108453509683558,True,True,False,,0.04732762137902897,,,突破后处于一周内确认窗，守位/缩量/横住或小平台再突破条件尚未全部成立,2,2,1,1,1,1,8,False,True,True,,硬资格：最近25个交易日（含当日）至少一次按板块涨停价核验的实际涨停，且最新收盘价严格高于MA25、当日MA25严格高于前一交易日MA25；通过后再按方向/非极端波动/不过热排序,1,False,,,257,4,未入选：未满足一级粗筛最低资格条件
603217,元利科技,28.44,0.010301953818827814,0.04867256637168138,-0.046916890080428875,0.0017611835153223954,,,,0.08022388059701487,-0.07632348164988623,0.17072243346007598,0.4699082538310672,2858332.0,4086406.8,0.6994731899917551,0.0139719618083922,0.019535969466705324,0.7151916280481638,True,0.015272195834855617,-0.015002143163309056,False,3,2,部分收敛/待确认,-0.07632348164988623,0.5773381294964032,-0.007503053568312379,28.246399999999998,0.006853970771496742,0.0023705091626564645,,,,0.0017611835153223954,26.8,26.3,0.06119402985074629,0.08136882129277567,False,0,,沪深主板10%,3,2.3183925811437467,READY_FOR_BREAKOUT,False,False,5,False,28.49,,,,False,False,False,,,,,紧凑缩量平台形成，尚未出现放量突破,2,2,1,1,1,1,8,False,True,True,,硬资格：最近25个交易日（含当日）至少一次按板块涨停价核验的实际涨停，且最新收盘价严格高于MA25、当日MA25严格高于前一交易日MA25；通过后再按方向/非极端波动/不过热排序,1,False,,,257,4,未入选：未满足一级粗筛最低资格条件
603259,药明康德,167.85,-0.0006549178375804265,0.07136018382587617,0.07355292612727848,0.042546583850931574,,,,0.10380399742101866,-0.019567757009345765,0.06666666666666679,1.557059961315277,38869179.8,31298347.1,1.241892412906367,0.0151257885395329,0.01265458985111706,1.1952808204366814,False,0.03699504439660117,0.0207859903195573,True,3,1,结构未成熟,-0.03312211981566815,0.7594142259414226,0.06607979878815606,158.3792,0.05979825633669056,0.00016924277750129946,,,,0.020054694621695512,155.1,149.7,0.08220502901353965,0.12124248496993983,False,0,,沪深主板10%,4,2.378048780487818,RETEST_STABILIZING,True,False,4,False,162.46,2026-09-21,1.551028727262932,0.7217525901769967,True,False,False,,0.03419113205267607,,,突破后处于一周内确认窗，守位/缩量/横住或小平台再突破条件尚未全部成立,2,2,1,1,1,1,8,False,True,True,,硬资格：最近25个交易日（含当日）至少一次按板块涨停价核验的实际涨停，且最新收盘价严格高于MA25、当日MA25严格高于前一交易日MA25；通过后再按方向/非极端波动/不过热排序,1,False,,,257,4,未入选：未满足一级粗筛最低资格条件
603270,金帝精密科技股份,36.88,-0.009401020682245353,0.06991586887148249,0.11757575757575767,0.30318021201413425,,,,0.12011834319526635,-0.04083224967490251,0.36347517730496465,0.33047192957136684,9916533.2,17548525.5,0.5650921041770717,0.14416660319122826,0.2520101661465464,0.5720666169768482,True,0.0747542527517806,0.032315551859332325,True,3,3,收敛较充分,-0.04083224967490251,0.8631211857018308,0.12329434697855746,31.836399999999998,0.1584224346973906,0.008540618624631069,,,,-0.013903743315507922,33.8,29.79,0.09112426035502974,0.23799932863376982,False,0,,沪深主板10%,4,0.5048683736025961,READY_FOR_BREAKOUT,False,False,4,False,37.7,,,,False,False,False,,,,,紧凑缩量平台形成，尚未出现放量突破,2,2,1,1,1,1,8,False,True,True,,硬资格：最近25个交易日（含当日）至少一次按板块涨停价核验的实际涨停，且最新收盘价严格高于MA25、当日MA25严格高于前一交易日MA25；通过后再按方向/非极端波动/不过热排序,1,False,,,257,4,未入选：未满足一级粗筛最低资格条件
603306,华懋科技,83.45,-0.015571546537690106,0.07914134229923708,0.10019775873434411,0.14189928845101263,,,,0.11979166666666671,-0.029651162790697683,0.11519504295169683,1.0399029645476787,11209931.8,9015209.6,1.2434466082740885,0.03456618028813483,0.027529930585608358,1.2555854501937889,False,0.05597320241382864,0.03719207019824533,True,3,1,结构未成熟,-0.029651162790697683,0.8447961046865492,0.07356734399825049,76.7736,0.08696218491773222,0.0032669660078721297,,,,-0.01242603550295851,76.8,72.22,0.08658854166666674,0.15549709221822217,False,0,,沪深主板10%,6,5.947796320068477,RETEST_STABILIZING,True,False,4,False,78.8,2026-09-16,1.3691739366927842,0.8223304796860916,True,False,False,,0.07231920199501243,85.69,0.8521832342852251,突破后处于一周内确认窗，守位/缩量/横住或小平台再突破条件尚未全部成立,2,2,1,1,1,1,8,False,True,True,,硬资格：最近25个交易日（含当日）至少一次按板块涨停价核验的实际涨停，且最新收盘价严格高于MA25、当日MA25严格高于前一交易日MA25；通过后再按方向/非极端波动/不过热排序,1,False,,,257,4,未入选：未满足一级粗筛最低资格条件
603387,XD基蛋生物,10.09,0.015090543259557387,0.12863534675615207,0.06772486772486785,0.08029978586723763,,,,0.15298087739032615,-0.01560975609756099,0.0779661016949152,1.962146036093315,12477310.0,5890548.1,2.1181916840641706,0.016293790189766098,0.011920088225803722,1.366918589955946,False,0.0514285714285716,0.01641482769866287,True,3,1,结构未成熟,-0.01560975609756099,0.8857142857142857,0.07776116214484086,9.3632,0.07762303485987676,0.00287048541193613,,,,0.05213764337851923,8.89,8.85,0.1349831271091113,0.14011299435028257,False,0,,沪深主板10%,6,4.324324324324325,RETEST_STABILIZING,True,False,5,False,9.28,2026-09-17,2.1259106897503277,1.4898250769286658,True,True,False,,0.10215053763440851,9.98,1.3721583467474143,突破后处于一周内确认窗，守位/缩量/横住或小平台再突破条件尚未全部成立,2,2,1,1,1,1,8,False,True,True,,硬资格：最近25个交易日（含当日）至少一次按板块涨停价核验的实际涨停，且最新收盘价严格高于MA25、当日MA25严格高于前一交易日MA25；通过后再按方向/非极端波动/不过热排序,1,False,,,257,4,未入选：未满足一级粗筛最低资格条件
603459,红板科技,89.8,-0.01965065502183405,-0.0021113457050783158,0.02769512474250413,0.031709558823529216,,,,0.06346483704974268,-0.05443824365589134,0.12259615384615388,0.5176739649547637,11123688.6,10193120.6,1.0912937300084529,0.1234606908290504,0.12894220145970509,0.9574886222772636,True,0.002272119754076485,0.009797282044336164,True,3,3,收敛较充分,-0.09812192427437982,0.4501969611705122,0.00846187104490359,88.6024,0.013516563885402677,-0.002256685600003583,,,,-0.027928122970339864,87.45,83.2,0.02687249857061169,0.0793269230769229,False,0,,沪深主板10%,4,0.46189376443419583,READY_FOR_BREAKOUT,False,False,4,False,92.38,,,,False,False,False,,,,,紧凑缩量平台形成，尚未出现放量突破,2,2,1,1,1,1,8,False,True,False,MA25未上扬,硬资格：最近25个交易日（含当日）至少一次按板块涨停价核验的实际涨停，且最新收盘价严格高于MA25、当日MA25严格高于前一交易日MA25；通过后再按方向/非极端波动/不过热排序,1,False,,,257,4,未入选：未满足一级粗筛最低资格条件
603533,掌阅科技,23.7,0.008510638297872353,0.005515485787017438,-0.04087414002428169,0.13397129186602874,,,,0.06255468066491687,-0.08139534883720934,0.11688311688311684,0.5351900456887334,24158984.4,44317174.8,0.5451381887276804,0.05092760883849464,0.10508946367772276,0.48461193973426336,True,-0.01997659645603489,-0.012388791884925698,False,3,2,部分收敛/待确认,-0.08139534883720934,0.6416382252559725,0.013123583978112974,22.877999999999997,0.03592971413585122,0.0039142034683701254,,,,-0.024289831206257717,22.86,22.86,0.036745406824147064,0.036745406824147064,False,0,,沪深主板10%,6,3.3119130004943154,READY_FOR_BREAKOUT,False,False,5,False,24.25,,,,False,False,False,,,,,紧凑缩量平台形成，尚未出现放量突破,2,2,1,1,1,1,8,False,True,True,,硬资格：最近25个交易日（含当日）至少一次按板块涨停价核验的实际涨停，且最新收盘价严格高于MA25、当日MA25严格高于前一交易日MA25；通过后再按方向/非极端波动/不过热排序,1,False,,,257,4,未入选：未满足一级粗筛最低资格条件
603601,再升科技,10.45,-0.019699812382739323,0.01554907677356665,0.16111111111111098,0.16111111111111098,,,,0.10101010101010101,-0.046532846715328646,0.23562570462232263,0.42868880189454317,135942897.0,120918555.1,1.124251748522589,0.1109062646059991,0.09805156259445952,1.1311014498025547,False,-0.005968425105891573,0.04293289822557611,True,3,2,部分收敛/待确认,-0.046532846715328646,0.7909836065573765,0.08351910415262576,9.496,0.10046335299073283,0.001899134838573513,,,,-0.024276377217553824,9.9,8.91,0.05555555555555536,0.17283950617283939,False,0,,沪深主板10%,17,3.2110091743119185,INELIGIBLE,False,False,0,False,,,,,False,False,False,,,,,未形成合格的短周期缩量平台或呈N型走势,2,2,1,1,1,1,8,False,True,True,,硬资格：最近25个交易日（含当日）至少一次按板块涨停价核验的实际涨停，且最新收盘价严格高于MA25、当日MA25严格高于前一交易日MA25；通过后再按方向/非极端波动/不过热排序,1,False,,,257,4,未入选：未满足一级粗筛最低资格条件
603688,石英股份,49.31,-0.02837438423645311,0.023029045643153445,0.05228339735381993,0.05588865096359741,,,,0.08775981524249421,-0.09105990783410134,0.14651685393258435,0.598974199124385,17482602.0,14731391.8,1.1867583346741208,0.0328840981108622,0.02719583210025974,1.2091594767033487,False,0.02886615090258715,0.02378236809867751,True,3,2,部分收敛/待确认,-0.09105990783410134,0.49333333333333357,0.018233629999793388,48.2628,0.02169787082390595,-0.0018117740494391077,,,,-0.016749750747756642,47.63,44.95,0.035271887465882834,0.09699666295884324,False,0,,沪深主板10%,4,0.8008429926237959,INELIGIBLE,False,False,0,False,,,,,False,False,False,,,,,未形成合格的短周期缩量平台或呈N型走势,2,2,1,1,1,1,8,False,True,False,MA25未上扬,硬资格：最近25个交易日（含当日）至少一次按板块涨停价核验的实际涨停，且最新收盘价严格高于MA25、当日MA25严格高于前一交易日MA25；通过后再按方向/非极端波动/不过热排序,1,False,,,257,4,未入选：未满足一级粗筛最低资格条件
603693,江苏新能,12.11,-0.029647435897436014,-0.08534743202416928,0.06508355321020232,0.07644444444444431,,,,0.11867219917012445,-0.1016320474777449,0.1938958707360862,0.6120408790533269,18092010.8,14010725.5,1.2912972136953222,0.0244311351044816,0.01571632594254817,1.5545067717347463,False,-0.022002200220021972,0.026787195223088256,False,3,1,结构未成熟,-0.1016320474777449,0.4519999999999996,0.02392829965333565,11.709200000000001,0.034229494756259804,0.0017795421101263198,,,,-0.08947368421052637,12.05,11.3,0.004979253112033177,0.07168141592920341,False,0,,沪深主板10%,17,1.5178571428571486,READY_FOR_BREAKOUT,False,False,4,False,12.61,,,,False,False,False,,,,,紧凑缩量平台形成，尚未出现放量突破,2,2,1,1,1,1,8,False,True,True,,硬资格：最近25个交易日（含当日）至少一次按板块涨停价核验的实际涨停，且最新收盘价严格高于MA25、当日MA25严格高于前一交易日MA25；通过后再按方向/非极端波动/不过热排序,1,False,,,257,4,未入选：未满足一级粗筛最低资格条件
603738,泰晶科技,37.86,-0.018408089188488463,0.058133035215204076,0.06768189509306266,0.0042440318302385815,,,,0.1087570621468927,-0.11314125087842586,0.11164322059263707,0.9741483770315498,26705501.2,23551527.9,1.1339179909427448,0.077304130396639,0.0610321101052946,1.266614086638515,False,0.04583333333333339,0.02340163475534629,True,3,2,部分收敛/待确认,-0.11314125087842586,0.47952586206896575,0.020663997735452355,37.012,0.022911488166000193,-0.002189080478362637,,,,-0.01662337662337665,35.4,33.41,0.06949152542372894,0.133193654594433,False,0,,沪深主板10%,4,1.1977715877437234,RETEST_STABILIZING,True,False,4,False,36.35,2026-09-16,1.351344687086404,0.8570774387316166,True,False,False,,0.07563716086599062,39.19,0.9602254364080859,突破后处于一周内确认窗，守位/缩量/横住或小平台再突破条件尚未全部成立,2,2,1,1,1,1,8,False,True,False,MA25未上扬,硬资格：最近25个交易日（含当日）至少一次按板块涨停价核验的实际涨停，且最新收盘价严格高于MA25、当日MA25严格高于前一交易日MA25；通过后再按方向/非极端波动/不过热排序,1,False,,,257,4,未入选：未满足一级粗筛最低资格条件
603757,XD大元泵业,68.7,-0.019691780821917693,0.08702531645569622,-0.03456998313659354,0.03917712902737858,,,,0.1301587301587302,-0.14017521902377972,0.29960962914769046,0.4344277269358702,8003101.8,11853564.5,0.6751641499904945,0.0486884291341959,0.06354188511555667,0.7662414963870144,True,0.050803137840866874,-0.013972234661889682,False,3,2,部分收敛/待确认,-0.14017521902377972,0.5134665508253692,0.00725753243897076,66.87639999999999,0.027268214198132856,0.002843141371305702,,,,0.002188183807440014,63.0,61.48,0.0904761904761906,0.11743656473649988,False,0,,沪深主板10%,4,3.3322952351292345,RETEST_STABILIZING,True,False,5,False,65.16,2026-09-17,1.348735660494895,0.9276082897983965,True,False,False,,0.10029361767887512,71.2,0.8347766238860352,突破后处于一周内确认窗，守位/缩量/横住或小平台再突破条件尚未全部成立,2,2,1,1,1,1,8,False,True,True,,硬资格：最近25个交易日（含当日）至少一次按板块涨停价核验的实际涨停，且最新收盘价严格高于MA25、当日MA25严格高于前一交易日MA25；通过后再按方向/非极端波动/不过热排序,1,False,,,257,4,未入选：未满足一级粗筛最低资格条件
603797,联泰环保,4.95,0.010204081632652962,0.0807860262008735,0.008146639511201537,0.044303797468354444,,,,0.11659192825112118,-0.01980198019801971,0.10745614035087725,1.085018760867576,8320005.6,9200616.0,0.904287886811057,0.010281019727438266,0.016047676111505867,0.6406547375458916,True,0.02194492254733227,-0.00021052631578954983,True,3,2,部分收敛/待确认,-0.01980198019801971,0.8305084745762717,0.03534825350345128,4.7824,0.03504516560722659,-0.0003344481605350724,,,,0.03773584905660399,4.46,4.46,0.10986547085201792,0.10986547085201792,False,0,,沪深主板10%,17,2.5052192066805867,RETEST_STABILIZING,False,False,5,False,4.77,2026-09-21,1.9696682773117349,0.7148874410159471,True,True,True,,0.033195020746887995,,,突破后处于一周内确认窗，守位/缩量/横住或小平台再突破条件尚未全部成立,2,2,1,1,1,1,8,False,True,False,MA25未上扬,硬资格：最近25个交易日（含当日）至少一次按板块涨停价核验的实际涨停，且最新收盘价严格高于MA25、当日MA25严格高于前一交易日MA25；通过后再按方向/非极端波动/不过热排序,1,False,,,257,4,未入选：未满足一级粗筛最低资格条件
603931,格林达,35.91,0.0022327658386827043,0.05307917888563041,0.06494661921708178,0.023660205245153776,,,,0.0903454384410984,-0.049497088406564416,0.11037318153067674,0.818545204443419,4771814.0,3560882.7,1.3400649226665062,0.0225882420973752,0.0178438144266354,1.2658864050759129,False,0.04793398103710644,0.019633894301742005,True,3,2,部分收敛/待确认,-0.10560398505603985,0.5029308323563888,0.03449765934461646,34.842400000000005,0.030640828415952726,-0.003272610765287287,,,,-0.017778993435448753,33.87,31.62,0.060230292294065624,0.1356736242884249,False,0,,沪深主板10%,4,0.22327658386827043,READY_FOR_BREAKOUT,False,False,4,False,36.56,,,,False,False,False,,,,,紧凑缩量平台形成，尚未出现放量突破,2,2,1,1,1,1,8,False,True,False,MA25未上扬,硬资格：最近25个交易日（含当日）至少一次按板块涨停价核验的实际涨停，且最新收盘价严格高于MA25、当日MA25严格高于前一交易日MA25；通过后再按方向/非极端波动/不过热排序,1,False,,,257,4,未入选：未满足一级粗筛最低资格条件
603938,三孚股份,49.25,-0.021847070506454846,-0.07372578521722783,0.10848525770875539,0.18417888915604697,,,,0.12597137014314935,-0.10552124954594988,0.3803680981595093,0.33118279569892484,30013700.4,28195154.0,1.0644985446789899,0.09074666312683403,0.06735540191452445,1.3472811466850667,False,-0.01080573173596433,0.05429231388671063,False,3,1,结构未成熟,-0.10552124954594988,0.6359649122807016,0.061159410921862056,45.6368,0.07917294814710929,0.002416159273219254,,,,-0.08796296296296291,48.9,43.69,0.007157464212679043,0.12726024261844815,False,0,,沪深主板10%,6,0.4346776141028963,READY_FOR_BREAKOUT,False,False,4,False,52.18,,,,False,False,False,,,,,紧凑缩量平台形成，尚未出现放量突破,2,2,1,1,1,1,8,False,True,True,,硬资格：最近25个交易日（含当日）至少一次按板块涨停价核验的实际涨停，且最新收盘价严格高于MA25、当日MA25严格高于前一交易日MA25；通过后再按方向/非极端波动/不过热排序,1,False,,,257,4,未入选：未满足一级粗筛最低资格条件
603995,甬金股份,25.95,-0.02699662542182235,0.03675589292848569,0.06790123456790109,0.060482223130363666,,,,0.0945171849427168,-0.029906542056074792,0.11368511368511379,0.8313945588734817,4654750.6,4441218.7,1.0480795732936996,0.012409866811443902,0.012565603235556413,0.9876061322967903,True,0.042776432606941084,0.023651266158300377,True,3,3,收敛较充分,-0.07222023596710758,0.5665236051502147,0.03810381038103805,25.048000000000002,0.03601085915043112,-0.0025168052502468896,,,,-0.020385050962627327,24.44,23.31,0.061783960720130926,0.11325611325611318,False,0,,沪深主板10%,14,2.2819885900570602,READY_FOR_BREAKOUT,False,False,4,False,26.72,,,,False,False,False,,,,,紧凑缩量平台形成，尚未出现放量突破,2,2,1,1,1,1,8,False,True,False,MA25未上扬,硬资格：最近25个交易日（含当日）至少一次按板块涨停价核验的实际涨停，且最新收盘价严格高于MA25、当日MA25严格高于前一交易日MA25；通过后再按方向/非极端波动/不过热排序,1,False,,,257,4,未入选：未满足一级粗筛最低资格条件
603999,读者传媒,6.82,0.030211480362537735,0.08598726114649691,-0.06447187928669407,0.19439579684763575,,,,0.13300492610837447,-0.06447187928669407,0.256896551724138,0.5177372962607864,24555124.6,29006471.5,0.8465395248091448,0.0400178373842592,0.04967457851080242,0.8055999383176804,True,0.02682470368059886,0.0006134028523234747,True,3,3,收敛较充分,-0.06447187928669407,0.743169398907104,0.08590080407610867,6.1424,0.11031518624641823,0.007281075762545219,,,,0.020958083832335328,6.09,5.98,0.11986863711001638,0.14046822742474907,False,0,,沪深主板10%,6,3.4420289855072506,BREAKOUT_AWAIT_RETEST,True,False,3,False,6.68,2026-09-22,1.3590855003349536,,False,False,False,,,,,首次放量突破，仅观察，等待缩量回踩确认,2,2,1,1,1,1,8,False,True,True,,硬资格：最近25个交易日（含当日）至少一次按板块涨停价核验的实际涨停，且最新收盘价严格高于MA25、当日MA25严格高于前一交易日MA25；通过后再按方向/非极端波动/不过热排序,1,False,,,257,4,未入选：未满足一级粗筛最低资格条件
605011,杭州热电,18.32,-0.013462574044157294,-0.024494142705005384,0.07511737089201875,0.10096153846153855,,,,0.11747851002865334,-0.12470138557095078,0.2677165354330707,0.43881678745997005,13706746.0,12406694.7,1.1047862731723381,0.040490309922519306,0.023474941542392134,1.7248311289465847,False,-0.031823485732470624,0.02270582357186468,False,3,1,结构未成熟,-0.12470138557095078,0.4263736263736266,0.038961038961039085,17.46,0.049255441008018375,0.0022962112514350874,,,,-0.060512820512820475,17.45,16.87,0.04985673352435538,0.08595139300533483,False,0,,沪深主板10%,17,2.934272300469476,READY_FOR_BREAKOUT,False,False,4,False,18.69,,,,False,False,False,,,,,紧凑缩量平台形成，尚未出现放量突破,2,2,1,1,1,1,8,False,True,True,,硬资格：最近25个交易日（含当日）至少一次按板块涨停价核验的实际涨停，且最新收盘价严格高于MA25、当日MA25严格高于前一交易日MA25；通过后再按方向/非极端波动/不过热排序,1,False,,,257,4,未入选：未满足一级粗筛最低资格条件
605068,明新旭腾,20.7,-0.012875536480686622,0.07924921793534923,-0.051329055912007426,0.17613636363636354,,,,0.14049145299145313,-0.13750000000000007,0.26182965299684546,0.536575790340851,6188810.0,8455145.6,0.7319578269592425,0.0261574361872799,0.05212836275783441,0.5017889456608472,True,0.026332094175960163,-0.017804300651016014,False,3,2,部分收敛/待确认,-0.13750000000000007,0.5534506089309877,0.03443106291539633,19.4516,0.06417981040120102,0.004793685559022043,,,,0.03499999999999992,18.72,18.72,0.10576923076923084,0.10576923076923084,False,0,,沪深主板10%,4,0.57591623036648,RETEST_STABILIZING,False,False,5,False,19.89,2026-09-21,3.229947329707758,0.770986048170623,True,False,True,,0.04874446085672093,,,突破后处于一周内确认窗，守位/缩量/横住或小平台再突破条件尚未全部成立,2,2,1,1,1,1,8,False,True,True,,硬资格：最近25个交易日（含当日）至少一次按板块涨停价核验的实际涨停，且最新收盘价严格高于MA25、当日MA25严格高于前一交易日MA25；通过后再按方向/非极端波动/不过热排序,1,False,,,257,4,未入选：未满足一级粗筛最低资格条件
605069,正和生态,12.15,0.0008237232289949326,-0.016990291262135804,0.14406779661016955,0.11570247933884303,,,,0.17340521114106017,-0.11892675852066703,0.32851637764932545,0.5278434286346644,18790420.2,6562733.9,2.863200075809869,0.1003806316128016,0.03100048551288994,3.2380341775958166,False,0.002273834659737073,0.040967854647099955,True,3,2,部分收敛/待确认,-0.11892675852066703,0.5519125683060111,0.07517366488208488,11.1412,0.09054679926758347,0.004834229229048637,,,,-0.059597523219814263,11.13,10.38,0.09164420485175206,0.17052023121387272,False,0,,沪深主板10%,17,4.31034482758621,READY_FOR_BREAKOUT,False,False,3,False,12.92,,,,False,False,False,,,,,紧凑缩量平台形成，尚未出现放量突破,2,2,1,1,1,1,8,False,True,True,,硬资格：最近25个交易日（含当日）至少一次按板块涨停价核验的实际涨停，且最新收盘价严格高于MA25、当日MA25严格高于前一交易日MA25；通过后再按方向/非极端波动/不过热排序,1,False,,,257,4,未入选：未满足一级粗筛最低资格条件
605167,利柏特,16.44,-0.03237198351971726,0.005504587155963359,-0.0024271844660194164,0.133793103448276,,,,0.06811145510835923,-0.07118644067796598,0.22491349480968859,0.3028340080971664,5610093.0,10816009.2,0.5186841926872622,0.010881573573897333,0.02352623326492364,0.462529358242876,True,0.003143893591293967,0.008216176739090697,True,3,3,收敛较充分,-0.07118644067796598,0.651933701657459,0.029655841919018044,15.738400000000002,0.044578864433487464,0.004878048780487809,,,,-0.04695652173913034,16.15,16.04,0.017956656346749478,0.02493765586034935,False,0,,沪深主板10%,17,7.692307692307687,READY_FOR_BREAKOUT,False,False,5,False,17.03,,,,False,False,False,,,,,紧凑缩量平台形成，尚未出现放量突破,2,2,1,1,1,1,8,False,True,True,,硬资格：最近25个交易日（含当日）至少一次按板块涨停价核验的实际涨停，且最新收盘价严格高于MA25、当日MA25严格高于前一交易日MA25；通过后再按方向/非极端波动/不过热排序,1,False,,,257,4,未入选：未满足一级粗筛最低资格条件
605388,均瑶健康,6.27,0.03294892915980219,0.08477508650519017,-0.03834355828220859,0.02786885245901649,,,,0.17081850533807827,-0.06417910447761199,0.16521739130434784,1.033901479677842,8639964.0,9580566.0,0.9018218756595383,0.009557434780388233,0.01520036218402864,0.6287636218583293,True,0.01150592216582047,-0.016278691193228,False,3,1,结构未成熟,-0.06417910447761199,0.6018518518518513,0.022171503097489387,6.1052,0.0269933826901656,-0.00026200301303458406,,,,0.043261231281197965,5.62,5.62,0.11565836298932375,0.11565836298932375,False,0,,沪深主板10%,17,5.016181229773475,INELIGIBLE,False,False,0,False,,,,,False,False,True,,,,,未形成合格的短周期缩量平台或呈N型走势,2,2,1,1,1,1,8,False,True,False,MA25未上扬,硬资格：最近25个交易日（含当日）至少一次按板块涨停价核验的实际涨停，且最新收盘价严格高于MA25、当日MA25严格高于前一交易日MA25；通过后再按方向/非极端波动/不过热排序,1,False,,,257,4,未入选：未满足一级粗筛最低资格条件
605488,福莱新材,30.0,-0.008592200925313986,0.0714285714285714,0.0010010010010010895,0.0003334444814939719,,,,0.12355491329479774,-0.03536977491961424,0.15180902648265573,0.8138838391728568,7686527.8,8210024.1,0.9362369350413966,0.030865662221419,0.02497212693780777,1.2360045381111862,True,0.04188991719434987,0.011145233083744488,True,3,3,收敛较充分,-0.05063291139240511,0.6659707724425886,0.029159519725557415,29.1704,0.028439788278529,-0.0013420245398773067,,,,-0.019607843137254943,27.68,27.13,0.08381502890173409,0.10578695171396979,True,1,2026-09-07,沪深主板10%,17,9.992652461425422,READY_FOR_BREAKOUT,False,False,4,False,30.9,,,,False,False,False,,,,,紧凑缩量平台形成，尚未出现放量突破,2,2,1,1,1,1,8,False,True,False,MA25未上扬,硬资格：最近25个交易日（含当日）至少一次按板块涨停价核验的实际涨停，且最新收盘价严格高于MA25、当日MA25严格高于前一交易日MA25；通过后再按方向/非极端波动/不过热排序,1,False,,,257,4,未入选：未满足一级粗筛最低资格条件
605589,圣泉集团,40.58,-0.0102439024390244,0.02474747474747474,0.0548479334546399,0.08764406325381935,,,,0.0795454545454545,-0.05076023391812867,0.10624315443592539,0.7487113402061861,40780759.0,22254521.4,1.8324707266003035,0.0431440446263626,0.026308099773874515,1.6399529041321017,False,0.030066478646253003,0.023697535147916948,True,3,2,部分收敛/待确认,-0.07520510483135834,0.588528678304239,0.032412354347936656,39.0548,0.039052818091502184,-0.002085015484306174,,,,-0.032657926102503065,39.6,36.71,0.02474747474747474,0.1054208662489784,False,0,,沪深主板10%,4,-0.5213764337852034,READY_FOR_BREAKOUT,False,False,3,False,41.87,,,,False,False,False,,,,,紧凑缩量平台形成，尚未出现放量突破,2,2,1,1,1,1,8,False,True,False,MA25未上扬,硬资格：最近25个交易日（含当日）至少一次按板块涨停价核验的实际涨停，且最新收盘价严格高于MA25、当日MA25严格高于前一交易日MA25；通过后再按方向/非极端波动/不过热排序,1,False,,,257,4,未入选：未满足一级粗筛最低资格条件
688003,天准科技,81.85,-0.0042579075425791535,0.03476611883691527,0.01790822037060069,0.0006112469437653534,,,,0.08446552166111258,-0.04100761570005862,0.1597222222222222,0.5288276138782702,3693321.4,4082411.1,0.9046912007465392,0.01965728244036277,0.020441563653607556,0.9616330126924328,True,0.03422416830238051,0.014949893215048471,True,3,3,收敛较充分,-0.1263742128295443,0.4541263254956199,0.02168187435247715,80.8188,0.012759407464599803,-0.004115692865803822,,,,-0.03147556502189097,78.02,72.0,0.04908997692899253,0.1368055555555554,False,0,,科创板20%,17,7.319024130115981,RETEST_STABILIZING,True,False,3,False,83.1,2026-09-18,1.3633016812656669,0.7777211751856911,False,False,False,,0.039434889434889354,,0.8048545875932915,突破后处于一周内确认窗，守位/缩量/横住或小平台再突破条件尚未全部成立,2,2,1,1,1,1,8,False,True,False,MA25未上扬,硬资格：最近25个交易日（含当日）至少一次按板块涨停价核验的实际涨停，且最新收盘价严格高于MA25、当日MA25严格高于前一交易日MA25；通过后再按方向/非极端波动/不过热排序,1,False,,,257,4,未入选：未满足一级粗筛最低资格条件
688020,方邦股份,156.3,0.016916070266753458,-0.016981132075471583,0.10568760611205441,0.27852760736196336,,,,0.09226666666666669,-0.08048005647723244,0.49762114537444924,0.18541548630783766,5204687.0,6324209.8,0.8229782319998302,0.06785274741273671,0.07762014164134776,0.8741641792700876,True,0.002064542768293931,0.029521168673068754,True,3,3,收敛较充分,-0.08048005647723244,0.7641785898982937,0.1093524873485554,137.7988,0.13426241737954192,0.0019369981182615348,,,,-0.0460205078125,150.0,135.0,0.04200000000000004,0.1577777777777778,False,0,,科创板20%,17,8.367451381780967,READY_FOR_BREAKOUT,False,False,5,False,163.0,,,,False,False,False,,,,,紧凑缩量平台形成，尚未出现放量突破,2,2,1,1,1,1,8,False,True,True,,硬资格：最近25个交易日（含当日）至少一次按板块涨停价核验的实际涨停，且最新收盘价严格高于MA25、当日MA25严格高于前一交易日MA25；通过后再按方向/非极端波动/不过热排序,1,False,,,257,4,未入选：未满足一级粗筛最低资格条件
688135,利扬芯片,38.5,0.05856475116854565,-0.008498583569405027,0.19751166407465015,0.5217391304347825,,,,0.1633333333333334,-0.0807067812798472,0.462730627306273,0.3529771398192453,25719924.8,18460185.3,1.393264714412157,0.083351276330416,0.07617535256037938,1.0942026984955366,False,0.0059465832777976235,0.0776379150122497,True,3,2,部分收敛/待确认,-0.0807067812798472,0.8122222222222221,0.16261512909557618,31.5548,0.22009963618847217,0.01446722049330007,,,,-0.07228915662650603,36.0,31.69,0.06944444444444442,0.21489428841905966,False,0,,科创板20%,17,9.020006781959978,INELIGIBLE,False,False,0,False,,,,,False,False,True,,,,,未形成合格的短周期缩量平台或呈N型走势,2,2,1,1,1,1,8,False,True,True,,硬资格：最近25个交易日（含当日）至少一次按板块涨停价核验的实际涨停，且最新收盘价严格高于MA25、当日MA25严格高于前一交易日MA25；通过后再按方向/非极端波动/不过热排序,1,False,,,257,4,未入选：未满足一级粗筛最低资格条件
688143,长盈通光电,197.02,-0.039254888574632996,0.03694736842105262,0.17273809523809525,0.1671800947867299,,,,0.16272781353090696,-0.08362790697674416,0.28762499203872366,0.5657638175927303,12649198.2,15271446.5,0.828290771276971,0.10090119646403893,0.12419708056031611,0.81242808614198,True,0.016136034732272098,0.046860597814159854,True,3,3,收敛较充分,-0.08362790697674416,0.7980682839173406,0.09311325334627929,174.3332,0.1301347075600059,0.011891964681654432,,,,-0.04149841887618588,184.91,163.21,0.06549132010167114,0.20715642423871095,False,0,,科创板20%,17,18.406462854427375,INELIGIBLE,False,False,0,False,,,,,False,False,False,,,,,未形成合格的短周期缩量平台或呈N型走势,2,2,1,1,1,1,8,False,True,True,,硬资格：最近25个交易日（含当日）至少一次按板块涨停价核验的实际涨停，且最新收盘价严格高于MA25、当日MA25严格高于前一交易日MA25；通过后再按方向/非极端波动/不过热排序,1,False,,,257,4,未入选：未满足一级粗筛最低资格条件
688158,优刻得科技,30.83,0.031103678929765843,0.09598293636686805,0.046503733876442466,0.036302521008403366,,,,0.14640287769784174,-0.03263256981487306,0.12173290368779086,1.2026565806178593,14070188.8,11349842.4,1.2396814250037516,0.0368695193937546,0.027691058587705902,1.331459368986482,False,0.035954583683767805,0.004127115146512539,True,3,1,结构未成熟,-0.13882681564245813,0.37874999999999986,0.03893915651485269,30.0292,0.026667377086302624,-0.005523910451715408,,,,0.02938230383973295,27.8,27.8,0.1089928057553955,0.1089928057553955,False,0,,科创板20%,4,3.1103678929765843,BREAKOUT_AWAIT_RETEST,True,False,5,False,29.95,2026-09-22,2.350351367242952,,False,False,False,,,,,首次放量突破，仅观察，等待缩量回踩确认,2,2,1,1,1,1,8,False,True,False,MA25未上扬,硬资格：最近25个交易日（含当日）至少一次按板块涨停价核验的实际涨停，且最新收盘价严格高于MA25、当日MA25严格高于前一交易日MA25；通过后再按方向/非极端波动/不过热排序,1,False,,,257,4,未入选：未满足一级粗筛最低资格条件
688167,西安炬光科技,295.74,-0.012587225802143442,0.0715217391304348,-0.021149836163240954,0.1177293170565783,,,,0.16011277094317522,-0.08223684210526316,0.2019395747855277,0.7928746562590561,6938963.4,9794772.8,0.708435360542513,0.05523453590751579,0.07777085978854606,0.7102214898703052,True,0.039563691418347036,-0.003667416211586061,True,3,3,收敛较充分,-0.08223684210526316,0.6301465457083043,0.0056618209640397765,289.9744,0.019883134511184508,0.000999707268037664,,,,-0.05514376996805104,273.12,268.1,0.08282073813708268,0.10309585975382318,False,0,,科创板20%,17,11.068702290076327,INELIGIBLE,False,False,4,False,313.0,,,,False,False,True,,,,,未形成合格的短周期缩量平台或呈N型走势,2,2,1,1,1,1,8,False,True,True,,硬资格：最近25个交易日（含当日）至少一次按板块涨停价核验的实际涨停，且最新收盘价严格高于MA25、当日MA25严格高于前一交易日MA25；通过后再按方向/非极端波动/不过热排序,1,False,,,257,4,未入选：未满足一级粗筛最低资格条件
688195,腾景科技,194.76,0.024513413992635513,0.08859202951204503,-0.03822222222222227,0.1733943848656465,,,,0.14400271063925907,-0.09624129930394432,0.2106061457221505,0.6837536015175913,10647595.6,13040831.3,0.8164813542216438,0.049637421539934064,0.07089746771534276,0.7001296821944479,True,0.031381652480440225,-0.007908425494986715,True,3,3,收敛较充分,-0.09624129930394432,0.6194495412844035,0.018547330601657253,186.8284,0.04245393098693784,0.0019005330501837836,,,,-0.026589364254298364,177.08,177.08,0.09984187937655276,0.09984187937655276,False,0,,科创板20%,17,8.895478131949597,INELIGIBLE,False,False,4,False,202.49,,,,False,False,True,,,,,未形成合格的短周期缩量平台或呈N型走势,2,2,1,1,1,1,8,False,True,True,,硬资格：最近25个交易日（含当日）至少一次按板块涨停价核验的实际涨停，且最新收盘价严格高于MA25、当日MA25严格高于前一交易日MA25；通过后再按方向/非极端波动/不过热排序,1,False,,,257,4,未入选：未满足一级粗筛最低资格条件
688286,敏芯股份,49.73,0.018222768222768027,0.10781911338828243,0.06124626547161749,0.07687310524036373,,,,0.14843221294834194,-0.04475605071071853,0.22507806870045632,0.6594699066210755,3774851.8,3588141.8,1.0520352902441035,0.05130832175625627,0.04725483696061453,1.0857792568202107,False,0.07033304119193695,0.014304999129071572,True,3,2,部分收敛/待确认,-0.0911915204678363,0.6187929717341479,0.050397093612706945,47.476400000000005,0.047467794525279716,-0.0008586364516427469,,,,0.00282314982859444,44.33,41.63,0.12181367020076705,0.1945712226759546,False,0,,科创板20%,17,10.445832435925052,BREAKOUT_AWAIT_RETEST,True,False,3,False,49.59,2026-09-22,1.2218717673577029,,False,False,False,,,,,首次放量突破，仅观察，等待缩量回踩确认,2,2,1,1,1,1,8,False,True,False,MA25未上扬,硬资格：最近25个交易日（含当日）至少一次按板块涨停价核验的实际涨停，且最新收盘价严格高于MA25、当日MA25严格高于前一交易日MA25；通过后再按方向/非极端波动/不过热排序,1,False,,,257,4,未入选：未满足一级粗筛最低资格条件
688300,联瑞新材,177.21,0.013903192584963975,-0.012702657529667372,0.056771423459955894,0.21584905660377363,,,,0.1362017804154302,-0.12652799684542582,0.18777887952404548,0.7253306695654731,11997814.8,15216497.6,0.7884741361244654,0.055765561643702805,0.06384828962145342,0.8734072905371177,True,-0.0060078839518030724,0.012401556983796524,True,3,3,收敛较充分,-0.12652799684542582,0.6467107074043492,0.0006606698175535275,170.1952,0.041216203512202565,0.0040611940051962225,,,,-0.06726669824727616,168.5,162.2,0.05169139465875383,0.09254007398273756,False,0,,科创板20%,6,4.750610895500951,READY_FOR_BREAKOUT,False,False,3,False,182.0,,,,False,False,False,,,,,紧凑缩量平台形成，尚未出现放量突破,2,2,1,1,1,1,8,False,True,True,,硬资格：最近25个交易日（含当日）至少一次按板块涨停价核验的实际涨停，且最新收盘价严格高于MA25、当日MA25严格高于前一交易日MA25；通过后再按方向/非极端波动/不过热排序,1,False,,,257,4,未入选：未满足一级粗筛最低资格条件
688498,源杰科技,1753.1,-0.04648202941432422,0.04032281992700937,0.02221574344023325,0.1288473921442368,,,,0.12380952380952381,-0.07145127118644068,0.2328007055408568,0.5318262396236385,3180729.4,3028572.2,1.0502405721085335,0.026340617834773834,0.02509410383646831,1.0496735809506779,False,0.04038001441770245,0.03210386426217382,True,3,2,部分收敛/待确认,-0.07145127118644068,0.6988637631984282,0.060094175498769165,1632.7407999999998,0.0737160484995536,0.003431752858728654,,,,-0.0675,1680.0,1665.5,0.04351190476190481,0.05259681777244074,False,0,,科创板20%,17,16.098226466575728,INELIGIBLE,False,False,0,False,,,,,False,False,False,,,,,未形成合格的短周期缩量平台或呈N型走势,2,2,1,1,1,1,8,False,True,True,,硬资格：最近25个交易日（含当日）至少一次按板块涨停价核验的实际涨停，且最新收盘价严格高于MA25、当日MA25严格高于前一交易日MA25；通过后再按方向/非极端波动/不过热排序,1,False,,,257,4,未入选：未满足一级粗筛最低资格条件
688545,兴福电子,77.33,-0.026683448709880486,0.023425092641609302,0.05325524380277846,0.009134803601722696,,,,0.1150181183733726,-0.06921039961482911,0.1479255241166985,0.7775407189541865,10754495.2,7425856.1,1.448249879229413,0.0838555281207133,0.04074543813443068,2.0580347631568054,False,0.05426169178284579,0.024803346827148465,True,3,2,部分收敛/待确认,-0.1993166287015945,0.3214663376806487,0.019458433306088097,76.9356,0.005126365427708501,-0.008924568843361569,,,,-0.05706621143762969,74.51,68.21,0.03784726882297673,0.13370473537604455,False,0,,科创板20%,4,-1.9691119691119696,INELIGIBLE,False,False,0,False,,,,,False,False,False,,,,,未形成合格的短周期缩量平台或呈N型走势,2,2,1,1,1,1,8,False,True,False,MA25未上扬,硬资格：最近25个交易日（含当日）至少一次按板块涨停价核验的实际涨停，且最新收盘价严格高于MA25、当日MA25严格高于前一交易日MA25；通过后再按方向/非极端波动/不过热排序,1,False,,,257,4,未入选：未满足一级粗筛最低资格条件
688601,力芯微股份,61.08,-0.02893481717011126,0.06596858638743464,0.011928429423459175,0.2292211712618233,,,,0.14152273528375034,-0.06748091603053441,0.2088888888888889,0.6775024561456133,3688519.0,4410964.9,0.8362159036903694,0.027442281191618234,0.03347343322908927,0.8198227234059214,True,0.05114808194692699,0.005573798097162408,True,3,3,收敛较充分,-0.06748091603053441,0.7842850170815031,0.02415345534419311,57.2972,0.06602067814832147,0.008221010029913822,,,,-0.02303262955854135,56.74,54.0,0.0764892492069087,0.13111111111111118,False,0,,科创板20%,17,18.208409506398525,INELIGIBLE,False,False,4,False,63.54,,,,False,False,True,,,,,未形成合格的短周期缩量平台或呈N型走势,2,2,1,1,1,1,8,False,True,True,,硬资格：最近25个交易日（含当日）至少一次按板块涨停价核验的实际涨停，且最新收盘价严格高于MA25、当日MA25严格高于前一交易日MA25；通过后再按方向/非极端波动/不过热排序,1,False,,,257,4,未入选：未满足一级粗筛最低资格条件
688603,天承科技,120.5,-0.014717906786590351,0.033624978555498286,0.03451236263736268,0.16627951993805667,,,,0.09472681617456068,-0.05028373266078179,0.19024390243902442,0.49792300809704965,6222534.6,6678784.2,0.931686728252127,0.054348731502608605,0.056664684943137957,0.9591288040716476,True,0.043675219586416736,0.010476477424353314,True,3,3,收敛较充分,-0.05028373266078179,0.7921824104234528,0.032783372616241646,114.31279999999998,0.054125172334156924,0.0008229818558764812,,,,-0.03984063745019917,115.49,106.6,0.04338037925361515,0.1303939962476548,False,0,,科创板20%,17,9.037735849056606,INELIGIBLE,False,False,0,False,,,,,False,False,False,,,,,未形成合格的短周期缩量平台或呈N型走势,2,2,1,1,1,1,8,False,True,True,,硬资格：最近25个交易日（含当日）至少一次按板块涨停价核验的实际涨停，且最新收盘价严格高于MA25、当日MA25严格高于前一交易日MA25；通过后再按方向/非极端波动/不过热排序,1,False,,,257,4,未入选：未满足一级粗筛最低资格条件
688618,三旺通信,30.41,0.005289256198347081,0.11188299817184633,0.016037420648179035,0.0006581112207963979,,,,0.13402061855670105,-0.04670846394984318,0.16415717958134407,0.8164164302682261,1664656.6,1750629.8,0.9508901310831108,0.017350661868462867,0.015645185537839813,1.1090096583705031,True,0.04193822612638165,0.0022106317571068956,True,3,3,收敛较充分,-0.10742588787789842,0.4703328509406657,0.02318226170048132,29.8756,0.017887506861786973,-0.0018442540794098017,,,,0.024595687331536498,27.16,27.16,0.11966126656848308,0.11966126656848308,False,0,,科创板20%,17,6.72584499829294,READY_FOR_BREAKOUT,False,False,3,False,30.45,,,,False,False,False,,,,,紧凑缩量平台形成，尚未出现放量突破,2,2,1,1,1,1,8,False,True,False,MA25未上扬,硬资格：最近25个交易日（含当日）至少一次按板块涨停价核验的实际涨停，且最新收盘价严格高于MA25、当日MA25严格高于前一交易日MA25；通过后再按方向/非极端波动/不过热排序,1,False,,,257,4,未入选：未满足一级粗筛最低资格条件
688661,和林微纳科技,106.15,-0.007943925233644844,0.050990099009901035,0.04684418145956615,0.07821229050279332,,,,0.14014731106850975,-0.06061946902654858,0.20760869565217385,0.6750551109059111,4422067.6,3566666.7,1.2398320257959623,0.0310357197422787,0.02226750549448244,1.3937672430335266,False,0.051114929588592206,0.020160734335296304,True,3,2,部分收敛/待确认,-0.06061946902654858,0.6886363636363639,0.02633270970205892,102.4752,0.03586038378066103,-0.0003316775469909272,,,,-0.04883512544802859,99.11,92.0,0.07103218645948961,0.1538043478260871,False,0,,科创板20%,17,14.22213021426353,RETEST_STABILIZING,True,False,3,False,106.66,2026-09-18,1.3867548563043497,0.7449485374186291,True,False,False,,0.06754841757203596,,0.8302245790721465,突破后处于一周内确认窗，守位/缩量/横住或小平台再突破条件尚未全部成立,2,2,1,1,1,1,8,False,True,False,MA25未上扬,硬资格：最近25个交易日（含当日）至少一次按板块涨停价核验的实际涨停，且最新收盘价严格高于MA25、当日MA25严格高于前一交易日MA25；通过后再按方向/非极端波动/不过热排序,1,False,,,257,4,未入选：未满足一级粗筛最低资格条件
688807,优迅芯片股份,347.0,-0.03771491957848039,0.06477645831415524,0.04201075042791502,0.023568626294209638,,,,0.17975155279503105,-0.08655364852058545,0.20333333333333334,0.8840240301394969,2082398.4,2029978.5,1.0258228843310409,0.1440185,0.12781548214285715,1.126768820063856,False,0.04560278000534601,0.027545395252149607,True,3,2,部分收敛/待确认,-0.08655364852058545,0.6427251983049005,0.035772971698324385,331.7264,0.04604276295163712,0.0017998951470479252,,,,-0.0771276595744681,322.0,322.0,0.07763975155279512,0.07763975155279512,False,0,,科创板20%,16,11.40485995410392,RETEST_STABILIZING,True,False,4,False,347.0,2026-09-18,1.5683277560058537,0.7158297655051802,True,False,False,,0.10103762100747787,,0.9434408065844753,突破后处于一周内确认窗，守位/缩量/横住或小平台再突破条件尚未全部成立,2,2,1,1,1,1,8,False,True,True,,硬资格：最近25个交易日（含当日）至少一次按板块涨停价核验的实际涨停，且最新收盘价严格高于MA25、当日MA25严格高于前一交易日MA25；通过后再按方向/非极端波动/不过热排序,1,False,,,257,4,未入选：未满足一级粗筛最低资格条件
688813,泰金新能,144.0,0.03604575868767523,-0.017064846416382284,0.18557549810637264,0.34190662566396424,,,,0.10972109794686899,-0.04509283819628651,0.4734500148323939,0.23174800825745326,5900262.4,6242663.4,0.9451514557071906,0.21466191725302874,0.20755621841770258,1.0342350563596514,True,0.010168618869867307,0.059081388739654184,True,3,3,收敛较充分,-0.04509283819628651,0.8630964364807729,0.15416058862190019,121.99799999999999,0.18034721880686577,0.005416150214931692,,,,-0.03362190457016301,135.89,114.53,0.059680624034145424,0.2573124945429146,False,0,,科创板20%,14,11.902985074626859,READY_FOR_BREAKOUT,False,False,3,False,146.5,,,,False,False,False,,,,,紧凑缩量平台形成，尚未出现放量突破,2,2,1,1,1,1,8,False,True,True,,硬资格：最近25个交易日（含当日）至少一次按板块涨停价核验的实际涨停，且最新收盘价严格高于MA25、当日MA25严格高于前一交易日MA25；通过后再按方向/非极端波动/不过热排序,1,False,,,257,4,未入选：未满足一级粗筛最低资格条件
688825,长鑫科技,57.86,0.017229254571026642,0.0671338989302841,-0.009076896728892003,0.024070796460176958,,,,0.11569473092068258,-0.03405676126878132,0.09981481481481483,1.1590937791682483,242701111.4,211766281.9,1.146080052133172,0.05284172778259525,0.04881408973899176,1.0825097439108096,False,0.01766358892011244,-0.0024654303783900877,True,3,1,结构未成熟,-0.05611745513866229,0.5683814303638647,0.025686479587314848,56.57759999999999,0.022666214190775413,-0.0009394181258257639,,,,0.03395282344531814,53.33,53.33,0.08494280892555794,0.08494280892555794,False,0,,科创板20%,10,1.7229254571026642,INELIGIBLE,False,False,0,False,,,,,False,False,False,,,,,未形成合格的短周期缩量平台或呈N型走势,2,2,1,1,1,1,8,False,True,False,MA25未上扬,硬资格：最近25个交易日（含当日）至少一次按板块涨停价核验的实际涨停，且最新收盘价严格高于MA25、当日MA25严格高于前一交易日MA25；通过后再按方向/非极端波动/不过热排序,1,False,,,257,4,未入选：未满足一级粗筛最低资格条件
000011,深物业A,9.62,-0.0041407867494824835,0.16324062877871826,0.013698630136986134,0.18765432098765422,,,,0.19658119658119674,-0.044687189672294014,0.16363636363636358,1.2013295346628694,16468374.6,25369013.0,0.6491531460053255,0.0282880668083252,0.0506007107469124,0.5590448511644929,True,0.063968364735985,0.020477815699658564,True,3,2,部分收敛/待确认,-0.044687189672294014,0.7916666666666662,0.07974633817834897,8.744,0.10018298261665137,0.006353006168861031,,,,0.049073064340239725,8.19,8.19,0.17460317460317465,0.17460317460317465,False,0,,沪深主板10%,6,2.1144278606965328,RETEST_STABILIZING,False,False,3,False,8.79,2026-09-17,1.3551006243011317,1.0165852351026854,True,False,True,,0.10985277463193666,9.8,0.8085233112869562,突破后处于一周内确认窗，守位/缩量/横住或小平台再突破条件尚未全部成立,2,2,0,1,1,1,7,False,True,True,近5日波动仍偏大,硬资格：最近25个交易日（含当日）至少一次按板块涨停价核验的实际涨停，且最新收盘价严格高于MA25、当日MA25严格高于前一交易日MA25；通过后再按方向/非极端波动/不过热排序,268,False,,,257,4,未入选：未满足一级粗筛最低资格条件
000759,中百集团,6.75,-0.01171303074670571,0.0,-0.12337662337662336,0.10114192495921692,,,,0.1262295081967214,-0.2939330543933055,0.5749588138385503,0.21954530508713435,149065812.0,147736327.8,1.0089990337501809,0.2619496635960707,0.2098592048166707,1.2482162210845376,False,-0.06276747503566338,-0.01201037259451343,False,3,1,结构未成熟,-0.2939330543933055,0.29573934837092725,-0.014454664914586024,6.691599999999999,0.008727359674816304,-0.0014325792395393222,,,,-0.014598540145985384,6.1,6.1,0.10655737704918034,0.10655737704918034,False,0,,沪深主板10%,6,8.303886925795045,INELIGIBLE,False,False,0,False,,,,,False,False,True,,,,,未形成合格的短周期缩量平台或呈N型走势,2,2,1,1,0,1,7,False,True,False,MA25未上扬,硬资格：最近25个交易日（含当日）至少一次按板块涨停价核验的实际涨停，且最新收盘价严格高于MA25、当日MA25严格高于前一交易日MA25；通过后再按方向/非极端波动/不过热排序,268,False,,,257,4,未入选：未满足一级粗筛最低资格条件
000892,欢瑞世纪,4.83,0.02114164904862581,0.12850467289719614,-0.13440860215053763,0.29144385026737973,,,,0.17224880382775137,-0.2068965517241379,0.4262295081967214,0.40412219359587814,122986361.8,182067445.1,0.6754989159783623,0.1622602617660004,0.2561448388424694,0.633470744518071,True,0.025000000000000133,-0.060507614213197836,False,3,2,部分收敛/待确认,-0.2068965517241379,0.49397590361445787,0.026240305959842836,4.5092,0.07114344007806261,0.007957796852646526,,,,0.043196544276457916,4.18,4.18,0.1555023923444978,0.1555023923444978,False,0,,沪深主板10%,4,3.89016018306636,INELIGIBLE,False,False,0,False,,,,,False,False,True,,,,,未形成合格的短周期缩量平台或呈N型走势,2,2,1,1,0,1,7,False,True,True,,硬资格：最近25个交易日（含当日）至少一次按板块涨停价核验的实际涨停，且最新收盘价严格高于MA25、当日MA25严格高于前一交易日MA25；通过后再按方向/非极端波动/不过热排序,268,False,,,257,4,未入选：未满足一级粗筛最低资格条件
001366,播恩集团,13.39,-0.005200594353640398,0.0477308294209704,-0.18253968253968245,0.07120000000000015,,,,0.07233704292527823,-0.22957422324510923,0.3826571201272871,0.18903880032655876,5891629.0,16881545.3,0.34899820456602393,0.037087886897352866,0.10933397850800758,0.3392164760073792,True,0.017064846416382062,-0.047793063915161804,False,3,2,部分收敛/待确认,-0.22957422324510923,0.3202725724020445,-0.012791683562502265,13.3068,0.006252442360296984,-0.0003005078582802856,,,,0.0,12.58,12.58,0.06438791732909377,0.06438791732909377,True,3,2026-09-07,沪深主板10%,17,10.038314176245212,READY_FOR_BREAKOUT,False,False,5,False,13.49,,,,False,False,False,,,,,紧凑缩量平台形成，尚未出现放量突破,2,2,1,1,0,1,7,False,True,False,MA25未上扬,硬资格：最近25个交易日（含当日）至少一次按板块涨停价核验的实际涨停，且最新收盘价严格高于MA25、当日MA25严格高于前一交易日MA25；通过后再按方向/非极端波动/不过热排序,268,False,,,257,4,未入选：未满足一级粗筛最低资格条件
001378,德冠新材,23.4,-0.024186822351960013,0.14146341463414625,0.16591928251121058,0.11854684512428282,,,,0.19187469407733734,-0.03901437371663252,0.1243272335844996,1.5433038164315689,14028623.6,2645805.4,5.302212929189728,0.18907684867983776,0.03137036781592263,6.027243601009618,False,0.10923648841864453,0.05336336042299039,True,3,1,结构未成熟,-0.03901437371663252,0.8353552859618714,0.12111920275967791,20.7284,0.12888597286814218,0.004438672662428367,,,,-0.011824324324324342,20.43,18.58,0.14537444933920707,0.25941872981700764,False,0,,沪深主板10%,17,4.339152119700751,READY_FOR_BREAKOUT,False,False,3,False,24.2,,,,False,False,False,,,,,紧凑缩量平台形成，尚未出现放量突破,2,2,0,1,1,1,7,False,True,True,近5日波动仍偏大,硬资格：最近25个交易日（含当日）至少一次按板块涨停价核验的实际涨停，且最新收盘价严格高于MA25、当日MA25严格高于前一交易日MA25；通过后再按方向/非极端波动/不过热排序,268,False,,,257,4,未入选：未满足一级粗筛最低资格条件
002161,远 望 谷,6.93,-0.032122905027933024,0.06288343558282206,-0.017021276595744705,0.16470588235294104,,,,0.27257240204429295,-0.18181818181818188,0.29907975460122715,0.9113702878609174,78503402.2,28690232.3,2.7362414280626095,0.1111697632450608,0.027322094352166343,4.068859502940932,False,-0.012935883014623117,0.0038076434917502233,False,3,1,结构未成熟,-0.18181818181818188,0.4615384615384613,-0.0049536937325004304,6.7292,0.0298400998632824,0.005618984996114573,,,,-0.044137931034482825,5.87,5.87,0.18057921635434404,0.18057921635434404,False,0,,沪深主板10%,17,7.366771159874608,INELIGIBLE,False,False,0,False,,,,,False,False,True,,,,,未形成合格的短周期缩量平台或呈N型走势,2,2,0,1,1,1,7,False,True,True,近5日波动仍偏大,硬资格：最近25个交易日（含当日）至少一次按板块涨停价核验的实际涨停，且最新收盘价严格高于MA25、当日MA25严格高于前一交易日MA25；通过后再按方向/非极端波动/不过热排序,268,False,,,257,4,未入选：未满足一级粗筛最低资格条件
002180,奔图科技,17.72,0.015472779369627432,0.09450277949351427,0.05980861244019131,0.03625730994152021,,,,0.13312499999999994,-0.02261445118587979,0.06860321384425212,1.940506756756757,14529490.8,7399689.8,1.9635270116322985,0.0048236533160977,0.0053763425578949,0.8971997718066528,True,0.030945629392183704,0.006500212623777424,True,3,2,部分收敛/待确认,-0.06736842105263163,0.5733333333333329,0.05586176076269922,16.9088,0.047975018925056734,-0.0026660375132713243,,,,0.07459066100667067,16.0,16.0,0.10749999999999993,0.10749999999999993,False,0,,沪深主板10%,4,1.5472779369627432,EFFECTIVE_BREAKOUT_CONFIRMED,True,True,5,False,16.49,2026-09-21,5.306010653087583,0.706339716877174,True,True,False,RETEST_RENEWED_STRENGTH,0.03718535469107543,,,放量突破后缩量回踩守位，价格重新缓慢走强,2,2,1,1,1,0,7,False,True,False,MA25未上扬,硬资格：最近25个交易日（含当日）至少一次按板块涨停价核验的实际涨停，且最新收盘价严格高于MA25、当日MA25严格高于前一交易日MA25；通过后再按方向/非极端波动/不过热排序,268,False,,,257,4,未入选：未满足一级粗筛最低资格条件
002281,光迅科技,190.37,-0.01749587118084217,0.13066460770921196,0.0580813694975546,0.1377599808749701,,,,0.18738095238095231,-0.045668738720673674,0.15524399783380474,1.2070093207825756,40229435.8,28747872.8,1.3993882636074553,0.0610550307345957,0.0344515065415197,1.772202056273342,False,0.0693423716679531,0.026528877555585195,True,3,1,结构未成熟,-0.05934380867674671,0.7145234133586881,0.05961849949070186,178.26,0.06793447772915973,-0.001628668143743961,,,,-0.043366834170854296,168.0,167.59,0.13315476190476194,0.13592696461602727,True,1,2026-09-07,沪深主板10%,17,10.000000000000009,RETEST_STABILIZING,True,False,3,False,176.5,2026-09-16,1.5794837789949798,0.9698133590859971,True,False,False,,0.061063829787233986,199.48,0.6901479834777838,突破后处于一周内确认窗，守位/缩量/横住或小平台再突破条件尚未全部成立,2,2,0,1,1,1,7,False,True,False,MA25未上扬,硬资格：最近25个交易日（含当日）至少一次按板块涨停价核验的实际涨停，且最新收盘价严格高于MA25、当日MA25严格高于前一交易日MA25；通过后再按方向/非极端波动/不过热排序,268,False,,,257,4,未入选：未满足一级粗筛最低资格条件
002531,天顺风能,7.34,-0.04922279792746109,-0.060179257362355965,0.15772870662460559,0.19934640522875813,,,,0.1783264746227709,-0.1455180442374855,0.2719869706840391,0.6556434456190499,195980570.4,78383309.8,2.500284447034157,0.13753181355222857,0.03895174101097336,3.5308258368601173,False,0.016789087093389332,0.05602280826799699,True,3,2,部分收敛/待确认,-0.1455180442374855,0.5229007633587787,0.0761674364049556,6.6764,0.09939488347013348,0.005845486320356752,,,,-0.13849765258215962,7.29,6.19,0.006858710562414272,0.18578352180936974,False,0,,沪深主板10%,17,2.2727272727272707,READY_FOR_BREAKOUT,False,False,3,False,7.8,,,,False,False,False,,,,,紧凑缩量平台形成，尚未出现放量突破,2,2,1,1,1,0,7,False,True,True,,硬资格：最近25个交易日（含当日）至少一次按板块涨停价核验的实际涨停，且最新收盘价严格高于MA25、当日MA25严格高于前一交易日MA25；通过后再按方向/非极端波动/不过热排序,268,False,,,257,4,未入选：未满足一级粗筛最低资格条件
002585,双星新材,11.9,-0.06372934697088906,-0.013266998341625258,0.3207547169811322,0.20812182741116758,,,,0.11004366812227089,-0.06372934697088906,0.3704545454545454,0.29705039247729564,193585112.8,65473368.5,2.956700063476954,0.23104776227260368,0.07384838139285807,3.128677405175308,False,0.05594651653764959,0.0898115429917552,True,3,2,部分收敛/待确认,-0.06372934697088906,0.7928388746803068,0.15741866459174259,10.1944,0.16730754139527582,0.00520627908811222,,,,-0.059288537549407105,11.45,8.82,0.039301310043668325,0.3492063492063493,False,0,,沪深主板10%,17,3.1023784901758056,INELIGIBLE,False,False,0,False,,,,,False,False,False,,,,,未形成合格的短周期缩量平台或呈N型走势,2,2,1,0,1,1,7,False,True,True,近10日速度偏快,硬资格：最近25个交易日（含当日）至少一次按板块涨停价核验的实际涨停，且最新收盘价严格高于MA25、当日MA25严格高于前一交易日MA25；通过后再按方向/非极端波动/不过热排序,268,False,,,257,4,未入选：未满足一级粗筛最低资格条件
002636,金安国纪,85.58,0.05160973212091435,0.01893082509822608,0.2467948717948718,0.3359350608804246,,,,0.09884467265725273,-0.005461940732132464,0.3487460815047022,0.2834287692374258,61997087.2,64703364.2,0.9581740913558248,0.0882414389961026,0.08621417739777842,1.0235142485785222,True,-0.0027509311780317125,0.06137041239017438,True,3,3,收敛较充分,-0.005461940732132464,0.9833628318584071,0.1417060220390085,72.4392,0.18140454339639311,0.009402990897994012,,,,0.009793510324483723,77.9,68.31,0.0985879332477535,0.2528180354267311,False,0,,沪深主板10%,6,5.936828179262443,BREAKOUT_AWAIT_RETEST,True,False,4,False,83.86,2026-09-22,1.2976989260846128,,False,False,False,,,,,首次放量突破，仅观察，等待缩量回踩确认,2,2,1,0,1,1,7,False,True,True,近10日速度偏快,硬资格：最近25个交易日（含当日）至少一次按板块涨停价核验的实际涨停，且最新收盘价严格高于MA25、当日MA25严格高于前一交易日MA25；通过后再按方向/非极端波动/不过热排序,268,False,,,257,4,未入选：未满足一级粗筛最低资格条件
002702,海欣食品,5.68,0.0017636684303350414,0.11811023622047245,-0.16347569955817387,0.15918367346938767,,,,0.14970059880239522,-0.17321688500727805,0.36039603960396044,0.4153780351385142,54762636.4,70920953.2,0.7721644158612352,0.14002980821718733,0.13340504339296172,1.0496590282925924,True,0.04107008289374536,-0.029176797499131824,False,3,2,部分收敛/待确认,-0.17321688500727805,0.4465116279069766,0.02824040550325857,5.392800000000001,0.05325619344310906,0.003797185615367571,,,,0.012477718360071277,5.01,5.01,0.1337325349301397,0.1337325349301397,False,0,,沪深主板10%,2,0.17636684303350414,INELIGIBLE,False,False,4,False,5.72,,,,False,False,True,,,,,未形成合格的短周期缩量平台或呈N型走势,2,2,1,1,0,1,7,False,True,True,,硬资格：最近25个交易日（含当日）至少一次按板块涨停价核验的实际涨停，且最新收盘价严格高于MA25、当日MA25严格高于前一交易日MA25；通过后再按方向/非极端波动/不过热排序,268,False,,,257,4,未入选：未满足一级粗筛最低资格条件
002724,海洋王,7.56,-0.0357142857142857,0.14372163388804826,0.04275862068965508,0.12667660208643805,,,,0.20615384615384613,-0.0357142857142857,0.1246200607902736,1.6542589118198867,42233839.8,15661941.6,2.696590300145162,0.06844128083903783,0.026950020056284926,2.5395632617748967,False,0.06917688266199651,0.022517321016166436,True,3,1,结构未成熟,-0.0357142857142857,0.8733031674208144,0.07853627220201154,6.846800000000001,0.10416544955307572,0.006408748824082933,,,,0.0066577896138482195,6.5,6.5,0.16307692307692312,0.16307692307692312,False,0,,沪深主板10%,2,-3.57142857142857,RETEST_STABILIZING,True,False,4,False,6.94,2026-09-16,1.8730140311547743,2.1355554762764832,False,False,False,,0.1649331352154531,7.84,1.2592242173077934,突破后处于一周内确认窗，守位/缩量/横住或小平台再突破条件尚未全部成立,2,2,0,1,1,1,7,False,True,True,近5日波动仍偏大,硬资格：最近25个交易日（含当日）至少一次按板块涨停价核验的实际涨停，且最新收盘价严格高于MA25、当日MA25严格高于前一交易日MA25；通过后再按方向/非极端波动/不过热排序,268,False,,,257,4,未入选：未满足一级粗筛最低资格条件
002774,快意电梯,17.46,0.04363419007770464,0.13229571984435795,0.11210191082802567,0.058181818181818334,,,,0.19109947643979058,-0.040659340659340626,0.19361554476058287,0.9870048227589187,17252200.0,9476600.0,1.8205052444969716,0.05416141485725556,0.034104256061634405,1.5881130718515941,False,0.07861754652487685,0.033384011149119264,True,3,2,部分收敛/待确认,-0.040659340659340626,0.8047493403693935,0.08369797970393833,16.1624,0.08028510617235063,0.0011893552703305943,,,,-0.009642654566080489,15.28,14.41,0.14267015706806285,0.2116585704371965,False,0,,沪深主板10%,17,5.2365930599369115,RETEST_STABILIZING,True,False,3,False,15.66,2026-09-16,1.3579907514166252,1.704790609137056,True,False,False,,0.11656441717791402,18.2,0.9626607015560089,突破后处于一周内确认窗，守位/缩量/横住或小平台再突破条件尚未全部成立,2,2,0,1,1,1,7,False,True,True,近5日波动仍偏大,硬资格：最近25个交易日（含当日）至少一次按板块涨停价核验的实际涨停，且最新收盘价严格高于MA25、当日MA25严格高于前一交易日MA25；通过后再按方向/非极端波动/不过热排序,268,False,,,257,4,未入选：未满足一级粗筛最低资格条件
002796,世嘉科技,31.3,-0.013551843681058884,0.13611615245009068,0.057432432432432456,0.0610169491525423,,,,0.18879592579119686,-0.04222766217870255,0.1836210062431141,1.0281826118588588,17221081.4,10544055.2,1.6332503077184193,0.08525639551488036,0.04630603306438101,1.841150922955227,False,0.07560490780725204,0.02281603288797518,True,3,1,结构未成熟,-0.04222766217870255,0.7467889908256882,0.05171197204395006,29.736,0.052596179714823776,-0.0013836089356956682,,,,-0.03958269407793813,27.49,27.23,0.13859585303746824,0.14946749908189494,False,0,,沪深主板10%,17,5.764499121265376,RETEST_STABILIZING,True,False,4,False,28.69,2026-09-16,1.7717450104515913,1.7826506526830344,True,False,False,,0.11879493324204035,32.68,0.587672839538139,突破后处于一周内确认窗，守位/缩量/横住或小平台再突破条件尚未全部成立,2,2,0,1,1,1,7,False,True,False,MA25未上扬,硬资格：最近25个交易日（含当日）至少一次按板块涨停价核验的实际涨停，且最新收盘价严格高于MA25、当日MA25严格高于前一交易日MA25；通过后再按方向/非极端波动/不过热排序,268,False,,,257,4,未入选：未满足一级粗筛最低资格条件
002909,集泰股份,6.85,-0.0029112081513829047,0.08214849921011047,-0.21444954128440374,0.29001883239171367,,,,0.15347334410339245,-0.2781875658587988,0.5257234726688104,0.2919278900070645,55584890.6,93173517.2,0.5965739221874089,0.1055609632601026,0.2449180089646701,0.4310053135999892,True,-0.010429082240762888,-0.04909213180901151,False,3,2,部分收敛/待确认,-0.2781875658587988,0.40406320541760715,-0.011829197922677448,6.583600000000001,0.04046418372926652,0.009940479842915906,,,,0.019345238095238138,6.19,6.19,0.10662358642972514,0.10662358642972514,False,0,,沪深主板10%,4,2.1653543307086576,INELIGIBLE,False,False,0,False,,,,,False,False,True,,,,,未形成合格的短周期缩量平台或呈N型走势,2,2,1,1,0,1,7,False,True,True,,硬资格：最近25个交易日（含当日）至少一次按板块涨停价核验的实际涨停，且最新收盘价严格高于MA25、当日MA25严格高于前一交易日MA25；通过后再按方向/非极端波动/不过热排序,268,False,,,257,4,未入选：未满足一级粗筛最低资格条件
002965,祥鑫科技,32.82,-0.013822115384615419,0.20087815587266755,0.1013422818791947,0.06454751865066499,,,,0.2693156732891832,-0.04869565217391303,0.2222222222222223,1.211920529801324,19220292.0,10074739.1,1.9077706935358754,0.07971382115595148,0.0423410222390221,1.8826617058500317,False,0.10555155010814721,0.023772122735364887,True,3,1,结构未成熟,-0.04869565217391303,0.7862595419847328,0.09018435475834585,30.2144,0.08623702605380212,-0.0019423120119446136,,,,0.05496624879459988,27.18,26.64,0.20750551876379686,0.23198198198198194,True,1,2026-09-18,沪深主板10%,25,10.007072135785,RETEST_STABILIZING,True,False,5,False,28.44,2026-09-18,2.3411370360845196,1.7197033860353472,True,False,False,,0.05569155446756427,,0.4909613655588681,突破后处于一周内确认窗，守位/缩量/横住或小平台再突破条件尚未全部成立,2,2,0,1,1,1,7,False,True,False,MA25未上扬,硬资格：最近25个交易日（含当日）至少一次按板块涨停价核验的实际涨停，且最新收盘价严格高于MA25、当日MA25严格高于前一交易日MA25；通过后再按方向/非极端波动/不过热排序,268,False,,,257,4,未入选：未满足一级粗筛最低资格条件
002976,瑞玛精密,26.63,-0.011873840445269068,0.11375993308239218,0.05926809864757354,0.07857432158768729,,,,0.20808510638297875,-0.0619936597393449,0.16659340659340655,1.2490596755178807,15082282.2,7711745.3,1.9557547109342421,0.1379989855316959,0.0633515178677225,2.178305906100573,False,0.05941302791696512,0.02505219206680609,True,3,1,结构未成熟,-0.0619936597393449,0.7369207772795215,0.05960528409995236,24.730800000000002,0.0767949277823603,0.004990247074122323,,,,-0.027392257121986896,23.5,22.75,0.1331914893617021,0.17054945054945048,False,0,,沪深主板10%,17,7.69881556683587,READY_FOR_BREAKOUT,False,False,3,False,27.27,,,,False,False,False,,,,,紧凑缩量平台形成，尚未出现放量突破,2,2,0,1,1,1,7,False,True,True,近5日波动仍偏大,硬资格：最近25个交易日（含当日）至少一次按板块涨停价核验的实际涨停，且最新收盘价严格高于MA25、当日MA25严格高于前一交易日MA25；通过后再按方向/非极端波动/不过热排序,268,False,,,257,4,未入选：未满足一级粗筛最低资格条件
002989,中天精装,25.42,0.02458686013704159,0.08354646206308614,0.06093489148580966,0.04308576118178098,,,,0.18189692507579036,-0.06852326859655544,0.11863636363636361,1.5332307860794594,8223646.2,5031813.1,1.6343306153402242,0.028949893665416667,0.025832617592034264,1.1206720945826119,False,0.044524669073405576,0.017077231780728175,True,3,1,结构未成熟,-0.06852326859655544,0.6465028355387528,0.07264172837943317,23.8232,0.06702709963397036,0.0008570420286688751,,,,0.035437881873727095,23.09,22.0,0.10090948462537908,0.1554545454545455,False,0,,沪深主板10%,17,5.752961082910324,RETEST_STABILIZING,True,False,5,False,23.85,2026-09-18,1.3487996894068284,1.7307769454366657,True,True,False,,0.13566375364128164,,2.3408188644484142,突破后处于一周内确认窗，守位/缩量/横住或小平台再突破条件尚未全部成立,2,2,0,1,1,1,7,False,True,True,近5日波动仍偏大,硬资格：最近25个交易日（含当日）至少一次按板块涨停价核验的实际涨停，且最新收盘价严格高于MA25、当日MA25严格高于前一交易日MA25；通过后再按方向/非极端波动/不过热排序,268,False,,,257,4,未入选：未满足一级粗筛最低资格条件
300151,昌红科技,21.2,-0.012115563839701804,0.1228813559322035,0.3038130381303812,0.31188118811881194,,,,0.16550241805480934,-0.022591055786076675,0.2516170763260026,0.6577551113437923,29949249.6,16916409.6,1.7704258946295555,0.08728681448075339,0.04588150565709793,1.902440062301007,False,0.10205377937751425,0.0875725503584841,True,3,2,部分收敛/待确认,-0.022591055786076675,0.9225908372827801,0.2034514078110805,17.32,0.2240184757505772,0.009724133106359334,,,,0.01338432122370925,18.61,15.66,0.13917248790972603,0.3537675606641124,False,0,,创业板20%,17,5.2369077306733125,READY_FOR_BREAKOUT,False,False,3,False,21.55,,,,False,False,False,,,,,紧凑缩量平台形成，尚未出现放量突破,2,2,1,0,1,1,7,False,True,True,近10日速度偏快,硬资格：最近25个交易日（含当日）至少一次按板块涨停价核验的实际涨停，且最新收盘价严格高于MA25、当日MA25严格高于前一交易日MA25；通过后再按方向/非极端波动/不过热排序,268,False,,,257,4,未入选：未满足一级粗筛最低资格条件
300209,行云科技,38.15,0.02885652642934189,0.1327197149643704,0.07343837929093988,0.0991068856237396,,,,0.2026608910891088,-0.018523282737329505,0.16503067484662562,1.2280195259302886,72956505.4,72164608.9,1.0109734745614343,0.08353592333658144,0.09868746851611317,0.8464694108851535,True,0.013993174061433411,0.008788431840516697,True,3,2,部分收敛/待确认,-0.018523282737329505,0.9083969465648856,0.07858243451463776,34.95,0.09155937052932739,0.0019264508583027862,,,,0.050674745249242426,32.32,32.32,0.1803836633663365,0.1803836633663365,False,0,,创业板20%,6,4.953560371517041,INELIGIBLE,False,False,0,False,,,,,False,False,True,,,,,未形成合格的短周期缩量平台或呈N型走势,2,2,0,1,1,1,7,False,True,True,近5日波动仍偏大,硬资格：最近25个交易日（含当日）至少一次按板块涨停价核验的实际涨停，且最新收盘价严格高于MA25、当日MA25严格高于前一交易日MA25；通过后再按方向/非极端波动/不过热排序,268,False,,,257,4,未入选：未满足一级粗筛最低资格条件
300413,芒果超媒,19.32,0.015772870662460692,0.15481171548117145,-0.06304558680892336,0.3731343283582089,,,,0.2000000000000001,-0.1778723404255319,0.40634350688210646,0.49219440353461,101302191.0,168997063.7,0.5994316633798413,0.0976580034272645,0.1654077230567919,0.5904077610314127,True,0.053248993674525735,-0.040322580645161255,False,3,2,部分收敛/待确认,-0.1778723404255319,0.5686274509803921,0.06115947601131477,17.492,0.10450491653327232,0.009627594486643742,,,,0.045454545454545414,16.4,16.4,0.17804878048780504,0.17804878048780504,False,0,,创业板20%,5,6.580493537015286,RETEST_STABILIZING,False,False,3,False,17.5,2026-09-17,1.8321656269926416,0.7276867318394958,True,True,True,,0.13038483630097641,19.5,0.7883112857269046,突破后处于一周内确认窗，守位/缩量/横住或小平台再突破条件尚未全部成立,2,2,0,1,1,1,7,False,True,True,近5日波动仍偏大,硬资格：最近25个交易日（含当日）至少一次按板块涨停价核验的实际涨停，且最新收盘价严格高于MA25、当日MA25严格高于前一交易日MA25；通过后再按方向/非极端波动/不过热排序,268,False,,,257,4,未入选：未满足一级粗筛最低资格条件
300434,金石亚药,12.66,0.016051364365970988,0.23151750972762652,0.13440860215053774,0.0488815244407621,,,,0.3588987217305802,-0.08393632416787267,0.15694164989939643,2.2868290346166447,48759291.2,12431807.4,3.92214017086526,0.14200498506485412,0.03620599440063518,3.9221401708652657,False,0.12151097878675121,0.03785780240073877,True,3,1,结构未成熟,-0.08393632416787267,0.7010309278350516,0.12288793294602862,11.411599999999998,0.1093974552210033,-7.009919035450007e-05,,,,-0.001577287066246047,10.17,9.94,0.2448377581120944,0.27364185110663986,True,1,2026-09-17,创业板20%,25,19.980787704130655,RETEST_STABILIZING,True,False,5,False,10.53,2026-09-17,4.433066036858055,1.413518817294982,True,True,False,,0.1487946799667499,13.82,0.6607486689052543,突破后处于一周内确认窗，守位/缩量/横住或小平台再突破条件尚未全部成立,2,2,0,1,1,1,7,False,True,False,MA25未上扬,硬资格：最近25个交易日（含当日）至少一次按板块涨停价核验的实际涨停，且最新收盘价严格高于MA25、当日MA25严格高于前一交易日MA25；通过后再按方向/非极端波动/不过热排序,268,False,,,257,4,未入选：未满足一级粗筛最低资格条件
300553,集智股份,66.3,-0.01850481125092529,0.2074303405572755,0.1458693397856896,0.5102505694760819,,,,0.27499541368556235,-0.04604316546762599,0.2912280701754386,0.9442613602456056,7220042.4,6426760.3,1.1234342130357655,0.10532147522218598,0.0745837700579742,1.4121232426346813,False,0.13926203616925248,0.07738297681911765,True,3,2,部分收敛/待确认,-0.04604316546762599,0.8949441891004595,0.22616559708531359,51.550399999999996,0.28611999130947585,0.015811460550169354,,,,-0.04329004329004327,54.51,49.57,0.21629058888277375,0.33750252168650396,False,0,,创业板20%,17,12.831513260530425,READY_FOR_BREAKOUT,False,False,3,False,69.5,,,,False,False,False,,,,,紧凑缩量平台形成，尚未出现放量突破,2,2,0,1,1,1,7,False,True,True,近5日波动仍偏大,硬资格：最近25个交易日（含当日）至少一次按板块涨停价核验的实际涨停，且最新收盘价严格高于MA25、当日MA25严格高于前一交易日MA25；通过后再按方向/非极端波动/不过热排序,268,False,,,257,4,未入选：未满足一级粗筛最低资格条件
300570,太辰光,227.46,0.016808225301743418,0.17012191985184444,0.12855370875713223,0.12215096201282694,,,,0.2566714935870914,-0.06391209514794849,0.19542036143225947,1.3134327032552544,23032911.2,15970401.0,1.4422249760666623,0.12816646577290927,0.08223538785108,1.558531784455201,False,0.08559729112528558,0.04623603981298463,True,3,1,结构未成熟,-0.06391209514794849,0.7603764851103225,0.11751166224086984,203.3824,0.11838585836335902,0.005575145806181014,,,,-0.011043478260869488,193.36,191.63,0.17635498551923878,0.1869748995460001,False,0,,创业板20%,17,18.377988572696502,RETEST_STABILIZING,True,False,3,False,203.56,2026-09-16,1.405790766224382,1.1226774289410077,True,True,False,,0.18134085273955958,242.99,0.886486444703916,突破后处于一周内确认窗，守位/缩量/横住或小平台再突破条件尚未全部成立,2,2,0,1,1,1,7,False,True,True,近5日波动仍偏大,硬资格：最近25个交易日（含当日）至少一次按板块涨停价核验的实际涨停，且最新收盘价严格高于MA25、当日MA25严格高于前一交易日MA25；通过后再按方向/非极端波动/不过热排序,268,False,,,257,4,未入选：未满足一级粗筛最低资格条件
300613,富瀚微,83.74,0.01724975704567533,0.2476162097735397,0.1854473386183464,0.25246784325456173,,,,0.3048963652748573,-0.036141804788213605,0.22526283240568942,1.353513857651186,17452210.2,10398970.7,1.6782632342641373,0.07911532510358317,0.04960664784882612,1.5948532814529885,False,0.12842514730278576,0.04289445296088101,True,3,1,结构未成熟,-0.036141804788213605,0.8591928251121076,0.1374935477736423,72.8056,0.15018624940938596,0.004170850390051939,,,,0.040248447204968896,66.58,64.68,0.25773505557224397,0.294681508967223,False,0,,创业板20%,14,8.165199729180772,RETEST_STABILIZING,True,False,4,False,68.71,2026-09-16,2.1885524339176854,0.9874718615391457,True,True,False,,0.18981101068200493,83.5,0.9644855977707562,突破后处于一周内确认窗，守位/缩量/横住或小平台再突破条件尚未全部成立,2,2,0,1,1,1,7,False,True,True,近5日波动仍偏大,硬资格：最近25个交易日（含当日）至少一次按板块涨停价核验的实际涨停，且最新收盘价严格高于MA25、当日MA25严格高于前一交易日MA25；通过后再按方向/非极端波动/不过热排序,268,False,,,257,4,未入选：未满足一级粗筛最低资格条件
300688,创业黑马,36.78,0.0005440696409140244,0.10284857571214401,0.2527247956403271,0.17922411029176022,,,,0.15274390243902455,-0.027241470510447008,0.20412443201677746,0.7482881932843305,13502685.6,8724050.5,1.5477541768012462,0.10103112362397866,0.057327207610330194,1.7623590583849256,False,0.07103663932975368,0.06873281679580145,True,3,2,部分收敛/待确认,-0.027241470510447008,0.9213740458015266,0.14039439414609944,31.803600000000003,0.15647285212994744,0.0066851521251947155,,,,-0.0160513643659711,32.8,29.21,0.12134146341463437,0.2591578226634714,False,0,,创业板20%,17,9.592410400562201,READY_FOR_BREAKOUT,False,False,4,False,37.44,,,,False,False,False,,,,,紧凑缩量平台形成，尚未出现放量突破,2,2,1,0,1,1,7,False,True,True,近10日速度偏快,硬资格：最近25个交易日（含当日）至少一次按板块涨停价核验的实际涨停，且最新收盘价严格高于MA25、当日MA25严格高于前一交易日MA25；通过后再按方向/非极端波动/不过热排序,268,False,,,257,4,未入选：未满足一级粗筛最低资格条件
300788,中信出版,34.79,0.002593659942363047,0.07675642216032186,0.09574803149606304,0.4587002096436057,,,,0.2165584415584415,-0.0715238857752869,0.3698236982369822,0.5855721052783138,18705814.2,13620230.7,1.3733845345218711,0.09890581728996477,0.0689024498291387,1.4354470346878392,False,0.07115802545793204,0.07351877424870135,True,3,2,部分收敛/待确认,-0.0715238857752869,0.8150448585231194,0.19841543231140202,28.0808,0.23892481695678192,0.011162804096389145,,,,-0.03064920590693787,30.8,27.08,0.1295454545454544,0.2847119645494831,False,0,,创业板20%,6,2.4044654358093664,INELIGIBLE,False,False,0,False,,,,,False,False,False,,,,,未形成合格的短周期缩量平台或呈N型走势,2,2,0,1,1,1,7,False,True,True,近5日波动仍偏大,硬资格：最近25个交易日（含当日）至少一次按板块涨停价核验的实际涨停，且最新收盘价严格高于MA25、当日MA25严格高于前一交易日MA25；通过后再按方向/非极端波动/不过热排序,268,False,,,257,4,未入选：未满足一级粗筛最低资格条件
300802,矩子科技,27.7,-0.007168458781361964,0.15561118064246982,0.10182975338106592,0.18023008095440995,,,,0.2235841081994928,-0.04317789291882557,0.16194690265486725,1.3806013238547916,14706344.6,10502171.4,1.4003146625468328,0.08181597460238643,0.0508422955894029,1.6092108677217045,False,0.0993051066580477,0.040799772883967966,True,3,1,结构未成熟,-0.04317789291882557,0.8268698060941828,0.11626032641547446,24.448400000000003,0.13299847842803603,0.007483475365520187,,,,-0.016335227272727293,23.66,22.6,0.17075232459847833,0.2256637168141591,False,0,,创业板20%,17,8.742004264392333,INELIGIBLE,False,False,0,False,,,,,False,False,False,,,,,未形成合格的短周期缩量平台或呈N型走势,2,2,0,1,1,1,7,False,True,True,近5日波动仍偏大,硬资格：最近25个交易日（含当日）至少一次按板块涨停价核验的实际涨停，且最新收盘价严格高于MA25、当日MA25严格高于前一交易日MA25；通过后再按方向/非极端波动/不过热排序,268,False,,,257,4,未入选：未满足一级粗筛最低资格条件
300903,科翔股份,109.32,-0.0018261504747991708,-0.0009139097057211387,0.24142630024982958,0.3846738442051931,,,,0.10438095238095232,-0.05726112452569854,0.40543234487914265,0.2574559077472414,23911156.8,25468946.7,0.9388357155735852,0.07554057811596557,0.07369879986187085,1.0249906139251475,True,0.04140623533607379,0.06882094810358663,True,3,3,收敛较充分,-0.05726112452569854,0.848953594176524,0.13555035031499774,92.50439999999999,0.18178162336061865,0.010928436228203164,,,,-0.04398775688675116,105.0,80.26,0.04114285714285715,0.3620732618988287,False,0,,创业板20%,17,14.012818901596091,READY_FOR_BREAKOUT,False,False,3,False,111.88,,,,False,False,False,,,,,紧凑缩量平台形成，尚未出现放量突破,2,2,1,0,1,1,7,False,True,True,近10日速度偏快,硬资格：最近25个交易日（含当日）至少一次按板块涨停价核验的实际涨停，且最新收盘价严格高于MA25、当日MA25严格高于前一交易日MA25；通过后再按方向/非极端波动/不过热排序,268,False,,,257,4,未入选：未满足一级粗筛最低资格条件
300981,中红医疗,18.8,0.0005321979776478081,0.22635355512067834,0.1906269791006967,0.27285037237643883,,,,0.26821192052980125,-0.018276762402088642,0.18698060941828262,1.4344370860927143,19860955.8,12049301.0,1.648307715111441,0.0399948714840326,0.03293869950066142,1.214221329024526,False,0.1345601670582095,0.050083795281681054,True,3,1,结构未成熟,-0.018276762402088642,0.928425357873211,0.16423086450334412,15.866,0.18492373629144088,0.009364582538107236,,,,0.01897018970189701,15.1,14.44,0.2450331125827816,0.30193905817174516,False,0,,创业板20%,17,10.333551340745606,RETEST_STABILIZING,True,False,5,False,15.46,2026-09-17,1.648256237140558,1.9924587608713493,True,True,False,,0.20516047828823145,18.81,0.8122292494961663,突破后处于一周内确认窗，守位/缩量/横住或小平台再突破条件尚未全部成立,2,2,0,1,1,1,7,False,True,True,近5日波动仍偏大,硬资格：最近25个交易日（含当日）至少一次按板块涨停价核验的实际涨停，且最新收盘价严格高于MA25、当日MA25严格高于前一交易日MA25；通过后再按方向/非极端波动/不过热排序,268,False,,,257,4,未入选：未满足一级粗筛最低资格条件
300990,同飞股份,106.27,-0.009968324948760987,0.23497966298663564,0.13840385645420472,0.27789802789802787,,,,0.28975598255334195,-0.033909090909091,0.3364111286599441,0.8613150929565033,10400456.0,9573244.5,1.0864086882978912,0.1430731906071631,0.11554901986746635,1.238203411601991,False,0.1267878024646938,0.029988844412363047,True,3,2,部分收敛/待确认,-0.033909090909091,0.912605435801312,0.11831374241005177,90.6628,0.17214557679665732,0.013839499380487785,,,,0.04186274509803911,84.83,82.31,0.252740775668985,0.2910946422062932,False,0,,创业板20%,4,7.219132369299208,INELIGIBLE,False,False,0,False,,,,,False,False,False,,,,,未形成合格的短周期缩量平台或呈N型走势,2,2,0,1,1,1,7,False,True,True,近5日波动仍偏大,硬资格：最近25个交易日（含当日）至少一次按板块涨停价核验的实际涨停，且最新收盘价严格高于MA25、当日MA25严格高于前一交易日MA25；通过后再按方向/非极端波动/不过热排序,268,False,,,257,4,未入选：未满足一级粗筛最低资格条件
301045,天禄科技,70.33,-0.04130316248636856,0.05205684367988028,0.10097056981840935,0.10948099069253825,,,,0.19245283018867926,-0.10974683544303798,0.12680737909257098,1.517678478696309,4810863.4,2543371.8,1.8915297401661844,0.043793927172744,0.02804071145434084,1.5617980037366166,False,0.06723756090358801,0.03936028162175309,True,3,1,结构未成熟,-0.10974683544303798,0.5441640378548895,0.05491307804226864,66.30199999999999,0.06075231516394686,-0.0017946077457198228,,,,-0.058500669344042855,66.25,60.17,0.06158490566037744,0.1688549110852584,False,0,,创业板20%,4,2.739726027397249,INELIGIBLE,False,False,0,False,,,,,False,False,False,,,,,未形成合格的短周期缩量平台或呈N型走势,2,2,0,1,1,1,7,False,True,False,MA25未上扬,硬资格：最近25个交易日（含当日）至少一次按板块涨停价核验的实际涨停，且最新收盘价严格高于MA25、当日MA25严格高于前一交易日MA25；通过后再按方向/非极端波动/不过热排序,268,False,,,257,4,未入选：未满足一级粗筛最低资格条件
301060,兰卫医学,11.94,0.01100762066045724,0.1751968503937007,0.1253534401508012,0.04097646033129898,,,,0.1942517343904857,-0.019704433497536922,0.1386036960985626,1.401490291083949,22541988.2,11632800.2,1.93779552751194,0.05615234497239857,0.03109272548625614,1.8059640669718544,False,0.08252988816043194,0.031129900076864114,True,3,1,结构未成熟,-0.14469914040114618,0.5213270142180092,0.10591395359607292,10.955600000000002,0.08985359085764322,-0.0023675967072191995,,,,0.049209138840070166,10.09,9.74,0.18334985133795834,0.22587268993839826,False,0,,创业板20%,9,6.666666666666665,INELIGIBLE,False,False,0,False,,,,,False,False,False,,,,,未形成合格的短周期缩量平台或呈N型走势,2,2,0,1,1,1,7,False,True,False,MA25未上扬,硬资格：最近25个交易日（含当日）至少一次按板块涨停价核验的实际涨停，且最新收盘价严格高于MA25、当日MA25严格高于前一交易日MA25；通过后再按方向/非极端波动/不过热排序,268,False,,,257,4,未入选：未满足一级粗筛最低资格条件
301086,鸿富瀚,174.0,-0.011363636363636354,0.18512464241928894,0.1733764920089016,0.35292745509680423,,,,0.22297802870553027,-0.032204238277990904,0.30477011044098073,0.7316269577187109,5375930.4,6775390.0,0.7934495874038248,0.0809725122427647,0.09848184424617054,0.822207513096134,True,0.09188718800680351,0.036431329107701416,True,3,3,收敛较充分,-0.032204238277990904,0.9187482458602303,0.17197366426995808,143.048,0.21637492310273476,0.01244249416094556,,,,0.032702237521514466,147.01,141.1,0.1835929528603497,0.2331679659815733,False,0,,创业板20%,17,15.165911416459576,RETEST_STABILIZING,True,False,4,False,159.31,2026-09-18,1.2891493095748987,0.7386865164463562,True,False,False,,0.09062784349408552,,0.6820344229386918,突破后处于一周内确认窗，守位/缩量/横住或小平台再突破条件尚未全部成立,2,2,0,1,1,1,7,False,True,True,近5日波动仍偏大,硬资格：最近25个交易日（含当日）至少一次按板块涨停价核验的实际涨停，且最新收盘价严格高于MA25、当日MA25严格高于前一交易日MA25；通过后再按方向/非极端波动/不过热排序,268,False,,,257,4,未入选：未满足一级粗筛最低资格条件
301182,凯旺科技,73.47,-0.004606421894052359,0.15138692994828395,0.04242338251986366,0.04257130693912292,,,,0.24856870229007635,-0.06419564386702337,0.24875381894195206,0.9992558238797576,4099434.0,3931520.9,1.042709451194829,0.0502903843028831,0.044991210081456325,1.11778243376501,False,0.064282494365139,0.005393586005830953,True,3,2,部分收敛/待确认,-0.06419564386702337,0.6911764705882351,0.05324273180801642,69.26679999999999,0.06068130763944657,0.0001963808170597492,,,,-0.004741262530479462,62.88,62.19,0.16841603053435117,0.18137964302942589,False,0,,创业板20%,4,5.175544794188869,RETEST_STABILIZING,False,False,4,False,67.3,2026-09-17,1.2969594007726095,1.2586035914532572,True,False,True,,0.1493192797540624,78.51,0.8022796046095033,突破后处于一周内确认窗，守位/缩量/横住或小平台再突破条件尚未全部成立,2,2,0,1,1,1,7,False,True,True,近5日波动仍偏大,硬资格：最近25个交易日（含当日）至少一次按板块涨停价核验的实际涨停，且最新收盘价严格高于MA25、当日MA25严格高于前一交易日MA25；通过后再按方向/非极端波动/不过热排序,268,False,,,257,4,未入选：未满足一级粗筛最低资格条件
301205,联特科技,327.5,0.02024922118380057,0.20395559150062503,0.05959622104309559,0.07765712405396519,,,,0.23930328020413436,-0.039251349448486295,0.20358324350444204,1.1754566637450834,6983392.2,6154622.7,1.134658051418814,0.09473901535718288,0.07489261085674515,1.2649981656855307,False,0.09468079903299942,0.020061324903140054,True,3,1,结构未成熟,-0.039251349448486295,0.8322257053291536,0.08166844467637491,301.18559999999997,0.08736938286558193,0.0034917317923512936,,,,0.0037698838385387123,270.41,269.03,0.2111238489700824,0.21733635654016292,False,0,,创业板20%,17,13.446969696969703,INELIGIBLE,False,False,0,False,,,,,False,False,True,,,,,未形成合格的短周期缩量平台或呈N型走势,2,2,0,1,1,1,7,False,True,True,近5日波动仍偏大,硬资格：最近25个交易日（含当日）至少一次按板块涨停价核验的实际涨停，且最新收盘价严格高于MA25、当日MA25严格高于前一交易日MA25；通过后再按方向/非极端波动/不过热排序,268,False,,,257,4,未入选：未满足一级粗筛最低资格条件
301227,森鹰窗业,34.8,-0.01861252115059231,0.07506950880444863,0.013100436681222627,0.09056722030711373,,,,0.18052805280528061,-0.027117696393626156,0.1791143423661599,1.0078927818981167,3173415.2,2904117.9,1.0927294652878936,0.047155017859011966,0.035749807224309135,1.3190285912072701,False,0.04507042253521143,0.0008821829464911168,True,3,1,结构未成熟,-0.027117696393626156,0.9064609450337506,0.05460937026486423,32.3608,0.07537514523744782,0.009168361046315798,,,,0.03602262578148241,30.3,30.26,0.14851485148514842,0.15003304692663577,False,0,,创业板20%,14,6.76236044657097,INELIGIBLE,False,False,0,False,,,,,False,False,False,,,,,未形成合格的短周期缩量平台或呈N型走势,2,2,0,1,1,1,7,False,True,True,近5日波动仍偏大,硬资格：最近25个交易日（含当日）至少一次按板块涨停价核验的实际涨停，且最新收盘价严格高于MA25、当日MA25严格高于前一交易日MA25；通过后再按方向/非极端波动/不过热排序,268,False,,,257,4,未入选：未满足一级粗筛最低资格条件
301366,一博科技,72.16,0.0022222222222221255,0.08986557921764082,0.2512571527657359,0.31271602692377654,,,,0.14602307225258052,-0.04423841059602651,0.33134328358208953,0.4407002631046349,20333880.4,12273648.0,1.6567104091627851,0.17295090206225214,0.09660221419342811,1.790340972060432,False,0.09033110141900624,0.07792820646337106,True,3,2,部分收敛/待确认,-0.04423841059602651,0.8514895509115161,0.18025171942852003,60.017199999999995,0.20232200102637243,0.009717427438946435,,,,-0.024733072036761672,65.88,57.06,0.09532483302975114,0.26463371889239395,False,0,,创业板20%,17,6.154419992540094,INELIGIBLE,False,False,0,False,,,,,False,False,False,,,,,未形成合格的短周期缩量平台或呈N型走势,2,2,1,0,1,1,7,False,True,True,近10日速度偏快,硬资格：最近25个交易日（含当日）至少一次按板块涨停价核验的实际涨停，且最新收盘价严格高于MA25、当日MA25严格高于前一交易日MA25；通过后再按方向/非极端波动/不过热排序,268,False,,,257,4,未入选：未满足一级粗筛最低资格条件
301399,英特科技,22.34,-0.010190518387239722,0.16718913270637414,0.08288899660688331,0.28169822145725765,,,,0.20787401574803152,-0.04936170212765956,0.20374331550802152,1.0202740405480806,6243490.0,7210981.3,0.8658308405265176,0.11992743124051881,0.1382867083938334,0.867237586558006,True,0.08893219817417175,0.022104420884176745,True,3,2,部分收敛/待确认,-0.04936170212765956,0.8313953488372092,0.07344497032890485,20.069599999999998,0.11312632040499082,0.009659113776310901,,,,0.015454545454545388,19.05,18.7,0.17270341207349071,0.19465240641711223,False,0,,创业板20%,6,2.6474127557159832,RETEST_STABILIZING,True,False,5,False,20.2,2026-09-18,1.9162676693141782,0.5993742723478204,True,False,False,,0.08691544638639583,,0.8359806764391474,突破后处于一周内确认窗，守位/缩量/横住或小平台再突破条件尚未全部成立,2,2,0,1,1,1,7,False,True,True,近5日波动仍偏大,硬资格：最近25个交易日（含当日）至少一次按板块涨停价核验的实际涨停，且最新收盘价严格高于MA25、当日MA25严格高于前一交易日MA25；通过后再按方向/非极端波动/不过热排序,268,False,,,257,4,未入选：未满足一级粗筛最低资格条件
301419,阿莱德,48.48,0.018915510718789275,0.22952066954095862,0.17271407837445563,0.24307692307692297,,,,0.26070238400410156,-0.014233428222854894,0.20226308345120222,1.2889271712650339,10776865.2,7418355.0,1.4527297763452949,0.1049579948247114,0.06725584927925178,1.560577941539586,False,0.12532572889522564,0.06486244687989284,True,3,1,结构未成熟,-0.014233428222854894,0.9493853940708602,0.1983981806496269,40.2388,0.2048073004165134,0.00932094553919005,,,,-0.012627291242362615,39.01,37.5,0.24275826711099713,0.29279999999999995,False,0,,创业板20%,17,14.257703081232487,INELIGIBLE,False,False,0,False,,,,,False,False,False,,,,,未形成合格的短周期缩量平台或呈N型走势,2,2,0,1,1,1,7,False,True,True,近5日波动仍偏大,硬资格：最近25个交易日（含当日）至少一次按板块涨停价核验的实际涨停，且最新收盘价严格高于MA25、当日MA25严格高于前一交易日MA25；通过后再按方向/非极端波动/不过热排序,268,False,,,257,4,未入选：未满足一级粗筛最低资格条件
301486,致尚科技,218.87,-0.001869755563662867,0.22533870787145904,0.15877806014400675,0.2753918769302488,,,,0.24010422441512363,-0.02154767758952114,0.2186141960405601,1.098301156849743,9129144.0,7253678.3,1.2585537464488878,0.14491362678368327,0.09947604763833122,1.4567690436450709,False,0.11415811732746106,0.049368942920743786,True,3,1,结构未成熟,-0.02154767758952114,0.9240586103671027,0.15433806330479172,185.7336,0.17840821477643254,0.007785183625720782,,,,-0.014054687148069789,180.38,172.02,0.21338285841002325,0.27235205208696667,False,0,,创业板20%,17,14.748369058713884,READY_FOR_BREAKOUT,False,False,3,False,222.0,,,,False,False,False,,,,,紧凑缩量平台形成，尚未出现放量突破,2,2,0,1,1,1,7,False,True,True,近5日波动仍偏大,硬资格：最近25个交易日（含当日）至少一次按板块涨停价核验的实际涨停，且最新收盘价严格高于MA25、当日MA25严格高于前一交易日MA25；通过后再按方向/非极端波动/不过热排序,268,False,,,257,4,未入选：未满足一级粗筛最低资格条件
301529,福赛科技,135.34,-0.018564176939811494,0.22092918358141644,0.06945871197155284,0.15665327749764968,,,,0.299351851851852,-0.035559039407111914,0.2265250493467432,1.3214955816812664,4374891.2,3076413.8,1.422075014746066,0.06857310168532647,0.04866679564410323,1.4090326017516466,False,0.10199747941232307,0.03483788938334409,True,3,1,结构未成熟,-0.035559039407111914,0.9081538744708263,0.13605553526984893,116.1716,0.16500074028420042,0.010556899041389123,,,,0.04744214844052319,108.0,108.0,0.2531481481481481,0.2531481481481481,False,0,,创业板20%,17,17.476635514018703,INELIGIBLE,False,False,0,False,,,,,False,False,True,,,,,未形成合格的短周期缩量平台或呈N型走势,2,2,0,1,1,1,7,False,True,True,近5日波动仍偏大,硬资格：最近25个交易日（含当日）至少一次按板块涨停价核验的实际涨停，且最新收盘价严格高于MA25、当日MA25严格高于前一交易日MA25；通过后再按方向/非极端波动/不过热排序,268,False,,,257,4,未入选：未满足一级粗筛最低资格条件
301583,托伦斯,136.19,-0.0286019971469329,0.17557186016400528,0.17152688172043007,0.10660599658730807,,,,0.24354307505633555,-0.05080847504878727,0.1325413899541671,1.837486955135697,8815549.0,3334388.9,2.643827479152177,0.2512202640688972,0.10814921865464759,2.322904105956768,False,0.13851614578824356,0.058688674919761485,True,3,1,结构未成熟,-0.18770130025050702,0.48197530864197535,0.11753893620862277,123.3424,0.10416207240981201,-0.008019971111375535,,,,-0.04098302936412923,115.38,106.91,0.18036054775524346,0.2738752221494716,True,1,2026-09-18,创业板20%,25,19.999999999999996,INELIGIBLE,False,False,0,False,,,,,False,False,False,,,,,未形成合格的短周期缩量平台或呈N型走势,2,2,0,1,1,1,7,False,True,False,MA25未上扬,硬资格：最近25个交易日（含当日）至少一次按板块涨停价核验的实际涨停，且最新收盘价严格高于MA25、当日MA25严格高于前一交易日MA25；通过后再按方向/非极端波动/不过热排序,268,False,,,257,4,未入选：未满足一级粗筛最低资格条件
301626,苏州天脉,331.99,-3.0120481927631282e-05,0.11555779569892466,0.23045847077573112,0.28344995554180996,,,,0.17838926174496653,-0.054590500056954094,0.23456281903507326,0.7605180670952487,3198647.0,2343054.0,1.3651614516780237,0.05939739356749687,0.0456736530243859,1.3004738976272303,False,0.06987302403120688,0.06720655052939528,True,3,2,部分收敛/待确认,-0.054590500056954094,0.8239992655159749,0.16736552475891586,278.8768,0.1904539925874078,0.005484655799269822,,,,-0.008985074626865597,298.0,270.01,0.11406040268456374,0.22954705381282192,False,0,,创业板20%,17,7.268077536043882,RETEST_STABILIZING,True,False,4,False,298.44,2026-09-16,1.3981883849212005,0.9888345412948074,True,False,False,,0.10776025236593068,340.0,0.9680758551112089,突破后处于一周内确认窗，守位/缩量/横住或小平台再突破条件尚未全部成立,2,2,1,0,1,1,7,False,True,True,近10日速度偏快,硬资格：最近25个交易日（含当日）至少一次按板块涨停价核验的实际涨停，且最新收盘价严格高于MA25、当日MA25严格高于前一交易日MA25；通过后再按方向/非极端波动/不过热排序,268,False,,,257,4,未入选：未满足一级粗筛最低资格条件
600088,中视传媒,15.17,0.024307900067521926,0.05055401662049874,0.15449010654490092,0.3134199134199134,,,,0.21141185076810526,-0.08393719806763278,0.35648535564853573,0.5930449804410461,51787075.8,22739358.8,2.277420232271457,0.1484721694194511,0.05717624559222578,2.5967456918794047,False,0.04280102939184616,0.05637308734167967,True,3,2,部分收敛/待确认,-0.08393719806763278,0.7397003745318353,0.14201829337147598,12.9052,0.17549514924216592,0.011315904958936862,,,,-0.06415792720542879,13.67,12.03,0.10972933430870513,0.26101413133832096,False,0,,沪深主板10%,17,5.967741935483883,INELIGIBLE,False,False,0,False,,,,,False,False,False,,,,,未形成合格的短周期缩量平台或呈N型走势,2,2,0,1,1,1,7,False,True,True,近5日波动仍偏大,硬资格：最近25个交易日（含当日）至少一次按板块涨停价核验的实际涨停，且最新收盘价严格高于MA25、当日MA25严格高于前一交易日MA25；通过后再按方向/非极端波动/不过热排序,268,False,,,257,4,未入选：未满足一级粗筛最低资格条件
600237,铜峰电子,10.12,0.054166666666666696,0.05306971904266389,0.22222222222222232,0.22666666666666657,,,,0.08119658119658119,0.0,0.2531017369727046,0.32080610021786504,56789369.8,48037543.6,1.1821872132529274,0.08032320465628524,0.07690734685952022,1.0444152338658161,False,0.010453690152623984,0.05001121327651936,True,3,2,部分收敛/待确认,0.0,1.0,0.14053871294939713,8.756,0.1557788944723617,0.005512172714745134,,,,0.035823950870010224,9.36,8.07,0.08119658119658113,0.25402726146220567,False,0,,沪深主板10%,17,5.41666666666667,BREAKOUT_AWAIT_RETEST,True,False,5,False,9.77,2026-09-22,1.7292664089416667,,False,False,False,,,,,首次放量突破，仅观察，等待缩量回踩确认,2,2,1,0,1,1,7,False,True,True,近10日速度偏快,硬资格：最近25个交易日（含当日）至少一次按板块涨停价核验的实际涨停，且最新收盘价严格高于MA25、当日MA25严格高于前一交易日MA25；通过后再按方向/非极端波动/不过热排序,268,False,,,257,4,未入选：未满足一级粗筛最低资格条件
600487,亨通光电,73.0,0.017421602787456525,0.16949695610381288,0.15671050546664556,0.13003095975232215,,,,0.22966661298115623,-0.04387688277668622,0.12332571055210712,1.8622768273783297,204057136.8,149174371.0,1.3679101539499705,0.0848100022865955,0.058845141890743635,1.4412405096084262,False,0.07199384141647425,0.03864352088859935,True,3,1,结构未成熟,-0.04387688277668622,0.8268733850129202,0.09725760752748758,65.5492,0.11366729113398799,0.004653187341368659,,,,0.02903862418945602,62.09,61.8,0.17571267514897726,0.18122977346278324,False,0,,沪深主板10%,17,9.97994755514422,RETEST_STABILIZING,True,False,5,False,65.8,2026-09-17,1.6569017711492375,0.88709404074972,True,True,False,,0.13194959229058548,74.28,1.0471255816278393,突破后处于一周内确认窗，守位/缩量/横住或小平台再突破条件尚未全部成立,2,2,0,1,1,1,7,False,True,True,近5日波动仍偏大,硬资格：最近25个交易日（含当日）至少一次按板块涨停价核验的实际涨停，且最新收盘价严格高于MA25、当日MA25严格高于前一交易日MA25；通过后再按方向/非极端波动/不过热排序,268,False,,,257,4,未入选：未满足一级粗筛最低资格条件
600712,南宁百货,5.74,-0.025466893039049143,0.05709023941068159,-0.06362153344208799,0.053211009174311874,,,,0.24536082474226814,-0.23568575233022626,0.3830570902394107,0.6405333068992866,63650984.4,47325535.6,1.344960677000769,0.11897589246894176,0.08285098990859098,1.4360225822311499,False,-0.04187366926898517,-0.015061770181079903,False,3,1,结构未成熟,-0.23568575233022626,0.3345864661654137,-0.003558718861209953,5.67,0.012345679012345734,0.0016252119841717594,,,,0.0,4.85,4.85,0.1835051546391755,0.1835051546391755,False,0,,沪深主板10%,3,1.7045454545454586,INELIGIBLE,False,False,0,False,,,,,False,False,True,,,,,未形成合格的短周期缩量平台或呈N型走势,2,2,0,1,1,1,7,False,True,True,近5日波动仍偏大,硬资格：最近25个交易日（含当日）至少一次按板块涨停价核验的实际涨停，且最新收盘价严格高于MA25、当日MA25严格高于前一交易日MA25；通过后再按方向/非极端波动/不过热排序,268,False,,,257,4,未入选：未满足一级粗筛最低资格条件
600828,茂业商业,4.62,0.045248868778280604,0.1295843520782396,-0.08333333333333337,0.14640198511166247,,,,0.23350253807106608,-0.149171270718232,0.334152334152334,0.6987906837862055,36552501.8,80718290.4,0.4528403862230461,0.0234921060599348,0.04662131616852745,0.5038919530931982,True,0.016579819990525824,-0.03919007184846501,False,3,2,部分收敛/待确认,-0.149171270718232,0.5030674846625769,0.03194103194103204,4.3675999999999995,0.05778917483286028,0.005525370660281581,,,,0.04761904761904767,3.94,3.94,0.17258883248730972,0.17258883248730972,False,0,,沪深主板10%,4,4.52488687782806,INELIGIBLE,False,False,0,False,,,,,False,False,True,,,,,未形成合格的短周期缩量平台或呈N型走势,2,2,0,1,1,1,7,False,True,True,近5日波动仍偏大,硬资格：最近25个交易日（含当日）至少一次按板块涨停价核验的实际涨停，且最新收盘价严格高于MA25、当日MA25严格高于前一交易日MA25；通过后再按方向/非极端波动/不过热排序,268,False,,,257,4,未入选：未满足一级粗筛最低资格条件
600892,大晟文化,4.32,0.04600484261501214,0.09367088607594942,-0.12016293279022405,0.10769230769230775,,,,0.16062176165803124,-0.26655348047538197,0.49492385786802023,0.32453832868340676,42892840.0,110725752.9,0.3873790773745102,0.0559681863141644,0.19796510898199698,0.2827174273384416,True,0.021945137157107553,-0.05040276179516712,False,3,2,部分收敛/待确认,-0.26655348047538197,0.30222222222222234,-0.01873935264054505,4.28,0.009345794392523477,0.0046948356807512415,,,,0.04096385542168668,3.86,3.86,0.11917098445595875,0.11917098445595875,False,0,,沪深主板10%,4,4.600484261501214,BREAKOUT_AWAIT_RETEST,False,False,5,False,4.15,2026-09-22,1.8932600252373102,,False,False,True,,,,,首次放量突破，仅观察，等待缩量回踩确认,2,2,1,1,0,1,7,False,True,True,,硬资格：最近25个交易日（含当日）至少一次按板块涨停价核验的实际涨停，且最新收盘价严格高于MA25、当日MA25严格高于前一交易日MA25；通过后再按方向/非极端波动/不过热排序,268,False,,,257,4,未入选：未满足一级粗筛最低资格条件
601218,吉鑫科技,5.26,-0.03308823529411775,0.015444015444015413,0.15604395604395593,0.1741071428571428,,,,0.2194616977225672,-0.1069609507640068,0.16143497757847527,1.359443294225903,200979975.6,33266698.8,6.041476396810374,0.25650124058867424,0.03432977124943844,7.471685107510585,False,0.06081871345029244,0.056014882182720216,True,3,1,结构未成熟,-0.1069609507640068,0.6227544910179641,0.09196595391322382,4.728,0.11252115059221657,0.005957446808510625,,,,-0.08362369337979103,4.83,4.5,0.08902691511387162,0.16888888888888887,False,0,,沪深主板10%,17,5.41176470588236,INELIGIBLE,False,False,0,False,,,,,False,False,False,,,,,未形成合格的短周期缩量平台或呈N型走势,2,2,0,1,1,1,7,False,True,True,近5日波动仍偏大,硬资格：最近25个交易日（含当日）至少一次按板块涨停价核验的实际涨停，且最新收盘价严格高于MA25、当日MA25严格高于前一交易日MA25；通过后再按方向/非极端波动/不过热排序,268,False,,,257,4,未入选：未满足一级粗筛最低资格条件
603038,华立股份,17.57,0.0034266133637921303,0.15440210249671482,0.06549423893268669,0.01678240740740744,,,,0.21973684210526315,-0.05231930960086295,0.16271409749670612,1.350447474962711,9481640.4,5972766.4,1.5874788607168697,0.03772980195789357,0.02308850072084498,1.6341382411128147,False,0.07893413775766711,0.022875209224474613,True,3,1,结构未成熟,-0.05231930960086295,0.7113095238095241,0.050994466876028044,16.7192,0.050887602277621014,0.0037462177609144387,,,,0.006876790830945723,15.2,15.18,0.15592105263157907,0.15744400527009228,False,0,,沪深主板10%,17,7.040572792362765,RETEST_STABILIZING,True,False,3,False,15.6,2026-09-16,3.110151954981107,0.6769973532351694,True,True,False,,0.16165413533834574,17.71,1.3016467779460952,突破后处于一周内确认窗，守位/缩量/横住或小平台再突破条件尚未全部成立,2,2,0,1,1,1,7,False,True,True,近5日波动仍偏大,硬资格：最近25个交易日（含当日）至少一次按板块涨停价核验的实际涨停，且最新收盘价严格高于MA25、当日MA25严格高于前一交易日MA25；通过后再按方向/非极端波动/不过热排序,268,False,,,257,4,未入选：未满足一级粗筛最低资格条件
603042,华脉科技,17.7,-0.06988964792433006,0.13461538461538458,0.0430170889805539,0.2724658519051042,,,,0.22537025112685138,-0.06988964792433006,0.3421998562185479,0.6585924775576684,48101755.0,25705617.6,1.8712545930038265,0.22056286455111432,0.11116976294667483,1.984018484027104,False,0.06839764394758996,0.04603549579017496,True,3,2,部分收敛/待确认,-0.06988964792433006,0.7753378378378376,0.11048371917937128,15.486,0.14296784192173573,0.009780907668231809,,,,-0.04582210242587603,15.53,15.14,0.13972955569864776,0.16908850726552171,False,0,,沪深主板10%,6,4.090909090909101,INELIGIBLE,False,False,0,False,,,,,False,False,True,,,,,未形成合格的短周期缩量平台或呈N型走势,2,2,0,1,1,1,7,False,True,True,近5日波动仍偏大,硬资格：最近25个交易日（含当日）至少一次按板块涨停价核验的实际涨停，且最新收盘价严格高于MA25、当日MA25严格高于前一交易日MA25；通过后再按方向/非极端波动/不过热排序,268,False,,,257,4,未入选：未满足一级粗筛最低资格条件
603061,金海通股份,344.3,-0.03638399104394063,0.11064516129032254,0.08256823041126893,0.013929381276320152,,,,0.18096774193548396,-0.05954657197487023,0.15739726027397252,1.1497515371009865,4930341.4,2895394.2,1.70282215803292,0.0599004827586206,0.033280393103448214,1.7998730535551954,False,0.0838232160539476,0.031967582170193465,True,3,1,结构未成熟,-0.07441260282810902,0.6539134783695923,0.04372077513622474,333.3736,0.0327752407509172,-0.002698372241348168,,,,-0.04626038781163433,310.0,292.0,0.11064516129032254,0.17910958904109586,False,0,,沪深主板10%,4,7.144804191779985,READY_FOR_BREAKOUT,False,False,3,False,363.3,,,,False,False,False,,,,,紧凑缩量平台形成，尚未出现放量突破,2,2,0,1,1,1,7,False,True,False,MA25未上扬,硬资格：最近25个交易日（含当日）至少一次按板块涨停价核验的实际涨停，且最新收盘价严格高于MA25、当日MA25严格高于前一交易日MA25；通过后再按方向/非极端波动/不过热排序,268,False,,,257,4,未入选：未满足一级粗筛最低资格条件
603268,松发股份,219.0,-0.011509817197021044,0.11934577050856121,0.13825363825363812,0.14539748953974896,,,,0.243048740595355,-0.03947368421052633,0.12419889502762425,1.956931585754416,10162392.2,4648750.9,2.186047912354262,0.04485190995011327,0.02043255045156536,2.195120479767474,False,0.06187239142113321,0.035958639847728735,True,3,1,结构未成熟,-0.03947368421052633,0.8301886792452831,0.12127425907579359,192.67680000000001,0.13661842006925573,0.007148636866392,,,,0.03301886792452824,183.42,183.42,0.19398102715080157,0.19398102715080157,False,0,,沪深主板10%,17,5.676228375614878,INELIGIBLE,False,False,0,False,,,,,False,False,False,,,,,未形成合格的短周期缩量平台或呈N型走势,2,2,0,1,1,1,7,False,True,True,近5日波动仍偏大,硬资格：最近25个交易日（含当日）至少一次按板块涨停价核验的实际涨停，且最新收盘价严格高于MA25、当日MA25严格高于前一交易日MA25；通过后再按方向/非极端波动/不过热排序,268,False,,,257,4,未入选：未满足一级粗筛最低资格条件
603386,骏亚科技,18.95,0.05160932297447274,0.01608579088471851,0.297945205479452,0.3692196531791907,,,,0.1084198385236447,-0.014047866805411036,0.3773584905660378,0.28731257208765837,27242070.8,17394222.9,1.566156243749182,0.10059310946812866,0.053303770661764796,1.887166859290967,False,0.02533783783783794,0.07258763780502941,True,3,2,部分收敛/待确认,-0.014047866805411036,0.9550748752079867,0.20328920214623603,15.331600000000002,0.23600928800647014,0.012361004727820202,,,,0.0010565240359217132,17.34,14.53,0.0928489042675893,0.3041982105987613,False,0,,沪深主板10%,17,5.160932297447274,INELIGIBLE,False,False,0,False,,,,,False,False,False,,,,,未形成合格的短周期缩量平台或呈N型走势,2,2,1,0,1,1,7,False,True,True,近10日速度偏快,硬资格：最近25个交易日（含当日）至少一次按板块涨停价核验的实际涨停，且最新收盘价严格高于MA25、当日MA25严格高于前一交易日MA25；通过后再按方向/非极端波动/不过热排序,268,False,,,257,4,未入选：未满足一级粗筛最低资格条件
603439,三力制药,14.46,0.0055632823365785455,0.022630834512022746,0.1881676253081348,0.17085020242914983,,,,0.18854415274463002,-0.04680290046143698,0.3904674610449129,0.4828677714657074,41760398.2,17942365.0,2.3274745664799488,0.11699133253236964,0.04442936658888865,2.633198299109401,False,0.029073199527744897,0.041172800998128256,True,3,2,部分收敛/待确认,-0.04680290046143698,0.8333333333333336,0.12951101390407738,12.738,0.13518605746585033,0.00549398503362708,,,,-0.032128514056224855,12.57,10.91,0.15035799522673043,0.32538955087076094,False,0,,沪深主板10%,17,4.333605887162717,INELIGIBLE,False,False,0,False,,,,,False,False,False,,,,,未形成合格的短周期缩量平台或呈N型走势,2,2,0,1,1,1,7,False,True,True,近5日波动仍偏大,硬资格：最近25个交易日（含当日）至少一次按板块涨停价核验的实际涨停，且最新收盘价严格高于MA25、当日MA25严格高于前一交易日MA25；通过后再按方向/非极端波动/不过热排序,268,False,,,257,4,未入选：未满足一级粗筛最低资格条件
603955,大千生态,24.85,0.02053388090349073,0.12138989169675085,0.11936936936936937,0.23631840796019898,,,,0.1415525114155252,-0.005999999999999894,0.14455445544554466,0.9792331269156188,2620040.0,2769675.3,0.9459737031268611,0.015546615581098266,0.021505645814913012,0.7229085661923029,True,0.06321942446043183,0.033361924969526946,True,3,3,收敛较充分,-0.005999999999999894,0.977544910179641,0.13333181310286646,21.366,0.16306281007207724,0.009735349716446073,,,,0.06652360515021472,21.9,21.32,0.1347031963470322,0.16557223264540344,False,0,,沪深主板10%,14,5.422885572139302,INELIGIBLE,False,False,0,False,,,,,False,False,False,,,,,未形成合格的短周期缩量平台或呈N型走势,2,2,1,1,1,0,7,False,True,True,,硬资格：最近25个交易日（含当日）至少一次按板块涨停价核验的实际涨停，且最新收盘价严格高于MA25、当日MA25严格高于前一交易日MA25；通过后再按方向/非极端波动/不过热排序,268,False,,,257,4,未入选：未满足一级粗筛最低资格条件
688035,德邦科技股份,82.62,-0.032552693208430905,0.1717486881293433,0.18332855915210566,0.27973977695167296,,,,0.23492245835726594,-0.03930232558139535,0.21971383147853737,1.0692201614089745,8249085.6,6607133.3,1.2485120589287944,0.05326966394825644,0.04645059969066362,1.1468025020775658,False,0.09301627989419448,0.06138721704766037,True,3,1,结构未成熟,-0.03930232558139535,0.8614754098360657,0.15268709191361118,70.4216,0.17321958035602725,0.006270112084683754,,,,0.014489194499017755,69.64,67.96,0.1863871338311316,0.21571512654502656,False,0,,科创板20%,17,8.465525365164117,RETEST_STABILIZING,True,False,3,False,72.99,2026-09-16,1.4109006596812248,0.9550243251992235,True,False,False,,0.12757309558148688,85.5,0.95299642556806,突破后处于一周内确认窗，守位/缩量/横住或小平台再突破条件尚未全部成立,2,2,0,1,1,1,7,False,True,True,近5日波动仍偏大,硬资格：最近25个交易日（含当日）至少一次按板块涨停价核验的实际涨停，且最新收盘价严格高于MA25、当日MA25严格高于前一交易日MA25；通过后再按方向/非极端波动/不过热排序,268,False,,,257,4,未入选：未满足一级粗筛最低资格条件
688205,德科立光电子,224.21,-0.07778051990786439,0.07839930739262191,0.05809344030202923,0.46638325703073913,,,,0.196606345936933,-0.0811065573770492,0.40800047978889287,0.4818777321993857,12517558.6,15775775.5,0.7934670850253922,0.06127480274410416,0.09907073829248042,0.618495468997176,True,0.041349818722692167,0.03138572520364602,True,3,3,收敛较充分,-0.0811065573770492,0.79595834622126,0.11085512707130318,193.01,0.16164965545826648,0.010197758209917529,,,,-0.0032009958653803627,203.91,203.91,0.09955372468245804,0.09955372468245804,False,0,,科创板20%,14,10.414838952249639,INELIGIBLE,False,False,0,False,,,,,False,False,True,,,,,未形成合格的短周期缩量平台或呈N型走势,2,2,0,1,1,1,7,False,True,True,近5日波动仍偏大,硬资格：最近25个交易日（含当日）至少一次按板块涨停价核验的实际涨停，且最新收盘价严格高于MA25、当日MA25严格高于前一交易日MA25；通过后再按方向/非极端波动/不过热排序,268,False,,,257,4,未入选：未满足一级粗筛最低资格条件
688216,气派科技,40.88,-0.0058365758754862496,0.1015898679601186,0.34296977660972416,0.3718120805369127,,,,0.1553344389165284,-0.022009569377990257,0.30203389830508465,0.514294719196138,11540978.4,6941966.9,1.6624940116035414,0.12193352615839743,0.06534125044905846,1.8661033469731285,False,0.0996889925580362,0.08967618592424409,True,3,2,部分收敛/待确认,-0.022009569377990257,0.9318518518518523,0.2180260707635011,32.89,0.24293098206141694,0.009515039901780264,,,,0.02791048529041995,36.18,30.42,0.12990602542841367,0.343852728468113,False,0,,科创板20%,17,4.080289568937134,INELIGIBLE,False,False,0,False,,,,,False,False,False,,,,,未形成合格的短周期缩量平台或呈N型走势,2,2,1,0,1,1,7,False,True,True,近10日速度偏快,硬资格：最近25个交易日（含当日）至少一次按板块涨停价核验的实际涨停，且最新收盘价严格高于MA25、当日MA25严格高于前一交易日MA25；通过后再按方向/非极端波动/不过热排序,268,False,,,257,4,未入选：未满足一级粗筛最低资格条件
688234,天岳先进,109.4,0.028388794886256896,0.15828480677607204,0.11860940695296529,0.028098862888826348,,,,0.1966744333827578,-0.031772723249845036,0.13790093825005456,1.4262008357487008,9404380.2,6143011.9,1.5309070457766814,0.0194639609960781,0.014295680750527751,1.3615273966830543,False,0.07842621091851587,0.028301886792452935,True,3,1,结构未成熟,-0.11774193548387091,0.5485466914038345,0.0721600987876947,103.3192,0.058854501389867586,-0.004336546875180702,,,,0.0072737317005802105,94.42,91.66,0.15865282779072243,0.19354134846170634,False,0,,科创板20%,4,2.8388794886256896,RETEST_STABILIZING,True,False,4,False,97.15,2026-09-16,2.2586690618970895,0.7363038308824541,True,True,False,,0.08383693045563544,109.98,1.179950797750414,突破后处于一周内确认窗，守位/缩量/横住或小平台再突破条件尚未全部成立,2,2,0,1,1,1,7,False,True,False,MA25未上扬,硬资格：最近25个交易日（含当日）至少一次按板块涨停价核验的实际涨停，且最新收盘价严格高于MA25、当日MA25严格高于前一交易日MA25；通过后再按方向/非极端波动/不过热排序,268,False,,,257,4,未入选：未满足一级粗筛最低资格条件
688293,奥浦迈生物,75.43,-0.0002650762094101866,0.17437334578857233,0.10455410748279403,0.27136355975054793,,,,0.26162697778488087,-0.04446414998733206,0.3724202626641653,0.7025046809034833,7030804.2,6025923.5,1.1667596178411492,0.05649694219093596,0.05013332296093839,1.1269339204775197,False,0.07545642593758428,0.06412480997497072,True,3,2,部分收敛/待确认,-0.04446414998733206,0.8743736578382251,0.19656085915068444,62.57280000000001,0.20547586171627286,0.007003810897106,,,,-0.0009271523178806529,62.57,62.57,0.2055298066165896,0.2055298066165896,False,0,,科创板20%,6,5.8297449486584885,INELIGIBLE,False,False,0,False,,,,,False,False,True,,,,,未形成合格的短周期缩量平台或呈N型走势,2,2,0,1,1,1,7,False,True,True,近5日波动仍偏大,硬资格：最近25个交易日（含当日）至少一次按板块涨停价核验的实际涨停，且最新收盘价严格高于MA25、当日MA25严格高于前一交易日MA25；通过后再按方向/非极端波动/不过热排序,268,False,,,257,4,未入选：未满足一级粗筛最低资格条件
688378,奥来德光电,52.2,-0.0007656967840734552,0.09663865546218497,0.21113689095127608,0.23638086215063958,,,,0.1479591836734694,-0.033333333333333326,0.18590998043052823,0.7958646616541362,11482634.8,10274890.1,1.117543320487681,0.044389790775203726,0.03735205899830851,1.1884161667557314,False,0.08954646967874935,0.05775797082169287,True,3,2,部分收敛/待确认,-0.033333333333333326,0.8692810457516342,0.1439842209072979,45.486,0.14760585674713123,0.0018148340660211204,,,,0.0040392383150607,47.04,40.88,0.10969387755102056,0.27690802348336585,False,0,,科创板20%,17,6.676170111665458,INELIGIBLE,False,False,0,False,,,,,False,False,False,,,,,未形成合格的短周期缩量平台或呈N型走势,2,2,1,0,1,1,7,False,True,True,近10日速度偏快,硬资格：最近25个交易日（含当日）至少一次按板块涨停价核验的实际涨停，且最新收盘价严格高于MA25、当日MA25严格高于前一交易日MA25；通过后再按方向/非极端波动/不过热排序,268,False,,,257,4,未入选：未满足一级粗筛最低资格条件
688432,有研硅,52.56,-0.03718629785675032,0.16670366259711433,0.1623175586023884,0.30746268656716413,,,,0.36004489337822687,-0.1325301204819277,0.40387679235262886,0.8914721028681145,77123776.4,65741408.8,1.173138480111184,0.0696420277307679,0.05327908271500869,1.3071176188089624,False,0.1122291021671824,0.05574306395805473,True,3,2,部分收敛/待确认,-0.1325301204819277,0.766773162939297,0.11563932755985729,45.357200000000006,0.1588016896986586,0.022111051018568695,,,,-0.09316770186335399,44.55,37.66,0.17979797979797985,0.3956452469463623,False,0,,科创板20%,9,17.623974313235813,INELIGIBLE,False,False,0,False,,,,,False,False,False,,,,,未形成合格的短周期缩量平台或呈N型走势,2,2,0,1,1,1,7,False,True,True,近5日波动仍偏大,硬资格：最近25个交易日（含当日）至少一次按板块涨停价核验的实际涨停，且最新收盘价严格高于MA25、当日MA25严格高于前一交易日MA25；通过后再按方向/非极端波动/不过热排序,268,False,,,257,4,未入选：未满足一级粗筛最低资格条件
688435,英方软件,31.04,0.02307185234014497,0.03570236903570234,-0.13537604456824515,0.04652730950775452,,,,0.12995358800428408,-0.21417721518987343,0.34858313417548653,0.37280515109162393,3443435.0,5135492.1,0.6705170474315403,0.0609567309536532,0.09162643370030943,0.6652745118622613,True,0.00648955587102007,-0.0478056670088024,False,3,2,部分收敛/待确认,-0.21417721518987343,0.2637075718015664,-0.0017687731146488472,30.901200000000003,0.004491734948804504,-0.0014347758647431652,,,,0.001290322580645098,28.01,28.01,0.10817565155301678,0.10817565155301678,False,0,,科创板20%,4,2.307185234014497,INELIGIBLE,False,False,3,False,31.0,,,,False,False,True,,,,,未形成合格的短周期缩量平台或呈N型走势,2,2,1,1,0,1,7,False,True,False,MA25未上扬,硬资格：最近25个交易日（含当日）至少一次按板块涨停价核验的实际涨停，且最新收盘价严格高于MA25、当日MA25严格高于前一交易日MA25；通过后再按方向/非极端波动/不过热排序,268,False,,,257,4,未入选：未满足一级粗筛最低资格条件
688443,智翔金泰,25.19,0.02774377804977557,0.1351960342496621,0.09379070777247067,0.020664505672609357,,,,0.1519160583941605,-0.049433962264150866,0.09981515711645102,1.5219738442822377,3406742.2,2321982.5,1.4671696276780726,0.0178738614966176,0.01619347583513489,1.1037693005868934,False,0.054542187078802984,0.014857193542664682,True,3,1,结构未成熟,-0.0906137184115523,0.5858085808580861,0.08313804742760089,23.7208,0.061937202792486046,-0.0021034210039206913,,,,0.07603588210166601,21.92,21.64,0.1491788321167884,0.16404805914972287,False,0,,科创板20%,4,3.477588871715609,RETEST_STABILIZING,True,False,5,False,22.53,2026-09-18,1.502832705543692,2.102595541904529,True,True,False,,0.09544468546637741,,1.0482838323594554,突破后处于一周内确认窗，守位/缩量/横住或小平台再突破条件尚未全部成立,2,2,1,1,1,0,7,False,True,False,MA25未上扬,硬资格：最近25个交易日（含当日）至少一次按板块涨停价核验的实际涨停，且最新收盘价严格高于MA25、当日MA25严格高于前一交易日MA25；通过后再按方向/非极端波动/不过热排序,268,False,,,257,4,未入选：未满足一级粗筛最低资格条件
688478,晶升股份,48.37,-0.01265564400898156,0.21471622300351578,0.15469085700644536,0.01192468619246867,,,,0.3074384361513074,-0.0607766990291263,0.17365112624410692,1.7704373291488555,8629111.8,3508932.7,2.4591841844102627,0.07101401969646277,0.02535977238239051,2.8002625033722293,False,0.12146088903400343,0.044941432080106036,True,3,1,结构未成熟,-0.1543706293706295,0.5357518401682437,0.08222396241190255,45.566,0.061537111003818534,-0.00625479796217443,,,,-0.024798387096774288,39.39,38.18,0.2279766438182278,0.2668936616029334,True,1,2026-09-16,科创板20%,25,19.98995479658463,RETEST_STABILIZING,True,False,4,False,41.06,2026-09-16,2.7636483983347317,1.0145116993586112,True,False,False,,0.09156422212802036,50.0,0.7347867122471374,突破后处于一周内确认窗，守位/缩量/横住或小平台再突破条件尚未全部成立,2,2,0,1,1,1,7,False,True,False,MA25未上扬,硬资格：最近25个交易日（含当日）至少一次按板块涨停价核验的实际涨停，且最新收盘价严格高于MA25、当日MA25严格高于前一交易日MA25；通过后再按方向/非极端波动/不过热排序,268,False,,,257,4,未入选：未满足一级粗筛最低资格条件
688600,皖仪科技,37.0,-0.01543374135178277,0.1158021712907118,0.1490683229813663,0.3602941176470589,,,,0.1888133498145859,-0.03821159344944114,0.2341750259425804,0.8062915721033498,7180248.0,7244627.4,0.9911134974312136,0.0547619678611199,0.05166575618210844,1.059927733721696,True,0.07959305804907224,0.037401928490147895,True,3,3,收敛较充分,-0.03821159344944114,0.8863987635239567,0.1395133969818294,31.358800000000002,0.1798920877074377,0.01124798452112219,,,,-0.025803054239073142,32.36,29.18,0.14338689740420274,0.26799177518848527,False,0,,科创板20%,17,7.30593607305936,INELIGIBLE,False,False,0,False,,,,,False,False,False,,,,,未形成合格的短周期缩量平台或呈N型走势,2,2,0,1,1,1,7,False,True,True,近5日波动仍偏大,硬资格：最近25个交易日（含当日）至少一次按板块涨停价核验的实际涨停，且最新收盘价严格高于MA25、当日MA25严格高于前一交易日MA25；通过后再按方向/非极端波动/不过热排序,268,False,,,257,4,未入选：未满足一级粗筛最低资格条件
688625,呈和科技,69.62,-0.029280535415504683,0.0350877192982455,0.2231201686577653,0.33167559296097937,,,,0.11718514044095447,-0.058934847256015166,0.31430230307722073,0.372842130947298,9444115.2,5757752.9,1.6402432275271832,0.041371993677747264,0.020894720838248445,1.9800213651102974,False,0.07807780038222067,0.07651889426810521,True,3,2,部分收敛/待确认,-0.058934847256015166,0.8181059657905716,0.15920311030079004,59.2004,0.17600556752994923,0.004493039860457904,,,,-0.033055555555555505,66.22,55.04,0.051344004832377,0.26489825581395365,False,0,,科创板20%,6,3.2494758909853205,INELIGIBLE,False,False,0,False,,,,,False,False,False,,,,,未形成合格的短周期缩量平台或呈N型走势,2,2,1,0,1,1,7,False,True,True,近10日速度偏快,硬资格：最近25个交易日（含当日）至少一次按板块涨停价核验的实际涨停，且最新收盘价严格高于MA25、当日MA25严格高于前一交易日MA25；通过后再按方向/非极端波动/不过热排序,268,False,,,257,4,未入选：未满足一级粗筛最低资格条件
000026,飞亚达,19.95,0.01526717557251911,0.08837970540098206,0.009104704097116834,-0.014814814814814836,,,,0.11661166116611667,-0.07852193995381063,0.2027777777777777,0.5750712057507126,7294746.2,9709488.1,0.7513008023564085,0.01924992587007,0.025738819227367645,0.7478946761319137,True,0.04638897858142288,-0.006559425269404673,True,3,3,收敛较充分,-0.15501905972045749,0.3475935828877004,0.01726028095760146,19.822400000000002,0.006437161998547047,-0.006495589414595049,,,,-0.006968641114982632,18.18,18.0,0.09735973597359737,0.10833333333333339,False,0,,沪深主板10%,17,6.9873417721519,EFFECTIVE_BREAKOUT_CONFIRMED,True,True,5,False,19.06,2026-09-18,1.8078235633144937,0.7249573108881037,True,True,False,ABOVE_PLATFORM_TIGHT_HOLD,0.04585265327150956,,1.073144406423988,放量突破后在平台上方缩量横住，低点稳定并重新缓慢走强,0,2,1,1,1,1,6,False,True,False,MA25未上扬,硬资格：最近25个交易日（含当日）至少一次按板块涨停价核验的实际涨停，且最新收盘价严格高于MA25、当日MA25严格高于前一交易日MA25；通过后再按方向/非极端波动/不过热排序,401,False,,,257,4,未入选：未满足一级粗筛最低资格条件
000523,红棉股份,3.49,-0.011331444759206666,0.0738461538461539,-0.11868686868686862,0.0738461538461539,,,,0.14012738853503182,-0.2729166666666666,0.49532710280373826,0.2828986900612907,195149078.0,193175576.7,1.0102161015057554,0.1213002501923796,0.11770947515934507,1.0305054034789778,False,-0.02627070245573948,-0.013955984970477897,False,3,1,结构未成熟,-0.2729166666666666,0.28804347826086973,-0.022819543609127635,3.5067999999999997,-0.004790692369111338,0.00515936711763354,,,,0.0,3.14,3.14,0.11146496815286633,0.11146496815286633,True,3,2026-09-09,沪深主板10%,17,10.1010101010101,INELIGIBLE,False,False,3,False,3.56,,,,False,False,True,,,,,未形成合格的短周期缩量平台或呈N型走势,2,0,1,1,1,1,6,False,False,True,收盘价未站上MA25,硬资格：最近25个交易日（含当日）至少一次按板块涨停价核验的实际涨停，且最新收盘价严格高于MA25、当日MA25严格高于前一交易日MA25；通过后再按方向/非极端波动/不过热排序,401,False,,,257,4,未入选：未满足一级粗筛最低资格条件
000620,盈新发展,3.37,0.030581039755351647,0.08012820512820507,0.015060240963855609,-0.028818443804034644,,,,0.1611842105263157,-0.04532577903682711,0.15254237288135583,1.0566520467836258,330757026.4,309146998.2,1.0699021123472774,0.0585284288235004,0.06960291064649911,0.8408905357529652,True,0.032608695652173836,0.016889738687061895,True,3,2,部分收敛/待确认,-0.08918918918918917,0.5599999999999999,0.053289576496327484,3.2348000000000003,0.041795474217880546,-0.0004943764676799134,,,,0.04334365325077405,3.04,3.04,0.10855263157894735,0.10855263157894735,True,1,2026-08-24,沪深主板10%,6,10.158730158730167,RETEST_STABILIZING,True,False,5,False,3.23,2026-09-21,1.2224430878117887,1.5062404515324008,True,False,False,,0.08282208588957056,,,突破后处于一周内确认窗，守位/缩量/横住或小平台再突破条件尚未全部成立,0,2,1,1,1,1,6,False,True,False,MA25未上扬,硬资格：最近25个交易日（含当日）至少一次按板块涨停价核验的实际涨停，且最新收盘价严格高于MA25、当日MA25严格高于前一交易日MA25；通过后再按方向/非极端波动/不过热排序,401,False,,,257,4,未入选：未满足一级粗筛最低资格条件
000716,黑芝麻,5.18,0.0,0.025742574257425765,-0.113013698630137,0.031872509960159334,,,,0.06085192697768777,-0.17384370015948958,0.17425742574257425,0.3492070809515037,27613086.2,61191379.4,0.4512577828895944,0.03764153565255846,0.08797002492072194,0.4278904739026821,True,-0.012364760432766575,-0.029346622369878284,False,3,2,部分收敛/待确认,-0.17384370015948958,0.3271604938271603,-0.04002965159377325,5.308400000000001,-0.02418807927059019,-0.0047247637618118565,,,,-0.0038461538461539435,4.93,4.93,0.05070993914807298,0.05070993914807298,False,0,,沪深主板10%,6,6.355932203389836,READY_FOR_BREAKOUT,False,False,5,False,5.2,,,,False,False,False,,,,,紧凑缩量平台形成，尚未出现放量突破,2,0,1,1,1,1,6,False,False,False,收盘价未站上MA25,硬资格：最近25个交易日（含当日）至少一次按板块涨停价核验的实际涨停，且最新收盘价严格高于MA25、当日MA25严格高于前一交易日MA25；通过后再按方向/非极端波动/不过热排序,401,False,,,257,4,未入选：未满足一级粗筛最低资格条件
000811,冰轮环境,39.95,-0.001998501124156893,0.09964216900633094,0.08530290681879915,-0.062206572769953006,,,,0.17673253548566661,-0.08350539114475797,0.12715456343599887,1.3899032068528314,51706407.8,34621295.6,1.4934856395148886,0.049232301432841095,0.03648079954261886,1.3495400882133965,False,0.06293668709018596,0.028472520395019574,True,3,1,结构未成熟,-0.13133289845618612,0.4301886792452832,0.031353667824089104,39.1332,0.02087230280171304,-0.0037879945012981864,,,,-0.04196642685851315,35.93,35.39,0.11188421931533554,0.12884995761514562,False,0,,沪深主板10%,17,6.683229813664582,RETEST_STABILIZING,True,False,5,False,37.79,2026-09-17,1.8849190533082492,1.2554481863994316,True,False,False,,0.1259653794940081,42.28,0.8679318344171885,突破后处于一周内确认窗，守位/缩量/横住或小平台再突破条件尚未全部成立,0,2,1,1,1,1,6,False,True,False,MA25未上扬,硬资格：最近25个交易日（含当日）至少一次按板块涨停价核验的实际涨停，且最新收盘价严格高于MA25、当日MA25严格高于前一交易日MA25；通过后再按方向/非极端波动/不过热排序,401,False,,,257,4,未入选：未满足一级粗筛最低资格条件
001326,联域股份,98.55,0.04054482103262602,0.2693199381761977,0.39155605761084455,0.4841867469879517,,,,0.3294675803900896,-0.02309674861221256,0.2346575977739992,1.4040354265767383,4508014.4,2176918.3,2.0708238797937435,0.20498800400882763,0.08903806266069153,2.3022513954509662,False,0.13528188822306442,0.09444617541673161,True,3,1,结构未成熟,-0.02309674861221256,0.9443648519579751,0.2755877994007132,74.3268,0.32590128997885004,0.01862744560599494,,,,0.049073876942729466,75.88,69.64,0.29876120189773325,0.4151349798966111,False,0,,沪深主板10%,6,4.668184775536766,INELIGIBLE,False,False,0,False,,,,,False,False,False,,,,,未形成合格的短周期缩量平台或呈N型走势,2,2,0,0,1,1,6,False,True,True,近5日波动仍偏大,硬资格：最近25个交易日（含当日）至少一次按板块涨停价核验的实际涨停，且最新收盘价严格高于MA25、当日MA25严格高于前一交易日MA25；通过后再按方向/非极端波动/不过热排序,401,False,,,257,4,未入选：未满足一级粗筛最低资格条件
001358,兴欣新材,25.0,-0.008330027766759285,0.0827197921178,0.008471157724889045,-0.031758326878388865,,,,0.11548556430446197,-0.0373507893723527,0.11283873833851617,1.0234567135800945,2606105.2,1392575.0,1.8714289715096135,0.06086214926876743,0.027974289546430046,2.1756459325893545,False,0.04893200578674173,0.00808012793535906,True,3,1,结构未成熟,-0.12891986062717764,0.40226171243941833,0.023227258774173754,24.671599999999998,0.013310851343244945,-0.003940377565686548,,,,0.004016064257028162,22.86,22.51,0.09361329833770782,0.11061750333185238,False,0,,沪深主板10%,17,2.5651634257343625,RETEST_STABILIZING,True,False,4,False,23.43,2026-09-16,3.8237498622848256,0.5193508428863604,True,False,False,,0.0750421585160203,25.25,0.5460602336313781,突破后处于一周内确认窗，守位/缩量/横住或小平台再突破条件尚未全部成立,0,2,1,1,1,1,6,False,True,False,MA25未上扬,硬资格：最近25个交易日（含当日）至少一次按板块涨停价核验的实际涨停，且最新收盘价严格高于MA25、当日MA25严格高于前一交易日MA25；通过后再按方向/非极端波动/不过热排序,401,False,,,257,4,未入选：未满足一级粗筛最低资格条件
002015,协鑫能科,16.06,-0.0031036623215394687,-0.06355685131195332,-0.05082742316784883,0.011335012594458238,,,,0.08654453569172453,-0.10078387458006721,0.1106965174129354,0.7818180527656907,74097677.4,123662384.5,0.5991933416098734,0.054738714960021695,0.0831091818653521,0.6586361907485225,True,-0.028886491669663172,-0.018951996197718812,False,3,2,部分收敛/待确认,-0.10078387458006721,0.5609756097560974,-0.03734340346460474,16.2924,-0.014264319560040373,0.0030783628035266908,,,,-0.06627906976744191,15.83,15.83,0.014529374605180001,0.014529374605180001,True,2,2026-09-01,沪深主板10%,17,10.035335689045933,READY_FOR_BREAKOUT,False,False,5,False,16.7,,,,False,False,False,,,,,紧凑缩量平台形成，尚未出现放量突破,2,0,1,1,1,1,6,False,False,True,收盘价未站上MA25,硬资格：最近25个交易日（含当日）至少一次按板块涨停价核验的实际涨停，且最新收盘价严格高于MA25、当日MA25严格高于前一交易日MA25；通过后再按方向/非极端波动/不过热排序,401,False,,,257,4,未入选：未满足一级粗筛最低资格条件
002229,鸿博股份,11.14,0.0027002700270029045,0.03917910447761197,-0.08388157894736836,0.02108157653528875,,,,0.06527909176915794,-0.10808646917534026,0.16619981325863672,0.3927747600267876,23163120.6,39187114.9,0.5910902259354643,0.045941033486660766,0.08162254251448743,0.5628473712210883,True,0.006028498355864054,-0.02925253230876712,False,3,2,部分收敛/待确认,-0.17967599410898372,0.25609756097560976,-0.03432732316227449,11.417200000000001,-0.024279157761973202,-0.005019695332380447,,,,-0.0017921146953404632,10.57,10.57,0.05392620624408706,0.05392620624408706,False,0,,沪深主板10%,4,1.5711645101663674,READY_FOR_BREAKOUT,False,False,5,False,11.25,,,,False,False,False,,,,,紧凑缩量平台形成，尚未出现放量突破,2,0,1,1,1,1,6,False,False,False,收盘价未站上MA25,硬资格：最近25个交易日（含当日）至少一次按板块涨停价核验的实际涨停，且最新收盘价严格高于MA25、当日MA25严格高于前一交易日MA25；通过后再按方向/非极端波动/不过热排序,401,False,,,257,4,未入选：未满足一级粗筛最低资格条件
002265,建设工业,19.79,-0.03180039138943258,-0.00452716297786715,-0.0616405879563775,0.08616904500548839,,,,0.08548305513404154,-0.12742504409171074,0.1775700934579438,0.4814045736496027,16772131.8,31585676.8,0.5310043506808757,0.017035592748761267,0.03031897266061426,0.5618789574256019,True,-0.023569350145489665,-0.014052193862919449,False,3,2,部分收敛/待确认,-0.12742504409171074,0.4016563146997926,-0.025483195863597263,19.9076,-0.0059072916875966275,0.0006031484348298921,,,,-0.040717401841977696,19.77,19.77,0.001011633788568611,0.001011633788568611,True,1,2026-09-02,沪深主板10%,17,10.005130836326327,READY_FOR_BREAKOUT,False,False,5,False,20.55,,,,False,False,False,,,,,紧凑缩量平台形成，尚未出现放量突破,2,0,1,1,1,1,6,False,False,True,收盘价未站上MA25,硬资格：最近25个交易日（含当日）至少一次按板块涨停价核验的实际涨停，且最新收盘价严格高于MA25、当日MA25严格高于前一交易日MA25；通过后再按方向/非极端波动/不过热排序,401,False,,,257,4,未入选：未满足一级粗筛最低资格条件
002348,高乐股份,10.95,0.0018298261665141702,0.07669616519174038,0.018604651162790642,-0.023193577163247214,,,,0.10307234886025778,-0.03947368421052644,0.12313803376365444,0.8370472201796739,15308841.2,13634445.1,1.122806325282721,0.0165255724102225,0.01509014625375068,1.0951234091661002,False,0.027161438408569216,0.001601658187299737,True,3,2,部分收敛/待确认,-0.12400000000000011,0.3621399176954729,0.012155104681795148,10.912,0.003482404692082053,-0.004488559646753765,,,,0.000914076782449813,10.09,10.07,0.0852329038652131,0.08738828202581916,False,0,,沪深主板10%,4,0.18298261665141702,READY_FOR_BREAKOUT,False,False,4,False,10.96,,,,False,False,False,,,,,紧凑缩量平台形成，尚未出现放量突破,0,2,1,1,1,1,6,False,True,False,MA25未上扬,硬资格：最近25个交易日（含当日）至少一次按板块涨停价核验的实际涨停，且最新收盘价严格高于MA25、当日MA25严格高于前一交易日MA25；通过后再按方向/非极端波动/不过热排序,401,False,,,257,4,未入选：未满足一级粗筛最低资格条件
002382,蓝帆医疗,5.96,-0.00666666666666671,0.02758620689655178,-0.021346469622331665,-0.00666666666666671,,,,0.04703832752613233,-0.04944178628389151,0.05536332179930785,0.8496297909407668,9638898.8,9355154.9,1.030330219331804,0.007981856126445834,0.0094142007515692,0.8478527638276019,True,0.007169682485490103,-0.0021952043228636864,True,3,3,收敛较充分,-0.04944178628389151,0.4655172413793103,0.00025174121003601613,5.95,0.001680672268907557,0.00047080979284364055,,,,-0.0033444816053512794,5.74,5.74,0.03832752613240409,0.03832752613240409,False,0,,沪深主板10%,6,3.9792387543252428,RETEST_STABILIZING,True,False,5,False,5.96,2026-09-21,1.559337250921173,0.9077752121968656,True,False,False,,0.020373514431239408,,,突破后处于一周内确认窗，守位/缩量/横住或小平台再突破条件尚未全部成立,0,2,1,1,1,1,6,False,True,True,20日方向仍偏弱,硬资格：最近25个交易日（含当日）至少一次按板块涨停价核验的实际涨停，且最新收盘价严格高于MA25、当日MA25严格高于前一交易日MA25；通过后再按方向/非极端波动/不过热排序,401,False,,,257,4,未入选：未满足一级粗筛最低资格条件
002457,青龙管业,11.51,-0.02374893977947412,0.018584070796460184,-0.10636645962732927,0.04446460980036293,,,,0.07531760435571688,-0.1365341335333834,0.18173758865248235,0.414430525430481,18220489.0,43890838.5,0.41513194148706,0.05201158086816823,0.13705486094202224,0.37949460902499826,True,-0.011902708297395148,-0.019689637910896063,False,3,2,部分收敛/待确认,-0.1365341335333834,0.3993399339933991,-0.02021706746116203,11.5324,-0.0019423537164857674,0.001563259918015758,,,,-0.028691983122362874,11.02,11.02,0.04446460980036293,0.04446460980036293,False,0,,沪深主板10%,17,6.270627062706291,READY_FOR_BREAKOUT,False,False,5,False,11.76,,,,False,False,False,,,,,紧凑缩量平台形成，尚未出现放量突破,2,0,1,1,1,1,6,False,False,True,收盘价未站上MA25,硬资格：最近25个交易日（含当日）至少一次按板块涨停价核验的实际涨停，且最新收盘价严格高于MA25、当日MA25严格高于前一交易日MA25；通过后再按方向/非极端波动/不过热排序,401,False,,,257,4,未入选：未满足一级粗筛最低资格条件
002498,汉缆股份,6.5,-0.02108433734939752,-0.006116207951070374,0.009316770186335255,0.03833865814696491,,,,0.08661417322834657,-0.09217877094972071,0.15297906602254432,0.5661831744716127,79153204.6,127929965.0,0.6187229442296807,0.0264673957565577,0.03870767285466919,0.6837764661267932,True,-0.020071899340922794,0.0034436292858210926,False,3,2,部分收敛/待确认,-0.09217877094972071,0.3888888888888888,-0.013956310679611783,6.5224,-0.003434318655709534,-0.0006128953174796559,,,,-0.05797101449275366,6.35,6.35,0.023622047244094446,0.023622047244094446,True,1,2026-09-09,沪深主板10%,17,9.937888198757761,READY_FOR_BREAKOUT,False,False,5,False,6.7,,,,False,False,False,,,,,紧凑缩量平台形成，尚未出现放量突破,2,0,1,1,1,1,6,False,False,False,收盘价未站上MA25,硬资格：最近25个交易日（含当日）至少一次按板块涨停价核验的实际涨停，且最新收盘价严格高于MA25、当日MA25严格高于前一交易日MA25；通过后再按方向/非极端波动/不过热排序,401,False,,,257,4,未入选：未满足一级粗筛最低资格条件
002517,恺英网络,16.89,0.006555423122765136,-0.025389497980380704,-0.04737732656514382,0.021160822249093103,,,,0.06123698714023271,-0.06685082872928183,0.08383233532934145,0.7304697751727747,44489694.8,63025791.7,0.7058966432626342,0.02590569361006283,0.03372106798858869,0.7682346721292871,True,-0.020725995316159374,-0.014395559923686352,False,3,2,部分收敛/待确认,-0.06685082872928183,0.3826530612244896,-0.00915170714537128,16.961599999999997,-0.004221299877369855,-0.0008247131176514211,,,,-0.025389497980380704,16.33,16.33,0.03429271279853041,0.03429271279853041,False,0,,沪深主板10%,17,3.4337349397590478,READY_FOR_BREAKOUT,False,False,5,False,17.05,,,,False,False,False,,,,,紧凑缩量平台形成，尚未出现放量突破,2,0,1,1,1,1,6,False,False,False,收盘价未站上MA25,硬资格：最近25个交易日（含当日）至少一次按板块涨停价核验的实际涨停，且最新收盘价严格高于MA25、当日MA25严格高于前一交易日MA25；通过后再按方向/非极端波动/不过热排序,401,False,,,257,4,未入选：未满足一级粗筛最低资格条件
002536,飞龙股份,52.15,-0.031029357116313716,-0.02267616191904054,-0.10991636798088422,0.011442979053529756,,,,0.10162916989914653,-0.18477411286540568,0.2594999015554243,0.391634714656878,44728129.2,66020289.9,0.6774906512490186,0.07424278071472087,0.12604255917660695,0.5890294611575935,True,-0.0012699835649185864,-0.0264448748348326,False,3,2,部分收敛/待确认,-0.18477411286540568,0.4849673202614378,-0.04985743306641888,53.1824,-0.019412437197268373,0.0046546773462292634,,,,-0.06002162941600575,51.56,50.79,0.011442979053529756,0.026776924591455087,True,3,2026-09-02,沪深主板10%,17,10.00189429816254,INELIGIBLE,False,False,0,False,,,,,False,False,False,,,,,未形成合格的短周期缩量平台或呈N型走势,2,0,1,1,1,1,6,False,False,True,收盘价未站上MA25,硬资格：最近25个交易日（含当日）至少一次按板块涨停价核验的实际涨停，且最新收盘价严格高于MA25、当日MA25严格高于前一交易日MA25；通过后再按方向/非极端波动/不过热排序,401,False,,,257,4,未入选：未满足一级粗筛最低资格条件
002552,宝鼎科技,53.33,-0.01441508039179451,-0.016051660516605226,0.1234463871919107,-0.04082733812949646,,,,0.07923809523809518,-0.06586092135225097,0.24230430958663157,0.32701892662691173,26699359.6,31671340.1,0.8430132579075806,0.08563605158668379,0.07889644431972007,1.085423460145455,True,0.012974423980314675,0.03987941599511369,True,3,3,收敛较充分,-0.14466720128307942,0.4653230586840545,0.03648996647393221,52.26120000000001,0.020451118611895414,-0.0032575526396091403,,,,-0.056106194690265565,52.5,46.2,0.015809523809523718,0.1543290043290042,True,1,2026-08-20,沪深主板10%,17,10.009643201542918,READY_FOR_BREAKOUT,False,False,5,False,56.18,,,,False,False,False,,,,,紧凑缩量平台形成，尚未出现放量突破,0,2,1,1,1,1,6,False,True,False,MA25未上扬,硬资格：最近25个交易日（含当日）至少一次按板块涨停价核验的实际涨停，且最新收盘价严格高于MA25、当日MA25严格高于前一交易日MA25；通过后再按方向/非极端波动/不过热排序,401,False,,,257,4,未入选：未满足一级粗筛最低资格条件
002589,瑞康医药,3.59,-0.002777777777777879,0.22108843537414957,0.06845238095238093,0.1080246913580245,,,,0.3620689655172415,-0.09113924050632916,0.1952054794520549,1.8548094373865693,170432194.8,86372246.8,1.973228682989407,0.0470719233439973,0.06549786583769918,0.7186787346726602,True,0.08909574468085135,0.019833653230965975,True,3,2,部分收敛/待确认,-0.09113924050632916,0.6571428571428569,0.10768281394631285,3.2336,0.11021771400296876,0.0014866204162535812,,,,0.09785932721712531,2.9,2.9,0.23793103448275854,0.23793103448275854,False,0,,沪深主板10%,6,7.284768211920545,RETEST_STABILIZING,False,False,5,False,3.15,2026-09-18,1.6406741055392924,3.3922119091423117,True,False,True,,0.1969696969696971,,2.393000062053213,突破后处于一周内确认窗，守位/缩量/横住或小平台再突破条件尚未全部成立,2,2,0,1,1,0,6,False,True,True,近5日波动仍偏大,硬资格：最近25个交易日（含当日）至少一次按板块涨停价核验的实际涨停，且最新收盘价严格高于MA25、当日MA25严格高于前一交易日MA25；通过后再按方向/非极端波动/不过热排序,401,False,,,257,4,未入选：未满足一级粗筛最低资格条件
002827,高争民爆,74.28,0.04546094299788894,0.15413300186451218,0.15791114575214338,0.3962406015037594,,,,0.2384725083188084,-0.04964176049129987,0.256562828141407,0.9294897084131456,10948378.8,13277123.0,0.824604758124181,0.0288630367303731,0.05034965722233464,0.5732519012576262,True,0.09351766901831748,0.018734200772320575,True,3,3,收敛较充分,-0.04964176049129987,0.8516819571865445,0.16897219205892067,61.908,0.19984493118821467,0.010300798997336713,,,,0.07996510613550445,63.11,57.14,0.17699255268578673,0.2999649982499124,False,0,,沪深主板10%,3,4.546094299788894,INELIGIBLE,False,False,0,False,,,,,False,False,False,,,,,未形成合格的短周期缩量平台或呈N型走势,2,2,0,1,1,0,6,False,True,True,近5日波动仍偏大,硬资格：最近25个交易日（含当日）至少一次按板块涨停价核验的实际涨停，且最新收盘价严格高于MA25、当日MA25严格高于前一交易日MA25；通过后再按方向/非极端波动/不过热排序,401,False,,,257,4,未入选：未满足一级粗筛最低资格条件
002837,英维克,61.52,-0.011409288124698547,0.02807486631016043,-0.023492063492063453,0.02141789805744665,,,,0.07717041800643078,-0.12885868026054947,0.203476482617587,0.37925964226276015,35770699.2,50147072.1,0.7133158069262433,0.03252050598746327,0.04832460624554354,0.6729595647861546,True,0.021796304819514667,-0.007026669035811839,True,3,3,收敛较充分,-0.12885868026054947,0.5159574468085106,-0.02923192236380112,61.68280000000001,-0.0026393094995688093,0.002568070111564902,,,,-0.028273574474806495,59.09,58.68,0.04112370959553213,0.04839809134287676,True,1,2026-08-25,沪深主板10%,17,10.009132420091316,RETEST_STABILIZING,True,False,5,False,62.22,2026-09-18,1.270963529336355,0.8184480804683141,True,False,False,,0.03782814283384967,,0.9777029518468805,突破后处于一周内确认窗，守位/缩量/横住或小平台再突破条件尚未全部成立,2,0,1,1,1,1,6,False,False,True,收盘价未站上MA25,硬资格：最近25个交易日（含当日）至少一次按板块涨停价核验的实际涨停，且最新收盘价严格高于MA25、当日MA25严格高于前一交易日MA25；通过后再按方向/非极端波动/不过热排序,401,False,,,257,4,未入选：未满足一级粗筛最低资格条件
002851,麦格米特,123.0,-0.014423076923076872,0.0359639518234649,-0.043545878693623585,0.013847675568743778,,,,0.11570247933884296,-0.11891117478510027,0.15863247863247865,0.729374465659732,24523734.6,29248061.6,0.8384738426562942,0.053744201673294904,0.06026423993618921,0.8918091679278118,True,0.017736166284800348,-0.005790900243700214,True,3,3,收敛较充分,-0.11891117478510027,0.3205075726565698,-0.014107085604360248,124.0492,-0.008457934432467118,-0.0027974906187598902,,,,-0.03665413533834594,116.16,116.16,0.058884297520661155,0.058884297520661155,False,0,,沪深主板10%,6,8.26851538721678,RETEST_STABILIZING,True,False,5,False,125.71,2026-09-18,1.2713928676822466,0.6729764694001463,False,False,False,,0.057786483839373154,,0.9512277638411581,突破后处于一周内确认窗，守位/缩量/横住或小平台再突破条件尚未全部成立,2,0,1,1,1,1,6,False,False,False,收盘价未站上MA25,硬资格：最近25个交易日（含当日）至少一次按板块涨停价核验的实际涨停，且最新收盘价严格高于MA25、当日MA25严格高于前一交易日MA25；通过后再按方向/非极端波动/不过热排序,401,False,,,257,4,未入选：未满足一级粗筛最低资格条件
002882,金龙羽,22.5,-0.01055408970976246,-0.04051172707889128,-0.07786885245901631,0.014427412082957725,,,,0.16216216216216223,-0.12790697674418605,0.21563981042654012,0.7520047520047529,19569041.2,16151095.8,1.2116231271441036,0.1003912419604011,0.06782356440626966,1.4801823354350403,False,0.017740511915269153,-0.016927251582891767,False,3,1,结构未成熟,-0.12790697674418605,0.35294117647058826,-0.023416306777490847,22.802799999999998,-0.013279070991281672,0.001563652974454488,,,,-0.07216494845360821,22.2,21.1,0.013513513513513598,0.06635071090047395,False,0,,沪深主板10%,3,1.4478764478764505,INELIGIBLE,False,False,3,False,23.86,,,,False,False,True,,,,,未形成合格的短周期缩量平台或呈N型走势,2,0,1,1,1,1,6,False,False,True,收盘价未站上MA25,硬资格：最近25个交易日（含当日）至少一次按板块涨停价核验的实际涨停，且最新收盘价严格高于MA25、当日MA25严格高于前一交易日MA25；通过后再按方向/非极端波动/不过热排序,401,False,,,257,4,未入选：未满足一级粗筛最低资格条件
002908,德生科技,7.13,0.015669515669515688,0.046989720998531714,-0.03125000000000011,-0.00834492350486793,,,,0.06983655274888555,-0.06184210526315781,0.11929307805596459,0.5854199915616458,4226866.6,4789639.4,0.882502052242179,0.010958595888274567,0.016027513504270542,0.6837364938332225,True,0.004923255140457439,-0.015638207945900096,False,3,2,部分收敛/待确认,-0.06184210526315781,0.45977011494252856,-0.002797202797202858,7.110399999999999,0.0027565256525652337,0.0002813572674580378,,,,0.01134751773049647,6.73,6.73,0.059435364041604766,0.059435364041604766,False,0,,沪深主板10%,17,4.810495626822164,BREAKOUT_AWAIT_RETEST,True,False,5,False,7.05,2026-09-22,1.335642190308177,,False,False,False,,,,,首次放量突破，仅观察，等待缩量回踩确认,0,2,1,1,1,1,6,False,True,True,20日方向仍偏弱,硬资格：最近25个交易日（含当日）至少一次按板块涨停价核验的实际涨停，且最新收盘价严格高于MA25、当日MA25严格高于前一交易日MA25；通过后再按方向/非极端波动/不过热排序,401,False,,,257,4,未入选：未满足一级粗筛最低资格条件
002913,奥士康,88.12,0.042840236686390476,0.16637988087359368,0.3605064072873245,0.550316678395496,,,,0.19133858267716533,-0.029301608283762937,0.2804311774461028,0.6823013918056221,15147227.0,11491256.7,1.3181523479498984,0.042199895474575,0.031260615461047074,1.3499380883002459,False,0.08234147342499498,0.09102101229751991,True,3,2,部分收敛/待确认,-0.029301608283762937,0.926254505128916,0.2539755950051583,67.8568,0.298617087749496,0.016063727839003672,,,,0.003987695112225298,76.2,64.59,0.15643044619422564,0.36429787892862664,False,0,,沪深主板10%,4,4.284023668639048,INELIGIBLE,False,False,0,False,,,,,False,False,False,,,,,未形成合格的短周期缩量平台或呈N型走势,2,2,0,0,1,1,6,False,True,True,近5日波动仍偏大,硬资格：最近25个交易日（含当日）至少一次按板块涨停价核验的实际涨停，且最新收盘价严格高于MA25、当日MA25严格高于前一交易日MA25；通过后再按方向/非极端波动/不过热排序,401,False,,,257,4,未入选：未满足一级粗筛最低资格条件
002915,中欣氟材,17.28,-0.010309278350515427,0.020673360897814685,-0.04898183819482671,0.031026252983293423,,,,0.050806933652121807,-0.11430035879036393,0.12559523809523807,0.40452913997897944,5968276.2,11666782.2,0.5115614655084587,0.020445978565699265,0.04116705984914895,0.4966587033570226,True,0.01194379391100675,-0.012232415902140747,False,3,2,部分收敛/待确认,-0.11430035879036393,0.28295819935691374,-0.02866779089376048,17.605600000000003,-0.018494115508701836,-0.0009760083528154162,,,,-0.00575373993095496,16.73,16.73,0.03287507471607887,0.03287507471607887,False,0,,沪深主板10%,6,0.9638554216867545,READY_FOR_BREAKOUT,False,False,5,False,17.5,,,,False,False,False,,,,,紧凑缩量平台形成，尚未出现放量突破,2,0,1,1,1,1,6,False,False,False,收盘价未站上MA25,硬资格：最近25个交易日（含当日）至少一次按板块涨停价核验的实际涨停，且最新收盘价严格高于MA25、当日MA25严格高于前一交易日MA25；通过后再按方向/非极端波动/不过热排序,401,False,,,257,4,未入选：未满足一级粗筛最低资格条件
002929,润建股份,53.37,0.0206540447504302,0.09409594095940954,0.05683168316831688,-0.01567687200295098,,,,0.11248454882571077,-0.015313653136531435,0.13106382978723397,0.8582424991572093,7873174.0,7283077.2,1.0810230049463159,0.0425256787583163,0.03362924368401772,1.2645446076007534,False,0.04702980306522675,0.009515052172870186,True,3,2,部分收敛/待确认,-0.08503343048174183,0.5622241835834068,0.0407972229806155,51.763999999999996,0.031025423073951064,-0.0034882915072039777,,,,0.016958841463414753,48.54,47.0,0.09950556242274411,0.13553191489361693,False,0,,沪深主板10%,4,4.209135522838814,BREAKOUT_AWAIT_RETEST,True,False,5,False,52.48,2026-09-22,1.3181253359320755,,False,False,False,,,,,首次放量突破，仅观察，等待缩量回踩确认,0,2,1,1,1,1,6,False,True,False,MA25未上扬,硬资格：最近25个交易日（含当日）至少一次按板块涨停价核验的实际涨停，且最新收盘价严格高于MA25、当日MA25严格高于前一交易日MA25；通过后再按方向/非极端波动/不过热排序,401,False,,,257,4,未入选：未满足一级粗筛最低资格条件
002951,金时科技,16.25,0.007439553626782391,0.04703608247422686,0.0049474335188619545,-0.013956310679611672,,,,0.061038961038961004,-0.03158522050059598,0.09573770491803284,0.6375644903042156,2762020.0,3948060.0,0.6995891653115708,0.0063827647031070335,0.009759270689066702,0.6540206647057794,True,0.021124055818717347,-0.0004421424962102183,True,3,3,收敛较充分,-0.12209616423554848,0.3372434017595307,0.019703815261044033,15.9832,0.016692527153511216,-0.0013495951214634871,,,,0.011830635118306398,15.4,15.25,0.05519480519480524,0.06557377049180335,False,0,,沪深主板10%,17,3.539823008849541,READY_FOR_BREAKOUT,False,False,5,False,16.34,,,,False,False,False,,,,,紧凑缩量平台形成，尚未出现放量突破,0,2,1,1,1,1,6,False,True,False,MA25未上扬,硬资格：最近25个交易日（含当日）至少一次按板块涨停价核验的实际涨停，且最新收盘价严格高于MA25、当日MA25严格高于前一交易日MA25；通过后再按方向/非极端波动/不过热排序,401,False,,,257,4,未入选：未满足一级粗筛最低资格条件
003001,中岩大地,21.08,0.00957854406130254,0.25550923168552697,0.30364873222016064,0.3426751592356687,,,,0.2271205357142855,-0.041382446566621156,0.10201429499675115,2.2263599010464037,26237562.0,4480362.6,5.8561246806229486,0.23530673274438518,0.03918079003802691,6.005665850944003,False,0.15817910104609711,0.07959694729310751,True,3,1,结构未成熟,-0.041382446566621156,0.8698140200286123,0.2289037222724224,16.863599999999998,0.25002964965962193,0.00844376405300662,,,,0.0028544243577544037,17.92,15.39,0.1763392857142856,0.36972059779077315,False,0,,沪深主板10%,17,3.0860144451740013,INELIGIBLE,False,False,0,False,,,,,False,False,False,,,,,未形成合格的短周期缩量平台或呈N型走势,2,2,0,0,1,1,6,False,True,True,近5日波动仍偏大,硬资格：最近25个交易日（含当日）至少一次按板块涨停价核验的实际涨停，且最新收盘价严格高于MA25、当日MA25严格高于前一交易日MA25；通过后再按方向/非极端波动/不过热排序,401,False,,,257,4,未入选：未满足一级粗筛最低资格条件
003026,中晶科技,35.66,-0.058854579044602895,0.16612164813603658,0.2971989814477991,0.22965517241379296,,,,0.29165344335131704,-0.12383292383292399,0.16009104704097113,1.8217973380902177,34998654.2,6152277.3,5.688731585619524,0.20309142119554205,0.04260740641018866,4.766575539481254,False,0.161044613710555,0.09400461705594787,True,3,1,结构未成熟,-0.12383292383292399,0.6485355648535561,0.17356677417231592,30.1848,0.18138930852614554,0.0058783540608629,,,,-0.06034255599473004,31.51,26.36,0.13170422088225942,0.35280728376327763,False,0,,沪深主板10%,17,3.8756983240223475,INELIGIBLE,False,False,0,False,,,,,False,False,False,,,,,未形成合格的短周期缩量平台或呈N型走势,2,2,0,0,1,1,6,False,True,True,近5日波动仍偏大,硬资格：最近25个交易日（含当日）至少一次按板块涨停价核验的实际涨停，且最新收盘价严格高于MA25、当日MA25严格高于前一交易日MA25；通过后再按方向/非极端波动/不过热排序,401,False,,,257,4,未入选：未满足一级粗筛最低资格条件
300051,琏升科技,8.38,-0.016431924882629012,0.02444987775061147,0.03584672435105074,-0.00356718192627814,,,,0.09192546583850912,-0.04664391353811126,0.1126582278481011,0.8159676181171046,17536715.2,15465105.9,1.1339537739602545,0.0676107571850769,0.042042247806484814,1.6081622822899653,False,0.003120499279885003,0.010386473429951915,True,3,2,部分收敛/待确认,-0.057367829021372274,0.4848484848484852,0.008666345690900412,8.3012,0.00949260347901526,-0.0013954383601192388,,,,-0.028968713789107814,8.05,8.0,0.0409937888198757,0.0475000000000001,False,0,,创业板20%,4,2.71270036991369,READY_FOR_BREAKOUT,False,False,5,False,8.63,,,,False,False,False,,,,,紧凑缩量平台形成，尚未出现放量突破,0,2,1,1,1,1,6,False,True,False,MA25未上扬,硬资格：最近25个交易日（含当日）至少一次按板块涨停价核验的实际涨停，且最新收盘价严格高于MA25、当日MA25严格高于前一交易日MA25；通过后再按方向/非极端波动/不过热排序,401,False,,,257,4,未入选：未满足一级粗筛最低资格条件
300243,瑞丰高材,22.27,-0.008459483526269018,0.34643288996372434,0.3866749688667497,0.391875,,,,0.39890042761148425,-0.027510917030567628,0.13443708609271518,2.967190372873603,50036848.6,13758273.6,3.6368551792719113,0.27757806217329933,0.06380942961850232,4.350110380751816,False,0.2025669642857144,0.11477736384601744,True,3,1,结构未成熟,-0.027510917030567628,0.9192307692307693,0.2636894966804746,17.4804,0.27399830667490455,0.0066571454897264015,,,,-0.015473032714412138,16.37,15.1,0.36041539401343914,0.47483443708609263,False,0,,创业板20%,14,6.405472636815923,READY_FOR_BREAKOUT,False,False,3,False,22.83,,,,False,False,False,,,,,紧凑缩量平台形成，尚未出现放量突破,2,2,0,0,1,1,6,False,True,True,近5日波动仍偏大,硬资格：最近25个交易日（含当日）至少一次按板块涨停价核验的实际涨停，且最新收盘价严格高于MA25、当日MA25严格高于前一交易日MA25；通过后再按方向/非极端波动/不过热排序,401,False,,,257,4,未入选：未满足一级粗筛最低资格条件
300333,兆日科技,11.61,-0.02518891687657432,0.0292553191489362,-0.01526717557251911,0.09839167455061482,,,,0.11296296296296285,-0.1898115840893232,0.19944082013047518,0.5663984077535478,28987680.8,32757892.9,0.8849067578458321,0.08834446227648311,0.10870987173455918,0.8126627404381175,True,0.0338648987636625,-0.007951070336391197,True,3,3,收敛较充分,-0.1898115840893232,0.3300492610837438,-0.023097311624384664,11.6884,-0.006707504876629855,-0.0006839711364179379,,,,-0.026823134953897765,10.8,10.73,0.07499999999999996,0.08201304753028871,False,0,,创业板20%,17,16.74550614947965,READY_FOR_BREAKOUT,False,False,4,False,11.93,,,,False,False,False,,,,,紧凑缩量平台形成，尚未出现放量突破,2,0,1,1,1,1,6,False,False,False,收盘价未站上MA25,硬资格：最近25个交易日（含当日）至少一次按板块涨停价核验的实际涨停，且最新收盘价严格高于MA25、当日MA25严格高于前一交易日MA25；通过后再按方向/非极端波动/不过热排序,401,False,,,257,4,未入选：未满足一级粗筛最低资格条件
300464,星徽股份,12.22,0.028619528619528545,0.4634730538922156,0.5217932752179331,0.6228419654714477,,,,0.5229468599033817,-0.030927835051546282,0.1409395973154362,3.710432482171614,55925957.6,14089780.0,3.9692569791721377,0.18186248479806977,0.03967357626058311,4.583970035964607,False,0.2468056489576329,0.14143567874911178,True,3,1,结构未成熟,-0.030927835051546282,0.9361702127659577,0.39037433155080237,8.4156,0.4520652122249158,0.02484290515855636,,,,0.029486099410278133,8.28,7.72,0.47584541062801944,0.5829015544041452,False,0,,创业板20%,17,6.657223796033995,INELIGIBLE,False,False,0,False,,,,,False,False,False,,,,,未形成合格的短周期缩量平台或呈N型走势,2,2,0,0,1,1,6,False,True,True,近5日波动仍偏大,硬资格：最近25个交易日（含当日）至少一次按板块涨停价核验的实际涨停，且最新收盘价严格高于MA25、当日MA25严格高于前一交易日MA25；通过后再按方向/非极端波动/不过热排序,401,False,,,257,4,未入选：未满足一级粗筛最低资格条件
300476,胜宏科技,242.1,-0.023790322580645173,0.07095461381933998,0.05715907602288106,-0.01179639985305525,,,,0.13217719471650635,-0.08620819808258473,0.10007358351729209,1.3208000560274427,39192472.2,22787167.0,1.7199361465161511,0.0355597708675933,0.02633760995910576,1.3501517762168522,False,0.03273596809346091,0.015438356284613208,True,3,1,结构未成熟,-0.13004419849796978,0.40525883319638434,0.03599228033839852,236.6536,0.023014228391201152,-0.004593144941483773,,,,0.03838730431052961,222.58,220.31,0.08769880492407212,0.09890608687758151,False,0,,创业板20%,4,3.288776591409248,RETEST_STABILIZING,True,False,5,False,233.0,2026-09-21,2.515273346639025,0.7565320256524661,True,False,False,,0.04729448923613995,,,突破后处于一周内确认窗，守位/缩量/横住或小平台再突破条件尚未全部成立,0,2,1,1,1,1,6,False,True,False,MA25未上扬,硬资格：最近25个交易日（含当日）至少一次按板块涨停价核验的实际涨停，且最新收盘价严格高于MA25、当日MA25严格高于前一交易日MA25；通过后再按方向/非极端波动/不过热排序,401,False,,,257,4,未入选：未满足一级粗筛最低资格条件
300530,领湃科技,19.68,0.01705426356589146,0.02393340270551514,-0.10054844606946978,0.034700315457413256,,,,0.07043756670224122,-0.1253333333333333,0.18110236220472437,0.38893786831237553,4259218.6,5739846.7,0.7420439643449013,0.026763951313036233,0.03484723747314406,0.7680365289691206,True,-0.0017378859129011381,-0.033019792279051496,False,3,2,部分收敛/待确认,-0.1253333333333333,0.41250000000000003,-0.020505673900059862,19.8024,-0.0061810689613379655,0.0008895717924870539,,,,-0.017473789316026056,18.74,18.74,0.050160085378868846,0.050160085378868846,False,0,,创业板20%,6,9.39745715865119,READY_FOR_BREAKOUT,False,False,5,False,19.73,,,,False,False,False,,,,,紧凑缩量平台形成，尚未出现放量突破,2,0,1,1,1,1,6,False,False,True,收盘价未站上MA25,硬资格：最近25个交易日（含当日）至少一次按板块涨停价核验的实际涨停，且最新收盘价严格高于MA25、当日MA25严格高于前一交易日MA25；通过后再按方向/非极端波动/不过热排序,401,False,,,257,4,未入选：未满足一级粗筛最低资格条件
300605,恒锋信息,10.34,0.015717092337917515,0.06928645294725966,-0.03364485981308407,-0.00862895493767979,,,,0.10733262486716257,-0.047882136279926324,0.12772585669781916,0.840335916642908,3911009.2,5353551.7,0.7305447708667874,0.0272220263888443,0.04235976213563613,0.642638792486116,True,0.012489927477840279,-0.012809230468368016,False,3,2,部分收敛/待确认,-0.047882136279926324,0.6413793103448278,0.003396409509946574,10.276,0.006228104320747274,-0.0010110437081971568,,,,0.013725490196078383,9.41,9.41,0.09883103081827849,0.09883103081827849,False,0,,创业板20%,4,1.5717092337917515,READY_FOR_BREAKOUT,False,False,4,False,10.22,,,,False,False,False,,,,,紧凑缩量平台形成，尚未出现放量突破,0,2,1,1,1,1,6,False,True,False,MA25未上扬,硬资格：最近25个交易日（含当日）至少一次按板块涨停价核验的实际涨停，且最新收盘价严格高于MA25、当日MA25严格高于前一交易日MA25；通过后再按方向/非极端波动/不过热排序,401,False,,,257,4,未入选：未满足一级粗筛最低资格条件
300620,光库科技,292.0,-0.008421624558543894,0.03289706402546866,0.011080332409972193,0.004541076097426711,,,,0.1015291607396871,-0.10423952389717162,0.10793294471197365,0.9406688663097678,13040605.0,10092923.1,1.2920543306230086,0.055046635702207865,0.040738510148645636,1.3512186749430724,False,0.016101128319651492,0.004737709420488789,True,3,2,部分收敛/待确认,-0.12206855081178603,0.2802694557702534,-0.005607081984631224,294.7152,-0.009212962208939302,-0.004308247835065004,,,,-0.042622950819672156,281.2,276.39,0.038406827880512084,0.05647816491189994,False,0,,创业板20%,17,8.347670250896066,INELIGIBLE,False,False,0,False,,,,,False,False,False,,,,,未形成合格的短周期缩量平台或呈N型走势,2,0,1,1,1,1,6,False,False,False,收盘价未站上MA25,硬资格：最近25个交易日（含当日）至少一次按板块涨停价核验的实际涨停，且最新收盘价严格高于MA25、当日MA25严格高于前一交易日MA25；通过后再按方向/非极端波动/不过热排序,401,False,,,257,4,未入选：未满足一级粗筛最低资格条件
300642,透景生命,21.02,0.03292383292383283,0.2935384615384615,0.1380617217108826,0.3007425742574257,,,,0.3746091307066917,-0.0436760691537762,0.2622641509433962,1.4283657501765943,27637359.0,25395142.0,1.0882931467758676,0.1566176868762993,0.1844162281568114,0.8492619572672603,True,0.1098272926295305,0.030329696116390803,True,3,2,部分收敛/待确认,-0.0436760691537762,0.8911564625850339,0.17844929080002236,17.0868,0.23018938595875182,0.01743479814219362,,,,0.20182961692395662,15.99,15.9,0.31457160725453415,0.32201257861635213,False,0,,创业板20%,5,5.128205128205132,RETEST_STABILIZING,False,False,5,False,17.39,2026-09-21,1.9907022380318378,1.3919609418593248,True,False,True,,0.11516996448503296,,,突破后处于一周内确认窗，守位/缩量/横住或小平台再突破条件尚未全部成立,2,2,0,1,1,0,6,False,True,True,近5日波动仍偏大,硬资格：最近25个交易日（含当日）至少一次按板块涨停价核验的实际涨停，且最新收盘价严格高于MA25、当日MA25严格高于前一交易日MA25；通过后再按方向/非极端波动/不过热排序,401,False,,,257,4,未入选：未满足一级粗筛最低资格条件
300672,国科微,203.18,0.010845771144278649,0.23814747105423528,0.1821037933441938,0.29044140997141965,,,,0.28739237392373934,-0.02937944871733633,0.2088607594936709,1.3759998509076006,10255033.0,8639702.1,1.186966041340708,0.039556503071189526,0.043029035228265615,0.9192979313002353,True,0.11837883613029421,0.045255967039212086,True,3,2,部分收敛/待确认,-0.02937944871733633,0.8967774420946626,0.1585955208348182,172.50639999999999,0.1778113739548215,0.004174884102143839,,,,0.08722174657534243,162.6,158.0,0.249569495694957,0.28594936708860774,False,0,,创业板20%,14,6.076012152024313,RETEST_STABILIZING,True,False,4,False,167.0,2026-09-16,1.4599911540180899,1.4127732549481897,True,True,False,,0.2099300618461362,205.77,0.9019531941675286,突破后处于一周内确认窗，守位/缩量/横住或小平台再突破条件尚未全部成立,2,2,0,1,1,0,6,False,True,True,近5日波动仍偏大,硬资格：最近25个交易日（含当日）至少一次按板块涨停价核验的实际涨停，且最新收盘价严格高于MA25、当日MA25严格高于前一交易日MA25；通过后再按方向/非极端波动/不过热排序,401,False,,,257,4,未入选：未满足一级粗筛最低资格条件
300798,锦鸡股份,9.03,0.028473804100227706,0.1415929203539823,0.04272517321016167,0.23529411764705888,,,,0.1945169712793734,-0.101492537313433,0.22165605095541405,0.8775621980132648,28011649.2,39961446.3,0.7009668516427044,0.04870756388466654,0.10307501557169975,0.4725448122856231,True,0.044377960608326994,-0.0023932033026207167,True,3,3,收敛较充分,-0.101492537313433,0.6720257234726684,0.0625404483144083,8.2308,0.09709870243475716,0.00803409591926707,,,,0.07499999999999996,7.66,7.66,0.1788511749347257,0.1788511749347257,False,0,,创业板20%,6,2.8473804100227706,RETEST_STABILIZING,False,False,5,False,8.34,2026-09-21,1.8048030847916376,1.0434146016669759,True,True,True,,0.07017543859649118,,,突破后处于一周内确认窗，守位/缩量/横住或小平台再突破条件尚未全部成立,2,2,0,1,1,0,6,False,True,True,近5日波动仍偏大,硬资格：最近25个交易日（含当日）至少一次按板块涨停价核验的实际涨停，且最新收盘价严格高于MA25、当日MA25严格高于前一交易日MA25；通过后再按方向/非极端波动/不过热排序,401,False,,,257,4,未入选：未满足一级粗筛最低资格条件
300820,英杰电气,72.68,-0.004247157144814162,0.21193930298482577,0.264,0.39903753609239656,,,,0.2077419354838709,-0.029380341880341776,0.13976083707025405,1.4864102121787133,10123438.4,4336018.6,2.3347313131913228,0.1063914419589042,0.03878799729179351,2.7428959829646513,False,0.1431530569310937,0.0770884417721942,True,3,1,结构未成熟,-0.029380341880341776,0.9108228617754361,0.20683786229627987,58.6676,0.2388439274829719,0.010980451625354881,,,,0.007206208425720728,62.0,53.52,0.17225806451612913,0.3579970104633783,False,0,,创业板20%,17,10.960960960960954,INELIGIBLE,False,False,0,False,,,,,False,False,False,,,,,未形成合格的短周期缩量平台或呈N型走势,2,2,0,0,1,1,6,False,True,True,近5日波动仍偏大,硬资格：最近25个交易日（含当日）至少一次按板块涨停价核验的实际涨停，且最新收盘价严格高于MA25、当日MA25严格高于前一交易日MA25；通过后再按方向/非极端波动/不过热排序,401,False,,,257,4,未入选：未满足一级粗筛最低资格条件
300830,金现代,8.32,0.017114914425427896,0.017114914425427896,-0.1024811218985976,0.019607843137254832,,,,0.10182767624020879,-0.20610687022900764,0.2843137254901961,0.35815251643107915,16678590.6,34238145.4,0.4871347558445733,0.05455106604432027,0.10543232583506296,0.5174036104416334,True,-0.027784431137724663,-0.04914505718491646,False,3,2,部分收敛/待确认,-0.20610687022900764,0.2340425531914894,-0.03328879335386048,8.4896,-0.019977384093478934,-4.711425206138653e-05,,,,0.006045949214026791,7.66,7.66,0.08616187989556146,0.08616187989556146,True,1,2026-09-03,创业板20%,17,19.97621878715814,INELIGIBLE,False,False,3,False,8.2,,,,False,False,True,,,,,未形成合格的短周期缩量平台或呈N型走势,2,0,1,1,1,1,6,False,False,False,收盘价未站上MA25,硬资格：最近25个交易日（含当日）至少一次按板块涨停价核验的实际涨停，且最新收盘价严格高于MA25、当日MA25严格高于前一交易日MA25；通过后再按方向/非极端波动/不过热排序,401,False,,,257,4,未入选：未满足一级粗筛最低资格条件
300852,四会富仕,73.68,0.019792387543252632,0.13844252163164406,0.3270893371757926,0.6373333333333335,,,,0.19968178202068423,-0.022811671087533125,0.561831017991346,0.35541252730150963,13340449.4,15693760.5,0.8500479792590183,0.08917202905447756,0.0997547653573428,0.8939124736050892,True,0.05084388185654021,0.09404496591504996,True,3,3,收敛较充分,-0.022811671087533125,0.9466170080695221,0.2842165808256427,54.9692,0.3403869803453572,0.018098977626315182,,,,0.012087912087912267,62.85,54.77,0.17231503579952268,0.34526200474712443,False,0,,创业板20%,17,11.28632574904258,INELIGIBLE,False,False,0,False,,,,,False,False,False,,,,,未形成合格的短周期缩量平台或呈N型走势,2,2,0,0,1,1,6,False,True,True,近5日波动仍偏大,硬资格：最近25个交易日（含当日）至少一次按板块涨停价核验的实际涨停，且最新收盘价严格高于MA25、当日MA25严格高于前一交易日MA25；通过后再按方向/非极端波动/不过热排序,401,False,,,257,4,未入选：未满足一级粗筛最低资格条件
300897,山科智能,16.41,0.003669724770642091,0.09109042553191493,0.019254658385092993,-0.02146690518783534,,,,0.11215580926796495,-0.05034722222222232,0.11510312707917514,0.9743941117326653,1643106.2,1727350.0,0.9512294555243581,0.012032681935996133,0.013416200585957163,0.8968770151357778,True,0.03586856918444825,0.002361199744735254,True,3,3,收敛较充分,-0.051445086705202314,0.6307053941908711,0.02495237500390357,16.030800000000003,0.023654465154577364,0.0009490746522142768,,,,0.02179327521793284,14.89,14.89,0.10208193418401601,0.10208193418401601,False,0,,创业板20%,4,1.6233766233766156,INELIGIBLE,False,False,0,False,,,,,False,False,False,,,,,未形成合格的短周期缩量平台或呈N型走势,0,2,1,1,1,1,6,False,True,True,20日方向仍偏弱,硬资格：最近25个交易日（含当日）至少一次按板块涨停价核验的实际涨停，且最新收盘价严格高于MA25、当日MA25严格高于前一交易日MA25；通过后再按方向/非极端波动/不过热排序,401,False,,,257,4,未入选：未满足一级粗筛最低资格条件
300939,秋田微,99.64,0.01106037544393712,0.3808203991130821,0.3345834449504421,0.6331748893623996,,,,0.4840950131962774,-0.06739049045301393,0.20826683689754225,2.324397971408333,8265437.2,3770155.6,2.1923331758508855,0.07236910277777774,0.03157205740740738,2.292188369098766,False,0.19260818832124182,0.11423037085861099,True,3,1,结构未成熟,-0.06739049045301393,0.8510550268928423,0.3388064414272183,71.9352,0.3851355108486527,0.01808732867987972,,,,-0.0026026026026026994,71.99,66.88,0.3840811223781082,0.4898325358851676,False,0,,创业板20%,17,8.187219243587872,INELIGIBLE,False,False,0,False,,,,,False,False,False,,,,,未形成合格的短周期缩量平台或呈N型走势,2,2,0,0,1,1,6,False,True,True,近5日波动仍偏大,硬资格：最近25个交易日（含当日）至少一次按板块涨停价核验的实际涨停，且最新收盘价严格高于MA25、当日MA25严格高于前一交易日MA25；通过后再按方向/非极端波动/不过热排序,401,False,,,257,4,未入选：未满足一级粗筛最低资格条件
300961,深水海纳,12.25,0.00906095551894559,0.047008547008547064,-0.09594095940959413,0.009892827699917506,,,,0.07006920415224901,-0.20660621761658027,0.3219178082191781,0.21766178311124162,6693488.8,19932387.5,0.3358096866218359,0.045486719278348464,0.13018659173275954,0.349396344684415,True,-0.0001662510390688654,-0.05339205686910842,False,3,2,部分收敛/待确认,-0.20660621761658027,0.24586288416075638,-0.03234724910146525,12.4604,-0.016885493242592475,0.0006103045098291293,,,,0.002454991816693841,11.56,11.56,0.059688581314878864,0.059688581314878864,False,0,,创业板20%,14,8.67309117865085,READY_FOR_BREAKOUT,False,False,5,False,12.25,,,,False,False,False,,,,,紧凑缩量平台形成，尚未出现放量突破,2,0,1,1,1,1,6,False,False,True,收盘价未站上MA25,硬资格：最近25个交易日（含当日）至少一次按板块涨停价核验的实际涨停，且最新收盘价严格高于MA25、当日MA25严格高于前一交易日MA25；通过后再按方向/非极端波动/不过热排序,401,False,,,257,4,未入选：未满足一级粗筛最低资格条件
301018,申菱环境,102.22,-0.01796522240368914,0.05316299196373375,0.007987377970614329,-0.01900191938579654,,,,0.15092177898135606,-0.11879310344827587,0.26361655773420484,0.5725049301854745,17156825.6,16859066.7,1.017661647901304,0.06828418326433554,0.06358179899105589,1.0739580249049125,False,0.04248280313880537,0.00047782589219047544,True,3,2,部分收敛/待确认,-0.11879310344827587,0.5619834710743801,-0.00918889578163784,100.8064,0.01402291917973475,0.002159277536753379,,,,-0.05351851851851852,96.01,91.8,0.06468076242058118,0.11350762527233127,False,0,,创业板20%,17,16.164994425863988,INELIGIBLE,False,False,0,False,,,,,False,False,False,,,,,未形成合格的短周期缩量平台或呈N型走势,0,2,1,1,1,1,6,False,True,True,20日方向仍偏弱,硬资格：最近25个交易日（含当日）至少一次按板块涨停价核验的实际涨停，且最新收盘价严格高于MA25、当日MA25严格高于前一交易日MA25；通过后再按方向/非极端波动/不过热排序,401,False,,,257,4,未入选：未满足一级粗筛最低资格条件
301080,百普赛斯,118.8,0.022375215146299476,0.31692716993681413,0.2843243243243243,0.29130434782608683,,,,0.4851326623970725,-0.08516864315416617,0.23510064465201932,2.0635105578512314,17421100.0,12260506.4,1.4209119453663024,0.1151898893256652,0.09666321332021456,1.1916621160117826,False,0.18553027620396634,0.10065633069056923,True,3,1,结构未成熟,-0.08516864315416617,0.8062029087086032,0.31499571076735755,90.91240000000002,0.3067524342113943,0.012180132355954054,,,,-0.002853785462481162,87.44,76.01,0.3586459286367796,0.5629522431259044,False,0,,创业板20%,25,16.56925031766199,INELIGIBLE,False,False,0,False,,,,,False,False,False,,,,,未形成合格的短周期缩量平台或呈N型走势,2,2,0,0,1,1,6,False,True,True,近5日波动仍偏大,硬资格：最近25个交易日（含当日）至少一次按板块涨停价核验的实际涨停，且最新收盘价严格高于MA25、当日MA25严格高于前一交易日MA25；通过后再按方向/非极端波动/不过热排序,401,False,,,257,4,未入选：未满足一级粗筛最低资格条件
301127,武汉天源,17.93,0.03164556962025311,0.07558488302339517,0.03641618497109822,-0.06076479832372972,,,,0.10121212121212131,-0.11761811023622049,0.1380368098159509,0.73322558922559,18319578.6,22632688.0,0.8094300862540058,0.022772311954386965,0.03554645049349031,0.6406353275288992,True,0.02625014847369056,-0.003019043195541027,True,3,3,收敛较充分,-0.11761811023622049,0.4592760180995474,0.012622483268856177,17.9028,0.0015193154143486876,-0.003295846787662926,,,,0.02691867124856806,16.5,16.3,0.08666666666666667,0.09999999999999987,False,0,,创业板20%,17,6.180758017492716,BREAKOUT_AWAIT_RETEST,True,False,5,False,17.46,2026-09-22,1.791832103636551,,False,False,False,,,,,首次放量突破，仅观察，等待缩量回踩确认,0,2,1,1,1,1,6,False,True,False,MA25未上扬,硬资格：最近25个交易日（含当日）至少一次按板块涨停价核验的实际涨停，且最新收盘价严格高于MA25、当日MA25严格高于前一交易日MA25；通过后再按方向/非极端波动/不过热排序,401,False,,,257,4,未入选：未满足一级粗筛最低资格条件
301176,逸豪新材,63.11,0.08548331613347093,0.07880341880341879,0.35866523143164675,0.37494553376906326,,,,0.2269938650306748,-0.07191176470588234,0.5221406582997871,0.43473700318573216,15519838.8,12184834.7,1.273701218121572,0.08253488853959516,0.0693274612582416,1.1905078743927533,False,0.0009251010758584144,0.07943890180781654,True,3,2,部分收敛/待确认,-0.07191176470588234,0.810244470314319,0.2232042485560335,50.45439999999999,0.2508324348322448,0.010138544085849022,,,,0.04921030756442235,55.42,46.6,0.13875857091302768,0.3542918454935622,False,0,,创业板20%,17,9.461358313817335,BREAKOUT_AWAIT_RETEST,True,False,4,False,59.0,2026-09-22,1.9653565622323166,,False,False,False,,,,,首次放量突破，仅观察，等待缩量回踩确认,2,2,0,0,1,1,6,False,True,True,近5日波动仍偏大,硬资格：最近25个交易日（含当日）至少一次按板块涨停价核验的实际涨停，且最新收盘价严格高于MA25、当日MA25严格高于前一交易日MA25；通过后再按方向/非极端波动/不过热排序,401,False,,,257,4,未入选：未满足一级粗筛最低资格条件
301183,东田微,306.23,0.008895331598194778,0.15698201601934425,0.29929144214858505,0.3123205485322478,,,,0.1960462542456971,-0.022878111040204097,0.27976559150030983,0.7007518444078566,5813033.6,4269027.3,1.361676370633657,0.11373160127318112,0.07135183931207911,1.5939547230974824,False,0.10511932424335435,0.08792134498182702,True,3,2,部分收敛/待确认,-0.022878111040204097,0.9356257855988511,0.2181882915011646,246.77360000000002,0.24093501087636593,0.014587280286285642,,,,-0.0028329534353630503,262.03,229.85,0.16868297523184395,0.3323036763106375,False,0,,创业板20%,17,14.429150560950333,READY_FOR_BREAKOUT,False,False,4,False,307.1,,,,False,False,False,,,,,紧凑缩量平台形成，尚未出现放量突破,2,2,0,0,1,1,6,False,True,True,近5日波动仍偏大,硬资格：最近25个交易日（含当日）至少一次按板块涨停价核验的实际涨停，且最新收盘价严格高于MA25、当日MA25严格高于前一交易日MA25；通过后再按方向/非极端波动/不过热排序,401,False,,,257,4,未入选：未满足一级粗筛最低资格条件
301251,威尔高,86.0,0.06461995543451349,0.2619222303741746,0.5329768270944741,0.8313458262350937,,,,0.28811594202898544,-0.0324032403240323,0.31463878326996203,0.9157038399229385,15888432.0,8427668.0,1.8852702788007312,0.10057918370311697,0.0663364810635563,1.5161971526158147,False,0.14589465862650397,0.12410214220168969,True,3,2,部分收敛/待确认,-0.0324032403240323,0.9343664539653602,0.38485197381663605,59.293600000000005,0.4504094877018767,0.02588342768557861,,,,0.05160185864514544,69.0,55.61,0.24637681159420288,0.5464844452436612,False,0,,创业板20%,14,12.119378907037714,INELIGIBLE,False,False,0,False,,,,,False,False,False,,,,,未形成合格的短周期缩量平台或呈N型走势,2,2,0,0,1,1,6,False,True,True,近5日波动仍偏大,硬资格：最近25个交易日（含当日）至少一次按板块涨停价核验的实际涨停，且最新收盘价严格高于MA25、当日MA25严格高于前一交易日MA25；通过后再按方向/非极端波动/不过热排序,401,False,,,257,4,未入选：未满足一级粗筛最低资格条件
301373,凌玮科技,119.76,-0.03091115067162964,0.09270072992700751,0.23273288728769947,0.2607642909779979,,,,0.20697887970615236,-0.08886183810103465,0.283630822812364,0.7297474853185447,10901891.8,6731935.2,1.6194291056158712,0.16475386257467953,0.09664625509312501,1.7047102592431376,False,0.10190691369182092,0.0630497414664859,True,3,2,部分收敛/待确认,-0.08886183810103465,0.7242681775259681,0.11009663291080574,105.3844,0.13641108171607952,0.004483672341155653,,,,-0.06874027993779153,108.9,91.88,0.09972451790633619,0.30343926861123216,False,0,,创业板20%,17,17.789431222267037,INELIGIBLE,False,False,0,False,,,,,False,False,False,,,,,未形成合格的短周期缩量平台或呈N型走势,2,2,0,0,1,1,6,False,True,True,近5日波动仍偏大,硬资格：最近25个交易日（含当日）至少一次按板块涨停价核验的实际涨停，且最新收盘价严格高于MA25、当日MA25严格高于前一交易日MA25；通过后再按方向/非极端波动/不过热排序,401,False,,,257,4,未入选：未满足一级粗筛最低资格条件
301382,蜂助手,38.0,0.025364274150026844,0.057906458797327254,0.04309634916277805,-0.02962206332992845,,,,0.0938208616780046,-0.04402515723270439,0.14895522388059707,0.6298594922270848,10050476.4,7882530.8,1.2750316687630323,0.0590132395387761,0.033350165528716454,1.7695036472296437,False,0.03142442509488719,0.005150357202193145,True,3,2,部分收敛/待确认,-0.18050463661850324,0.34965034965034975,0.027513012911512202,37.7348,0.007027995378271479,-0.007156614079585677,,,,0.009296148738379806,35.28,33.5,0.07709750566893425,0.13432835820895517,False,0,,创业板20%,4,2.5364274150026844,EFFECTIVE_BREAKOUT_CONFIRMED,True,True,3,False,37.14,2026-09-18,1.7744626986275895,0.7024820895820935,True,True,False,RETEST_RENEWED_STRENGTH,0.035549525101763776,,1.4520204573243518,放量突破后缩量回踩守位，价格重新缓慢走强,0,2,1,1,1,1,6,False,True,False,MA25未上扬,硬资格：最近25个交易日（含当日）至少一次按板块涨停价核验的实际涨停，且最新收盘价严格高于MA25、当日MA25严格高于前一交易日MA25；通过后再按方向/非极端波动/不过热排序,401,False,,,257,4,未入选：未满足一级粗筛最低资格条件
301520,万邦医药,82.38,0.0,0.21468593335299335,0.24818181818181806,0.0006073120369245455,,,,0.3365413533834586,-0.07313231323132319,0.3619047619047619,0.9299168975069251,17256876.0,11084630.4,1.5568291749267527,0.5109453784491613,0.3389956641054743,1.5072327836328518,False,0.1599829091131051,0.0863890122438622,True,3,2,部分收敛/待确认,-0.07313231323132319,0.8213304013194063,0.22484481284615088,69.07560000000001,0.19260636172541368,0.004958187119188828,,,,0.028592833062804246,66.5,52.5,0.238796992481203,0.569142857142857,False,0,,创业板20%,17,9.072942867409273,INELIGIBLE,False,False,0,False,,,,,False,False,False,,,,,未形成合格的短周期缩量平台或呈N型走势,2,2,0,0,1,1,6,False,True,True,近5日波动仍偏大,硬资格：最近25个交易日（含当日）至少一次按板块涨停价核验的实际涨停，且最新收盘价严格高于MA25、当日MA25严格高于前一交易日MA25；通过后再按方向/非极端波动/不过热排序,401,False,,,257,4,未入选：未满足一级粗筛最低资格条件
301591,肯特股份,44.9,-0.02412519017604864,-0.006637168141592986,-0.02855906533967978,0.12955974842767293,,,,0.07331647897035176,-0.25637628353759534,0.41146341463414626,0.17818468510873875,9082768.8,14998966.1,0.6055596592087771,0.21557051848687003,0.354589596671776,0.6079437200364673,True,0.014262502256725096,-0.01374857243257488,False,3,2,部分收敛/待确认,-0.25637628353759534,0.48262032085561485,-0.05389032292050777,45.0952,-0.004328620340967593,0.008922418807778554,,,,-0.037513397642015,43.51,41.0,0.031946678924385186,0.09512195121951206,True,2,2026-08-27,创业板20%,17,20.012706480304953,READY_FOR_BREAKOUT,False,False,5,False,46.65,,,,False,False,False,,,,,紧凑缩量平台形成，尚未出现放量突破,2,0,1,1,1,1,6,False,False,True,收盘价未站上MA25,硬资格：最近25个交易日（含当日）至少一次按板块涨停价核验的实际涨停，且最新收盘价严格高于MA25、当日MA25严格高于前一交易日MA25；通过后再按方向/非极端波动/不过热排序,401,False,,,257,4,未入选：未满足一级粗筛最低资格条件
600288,大恒科技,11.07,0.0,0.047303689687795636,-0.008064516129032251,-0.007174887892376636,,,,0.06673021925643463,-0.05222602739726023,0.11877394636015329,0.5618253943848205,12288741.2,18141606.1,0.6773789008680989,0.025776269078144034,0.04339470416157912,0.593995732340212,True,0.021543649306856594,-0.0036801913699513467,True,3,3,收敛较充分,-0.16136363636363626,0.22826086956521768,0.003854001360235726,11.068400000000002,0.00014455567200299946,-0.0031701430166792832,,,,0.009115770282588809,10.49,10.44,0.05529075309818876,0.06034482758620707,False,0,,沪深主板10%,17,1.687388987566596,READY_FOR_BREAKOUT,False,False,5,False,11.19,,,,False,False,False,,,,,紧凑缩量平台形成，尚未出现放量突破,0,2,1,1,1,1,6,False,True,False,MA25未上扬,硬资格：最近25个交易日（含当日）至少一次按板块涨停价核验的实际涨停，且最新收盘价严格高于MA25、当日MA25严格高于前一交易日MA25；通过后再按方向/非极端波动/不过热排序,401,False,,,257,4,未入选：未满足一级粗筛最低资格条件
600313,农发种业,7.18,-0.005540166204986208,0.086232980332829,-0.09798994974874375,0.024251069900142586,,,,0.11297709923664126,-0.16414435389988358,0.30151515151515157,0.37469791706624733,75737442.8,137577616.2,0.55050701481772,0.07817425354430196,0.12033574045227902,0.6496345412467309,True,0.016676250718803853,-0.02180685358255463,False,3,2,部分收敛/待确认,-0.16414435389988358,0.38961038961038946,-0.01791820544385181,7.2172,-0.0051543534888877085,0.002221851913569939,,,,-0.008287292817679592,6.55,6.55,0.09618320610687014,0.09618320610687014,True,1,2026-09-01,沪深主板10%,17,10.027855153203348,INELIGIBLE,False,False,4,False,7.26,,,,False,False,True,,,,,未形成合格的短周期缩量平台或呈N型走势,2,0,1,1,1,1,6,False,False,True,收盘价未站上MA25,硬资格：最近25个交易日（含当日）至少一次按板块涨停价核验的实际涨停，且最新收盘价严格高于MA25、当日MA25严格高于前一交易日MA25；通过后再按方向/非极端波动/不过热排序,401,False,,,257,4,未入选：未满足一级粗筛最低资格条件
600362,江西铜业,45.1,0.01943942133815546,0.049569467070048834,-0.07067793117659182,0.021517553793884536,,,,0.0743607787942762,-0.11290322580645162,0.1870184450151764,0.39761200446427564,43763153.0,71638874.7,0.6108855448004405,0.021063756974075032,0.03564880796572883,0.5908684799313567,True,0.000861521719416114,-0.015299026425591111,False,3,2,部分收敛/待确认,-0.11290322580645162,0.3008526187576125,-0.030336909548278945,46.19080000000001,-0.023615092182859065,-0.0012972748579481719,,,,0.013483146067415852,42.63,42.63,0.05794041754632895,0.05794041754632895,False,0,,沪深主板10%,6,2.8943235360107566,BREAKOUT_AWAIT_RETEST,True,False,5,False,44.5,2026-09-22,1.3402048184655566,,False,False,False,,,,,首次放量突破，仅观察，等待缩量回踩确认,2,0,1,1,1,1,6,False,False,False,收盘价未站上MA25,硬资格：最近25个交易日（含当日）至少一次按板块涨停价核验的实际涨停，且最新收盘价严格高于MA25、当日MA25严格高于前一交易日MA25；通过后再按方向/非极端波动/不过热排序,401,False,,,257,4,未入选：未满足一级粗筛最低资格条件
600378,昊华科技,47.07,-0.014240837696335107,0.002983166418069505,0.012475801247580076,0.08606368251038288,,,,0.07010668408447636,-0.13870082342177492,0.2082853855005753,0.3365895495547513,51521053.6,67588277.2,0.7622779531359323,0.052004358513548836,0.06594573657595244,0.7885931860606827,True,0.0211554109031733,0.006420237612780877,True,3,3,收敛较充分,-0.13870082342177492,0.40031645569620267,-0.01774814536576197,47.33520000000001,-0.005602595953962508,-0.0019313974377355159,,,,-0.03406525754155543,45.93,43.45,0.024820378837361323,0.08331415420023003,True,2,2026-08-28,沪深主板10%,17,10.011350737797976,READY_FOR_BREAKOUT,False,False,5,False,48.73,,,,False,False,False,,,,,紧凑缩量平台形成，尚未出现放量突破,2,0,1,1,1,1,6,False,False,False,收盘价未站上MA25,硬资格：最近25个交易日（含当日）至少一次按板块涨停价核验的实际涨停，且最新收盘价严格高于MA25、当日MA25严格高于前一交易日MA25；通过后再按方向/非极端波动/不过热排序,401,False,,,257,4,未入选：未满足一级粗筛最低资格条件
600379,宝光股份,14.69,-0.014755197853789426,0.08333333333333326,0.0,-0.006089309878213767,,,,0.17236255572065368,-0.06907477820025343,0.13629629629629628,1.2646165772982745,12751798.2,13328098.7,0.9567604867752068,0.029325781751899833,0.04599678784596633,0.637561515167228,True,0.03231365790607499,0.0022482962130261352,True,3,2,部分收敛/待确认,-0.08644278606965172,0.4694656488549618,0.01865335274946278,14.4904,0.013774637001048973,-0.0017635712317441987,,,,0.0013633265167007913,13.46,13.46,0.09138187221396721,0.09138187221396721,False,0,,沪深主板10%,17,7.404844290657442,RETEST_STABILIZING,True,False,5,False,14.38,2026-09-18,1.2812389767713017,1.4403424978035118,True,False,False,,0.0912863070539418,,1.407627859691288,突破后处于一周内确认窗，守位/缩量/横住或小平台再突破条件尚未全部成立,0,2,1,1,1,1,6,False,True,False,MA25未上扬,硬资格：最近25个交易日（含当日）至少一次按板块涨停价核验的实际涨停，且最新收盘价严格高于MA25、当日MA25严格高于前一交易日MA25；通过后再按方向/非极端波动/不过热排序,401,False,,,257,4,未入选：未满足一级粗筛最低资格条件
600460,士兰微,33.4,0.003907424105800805,0.11185086551264978,0.10013175230566529,-0.026806526806526842,,,,0.1559356136820925,-0.06232453677709149,0.0951724137931035,1.638453911877058,99444963.4,58717849.0,1.6936070563484027,0.066779645562719,0.03528564537428365,1.8925442585609706,False,0.061843564485615676,0.02546978327767957,True,3,1,结构未成熟,-0.10766764627304304,0.5219454329774613,0.050710960110733616,32.346,0.032585172818895725,-0.001826867292903711,,,,0.0030030030030030463,29.82,29.0,0.12005365526492273,0.15172413793103434,False,0,,沪深主板10%,4,2.0740268028079045,RETEST_STABILIZING,True,False,5,False,30.63,2026-09-16,1.887729968571619,1.1336374950296444,True,True,False,,0.1119354838709677,34.0,0.91424969756863,突破后处于一周内确认窗，守位/缩量/横住或小平台再突破条件尚未全部成立,0,2,1,1,1,1,6,False,True,False,MA25未上扬,硬资格：最近25个交易日（含当日）至少一次按板块涨停价核验的实际涨停，且最新收盘价严格高于MA25、当日MA25严格高于前一交易日MA25；通过后再按方向/非极端波动/不过热排序,401,False,,,257,4,未入选：未满足一级粗筛最低资格条件
600468,百利电气,6.28,-0.02635658914728678,-0.014128728414442682,-0.020280811232449292,0.051926298157453976,,,,0.09787928221859715,-0.08985507246376812,0.10645161290322583,0.9194720450837912,29259592.2,39881911.5,0.7336557125653318,0.029782671428637567,0.035991416518504286,0.8274937279371982,True,-0.015170278637770984,0.002026816339258053,False,3,2,部分收敛/待确认,-0.08985507246376812,0.46086956521739136,-0.022796234342176813,6.3164,-0.005762776264961023,0.0012046664975906562,,,,-0.054216867469879415,6.13,6.13,0.024469820554649413,0.024469820554649413,False,0,,沪深主板10%,6,1.7035775127768327,READY_FOR_BREAKOUT,False,False,5,False,6.5,,,,False,False,False,,,,,紧凑缩量平台形成，尚未出现放量突破,2,0,1,1,1,1,6,False,False,True,收盘价未站上MA25,硬资格：最近25个交易日（含当日）至少一次按板块涨停价核验的实际涨停，且最新收盘价严格高于MA25、当日MA25严格高于前一交易日MA25；通过后再按方向/非极端波动/不过热排序,401,False,,,257,4,未入选：未满足一级粗筛最低资格条件
600584,长电科技,72.24,0.0002769315978952136,0.08046664672449899,0.05306122448979589,-0.024442943956786034,,,,0.11761176117611767,-0.07360861759425508,0.10717557251908391,1.0973746947344318,107405851.0,65199066.0,1.6473526016461646,0.0899835514360431,0.03643597581749875,2.4696347337245617,False,0.0488720693019542,0.018383704684167723,True,3,1,结构未成熟,-0.1744000000000001,0.3063636363636361,0.021695471388566645,71.9104,0.0045834816660732525,-0.007277988227108678,,,,-0.015132924335378273,66.66,65.5,0.0837083708370836,0.10290076335877862,False,0,,沪深主板10%,4,2.2382299974273323,EFFECTIVE_BREAKOUT_CONFIRMED,True,True,5,False,69.8,2026-09-18,2.5205206615884452,0.68804034294875,True,True,False,ABOVE_PLATFORM_TIGHT_HOLD,0.044441329034067036,,0.9210178557522694,放量突破后在平台上方缩量横住，低点稳定并重新缓慢走强,0,2,1,1,1,1,6,False,True,False,MA25未上扬,硬资格：最近25个交易日（含当日）至少一次按板块涨停价核验的实际涨停，且最新收盘价严格高于MA25、当日MA25严格高于前一交易日MA25；通过后再按方向/非极端波动/不过热排序,401,False,,,257,4,未入选：未满足一级粗筛最低资格条件
600654,中安科,3.09,-0.009615384615384692,-0.006430868167202619,-0.0492307692307693,0.04040404040404022,,,,0.06040268456375844,-0.14876033057851246,0.13442622950819677,0.44933704370600774,74782574.6,97080785.4,0.7703128306170459,0.0368571282884294,0.04213953925915092,0.8746447857857297,True,-0.01033591731266148,-0.014570795058599928,False,3,2,部分收敛/待确认,-0.14876033057851246,0.357142857142857,-0.03693314633006084,3.1404,-0.01604891096675587,0.0022979701263883268,,,,-0.012779552715655007,2.98,2.98,0.03691275167785224,0.03691275167785224,True,2,2026-08-28,沪深主板10%,17,10.000000000000009,READY_FOR_BREAKOUT,False,False,5,False,3.13,,,,False,False,False,,,,,紧凑缩量平台形成，尚未出现放量突破,2,0,1,1,1,1,6,False,False,True,收盘价未站上MA25,硬资格：最近25个交易日（含当日）至少一次按板块涨停价核验的实际涨停，且最新收盘价严格高于MA25、当日MA25严格高于前一交易日MA25；通过后再按方向/非极端波动/不过热排序,401,False,,,257,4,未入选：未满足一级粗筛最低资格条件
600657,信达地产,3.24,0.028571428571428692,0.16546762589928066,-0.03571428571428559,0.2272727272727273,,,,0.21245421245421248,-0.12432432432432428,0.37546468401487,0.5658433975265658,74681739.6,127440553.2,0.5860123620367335,0.0229042334111,0.044686528179506836,0.5125534326384265,True,0.05355884425651847,-0.028459273797841078,False,3,2,部分收敛/待确认,-0.12432432432432428,0.6166666666666668,0.08397457343593184,2.9116000000000004,0.11279021843659831,0.009290072102052127,,,,0.09090909090909083,2.73,2.73,0.18681318681318682,0.18681318681318682,False,0,,沪深主板10%,5,5.098039215686279,RETEST_STABILIZING,False,False,5,False,2.93,2026-09-21,2.4664644787440344,0.903884357081059,True,True,True,,0.06430868167202579,,,突破后处于一周内确认窗，守位/缩量/横住或小平台再突破条件尚未全部成立,2,2,0,1,1,0,6,False,True,True,近5日波动仍偏大,硬资格：最近25个交易日（含当日）至少一次按板块涨停价核验的实际涨停，且最新收盘价严格高于MA25、当日MA25严格高于前一交易日MA25；通过后再按方向/非极端波动/不过热排序,401,False,,,257,4,未入选：未满足一级粗筛最低资格条件
600664,哈药股份,9.08,0.10060606060606059,0.2752808988764044,0.17161290322580647,0.10596833130328864,,,,0.3102453102453103,-0.045215562565720235,0.3742774566473988,0.828917971775115,379818541.8,380127145.4,0.9991881569003044,0.18488949137636812,0.1437085789593306,1.286558483253054,True,0.0945012434374135,0.01745435016111707,True,3,3,收敛较充分,-0.045215562565720235,0.8339768339768341,0.12348428606780515,8.1752,0.11067619140816132,-0.00019567556990507384,,,,0.16709511568123392,6.93,6.92,0.3102453102453102,0.3121387283236994,True,1,2026-09-22,沪深主板10%,4,10.060606060606059,INELIGIBLE,False,False,0,False,,,,,False,False,True,,,,,未形成合格的短周期缩量平台或呈N型走势,2,2,0,1,1,0,6,False,True,False,MA25未上扬,硬资格：最近25个交易日（含当日）至少一次按板块涨停价核验的实际涨停，且最新收盘价严格高于MA25、当日MA25严格高于前一交易日MA25；通过后再按方向/非极端波动/不过热排序,401,False,,,257,4,未入选：未满足一级粗筛最低资格条件
600666,奥瑞德,3.49,-0.011331444759206666,-0.038567493112947604,-0.008522727272727182,0.014534883720930258,,,,0.12650602409638567,-0.09114583333333326,0.14970059880239522,0.8450602409638562,156769400.4,89168527.9,1.7581248013403616,0.068638612900226,0.034671025803799736,1.9797110500463944,False,0.0011422044545974508,0.0014289797084880984,True,3,2,部分收敛/待确认,-0.10741687979539638,0.31147540983606603,-0.01175138043324353,3.5184,-0.008071850841291472,-0.003737682636765216,,,,-0.0668449197860963,3.32,3.32,0.051204819277108626,0.051204819277108626,False,0,,沪深主板10%,4,-0.28409090909091717,READY_FOR_BREAKOUT,False,False,3,False,3.63,,,,False,False,False,,,,,紧凑缩量平台形成，尚未出现放量突破,2,0,1,1,1,1,6,False,False,False,收盘价未站上MA25,硬资格：最近25个交易日（含当日）至少一次按板块涨停价核验的实际涨停，且最新收盘价严格高于MA25、当日MA25严格高于前一交易日MA25；通过后再按方向/非极端波动/不过热排序,401,False,,,257,4,未入选：未满足一级粗筛最低资格条件
600667,太极实业,19.87,-0.02118226600985218,0.05076679005817031,0.06885422270037656,-0.0035105315947843163,,,,0.12946190729888118,-0.06273584905660368,0.17116060961313023,0.7563767597667506,286497756.0,199971630.6,1.4326920030625585,0.15989827642545065,0.09533875582211657,1.6771592522540308,False,0.0356340616704105,0.036133789834079444,True,3,2,部分收敛/待确认,-0.17035490605427972,0.40783744557329493,0.03530024749250993,19.514400000000002,0.018222440864182232,-0.006374875252041723,,,,-0.04882719004308278,18.77,17.96,0.058604155567394844,0.10634743875278407,False,0,,沪深主板10%,17,4.297328687572599,READY_FOR_BREAKOUT,False,False,4,False,20.89,,,,False,False,False,,,,,紧凑缩量平台形成，尚未出现放量突破,0,2,1,1,1,1,6,False,True,False,MA25未上扬,硬资格：最近25个交易日（含当日）至少一次按板块涨停价核验的实际涨停，且最新收盘价严格高于MA25、当日MA25严格高于前一交易日MA25；通过后再按方向/非极端波动/不过热排序,401,False,,,257,4,未入选：未满足一级粗筛最低资格条件
600714,金瑞矿业,19.07,-0.009350649350649332,0.10231213872832368,-0.1561946902654867,0.10486674391657003,,,,0.16982248520710067,-0.2241659886086248,0.42990110529377523,0.3950268634249069,21797860.4,41087345.6,0.5305249117869517,0.0539145705448137,0.14257712882559206,0.3781431916108009,True,0.03310880237470015,-0.057961324830281824,False,3,2,部分收敛/待确认,-0.2241659886086248,0.44230769230769246,-0.0006550504388838085,18.415599999999998,0.03553508981515696,0.005745368752184454,,,,0.07134831460674151,16.9,16.9,0.12840236686390538,0.12840236686390538,False,0,,沪深主板10%,4,-0.9350649350649332,RETEST_STABILIZING,False,False,5,False,17.8,2026-09-21,1.4076820390615619,1.5061054537274827,True,False,True,,0.04052631578947366,,,突破后处于一周内确认窗，守位/缩量/横住或小平台再突破条件尚未全部成立,2,2,1,1,0,0,6,False,True,True,,硬资格：最近25个交易日（含当日）至少一次按板块涨停价核验的实际涨停，且最新收盘价严格高于MA25、当日MA25严格高于前一交易日MA25；通过后再按方向/非极端波动/不过热排序,401,False,,,257,4,未入选：未满足一级粗筛最低资格条件
600801,华新建材,23.72,-0.028267103646046787,-0.03616416091019914,-0.05157936825269904,0.018025751072961338,,,,0.06951640759930913,-0.0719874804381847,0.1156700130947184,0.6009890181510087,7881894.6,9326376.2,0.8451186646320358,0.006920785772353934,0.007109409677440625,0.9734684152911841,True,-0.014092538286086698,-0.007366333427773597,False,3,2,部分收敛/待确认,-0.0719874804381847,0.4320987654320985,-0.02376787735363728,24.0708,-0.014573674327400865,0.0015645024382935357,,,,-0.042389987888574954,23.16,23.16,0.024179620034542326,0.024179620034542326,False,0,,沪深主板10%,2,0.8779631255487308,READY_FOR_BREAKOUT,False,False,4,False,24.73,,,,False,False,False,,,,,紧凑缩量平台形成，尚未出现放量突破,2,0,1,1,1,1,6,False,False,True,收盘价未站上MA25,硬资格：最近25个交易日（含当日）至少一次按板块涨停价核验的实际涨停，且最新收盘价严格高于MA25、当日MA25严格高于前一交易日MA25；通过后再按方向/非极端波动/不过热排序,401,False,,,257,4,未入选：未满足一级粗筛最低资格条件
600829,人民同泰,10.1,0.001984126984126977,0.09071274298056164,-0.02131782945736438,-0.0039447731755425375,,,,0.11450381679389321,-0.062209842154131834,0.1383783783783783,0.8274689885496194,12614210.8,13721950.7,0.9192724180243558,0.017593631005646367,0.024178438497175256,0.7276578678851331,True,0.03234042553191463,-0.00761081970585209,True,3,3,收敛较充分,-0.20409771473601257,0.2785515320334262,0.015432564218569533,9.955599999999999,0.014504399533930679,-0.007180182695759818,,,,0.0327198364008181,9.17,9.17,0.10141766630316251,0.10141766630316251,True,1,2026-08-25,沪深主板10%,17,9.97830802603037,RETEST_STABILIZING,True,False,5,False,9.62,2026-09-21,1.7895616562716583,0.8154983894058697,True,True,False,,0.02610441767068271,,,突破后处于一周内确认窗，守位/缩量/横住或小平台再突破条件尚未全部成立,0,2,1,1,1,1,6,False,True,False,MA25未上扬,硬资格：最近25个交易日（含当日）至少一次按板块涨停价核验的实际涨停，且最新收盘价严格高于MA25、当日MA25严格高于前一交易日MA25；通过后再按方向/非极端波动/不过热排序,401,False,,,257,4,未入选：未满足一级粗筛最低资格条件
600830,香溢融通,8.64,-0.0034602076124566894,0.04221954161640551,-0.10743801652892548,0.03597122302158273,,,,0.06985294117647062,-0.22649955237242614,0.35393939393939394,0.19735848106365841,14236038.4,52647898.9,0.2704008839372695,0.029065025000828266,0.12428024163575009,0.2338668208098133,True,0.014061010486177583,-0.03555853740355597,False,3,2,部分收敛/待确认,-0.22649955237242614,0.21183800623052979,-0.0320412278736274,8.7716,-0.015002964111450412,0.00233110887649679,,,,0.010526315789473717,8.16,8.16,0.05882352941176472,0.05882352941176472,True,2,2026-09-02,沪深主板10%,17,10.011918951132293,RETEST_STABILIZING,True,False,5,False,8.54,2026-09-21,1.2727546899278563,0.7090964003242604,True,False,False,,0.012820512820512754,,,突破后处于一周内确认窗，守位/缩量/横住或小平台再突破条件尚未全部成立,2,0,1,1,1,1,6,False,False,True,收盘价未站上MA25,硬资格：最近25个交易日（含当日）至少一次按板块涨停价核验的实际涨停，且最新收盘价严格高于MA25、当日MA25严格高于前一交易日MA25；通过后再按方向/非极端波动/不过热排序,401,False,,,257,4,未入选：未满足一级粗筛最低资格条件
600833,第一医药,10.87,-0.0027522935779817903,0.0741106719367588,0.0018433179723502668,-0.0027522935779817903,,,,0.10220440881763522,-0.02160216021602157,0.0992063492063492,1.030220440881763,6079288.0,4970168.9,1.2231552130954744,0.021387141783864166,0.022701941603903746,0.9420842568014759,True,0.025756097560975633,0.0006684491978610207,True,3,2,部分收敛/待确认,-0.0850168350168351,0.46842105263157824,0.02195271000799126,10.655999999999999,0.020082582582582553,-0.0015740948954352518,,,,0.026440037771482405,9.98,9.98,0.08917835671342678,0.08917835671342678,False,0,,沪深主板10%,9,4.206500956022929,RETEST_STABILIZING,True,False,5,False,10.56,2026-09-21,2.051508472095803,0.711365577602437,True,False,False,,0.03393025447690869,,,突破后处于一周内确认窗，守位/缩量/横住或小平台再突破条件尚未全部成立,0,2,1,1,1,1,6,False,True,False,MA25未上扬,硬资格：最近25个交易日（含当日）至少一次按板块涨停价核验的实际涨停，且最新收盘价严格高于MA25、当日MA25严格高于前一交易日MA25；通过后再按方向/非极端波动/不过热排序,401,False,,,257,4,未入选：未满足一级粗筛最低资格条件
601233,桐昆股份,23.92,-0.01967213114754085,0.04774419623302695,-0.04587155963302747,0.008857022353437438,,,,0.09323906319045512,-0.14875444839857654,0.20202911336568144,0.46151300491869396,31693492.0,43212277.4,0.7334372059733191,0.013762736063000667,0.018812863032617647,0.731559892778622,True,0.02381361760660239,-0.015970211005378654,False,3,2,部分收敛/待确认,-0.14875444839857654,0.23583180987202965,-0.04034021383723485,24.750400000000003,-0.03355097291356912,2.220446049250313e-16,,,,-0.02007374027038089,22.63,22.63,0.05700397702165283,0.05700397702165283,False,0,,沪深主板10%,6,4.614733276883998,READY_FOR_BREAKOUT,False,False,5,False,24.45,,,,False,False,False,,,,,紧凑缩量平台形成，尚未出现放量突破,2,0,1,1,1,1,6,False,False,True,收盘价未站上MA25,硬资格：最近25个交易日（含当日）至少一次按板块涨停价核验的实际涨停，且最新收盘价严格高于MA25、当日MA25严格高于前一交易日MA25；通过后再按方向/非极端波动/不过热排序,401,False,,,257,4,未入选：未满足一级粗筛最低资格条件
601609,金田股份,13.25,-0.0007541478129713397,0.03354134165366607,-0.010455563853622118,-0.015601783060921304,,,,0.06520031421838178,-0.05492154065620536,0.12520064205457454,0.5207666122827165,40333562.4,44516132.6,0.9060437204286699,0.019237884558298637,0.026010255750492886,0.7396268895946586,True,0.016002461917218103,-0.0019004180919803826,True,3,3,收敛较充分,-0.05492154065620536,0.6956521739130436,-0.00022636384214891336,13.238,0.0009064813415924355,0.003943576520551995,,,,-0.006746626686656709,12.73,12.46,0.0408483896307934,0.06340288924558579,False,0,,沪深主板10%,3,8.368200836820083,INELIGIBLE,False,False,0,False,,,,,False,False,False,,,,,未形成合格的短周期缩量平台或呈N型走势,0,2,1,1,1,1,6,False,True,True,20日方向仍偏弱,硬资格：最近25个交易日（含当日）至少一次按板块涨停价核验的实际涨停，且最新收盘价严格高于MA25、当日MA25严格高于前一交易日MA25；通过后再按方向/非极端波动/不过热排序,401,False,,,257,4,未入选：未满足一级粗筛最低资格条件
603079,圣达生物,13.45,0.00523168908819116,0.0717131474103585,0.005983545250560995,-0.031677465802735894,,,,0.09870550161812304,-0.07813570938999315,0.10016420361247953,0.9854368932038835,3819307.2,5635987.0,0.6776643026323518,0.017671473546389666,0.030005550875983278,0.5889401470890534,True,0.02989821882951671,0.002343933119774988,True,3,3,收敛较充分,-0.17128773875539127,0.3534883720930231,0.030651340996168397,13.1024,0.02652949078031508,-0.0038924705023720696,,,,0.03144171779141103,12.36,12.18,0.08818770226537209,0.10426929392446627,True,2,2026-08-25,沪深主板10%,6,10.039215686274506,RETEST_STABILIZING,True,False,5,False,13.04,2026-09-21,1.2817111042590947,0.8794998073951961,True,True,False,,0.030349013657056174,,,突破后处于一周内确认窗，守位/缩量/横住或小平台再突破条件尚未全部成立,0,2,1,1,1,1,6,False,True,False,MA25未上扬,硬资格：最近25个交易日（含当日）至少一次按板块涨停价核验的实际涨停，且最新收盘价严格高于MA25、当日MA25严格高于前一交易日MA25；通过后再按方向/非极端波动/不过热排序,401,False,,,257,4,未入选：未满足一级粗筛最低资格条件
603115,海星股份,84.17,-0.06039294485376201,-0.09397201291711521,0.07841127482383103,0.1045931758530183,,,,0.20364741641337386,-0.14979797979797982,0.2944127072593007,0.691707291812013,11403209.0,12671232.6,0.8999289461389889,0.04595058819937856,0.053514198384422146,0.8586616185351413,True,-0.0033113308918665263,0.03446758240485526,True,3,3,收敛较充分,-0.14979797979797982,0.4644275911881546,0.00807827966776653,82.1548,0.02452930321782798,-0.0006179627665268139,,,,-0.14182300163132133,82.25,77.01,0.023343465045592815,0.09297493831969872,False,0,,沪深主板10%,17,6.995515695067267,INELIGIBLE,False,False,0,False,,,,,False,False,False,,,,,未形成合格的短周期缩量平台或呈N型走势,2,2,0,1,1,0,6,False,True,False,MA25未上扬,硬资格：最近25个交易日（含当日）至少一次按板块涨停价核验的实际涨停，且最新收盘价严格高于MA25、当日MA25严格高于前一交易日MA25；通过后再按方向/非极端波动/不过热排序,401,False,,,257,4,未入选：未满足一级粗筛最低资格条件
603200,上海洗霸,39.42,-0.01153460381143434,-0.009796533534287888,-0.03595011005135729,0.015717598557072998,,,,0.0763906690592157,-0.15516502357479633,0.2965133313800175,0.25762979594773044,8399953.0,8929745.3,0.9406710625889855,0.061685988790801304,0.052084965683301045,1.1843338664342913,True,0.04327625809145985,-0.0072866242038216456,True,3,3,收敛较充分,-0.15516502357479633,0.4221867517956905,-0.030520646319569078,39.882000000000005,-0.011584173311268375,0.0024129090634896766,,,,-0.03429691327780493,39.01,34.13,0.010510125608818255,0.15499560503955467,True,2,2026-08-26,沪深主板10%,17,10.00843407365759,READY_FOR_BREAKOUT,False,False,4,False,40.72,,,,False,False,False,,,,,紧凑缩量平台形成，尚未出现放量突破,2,0,1,1,1,1,6,False,False,True,收盘价未站上MA25,硬资格：最近25个交易日（含当日）至少一次按板块涨停价核验的实际涨停，且最新收盘价严格高于MA25、当日MA25严格高于前一交易日MA25；通过后再按方向/非极端波动/不过热排序,401,False,,,257,4,未入选：未满足一级粗筛最低资格条件
603256,宏和科技,159.22,0.06916465216223489,0.15184836866092755,0.2558763211863069,0.1957044157404626,,,,0.21701337295690942,-0.02802026738294372,0.21064600353743793,1.0302278197190664,36492126.8,19107715.4,1.909811091283053,0.0358012671746369,0.0211999610416903,1.688742120998842,False,0.08474008964433333,0.06508587931296561,True,3,1,结构未成熟,-0.03215609993313473,0.8844473569244213,0.16086368491467784,137.18,0.16066481994459836,0.0005835156819840037,,,,0.046261006702589036,134.6,123.05,0.18291233283803865,0.2939455505891915,False,0,,沪深主板10%,4,6.9164652162234885,INELIGIBLE,False,False,0,False,,,,,False,False,False,,,,,未形成合格的短周期缩量平台或呈N型走势,2,2,0,0,1,1,6,False,True,True,近5日波动仍偏大,硬资格：最近25个交易日（含当日）至少一次按板块涨停价核验的实际涨停，且最新收盘价严格高于MA25、当日MA25严格高于前一交易日MA25；通过后再按方向/非极端波动/不过热排序,401,False,,,257,4,未入选：未满足一级粗筛最低资格条件
603261,立航科技,54.35,0.014371033967898628,-0.02371115502065746,-0.023184759166067548,0.08699999999999997,,,,0.10811889088370226,-0.15866873065015474,0.13557145477893967,0.7975048365454139,2520810.0,2672400.0,0.9432757072294566,0.03456958784769667,0.03396259185077612,1.0178724874587768,True,-0.04842090305161817,-0.015802469135802633,False,3,2,部分收敛/待确认,-0.15866873065015474,0.3956367924528304,-0.03333955837757552,55.0172,-0.012127116610805344,0.0013249757937117135,,,,-0.02160216021602157,50.13,50.13,0.08418112906443254,0.08418112906443254,True,1,2026-08-27,沪深主板10%,17,10.001873009926943,READY_FOR_BREAKOUT,False,False,4,False,54.47,,,,False,False,False,,,,,紧凑缩量平台形成，尚未出现放量突破,2,0,1,1,1,1,6,False,False,True,收盘价未站上MA25,硬资格：最近25个交易日（含当日）至少一次按板块涨停价核验的实际涨停，且最新收盘价严格高于MA25、当日MA25严格高于前一交易日MA25；通过后再按方向/非极端波动/不过热排序,401,False,,,257,4,未入选：未满足一级粗筛最低资格条件
603358,华达科技,46.3,0.005428881650380024,0.044439431536205776,0.0036852373726423693,0.006959547629404206,,,,0.08192219679633862,-0.11809523809523814,0.23471307619943546,0.3490312432645611,7649363.6,10210227.1,0.7491864309266931,0.0173471032024874,0.021857485519834415,0.7936458741672687,True,0.018788861854555305,-0.005628060534887402,True,3,3,收敛较充分,-0.11809523809523814,0.37875751503005967,-0.0040654778549764625,46.397999999999996,-0.002112160006896846,-0.001377469760234118,,,,-0.006437768240343478,43.7,42.52,0.05949656750572063,0.08889934148635925,True,1,2026-08-31,沪深主板10%,17,9.999999999999986,READY_FOR_BREAKOUT,False,False,5,False,47.08,,,,False,False,False,,,,,紧凑缩量平台形成，尚未出现放量突破,2,0,1,1,1,1,6,False,False,False,收盘价未站上MA25,硬资格：最近25个交易日（含当日）至少一次按板块涨停价核验的实际涨停，且最新收盘价严格高于MA25、当日MA25严格高于前一交易日MA25；通过后再按方向/非极端波动/不过热排序,401,False,,,257,4,未入选：未满足一级粗筛最低资格条件
603629,利通电子,115.96,0.040000000000000036,0.07171903881700548,0.06395082117625472,-0.027996647108130768,,,,0.12054924242424246,-0.07505782882667311,0.1609794473399548,0.7488486537642769,30550632.8,23646256.2,1.2919860354046238,0.08734291334209716,0.06596799437525319,1.3240195365839775,False,0.038295289421891754,0.011341599036791106,True,3,2,部分收敛/待确认,-0.19281637198941948,0.34000476530855367,0.02883962753805136,115.47040000000001,0.004240047665895252,-0.007054728319007109,,,,-0.00034482758620690834,105.6,101.69,0.09810606060606064,0.14032844920837828,False,0,,沪深主板10%,9,6.506761929063543,RETEST_STABILIZING,True,False,5,False,109.9,2026-09-17,1.685638254753271,0.782533901789929,True,False,False,,0.07399654136707012,116.0,1.4852849927967182,突破后处于一周内确认窗，守位/缩量/横住或小平台再突破条件尚未全部成立,0,2,1,1,1,1,6,False,True,False,MA25未上扬,硬资格：最近25个交易日（含当日）至少一次按板块涨停价核验的实际涨停，且最新收盘价严格高于MA25、当日MA25严格高于前一交易日MA25；通过后再按方向/非极端波动/不过热排序,401,False,,,257,4,未入选：未满足一级粗筛最低资格条件
603657,春光科技,37.3,0.02219786242806232,0.14452285977293622,0.39179104477611926,0.5224489795918366,,,,0.18351477449455672,-0.019710906701708275,0.3830927835051546,0.4790347988689991,7223184.0,4885555.8,1.4784774334170945,0.05805624501704573,0.03613842734727884,1.606496167061826,False,0.10417310664605894,0.10357154902026888,True,3,2,部分收敛/待确认,-0.019710906701708275,0.9492900608519269,0.2897425701492018,28.3836,0.3141391507772091,0.01430858515109068,,,,0.023319615912208436,32.15,25.7,0.1601866251944013,0.4513618677042801,False,0,,沪深主板10%,17,5.386138613861391,INELIGIBLE,False,False,0,False,,,,,False,False,False,,,,,未形成合格的短周期缩量平台或呈N型走势,2,2,0,0,1,1,6,False,True,True,近5日波动仍偏大,硬资格：最近25个交易日（含当日）至少一次按板块涨停价核验的实际涨停，且最新收盘价严格高于MA25、当日MA25严格高于前一交易日MA25；通过后再按方向/非极端波动/不过热排序,401,False,,,257,4,未入选：未满足一级粗筛最低资格条件
603663,三祥新材,48.16,-0.03331995182657577,0.10891089108910879,0.23139861927895677,0.16893203883495134,,,,0.20519419747309303,-0.06503591535624154,0.17997364953886688,1.1401346697077428,25691942.0,24304956.9,1.0570659353853864,0.03971605674726587,0.040252716247613674,0.9866677444312936,True,0.06763106975029953,0.061607759956147756,True,3,2,部分收敛/待确认,-0.06503591535624154,0.7529498525073745,0.12193076457158813,42.6592,0.12894756582401912,0.002151871376351977,,,,0.04992369740571179,42.74,39.32,0.12681328965839955,0.22482197355035605,False,0,,沪深主板10%,17,7.236522583778515,INELIGIBLE,False,False,0,False,,,,,False,False,False,,,,,未形成合格的短周期缩量平台或呈N型走势,2,2,0,0,1,1,6,False,True,True,近5日波动仍偏大,硬资格：最近25个交易日（含当日）至少一次按板块涨停价核验的实际涨停，且最新收盘价严格高于MA25、当日MA25严格高于前一交易日MA25；通过后再按方向/非极端波动/不过热排序,401,False,,,257,4,未入选：未满足一级粗筛最低资格条件
603773,沃格光电,93.18,-0.028970404335139532,0.030980305377295903,0.07474048442906578,-0.02816020025031274,,,,0.14462299134734247,-0.08521500098173962,0.14609104403760517,0.9899511109669062,31368851.2,17375642.4,1.805334759882029,0.1482028600378746,0.0744647148237426,1.9902427665058493,False,0.04378283712784592,0.025147143551101925,True,3,2,部分收敛/待确认,-0.20494880546075078,0.33938393839383946,0.02614929712407288,92.7484,0.004653449547377564,-0.008051233567055616,,,,-0.07283582089552232,88.99,80.84,0.047083942015957,0.15264720435428014,False,0,,沪深主板10%,17,6.909652142941947,INELIGIBLE,False,False,0,False,,,,,False,False,False,,,,,未形成合格的短周期缩量平台或呈N型走势,0,2,1,1,1,1,6,False,True,False,MA25未上扬,硬资格：最近25个交易日（含当日）至少一次按板块涨停价核验的实际涨停，且最新收盘价严格高于MA25、当日MA25严格高于前一交易日MA25；通过后再按方向/非极端波动/不过热排序,401,False,,,257,4,未入选：未满足一级粗筛最低资格条件
603778,国晟科技,9.4,0.019522776572667988,0.026200873362445476,-0.11985018726591756,0.0010649627263046302,,,,0.14334085778781055,-0.17688266199649738,0.248087431693989,0.5777836338143026,64557806.6,71282933.5,0.9056558622127974,0.07860694084554992,0.11362832070705994,0.6917900428028232,True,-0.024457677584006854,-0.04253402722177735,False,3,2,部分收敛/待确认,-0.17688266199649738,0.21093750000000033,-0.04858299595141691,9.780800000000001,-0.03893342057909377,-0.003991853360488684,,,,-0.019812304483837306,8.86,8.86,0.060948081264108556,0.060948081264108556,False,0,,沪深主板10%,4,1.9522776572667988,INELIGIBLE,False,False,0,False,,,,,False,False,True,,,,,未形成合格的短周期缩量平台或呈N型走势,2,0,1,1,1,1,6,False,False,False,收盘价未站上MA25,硬资格：最近25个交易日（含当日）至少一次按板块涨停价核验的实际涨停，且最新收盘价严格高于MA25、当日MA25严格高于前一交易日MA25；通过后再按方向/非极端波动/不过热排序,401,False,,,257,4,未入选：未满足一级粗筛最低资格条件
603848,好太太,13.52,0.0037119524870081744,0.028919330289193246,-0.03290414878397718,0.013493253373313419,,,,0.06718749999999996,-0.041134751773049705,0.07339449541284397,0.9154296875000002,2800047.8,2405608.9,1.1639663454853364,0.007026174418269565,0.005865966219418312,1.1977863757569172,False,0.0006054184955348596,-0.009712336892052198,True,3,2,部分收敛/待确认,-0.07776261937244211,0.4242424242424241,-0.004638150629463489,13.565600000000002,-0.003361443651589413,0.0005605546540790041,,,,0.0007401924500369805,12.8,12.8,0.05624999999999991,0.05624999999999991,True,1,2026-08-19,沪深主板10%,14,9.977494373593409,EFFECTIVE_BREAKOUT_CONFIRMED,True,True,3,False,13.23,2026-09-21,1.22293644229902,0.5958867502828467,True,True,False,RETEST_RENEWED_STRENGTH,0.01712583767684292,,,放量突破后缩量回踩守位，价格重新缓慢走强,2,0,1,1,1,1,6,False,False,True,收盘价未站上MA25,硬资格：最近25个交易日（含当日）至少一次按板块涨停价核验的实际涨停，且最新收盘价严格高于MA25、当日MA25严格高于前一交易日MA25；通过后再按方向/非极端波动/不过热排序,401,False,,,257,4,未入选：未满足一级粗筛最低资格条件
603880,南卫股份,9.28,0.0010787486515642097,-0.05112474437627812,-0.0738522954091817,0.026548672566371723,,,,0.1750291715285881,-0.10683349374398476,0.1006355932203391,1.7392372412945998,14643535.6,9662042.4,1.515573518907348,0.04905212967896241,0.033895744266527715,1.447147149012501,False,-0.039559543230016314,-0.025238191769714202,False,3,0,结构未成熟,-0.10683349374398476,0.5542168674698791,-0.03719458421953614,9.4336,-0.016282225237449155,-0.0004662004662002728,,,,-0.07292707292707301,8.57,8.57,0.08284714119019831,0.08284714119019831,False,0,,沪深主板10%,17,6.0975609756097615,INELIGIBLE,False,False,0,False,,,,,False,False,False,,,,,未形成合格的短周期缩量平台或呈N型走势,2,0,1,1,1,1,6,False,False,False,收盘价未站上MA25,硬资格：最近25个交易日（含当日）至少一次按板块涨停价核验的实际涨停，且最新收盘价严格高于MA25、当日MA25严格高于前一交易日MA25；通过后再按方向/非极端波动/不过热排序,401,False,,,257,4,未入选：未满足一级粗筛最低资格条件
603897,长城科技,30.98,0.002913564260278445,0.06241426611796985,0.007479674796748048,-0.0022544283413848953,,,,0.08791969539633088,-0.042053184910327834,0.1395348837209304,0.6300911503403706,8220639.0,10551087.4,0.779127182663656,0.036409061151271266,0.05111077382015171,0.7123558973962566,True,0.03029073698444895,0.0022083918891786514,True,3,3,收敛较充分,-0.042053184910327834,0.6565656565656562,0.024572543572444205,30.2164,0.025271044863054426,-0.0014804436043514002,,,,-0.003217503217503137,28.89,28.38,0.07234337140879199,0.0916138125440451,False,0,,沪深主板10%,17,5.065414290506554,READY_FOR_BREAKOUT,False,False,5,False,31.22,,,,False,False,False,,,,,紧凑缩量平台形成，尚未出现放量突破,0,2,1,1,1,1,6,False,True,False,MA25未上扬,硬资格：最近25个交易日（含当日）至少一次按板块涨停价核验的实际涨停，且最新收盘价严格高于MA25、当日MA25严格高于前一交易日MA25；通过后再按方向/非极端波动/不过热排序,401,False,,,257,4,未入选：未满足一级粗筛最低资格条件
603900,莱绅通灵,6.77,-0.023088023088023157,0.04961240310077519,0.0,0.03201219512195119,,,,0.10419906687402798,-0.17439024390243896,0.2732919254658383,0.3812738583345118,26074040.0,40666487.2,0.6411677475796336,0.08476893038235488,0.12188062811413664,0.6955078234661866,True,0.013589364844903917,0.001593510068086168,True,3,3,收敛较充分,-0.17439024390243896,0.3700440528634361,-0.027438586409998633,6.829199999999999,-0.008668658115152494,0.003585704208793672,,,,-0.03835227272727282,6.43,6.43,0.05287713841368591,0.05287713841368591,True,3,2026-09-09,沪深主板10%,17,10.044313146233396,READY_FOR_BREAKOUT,False,False,4,False,6.98,,,,False,False,False,,,,,紧凑缩量平台形成，尚未出现放量突破,2,0,1,1,1,1,6,False,False,True,收盘价未站上MA25,硬资格：最近25个交易日（含当日）至少一次按板块涨停价核验的实际涨停，且最新收盘价严格高于MA25、当日MA25严格高于前一交易日MA25；通过后再按方向/非极端波动/不过热排序,401,False,,,257,4,未入选：未满足一级粗筛最低资格条件
603912,佳力图,8.81,0.001136363636363713,0.05635491606714638,-0.02328159645232808,-0.029735682819383213,,,,0.08353510895883771,-0.07748691099476446,0.1589805825242719,0.5254422120769637,12696416.2,20481856.1,0.6198860170685409,0.02382859280772337,0.04038387595961828,0.590052149316987,True,0.02649797087610395,-0.010967444008312066,False,3,2,部分收敛/待确认,-0.07748691099476446,0.5595238095238095,-0.0026603271636382875,8.750399999999999,0.006811117206070749,0.0010066806991853028,,,,-0.004519774011299327,8.26,8.24,0.06658595641646503,0.06917475728155353,False,0,,沪深主板10%,4,5.555555555555558,EFFECTIVE_BREAKOUT_CONFIRMED,True,True,5,False,8.57,2026-09-18,1.7923899178871334,0.6423465865870737,True,True,False,ABOVE_PLATFORM_TIGHT_HOLD,0.03348729792147796,,0.8722511273978084,放量突破后在平台上方缩量横住，低点稳定并重新缓慢走强,0,2,1,1,1,1,6,False,True,True,20日方向仍偏弱,硬资格：最近25个交易日（含当日）至少一次按板块涨停价核验的实际涨停，且最新收盘价严格高于MA25、当日MA25严格高于前一交易日MA25；通过后再按方向/非极端波动/不过热排序,401,False,,,257,4,未入选：未满足一级粗筛最低资格条件
605179,一鸣食品,30.04,0.0999633833760527,0.2016,0.06148409893992923,0.0033400133600534065,,,,0.2782978723404255,-0.13354485145659079,0.3,0.9276595744680851,20397690.4,18079772.4,1.1282050431121577,0.04388014796342474,0.044869561097256795,0.9779491238684627,True,0.05067780580075665,-0.005239179954442119,True,3,3,收敛较充分,-0.22196322196322193,0.43282594308405026,0.05886499823757463,29.0836,0.032884512233698704,-0.011649403256939195,,,,0.15095785440613008,23.5,23.5,0.27829787234042547,0.27829787234042547,True,2,2026-09-22,沪深主板10%,17,9.99633833760527,INELIGIBLE,False,False,0,False,,,,,False,False,False,,,,,未形成合格的短周期缩量平台或呈N型走势,2,2,0,1,1,0,6,False,True,False,MA25未上扬,硬资格：最近25个交易日（含当日）至少一次按板块涨停价核验的实际涨停，且最新收盘价严格高于MA25、当日MA25严格高于前一交易日MA25；通过后再按方向/非极端波动/不过热排序,401,False,,,257,4,未入选：未满足一级粗筛最低资格条件
688004,北京博汇科技,34.74,0.023872679045092937,0.26880934989043115,0.6143122676579926,0.6120649651972159,,,,0.3531468531468532,-0.10232558139534886,0.472043010752688,0.7481243130445867,17517408.2,3007302.7,5.824956762749555,0.23376685645789627,0.03754997877334927,6.225485715155983,False,0.24946112947262566,0.15945758281256395,True,3,2,部分收敛/待确认,-0.10232558139534886,0.8029850746268656,0.3777786591048804,24.492399999999996,0.4183991768875246,0.019208682191187876,,,,-0.07335289410509471,28.6,18.6,0.2146853146853147,0.8677419354838709,False,0,,科创板20%,17,4.0000000000000036,INELIGIBLE,False,False,0,False,,,,,False,False,False,,,,,未形成合格的短周期缩量平台或呈N型走势,2,2,0,0,1,1,6,False,True,True,近5日波动仍偏大,硬资格：最近25个交易日（含当日）至少一次按板块涨停价核验的实际涨停，且最新收盘价严格高于MA25、当日MA25严格高于前一交易日MA25；通过后再按方向/非极端波动/不过热排序,401,False,,,257,4,未入选：未满足一级粗筛最低资格条件
688419,耐科装备,52.7,-0.005660377358490565,0.08347039473684226,0.09608985024958416,-0.05623209169054444,,,,0.13505687693898658,-0.07218309859154914,0.16473528743467394,0.819841814356524,3302722.8,3044556.3,1.0847960998454849,0.0345914907621293,0.02657801782006332,1.301507546436241,False,0.07013528426043236,0.029593375049047133,True,3,2,部分收敛/待确认,-0.09914529914529913,0.5997239475500348,0.04413294368220333,50.645999999999994,0.04055601626979444,-0.000355281856939893,,,,-0.023531591624976755,48.35,44.01,0.08996897621509836,0.19745512383549202,False,0,,科创板20%,4,0.3154574132492316,READY_FOR_BREAKOUT,False,False,4,False,54.02,,,,False,False,False,,,,,紧凑缩量平台形成，尚未出现放量突破,0,2,1,1,1,1,6,False,True,False,MA25未上扬,硬资格：最近25个交易日（含当日）至少一次按板块涨停价核验的实际涨停，且最新收盘价严格高于MA25、当日MA25严格高于前一交易日MA25；通过后再按方向/非极端波动/不过热排序,401,False,,,257,4,未入选：未满足一级粗筛最低资格条件
688485,九州一轨环科,120.5,0.05157518108037351,0.15642994241842612,0.24226804123711343,0.40688849970811436,,,,0.16884615384615387,-0.008719973675551218,0.23505882352941182,0.7183144683144682,8263523.2,7425450.6,1.1128648812235045,0.057446901841917135,0.05015372446394847,1.1454164661930772,False,0.09876639752888505,0.05414401087478016,True,3,2,部分收敛/待确认,-0.008719973675551218,0.9753831862517417,0.21969735310491423,95.8644,0.25698382298329725,0.012894636744009258,,,,0.0663716814159292,104.0,90.51,0.15865384615384626,0.3313446028063196,False,0,,科创板20%,17,12.674943566591423,INELIGIBLE,False,False,0,False,,,,,False,False,False,,,,,未形成合格的短周期缩量平台或呈N型走势,2,2,1,0,1,0,6,False,True,True,近10日速度偏快,硬资格：最近25个交易日（含当日）至少一次按板块涨停价核验的实际涨停，且最新收盘价严格高于MA25、当日MA25严格高于前一交易日MA25；通过后再按方向/非极端波动/不过热排序,401,False,,,257,4,未入选：未满足一级粗筛最低资格条件
688598,金博碳素股份,35.23,-0.015371716042481998,0.09071207430340555,0.06628329297820823,-0.01592178770949726,,,,0.1393188854489164,-0.08445945945945943,0.15530428999002333,0.8970704251496606,13419141.6,9648332.7,1.3908249246007034,0.0638287937195778,0.047394343632982026,1.3467597360111752,False,0.05965567059956656,0.02171411265899481,True,3,2,部分收敛/待确认,-0.15108433734939763,0.4514435695538055,0.028943602324834172,34.6216,0.01757284469810738,-0.003614679743979332,,,,-0.03611491108071141,32.3,30.07,0.09071207430340555,0.17159960093116045,False,0,,科创板20%,4,4.005979073243626,READY_FOR_BREAKOUT,False,False,3,False,36.55,,,,False,False,False,,,,,紧凑缩量平台形成，尚未出现放量突破,0,2,1,1,1,1,6,False,True,False,MA25未上扬,硬资格：最近25个交易日（含当日）至少一次按板块涨停价核验的实际涨停，且最新收盘价严格高于MA25、当日MA25严格高于前一交易日MA25；通过后再按方向/非极端波动/不过热排序,401,False,,,257,4,未入选：未满足一级粗筛最低资格条件
688785,恒运昌股份,375.62,0.04760842281411248,0.2073931211828992,0.23608003159141777,0.3966164714630973,,,,0.264255457803845,-0.0319072164948454,0.23819599545472353,1.1094034444171623,1086477.2,679564.0,1.5987856920025192,0.07648504144773313,0.050172882645346584,1.5244298795502222,False,0.140420437430002,0.07354497528938952,True,3,1,结构未成熟,-0.0319072164948454,0.9089638944040004,0.24248503622894768,295.9948,0.26900877988397087,0.01112116177129674,,,,0.004331550802139095,306.9,272.11,0.22391658520690783,0.38039763331005827,False,0,,科创板20%,25,10.62863211304168,INELIGIBLE,False,False,0,False,,,,,False,False,False,,,,,未形成合格的短周期缩量平台或呈N型走势,2,2,0,0,1,1,6,False,True,True,近5日波动仍偏大,硬资格：最近25个交易日（含当日）至少一次按板块涨停价核验的实际涨停，且最新收盘价严格高于MA25、当日MA25严格高于前一交易日MA25；通过后再按方向/非极端波动/不过热排序,401,False,,,257,4,未入选：未满足一级粗筛最低资格条件
000712,锦龙股份,10.33,-0.0019323671497584183,0.054081632653061096,-0.12827004219409277,0.1659142212189617,,,,0.07644628099173556,-0.2536127167630058,0.4155578300921188,0.18396063184464442,58349828.0,121279150.1,0.4811200272420115,0.0668885066760184,0.13539637121673795,0.49401993624294055,True,0.015248796147672383,-0.0540068083540346,False,3,2,部分收敛/待确认,-0.2536127167630058,0.35477941176470584,-0.07734905323329755,10.6972,-0.03432673970758704,0.005564955818762929,,,,0.024801587301587213,9.68,9.68,0.06714876033057848,0.06714876033057848,False,0,,沪深主板10%,5,1.0638297872340496,RETEST_STABILIZING,False,False,5,False,10.08,2026-09-21,1.536993919270755,0.6853702793907127,True,False,True,,0.019569471624266074,,,突破后处于一周内确认窗，守位/缩量/横住或小平台再突破条件尚未全部成立,2,0,1,1,0,1,5,False,False,True,收盘价未站上MA25,硬资格：最近25个交易日（含当日）至少一次按板块涨停价核验的实际涨停，且最新收盘价严格高于MA25、当日MA25严格高于前一交易日MA25；通过后再按方向/非极端波动/不过热排序,550,False,,,257,4,未入选：未满足一级粗筛最低资格条件
000890,法尔胜,7.83,-0.015094339622641506,0.05241935483870974,-0.14519650655021832,0.08000000000000007,,,,0.10714285714285718,-0.18775933609958506,0.2729729729729729,0.39250353606789273,29536723.0,61705248.4,0.478674403975011,0.07907390391991026,0.14848718050269574,0.5325301729900831,True,-0.005142710208279833,-0.030877704838317643,False,3,2,部分收敛/待确认,-0.18775933609958506,0.33455882352941174,-0.06311696081364038,8.1156,-0.0351914830696437,0.00222288085358624,,,,0.005134788189987249,7.28,7.28,0.0755494505494505,0.0755494505494505,True,3,2026-09-08,沪深主板10%,17,10.068965517241391,INELIGIBLE,False,False,4,False,8.05,,,,False,False,True,,,,,未形成合格的短周期缩量平台或呈N型走势,2,0,1,1,0,1,5,False,False,True,收盘价未站上MA25,硬资格：最近25个交易日（含当日）至少一次按板块涨停价核验的实际涨停，且最新收盘价严格高于MA25、当日MA25严格高于前一交易日MA25；通过后再按方向/非极端波动/不过热排序,550,False,,,257,4,未入选：未满足一级粗筛最低资格条件
002059,云南旅游,4.59,-0.017130620985010725,-0.0021739130434782483,-0.2691082802547772,0.011013215859030812,,,,0.07586206896551727,-0.3087349397590361,0.44347826086956527,0.1710615280594997,80704435.2,145510542.8,0.554629469776124,0.0941433126453287,0.1469219861784073,0.6407707593267254,True,-0.0650473445862495,-0.07706388431264866,False,3,2,部分收敛/待确认,-0.3087349397590361,0.10480349344978175,-0.10700389105058361,5.0068,-0.08324678437325239,0.0009596161535385672,,,,-0.019230769230769162,4.35,4.35,0.05517241379310356,0.05517241379310356,False,0,,沪深主板10%,5,2.7459954233409745,READY_FOR_BREAKOUT,False,False,5,False,4.67,,,,False,False,False,,,,,紧凑缩量平台形成，尚未出现放量突破,2,0,1,1,0,1,5,False,False,True,收盘价未站上MA25,硬资格：最近25个交易日（含当日）至少一次按板块涨停价核验的实际涨停，且最新收盘价严格高于MA25、当日MA25严格高于前一交易日MA25；通过后再按方向/非极端波动/不过热排序,550,False,,,257,4,未入选：未满足一级粗筛最低资格条件
002104,恒宝股份,11.68,-0.01016949152542379,0.03822222222222216,-0.12048192771084332,0.030891438658428916,,,,0.1152073732718894,-0.2070604209097081,0.31166518254674974,0.36965108624094806,54852958.8,113282623.9,0.48421334986397674,0.05774609341901767,0.2000777523686544,0.2886182633270354,True,-0.000703482237073394,-0.050829538061158086,False,3,2,部分收敛/待确认,-0.2070604209097081,0.42776735459662274,-0.036581845176722916,11.818399999999999,-0.011710553035943816,0.0057870370370369795,,,,-0.01766190075693863,10.85,10.85,0.07649769585253452,0.07649769585253452,True,2,2026-09-02,沪深主板10%,17,10.035842293906793,RETEST_STABILIZING,False,False,4,False,11.28,2026-09-21,2.6229603196284303,0.802284406609455,True,False,True,,0.04041272570937221,,,突破后处于一周内确认窗，守位/缩量/横住或小平台再突破条件尚未全部成立,2,0,1,1,0,1,5,False,False,True,收盘价未站上MA25,硬资格：最近25个交易日（含当日）至少一次按板块涨停价核验的实际涨停，且最新收盘价严格高于MA25、当日MA25严格高于前一交易日MA25；通过后再按方向/非极端波动/不过热排序,550,False,,,257,4,未入选：未满足一级粗筛最低资格条件
002418,康盛股份,4.69,-0.010548523206751037,0.04921700223713654,-0.14882032667876577,0.15802469135802477,,,,0.08636363636363634,-0.23615635179153083,0.3797752808988763,0.22740720817643895,93281695.2,230121905.6,0.405357738355179,0.09232646016660796,0.21532319957761348,0.42878082969099107,True,0.011202068074105842,-0.039489671931956294,False,3,2,部分收敛/待确认,-0.23615635179153083,0.45692883895131103,-0.06461906661348227,4.7532,-0.013296305646722018,0.006607369758576898,,,,-0.016771488469601525,4.4,4.4,0.06590909090909092,0.06590909090909092,True,4,2026-08-31,沪深主板10%,17,10.123456790123452,READY_FOR_BREAKOUT,False,False,5,False,4.77,,,,False,False,False,,,,,紧凑缩量平台形成，尚未出现放量突破,2,0,1,1,0,1,5,False,False,True,收盘价未站上MA25,硬资格：最近25个交易日（含当日）至少一次按板块涨停价核验的实际涨停，且最新收盘价严格高于MA25、当日MA25严格高于前一交易日MA25；通过后再按方向/非极端波动/不过热排序,550,False,,,257,4,未入选：未满足一级粗筛最低资格条件
002443,金洲管道,13.84,0.05327245053272445,0.20557491289198593,0.21190893169877412,0.41658137154554775,,,,0.2316335350043215,-0.02877192982456145,0.22967479674796745,1.0085283117002317,47641961.6,32142282.0,1.4822208827612178,0.0791064530364165,0.06174848932499355,1.2811075040243467,False,0.07425492507156095,0.049848812095032446,True,3,1,结构未成熟,-0.02877192982456145,0.9211538461538461,0.22083535482732763,10.9504,0.2638807714786675,0.016750232126276687,,,,0.0762052877138415,11.57,11.0,0.19619706136560056,0.25818181818181807,False,0,,沪深主板10%,17,7.5418994413407825,RETEST_STABILIZING,True,False,5,False,11.86,2026-09-16,1.4961532129687418,1.2451196959109494,True,False,False,,0.21794871794871803,13.63,1.361161790623444,突破后处于一周内确认窗，守位/缩量/横住或小平台再突破条件尚未全部成立,2,2,0,0,1,0,5,False,True,True,近5日波动仍偏大,硬资格：最近25个交易日（含当日）至少一次按板块涨停价核验的实际涨停，且最新收盘价严格高于MA25、当日MA25严格高于前一交易日MA25；通过后再按方向/非极端波动/不过热排序,550,False,,,257,4,未入选：未满足一级粗筛最低资格条件
002470,金正大,2.13,-0.009302325581395321,0.02898550724637694,-0.15810276679841895,0.08121827411167515,,,,0.07425742574257421,-0.23928571428571432,0.3930348258706468,0.18893345030705588,191705500.8,338074018.9,0.5670518587135358,0.06028335312823627,0.10395326958552173,0.5799081969099732,True,-0.0167441860465114,-0.022648083623693194,False,3,2,部分收敛/待确认,-0.23928571428571432,0.27956989247311814,-0.03794037940379391,2.1608,-0.014253980007404743,0.0016688299647691363,,,,-0.018433179723502335,2.02,2.02,0.054455445544554504,0.054455445544554504,False,0,,沪深主板10%,6,2.0725388601036343,READY_FOR_BREAKOUT,False,False,5,False,2.17,,,,False,False,False,,,,,紧凑缩量平台形成，尚未出现放量突破,2,0,1,1,0,1,5,False,False,True,收盘价未站上MA25,硬资格：最近25个交易日（含当日）至少一次按板块涨停价核验的实际涨停，且最新收盘价严格高于MA25、当日MA25严格高于前一交易日MA25；通过后再按方向/非极端波动/不过热排序,550,False,,,257,4,未入选：未满足一级粗筛最低资格条件
002855,捷荣技术,13.53,0.0226757369614512,0.10539215686274495,-0.2686486486486487,0.22999999999999998,,,,0.1331114808652246,-0.31180061037639883,0.6114754098360656,0.21768901696457638,17595904.4,30751984.8,0.5721876007170763,0.0771619079078954,0.12489270398815999,0.6178255850334576,True,0.021929127602097642,-0.10714523539987997,False,3,2,部分收敛/待确认,-0.31180061037639883,0.38638638638638634,-0.09697657344990995,14.0248,-0.035280360504249764,0.009675747278696134,,,,0.04883720930232549,12.02,12.02,0.12562396006655563,0.12562396006655563,False,0,,沪深主板10%,5,2.763561924257929,INELIGIBLE,False,False,3,False,13.34,,,,False,False,True,,,,,未形成合格的短周期缩量平台或呈N型走势,2,0,1,1,0,1,5,False,False,True,收盘价未站上MA25,硬资格：最近25个交易日（含当日）至少一次按板块涨停价核验的实际涨停，且最新收盘价严格高于MA25、当日MA25严格高于前一交易日MA25；通过后再按方向/非极端波动/不过热排序,550,False,,,257,4,未入选：未满足一级粗筛最低资格条件
002907,华森制药,15.1,-0.00983606557377048,0.13278319579894982,0.031420765027322384,-0.03821656050955413,,,,0.16577946768060833,-0.12514484356894562,0.16576297443841986,1.0000994989517071,13853179.0,10184528.9,1.3602179478326188,0.018784249204246466,0.030733779662412832,0.611192291041881,True,0.06410064400179727,0.0062920373182902,True,3,2,部分收敛/待确认,-0.1806836679327184,0.39673913043478254,0.04346624283048861,14.594000000000001,0.03467178292448936,-0.0018603124230567314,,,,0.06412966878083148,13.15,12.91,0.14828897338403046,0.1696359411309063,True,1,2026-08-25,沪深主板10%,17,9.993011879804325,INELIGIBLE,False,False,0,False,,,,,False,False,True,,,,,未形成合格的短周期缩量平台或呈N型走势,0,2,1,1,1,0,5,False,True,False,MA25未上扬,硬资格：最近25个交易日（含当日）至少一次按板块涨停价核验的实际涨停，且最新收盘价严格高于MA25、当日MA25严格高于前一交易日MA25；通过后再按方向/非极端波动/不过热排序,550,False,,,257,4,未入选：未满足一级粗筛最低资格条件
002942,新农股份,17.03,0.004719764011799521,0.04222766217870255,-0.1203512396694214,0.0840229153405474,,,,0.07581453634085218,-0.25956521739130434,0.3222632226322262,0.23525655742409485,4494976.0,11799481.0,0.38094692469948466,0.03315456104516327,0.09046877971385955,0.36647516579782147,True,0.005326231691078487,-0.031071510166781113,False,3,2,部分收敛/待确认,-0.25956521739130434,0.21136063408190242,-0.06608171099533855,17.7408,-0.040065836940836874,0.0025089848782804403,,,,0.005906674542232704,15.96,15.96,0.06704260651629079,0.06704260651629079,True,3,2026-08-28,沪深主板10%,17,10.011574074074069,READY_FOR_BREAKOUT,False,False,5,False,16.97,,,,False,False,False,,,,,紧凑缩量平台形成，尚未出现放量突破,2,0,1,1,0,1,5,False,False,True,收盘价未站上MA25,硬资格：最近25个交易日（含当日）至少一次按板块涨停价核验的实际涨停，且最新收盘价严格高于MA25、当日MA25严格高于前一交易日MA25；通过后再按方向/非极端波动/不过热排序,550,False,,,257,4,未入选：未满足一级粗筛最低资格条件
003005,竞业达,15.65,0.043333333333333446,0.11150568181818188,-0.16399572649572647,0.1431701972242514,,,,0.1570605187319883,-0.2886363636363636,0.5658362989323843,0.27757236329363977,16338195.6,31381870.6,0.5206252937643557,0.082907909721455,0.2338533224213256,0.3545295352788815,True,0.02742002492729534,-0.06856965560037231,False,3,2,部分收敛/待确认,-0.2886363636363636,0.28490990990991,-0.03412948219465528,15.652000000000001,-0.00012777919754669576,0.004879301489471022,,,,0.05387205387205385,13.88,13.88,0.127521613832853,0.127521613832853,False,0,,沪深主板10%,4,4.333333333333345,RETEST_STABILIZING,False,False,5,False,14.83,2026-09-21,1.373457228501289,1.5722523860036937,True,False,True,,0.07930107526881706,,,突破后处于一周内确认窗，守位/缩量/横住或小平台再突破条件尚未全部成立,2,0,1,1,0,1,5,False,False,True,收盘价未站上MA25,硬资格：最近25个交易日（含当日）至少一次按板块涨停价核验的实际涨停，且最新收盘价严格高于MA25、当日MA25严格高于前一交易日MA25；通过后再按方向/非极端波动/不过热排序,550,False,,,257,4,未入选：未满足一级粗筛最低资格条件
300369,绿盟科技,9.9,0.04540654699049629,0.20291616038882143,0.25316455696202533,0.4601769911504425,,,,0.267175572519084,-0.006024096385542244,0.19676549865229123,1.3578374986928783,81480196.0,64601107.8,1.261281714429052,0.07735024169432654,0.07923376649528854,0.9762282561554864,True,0.07432931331528425,0.04901107102873503,True,3,2,部分收敛/待确认,-0.006024096385542244,0.9824046920821113,0.24145714464856716,7.7548,0.2766286686955175,0.01195323102620316,,,,0.11738148984198649,7.86,7.48,0.2595419847328244,0.32352941176470584,False,0,,创业板20%,17,4.540654699049629,INELIGIBLE,False,False,0,False,,,,,False,False,True,,,,,未形成合格的短周期缩量平台或呈N型走势,2,2,0,0,1,0,5,False,True,True,近5日波动仍偏大,硬资格：最近25个交易日（含当日）至少一次按板块涨停价核验的实际涨停，且最新收盘价严格高于MA25、当日MA25严格高于前一交易日MA25；通过后再按方向/非极端波动/不过热排序,550,False,,,257,4,未入选：未满足一级粗筛最低资格条件
300684,中石科技,111.76,0.12017640573318644,0.25728428394645064,0.26668933469341494,0.2993837925822578,,,,0.3255311896375411,-0.04200240013715062,0.3589808917197453,0.9068203827731359,19250660.2,26821408.6,0.7177348694505179,0.08126255545982813,0.13636647617320646,0.5959129966562468,True,0.11216040818153328,0.03118893144688517,True,3,3,收敛较充分,-0.04200240013715062,0.8715932914046124,0.21362175310572518,90.9332,0.2290340601672438,0.006535108497854658,,,,0.12774974772956615,88.01,78.5,0.2698556982161118,0.42369426751592365,False,0,,创业板20%,17,17.39032620922385,INELIGIBLE,False,False,0,False,,,,,False,False,False,,,,,未形成合格的短周期缩量平台或呈N型走势,2,2,0,0,1,0,5,False,True,True,近5日波动仍偏大,硬资格：最近25个交易日（含当日）至少一次按板块涨停价核验的实际涨停，且最新收盘价严格高于MA25、当日MA25严格高于前一交易日MA25；通过后再按方向/非极端波动/不过热排序,550,False,,,257,4,未入选：未满足一级粗筛最低资格条件
300741,华宝股份,29.49,0.13423076923076915,0.41032998565279755,0.5248190279214064,1.181213017751479,,,,0.43413461538461523,-0.011397921555481028,0.5205387205387204,0.8340102248979997,31768957.6,13702202.1,2.318529340623286,0.04846273427527977,0.022248271591176857,2.1782696276729627,False,0.16974533715925388,0.12666015625000027,True,3,2,部分收敛/待确认,-0.011397921555481028,0.9796040791841631,0.5199463972786311,18.206799999999998,0.6197244985390076,0.0360077387049047,,,,0.07510025519504193,20.8,18.77,0.4177884615384615,0.5711241342567928,False,0,,创业板20%,17,13.423076923076916,INELIGIBLE,False,False,0,False,,,,,False,False,False,,,,,未形成合格的短周期缩量平台或呈N型走势,2,2,0,0,1,0,5,False,True,True,近5日波动仍偏大,硬资格：最近25个交易日（含当日）至少一次按板块涨停价核验的实际涨停，且最新收盘价严格高于MA25、当日MA25严格高于前一交易日MA25；通过后再按方向/非极端波动/不过热排序,550,False,,,257,4,未入选：未满足一级粗筛最低资格条件
301085,亚康股份,85.62,0.11571540265832692,0.21446808510638293,0.23764093668690367,0.45934890063064593,,,,0.2571839080459771,-0.02148571428571422,0.27223900637797915,0.9446989667928064,5847576.0,7223700.8,0.8094986436869036,0.09583394761608756,0.11376532873919395,0.8423827248439291,True,0.07150902447734953,0.0500847113513212,True,3,3,收敛较充分,-0.02148571428571422,0.940581542351454,0.2391276032244527,67.2552,0.27306141383863247,0.013056497821908541,,,,0.10079712008228348,69.6,69.55,0.2301724137931036,0.2310567936736163,False,0,,创业板20%,17,11.571540265832692,BREAKOUT_AWAIT_RETEST,True,False,3,False,77.78,2026-09-22,1.947828747339878,,False,False,False,,,,,首次放量突破，仅观察，等待缩量回踩确认,2,2,0,0,1,0,5,False,True,True,近5日波动仍偏大,硬资格：最近25个交易日（含当日）至少一次按板块涨停价核验的实际涨停，且最新收盘价严格高于MA25、当日MA25严格高于前一交易日MA25；通过后再按方向/非极端波动/不过热排序,550,False,,,257,4,未入选：未满足一级粗筛最低资格条件
301132,满坤科技,68.33,0.08014543155232379,0.10387722132471722,0.6043672223526648,0.90228285077951,,,,0.23013839056893898,-0.0509722222222222,0.7024403043820518,0.32762697290184034,16813653.8,9916484.2,1.695525698513189,0.16482938952142326,0.10466969110290478,1.5747575805814997,False,0.07897813230642292,0.13653986184637779,True,3,2,部分收敛/待确认,-0.0509722222222222,0.9029870473169441,0.41222912296293246,45.9116,0.4882948971501755,0.0267927431474988,,,,0.07016444792482379,58.53,42.3,0.16743550316077216,0.6153664302600474,False,0,,创业板20%,17,10.00234796900681,INELIGIBLE,False,False,0,False,,,,,False,False,False,,,,,未形成合格的短周期缩量平台或呈N型走势,2,2,0,0,1,0,5,False,True,True,近5日波动仍偏大,硬资格：最近25个交易日（含当日）至少一次按板块涨停价核验的实际涨停，且最新收盘价严格高于MA25、当日MA25严格高于前一交易日MA25；通过后再按方向/非极端波动/不过热排序,550,False,,,257,4,未入选：未满足一级粗筛最低资格条件
301189,奥尼电子,74.25,0.03701117318435765,0.2272727272727273,0.27009921313718777,0.45445641527913816,,,,0.28330464716006887,-0.004157725321888406,0.23818525519848774,1.189429828156162,7847840.8,7419326.9,1.0577564387950071,0.04797624219714913,0.04697491192465457,1.0213162778059202,False,0.09845379127796261,0.0698349834983496,True,3,1,结构未成熟,-0.004157725321888406,0.9885355029585798,0.23048622849756395,58.47879999999999,0.26969089653002465,0.013413095617695436,,,,0.06421097893077254,58.1,58.1,0.2779690189328743,0.2779690189328743,False,0,,创业板20%,25,11.555555555555564,INELIGIBLE,False,False,0,False,,,,,False,False,False,,,,,未形成合格的短周期缩量平台或呈N型走势,2,2,0,0,1,0,5,False,True,True,近5日波动仍偏大,硬资格：最近25个交易日（含当日）至少一次按板块涨停价核验的实际涨停，且最新收盘价严格高于MA25、当日MA25严格高于前一交易日MA25；通过后再按方向/非极端波动/不过热排序,550,False,,,257,4,未入选：未满足一级粗筛最低资格条件
301190,善水科技,20.46,0.018924302788844827,0.12417582417582418,0.07345225603357819,-0.03490566037735843,,,,0.15097493036211704,-0.048372093023255736,0.22576760987357014,0.6687182915506037,5752689.0,6806061.6,0.8452302283011955,0.024233396020983802,0.03825640555060649,0.6334467567510305,True,0.05137173461580513,0.01755729366077774,True,3,3,收敛较充分,-0.06146788990825691,0.741811175337187,0.0706996703124183,19.374799999999997,0.056010900757685445,0.004250290263725143,,,,0.07740916271721976,17.95,16.61,0.13983286908077996,0.23178807947019875,False,0,,创业板20%,4,8.311688311688314,EFFECTIVE_BREAKOUT_CONFIRMED,True,True,4,False,18.94,2026-09-21,2.0903912073116184,0.6585573990699775,True,True,False,RETEST_RENEWED_STRENGTH,0.053544110147883774,,,放量突破后缩量回踩守位，价格重新缓慢走强,0,2,1,1,1,0,5,False,True,True,20日方向仍偏弱,硬资格：最近25个交易日（含当日）至少一次按板块涨停价核验的实际涨停，且最新收盘价严格高于MA25、当日MA25严格高于前一交易日MA25；通过后再按方向/非极端波动/不过热排序,550,False,,,257,4,未入选：未满足一级粗筛最低资格条件
301390,经纬股份,47.02,-0.06687834887874577,0.277717391304348,0.4162650602409639,0.5133569359510783,,,,0.49088901159580345,-0.12925925925925918,0.2392717815344602,2.051595923462897,5677243.6,1508532.0,3.763422718245287,0.0429595211041707,0.030751110257667785,1.3970071566264424,False,0.21828124999999998,0.14491706720751263,True,3,1,结构未成熟,-0.12925925925925918,0.709045435598166,0.2883603682595355,35.4088,0.3279184835408149,0.019122506072921208,,,,-0.12095718825948776,36.22,32.72,0.2981778023191608,0.43704156479217615,False,0,,创业板20%,21,5.82736054845745,INELIGIBLE,False,False,0,False,,,,,False,False,False,,,,,未形成合格的短周期缩量平台或呈N型走势,2,2,0,0,1,0,5,False,True,True,近5日波动仍偏大,硬资格：最近25个交易日（含当日）至少一次按板块涨停价核验的实际涨停，且最新收盘价严格高于MA25、当日MA25严格高于前一交易日MA25；通过后再按方向/非极端波动/不过热排序,550,False,,,257,4,未入选：未满足一级粗筛最低资格条件
600227,赤天化,4.28,0.051597051597051635,0.08354430379746836,-0.13709677419354838,0.12335958005249359,,,,0.14360313315926887,-0.21467889908256876,0.35786802030456843,0.4012740032961131,163617509.6,285812882.8,0.572463732205146,0.1001602651311617,0.23373152285587473,0.42852698646439435,True,-0.002954209748892267,-0.034680753330270986,False,3,2,部分收敛/待确认,-0.21467889908256876,0.4428571428571429,-0.03013822796283705,4.2972,-0.004002606348319837,0.004957904583723138,,,,0.04645476772616153,3.83,3.83,0.11749347258485643,0.11749347258485643,True,4,2026-09-08,沪深主板10%,17,10.096153846153854,RETEST_STABILIZING,False,False,3,False,4.02,2026-09-21,1.2178856463853107,1.786033581754406,True,False,True,,0.10606060606060605,,,突破后处于一周内确认窗，守位/缩量/横住或小平台再突破条件尚未全部成立,2,0,1,1,0,1,5,False,False,True,收盘价未站上MA25,硬资格：最近25个交易日（含当日）至少一次按板块涨停价核验的实际涨停，且最新收盘价严格高于MA25、当日MA25严格高于前一交易日MA25；通过后再按方向/非极端波动/不过热排序,550,False,,,257,4,未入选：未满足一级粗筛最低资格条件
600691,潞化科技,2.91,-0.013559322033898313,0.03558718861209975,-0.1339285714285714,0.11923076923076925,,,,0.0571428571428572,-0.21351351351351355,0.32142857142857156,0.17777777777777787,63534578.6,148978625.1,0.42646774701641416,0.0211923714894909,0.06271236996269283,0.3379296859949337,True,-0.012890094979647104,-0.02159200773445047,False,3,2,部分收敛/待确认,-0.21351351351351355,0.3629032258064517,-0.042763157894736836,2.9415999999999998,-0.010742453086755366,0.0051940951339530805,,,,-0.016891891891891886,2.8,2.8,0.03928571428571437,0.03928571428571437,False,0,,沪深主板10%,4,2.0905923344947785,READY_FOR_BREAKOUT,False,False,5,False,2.95,,,,False,False,False,,,,,紧凑缩量平台形成，尚未出现放量突破,2,0,1,1,0,1,5,False,False,True,收盘价未站上MA25,硬资格：最近25个交易日（含当日）至少一次按板块涨停价核验的实际涨停，且最新收盘价严格高于MA25、当日MA25严格高于前一交易日MA25；通过后再按方向/非极端波动/不过热排序,550,False,,,257,4,未入选：未满足一级粗筛最低资格条件
600737,中粮糖业,15.01,-0.012499999999999956,0.04381084840055616,-0.17345814977973573,0.01831750339213012,,,,0.09181494661921702,-0.24534942182001007,0.3938332165381921,0.23313154595306523,91840638.0,145865529.0,0.6296253722838108,0.044488096640518865,0.05953555438530158,0.7472525804093679,True,-0.005107526881720448,-0.032593961799137317,False,3,2,部分收敛/待确认,-0.24534942182001007,0.22416534181240064,-0.04391859613363491,15.544400000000001,-0.0343789403257766,-0.00018009673767616086,,,,0.0020026702269693164,14.05,14.05,0.06832740213523114,0.06832740213523114,False,0,,沪深主板10%,14,6.162089752176825,INELIGIBLE,False,False,5,False,15.21,,,,False,False,True,,,,,未形成合格的短周期缩量平台或呈N型走势,2,0,1,1,0,1,5,False,False,False,收盘价未站上MA25,硬资格：最近25个交易日（含当日）至少一次按板块涨停价核验的实际涨停，且最新收盘价严格高于MA25、当日MA25严格高于前一交易日MA25；通过后再按方向/非极端波动/不过热排序,550,False,,,257,4,未入选：未满足一级粗筛最低资格条件
601118,海南橡胶,6.54,0.023474178403755985,0.09000000000000008,-0.16899618805590855,0.07037643207855959,,,,0.11390284757118939,-0.19754601226993873,0.36744966442953025,0.309982178778214,134949418.4,217436549.7,0.6206381520778887,0.033186943847857565,0.0478881535327373,0.6930094689320252,True,0.003515500159795293,-0.04384436701509864,False,3,2,部分收敛/待确认,-0.19754601226993873,0.4208633093525179,-0.02395343631072311,6.5756000000000006,-0.005413954620110739,0.005197505197505281,,,,0.01869158878504673,5.97,5.96,0.09547738693467345,0.09731543624161065,True,1,2026-08-20,沪深主板10%,4,9.929078014184412,INELIGIBLE,False,False,0,False,,,,,False,False,True,,,,,未形成合格的短周期缩量平台或呈N型走势,2,0,1,1,0,1,5,False,False,True,收盘价未站上MA25,硬资格：最近25个交易日（含当日）至少一次按板块涨停价核验的实际涨停，且最新收盘价严格高于MA25、当日MA25严格高于前一交易日MA25；通过后再按方向/非极端波动/不过热排序,550,False,,,257,4,未入选：未满足一级粗筛最低资格条件
603039,XD泛微网络,39.7,0.10002770850651155,0.10063764901580274,0.04694092827004215,-0.009975062344139585,,,,0.12305516265912309,-0.07394448332167003,0.21872316060692815,0.5626069151417761,13813807.4,13055488.4,1.0580843072864283,0.0255500449217863,0.04243766948956485,0.6020605096627394,True,0.02391996870284485,-0.011780673181324586,False,3,2,部分收敛/待确认,-0.1358293426208097,0.43324250681198945,0.04162567069411094,38.9444,0.019402019289037842,-0.004468394036687862,,,,0.08767123287671241,35.35,34.93,0.1230551626591232,0.1365588319496136,True,1,2026-09-22,沪深主板10%,4,10.002770850651155,BREAKOUT_AWAIT_RETEST,True,False,5,False,36.5,2026-09-22,4.224134823333157,,False,False,False,,,,,首次放量突破，仅观察，等待缩量回踩确认,0,2,1,1,1,0,5,False,True,False,MA25未上扬,硬资格：最近25个交易日（含当日）至少一次按板块涨停价核验的实际涨停，且最新收盘价严格高于MA25、当日MA25严格高于前一交易日MA25；通过后再按方向/非极端波动/不过热排序,550,False,,,257,4,未入选：未满足一级粗筛最低资格条件
603316,诚邦股份,18.22,-0.007625272331154731,0.16198979591836737,0.24623803009575917,0.30796841349605164,,,,0.33952254641909807,-0.098019801980198,0.2116843702579667,1.6039093769905775,37827565.2,19167860.7,1.9734891541652326,0.12489904035358577,0.07253299995459082,1.7219615958498702,False,0.09548588526083002,0.07917789757412375,True,3,1,结构未成熟,-0.098019801980198,0.7179487179487178,0.2194632220065591,14.736400000000001,0.2363942346841832,0.008955469135126348,,,,0.09167165967645285,15.08,14.1,0.20822281167108736,0.29219858156028367,False,0,,沪深主板10%,17,7.658321060382911,INELIGIBLE,False,False,0,False,,,,,False,False,False,,,,,未形成合格的短周期缩量平台或呈N型走势,2,2,0,0,1,0,5,False,True,True,近5日波动仍偏大,硬资格：最近25个交易日（含当日）至少一次按板块涨停价核验的实际涨停，且最新收盘价严格高于MA25、当日MA25严格高于前一交易日MA25；通过后再按方向/非极端波动/不过热排序,550,False,,,257,4,未入选：未满足一级粗筛最低资格条件
603725,天安新材,11.83,-0.0016877637130801038,0.17128712871287144,0.10251630941286116,-0.05661881977671446,,,,0.23819095477386945,-0.1165048543689321,0.1444444444444444,1.6490143022806352,15852447.6,9050559.2,1.751543440542326,0.0471018542160394,0.030483802583990416,1.5451436573984543,False,0.0945919751889901,0.030444741362855687,True,3,1,结构未成熟,-0.1165048543689321,0.5530085959885386,0.08224316165035228,11.1504,0.06094848615296322,-0.003075602603533456,,,,0.006808510638297793,9.95,9.9,0.18894472361809056,0.19494949494949498,False,0,,沪深主板10%,17,8.477508650519017,RETEST_STABILIZING,True,False,5,False,10.57,2026-09-17,2.037507752486668,1.5485566925300318,True,False,False,,0.1481826654240447,12.32,0.5965055145143854,突破后处于一周内确认窗，守位/缩量/横住或小平台再突破条件尚未全部成立,0,2,0,1,1,1,5,False,True,False,MA25未上扬,硬资格：最近25个交易日（含当日）至少一次按板块涨停价核验的实际涨停，且最新收盘价严格高于MA25、当日MA25严格高于前一交易日MA25；通过后再按方向/非极端波动/不过热排序,550,False,,,257,4,未入选：未满足一级粗筛最低资格条件
605188,国光连锁,13.27,-0.0037537537537537524,0.10307564422277649,-0.10759919300605247,0.10124481327800816,,,,0.18421052631578944,-0.18887530562347188,0.35993349958437243,0.5117904460921355,18402514.4,31986021.4,0.575329897078103,0.032935886936010066,0.06468360184549657,0.5091844918389179,True,0.00811197709559397,-0.03172282727870779,False,3,2,部分收敛/待确认,-0.18887530562347188,0.37701612903225795,-0.028657175273579027,13.3924,-0.009139511962008351,0.00011948501956582369,,,,-0.007479431563201189,11.4,11.4,0.1640350877192982,0.1640350877192982,True,2,2026-09-01,沪深主板10%,17,10.041152263374475,INELIGIBLE,False,False,0,False,,,,,False,False,True,,,,,未形成合格的短周期缩量平台或呈N型走势,2,0,0,1,1,1,5,False,False,True,收盘价未站上MA25,硬资格：最近25个交易日（含当日）至少一次按板块涨停价核验的实际涨停，且最新收盘价严格高于MA25、当日MA25严格高于前一交易日MA25；通过后再按方向/非极端波动/不过热排序,550,False,,,257,4,未入选：未满足一级粗筛最低资格条件
688112,鼎阳科技,105.01,0.14402440352979617,0.5524837374334715,0.5040103122314525,0.522987672226251,,,,0.6773283160865475,-0.018414656945223373,0.21345745549567208,3.1731302826303978,7396427.8,3357230.4,2.2031338093447506,0.027384603327956735,0.019474712601820817,1.4061621286979287,False,0.21713041943643718,0.10163698770792395,True,3,1,结构未成熟,-0.018414656945223373,0.9570993031358885,0.4655659686119622,71.18560000000001,0.4751578971027848,0.020166699150453438,,,,0.35148005148005157,63.78,61.23,0.6464408905613046,0.7150089825249062,False,0,,科创板20%,17,14.402440352979617,INELIGIBLE,False,False,0,False,,,,,False,False,False,,,,,未形成合格的短周期缩量平台或呈N型走势,2,2,0,0,1,0,5,False,True,True,近5日波动仍偏大,硬资格：最近25个交易日（含当日）至少一次按板块涨停价核验的实际涨停，且最新收盘价严格高于MA25、当日MA25严格高于前一交易日MA25；通过后再按方向/非极端波动/不过热排序,550,False,,,257,4,未入选：未满足一级粗筛最低资格条件
688123,聚辰半导体,171.2,0.09743589743589731,0.2747580044676097,0.22970837523344345,0.31661924171345057,,,,0.34328358208955223,-0.04888888888888898,0.1868953743598081,1.8367687443599752,10758789.4,6705967.2,1.604360576055308,0.046962465458107734,0.04424834015308438,1.0613384659319058,False,0.11905714921058497,0.05276783788006156,True,3,1,结构未成熟,-0.04888888888888898,0.8455869450780836,0.2400225985426836,137.796,0.2424163255827454,0.006192131319917138,,,,0.14515050167224075,134.0,123.01,0.27761194029850733,0.3917567677424598,False,0,,科创板20%,17,10.003193357815743,INELIGIBLE,False,False,0,False,,,,,False,False,False,,,,,未形成合格的短周期缩量平台或呈N型走势,2,2,0,0,1,0,5,False,True,True,近5日波动仍偏大,硬资格：最近25个交易日（含当日）至少一次按板块涨停价核验的实际涨停，且最新收盘价严格高于MA25、当日MA25严格高于前一交易日MA25；通过后再按方向/非极端波动/不过热排序,550,False,,,257,4,未入选：未满足一级粗筛最低资格条件
688203,海正生物材料,20.88,0.06803069053708422,0.43900758097863535,0.3419023136246786,0.6111111111111109,,,,0.4720110573600553,-0.019718309859155014,0.21428571428571416,2.2027182676802592,12200802.2,6748796.2,1.807848664921901,0.04285170115199633,0.03329810801235774,1.2869109901407316,False,0.1999463231347287,0.08604526583634664,True,3,1,结构未成熟,-0.019718309859155014,0.9583333333333331,0.3781723375466153,14.490400000000001,0.440954010931375,0.025070741369553007,,,,0.13048186247969684,14.47,13.58,0.44298548721492725,0.5375552282768776,False,0,,科创板20%,25,13.286713286713292,INELIGIBLE,False,False,0,False,,,,,False,False,False,,,,,未形成合格的短周期缩量平台或呈N型走势,2,2,0,0,1,0,5,False,True,True,近5日波动仍偏大,硬资格：最近25个交易日（含当日）至少一次按板块涨停价核验的实际涨停，且最新收盘价严格高于MA25、当日MA25严格高于前一交易日MA25；通过后再按方向/非极端波动/不过热排序,550,False,,,257,4,未入选：未满足一级粗筛最低资格条件
688662,广东富信科技,112.39,0.041612604263206565,0.29451739230592033,0.35279248916706796,0.28739977090492563,,,,0.3785180930499713,-0.06341666666666668,0.13999999999999993,2.7037006646426534,13079768.2,8674355.7,1.5078662499394624,0.09646622387066957,0.07233124950290633,1.333672852793639,False,0.13486074285584793,0.07939592083677538,True,3,1,结构未成熟,-0.06341666666666668,0.8166265060240964,0.257531594935859,89.71759999999999,0.25270849866692835,0.0029647052510608507,,,,0.16466321243523319,87.05,78.5,0.2910970706490523,0.43171974522293,False,0,,科创板20%,17,7.383647798742143,INELIGIBLE,False,False,0,False,,,,,False,False,False,,,,,未形成合格的短周期缩量平台或呈N型走势,2,2,0,0,1,0,5,False,True,True,近5日波动仍偏大,硬资格：最近25个交易日（含当日）至少一次按板块涨停价核验的实际涨停，且最新收盘价严格高于MA25、当日MA25严格高于前一交易日MA25；通过后再按方向/非极端波动/不过热排序,550,False,,,257,4,未入选：未满足一级粗筛最低资格条件
688808,联讯仪器,2316.0,-0.009875593176862818,0.003553167518848932,-0.1270260082924991,0.04843820733363513,,,,0.09112667628735344,-0.15257958287596052,0.19188835586567815,0.47489424710659417,966365.6,922698.2,1.0473257669734264,0.050480526057434,0.049035012729313474,1.0294792077673183,False,-0.004762694834644976,-0.026544027125568692,False,3,1,结构未成熟,-0.15257958287596052,0.3163934426229508,-0.04107935710084676,2385.462,-0.02911888766201265,-0.000938140521723474,,,,-0.06537530266343827,2272.88,2272.88,0.0189715251135123,0.0189715251135123,False,0,,科创板20%,14,7.149564286403809,READY_FOR_BREAKOUT,False,False,3,False,2478.0,,,,False,False,False,,,,,紧凑缩量平台形成，尚未出现放量突破,2,0,1,1,0,1,5,False,False,False,收盘价未站上MA25,硬资格：最近25个交易日（含当日）至少一次按板块涨停价核验的实际涨停，且最新收盘价严格高于MA25、当日MA25严格高于前一交易日MA25；通过后再按方向/非极端波动/不过热排序,550,False,,,257,4,未入选：未满足一级粗筛最低资格条件
000007,全新好,11.75,0.010318142734307756,0.07699358386801092,0.0059931506849315586,-0.08346333853354138,,,,0.11327762302692672,-0.1071428571428572,0.2391713747645952,0.47362533722281935,5790339.6,9777090.0,0.5922354811094098,0.017064124820594034,0.03024490304237361,0.5641983641569924,True,0.03285791659144266,-0.007825551745361814,True,3,3,收敛较充分,-0.1071428571428572,0.45769230769230757,-0.010692935926580716,11.9464,-0.016440099109355177,0.0002009377093101783,,,,0.018197573656845822,10.77,10.62,0.09099350046425259,0.10640301318267431,True,1,2026-08-20,沪深主板10%,3,10.009099181073712,READY_FOR_BREAKOUT,False,False,4,False,11.78,,,,False,False,False,,,,,紧凑缩量平台形成，尚未出现放量突破,0,0,1,1,1,1,4,False,False,True,收盘价未站上MA25,硬资格：最近25个交易日（含当日）至少一次按板块涨停价核验的实际涨停，且最新收盘价严格高于MA25、当日MA25严格高于前一交易日MA25；通过后再按方向/非极端波动/不过热排序,618,False,,,257,4,未入选：未满足一级粗筛最低资格条件
000048,京基智农,19.47,0.07154650522839834,-0.03851851851851862,-0.10276497695852538,-0.09441860465116281,,,,0.14067796610169503,-0.18942547876769367,0.22987901104681732,0.6119652484195021,21132142.6,18026545.4,1.1722791101172387,0.03430266011905913,0.033674058938858664,1.0186672233763623,False,-0.05983832807570988,-0.04738531244100419,False,3,1,结构未成熟,-0.217443729903537,0.24651810584958211,-0.0882483785618956,21.516,-0.0950920245398773,-0.007637812707549374,,,,-0.03566121842496295,17.7,17.7,0.10000000000000009,0.10000000000000009,False,0,,沪深主板10%,17,7.154650522839834,INELIGIBLE,False,False,0,False,,,,,False,False,True,,,,,未形成合格的短周期缩量平台或呈N型走势,0,0,1,1,1,1,4,False,False,False,收盘价未站上MA25,硬资格：最近25个交易日（含当日）至少一次按板块涨停价核验的实际涨停，且最新收盘价严格高于MA25、当日MA25严格高于前一交易日MA25；通过后再按方向/非极端波动/不过热排序,618,False,,,257,4,未入选：未满足一级粗筛最低资格条件
000506,招金黄金,18.58,-0.005885500267522881,-0.013800424628450214,-0.038302277432712306,-0.09849587578845231,,,,0.09944444444444439,-0.16681614349775797,0.20468488566648085,0.4858416590977894,50517937.2,59276807.5,0.8522378199939328,0.06522545777135247,0.06723576274442165,0.9701006593661946,True,-0.0049788135593219485,-0.020450534620575223,False,3,2,部分收敛/待确认,-0.1760532150776054,0.24952741020793892,-0.0584538981934275,19.848,-0.06388553002821451,0.00012093360744946935,,,,-0.04127966976264197,18.0,17.93,0.03222222222222215,0.036252091466815406,False,0,,沪深主板10%,9,9.252845126175146,READY_FOR_BREAKOUT,False,False,5,False,19.38,,,,False,False,False,,,,,紧凑缩量平台形成，尚未出现放量突破,0,0,1,1,1,1,4,False,False,True,收盘价未站上MA25,硬资格：最近25个交易日（含当日）至少一次按板块涨停价核验的实际涨停，且最新收盘价严格高于MA25、当日MA25严格高于前一交易日MA25；通过后再按方向/非极端波动/不过热排序,618,False,,,257,4,未入选：未满足一级粗筛最低资格条件
000517,荣安地产,2.04,-0.009708737864077666,0.025125628140703515,-0.07692307692307687,-0.11688311688311692,,,,0.06666666666666672,-0.1206896551724137,0.16161616161616155,0.41250000000000053,42175107.6,32213529.6,1.3092358435630722,0.0200221914050754,0.01292684799289848,1.548884261350859,False,0.004970178926441582,-0.022020105313547034,False,3,1,结构未成熟,-0.17741935483870963,0.1698113207547171,-0.04449648711943799,2.1776,-0.06318883174136658,-0.004753199268738628,,,,0.0,1.95,1.95,0.04615384615384621,0.04615384615384621,False,0,,沪深主板10%,4,8.81057268722467,INELIGIBLE,False,False,0,False,,,,,False,False,False,,,,,未形成合格的短周期缩量平台或呈N型走势,0,0,1,1,1,1,4,False,False,False,收盘价未站上MA25,硬资格：最近25个交易日（含当日）至少一次按板块涨停价核验的实际涨停，且最新收盘价严格高于MA25、当日MA25严格高于前一交易日MA25；通过后再按方向/非极端波动/不过热排序,618,False,,,257,4,未入选：未满足一级粗筛最低资格条件
000520,凤凰航运,4.14,-0.037209302325581395,0.029850746268656803,-0.06334841628959287,-0.02358490566037752,,,,0.09343434343434347,-0.10967741935483888,0.1625000000000001,0.5749805749805749,30241061.4,74752526.9,0.4045490186633409,0.02665333561845447,0.07466748690699618,0.35696039497958665,True,0.0033931168201648543,-0.016830294530154277,False,3,2,部分收敛/待确认,-0.10967741935483888,0.26086956521739074,-0.025996941536290064,4.248,-0.025423728813559476,-0.00047058823529411153,,,,-0.02358490566037752,3.96,3.96,0.045454545454545414,0.045454545454545414,True,1,2026-08-20,沪深主板10%,4,9.975062344139651,RETEST_STABILIZING,True,False,4,False,4.17,2026-09-21,1.2592096240130097,0.7496292322246565,True,False,False,,0.04368932038834945,,,突破后处于一周内确认窗，守位/缩量/横住或小平台再突破条件尚未全部成立,0,0,1,1,1,1,4,False,False,False,收盘价未站上MA25,硬资格：最近25个交易日（含当日）至少一次按板块涨停价核验的实际涨停，且最新收盘价严格高于MA25、当日MA25严格高于前一交易日MA25；通过后再按方向/非极端波动/不过热排序,618,False,,,257,4,未入选：未满足一级粗筛最低资格条件
000526,学大教育,36.25,0.015690669655365808,0.038087056128293106,-0.05598958333333326,-0.0008269018743108925,,,,0.0628803245436106,-0.06523981433728732,0.10744985673352436,0.5852062204192027,1837022.2,3073437.3,0.5977093464701557,0.014832070642387235,0.02656203934143366,0.558393519854891,True,0.006166902404526109,-0.01576427863981511,False,3,2,部分收敛/待确认,-0.07265285239191621,0.4721189591078063,0.00026213766366356417,36.3164,-0.0018283750592019699,0.0007826278659610608,,,,0.009749303621169991,34.51,34.51,0.050420168067226934,0.050420168067226934,True,1,2026-08-19,沪深主板10%,3,9.98874507597074,READY_FOR_BREAKOUT,False,False,5,False,35.95,,,,False,False,False,,,,,紧凑缩量平台形成，尚未出现放量突破,0,0,1,1,1,1,4,False,False,True,收盘价未站上MA25,硬资格：最近25个交易日（含当日）至少一次按板块涨停价核验的实际涨停，且最新收盘价严格高于MA25、当日MA25严格高于前一交易日MA25；通过后再按方向/非极端波动/不过热排序,618,False,,,257,4,未入选：未满足一级粗筛最低资格条件
000603,盛达资源,33.4,-0.022820362785254567,0.012121212121211977,-0.03188405797101457,-0.07912875654811147,,,,0.10707692307692299,-0.15314401622718055,0.17900656044985955,0.5981731776077317,38216763.4,38021073.2,1.0051468878579681,0.0681142583653528,0.05997589598667695,1.135693885765103,False,0.013257237976339153,-0.010674401740391692,False,3,1,结构未成熟,-0.17059846039235171,0.2508178844056703,-0.05514929489808906,35.372,-0.05575031098043659,0.00037331583651023514,,,,-0.0683403068340308,32.5,32.01,0.027692307692307683,0.04342393002186817,True,1,2026-08-21,沪深主板10%,9,10.006009615384603,RETEST_STABILIZING,True,False,3,False,33.93,2026-09-16,1.4451879909964902,0.9949704212716448,False,False,False,,0.10707692307692299,35.98,0.6053471104251997,突破后处于一周内确认窗，守位/缩量/横住或小平台再突破条件尚未全部成立,0,0,1,1,1,1,4,False,False,True,收盘价未站上MA25,硬资格：最近25个交易日（含当日）至少一次按板块涨停价核验的实际涨停，且最新收盘价严格高于MA25、当日MA25严格高于前一交易日MA25；通过后再按方向/非极端波动/不过热排序,618,False,,,257,4,未入选：未满足一级粗筛最低资格条件
000657,中钨高新,60.26,-0.0038022813688213253,-0.03165675719106542,0.006682258603407876,-0.055633913179752414,,,,0.06289835625628984,-0.13170028818443813,0.12895204262877452,0.48776548997646213,71233204.0,51596199.2,1.3805901423839761,0.0420554340326422,0.03549907320744437,1.1846910421262185,False,0.008551806115036475,0.008346105150929484,True,3,2,部分收敛/待确认,-0.2018543046357616,0.20625000000000002,-0.018582759238448876,62.2936,-0.03264540819602657,-0.008076330237831386,,,,-0.04907685024459518,59.62,56.3,0.010734652801073441,0.07033747779751343,False,0,,沪深主板10%,4,-0.38022813688213253,READY_FOR_BREAKOUT,False,False,4,False,62.48,,,,False,False,False,,,,,紧凑缩量平台形成，尚未出现放量突破,0,0,1,1,1,1,4,False,False,False,收盘价未站上MA25,硬资格：最近25个交易日（含当日）至少一次按板块涨停价核验的实际涨停，且最新收盘价严格高于MA25、当日MA25严格高于前一交易日MA25；通过后再按方向/非极端波动/不过热排序,618,False,,,257,4,未入选：未满足一级粗筛最低资格条件
000723,美锦能源,3.67,0.013812154696132506,0.008241758241758212,-0.054123711340206215,-0.05167958656330751,,,,0.06285714285714292,-0.1113801452784503,0.1440443213296399,0.43637362637362676,62039285.0,94208213.0,0.658533720409281,0.013632684507005034,0.020473801706712126,0.6658599463985088,True,-0.009294696555494864,-0.013607257203841927,False,3,2,部分收敛/待确认,-0.1113801452784503,0.3134328358208955,-0.028843609420481586,3.7752,-0.027866073320618745,0.0013793103448276334,,,,0.008241758241758212,3.5,3.5,0.04857142857142849,0.04857142857142849,True,1,2026-08-19,沪深主板10%,2,9.887005649717517,BREAKOUT_AWAIT_RETEST,True,False,5,False,3.64,2026-09-22,1.297292505993391,,False,False,False,,,,,首次放量突破，仅观察，等待缩量回踩确认,0,0,1,1,1,1,4,False,False,True,收盘价未站上MA25,硬资格：最近25个交易日（含当日）至少一次按板块涨停价核验的实际涨停，且最新收盘价严格高于MA25、当日MA25严格高于前一交易日MA25；通过后再按方向/非极端波动/不过热排序,618,False,,,257,4,未入选：未满足一级粗筛最低资格条件
000831,中国稀土,54.62,-0.012296564195298343,0.027464258841233935,-0.006186317321688617,-0.0555075220473803,,,,0.0799618320610688,-0.12608000000000008,0.16525840047160537,0.48385940946347117,22364365.2,22313522.0,1.0022785824667213,0.019088821603425867,0.021318850752612466,0.8953963712648382,True,0.022646770668475424,-0.006813679201614464,True,3,3,收敛较充分,-0.13575949367088613,0.30300568643379333,-0.02290677185356127,56.3152,-0.030101997329317842,-0.00555889104714824,,,,-0.007270083605961597,52.4,50.89,0.04236641221374038,0.07329534289644335,False,0,,沪深主板10%,9,8.531144029983938,RETEST_STABILIZING,True,False,5,False,54.99,2026-09-21,1.3632897560284614,0.7430191177922199,True,False,False,,0.028755760368663636,,,突破后处于一周内确认窗，守位/缩量/横住或小平台再突破条件尚未全部成立,0,0,1,1,1,1,4,False,False,False,收盘价未站上MA25,硬资格：最近25个交易日（含当日）至少一次按板块涨停价核验的实际涨停，且最新收盘价严格高于MA25、当日MA25严格高于前一交易日MA25；通过后再按方向/非极端波动/不过热排序,618,False,,,257,4,未入选：未满足一级粗筛最低资格条件
000887,中鼎股份,19.87,0.016888433981576245,0.05523101433882127,-0.04791566842357453,-0.04791566842357453,,,,0.09528965890633469,-0.0902014652014651,0.17230273752012887,0.55303624468069,25867136.2,29256794.4,0.8841411620953251,0.017794845069552333,0.0237014288895297,0.7507920789287666,True,0.021775544388609624,-0.019125270521918702,False,3,2,部分收敛/待确认,-0.122737306843267,0.3349282296650723,-0.017746799149735648,20.4788,-0.02972830439283547,-0.004781991718989853,,,,0.0025227043390514403,18.47,18.47,0.07579859231185715,0.07579859231185715,False,0,,沪深主板10%,3,6.031594064145507,BREAKOUT_AWAIT_RETEST,False,False,5,False,19.82,2026-09-22,1.3862675437243193,,False,False,True,,,,,首次放量突破，仅观察，等待缩量回踩确认,0,0,1,1,1,1,4,False,False,False,收盘价未站上MA25,硬资格：最近25个交易日（含当日）至少一次按板块涨停价核验的实际涨停，且最新收盘价严格高于MA25、当日MA25严格高于前一交易日MA25；通过后再按方向/非极端波动/不过热排序,618,False,,,257,4,未入选：未满足一级粗筛最低资格条件
000889,中嘉博创,3.94,0.01285347043701801,0.023376623376623273,-0.0174563591022443,-0.0174563591022443,,,,0.05277044854881271,-0.1004566210045662,0.14360313315926887,0.3674742144399141,35738004.6,51560785.2,0.6931237463001242,0.0401879701040801,0.061466432794977655,0.653819788731319,True,-0.011127971674253834,-0.005764411027568861,False,3,2,部分收敛/待确认,-0.1004566210045662,0.3714285714285713,-0.013149655604258181,3.966,-0.006555723651033851,-0.0003024803387778885,,,,-0.01005025125628145,3.79,3.79,0.0395778364116095,0.0395778364116095,False,0,,沪深主板10%,3,2.6881720430107503,READY_FOR_BREAKOUT,False,False,5,False,3.98,,,,False,False,False,,,,,紧凑缩量平台形成，尚未出现放量突破,0,0,1,1,1,1,4,False,False,False,收盘价未站上MA25,硬资格：最近25个交易日（含当日）至少一次按板块涨停价核验的实际涨停，且最新收盘价严格高于MA25、当日MA25严格高于前一交易日MA25；通过后再按方向/非极端波动/不过热排序,618,False,,,257,4,未入选：未满足一级粗筛最低资格条件
000931,中 关 村,4.69,0.012958963282937441,0.08314087759815258,-0.008456659619450302,-0.10153256704980829,,,,0.09302325581395357,-0.21308724832214754,0.15813953488372107,0.5882352941176471,17871769.2,30754945.0,0.5811022975329658,0.017616097329889436,0.04362410996228154,0.4038156273015252,True,0.02828467153284664,-0.0022321428571427937,True,3,3,收敛较充分,-0.21308724832214754,0.28651685393258464,-0.0030821553831438253,4.7536,-0.013379333557724471,0.0033772374197906796,,,,0.04222222222222238,4.3,4.3,0.09069767441860477,0.09069767441860477,True,3,2026-08-24,沪深主板10%,9,10.019646365422386,RETEST_STABILIZING,True,False,5,False,4.43,2026-09-21,1.8850606756755175,1.004445047642489,True,True,False,,0.0284463894967177,,,突破后处于一周内确认窗，守位/缩量/横住或小平台再突破条件尚未全部成立,0,0,1,1,1,1,4,False,False,True,收盘价未站上MA25,硬资格：最近25个交易日（含当日）至少一次按板块涨停价核验的实际涨停，且最新收盘价严格高于MA25、当日MA25严格高于前一交易日MA25；通过后再按方向/非极端波动/不过热排序,618,False,,,257,4,未入选：未满足一级粗筛最低资格条件
000938,紫光股份,33.77,-0.002068557919621794,0.027380590203833544,-0.0035408675125404576,-0.03789173789173783,,,,0.056389825314127985,-0.14614412136536015,0.2335423197492164,0.2414544198014338,127017524.6,137427804.8,0.9242490978070254,0.0525840715053102,0.04805045901431519,1.0943510755983488,True,0.018883912359278554,-0.00882825040128421,True,3,3,收敛较充分,-0.1739236790606653,0.20824053452115854,-0.03319543652213752,35.0244,-0.03581503180639778,-0.006219568943013787,,,,-0.015164771070282801,32.63,31.9,0.03493717437940558,0.05862068965517264,False,0,,沪深主板10%,15,8.526051825020907,RETEST_STABILIZING,True,False,5,False,33.65,2026-09-16,1.2660783447848922,1.015210227053542,False,False,False,,0.05412844036697235,34.29,0.8925571156005396,突破后处于一周内确认窗，守位/缩量/横住或小平台再突破条件尚未全部成立,0,0,1,1,1,1,4,False,False,False,收盘价未站上MA25,硬资格：最近25个交易日（含当日）至少一次按板块涨停价核验的实际涨停，且最新收盘价严格高于MA25、当日MA25严格高于前一交易日MA25；通过后再按方向/非极端波动/不过热排序,618,False,,,257,4,未入选：未满足一级粗筛最低资格条件
000960,锡业股份,33.69,0.0,0.026508226691041914,-0.018928363424577932,-0.03467048710601717,,,,0.0661538461538461,-0.0955704697986578,0.10052582740488711,0.6580781065088752,24353899.6,29253282.0,0.8325185392873183,0.0131754321250715,0.01777848179284653,0.7410887092942242,True,0.010787031457153207,-0.002250518211430075,True,3,3,收敛较充分,-0.16152314584370342,0.173248407643312,-0.019428072473259284,34.732800000000005,-0.030023493642896804,-0.0059984431521588055,,,,-0.00824256697085668,32.5,32.33,0.036615384615384494,0.042066192390968205,False,0,,沪深主板10%,4,2.100027631942547,READY_FOR_BREAKOUT,False,False,5,False,34.46,,,,False,False,False,,,,,紧凑缩量平台形成，尚未出现放量突破,0,0,1,1,1,1,4,False,False,False,收盘价未站上MA25,硬资格：最近25个交易日（含当日）至少一次按板块涨停价核验的实际涨停，且最新收盘价严格高于MA25、当日MA25严格高于前一交易日MA25；通过后再按方向/非极端波动/不过热排序,618,False,,,257,4,未入选：未满足一级粗筛最低资格条件
000975,山金国际,24.2,-0.0170593013809911,-0.0491159135559921,-0.06201550387596899,-0.12949640287769792,,,,0.10161758606387389,-0.14427157001414437,0.10939406262708423,0.928913175208423,44524340.0,34878171.8,1.2765674833908582,0.0184925915485379,0.01382291018783276,1.337821869436401,False,-0.01717810572343237,-0.013655584435737,False,3,1,结构未成熟,-0.20079260237780716,0.014586709886547785,-0.06932025766753191,26.415599999999998,-0.08387468011326638,-0.0041769708667591665,,,,-0.08437381763147944,24.11,24.11,0.0037328909166320923,0.0037328909166320923,False,0,,沪深主板10%,4,4.104477611940283,RETEST_STABILIZING,True,False,5,False,26.35,2026-09-16,1.2730734649015114,1.2513141760039845,False,False,False,,0.09622563251762756,26.43,0.6246192850845105,突破后处于一周内确认窗，守位/缩量/横住或小平台再突破条件尚未全部成立,0,0,1,1,1,1,4,False,False,False,收盘价未站上MA25,硬资格：最近25个交易日（含当日）至少一次按板块涨停价核验的实际涨停，且最新收盘价严格高于MA25、当日MA25严格高于前一交易日MA25；通过后再按方向/非极端波动/不过热排序,618,False,,,257,4,未入选：未满足一级粗筛最低资格条件
000977,浪潮信息,72.15,0.00417536534446783,0.049301919720767806,-0.0023506637168140276,-0.02644717312103617,,,,0.07006554989075,-0.19096209912536444,0.31923076923076943,0.2194824454409035,58369017.4,90844436.1,0.64251615074971,0.04286733987273947,0.06468289554420259,0.6627306881066426,True,0.022229861349833735,-0.012435899227297487,False,3,2,部分收敛/待确认,-0.19096209912536444,0.2108433734939763,-0.040475573021604205,75.02,-0.03825646494268187,-0.004680733633353196,,,,-0.0005540933647318891,68.65,67.6,0.050983248361252675,0.06730769230769251,True,1,2026-08-31,沪深主板10%,17,9.994834710743806,READY_FOR_BREAKOUT,False,False,5,False,72.49,,,,False,False,False,,,,,紧凑缩量平台形成，尚未出现放量突破,0,0,1,1,1,1,4,False,False,False,收盘价未站上MA25,硬资格：最近25个交易日（含当日）至少一次按板块涨停价核验的实际涨停，且最新收盘价严格高于MA25、当日MA25严格高于前一交易日MA25；通过后再按方向/非极端波动/不过热排序,618,False,,,257,4,未入选：未满足一级粗筛最低资格条件
000989,九芝堂,8.83,-0.015607580824972156,0.0279394644935973,-0.03179824561403499,-0.002259887005649719,,,,0.05896226415094339,-0.059637912673056515,0.08127208480565365,0.7254922067268257,12246330.6,13654953.8,0.8968415989807302,0.0154956582629873,0.01859713870605908,0.8332280845944707,True,0.013695450324976655,-0.005468839011051441,True,3,3,收敛较充分,-0.09897959183673477,0.2651515151515148,-0.0056866167445528415,8.9168,-0.009734433877624293,-0.0025950782997762323,,,,0.002270147559591429,8.48,8.48,0.04127358490566024,0.04127358490566024,False,0,,沪深主板10%,4,3.0303030303030276,RETEST_STABILIZING,True,False,5,False,8.77,2026-09-21,2.107595925216105,0.7005370902585115,True,False,False,,0.018181818181818195,,,突破后处于一周内确认窗，守位/缩量/横住或小平台再突破条件尚未全部成立,0,0,1,1,1,1,4,False,False,False,收盘价未站上MA25,硬资格：最近25个交易日（含当日）至少一次按板块涨停价核验的实际涨停，且最新收盘价严格高于MA25、当日MA25严格高于前一交易日MA25；通过后再按方向/非极端波动/不过热排序,618,False,,,257,4,未入选：未满足一级粗筛最低资格条件
001258,立新能源,11.71,0.04460303300624435,0.06940639269406401,-0.03303055326176707,-0.04719283970707877,,,,0.10230414746543791,-0.1776685393258427,0.28505957836846924,0.3588868967356681,56676028.6,105694143.8,0.5362267630195799,0.04786067157264327,0.11707983216033442,0.4087866431777994,True,0.005562533644356771,-0.022587268993839782,False,3,2,部分收敛/待确认,-0.19794520547945194,0.22933333333333367,-0.034425891568748646,12.158,-0.036848165816746103,-0.005366667757452759,,,,0.036283185840708,10.85,10.85,0.07926267281105992,0.07926267281105992,True,1,2026-08-26,沪深主板10%,9,10.008136696501225,BREAKOUT_AWAIT_RETEST,False,False,5,False,11.3,2026-09-22,2.1196142269527485,,False,False,True,,,,,首次放量突破，仅观察，等待缩量回踩确认,0,0,1,1,1,1,4,False,False,False,收盘价未站上MA25,硬资格：最近25个交易日（含当日）至少一次按板块涨停价核验的实际涨停，且最新收盘价严格高于MA25、当日MA25严格高于前一交易日MA25；通过后再按方向/非极端波动/不过热排序,618,False,,,257,4,未入选：未满足一级粗筛最低资格条件
001277,速达股份,30.76,0.008524590163934587,0.06032402619786281,-0.010614345448697327,-0.07793764988009588,,,,0.08432470258922324,-0.07293550331525012,0.12668743509864994,0.6656122015854267,1330666.4,2169435.7,0.6133698270015561,0.029508832880172003,0.049026315312973835,0.6018978316398802,True,0.021140207310420323,-0.00458929165281019,True,3,3,收敛较充分,-0.22907268170426054,0.19257950530035364,0.003916449086161844,31.3088,-0.017528618152085063,0.0010103206169351786,,,,0.019893899204244114,28.58,28.58,0.07627711686494054,0.07627711686494054,True,2,2026-08-20,沪深主板10%,17,10.010010010010006,READY_FOR_BREAKOUT,False,False,5,False,30.63,,,,False,False,False,,,,,紧凑缩量平台形成，尚未出现放量突破,0,0,1,1,1,1,4,False,False,True,收盘价未站上MA25,硬资格：最近25个交易日（含当日）至少一次按板块涨停价核验的实际涨停，且最新收盘价严格高于MA25、当日MA25严格高于前一交易日MA25；通过后再按方向/非极端波动/不过热排序,618,False,,,257,4,未入选：未满足一级粗筛最低资格条件
001337,四川黄金,49.41,-0.016716417910447867,0.0020279862096936885,-0.019642857142857184,-0.10163636363636375,,,,0.08338442673206618,-0.11767857142857152,0.15527950310559008,0.5369957081545061,10980215.4,12935702.4,0.8488302421057553,0.03145984523809517,0.032146438690476155,0.9786416946837598,True,0.0008712526236585028,-0.009363222361809087,True,3,3,收敛较充分,-0.16325148179508897,0.24154209284028283,-0.0455217177131928,51.77799999999999,-0.04573370929738485,0.0009511142728999555,,,,-0.06755991696546526,48.93,48.3,0.009809932556713585,0.022981366459627228,False,0,,沪深主板10%,14,9.96697105109774,RETEST_STABILIZING,True,False,5,False,51.55,2026-09-16,1.2780143316721335,0.8542511063614718,False,False,False,,0.0829756795422032,52.99,0.5358347599215069,突破后处于一周内确认窗，守位/缩量/横住或小平台再突破条件尚未全部成立,0,0,1,1,1,1,4,False,False,True,收盘价未站上MA25,硬资格：最近25个交易日（含当日）至少一次按板块涨停价核验的实际涨停，且最新收盘价严格高于MA25、当日MA25严格高于前一交易日MA25；通过后再按方向/非极端波动/不过热排序,618,False,,,257,4,未入选：未满足一级粗筛最低资格条件
002038,双鹭药业,5.91,-0.0016891891891891442,0.061041292639138156,-0.02635914332784184,-0.07221350078492939,,,,0.08909090909090912,-0.12444444444444447,0.11531531531531543,0.7725852272727268,21131036.8,20445575.2,1.0335261587553672,0.015761929339004367,0.024799112457058955,0.6355844132041832,True,0.019957234497505416,-0.007467870788468223,True,3,3,收敛较充分,-0.1652542372881356,0.259493670886076,-0.0005073566717402889,6.0148,-0.017423688235685297,-0.0009965453095934773,,,,0.027826086956521667,5.5,5.5,0.07454545454545447,0.07454545454545447,True,2,2026-08-21,沪深主板10%,17,10.085470085470094,RETEST_STABILIZING,True,False,5,False,5.71,2026-09-21,2.9493488067136875,0.6758014496326894,True,False,False,,0.030981067125645544,,,突破后处于一周内确认窗，守位/缩量/横住或小平台再突破条件尚未全部成立,0,0,1,1,1,1,4,False,False,False,收盘价未站上MA25,硬资格：最近25个交易日（含当日）至少一次按板块涨停价核验的实际涨停，且最新收盘价严格高于MA25、当日MA25严格高于前一交易日MA25；通过后再按方向/非极端波动/不过热排序,618,False,,,257,4,未入选：未满足一级粗筛最低资格条件
002081,金 螳 螂,5.23,0.013565891472868241,0.1127659574468085,-0.059352517985611364,-0.04909090909090896,,,,0.1508620689655173,-0.15097402597402587,0.26247288503253796,0.574772014819037,215024645.4,284946395.1,0.7546143734316714,0.06618743026174427,0.11315664752238737,0.584918621317846,True,0.04476987447698777,-0.015148495116603655,False,3,2,部分收敛/待确认,-0.18281249999999993,0.34636871508379896,9.561143512781811e-05,5.2572,-0.005173856805904209,-0.007850834151128527,,,,0.05443548387096775,4.64,4.61,0.12715517241379337,0.13449023861171372,True,1,2026-08-25,沪深主板10%,6,10.000000000000009,RETEST_STABILIZING,False,False,5,False,4.93,2026-09-21,1.6248998719446666,1.0615661908152805,True,True,True,,0.0637450199203188,,,突破后处于一周内确认窗，守位/缩量/横住或小平台再突破条件尚未全部成立,0,0,1,1,1,1,4,False,False,False,收盘价未站上MA25,硬资格：最近25个交易日（含当日）至少一次按板块涨停价核验的实际涨停，且最新收盘价严格高于MA25、当日MA25严格高于前一交易日MA25；通过后再按方向/非极端波动/不过热排序,618,False,,,257,4,未入选：未满足一级粗筛最低资格条件
002112,三变科技,14.6,-0.00544959128065392,0.015299026425591,-0.03183023872679047,-0.045751633986928164,,,,0.044723969252271054,-0.0869293308317699,0.11350974930362123,0.3940099377071239,7459542.4,11476775.8,0.649968469367503,0.027385181369556335,0.04592065103106764,0.5963587352241343,True,0.0035788024776324256,-0.01306485285204384,False,3,2,部分收敛/待确认,-0.18344519015659955,0.08123249299719867,-0.025854879065888126,15.107199999999999,-0.03357339546706206,-0.005922143552759773,,,,-0.00747790618626798,14.31,14.31,0.020265548567435232,0.020265548567435232,False,0,,沪深主板10%,17,1.7038007863696025,READY_FOR_BREAKOUT,False,False,5,False,14.81,,,,False,False,False,,,,,紧凑缩量平台形成，尚未出现放量突破,0,0,1,1,1,1,4,False,False,False,收盘价未站上MA25,硬资格：最近25个交易日（含当日）至少一次按板块涨停价核验的实际涨停，且最新收盘价严格高于MA25、当日MA25严格高于前一交易日MA25；通过后再按方向/非极端波动/不过热排序,618,False,,,257,4,未入选：未满足一级粗筛最低资格条件
002155,湖南黄金,25.0,-0.011466982997232034,-0.05908919834399695,-0.03325599381283839,-0.0007993605115906854,,,,0.10180360721442883,-0.15368991198375082,0.1564625850340136,0.6506578374139581,60348191.6,80949634.6,0.745502952523519,0.0458713704610309,0.05112501509291329,0.897239255140863,True,-0.03718111767786336,-0.009507186095740305,False,3,2,部分收敛/待确认,-0.15368991198375082,0.15769944341372938,-0.062353492733239646,26.3448,-0.05104612674987097,-0.0010616999332646593,,,,-0.08155767817781034,24.95,24.95,0.002004008016032177,0.002004008016032177,True,2,2026-09-09,沪深主板10%,17,10.016286644951133,READY_FOR_BREAKOUT,False,False,4,False,25.98,,,,False,False,False,,,,,紧凑缩量平台形成，尚未出现放量突破,0,0,1,1,1,1,4,False,False,False,收盘价未站上MA25,硬资格：最近25个交易日（含当日）至少一次按板块涨停价核验的实际涨停，且最新收盘价严格高于MA25、当日MA25严格高于前一交易日MA25；通过后再按方向/非极端波动/不过热排序,618,False,,,257,4,未入选：未满足一级粗筛最低资格条件
002213,大为股份,29.09,-0.016565246788370458,-0.013563919972872096,0.04004290311047565,-0.10848912044131176,,,,0.05563380281690147,-0.10848912044131176,0.13379469434832744,0.41581471588149677,17832816.6,8121381.1,2.195786206855876,0.09935367901173753,0.039287266072687746,2.5289028467370898,False,0.03587634713556431,0.014490167386416397,True,3,2,部分收敛/待确认,-0.1259014423076923,0.4236588720770287,0.00560011061946919,29.2316,-0.0048440728526663035,-0.0026476328251879844,,,,-0.020538720538720523,28.4,26.01,0.024295774647887347,0.11841599384851964,False,0,,沪深主板10%,17,5.419872867179665,READY_FOR_BREAKOUT,False,False,3,False,29.7,,,,False,False,False,,,,,紧凑缩量平台形成，尚未出现放量突破,0,0,1,1,1,1,4,False,False,False,收盘价未站上MA25,硬资格：最近25个交易日（含当日）至少一次按板块涨停价核验的实际涨停，且最新收盘价严格高于MA25、当日MA25严格高于前一交易日MA25；通过后再按方向/非极端波动/不过热排序,618,False,,,257,4,未入选：未满足一级粗筛最低资格条件
002235,安妮股份,8.08,-0.004926108374384119,0.02149178255372952,-0.07019562715765237,-0.08077360637087594,,,,0.05519897304236208,-0.11500547645125969,0.13906447534766114,0.39693079705916745,15872621.0,20925291.1,0.7585376434739299,0.026680378572111432,0.037314804895176884,0.7150078540424044,True,0.0029821073558649047,-0.021438034445381282,False,3,2,部分收敛/待确认,-0.15833333333333333,0.16022099447513818,-0.04519940915805021,8.4912,-0.04842660636894658,-0.005155122316993221,,,,-0.014634146341463317,7.79,7.79,0.037227214377406836,0.037227214377406836,False,0,,沪深主板10%,17,8.787128712871283,READY_FOR_BREAKOUT,False,False,5,False,8.2,,,,False,False,False,,,,,紧凑缩量平台形成，尚未出现放量突破,0,0,1,1,1,1,4,False,False,False,收盘价未站上MA25,硬资格：最近25个交易日（含当日）至少一次按板块涨停价核验的实际涨停，且最新收盘价严格高于MA25、当日MA25严格高于前一交易日MA25；通过后再按方向/非极端波动/不过热排序,618,False,,,257,4,未入选：未满足一级粗筛最低资格条件
002256,兆新股份,3.25,-0.009146341463414531,0.0,-0.041297935103244865,-0.038461538461538436,,,,0.04416403785488963,-0.06876790830945567,0.06172839506172831,0.715457413249213,28509609.8,37004312.5,0.770440196666267,0.0130865799032673,0.01819574334171399,0.7192110625822105,True,-0.010378510378510342,-0.008446455505278894,False,3,2,部分收敛/待确认,-0.08963585434173671,0.20000000000000023,-0.024170544963218688,3.3331999999999997,-0.024960998439937487,-0.003348881712713858,,,,-0.01812688821752273,3.17,3.17,0.025236593059936974,0.025236593059936974,False,0,,沪深主板10%,9,1.501501501501501,READY_FOR_BREAKOUT,False,False,5,False,3.29,,,,False,False,False,,,,,紧凑缩量平台形成，尚未出现放量突破,0,0,1,1,1,1,4,False,False,False,收盘价未站上MA25,硬资格：最近25个交易日（含当日）至少一次按板块涨停价核验的实际涨停，且最新收盘价严格高于MA25、当日MA25严格高于前一交易日MA25；通过后再按方向/非极端波动/不过热排序,618,False,,,257,4,未入选：未满足一级粗筛最低资格条件
002277,友阿股份,5.45,-0.018018018018017945,0.0036832412523020164,-0.11382113821138218,-0.17173252279635254,,,,0.05471698113207548,-0.1742424242424242,0.14760147601476012,0.37070754716981147,20003522.2,21485211.3,0.9310367918047889,0.014683334088858968,0.01599988251097707,0.9177151193944796,True,-0.00867052023121373,-0.029366039039557812,False,3,2,部分收敛/待确认,-0.18777943368107297,0.10638297872340449,-0.07970280310705835,5.9412,-0.08267690028950381,-0.002417892403787869,,,,-0.025044722719141266,5.3,5.3,0.028301886792452935,0.028301886792452935,True,1,2026-08-24,沪深主板10%,17,10.085470085470094,READY_FOR_BREAKOUT,False,False,5,False,5.58,,,,False,False,False,,,,,紧凑缩量平台形成，尚未出现放量突破,0,0,1,1,1,1,4,False,False,False,收盘价未站上MA25,硬资格：最近25个交易日（含当日）至少一次按板块涨停价核验的实际涨停，且最新收盘价严格高于MA25、当日MA25严格高于前一交易日MA25；通过后再按方向/非极端波动/不过热排序,618,False,,,257,4,未入选：未满足一级粗筛最低资格条件
002329,皇氏集团,3.7,0.016483516483516425,0.04519774011299438,-0.08866995073891615,-0.053708439897698246,,,,0.06857142857142863,-0.0997566909975669,0.16430594900849874,0.4173399014778325,23994095.8,35009712.9,0.6853554003294897,0.03622342829620807,0.056060980965568524,0.646143318798787,True,-0.006001091107474044,-0.027225130890052185,False,3,2,部分收敛/待确认,-0.1741071428571429,0.27102803738317754,-0.036583778153886026,3.8147999999999995,-0.03009332075075999,-0.0055265901981232934,,,,0.008174386920980936,3.5,3.5,0.05714285714285716,0.05714285714285716,False,0,,沪深主板10%,3,1.6483516483516425,READY_FOR_BREAKOUT,False,False,5,False,3.67,,,,False,False,False,,,,,紧凑缩量平台形成，尚未出现放量突破,0,0,1,1,1,1,4,False,False,False,收盘价未站上MA25,硬资格：最近25个交易日（含当日）至少一次按板块涨停价核验的实际涨停，且最新收盘价严格高于MA25、当日MA25严格高于前一交易日MA25；通过后再按方向/非极端波动/不过热排序,618,False,,,257,4,未入选：未满足一级粗筛最低资格条件
002364,中恒电气,36.6,0.015256588072122268,0.050215208034433356,-0.005704971475142595,-0.04037755637126372,,,,0.09407665505226487,-0.07224334600760463,0.16835217132659144,0.558808682483594,23562327.0,26699953.5,0.8824856942166585,0.0361502522583545,0.04783592539256003,0.7557134509616278,True,0.023998638375127834,-0.010492801771871507,False,3,2,部分收敛/待确认,-0.19595782073813706,0.2504201680672271,-0.0019089173711480667,37.0988,-0.013445178819800008,-0.007618313913052899,,,,0.00273972602739736,34.44,33.62,0.06271777003484336,0.0886377156454492,False,0,,沪深主板10%,4,1.5256588072122268,BREAKOUT_AWAIT_RETEST,True,False,5,False,36.5,2026-09-22,1.501778163041904,,False,False,False,,,,,首次放量突破，仅观察，等待缩量回踩确认,0,0,1,1,1,1,4,False,False,False,收盘价未站上MA25,硬资格：最近25个交易日（含当日）至少一次按板块涨停价核验的实际涨停，且最新收盘价严格高于MA25、当日MA25严格高于前一交易日MA25；通过后再按方向/非极端波动/不过热排序,618,False,,,257,4,未入选：未满足一级粗筛最低资格条件
002365,永安药业,14.43,-0.01635991820040905,0.029243937232525052,-0.1026119402985074,-0.08206106870229013,,,,0.07299270072992702,-0.10650154798761602,0.2442218798151,0.2988786294872092,18602280.4,34828888.1,0.5341049173487682,0.06419981144340127,0.1289763115030686,0.49776436227108134,True,0.012184633027522818,-0.014621301365116635,False,3,2,部分收敛/待确认,-0.1576182136602452,0.34939759036144574,-0.016829052258636068,14.842,-0.027759062121007982,-0.003009377435043148,,,,-0.010288065843621408,13.7,12.98,0.05328467153284677,0.11171032357473032,False,0,,沪深主板10%,2,-1.6359918200409052,RETEST_STABILIZING,False,False,5,False,14.53,2026-09-21,1.3298950490657182,0.6592082588683993,True,False,True,,0.03230337078651679,,,突破后处于一周内确认窗，守位/缩量/横住或小平台再突破条件尚未全部成立,0,0,1,1,1,1,4,False,False,False,收盘价未站上MA25,硬资格：最近25个交易日（含当日）至少一次按板块涨停价核验的实际涨停，且最新收盘价严格高于MA25、当日MA25严格高于前一交易日MA25；通过后再按方向/非极端波动/不过热排序,618,False,,,257,4,未入选：未满足一级粗筛最低资格条件
002370,亚太药业,5.39,-0.009191176470588314,0.058939096267190516,-0.06260869565217397,-0.03749999999999998,,,,0.08747514910536769,-0.09259259259259267,0.16929133858267723,0.5167136714596136,15489827.0,21880928.8,0.7079145104663016,0.0162709769513,0.030812477967608824,0.5280645382823359,True,0.02130956993413391,-0.009007318446237367,True,3,3,收敛较充分,-0.13760000000000006,0.29508196721311436,-9.275577404699309e-05,5.4428,-0.009700889248181133,-0.004754242246927998,,,,0.015065913370998052,5.03,5.03,0.07157057654075527,0.07157057654075527,False,0,,沪深主板10%,17,6.481481481481466,RETEST_STABILIZING,False,False,5,False,5.29,2026-09-21,1.7452144821315663,0.9216893068653076,True,False,True,,0.02251407129455912,,,突破后处于一周内确认窗，守位/缩量/横住或小平台再突破条件尚未全部成立,0,0,1,1,1,1,4,False,False,False,收盘价未站上MA25,硬资格：最近25个交易日（含当日）至少一次按板块涨停价核验的实际涨停，且最新收盘价严格高于MA25、当日MA25严格高于前一交易日MA25；通过后再按方向/非极端波动/不过热排序,618,False,,,257,4,未入选：未满足一级粗筛最低资格条件
002409,雅克科技,135.5,-0.01404351306119489,0.01749643313058513,0.02558280351195874,-0.012318682119688007,,,,0.0663242181598429,-0.08631153068105202,0.09828854766474733,0.6747909063227625,18967523.8,15116881.8,1.2547246218462857,0.069762546660443,0.04745934769927116,1.4699432259899003,False,0.03026466509917425,0.016704343736250404,True,3,2,部分收敛/待确认,-0.1696795146761444,0.274180865006553,0.007352558526811714,135.514,-0.00010331035907740205,-0.006848009943685507,,,,-0.03214285714285714,132.38,125.04,0.023568514881401992,0.0836532309660909,False,0,,沪深主板10%,4,-1.404351306119489,RETEST_STABILIZING,True,False,4,False,135.41,2026-09-16,1.2807841149236836,0.9003275580523665,True,False,False,,0.053432835820895495,141.16,0.9537873181989893,突破后处于一周内确认窗，守位/缩量/横住或小平台再突破条件尚未全部成立,0,0,1,1,1,1,4,False,False,False,收盘价未站上MA25,硬资格：最近25个交易日（含当日）至少一次按板块涨停价核验的实际涨停，且最新收盘价严格高于MA25、当日MA25严格高于前一交易日MA25；通过后再按方向/非极端波动/不过热排序,618,False,,,257,4,未入选：未满足一级粗筛最低资格条件
002437,誉衡药业,3.78,0.010695187165775222,0.12835820895522376,-0.062034739454094434,-0.1209302325581395,,,,0.16969696969696973,-0.22222222222222232,0.417910447761194,0.4060606060606062,329156026.0,406853056.1,0.8090292577748195,0.11449326684765247,0.20224027770897654,0.5661249487226679,True,0.038483965014577404,-0.025605726872246715,False,3,2,部分收敛/待确认,-0.2588235294117647,0.26666666666666666,-0.03361881631087826,3.9939999999999998,-0.053580370555833756,-0.009719329564613743,,,,0.05882352941176472,3.3,3.3,0.1454545454545455,0.1454545454545455,True,2,2026-08-28,沪深主板10%,17,10.000000000000009,RETEST_STABILIZING,False,False,5,False,3.56,2026-09-21,2.122587439584899,0.8192650152160377,True,True,True,,0.04043126684636116,,,突破后处于一周内确认窗，守位/缩量/横住或小平台再突破条件尚未全部成立,0,0,1,1,1,1,4,False,False,False,收盘价未站上MA25,硬资格：最近25个交易日（含当日）至少一次按板块涨停价核验的实际涨停，且最新收盘价严格高于MA25、当日MA25严格高于前一交易日MA25；通过后再按方向/非极端波动/不过热排序,618,False,,,257,4,未入选：未满足一级粗筛最低资格条件
002438,江苏神通,13.69,-0.00868935553946426,0.037907505686125775,-0.016522988505747183,-0.004363636363636347,,,,0.06311787072243347,-0.07935440484196365,0.1299392097264437,0.48574922731416653,4385406.0,7863094.0,0.557720154432848,0.0093439830395054,0.01676992581142182,0.5571869037811313,True,0.01625282167042874,-0.011731925502273088,False,3,2,部分收敛/待确认,-0.07935440484196365,0.31395348837209275,-0.00018258170531326723,13.702800000000002,-0.0009341156551947449,-0.0018938290309422623,,,,0.01107828655834564,13.15,13.15,0.041064638783269825,0.041064638783269825,False,0,,沪深主板10%,4,1.384839650145775,RETEST_STABILIZING,True,False,5,False,13.47,2026-09-21,1.7521079678197486,0.8156239922605611,True,False,False,,0.02417582417582418,,,突破后处于一周内确认窗，守位/缩量/横住或小平台再突破条件尚未全部成立,0,0,1,1,1,1,4,False,False,False,收盘价未站上MA25,硬资格：最近25个交易日（含当日）至少一次按板块涨停价核验的实际涨停，且最新收盘价严格高于MA25、当日MA25严格高于前一交易日MA25；通过后再按方向/非极端波动/不过热排序,618,False,,,257,4,未入选：未满足一级粗筛最低资格条件
002445,中南文化,3.17,-0.006269592476489061,0.02922077922077926,-0.027607361963190136,-0.14555256064690025,,,,0.07023411371237456,-0.2230392156862745,0.1324503311258278,0.530267558528428,50607290.2,69773572.8,0.725307421838086,0.023800302796120932,0.03091819512318634,0.7697830582055057,True,0.01745313510019386,-0.004461440407903194,True,3,3,收敛较充分,-0.2230392156862745,0.18749999999999994,-0.02251002158495219,3.2488,-0.02425510957892152,0.0017266896891958705,,,,-0.006269592476489061,2.99,2.99,0.06020066889632103,0.06020066889632103,True,2,2026-08-25,沪深主板10%,9,10.130718954248374,RETEST_STABILIZING,True,False,5,False,3.11,2026-09-17,2.0549739485982372,0.4966295766009854,True,False,False,,0.03225806451612906,3.19,0.8873140125630129,突破后处于一周内确认窗，守位/缩量/横住或小平台再突破条件尚未全部成立,0,0,1,1,1,1,4,False,False,True,收盘价未站上MA25,硬资格：最近25个交易日（含当日）至少一次按板块涨停价核验的实际涨停，且最新收盘价严格高于MA25、当日MA25严格高于前一交易日MA25；通过后再按方向/非极端波动/不过热排序,618,False,,,257,4,未入选：未满足一级粗筛最低资格条件
002448,中原内配,11.26,-0.018308631211857107,-0.0017730496453900457,-0.03430531732418529,-0.10563939634630659,,,,0.0655141037306643,-0.11268715524034667,0.1066666666666666,0.6141947224749782,12928120.0,16899874.0,0.7649832182180767,0.020716915917709033,0.030756341873540594,0.6735819234579262,True,-0.004942630185348684,-0.010944501895897907,False,3,2,部分收敛/待确认,-0.1985765124555161,0.08823529411764691,-0.04027274664393765,11.896400000000002,-0.05349517501092782,-0.008567237815854223,,,,-0.02341717259323506,10.99,10.99,0.02456778889899902,0.02456778889899902,False,0,,沪深主板10%,17,3.7735849056603765,READY_FOR_BREAKOUT,False,False,5,False,11.58,,,,False,False,False,,,,,紧凑缩量平台形成，尚未出现放量突破,0,0,1,1,1,1,4,False,False,False,收盘价未站上MA25,硬资格：最近25个交易日（含当日）至少一次按板块涨停价核验的实际涨停，且最新收盘价严格高于MA25、当日MA25严格高于前一交易日MA25；通过后再按方向/非极端波动/不过热排序,618,False,,,257,4,未入选：未满足一级粗筛最低资格条件
002476,新叶股份,4.98,-0.0059880239520956335,0.01014198782961473,-0.06566604127579734,-0.03112840466926059,,,,0.047520661157024885,-0.06566604127579734,0.08553971486761709,0.5555391578118862,7229019.4,8965095.3,0.8063516513873533,0.0110141595860566,0.014742576184640475,0.7470987056883369,True,-0.0072202166064980755,-0.01780125195618154,False,3,2,部分收敛/待确认,-0.06566604127579734,0.3859649122807027,-0.019588542179348356,5.059200000000001,-0.01565464895635682,0.0003163555836762644,,,,-0.00994035785288272,4.84,4.84,0.02892561983471076,0.02892561983471076,False,0,,沪深主板10%,4,2.2964509394572064,READY_FOR_BREAKOUT,False,False,5,False,5.03,,,,False,False,False,,,,,紧凑缩量平台形成，尚未出现放量突破,0,0,1,1,1,1,4,False,False,True,收盘价未站上MA25,硬资格：最近25个交易日（含当日）至少一次按板块涨停价核验的实际涨停，且最新收盘价严格高于MA25、当日MA25严格高于前一交易日MA25；通过后再按方向/非极端波动/不过热排序,618,False,,,257,4,未入选：未满足一级粗筛最低资格条件
002515,金字火腿,7.75,-0.02515723270440251,0.08695652173913038,-0.02515723270440251,-0.07185628742514971,,,,0.13540197461212988,-0.12725225225225234,0.19020172910662814,0.7118861392486227,62120794.4,102806635.7,0.604248879238444,0.05357054099645667,0.09687985481846959,0.5529585185365467,True,0.04588910133843194,-0.0031670625494854,True,3,3,收敛较充分,-0.12725225225225234,0.417525773195876,-0.0007735946364105795,7.834,-0.010722491702833792,-0.0048778009247497645,,,,-0.010217113665389577,7.09,6.94,0.09308885754583929,0.11671469740634,True,2,2026-09-07,沪深主板10%,17,10.000000000000009,INELIGIBLE,False,False,4,False,8.0,,,,False,False,True,,,,,未形成合格的短周期缩量平台或呈N型走势,0,0,1,1,1,1,4,False,False,False,收盘价未站上MA25,硬资格：最近25个交易日（含当日）至少一次按板块涨停价核验的实际涨停，且最新收盘价严格高于MA25、当日MA25严格高于前一交易日MA25；通过后再按方向/非极端波动/不过热排序,618,False,,,257,4,未入选：未满足一级粗筛最低资格条件
002558,巨人网络,24.33,-0.01855586930213804,-0.028742514970059974,-0.11204379562043798,-0.08910520404342948,,,,0.05539236256819137,-0.13906581740976653,0.1721277478224804,0.32180960518532364,43984942.8,58788505.8,0.7481895006761679,0.026980080172613947,0.03093229196902083,0.8722302311007188,True,-0.003081414206941191,-0.03616431943198217,False,3,2,部分收敛/待确认,-0.13906581740976653,0.11286681715575612,-0.06087157910989316,26.0132,-0.06470561099749372,-0.0041650715871678345,,,,-0.032604373757455285,23.83,23.83,0.020981955518254214,0.020981955518254214,False,0,,沪深主板10%,3,0.49467275494672336,READY_FOR_BREAKOUT,False,False,5,False,24.98,,,,False,False,False,,,,,紧凑缩量平台形成，尚未出现放量突破,0,0,1,1,1,1,4,False,False,False,收盘价未站上MA25,硬资格：最近25个交易日（含当日）至少一次按板块涨停价核验的实际涨停，且最新收盘价严格高于MA25、当日MA25严格高于前一交易日MA25；通过后再按方向/非极端波动/不过热排序,618,False,,,257,4,未入选：未满足一级粗筛最低资格条件
002580,圣阳股份,19.2,-0.028340080971660075,-0.004665629860031051,-0.09090909090909094,-0.0956194065002356,,,,0.07581420181526952,-0.2026578073089701,0.3289183222958056,0.2304955263242759,40819882.8,68844140.3,0.5929318402716695,0.08594425166858703,0.16369452471245002,0.5250282611440968,True,0.01693132821537513,-0.038541563459823736,False,3,2,部分收敛/待确认,-0.2026578073089701,0.18120805369127496,-0.06793854219762618,20.5112,-0.06392605015796249,-0.0016354503329309988,,,,-0.024390243902439046,18.73,18.12,0.025093432995194842,0.05960264900662238,False,0,,沪深主板10%,4,2.4164524421594002,READY_FOR_BREAKOUT,False,False,5,False,19.92,,,,False,False,False,,,,,紧凑缩量平台形成，尚未出现放量突破,0,0,1,1,1,1,4,False,False,False,收盘价未站上MA25,硬资格：最近25个交易日（含当日）至少一次按板块涨停价核验的实际涨停，且最新收盘价严格高于MA25、当日MA25严格高于前一交易日MA25；通过后再按方向/非极端波动/不过热排序,618,False,,,257,4,未入选：未满足一级粗筛最低资格条件
002582,好想你,9.86,0.006122448979591688,0.03246073298429297,-0.10036496350364976,-0.03238469087340534,,,,0.047619047619047734,-0.10769230769230775,0.15949632738719846,0.29855889724310825,10743186.2,22058685.2,0.48702749518362043,0.0263873169234093,0.06728444268381337,0.3921756036147908,True,0.0,-0.023748521876231776,False,3,2,部分收敛/待确认,-0.17489539748953975,0.16400000000000006,-0.03238469087340534,10.2212,-0.03533831644033969,-0.00738064716622,,,,0.0,9.45,9.45,0.043386243386243306,0.043386243386243306,False,0,,沪深主板10%,6,1.696606786427135,READY_FOR_BREAKOUT,False,False,5,False,9.86,,,,False,False,False,,,,,紧凑缩量平台形成，尚未出现放量突破,0,0,1,1,1,1,4,False,False,False,收盘价未站上MA25,硬资格：最近25个交易日（含当日）至少一次按板块涨停价核验的实际涨停，且最新收盘价严格高于MA25、当日MA25严格高于前一交易日MA25；通过后再按方向/非极端波动/不过热排序,618,False,,,257,4,未入选：未满足一级粗筛最低资格条件
002607,中公教育,1.95,0.005154639175257714,0.031746031746031855,-0.08450704225352113,-0.04878048780487798,,,,0.05347593582887693,-0.10138248847926268,0.1542553191489362,0.34667158399409864,124648699.8,142521834.4,0.8745937092709775,0.0225010235588996,0.02491594460257939,0.9030772831534635,True,-0.0020790020790021346,-0.021052631578947323,False,3,2,部分收敛/待确认,-0.10138248847926268,0.26666666666666633,-0.03321764997521093,2.0180000000000002,-0.033696729435084394,-0.0027673453251629843,,,,0.0,1.87,1.87,0.04278074866310155,0.04278074866310155,False,0,,沪深主板10%,4,0.995024875621886,READY_FOR_BREAKOUT,False,False,5,False,1.95,,,,False,False,False,,,,,紧凑缩量平台形成，尚未出现放量突破,0,0,1,1,1,1,4,False,False,False,收盘价未站上MA25,硬资格：最近25个交易日（含当日）至少一次按板块涨停价核验的实际涨停，且最新收盘价严格高于MA25、当日MA25严格高于前一交易日MA25；通过后再按方向/非极端波动/不过热排序,618,False,,,257,4,未入选：未满足一级粗筛最低资格条件
002645,华宏科技,18.41,-0.013397642015005373,0.014325068870523427,0.034269662921348365,-0.023342175066313087,,,,0.09515765765765752,-0.061671763506625954,0.10828402366863916,0.8787783685324647,22058741.0,17270635.2,1.2772397045361714,0.031071866020400296,0.026407855293426874,1.1766145215183124,False,0.026666666666666616,0.011490387310128192,True,3,2,部分收敛/待确认,-0.1389148737137511,0.33705357142857173,0.0051321249181044415,18.4824,-0.003917240185257187,-0.004974481555656163,,,,-0.01970181043663477,17.76,16.9,0.036599099099098975,0.08934911242603549,False,0,,沪深主板10%,17,3.1482541499713745,READY_FOR_BREAKOUT,False,False,3,False,19.07,,,,False,False,False,,,,,紧凑缩量平台形成，尚未出现放量突破,0,0,1,1,1,1,4,False,False,False,收盘价未站上MA25,硬资格：最近25个交易日（含当日）至少一次按板块涨停价核验的实际涨停，且最新收盘价严格高于MA25、当日MA25严格高于前一交易日MA25；通过后再按方向/非极端波动/不过热排序,618,False,,,257,4,未入选：未满足一级粗筛最低资格条件
002661,克明食品,7.71,0.0012987012987013546,0.019841269841269993,-0.11175115207373265,-0.0528255528255529,,,,0.08044382801664356,-0.19687500000000002,0.273209549071618,0.2944400307016954,12728095.0,17547734.9,0.7253411948911994,0.04684276877101364,0.049130003530507615,0.9534452555438206,True,-0.029629629629629783,-0.022495136186770237,False,3,2,部分收敛/待确认,-0.19687500000000002,0.2092050209205021,-0.04277112173319275,8.0448,-0.04161694510739866,-0.001885856079404502,,,,-0.0012953367875647714,7.21,7.21,0.06934812760055475,0.06934812760055475,False,0,,沪深主板10%,17,7.160493827160486,READY_FOR_BREAKOUT,False,False,5,False,7.72,,,,False,False,False,,,,,紧凑缩量平台形成，尚未出现放量突破,0,0,1,1,1,1,4,False,False,False,收盘价未站上MA25,硬资格：最近25个交易日（含当日）至少一次按板块涨停价核验的实际涨停，且最新收盘价严格高于MA25、当日MA25严格高于前一交易日MA25；通过后再按方向/非极端波动/不过热排序,618,False,,,257,4,未入选：未满足一级粗筛最低资格条件
002686,亿利达,6.29,0.0031897926634769647,0.03453947368421062,-0.03969465648854964,-0.07771260997067453,,,,0.05490848585690517,-0.16133333333333333,0.13486842105263164,0.40712633415851623,7503280.6,12451582.5,0.6025965454591815,0.014797433490125732,0.026592457053246258,0.5564522849654971,True,0.007426541814659293,-0.01353265145554683,False,3,2,部分收敛/待确认,-0.16133333333333333,0.20394736842105243,-0.03371994776864584,6.484399999999999,-0.0299796434519769,0.0014208055349640425,,,,0.0,6.01,6.01,0.04658901830282858,0.04658901830282858,True,2,2026-08-25,沪深主板10%,17,10.000000000000009,READY_FOR_BREAKOUT,False,False,5,False,6.29,,,,False,False,False,,,,,紧凑缩量平台形成，尚未出现放量突破,0,0,1,1,1,1,4,False,False,True,收盘价未站上MA25,硬资格：最近25个交易日（含当日）至少一次按板块涨停价核验的实际涨停，且最新收盘价严格高于MA25、当日MA25严格高于前一交易日MA25；通过后再按方向/非极端波动/不过热排序,618,False,,,257,4,未入选：未满足一级粗筛最低资格条件
002687,乔治白,6.07,-0.08721804511278197,0.02188552188552184,-0.061823802163832986,-0.058914728682170514,,,,0.13898305084745752,-0.10074074074074069,0.14020270270270271,0.991300796405962,19803471.8,15450055.3,1.2817735221957425,0.02867052578195067,0.038434052694784754,0.7459667605087368,True,0.02307442313942154,0.004340836012861615,True,3,3,收敛较充分,-0.10074074074074069,0.2,-0.03073852295409185,6.271600000000001,-0.0321449072007145,-0.003368929570302326,,,,-0.058914728682170514,5.9,5.9,0.028813559322033777,0.028813559322033777,False,0,,沪深主板10%,6,7.817589576547235,INELIGIBLE,False,False,0,False,,,,,False,False,False,,,,,未形成合格的短周期缩量平台或呈N型走势,0,0,1,1,1,1,4,False,False,False,收盘价未站上MA25,硬资格：最近25个交易日（含当日）至少一次按板块涨停价核验的实际涨停，且最新收盘价严格高于MA25、当日MA25严格高于前一交易日MA25；通过后再按方向/非极端波动/不过热排序,618,False,,,257,4,未入选：未满足一级粗筛最低资格条件
002695,煌上煌,10.53,-0.006603773584905714,0.0283203125,-0.009407337723424392,-0.045330915684496875,,,,0.07760314341846768,-0.05135135135135138,0.09693372898120678,0.8005793673068446,8952090.2,7378720.7,1.2132306620577193,0.0210930910203573,0.014426960590034649,1.46206062522464,False,0.016042780748663166,0.0012345679012346622,True,3,2,部分收敛/待确认,-0.09613733905579402,0.27272727272727254,-0.009127693610614607,10.733999999999998,-0.01900503074343196,-0.0035276643148905995,,,,-0.03038674033149169,10.18,10.11,0.03438113948919441,0.041543026706231556,False,0,,沪深主板10%,4,0.47125353440151674,RETEST_STABILIZING,True,False,5,False,10.78,2026-09-18,1.339328960018807,0.7951703802055906,False,False,False,,0.035271687321258266,,0.7369904514604262,突破后处于一周内确认窗，守位/缩量/横住或小平台再突破条件尚未全部成立,0,0,1,1,1,1,4,False,False,False,收盘价未站上MA25,硬资格：最近25个交易日（含当日）至少一次按板块涨停价核验的实际涨停，且最新收盘价严格高于MA25、当日MA25严格高于前一交易日MA25；通过后再按方向/非极端波动/不过热排序,618,False,,,257,4,未入选：未满足一级粗筛最低资格条件
002706,良信股份,8.79,-0.014573991031390232,-0.013468013468013629,-0.0414394765539805,-0.10122699386503076,,,,0.09940119760479044,-0.11122345803842282,0.12899543378995443,0.7705791955911182,31300638.4,29284201.5,1.0688574998365585,0.031639975634403995,0.034088290434964245,0.9281772488640551,True,-0.015833521827640862,-0.02349696635410914,False,3,2,部分收敛/待确认,-0.19060773480662985,0.1752988047808763,-0.03887157618500936,9.294400000000001,-0.054269237390256686,-0.00798360585749025,,,,-0.022246941045606317,8.35,8.35,0.05269461077844295,0.05269461077844295,False,0,,沪深主板10%,17,2.8291621327529937,INELIGIBLE,False,False,0,False,,,,,False,False,False,,,,,未形成合格的短周期缩量平台或呈N型走势,0,0,1,1,1,1,4,False,False,False,收盘价未站上MA25,硬资格：最近25个交易日（含当日）至少一次按板块涨停价核验的实际涨停，且最新收盘价严格高于MA25、当日MA25严格高于前一交易日MA25；通过后再按方向/非极端波动/不过热排序,618,False,,,257,4,未入选：未满足一级粗筛最低资格条件
002716,湖南白银,9.62,-0.010288065843621519,-0.014344262295082011,-0.09330819981149863,-0.10677808727948013,,,,0.0875133404482391,-0.20495867768595044,0.22770199370409236,0.3843327808625431,144955090.6,197599092.2,0.7335817638943586,0.0707151237385432,0.0907269317646252,0.7794281407201221,True,-0.008522727272727182,-0.03239887476961889,False,3,2,部分收敛/待确认,-0.20495867768595044,0.22257053291536025,-0.08763277693474969,10.484000000000002,-0.08241129339946607,0.0007254400366538682,,,,-0.041832669322709126,9.37,9.37,0.026680896478121774,0.026680896478121774,True,2,2026-08-24,沪深主板10%,17,10.031678986272441,READY_FOR_BREAKOUT,False,False,5,False,10.04,,,,False,False,False,,,,,紧凑缩量平台形成，尚未出现放量突破,0,0,1,1,1,1,4,False,False,True,收盘价未站上MA25,硬资格：最近25个交易日（含当日）至少一次按板块涨停价核验的实际涨停，且最新收盘价严格高于MA25、当日MA25严格高于前一交易日MA25；通过后再按方向/非极端波动/不过热排序,618,False,,,257,4,未入选：未满足一级粗筛最低资格条件
002721,金一文化,2.75,0.0,0.037735849056603765,-0.0924092409240923,-0.017857142857142794,,,,0.06463878326996195,-0.16918429003021151,0.24905660377358496,0.25953450858393806,53926740.2,171251160.6,0.3148985385620797,0.018416106576084466,0.07049721521936375,0.26123168863875973,True,0.007412898443291294,-0.03301721109940303,False,3,2,部分收敛/待确认,-0.16918429003021151,0.30864197530864196,-0.05106970324361637,2.8579999999999997,-0.03778866340097964,0.001822770611329183,,,,0.0,2.63,2.63,0.04562737642585546,0.04562737642585546,True,2,2026-09-01,沪深主板10%,17,10.034602076124566,READY_FOR_BREAKOUT,False,False,5,False,2.76,,,,False,False,False,,,,,紧凑缩量平台形成，尚未出现放量突破,0,0,1,1,1,1,4,False,False,True,收盘价未站上MA25,硬资格：最近25个交易日（含当日）至少一次按板块涨停价核验的实际涨停，且最新收盘价严格高于MA25、当日MA25严格高于前一交易日MA25；通过后再按方向/非极端波动/不过热排序,618,False,,,257,4,未入选：未满足一级粗筛最低资格条件
002742,冀衡医药,4.36,0.004608294930875667,0.07654320987654328,-0.05422993492407813,-0.06837606837606824,,,,0.12182741116751268,-0.3012820512820512,0.3168316831683169,0.38451776649746183,29359159.8,62544127.4,0.4694151316914848,0.041784661288922,0.12694857801248746,0.3291463515630068,True,0.012106537530266248,-0.015395381385584717,False,3,2,部分收敛/待确认,-0.3012820512820512,0.18260869565217405,-0.06718014548566542,4.604,-0.052997393570807905,0.0004345936549325913,,,,0.028301886792452935,3.94,3.94,0.10659898477157359,0.10659898477157359,True,4,2026-08-28,沪深主板10%,9,10.11764705882352,RETEST_STABILIZING,False,False,5,False,4.24,2026-09-21,1.7596369426496128,0.8489987805572967,True,True,True,,0.037558685446009425,,,突破后处于一周内确认窗，守位/缩量/横住或小平台再突破条件尚未全部成立,0,0,1,1,1,1,4,False,False,True,收盘价未站上MA25,硬资格：最近25个交易日（含当日）至少一次按板块涨停价核验的实际涨停，且最新收盘价严格高于MA25、当日MA25严格高于前一交易日MA25；通过后再按方向/非极端波动/不过热排序,618,False,,,257,4,未入选：未满足一级粗筛最低资格条件
002775,文科股份,3.32,-0.0030030030030030463,0.05063291139240489,-0.07520891364902504,-0.09782608695652184,,,,0.0970873786407768,-0.11702127659574468,0.1746031746031747,0.5560458958517214,10862063.4,10290327.1,1.0555605564763826,0.0157392634611569,0.017345680487375628,0.9073880654386609,True,-0.0030321406913284,-0.024489795918367196,False,3,2,部分收敛/待确认,-0.12401055408970985,0.32857142857142846,-0.04816513761467911,3.4960000000000004,-0.05034324942791779,-0.003647970816233359,,,,-0.011904761904761862,3.09,3.09,0.0744336569579287,0.0744336569579287,False,0,,沪深主板10%,4,1.4534883720930258,INELIGIBLE,False,False,5,False,3.36,,,,False,False,True,,,,,未形成合格的短周期缩量平台或呈N型走势,0,0,1,1,1,1,4,False,False,False,收盘价未站上MA25,硬资格：最近25个交易日（含当日）至少一次按板块涨停价核验的实际涨停，且最新收盘价严格高于MA25、当日MA25严格高于前一交易日MA25；通过后再按方向/非极端波动/不过热排序,618,False,,,257,4,未入选：未满足一级粗筛最低资格条件
002790,瑞尔特,6.7,0.015151515151515138,-0.1114058355437666,-0.0414878397711016,0.11295681063122931,,,,0.22641509433962256,-0.345703125,0.620253164556962,0.3650365806700037,45160764.4,21000074.6,2.1505049510633643,0.20469837263495042,0.05547450972870851,3.6899537037101084,False,-0.1406088751289989,-0.0001338688085675832,False,3,1,结构未成熟,-0.345703125,0.20627802690582958,-0.032700498087056884,6.724,-0.0035693039857227493,0.004601685292535684,,,,-0.14102564102564097,6.36,6.36,0.05345911949685522,0.05345911949685522,True,2,2026-09-09,沪深主板10%,17,10.078740157480315,READY_FOR_BREAKOUT,False,False,4,False,6.72,,,,False,False,False,,,,,紧凑缩量平台形成，尚未出现放量突破,2,0,0,1,1,0,4,False,False,True,收盘价未站上MA25,硬资格：最近25个交易日（含当日）至少一次按板块涨停价核验的实际涨停，且最新收盘价严格高于MA25、当日MA25严格高于前一交易日MA25；通过后再按方向/非极端波动/不过热排序,618,False,,,257,4,未入选：未满足一级粗筛最低资格条件
002828,贝肯能源,11.05,-0.01074306177260509,0.05238095238095242,-0.11599999999999999,-0.09795918367346934,,,,0.1609756097560976,-0.15584415584415579,0.23450905624404186,0.6864366448542538,9282216.0,16634968.9,0.557994190178498,0.03937453521179077,0.08690369676758386,0.4530823966797918,True,0.008965259618976207,-0.031077166183829275,False,3,2,部分收敛/待确认,-0.15584415584415579,0.2816901408450707,-0.05292479108635095,11.748000000000001,-0.05941436840313252,-0.003934070406294565,,,,0.018433179723502446,10.25,10.25,0.07804878048780495,0.07804878048780495,False,0,,沪深主板10%,17,3.562551781275891,INELIGIBLE,False,False,0,False,,,,,False,False,True,,,,,未形成合格的短周期缩量平台或呈N型走势,0,0,1,1,1,1,4,False,False,False,收盘价未站上MA25,硬资格：最近25个交易日（含当日）至少一次按板块涨停价核验的实际涨停，且最新收盘价严格高于MA25、当日MA25严格高于前一交易日MA25；通过后再按方向/非极端波动/不过热排序,618,False,,,257,4,未入选：未满足一级粗筛最低资格条件
002931,锋龙股份,41.4,-0.0043290043290042934,0.024498886414253906,-0.06461816538635334,-0.11802300809544097,,,,0.05500000000000007,-0.12473572938689215,0.1576046103733402,0.34897456279809225,4198233.0,4585653.0,0.915514758748645,0.0194118837201222,0.022636720116964732,0.8575395914169681,True,0.00885258730313998,-0.02058148612523958,False,3,2,部分收敛/待确认,-0.25633195617028925,0.09454314720812192,-0.04543410843776308,44.212399999999995,-0.063611113624232,-0.011986913615560812,,,,-0.013816102906145766,40.0,39.91,0.03499999999999992,0.03733400150338273,False,0,,沪深主板10%,4,0.048804294777937685,READY_FOR_BREAKOUT,False,False,4,False,42.17,,,,False,False,False,,,,,紧凑缩量平台形成，尚未出现放量突破,0,0,1,1,1,1,4,False,False,False,收盘价未站上MA25,硬资格：最近25个交易日（含当日）至少一次按板块涨停价核验的实际涨停，且最新收盘价严格高于MA25、当日MA25严格高于前一交易日MA25；通过后再按方向/非极端波动/不过热排序,618,False,,,257,4,未入选：未满足一级粗筛最低资格条件
002953,日丰股份,10.66,-0.002806361085126219,0.03898635477582846,-0.013876040703052817,-0.02470265324794141,,,,0.07199211045364878,-0.10344827586206895,0.17374136229022702,0.41436368119060357,11406037.4,21018856.1,0.5426573808647941,0.04367987301457643,0.068526450065314,0.6374162527453884,True,0.00954016409082259,-0.0009355412105902516,True,3,3,收敛较充分,-0.11166666666666669,0.28342245989304793,-0.015742578828308873,10.87,-0.01931922723091073,0.0,,,,-0.011131725417439675,10.14,10.13,0.05128205128205132,0.052319842053306864,True,2,2026-08-27,沪深主板10%,17,10.037523452157604,READY_FOR_BREAKOUT,False,False,5,False,10.83,,,,False,False,False,,,,,紧凑缩量平台形成，尚未出现放量突破,0,0,1,1,1,1,4,False,False,False,收盘价未站上MA25,硬资格：最近25个交易日（含当日）至少一次按板块涨停价核验的实际涨停，且最新收盘价严格高于MA25、当日MA25严格高于前一交易日MA25；通过后再按方向/非极端波动/不过热排序,618,False,,,257,4,未入选：未满足一级粗筛最低资格条件
002971,和远气体,40.34,-0.027013989387361215,0.043455768235902914,0.01128102281273513,-0.05791686127977569,,,,0.12434141201264486,-0.1431605777400169,0.25966850828729277,0.47884671434656856,18641748.4,16644168.1,1.1200168303995919,0.1553104593705074,0.10337700713121475,1.5023694695801586,False,0.05569988569053308,0.015820987972952283,True,3,2,部分收敛/待确认,-0.1592330137557314,0.35144312393887966,-0.013981228001564205,41.4952,-0.027839364553008394,-0.006017285322806432,,,,-0.0508235294117646,37.96,36.2,0.06269757639620654,0.1143646408839778,False,0,,沪深主板10%,4,-2.597701149425291,RETEST_STABILIZING,True,False,4,False,38.99,2026-09-16,1.387891090717355,1.2257332724856276,True,False,False,,0.10627268014515297,42.68,0.7867709578746586,突破后处于一周内确认窗，守位/缩量/横住或小平台再突破条件尚未全部成立,0,0,1,1,1,1,4,False,False,False,收盘价未站上MA25,硬资格：最近25个交易日（含当日）至少一次按板块涨停价核验的实际涨停，且最新收盘价严格高于MA25、当日MA25严格高于前一交易日MA25；通过后再按方向/非极端波动/不过热排序,618,False,,,257,4,未入选：未满足一级粗筛最低资格条件
300120,经纬辉开,7.53,0.013458950201884257,0.08345323741007205,0.030095759233926156,-0.1734357848518111,,,,0.14680232558139533,-0.2268993839835729,0.15239477503628457,0.9633028792912507,38164719.8,23753498.6,1.606698888558673,0.055714570924261166,0.04676453324042624,1.191385160155901,False,0.04187889077532536,0.006251736593498203,True,3,2,部分收敛/待确认,-0.2268993839835729,0.22727272727272738,-0.02359958506224069,7.9584,-0.05382991556091676,-0.008126028216760561,,,,-0.015686274509803977,6.88,6.88,0.09447674418604657,0.09447674418604657,False,0,,创业板20%,17,3.4482758620689724,RETEST_STABILIZING,True,False,5,False,7.18,2026-09-18,3.15720097531526,0.9493116444306432,True,True,False,,0.07639836289222368,,1.1713159342284223,突破后处于一周内确认窗，守位/缩量/横住或小平台再突破条件尚未全部成立,0,0,1,1,1,1,4,False,False,False,收盘价未站上MA25,硬资格：最近25个交易日（含当日）至少一次按板块涨停价核验的实际涨停，且最新收盘价严格高于MA25、当日MA25严格高于前一交易日MA25；通过后再按方向/非极端波动/不过热排序,618,False,,,257,4,未入选：未满足一级粗筛最低资格条件
300139,晓程科技,47.2,-0.01707621824239902,-0.016461762867263974,-0.048770656993147865,-0.14213013449654666,,,,0.08025751072961378,-0.18718787670053383,0.15409275486215004,0.5208389635282424,26634914.8,34707544.6,0.7674099423328263,0.13333334759912285,0.15326870627513203,0.8699319700642394,True,-0.005404290429042891,-0.01608611514271885,False,3,2,部分收敛/待确认,-0.23500810372771475,0.1420118343195269,-0.06666798493222459,50.983599999999996,-0.07421209957711883,0.0005966259233962656,,,,-0.048962321176707624,46.6,46.6,0.012875536480686733,0.012875536480686733,False,0,,创业板20%,14,8.662444113263778,READY_FOR_BREAKOUT,False,False,5,False,49.63,,,,False,False,False,,,,,紧凑缩量平台形成，尚未出现放量突破,0,0,1,1,1,1,4,False,False,True,收盘价未站上MA25,硬资格：最近25个交易日（含当日）至少一次按板块涨停价核验的实际涨停，且最新收盘价严格高于MA25、当日MA25严格高于前一交易日MA25；通过后再按方向/非极端波动/不过热排序,618,False,,,257,4,未入选：未满足一级粗筛最低资格条件
300169,天晟新材,5.55,-0.014209591474245165,0.022099447513812098,-0.04475043029259895,-0.0017985611510791255,,,,0.05214152700186224,-0.11199999999999999,0.10536044362292056,0.4948871247018853,5466304.8,7984684.5,0.6845987214648243,0.01743070476584487,0.027212529566310664,0.640539672115753,True,-0.0007204610951008217,-0.010800283286118928,False,3,2,部分收敛/待确认,-0.11199999999999999,0.20454545454545425,-0.019954087939254683,5.638000000000001,-0.015608371763036755,-0.0012754198256924587,,,,-0.015957446808510634,5.37,5.37,0.03351955307262555,0.03351955307262555,False,0,,创业板20%,6,2.0183486238531945,READY_FOR_BREAKOUT,False,False,5,False,5.64,,,,False,False,False,,,,,紧凑缩量平台形成，尚未出现放量突破,0,0,1,1,1,1,4,False,False,False,收盘价未站上MA25,硬资格：最近25个交易日（含当日）至少一次按板块涨停价核验的实际涨停，且最新收盘价严格高于MA25、当日MA25严格高于前一交易日MA25；通过后再按方向/非极端波动/不过热排序,618,False,,,257,4,未入选：未满足一级粗筛最低资格条件
300197,节能铁汉,1.97,-0.01005025125628145,0.020725388601036343,-0.08372093023255811,-0.03431372549019607,,,,0.052631578947368474,-0.12444444444444447,0.17187500000000006,0.3062200956937801,54449606.6,101896209.2,0.5343634177119123,0.018284467937344267,0.035973577707647135,0.5082749368422541,True,-0.0030364372469634526,-0.012345679012345623,False,3,2,部分收敛/待确认,-0.12444444444444447,0.20000000000000012,-0.026439337781072325,2.0232,-0.02629497825227367,-0.002760252365930471,,,,-0.015000000000000013,1.9,1.9,0.03684210526315801,0.03684210526315801,False,0,,创业板20%,6,3.0000000000000027,READY_FOR_BREAKOUT,False,False,5,False,2.0,,,,False,False,False,,,,,紧凑缩量平台形成，尚未出现放量突破,0,0,1,1,1,1,4,False,False,False,收盘价未站上MA25,硬资格：最近25个交易日（含当日）至少一次按板块涨停价核验的实际涨停，且最新收盘价严格高于MA25、当日MA25严格高于前一交易日MA25；通过后再按方向/非极端波动/不过热排序,618,False,,,257,4,未入选：未满足一级粗筛最低资格条件
300214,日科化学,10.28,0.004887585532746819,0.04048582995951411,-0.08377896613190738,-0.13830678960603526,,,,0.07929969104016472,-0.2288072018004501,0.24974515800203864,0.3175224363689862,17290511.0,30236013.7,0.5718515400725592,0.029381422234808,0.06503730628625798,0.4517625946174239,True,0.015338645418326413,-0.032909005186232965,False,3,2,部分收敛/待确认,-0.2288072018004501,0.15745856353591123,-0.07052441229656425,11.2164,-0.0834848971149389,-0.008381073626140378,,,,-0.0009718172983479434,9.71,9.71,0.058702368692069795,0.058702368692069795,False,0,,创业板20%,4,0.4887585532746819,READY_FOR_BREAKOUT,False,False,5,False,10.47,,,,False,False,False,,,,,紧凑缩量平台形成，尚未出现放量突破,0,0,1,1,1,1,4,False,False,False,收盘价未站上MA25,硬资格：最近25个交易日（含当日）至少一次按板块涨停价核验的实际涨停，且最新收盘价严格高于MA25、当日MA25严格高于前一交易日MA25；通过后再按方向/非极端波动/不过热排序,618,False,,,257,4,未入选：未满足一级粗筛最低资格条件
300270,中威电子,10.57,-0.012149532710280297,0.05805805805805808,-0.02129629629629637,-0.07036059806508344,,,,0.0975855130784709,-0.11474036850921265,0.18054162487462375,0.5405153141068642,8374860.0,8352350.0,1.0026950498961371,0.0356541382553187,0.03252324512437324,1.0962663202571732,False,0.02108963093145877,-0.009316474950090359,True,3,2,部分收敛/待确认,-0.20705176294073513,0.18584070796460198,-0.027196171368091715,11.0252,-0.04128723288466418,-0.00863216199690664,,,,-0.006578947368421129,9.94,9.94,0.06338028169014098,0.06338028169014098,False,0,,创业板20%,4,-0.7766990291262155,READY_FOR_BREAKOUT,False,False,3,False,10.76,,,,False,False,False,,,,,紧凑缩量平台形成，尚未出现放量突破,0,0,1,1,1,1,4,False,False,False,收盘价未站上MA25,硬资格：最近25个交易日（含当日）至少一次按板块涨停价核验的实际涨停，且最新收盘价严格高于MA25、当日MA25严格高于前一交易日MA25；通过后再按方向/非极端波动/不过热排序,618,False,,,257,4,未入选：未满足一级粗筛最低资格条件
300386,飞天诚信,11.3,-0.004405286343612258,-0.017391304347825987,-0.04480135249366013,-0.102462271644162,,,,0.07966260543580128,-0.17638483965014573,0.200181983621474,0.3979509244270256,7493134.2,14473321.8,0.5177204171609036,0.030416982447511568,0.06125458205442385,0.49656664738135836,True,-0.0057214375111747096,-0.024500043286295514,False,3,2,部分收敛/待确认,-0.17638483965014573,0.20655737704918053,-0.04188570459555707,11.7976,-0.042178070115955646,-0.0035474171424711987,,,,-0.004405286343612258,10.67,10.67,0.05904404873477054,0.05904404873477054,False,0,,创业板20%,17,8.256107834877845,READY_FOR_BREAKOUT,False,False,5,False,11.35,,,,False,False,False,,,,,紧凑缩量平台形成，尚未出现放量突破,0,0,1,1,1,1,4,False,False,False,收盘价未站上MA25,硬资格：最近25个交易日（含当日）至少一次按板块涨停价核验的实际涨停，且最新收盘价严格高于MA25、当日MA25严格高于前一交易日MA25；通过后再按方向/非极端波动/不过热排序,618,False,,,257,4,未入选：未满足一级粗筛最低资格条件
300508,维宏股份,38.98,-0.005104645227156812,0.06357435197817196,-0.003069053708440017,-0.062078922040423645,,,,0.10397805212620025,-0.08174322732626638,0.1481688565837293,0.7017537593498462,2181708.2,2057491.8,1.060372731497642,0.0265019747536934,0.02485259874000986,1.0663663398318275,False,0.0371944739638681,-0.0021661968890280825,True,3,2,部分收敛/待确认,-0.23688332028191073,0.2096668843892877,-0.003897016546348997,39.8616,-0.022116523170168878,-0.011359239674996746,,,,-0.027445109780439125,36.45,35.77,0.06941015089163227,0.08974000559127737,False,0,,创业板20%,4,0.8073817762399127,RETEST_STABILIZING,True,False,4,False,37.53,2026-09-16,1.5806712405502596,0.7040578507510515,True,False,False,,0.058668771375953804,40.24,0.7384270159668681,突破后处于一周内确认窗，守位/缩量/横住或小平台再突破条件尚未全部成立,0,0,1,1,1,1,4,False,False,False,收盘价未站上MA25,硬资格：最近25个交易日（含当日）至少一次按板块涨停价核验的实际涨停，且最新收盘价严格高于MA25、当日MA25严格高于前一交易日MA25；通过后再按方向/非极端波动/不过热排序,618,False,,,257,4,未入选：未满足一级粗筛最低资格条件
300598,诚迈科技,31.25,0.004500160720025681,0.0490097348103391,-0.04754647973178916,-0.03400309119010825,,,,0.08965517241379316,-0.11971830985915488,0.17647058823529416,0.5080459770114945,5606456.2,8275899.2,0.6774437513690356,0.024622745766710735,0.03917547966086279,0.6285244234369752,True,0.02200080246088021,-0.02148017338256547,False,3,2,部分收敛/待确认,-0.16242294291074788,0.3587301587301587,-0.01991532068370705,32.3124,-0.03287901858110187,-0.004129888061541465,,,,0.001281640499839698,29.0,29.0,0.07758620689655182,0.07758620689655182,False,0,,创业板20%,17,4.8704339681548525,READY_FOR_BREAKOUT,False,False,5,False,31.21,,,,False,False,False,,,,,紧凑缩量平台形成，尚未出现放量突破,0,0,1,1,1,1,4,False,False,False,收盘价未站上MA25,硬资格：最近25个交易日（含当日）至少一次按板块涨停价核验的实际涨停，且最新收盘价严格高于MA25、当日MA25严格高于前一交易日MA25；通过后再按方向/非极端波动/不过热排序,618,False,,,257,4,未入选：未满足一级粗筛最低资格条件
300679,电连技术,45.33,-0.016916070266753458,0.05960729312762969,0.04087256027554531,-0.11637426900584791,,,,0.12599905970850964,-0.16303545051698665,0.16683192860684176,0.7552454782527906,18486286.6,16435642.0,1.1247681471767275,0.05147843652279669,0.04522279079075626,1.1383294932191383,False,0.03375624055329096,0.012756975036710916,True,3,2,部分收敛/待确认,-0.18162123126918217,0.33156146179401963,-0.0086819603297833,46.6768,-0.02885373461762597,-0.008513603072374254,,,,-0.014136581122227043,42.54,40.34,0.06558533145275036,0.12369856222112041,False,0,,创业板20%,17,4.822638501394971,READY_FOR_BREAKOUT,False,False,4,False,46.64,,,,False,False,False,,,,,紧凑缩量平台形成，尚未出现放量突破,0,0,1,1,1,1,4,False,False,False,收盘价未站上MA25,硬资格：最近25个交易日（含当日）至少一次按板块涨停价核验的实际涨停，且最新收盘价严格高于MA25、当日MA25严格高于前一交易日MA25；通过后再按方向/非极端波动/不过热排序,618,False,,,257,4,未入选：未满足一级粗筛最低资格条件
300789,唐源电气,16.5,0.06041131105398456,0.09126984126984139,-0.0072202166064982976,-0.0953947368421052,,,,0.11740890688259098,-0.11194833153928951,0.15282392026578076,0.768262629818693,2639982.6,2298624.8,1.148505227995452,0.0152830761424891,0.01646824387840507,0.9280331439911398,True,0.014972008853014085,-0.016642592476292184,False,3,2,部分收敛/待确认,-0.11194833153928951,0.446808510638298,0.007725898555592803,16.59,-0.005424954792043413,-0.003316271357508449,,,,0.054987212276214725,14.82,14.82,0.11336032388663964,0.11336032388663964,False,0,,创业板20%,4,6.041131105398456,BREAKOUT_AWAIT_RETEST,True,False,5,False,15.64,2026-09-22,2.423181645847468,,False,False,False,,,,,首次放量突破，仅观察，等待缩量回踩确认,0,0,1,1,1,1,4,False,False,False,收盘价未站上MA25,硬资格：最近25个交易日（含当日）至少一次按板块涨停价核验的实际涨停，且最新收盘价严格高于MA25、当日MA25严格高于前一交易日MA25；通过后再按方向/非极端波动/不过热排序,618,False,,,257,4,未入选：未满足一级粗筛最低资格条件
300894,火星人,10.34,-0.012416427889207382,0.03711133400200595,0.0,-0.06000000000000005,,,,0.0808080808080807,-0.15591836734693876,0.20997920997921013,0.3848384838483841,6061848.4,6947531.0,0.872518366596709,0.0176391251267332,0.02362469273627093,0.7466393456898551,True,0.02703235990528796,-0.003223285798007569,True,3,3,收敛较充分,-0.15591836734693876,0.27376425855513326,-0.03115483719840728,10.746000000000002,-0.03778150009305814,-0.005773287443099462,,,,-0.024528301886792447,9.9,9.62,0.04444444444444429,0.07484407484407485,False,0,,创业板20%,4,0.4516711833784992,RETEST_STABILIZING,True,False,5,False,10.19,2026-09-16,1.8318587626217204,0.5047015271297955,True,False,False,,0.053412462908011965,10.6,0.6542848557692307,突破后处于一周内确认窗，守位/缩量/横住或小平台再突破条件尚未全部成立,0,0,1,1,1,1,4,False,False,False,收盘价未站上MA25,硬资格：最近25个交易日（含当日）至少一次按板块涨停价核验的实际涨停，且最新收盘价严格高于MA25、当日MA25严格高于前一交易日MA25；通过后再按方向/非极端波动/不过热排序,618,False,,,257,4,未入选：未满足一级粗筛最低资格条件
300922,天秦装备,17.97,-0.01803278688524601,0.020442930153321992,-0.09104704097116845,-0.12469556746225052,,,,0.06628242074927945,-0.17530977512620471,0.2559077809798269,0.25900900900900886,7184864.6,17582454.3,0.40863832076048673,0.056089344136137975,0.1404435872736563,0.39937276756429685,True,-0.020749592612710588,-0.02118307472329617,False,3,2,部分收敛/待确认,-0.17530977512620471,0.25244618395303314,-0.04835036805592352,18.648799999999998,-0.03639912487666763,0.00094465198162208,,,,-0.01803278688524601,17.35,17.35,0.03573487031700262,0.03573487031700262,True,1,2026-08-25,创业板20%,6,19.988310929281127,READY_FOR_BREAKOUT,False,False,5,False,18.3,,,,False,False,False,,,,,紧凑缩量平台形成，尚未出现放量突破,0,0,1,1,1,1,4,False,False,True,收盘价未站上MA25,硬资格：最近25个交易日（含当日）至少一次按板块涨停价核验的实际涨停，且最新收盘价严格高于MA25、当日MA25严格高于前一交易日MA25；通过后再按方向/非极端波动/不过热排序,618,False,,,257,4,未入选：未满足一级粗筛最低资格条件
300929,华骐环保,16.22,0.013749999999999929,0.05530253741054003,-0.006127450980392246,-0.07048710601719199,,,,0.0710059171597632,-0.10682819383259923,0.20265780730897015,0.35037346008342163,2110370.2,3806588.5,0.5543993525961632,0.014690987370746334,0.03147268894718813,0.46678526246671,True,0.01683588227734223,-0.003345326011487515,True,3,3,收敛较充分,-0.10682819383259923,0.4243323442136496,-0.0054875992519697325,16.2304,-0.0006407728706625537,-0.0027281441246589377,,,,0.018844221105527525,15.21,15.05,0.06640368178829714,0.07774086378737532,False,0,,创业板20%,9,7.318573185731836,RETEST_STABILIZING,True,False,5,False,15.92,2026-09-21,1.240275789374848,0.9376513895848592,True,True,False,,0.032974001268230795,,,突破后处于一周内确认窗，守位/缩量/横住或小平台再突破条件尚未全部成立,0,0,1,1,1,1,4,False,False,False,收盘价未站上MA25,硬资格：最近25个交易日（含当日）至少一次按板块涨停价核验的实际涨停，且最新收盘价严格高于MA25、当日MA25严格高于前一交易日MA25；通过后再按方向/非极端波动/不过热排序,618,False,,,257,4,未入选：未满足一级粗筛最低资格条件
301026,浩通科技,19.7,-0.005050505050505083,0.03141361256544495,-0.022817460317460347,-0.05105973025048183,,,,0.05102577590741709,-0.09048938134810713,0.1379310344827585,0.3699368753287742,2983335.4,4798138.5,0.6217693382548253,0.017031464799716,0.02998221927004959,0.5680521727332372,True,0.014950166112956742,-0.010511421063270632,False,3,2,部分收敛/待确认,-0.15523156089193824,0.19015659955257228,-0.024269440316988744,20.4068,-0.03463551365231199,-0.004973474801061029,,,,0.0015251652262326942,19.01,18.85,0.03629668595476043,0.04509283819628629,False,0,,创业板20%,4,-0.33018867924528017,READY_FOR_BREAKOUT,False,False,5,False,19.88,,,,False,False,False,,,,,紧凑缩量平台形成，尚未出现放量突破,0,0,1,1,1,1,4,False,False,False,收盘价未站上MA25,硬资格：最近25个交易日（含当日）至少一次按板块涨停价核验的实际涨停，且最新收盘价严格高于MA25、当日MA25严格高于前一交易日MA25；通过后再按方向/非极端波动/不过热排序,618,False,,,257,4,未入选：未满足一级粗筛最低资格条件
301106,骏成科技,19.72,-0.0035371399696816352,0.08173340647284677,0.004584819154355602,-0.043646944713870095,,,,0.10320088300220735,-0.06318289786223286,0.10879120879120882,0.9486141770909966,3549288.2,4721132.6,0.7517874418524064,0.0230183685334447,0.035626234335259126,0.6461072567151315,True,0.03296467303768913,-0.0001053074978938362,True,3,3,收敛较充分,-0.22423288749016534,0.2191780821917805,0.019806588405647307,19.981199999999998,-0.013072287950673611,-0.0029142298249467125,,,,0.011282051282051286,18.12,18.12,0.08830022075055166,0.08830022075055166,True,1,2026-08-19,创业板20%,17,20.018885741265358,RETEST_STABILIZING,True,False,5,False,19.2,2026-09-21,1.442845243194042,0.7955349400167325,True,False,False,,0.016301579215486514,,,突破后处于一周内确认窗，守位/缩量/横住或小平台再突破条件尚未全部成立,0,0,1,1,1,1,4,False,False,False,收盘价未站上MA25,硬资格：最近25个交易日（含当日）至少一次按板块涨停价核验的实际涨停，且最新收盘价严格高于MA25、当日MA25严格高于前一交易日MA25；通过后再按方向/非极端波动/不过热排序,618,False,,,257,4,未入选：未满足一级粗筛最低资格条件
301152,天力锂能,21.57,-0.0004633920296569505,0.03008595988538687,-0.04260985352862856,-0.10050041701417844,,,,0.0749265426052888,-0.10012515644555686,0.16150000000000003,0.46394144028042594,4842356.8,5539754.9,0.8741102968291972,0.07612186283288314,0.08528471962609238,0.8925615651504596,True,0.018105584143320197,-0.013148113733506883,False,3,2,部分收敛/待确认,-0.15345368916797486,0.42500000000000004,-0.017960800382435305,21.757599999999996,-0.008622274515571404,0.003468250747149737,,,,-0.003695150115473389,20.42,20.0,0.05631733594515165,0.07850000000000001,True,1,2026-08-24,创业板20%,17,20.02058672156459,RETEST_STABILIZING,True,False,4,False,21.52,2026-09-16,1.8028825569117066,0.530613629947665,False,False,False,,0.06243949661181022,21.65,0.9335476027854815,突破后处于一周内确认窗，守位/缩量/横住或小平台再突破条件尚未全部成立,0,0,1,1,1,1,4,False,False,True,收盘价未站上MA25,硬资格：最近25个交易日（含当日）至少一次按板块涨停价核验的实际涨停，且最新收盘价严格高于MA25、当日MA25严格高于前一交易日MA25；通过后再按方向/非极端波动/不过热排序,618,False,,,257,4,未入选：未满足一级粗筛最低资格条件
301158,德石股份,14.63,0.006882312456985673,0.07022677395757149,-0.0693384223918575,-0.022712090848363342,,,,0.09333333333333332,-0.17762788083192793,0.30520909757887,0.30580128205128215,4308722.6,11640320.4,0.3701549830191959,0.022798470263771336,0.06507572386070705,0.35033755924975785,True,0.0007052186177718411,-0.018752547900529826,False,3,2,部分收敛/待确认,-0.17762788083192793,0.26340326340326364,-0.01785714285714257,14.957199999999998,-0.021875752146123473,-0.004896612289432389,,,,0.0216480446927374,13.5,13.5,0.08370370370370384,0.08370370370370384,False,0,,创业板20%,14,7.01179554390563,INELIGIBLE,False,False,5,False,14.57,,,,False,False,True,,,,,未形成合格的短周期缩量平台或呈N型走势,0,0,1,1,1,1,4,False,False,False,收盘价未站上MA25,硬资格：最近25个交易日（含当日）至少一次按板块涨停价核验的实际涨停，且最新收盘价严格高于MA25、当日MA25严格高于前一交易日MA25；通过后再按方向/非极端波动/不过热排序,618,False,,,257,4,未入选：未满足一级粗筛最低资格条件
301165,锐捷网络,113.53,-0.025158852825004185,0.07002827521206423,0.030404792158286398,-0.019009764106109106,,,,0.13593155893536119,-0.13953312111565863,0.20772946859903382,0.6543682023167388,16043655.8,12506045.8,1.282871985004245,0.0144958404164466,0.01122991868396806,1.2908232752514053,False,0.0520215387423566,0.014266984722399068,True,3,2,部分收敛/待确认,-0.23958472873409253,0.2189956331877729,-0.006432415875377573,115.5608,-0.017573433205723688,-0.008054990935560058,,,,-0.046126701394723524,105.2,103.5,0.07918250950570349,0.0969082125603864,False,0,,创业板20%,4,2.9717022975250584,RETEST_STABILIZING,True,False,5,False,110.5,2026-09-16,2.001271777368304,0.7857571250050097,True,False,False,,0.06753618009648028,119.5,0.91979677481411,突破后处于一周内确认窗，守位/缩量/横住或小平台再突破条件尚未全部成立,0,0,1,1,1,1,4,False,False,False,收盘价未站上MA25,硬资格：最近25个交易日（含当日）至少一次按板块涨停价核验的实际涨停，且最新收盘价严格高于MA25、当日MA25严格高于前一交易日MA25；通过后再按方向/非极端波动/不过热排序,618,False,,,257,4,未入选：未满足一级粗筛最低资格条件
301177,迪阿股份,23.37,0.0008565310492505418,0.055079006772009054,-0.03628865979381435,-0.023809523809523836,,,,0.07039055404178024,-0.18656456665506438,0.1675774134790528,0.42004798009714517,1364159.8,3049876.6,0.4472836048514225,0.0036446355507778333,0.008213146338008157,0.4437563146673125,True,0.02392216370615019,-0.01413305756635641,False,3,2,部分收敛/待确认,-0.18656456665506438,0.2197962154294034,-0.032298136645962594,23.982,-0.025519139354515774,0.0009014874542996321,,,,0.01432291666666674,22.02,21.96,0.06130790190735702,0.06420765027322406,True,1,2026-08-26,创业板20%,9,20.00835421888052,EFFECTIVE_BREAKOUT_CONFIRMED,True,True,5,False,22.85,2026-09-18,1.2158277306637038,0.7131092221480754,True,True,False,ABOVE_PLATFORM_TIGHT_HOLD,0.029257641921397456,,0.8674656593406593,放量突破后在平台上方缩量横住，低点稳定并重新缓慢走强,0,0,1,1,1,1,4,False,False,True,收盘价未站上MA25,硬资格：最近25个交易日（含当日）至少一次按板块涨停价核验的实际涨停，且最新收盘价严格高于MA25、当日MA25严格高于前一交易日MA25；通过后再按方向/非极端波动/不过热排序,618,False,,,257,4,未入选：未满足一级粗筛最低资格条件
301292,海科新源,60.29,-0.010016420361247946,-0.010016420361247946,-0.03582280505357427,-0.0754485508357613,,,,0.07662771285475788,-0.099477221807319,0.1258620689655172,0.6088229240515012,5442698.8,5760912.2,0.9447633657739133,0.0626260334986059,0.0676249466818881,0.9260788595250596,True,0.0006490766884108545,-0.0047817616847257716,True,3,3,收敛较充分,-0.18746630727762803,0.14135802469135794,-0.03593843693783738,63.30479999999999,-0.0476235609306086,-0.006035560189168732,,,,-0.05796875000000001,59.9,58.0,0.006510851419031738,0.03948275862068962,False,0,,创业板20%,4,-1.0016420361247946,RETEST_STABILIZING,True,False,3,False,62.25,2026-09-16,1.5231875590978565,0.6030406288606809,False,False,False,,0.06844741235392324,64.0,1.0239089115794666,突破后处于一周内确认窗，守位/缩量/横住或小平台再突破条件尚未全部成立,0,0,1,1,1,1,4,False,False,False,收盘价未站上MA25,硬资格：最近25个交易日（含当日）至少一次按板块涨停价核验的实际涨停，且最新收盘价严格高于MA25、当日MA25严格高于前一交易日MA25；通过后再按方向/非极端波动/不过热排序,618,False,,,257,4,未入选：未满足一级粗筛最低资格条件
301449,天溯计量,40.82,-0.013533107781537046,0.044524053224155535,-0.03132415757000473,-0.1298230654444681,,,,0.08774662512980258,-0.1592173017507723,0.19100236779794805,0.4594007191713214,1311264.2,1502653.8,0.8726322723171498,0.1013048471488202,0.07314505006673888,1.3849856833290537,True,0.03276761067375511,-0.009093386852994101,True,3,3,收敛较充分,-0.1592173017507723,0.2666034155597725,-0.03156546185691744,42.2416,-0.03365402825650543,-0.002776256397665766,,,,-0.022743595882212198,38.52,38.01,0.059709241952232484,0.07392791370691931,False,0,,创业板20%,15,8.170731707317081,RETEST_STABILIZING,True,False,5,False,39.87,2026-09-18,2.0909454794913622,0.641011188984573,True,False,False,,0.029990167158308722,,0.6441573903355254,突破后处于一周内确认窗，守位/缩量/横住或小平台再突破条件尚未全部成立,0,0,1,1,1,1,4,False,False,False,收盘价未站上MA25,硬资格：最近25个交易日（含当日）至少一次按板块涨停价核验的实际涨停，且最新收盘价严格高于MA25、当日MA25严格高于前一交易日MA25；通过后再按方向/非极端波动/不过热排序,618,False,,,257,4,未入选：未满足一级粗筛最低资格条件
301668,昊创瑞通,32.4,0.004028509451502904,0.04381443298969079,-0.059233449477351874,-0.05594405594405605,,,,0.08872278193045176,-0.12147505422993499,0.18814432989690733,0.47156766286322277,1090619.4,1296746.6,0.841042806667085,0.0721235067917875,0.05330138352134336,1.353126354832933,True,0.022372362801962975,-0.019895609456554997,False,3,2,部分收敛/待确认,-0.15581031787389277,0.21419185282522973,-0.029998203700377313,33.612,-0.03605855051767237,-0.006972346962892839,,,,-0.010384850335980578,30.77,30.77,0.05297367565810851,0.05297367565810851,False,0,,创业板20%,4,3.571428571428581,EFFECTIVE_BREAKOUT_CONFIRMED,True,True,5,False,31.88,2026-09-18,2.3731127414583266,0.5674015850346107,True,True,False,ABOVE_PLATFORM_TIGHT_HOLD,0.02152886115444633,,0.7446461021380544,放量突破后在平台上方缩量横住，低点稳定并重新缓慢走强,0,0,1,1,1,1,4,False,False,False,收盘价未站上MA25,硬资格：最近25个交易日（含当日）至少一次按板块涨停价核验的实际涨停，且最新收盘价严格高于MA25、当日MA25严格高于前一交易日MA25；通过后再按方向/非极端波动/不过热排序,618,False,,,257,4,未入选：未满足一级粗筛最低资格条件
600198,大唐电信,7.72,0.005208333333333259,0.005208333333333259,0.005208333333333259,-0.019059720457433316,,,,0.059459459459459386,-0.06763285024154586,0.10280373831775695,0.578378378378378,19388199.2,25985183.1,0.746125171617513,0.016348417274823432,0.019603868861769232,0.8339383103457468,True,-0.019245573518090753,0.002315708220764101,False,3,2,部分收敛/待确认,-0.06763285024154586,0.4285714285714287,-0.008922267154502839,7.756799999999999,-0.004744224422442156,0.0,,,,-0.01278772378516635,7.4,7.4,0.043243243243243246,0.043243243243243246,False,0,,沪深主板10%,17,5.087014725568939,READY_FOR_BREAKOUT,False,False,5,False,7.82,,,,False,False,False,,,,,紧凑缩量平台形成，尚未出现放量突破,0,0,1,1,1,1,4,False,False,False,收盘价未站上MA25,硬资格：最近25个交易日（含当日）至少一次按板块涨停价核验的实际涨停，且最新收盘价严格高于MA25、当日MA25严格高于前一交易日MA25；通过后再按方向/非极端波动/不过热排序,618,False,,,257,4,未入选：未满足一级粗筛最低资格条件
600206,有研新材,49.95,-0.02669524551831637,0.06412441414571801,0.06616862326574169,-0.02346041055718462,,,,0.16042780748663102,-0.10081008100810074,0.13271889400921655,1.2087789661319077,95877826.4,66089258.6,1.4507323645479662,0.12702597533059698,0.0766572854791438,1.6570633115512161,False,0.05427414021164023,0.029861770602511273,True,3,1,结构未成熟,-0.17912900575184876,0.37535816618911194,0.02100260616280858,50.074,-0.0024763350241641113,-0.006136966290350654,,,,-0.04016141429669473,46.75,43.4,0.06844919786096271,0.15092165898617527,False,0,,沪深主板10%,9,6.596463341943171,READY_FOR_BREAKOUT,False,False,3,False,52.04,,,,False,False,False,,,,,紧凑缩量平台形成，尚未出现放量突破,0,0,1,1,1,1,4,False,False,False,收盘价未站上MA25,硬资格：最近25个交易日（含当日）至少一次按板块涨停价核验的实际涨停，且最新收盘价严格高于MA25、当日MA25严格高于前一交易日MA25；通过后再按方向/非极端波动/不过热排序,618,False,,,257,4,未入选：未满足一级粗筛最低资格条件
600326,西藏天路,6.86,-0.0029069767441859407,0.02083333333333348,-0.07919463087248324,-0.039215686274509665,,,,0.04054054054054047,-0.14888337468982626,0.17261904761904764,0.23485554520037236,13279224.2,24703018.2,0.5375547268147177,0.009749652009812468,0.01905636906960088,0.5116217037045802,True,-0.00029299736302379475,-0.026319493314567288,False,3,2,部分收敛/待确认,-0.14888337468982626,0.14285714285714296,-0.05333609328641409,7.2212,-0.05001938735944156,-0.001990159765603461,,,,-0.005797101449275366,6.66,6.66,0.03003003003003002,0.03003003003003002,False,0,,沪深主板10%,17,6.442577030812324,READY_FOR_BREAKOUT,False,False,5,False,6.9,,,,False,False,False,,,,,紧凑缩量平台形成，尚未出现放量突破,0,0,1,1,1,1,4,False,False,False,收盘价未站上MA25,硬资格：最近25个交易日（含当日）至少一次按板块涨停价核验的实际涨停，且最新收盘价严格高于MA25、当日MA25严格高于前一交易日MA25；通过后再按方向/非极端波动/不过热排序,618,False,,,257,4,未入选：未满足一级粗筛最低资格条件
600353,旭光电子,33.32,-0.009512485136741966,0.017404580152671656,0.0501103057043808,-0.05635797224582273,,,,0.10750695088044498,-0.11851851851851847,0.16700404858299606,0.6437385907265429,61521671.0,51935232.5,1.1845844918476103,0.07768976157490817,0.06077660850284629,1.278283923514255,False,0.026417838099854762,0.016662567634038394,True,3,2,部分收敛/待确认,-0.15324015247776368,0.3789907312049433,-0.006085192697768749,33.9872,-0.019630919875717967,-0.004942030682749676,,,,-0.06114398422090739,32.37,29.64,0.029348161878282486,0.12415654520917685,True,1,2026-08-21,沪深主板10%,17,10.000000000000009,READY_FOR_BREAKOUT,False,False,4,False,35.49,,,,False,False,False,,,,,紧凑缩量平台形成，尚未出现放量突破,0,0,1,1,1,1,4,False,False,False,收盘价未站上MA25,硬资格：最近25个交易日（含当日）至少一次按板块涨停价核验的实际涨停，且最新收盘价严格高于MA25、当日MA25严格高于前一交易日MA25；通过后再按方向/非极端波动/不过热排序,618,False,,,257,4,未入选：未满足一级粗筛最低资格条件
600368,五洲交通,4.06,-0.007334963325183463,-0.04470588235294126,-0.07093821510297493,-0.019323671497584516,,,,0.05198019801980197,-0.08968609865470856,0.05188679245283013,1.0018001800180028,24776252.0,33111471.2,0.7482679295748116,0.017993014785584165,0.0209756776788963,0.8578037411247503,True,-0.029787234042553012,-0.019069767441860397,False,3,1,结构未成熟,-0.08968609865470856,0.25925925925925863,-0.05140186915887868,4.2288,-0.03991676125614829,0.0007572889057174681,,,,-0.04470588235294126,4.04,4.04,0.004950495049504955,0.004950495049504955,False,0,,沪深主板10%,3,0.50761421319796,READY_FOR_BREAKOUT,False,False,5,False,4.17,,,,False,False,False,,,,,紧凑缩量平台形成，尚未出现放量突破,0,0,1,1,1,1,4,False,False,True,收盘价未站上MA25,硬资格：最近25个交易日（含当日）至少一次按板块涨停价核验的实际涨停，且最新收盘价严格高于MA25、当日MA25严格高于前一交易日MA25；通过后再按方向/非极端波动/不过热排序,618,False,,,257,4,未入选：未满足一级粗筛最低资格条件
600396,华电辽能,13.86,0.005076142131979822,0.03587443946188329,-0.007163323782235054,-0.01980198019801993,,,,0.10817120622568098,-0.13375000000000004,0.2003000750187547,0.5400457599207219,118692038.2,159571454.4,0.7438174869452089,0.08785504408603094,0.10730401730582723,0.8187488809075548,True,-0.015643105446118355,-0.0005686664771114014,False,3,2,部分收敛/待确认,-0.17154811715481177,0.26030927835051537,-0.012046475158600023,14.0968,-0.016798138584643407,-0.004884935761682807,,,,-0.014925373134328401,12.85,12.85,0.07859922178988321,0.07859922178988321,False,0,,沪深主板10%,17,5.869872701555878,INELIGIBLE,False,False,3,False,14.07,,,,False,False,True,,,,,未形成合格的短周期缩量平台或呈N型走势,0,0,1,1,1,1,4,False,False,False,收盘价未站上MA25,硬资格：最近25个交易日（含当日）至少一次按板块涨停价核验的实际涨停，且最新收盘价严格高于MA25、当日MA25严格高于前一交易日MA25；通过后再按方向/非极端波动/不过热排序,618,False,,,257,4,未入选：未满足一级粗筛最低资格条件
600397,江钨装备,17.49,0.01450116009280733,0.030642309958750724,0.024004683840749497,-0.003986332574031914,,,,0.09808760024676125,-0.1062851303014819,0.19679487179487193,0.4984255908304477,59649597.2,74443389.5,0.8012746007488013,0.0573213659446723,0.07823693943724205,0.7326637053671146,True,0.028540592397169773,0.0028323597096830966,True,3,3,收敛较充分,-0.11263318112633192,0.4598540145985397,-0.003362014929625734,17.5344,-0.002532165343553383,-0.0030702053626252557,,,,-0.010186757215619902,16.21,15.6,0.07896360271437364,0.12115384615384617,True,2,2026-08-27,沪深主板10%,17,10.006064281382665,INELIGIBLE,False,False,5,False,17.7,,,,False,False,True,,,,,未形成合格的短周期缩量平台或呈N型走势,0,0,1,1,1,1,4,False,False,False,收盘价未站上MA25,硬资格：最近25个交易日（含当日）至少一次按板块涨停价核验的实际涨停，且最新收盘价严格高于MA25、当日MA25严格高于前一交易日MA25；通过后再按方向/非极端波动/不过热排序,618,False,,,257,4,未入选：未满足一级粗筛最低资格条件
600409,三友化工,6.35,-0.0260736196319018,0.0,-0.09285714285714286,-0.08633093525179869,,,,0.046325878594249206,-0.16226912928759896,0.20294599018003262,0.22826703081521194,18420223.8,29235375.8,0.6300662569215204,0.008603609570014333,0.0135665592020445,0.6341777190429948,True,0.0063131313131312705,-0.028863499699338546,False,3,2,部分收敛/待确认,-0.16226912928759896,0.16326530612244855,-0.0678899082568808,6.8092,-0.0674381718850966,-0.0022857812683155787,,,,-0.020061728395061817,6.26,6.11,0.01437699680511173,0.03927986906710301,False,0,,沪深主板10%,6,3.129657228017879,READY_FOR_BREAKOUT,False,False,5,False,6.55,,,,False,False,False,,,,,紧凑缩量平台形成，尚未出现放量突破,0,0,1,1,1,1,4,False,False,False,收盘价未站上MA25,硬资格：最近25个交易日（含当日）至少一次按板块涨停价核验的实际涨停，且最新收盘价严格高于MA25、当日MA25严格高于前一交易日MA25；通过后再按方向/非极端波动/不过热排序,618,False,,,257,4,未入选：未满足一级粗筛最低资格条件
600475,华光环能,14.92,-0.019710906701708275,0.012211668928086894,-0.050286441756842826,-0.02163934426229508,,,,0.05793103448275861,-0.07558859975216858,0.11850311850311857,0.4888566243194189,6088945.8,10305508.0,0.5908438283682862,0.005540776758678967,0.010220203622211257,0.5421395662447825,True,0.007165066919021301,-0.007473050724158492,True,3,3,收敛较充分,-0.07558859975216858,0.2947976878612715,-0.012966393225721351,15.0672,-0.009769565679091041,-0.00015926102882635185,,,,-0.008637873754152925,14.5,14.43,0.028965517241379413,0.033957033957033866,False,0,,沪深主板10%,17,4.810996563573888,READY_FOR_BREAKOUT,False,False,5,False,15.29,,,,False,False,False,,,,,紧凑缩量平台形成，尚未出现放量突破,0,0,1,1,1,1,4,False,False,False,收盘价未站上MA25,硬资格：最近25个交易日（含当日）至少一次按板块涨停价核验的实际涨停，且最新收盘价严格高于MA25、当日MA25严格高于前一交易日MA25；通过后再按方向/非极端波动/不过热排序,618,False,,,257,4,未入选：未满足一级粗筛最低资格条件
600513,联环药业,15.39,0.0006501950585175997,0.052667578659370884,-0.012195121951219523,-0.05408727719729556,,,,0.07756232686980617,-0.08880994671403197,0.11004126547455306,0.704847645429363,7257520.0,6307939.5,1.1505373505880963,0.024578896095013,0.022097743727962187,1.1122808010444611,False,0.01886536373507064,-0.005580653733723184,True,3,2,部分收敛/待确认,-0.1778846153846153,0.22196261682243018,-0.0029800466442083673,15.6796,-0.01846985892497255,-0.007192969125952797,,,,0.015171503957783772,14.44,14.44,0.06578947368421062,0.06578947368421062,False,0,,沪深主板10%,4,1.0422698320787571,EFFECTIVE_BREAKOUT_CONFIRMED,True,True,5,False,14.94,2026-09-21,2.101747967009004,0.7852781577956718,True,True,False,RETEST_RENEWED_STRENGTH,0.02706270627062707,,,放量突破后缩量回踩守位，价格重新缓慢走强,0,0,1,1,1,1,4,False,False,False,收盘价未站上MA25,硬资格：最近25个交易日（含当日）至少一次按板块涨停价核验的实际涨停，且最新收盘价严格高于MA25、当日MA25严格高于前一交易日MA25；通过后再按方向/非极端波动/不过热排序,618,False,,,257,4,未入选：未满足一级粗筛最低资格条件
600536,中国软件,32.1,0.0050093926111458575,0.011979823455233296,-0.03108964684575921,-0.013824884792626557,,,,0.04900064474532558,-0.08180778032036606,0.12415349887133176,0.394677920403259,12028279.4,16251898.5,0.7401153409861624,0.014055618019476968,0.02061273080672637,0.6818901460106549,True,0.004881450488144923,-0.013984062509689532,False,3,2,部分收敛/待确认,-0.1368647485883301,0.25036818851251885,-0.01779294096048223,32.9556,-0.025962203692240338,-0.0028442099147947264,,,,0.0031250000000000444,31.02,31.01,0.03481624758220514,0.03514995162850698,False,0,,沪深主板10%,17,3.7218695903058485,READY_FOR_BREAKOUT,False,False,5,False,32.0,,,,False,False,False,,,,,紧凑缩量平台形成，尚未出现放量突破,0,0,1,1,1,1,4,False,False,False,收盘价未站上MA25,硬资格：最近25个交易日（含当日）至少一次按板块涨停价核验的实际涨停，且最新收盘价严格高于MA25、当日MA25严格高于前一交易日MA25；通过后再按方向/非极端波动/不过热排序,618,False,,,257,4,未入选：未满足一级粗筛最低资格条件
600578,京能电力,5.34,-0.0074349442379182396,-0.02197802197802201,-0.018382352941176516,-0.04129263913824066,,,,0.051136363636363556,-0.07291666666666663,0.07663551401869162,0.6672671840354754,53743728.8,74227918.3,0.7240365893435005,0.0076808890129533,0.011087695350294548,0.6927399040368885,True,-0.020795330171470283,-0.0025496266618102448,False,3,2,部分收敛/待确认,-0.0949152542372882,0.09677419354838646,-0.02652447361225052,5.504000000000001,-0.029796511627907196,-0.0026094520150766742,,,,-0.037837837837837784,5.28,5.28,0.011363636363636243,0.011363636363636243,False,0,,沪深主板10%,4,0.3571428571428559,READY_FOR_BREAKOUT,False,False,5,False,5.43,,,,False,False,False,,,,,紧凑缩量平台形成，尚未出现放量突破,0,0,1,1,1,1,4,False,False,False,收盘价未站上MA25,硬资格：最近25个交易日（含当日）至少一次按板块涨停价核验的实际涨停，且最新收盘价严格高于MA25、当日MA25严格高于前一交易日MA25；通过后再按方向/非极端波动/不过热排序,618,False,,,257,4,未入选：未满足一级粗筛最低资格条件
600588,用友网络,9.9,0.034482758620689724,0.05543710021321946,-0.006024096385542244,-0.027504911591355485,,,,0.08903365906623219,-0.08923643054277819,0.1508620689655173,0.590165968667596,41412728.8,51084577.8,0.8106698847964248,0.0099513947275574,0.014950136533744102,0.6656390532016887,True,0.016641775122679725,-0.012880440427963102,False,3,2,部分收敛/待确认,-0.14507772020725385,0.291139240506329,0.008352006518639321,9.9676,-0.006781973594445878,-0.0061420651697045026,,,,0.03340292275574108,9.21,9.21,0.07491856677524433,0.07491856677524433,False,0,,沪深主板10%,4,3.4482758620689724,BREAKOUT_AWAIT_RETEST,True,False,5,False,9.58,2026-09-22,2.8036069463290407,,False,False,False,,,,,首次放量突破，仅观察，等待缩量回踩确认,0,0,1,1,1,1,4,False,False,False,收盘价未站上MA25,硬资格：最近25个交易日（含当日）至少一次按板块涨停价核验的实际涨停，且最新收盘价严格高于MA25、当日MA25严格高于前一交易日MA25；通过后再按方向/非极端波动/不过热排序,618,False,,,257,4,未入选：未满足一级粗筛最低资格条件
600610,中毅达,8.11,0.0424164524421593,0.07702523240371839,-0.09182530795072796,-0.07208237986270027,,,,0.11972789115646269,-0.18328298086606243,0.2738255033557047,0.4372415632919838,29151800.8,62629347.8,0.4654655017818979,0.03206877983618047,0.09129467794742444,0.35126669546551786,True,0.016904384574749187,-0.03295622233152973,False,3,2,部分收敛/待确认,-0.18328298086606243,0.39735099337748325,-0.043801214407828915,8.4288,-0.03782270311313607,0.004864091559370731,,,,0.04375804375804382,7.35,7.35,0.10340136054421767,0.10340136054421767,True,3,2026-09-03,沪深主板10%,17,10.038119440914862,INELIGIBLE,False,False,0,False,,,,,False,False,True,,,,,未形成合格的短周期缩量平台或呈N型走势,0,0,1,1,1,1,4,False,False,True,收盘价未站上MA25,硬资格：最近25个交易日（含当日）至少一次按板块涨停价核验的实际涨停，且最新收盘价严格高于MA25、当日MA25严格高于前一交易日MA25；通过后再按方向/非极端波动/不过热排序,618,False,,,257,4,未入选：未满足一级粗筛最低资格条件
600617,国新能源,3.34,-0.005952380952380931,0.0,-0.051136363636363646,-0.005952380952380931,,,,0.10759493670886071,-0.08991825613079019,0.11550151975683887,0.9315456362425049,33867786.4,40982678.1,0.8263927095579436,0.020791703420429533,0.02287450697559655,0.9089465159887802,True,-0.014863258026159287,-0.007029876977153071,False,3,2,部分收敛/待确认,-0.08991825613079019,0.3529411764705878,-0.01851307669703206,3.3916000000000004,-0.015214058261587615,-0.002118394727550821,,,,-0.04022988505747127,3.16,3.16,0.056962025316455556,0.056962025316455556,False,0,,沪深主板10%,3,-0.29761904761904656,READY_FOR_BREAKOUT,False,False,4,False,3.37,,,,False,False,False,,,,,紧凑缩量平台形成，尚未出现放量突破,0,0,1,1,1,1,4,False,False,False,收盘价未站上MA25,硬资格：最近25个交易日（含当日）至少一次按板块涨停价核验的实际涨停，且最新收盘价严格高于MA25、当日MA25严格高于前一交易日MA25；通过后再按方向/非极端波动/不过热排序,618,False,,,257,4,未入选：未满足一级粗筛最低资格条件
600663,陆家嘴,8.85,-0.027472527472527486,-0.00895856662933936,-0.019933554817275767,-0.05549626467449298,,,,0.05828571428571426,-0.06645569620253178,0.05454545454545439,1.0685714285714312,12191818.8,10725235.6,1.1367413504650659,0.0029652934568363,0.0027260033059646497,1.0877805798503875,False,0.0022482014388489624,-0.003227242377031092,True,3,1,结构未成熟,-0.08950617283950624,0.1030927835051542,-0.02042171675244897,9.1104,-0.02858271865121187,-0.0031512605042015585,,,,-0.02101769911504414,8.75,8.75,0.011428571428571344,0.011428571428571344,False,0,,沪深主板10%,4,1.2725344644750836,RETEST_STABILIZING,True,False,5,False,9.0,2026-09-21,1.735389723338465,0.8911657066655054,False,False,False,,0.05707762557077626,,,突破后处于一周内确认窗，守位/缩量/横住或小平台再突破条件尚未全部成立,0,0,1,1,1,1,4,False,False,False,收盘价未站上MA25,硬资格：最近25个交易日（含当日）至少一次按板块涨停价核验的实际涨停，且最新收盘价严格高于MA25、当日MA25严格高于前一交易日MA25；通过后再按方向/非极端波动/不过热排序,618,False,,,257,4,未入选：未满足一级粗筛最低资格条件
600683,京投发展,9.93,-0.006006006006006093,0.0700431034482758,-0.007000000000000006,-0.025515210991167825,,,,0.09239130434782625,-0.181368507831822,0.12948857453754095,0.7135093167701868,16759896.6,24365429.7,0.6878555726846057,0.0180504329335614,0.03485712595058402,0.5178405402427899,True,0.026499894000423962,0.0005201289919898322,True,3,3,收敛较充分,-0.181368507831822,0.2517006802721088,-0.0020100502512562235,9.9752,-0.004531237468922922,-0.003317213540625974,,,,0.025826446280991844,9.2,9.19,0.07934782608695667,0.08052230685527739,True,2,2026-08-27,沪深主板10%,9,10.0206611570248,RETEST_STABILIZING,True,False,5,False,9.64,2026-09-21,1.85648815044141,0.8983310705812227,True,False,False,,0.02238046795523913,,,突破后处于一周内确认窗，守位/缩量/横住或小平台再突破条件尚未全部成立,0,0,1,1,1,1,4,False,False,False,收盘价未站上MA25,硬资格：最近25个交易日（含当日）至少一次按板块涨停价核验的实际涨停，且最新收盘价严格高于MA25、当日MA25严格高于前一交易日MA25；通过后再按方向/非极端波动/不过热排序,618,False,,,257,4,未入选：未满足一级粗筛最低资格条件
600698,湖南天雁,7.07,-0.01532033426183832,0.020202020202020332,-0.07217847769028873,-0.028846153846153855,,,,0.11144130757800891,-0.15632458233890223,0.20923520923520939,0.5326125941486904,35170119.2,80724723.7,0.43567964791931524,0.04737946315734997,0.09599660815811324,0.4935535126336196,True,-0.035840347542764106,-0.026432870976183964,False,3,2,部分收敛/待确认,-0.15632458233890223,0.34500000000000003,-0.05202467149369805,7.314400000000001,-0.03341354041343114,0.0008757525998905891,,,,-0.05481283422459893,6.73,6.73,0.050520059435364084,0.050520059435364084,False,0,,沪深主板10%,3,0.911854103343468,READY_FOR_BREAKOUT,False,False,4,False,7.21,,,,False,False,False,,,,,紧凑缩量平台形成，尚未出现放量突破,0,0,1,1,1,1,4,False,False,True,收盘价未站上MA25,硬资格：最近25个交易日（含当日）至少一次按板块涨停价核验的实际涨停，且最新收盘价严格高于MA25、当日MA25严格高于前一交易日MA25；通过后再按方向/非极端波动/不过热排序,618,False,,,257,4,未入选：未满足一级粗筛最低资格条件
600756,浪潮软件,14.08,0.0049964311206280865,0.03529411764705892,-0.014695591322603119,-0.002126151665485465,,,,0.061331338818249835,-0.058193979933110374,0.10250737463126834,0.598311477967963,5744643.0,7012539.6,0.8191958017606061,0.0159426716461324,0.02163704591606369,0.7368229335917018,True,0.008330897398421522,-0.010239152226836357,False,3,2,部分收敛/待确认,-0.1177944862155389,0.2741312741312743,-0.005579490076982885,14.176799999999998,-0.006828057107386543,-0.004102506462852706,,,,0.007874015748031482,13.37,13.37,0.05310396409872853,0.05310396409872853,False,0,,沪深主板10%,4,0.49964311206280865,RETEST_STABILIZING,True,False,5,False,13.97,2026-09-21,1.3000389522852516,1.108324376988537,True,True,False,,0.018664752333094028,,,突破后处于一周内确认窗，守位/缩量/横住或小平台再突破条件尚未全部成立,0,0,1,1,1,1,4,False,False,False,收盘价未站上MA25,硬资格：最近25个交易日（含当日）至少一次按板块涨停价核验的实际涨停，且最新收盘价严格高于MA25、当日MA25严格高于前一交易日MA25；通过后再按方向/非极端波动/不过热排序,618,False,,,257,4,未入选：未满足一级粗筛最低资格条件
600844,金煤科技,3.42,0.00588235294117645,0.01183431952662728,-0.10471204188481675,-0.08064516129032262,,,,0.07854984894259812,-0.20649651972157768,0.2827380952380952,0.2778184131022418,38534539.8,84205180.0,0.45762671370098607,0.04824997558070746,0.10624461565873816,0.45414043132019283,True,-0.01327944572748263,-0.024126455906822164,False,3,2,部分收敛/待确认,-0.20649651972157768,0.10999999999999993,-0.06237148732008213,3.6271999999999998,-0.05712395235994705,-0.0015415106804668177,,,,-0.017241379310344862,3.31,3.31,0.0332326283987916,0.0332326283987916,False,0,,沪深主板10%,17,6.406685236768794,READY_FOR_BREAKOUT,False,False,5,False,3.45,,,,False,False,False,,,,,紧凑缩量平台形成，尚未出现放量突破,0,0,1,1,1,1,4,False,False,False,收盘价未站上MA25,硬资格：最近25个交易日（含当日）至少一次按板块涨停价核验的实际涨停，且最新收盘价严格高于MA25、当日MA25严格高于前一交易日MA25；通过后再按方向/非极端波动/不过热排序,618,False,,,257,4,未入选：未满足一级粗筛最低资格条件
600881,亚泰集团,1.91,0.0052631578947368585,0.11046511627906974,-0.07729468599033817,-0.015463917525773252,,,,0.15476190476190477,-0.0904761904761906,0.22807017543859656,0.6785714285714284,134496540.0,142702340.2,0.9424970873743247,0.032047049075955236,0.044494582531207146,0.7202460895880619,True,0.030100334448160737,-0.0037373198077949032,True,3,3,收敛较充分,-0.1357466063348417,0.43396226415094336,0.0018358248098611085,1.9107999999999998,-0.00041867280720109257,-0.0025057423261641842,,,,-0.010362694300518172,1.68,1.68,0.13690476190476186,0.13690476190476186,False,0,,沪深主板10%,6,5.85106382978724,INELIGIBLE,False,False,0,False,,,,,False,False,True,,,,,未形成合格的短周期缩量平台或呈N型走势,0,0,1,1,1,1,4,False,False,False,收盘价未站上MA25,硬资格：最近25个交易日（含当日）至少一次按板块涨停价核验的实际涨停，且最新收盘价严格高于MA25、当日MA25严格高于前一交易日MA25；通过后再按方向/非极端波动/不过热排序,618,False,,,257,4,未入选：未满足一级粗筛最低资格条件
600988,赤峰黄金,42.4,-0.013035381750465591,-0.026182820395039053,-0.040723981900452566,-0.11036508602601758,,,,0.09002375296912112,-0.1427416093813183,0.12547258979206055,0.7174774436258388,48237706.0,46298994.8,1.0418737211979385,0.034316133712581194,0.028743210730661824,1.1938865853971719,False,-0.012607890098965013,-0.010702054794520577,False,3,1,结构未成熟,-0.18445854972110032,0.15357458075904687,-0.0607000443066017,45.4992,-0.06811548334915785,0.00016706380958253497,,,,-0.0640176600441501,42.1,42.1,0.0071258907363420665,0.0071258907363420665,False,0,,沪深主板10%,14,7.911985018726608,READY_FOR_BREAKOUT,False,False,3,False,44.3,,,,False,False,False,,,,,紧凑缩量平台形成，尚未出现放量突破,0,0,1,1,1,1,4,False,False,True,收盘价未站上MA25,硬资格：最近25个交易日（含当日）至少一次按板块涨停价核验的实际涨停，且最新收盘价严格高于MA25、当日MA25严格高于前一交易日MA25；通过后再按方向/非极端波动/不过热排序,618,False,,,257,4,未入选：未满足一级粗筛最低资格条件
601002,晋亿实业,5.2,-0.015151515151515138,0.013645224171540127,-0.028037383177569986,-0.022556390977443663,,,,0.03913894324853215,-0.08127208480565373,0.09215686274509817,0.4246991714202419,7165461.0,10249600.0,0.6990966476740555,0.007529226470275967,0.01100521663502459,0.6841506823513014,True,0.006546014632267783,-0.007397572078907566,True,3,3,收敛较充分,-0.08127208480565373,0.17857142857142935,-0.023290758827948843,5.3092,-0.020568070519098813,-0.0010536614736208483,,,,-0.01886792452830177,5.11,5.1,0.017612524461839474,0.019607843137255054,False,0,,沪深主板10%,17,6.25,READY_FOR_BREAKOUT,False,False,5,False,5.31,,,,False,False,False,,,,,紧凑缩量平台形成，尚未出现放量突破,0,0,1,1,1,1,4,False,False,False,收盘价未站上MA25,硬资格：最近25个交易日（含当日）至少一次按板块涨停价核验的实际涨停，且最新收盘价严格高于MA25、当日MA25严格高于前一交易日MA25；通过后再按方向/非极端波动/不过热排序,618,False,,,257,4,未入选：未满足一级粗筛最低资格条件
601003,柳钢股份,3.59,-0.002777777777777879,-0.005540166204986208,-0.07712082262210807,-0.021798365122615793,,,,0.043103448275862044,-0.12009803921568629,0.09749303621169919,0.4421182266009848,13360664.6,21944135.5,0.608848983820757,0.005113688407570733,0.00853864229113769,0.5988877661356375,True,-0.01436464088397782,-0.017426273458445163,False,3,2,部分收敛/待确认,-0.12009803921568629,0.1833333333333331,-0.041772320832777377,3.7196,-0.03484245617808368,-0.0018248175182482562,,,,-0.011019283746556474,3.48,3.48,0.031609195402298784,0.031609195402298784,False,0,,沪深主板10%,6,1.6620498614958512,READY_FOR_BREAKOUT,False,False,5,False,3.63,,,,False,False,False,,,,,紧凑缩量平台形成，尚未出现放量突破,0,0,1,1,1,1,4,False,False,False,收盘价未站上MA25,硬资格：最近25个交易日（含当日）至少一次按板块涨停价核验的实际涨停，且最新收盘价严格高于MA25、当日MA25严格高于前一交易日MA25；通过后再按方向/非极端波动/不过热排序,618,False,,,257,4,未入选：未满足一级粗筛最低资格条件
601179,中国西电,12.22,-0.01212611156022625,0.010752688172043001,-0.01610305958132041,-0.046801872074882955,,,,0.03768844221105537,-0.06288343558282194,0.06379453189726592,0.5907785681655046,51215599.2,59722017.7,0.857566458274567,0.0107684660336503,0.01165107070330978,0.9242469046721385,True,0.003122432210353354,-0.005752248237867574,True,3,3,收敛较充分,-0.13086770981507823,0.13207547169811368,-0.019615708612459315,12.541199999999998,-0.025611584218415917,-0.0044454323182931965,,,,-0.008116883116883078,11.94,11.94,0.023450586264656792,0.023450586264656792,False,0,,沪深主板10%,4,-0.9860312243220926,READY_FOR_BREAKOUT,False,False,5,False,12.37,,,,False,False,False,,,,,紧凑缩量平台形成，尚未出现放量突破,0,0,1,1,1,1,4,False,False,False,收盘价未站上MA25,硬资格：最近25个交易日（含当日）至少一次按板块涨停价核验的实际涨停，且最新收盘价严格高于MA25、当日MA25严格高于前一交易日MA25；通过后再按方向/非极端波动/不过热排序,618,False,,,257,4,未入选：未满足一级粗筛最低资格条件
601700,风范股份,6.75,0.04166666666666652,0.10474631751227492,-0.03708987161198285,-0.10119840213049269,,,,0.12624584717607987,-0.2312072892938496,0.44006568144499175,0.2868795557098233,69833313.8,114723330.6,0.6087106557556654,0.05820495581748044,0.10421600419646532,0.5585030463051909,True,0.02529618956131907,-0.03432632693180093,False,3,2,部分收敛/待确认,-0.2312072892938496,0.2644927536231886,-0.04976420074611099,7.1448,-0.055256970104131664,-0.0031253488112512606,,,,0.046511627906976605,6.02,6.02,0.12126245847176098,0.12126245847176098,True,3,2026-08-28,沪深主板10%,17,9.985734664764623,INELIGIBLE,False,False,0,False,,,,,False,False,False,,,,,未形成合格的短周期缩量平台或呈N型走势,0,0,1,1,1,1,4,False,False,False,收盘价未站上MA25,硬资格：最近25个交易日（含当日）至少一次按板块涨停价核验的实际涨停，且最新收盘价严格高于MA25、当日MA25严格高于前一交易日MA25；通过后再按方向/非极端波动/不过热排序,618,False,,,257,4,未入选：未满足一级粗筛最低资格条件
601899,紫金矿业,31.41,0.003514376996805124,-0.008522727272727293,-0.07235676314235084,-0.06739904988123513,,,,0.06424123238282521,-0.11145685997171151,0.09793322734499212,0.6559697267661856,184054286.8,194736426.4,0.9451456525238978,0.010910456166244134,0.009667761370838033,1.1285400774531509,True,-0.012997613964586319,-0.018179045295104612,False,3,2,部分收敛/待确认,-0.11446292641669009,0.18145161290322562,-0.047200145604562316,33.1388,-0.05216845510398693,-0.0020958552655352403,,,,-0.024534161490683326,30.51,30.51,0.029498525073746285,0.029498525073746285,False,0,,沪深主板10%,6,4.548229548229554,READY_FOR_BREAKOUT,False,False,5,False,32.0,,,,False,False,False,,,,,紧凑缩量平台形成，尚未出现放量突破,0,0,1,1,1,1,4,False,False,False,收盘价未站上MA25,硬资格：最近25个交易日（含当日）至少一次按板块涨停价核验的实际涨停，且最新收盘价严格高于MA25、当日MA25严格高于前一交易日MA25；通过后再按方向/非极端波动/不过热排序,618,False,,,257,4,未入选：未满足一级粗筛最低资格条件
601958,金钼股份,20.99,0.002866698518872335,0.0370553359683794,-0.02372093023255817,-0.04893520616221125,,,,0.06780512305374191,-0.1060477001703578,0.10629722921914354,0.6378823187757239,28039322.6,28122764.9,0.997032926872706,0.0111330716588621,0.008715901118835589,1.2773288162715453,True,0.01688221937012524,-0.005782575173477356,True,3,3,收敛较充分,-0.1301284707832574,0.26635514018691536,-0.01704598670038404,21.5092,-0.02413850817324681,-0.002966643798787416,,,,0.010592200288878084,19.91,19.85,0.054244098442993494,0.057430730478589265,False,0,,沪深主板10%,4,1.1600928074245953,EFFECTIVE_BREAKOUT_CONFIRMED,True,True,5,False,20.68,2026-09-21,1.2528666870082839,0.7971938277352678,True,True,False,RETEST_RENEWED_STRENGTH,0.021624219125420608,,,放量突破后缩量回踩守位，价格重新缓慢走强,0,0,1,1,1,1,4,False,False,False,收盘价未站上MA25,硬资格：最近25个交易日（含当日）至少一次按板块涨停价核验的实际涨停，且最新收盘价严格高于MA25、当日MA25严格高于前一交易日MA25；通过后再按方向/非极端波动/不过热排序,618,False,,,257,4,未入选：未满足一级粗筛最低资格条件
603078,江化微,32.51,-0.0045927740355173885,0.035350318471337516,0.007749535027898435,-0.0625720876585929,,,,0.0862568393949147,-0.13028357410379898,0.15243902439024404,0.5658448664306399,18950711.4,14506751.8,1.306337329077347,0.057726669598057,0.03761761052708262,1.5345650292300452,False,0.03351036924633277,0.005660199364799778,True,3,2,部分收敛/待确认,-0.17256299312802248,0.30603889457523015,-0.01099736854113742,33.3916,-0.026401849566956903,-0.006675392670157154,,,,-0.026938042502244852,31.07,29.52,0.046346958480849576,0.10128726287262868,False,0,,沪深主板10%,4,-0.45927740355173885,RETEST_STABILIZING,True,False,4,False,31.85,2026-09-16,1.6138406244829584,0.9358246647277023,True,False,False,,0.05042016806722681,33.75,0.9510460053255305,突破后处于一周内确认窗，守位/缩量/横住或小平台再突破条件尚未全部成立,0,0,1,1,1,1,4,False,False,False,收盘价未站上MA25,硬资格：最近25个交易日（含当日）至少一次按板块涨停价核验的实际涨停，且最新收盘价严格高于MA25、当日MA25严格高于前一交易日MA25；通过后再按方向/非极端波动/不过热排序,618,False,,,257,4,未入选：未满足一级粗筛最低资格条件
603089,正裕工业,9.65,0.0,0.05464480874316946,-0.02327935222672073,-0.12984670874661852,,,,0.08333333333333333,-0.10648148148148151,0.15334063526834593,0.5434523809523816,3108875.2,4961948.6,0.6265432092545257,0.012612208682117569,0.021623847944647733,0.5832545953154143,True,0.016274089935760294,-0.006192275398824609,True,3,3,收敛较充分,-0.18220338983050854,0.2321428571428572,-0.01600897318242067,9.918,-0.027021576930832736,-0.00859656137544984,,,,0.010471204188481575,9.0,9.0,0.07222222222222219,0.07222222222222219,True,1,2026-08-24,沪深主板10%,17,10.03134796238243,READY_FOR_BREAKOUT,False,False,5,False,9.73,,,,False,False,False,,,,,紧凑缩量平台形成，尚未出现放量突破,0,0,1,1,1,1,4,False,False,False,收盘价未站上MA25,硬资格：最近25个交易日（含当日）至少一次按板块涨停价核验的实际涨停，且最新收盘价严格高于MA25、当日MA25严格高于前一交易日MA25；通过后再按方向/非极端波动/不过热排序,618,False,,,257,4,未入选：未满足一级粗筛最低资格条件
603095,越剑智能,14.62,0.0020562028786839104,0.031029619181946355,-0.024683122081387676,-0.10853658536585364,,,,0.055994256999282205,-0.17772778402699674,0.2073800738007379,0.270007894071272,4408526.2,6948023.8,0.6345007338633469,0.016871380714386333,0.028127097617524632,0.5998265780495814,True,0.01720490762938942,-0.011639118457300257,False,3,2,部分收敛/待确认,-0.17772778402699674,0.25295508274231643,-0.03358011634056057,15.088,-0.03101802757158001,-0.002380322665961443,,,,0.00966850828729271,13.93,13.55,0.04953338119167272,0.0789667896678965,True,2,2026-08-25,沪深主板10%,9,10.021629416005773,READY_FOR_BREAKOUT,False,False,5,False,14.71,,,,False,False,False,,,,,紧凑缩量平台形成，尚未出现放量突破,0,0,1,1,1,1,4,False,False,False,收盘价未站上MA25,硬资格：最近25个交易日（含当日）至少一次按板块涨停价核验的实际涨停，且最新收盘价严格高于MA25、当日MA25严格高于前一交易日MA25；通过后再按方向/非极端波动/不过热排序,618,False,,,257,4,未入选：未满足一级粗筛最低资格条件
603097,江苏华辰,18.44,-0.00324324324324321,-0.011260053619302823,-0.04008328995314936,-0.028451001053740765,,,,0.03480662983425409,-0.07150050352467263,0.09120879120879122,0.38161485721893035,1157656.0,1581221.3,0.7321277546665985,0.0057091795089379,0.00703776057522775,0.811221047933013,True,-0.000758972134880187,-0.010536398467432817,False,3,2,部分收敛/待确认,-0.10572259941804074,0.13492063492063489,-0.02619349387410219,18.9544,-0.02713881737221957,-0.0034490010515246805,,,,-0.015483182060864853,18.1,18.1,0.018784530386740217,0.018784530386740217,False,0,,沪深主板10%,4,-0.324324324324321,READY_FOR_BREAKOUT,False,False,5,False,18.72,,,,False,False,False,,,,,紧凑缩量平台形成，尚未出现放量突破,0,0,1,1,1,1,4,False,False,False,收盘价未站上MA25,硬资格：最近25个交易日（含当日）至少一次按板块涨停价核验的实际涨停，且最新收盘价严格高于MA25、当日MA25严格高于前一交易日MA25；通过后再按方向/非极端波动/不过热排序,618,False,,,257,4,未入选：未满足一级粗筛最低资格条件
603102,百合股份,37.26,0.002151694459386677,0.070382074116633,-0.017145871801635404,-0.053594107188214335,,,,0.09328683522231913,-0.12205466540999055,0.16777745580991016,0.5560153166705066,1365984.6,1705246.7,0.8010480829548007,0.020486578125,0.02681643576388889,0.7639560419355692,True,0.028691790959808783,-0.012633891787970364,False,3,2,部分收敛/待确认,-0.2178841309823678,0.21541950113378688,-0.011369515900075622,38.3024,-0.027215004803876508,-0.003755839237595815,,,,0.026729126481124243,34.41,34.41,0.08282476024411523,0.08282476024411523,True,1,2026-08-19,沪深主板10%,9,9.999999999999986,READY_FOR_BREAKOUT,False,False,5,False,37.23,,,,False,False,False,,,,,紧凑缩量平台形成，尚未出现放量突破,0,0,1,1,1,1,4,False,False,False,收盘价未站上MA25,硬资格：最近25个交易日（含当日）至少一次按板块涨停价核验的实际涨停，且最新收盘价严格高于MA25、当日MA25严格高于前一交易日MA25；通过后再按方向/非极端波动/不过热排序,618,False,,,257,4,未入选：未满足一级粗筛最低资格条件
603113,金能科技,4.98,-0.00994035785288272,0.02892561983471076,-0.11545293072824148,-0.0912408759124087,,,,0.07773109243697482,-0.2194357366771159,0.2723492723492725,0.28540958368080055,19244887.0,32483614.6,0.5924490619957054,0.025686436112570935,0.040495366866588584,0.6343055539463203,True,0.0,-0.032943880482665944,False,3,2,部分收敛/待确认,-0.2194357366771159,0.21787709497206736,-0.06662918189485512,5.3184,-0.06362815884476514,0.0022614201718678117,,,,-0.013861386138613763,4.76,4.76,0.04621848739495804,0.04621848739495804,True,2,2026-08-25,沪深主板10%,6,10.042735042735051,READY_FOR_BREAKOUT,False,False,5,False,5.04,,,,False,False,False,,,,,紧凑缩量平台形成，尚未出现放量突破,0,0,1,1,1,1,4,False,False,True,收盘价未站上MA25,硬资格：最近25个交易日（含当日）至少一次按板块涨停价核验的实际涨停，且最新收盘价严格高于MA25、当日MA25严格高于前一交易日MA25；通过后再按方向/非极端波动/不过热排序,618,False,,,257,4,未入选：未满足一级粗筛最低资格条件
603188,亚邦股份,4.61,0.0021739130434783593,0.042986425339366585,-0.0668016194331984,-0.031512605042016695,,,,0.07870370370370366,-0.12689393939393934,0.1746031746031745,0.4507575757575758,11206100.0,17582302.8,0.6373510982873074,0.019811693588461868,0.03307702702702697,0.5989562959293134,True,-0.001761338617348951,-0.023319906720373318,False,3,2,部分收敛/待确认,-0.12689393939393934,0.30208333333333337,-0.03202099737532804,4.7372000000000005,-0.026851304568099366,-0.0006750485191122646,,,,-0.0021645021645021467,4.32,4.32,0.06712962962962954,0.06712962962962954,False,0,,沪深主板10%,2,0.21739130434783593,READY_FOR_BREAKOUT,False,False,5,False,4.62,,,,False,False,False,,,,,紧凑缩量平台形成，尚未出现放量突破,0,0,1,1,1,1,4,False,False,False,收盘价未站上MA25,硬资格：最近25个交易日（含当日）至少一次按板块涨停价核验的实际涨停，且最新收盘价严格高于MA25、当日MA25严格高于前一交易日MA25；通过后再按方向/非极端波动/不过热排序,618,False,,,257,4,未入选：未满足一级粗筛最低资格条件
603318,水发燃气,9.37,0.0064446831364122215,-0.012644889357218192,-0.013684210526315854,-0.08496093750000011,,,,0.17734553775743694,-0.17079646017699124,0.2625698324022348,0.6754223672038552,50933352.2,76200893.3,0.6684088597160842,0.13060422373137845,0.17153974474976766,0.7613642186648721,True,-0.037013932210438916,-0.001357418815913336,False,3,2,部分收敛/待确认,-0.17079646017699124,0.27443609022556337,-0.027049478220237955,9.5748,-0.021389480720223952,-0.0009599332220366907,,,,-0.0894071914480078,8.74,8.74,0.07208237986270016,0.07208237986270016,False,0,,沪深主板10%,3,0.6444683136412221,READY_FOR_BREAKOUT,False,False,4,False,9.37,,,,False,False,False,,,,,紧凑缩量平台形成，尚未出现放量突破,0,0,1,1,1,1,4,False,False,False,收盘价未站上MA25,硬资格：最近25个交易日（含当日）至少一次按板块涨停价核验的实际涨停，且最新收盘价严格高于MA25、当日MA25严格高于前一交易日MA25；通过后再按方向/非极端波动/不过热排序,618,False,,,257,4,未入选：未满足一级粗筛最低资格条件
603330,天洋新材,10.07,-0.011776251226692791,0.11888888888888882,-0.011776251226692791,-0.07952468007312608,,,,0.17288135593220352,-0.16083333333333327,0.36363636363636354,0.4754237288135598,45608402.2,68253893.0,0.6682168620037542,0.1061498424339372,0.15386558415070012,0.6898868451958118,True,0.05639913232104088,-0.01730670762928832,False,3,2,部分收敛/待确认,-0.22119102861562256,0.34101382488479276,-0.017848434604506025,10.242799999999999,-0.01687038700355359,-0.004354757183405278,,,,0.018200202224469164,8.85,8.8,0.13785310734463274,0.1443181818181818,False,0,,沪深主板10%,3,-1.177625122669279,RETEST_STABILIZING,False,False,3,False,9.28,2026-09-16,1.3485821082689506,0.7959638197315142,True,False,True,,0.12581344902386118,10.38,0.9634808120403499,突破后处于一周内确认窗，守位/缩量/横住或小平台再突破条件尚未全部成立,0,0,1,1,1,1,4,False,False,False,收盘价未站上MA25,硬资格：最近25个交易日（含当日）至少一次按板块涨停价核验的实际涨停，且最新收盘价严格高于MA25、当日MA25严格高于前一交易日MA25；通过后再按方向/非极端波动/不过热排序,618,False,,,257,4,未入选：未满足一级粗筛最低资格条件
603333,福华尚纬,9.44,-0.019730010384216068,0.027203482045701888,-0.0512562814070352,-0.03179487179487184,,,,0.06607929515418498,-0.09578544061302685,0.1422319474835885,0.4645882751609625,8528084.6,12485025.0,0.683065079965799,0.012234490478968532,0.02088635169606128,0.5857648409356094,True,0.010032017075773947,-0.013657214345287771,False,3,2,部分收敛/待确认,-0.12915129151291516,0.3886462882096066,-0.03496217542424862,9.6952,-0.026322303820447313,0.002191440975811476,,,,-0.011518324607329933,9.08,9.08,0.03964757709251088,0.03964757709251088,False,0,,沪深主板10%,3,3.1105990783410142,RETEST_STABILIZING,True,False,5,False,9.54,2026-09-21,1.256624854371038,0.9448752013589269,True,False,False,,0.029946524064171247,,,突破后处于一周内确认窗，守位/缩量/横住或小平台再突破条件尚未全部成立,0,0,1,1,1,1,4,False,False,True,收盘价未站上MA25,硬资格：最近25个交易日（含当日）至少一次按板块涨停价核验的实际涨停，且最新收盘价严格高于MA25、当日MA25严格高于前一交易日MA25；通过后再按方向/非极端波动/不过热排序,618,False,,,257,4,未入选：未满足一级粗筛最低资格条件
603335,迪生力,6.29,-0.015649452269170472,0.05892255892255882,-0.0367534456355284,-0.05555555555555558,,,,0.13197969543147212,-0.08708272859216248,0.13344594594594594,0.9890124012079936,11854623.6,9807164.8,1.208771733906215,0.0273791377959689,0.02290619757904218,1.1952720525304121,False,0.02063544055027844,-0.007827476038338554,True,3,2,部分收敛/待确认,-0.08708272859216248,0.3877551020408164,-0.015264187866927625,6.426800000000001,-0.021285865438476548,-0.002854837708682223,,,,-0.006319115323854652,5.91,5.91,0.06429780033840937,0.06429780033840937,False,0,,沪深主板10%,4,2.8052805280528226,RETEST_STABILIZING,True,False,5,False,6.3,2026-09-21,1.7182896133019427,0.5555227200368892,True,False,False,,0.03189792663476877,,,突破后处于一周内确认窗，守位/缩量/横住或小平台再突破条件尚未全部成立,0,0,1,1,1,1,4,False,False,False,收盘价未站上MA25,硬资格：最近25个交易日（含当日）至少一次按板块涨停价核验的实际涨停，且最新收盘价严格高于MA25、当日MA25严格高于前一交易日MA25；通过后再按方向/非极端波动/不过热排序,618,False,,,257,4,未入选：未满足一级粗筛最低资格条件
603366,日出东方,7.4,-0.012016021361815787,0.08345534407027833,-0.043927648578811374,-0.005376344086021501,,,,0.14864864864864868,-0.14153132250580036,0.26392961876832827,0.5632132132132137,25207122.6,46770642.7,0.538951811325013,0.028358010190264637,0.0614410072716156,0.4615485886307306,True,0.01505681818181781,-0.015832550650744848,False,3,2,部分收敛/待确认,-0.14153132250580036,0.3775510204081636,-0.00890644880466085,7.4524,-0.0070312919328001655,0.0024751143395211894,,,,0.016483516483516425,6.66,6.66,0.11111111111111116,0.11111111111111116,True,1,2026-08-19,沪深主板10%,17,9.942363112391917,RETEST_STABILIZING,False,False,4,False,7.19,2026-09-21,1.3580806067632556,0.5900519689996212,True,False,True,,0.040816326530612346,,,突破后处于一周内确认窗，守位/缩量/横住或小平台再突破条件尚未全部成立,0,0,1,1,1,1,4,False,False,True,收盘价未站上MA25,硬资格：最近25个交易日（含当日）至少一次按板块涨停价核验的实际涨停，且最新收盘价严格高于MA25、当日MA25严格高于前一交易日MA25；通过后再按方向/非极端波动/不过热排序,618,False,,,257,4,未入选：未满足一级粗筛最低资格条件
603395,中盐红四方,27.58,-0.019900497512437942,0.12296416938110744,-0.10946076848563124,-0.03397548161120845,,,,0.171900826446281,-0.16877637130801693,0.2927725602286648,0.5871480111114952,11890990.6,16028356.2,0.7418721203612882,0.14095663076923073,0.23304132527472524,0.6048568021275252,True,0.044348727765813,-0.023887398478556254,False,3,2,部分收敛/待确认,-0.16877637130801693,0.3763919821826279,-0.012708072310721241,28.0168,-0.015590645612632459,0.0017448512585813702,,,,0.042722117202268484,24.2,24.2,0.1396694214876033,0.1396694214876033,True,3,2026-09-07,沪深主板10%,17,10.019267822736033,RETEST_STABILIZING,False,False,5,False,26.0,2026-09-21,1.951781094192875,0.938734048616432,True,False,True,,0.032774945375090986,,,突破后处于一周内确认窗，守位/缩量/横住或小平台再突破条件尚未全部成立,0,0,1,1,1,1,4,False,False,True,收盘价未站上MA25,硬资格：最近25个交易日（含当日）至少一次按板块涨停价核验的实际涨停，且最新收盘价严格高于MA25、当日MA25严格高于前一交易日MA25；通过后再按方向/非极端波动/不过热排序,618,False,,,257,4,未入选：未满足一级粗筛最低资格条件
603556,海兴电力,23.37,-0.0063775510204081565,0.016971279373368064,-0.04260548955346166,-0.07664954563413662,,,,0.05002213368747229,-0.09277950310559013,0.1438721136767319,0.3476847069882331,3120909.4,4708913.6,0.6627663331941364,0.0101459603737614,0.00968385887860085,1.0477187349540678,True,0.013440390993192608,-0.01694987075723542,False,3,2,部分收敛/待确认,-0.1944157187176836,0.13097072419106334,-0.025986204597078344,24.4072,-0.042495657019240185,-0.005265646142058378,,,,-0.013091216216216117,22.59,22.52,0.03452855245683928,0.03774422735346361,False,0,,沪深主板10%,4,4.887218045112762,RETEST_STABILIZING,True,False,5,False,23.17,2026-09-18,1.4465242051254326,0.5306792156748285,True,False,False,,0.019776440240756546,,0.9808824575287618,突破后处于一周内确认窗，守位/缩量/横住或小平台再突破条件尚未全部成立,0,0,1,1,1,1,4,False,False,False,收盘价未站上MA25,硬资格：最近25个交易日（含当日）至少一次按板块涨停价核验的实际涨停，且最新收盘价严格高于MA25、当日MA25严格高于前一交易日MA25；通过后再按方向/非极端波动/不过热排序,618,False,,,257,4,未入选：未满足一级粗筛最低资格条件
603682,锦和商管,10.0,0.00908173562058523,0.03842159916926269,-0.05033238366571691,-0.14456800684345594,,,,0.06729758149316516,-0.17695473251028804,0.1800208116545266,0.3738322301441138,9674340.0,9243320.0,1.0466304314899841,0.0186321693121693,0.019562582010581968,0.9524391668794344,True,0.0026514378951660866,-0.02324665090622524,False,3,2,部分收敛/待确认,-0.19028340080971662,0.1725352112676057,-0.04666571333238001,10.693600000000002,-0.06486122540585038,-0.007462409504362277,,,,0.00908173562058523,9.51,9.51,0.051524710830704645,0.051524710830704645,False,0,,沪深主板10%,4,0.908173562058523,INELIGIBLE,False,False,0,False,,,,,False,False,False,,,,,未形成合格的短周期缩量平台或呈N型走势,0,0,1,1,1,1,4,False,False,False,收盘价未站上MA25,硬资格：最近25个交易日（含当日）至少一次按板块涨停价核验的实际涨停，且最新收盘价严格高于MA25、当日MA25严格高于前一交易日MA25；通过后再按方向/非极端波动/不过热排序,618,False,,,257,4,未入选：未满足一级粗筛最低资格条件
603690,至纯科技,24.03,-0.007024793388429651,0.017789072426937835,0.009663865546218453,-0.06461658232775402,,,,0.06856403622250969,-0.08352402745995413,0.12226684515841135,0.5607737415133004,18196362.6,16312474.0,1.115487607826992,0.04741990320680493,0.04377938294646441,1.0831560432177019,False,0.02225418852597727,0.005707279952650524,True,3,2,部分收敛/待确认,-0.14998231340643786,0.27645051194539266,-0.003979109674210224,24.418400000000002,-0.015906038069652406,-0.005911185656825468,,,,-0.02475649350649345,23.19,22.41,0.036222509702457995,0.07228915662650603,False,0,,沪深主板10%,17,3.77844568484329,RETEST_STABILIZING,True,False,5,False,24.35,2026-09-18,1.3808097871576044,0.895669619316064,True,False,False,,0.0363864491844417,,0.9589351366708917,突破后处于一周内确认窗，守位/缩量/横住或小平台再突破条件尚未全部成立,0,0,1,1,1,1,4,False,False,False,收盘价未站上MA25,硬资格：最近25个交易日（含当日）至少一次按板块涨停价核验的实际涨停，且最新收盘价严格高于MA25、当日MA25严格高于前一交易日MA25；通过后再按方向/非极端波动/不过热排序,618,False,,,257,4,未入选：未满足一级粗筛最低资格条件
603800,洪田股份,58.57,0.000683410216982816,0.005838914648806481,0.020383275261323996,-0.11472188633615477,,,,0.06704304869442479,-0.14992743105950657,0.14111787493082453,0.4750854470228456,4626970.2,4881433.1,0.9478712716558587,0.021870625,0.02346842836538457,0.9319168995678767,True,0.011957682897411948,0.008824090286566388,True,3,3,收敛较充分,-0.2142473839549236,0.21446138711264134,-0.00880852252054054,60.6124,-0.03369607539051411,-0.009465351453467497,,,,-0.02626766417290105,56.68,54.21,0.03334509527170071,0.0804279653200517,False,0,,沪深主板10%,4,1.4343343792021512,READY_FOR_BREAKOUT,False,False,5,False,60.15,,,,False,False,False,,,,,紧凑缩量平台形成，尚未出现放量突破,0,0,1,1,1,1,4,False,False,False,收盘价未站上MA25,硬资格：最近25个交易日（含当日）至少一次按板块涨停价核验的实际涨停，且最新收盘价严格高于MA25、当日MA25严格高于前一交易日MA25；通过后再按方向/非极端波动/不过热排序,618,False,,,257,4,未入选：未满足一级粗筛最低资格条件
603801,志邦家居,6.21,0.014705882352941124,0.07253886010362698,-0.03571428571428581,-0.07313432835820899,,,,0.09824561403508765,-0.13389121338912136,0.14853195164076,0.6614443084455317,6829744.8,14984722.7,0.4557805263890536,0.012797159790826166,0.03663730938997772,0.3492931114184624,True,0.010851135978297677,-0.014231964665466945,False,3,2,部分收敛/待确认,-0.21886792452830195,0.22666666666666657,-0.0014471780028942893,6.3512,-0.02223201914598827,0.0015138135486314486,,,,0.0180327868852459,5.7,5.7,0.08947368421052637,0.08947368421052637,True,2,2026-08-20,沪深主板10%,6,10.050251256281406,RETEST_STABILIZING,False,False,5,False,6.08,2026-09-21,1.319288374189774,1.0409666756216929,True,True,True,,0.038142620232172395,,,突破后处于一周内确认窗，守位/缩量/横住或小平台再突破条件尚未全部成立,0,0,1,1,1,1,4,False,False,True,收盘价未站上MA25,硬资格：最近25个交易日（含当日）至少一次按板块涨停价核验的实际涨停，且最新收盘价严格高于MA25、当日MA25严格高于前一交易日MA25；通过后再按方向/非极端波动/不过热排序,618,False,,,257,4,未入选：未满足一级粗筛最低资格条件
603890,春秋电子,17.39,0.004041570438799047,0.04007177033492826,-0.047645125958379,-0.05334784975503537,,,,0.0846625766871165,-0.17151024297284412,0.2553827751196172,0.33151247826899016,25883155.8,41602575.1,0.6221527330407968,0.057772351506717605,0.08812584472967842,0.6555664990665494,True,0.012767951270938216,-0.025944853147638502,False,3,2,部分收敛/待确认,-0.17151024297284412,0.2324093816631131,-0.036004323844895936,18.0732,-0.037801828121196035,-0.006333707197994198,,,,-0.009116809116809121,16.3,16.3,0.06687116564417184,0.06687116564417184,False,0,,沪深主板10%,4,1.8602029312288826,READY_FOR_BREAKOUT,False,False,5,False,17.64,,,,False,False,False,,,,,紧凑缩量平台形成，尚未出现放量突破,0,0,1,1,1,1,4,False,False,False,收盘价未站上MA25,硬资格：最近25个交易日（含当日）至少一次按板块涨停价核验的实际涨停，且最新收盘价严格高于MA25、当日MA25严格高于前一交易日MA25；通过后再按方向/非极端波动/不过热排序,618,False,,,257,4,未入选：未满足一级粗筛最低资格条件
603990,麦迪科技,19.91,-0.008959681433548972,0.04295442640125713,-0.024497795198432093,-0.15095948827292105,,,,0.0934036939313984,-0.18234086242299796,0.2103049421661409,0.4441345646437994,17025763.0,12423236.0,1.3704773055909105,0.0492924396958459,0.04069917102215359,1.2111411229731135,False,0.020406081012141808,-0.00599670181400247,True,3,2,部分收敛/待确认,-0.18234086242299796,0.17777777777777787,-0.04480905776242572,21.224800000000002,-0.061946402321812255,-0.007017609521492552,,,,-0.020177165354330673,18.95,18.95,0.050659630606860295,0.050659630606860295,False,0,,沪深主板10%,4,-0.5361930294906059,RETEST_STABILIZING,True,False,5,False,20.17,2026-09-18,1.2632020989266348,1.3542999165508685,False,False,False,,0.0934036939313984,,2.5437186539630554,突破后处于一周内确认窗，守位/缩量/横住或小平台再突破条件尚未全部成立,0,0,1,1,1,1,4,False,False,False,收盘价未站上MA25,硬资格：最近25个交易日（含当日）至少一次按板块涨停价核验的实际涨停，且最新收盘价严格高于MA25、当日MA25严格高于前一交易日MA25；通过后再按方向/非极端波动/不过热排序,618,False,,,257,4,未入选：未满足一级粗筛最低资格条件
605060,联德股份,39.87,-0.029927007299270114,0.04453759496987142,-0.0034991252186953314,-0.059226050023596155,,,,0.11925133689839575,-0.09837177747625514,0.1773931855056788,0.6722430546497977,3417362.6,3048324.6,1.1210625666308633,0.012503556816976668,0.012872796466532289,0.971316283100133,True,0.03220762976860558,-0.0017564402810307245,True,3,3,收敛较充分,-0.17041198501872667,0.2608303249097472,-0.014886651429983466,40.8644,-0.024334139250790532,-0.00633194568727391,,,,-0.0087021382396818,37.4,36.98,0.06604278074866299,0.07815035154137373,False,0,,沪深主板10%,17,3.180212014134254,RETEST_STABILIZING,True,False,5,False,39.98,2026-09-21,1.8773499704011054,0.5523917214323144,True,False,False,,0.054142533366910064,,,突破后处于一周内确认窗，守位/缩量/横住或小平台再突破条件尚未全部成立,0,0,1,1,1,1,4,False,False,False,收盘价未站上MA25,硬资格：最近25个交易日（含当日）至少一次按板块涨停价核验的实际涨停，且最新收盘价严格高于MA25、当日MA25严格高于前一交易日MA25；通过后再按方向/非极端波动/不过热排序,618,False,,,257,4,未入选：未满足一级粗筛最低资格条件
605198,安德利,70.69,-0.08539267693103902,-0.12728395061728393,0.009857142857142787,0.10332448884033107,,,,0.2268188302425108,-0.187097516099356,0.3337423312883434,0.6796225979692881,6084686.6,4232558.4,1.4375907016427698,0.020218367734177036,0.0150861943204108,1.3401900641583733,False,-0.02188660559544442,0.04171114537619114,False,3,1,结构未成熟,-0.187097516099356,0.46197089947089953,-0.032101267209332485,70.82799999999999,-0.0019483819958207027,0.0013006107215560725,,,,-0.1780232558139535,70.1,70.1,0.00841654778887313,0.00841654778887313,True,1,2026-08-24,沪深主板10%,6,10.000000000000009,INELIGIBLE,False,False,0,False,,,,,False,False,False,,,,,未形成合格的短周期缩量平台或呈N型走势,2,0,0,1,1,0,4,False,False,True,收盘价未站上MA25,硬资格：最近25个交易日（含当日）至少一次按板块涨停价核验的实际涨停，且最新收盘价严格高于MA25、当日MA25严格高于前一交易日MA25；通过后再按方向/非极端波动/不过热排序,618,False,,,257,4,未入选：未满足一级粗筛最低资格条件
605289,罗曼股份,102.58,-0.0012656995424008555,0.06643102193575223,0.039943227899432276,-0.04086021505376347,,,,0.11506363446693095,-0.08312477654629957,0.20171858216971,0.570416633060238,2958492.0,2682430.5,1.1029146887496246,0.019498191690867434,0.0184015839995261,1.0595931139063668,False,0.039287692591756684,0.005560152576237654,True,3,2,部分收敛/待确认,-0.12690441739722524,0.38868388683886856,0.004750477496449301,103.03480000000002,-0.004414042634139359,-0.005467118141488592,,,,-0.030251465305350722,95.86,93.1,0.07010223242228242,0.10182599355531696,False,0,,沪深主板10%,17,2.969348659003823,RETEST_STABILIZING,True,False,5,False,98.9,2026-09-18,2.420742992503074,0.5886117814962998,True,False,False,,0.04783844721105769,,0.7237120542855214,突破后处于一周内确认窗，守位/缩量/横住或小平台再突破条件尚未全部成立,0,0,1,1,1,1,4,False,False,False,收盘价未站上MA25,硬资格：最近25个交易日（含当日）至少一次按板块涨停价核验的实际涨停，且最新收盘价严格高于MA25、当日MA25严格高于前一交易日MA25；通过后再按方向/非极端波动/不过热排序,618,False,,,257,4,未入选：未满足一级粗筛最低资格条件
688111,金山办公,231.32,0.03457220805939443,0.02571833983682148,-0.016789220895141788,-0.014611288604898909,,,,0.056772727272727315,-0.0797262889879059,0.10947274352100089,0.518601484230056,5184535.0,4673389.6,1.1093735904235333,0.0109921623282308,0.01007166872226442,1.091394348975313,False,-0.0039068382958741266,-0.017029562140338683,False,3,1,结构未成熟,-0.10862779854340876,0.2865097443685142,-0.009658526560948122,234.7536,-0.014626399765541476,-0.00462677150397206,,,,0.02204745283435683,220.0,220.0,0.05145454545454542,0.05145454545454542,False,0,,科创板20%,4,3.4572208059394427,BREAKOUT_AWAIT_RETEST,True,False,5,False,226.33,2026-09-22,1.6932335999595272,,False,False,False,,,,,首次放量突破，仅观察，等待缩量回踩确认,0,0,1,1,1,1,4,False,False,False,收盘价未站上MA25,硬资格：最近25个交易日（含当日）至少一次按板块涨停价核验的实际涨停，且最新收盘价严格高于MA25、当日MA25严格高于前一交易日MA25；通过后再按方向/非极端波动/不过热排序,618,False,,,257,4,未入选：未满足一级粗筛最低资格条件
688280,精进电动,5.0,0.002004008016031955,0.014198782961460488,-0.05482041587901698,-0.08088235294117652,,,,0.04517453798767962,-0.11032028469750887,0.14227642276422767,0.31751246699911956,7515172.6,7760535.1,0.9683833013009632,0.0125152862875827,0.014908505214288747,0.8394729121191629,True,0.002406738868832914,-0.020499804763764118,False,3,2,部分收敛/待确认,-0.13793103448275856,0.13978494623655907,-0.0397541770693296,5.2504,-0.047691604449184855,-0.00507845069354973,,,,-0.013806706114398493,4.87,4.87,0.026694045174537884,0.026694045174537884,False,0,,科创板20%,4,2.6168224299065512,READY_FOR_BREAKOUT,False,False,5,False,5.07,,,,False,False,False,,,,,紧凑缩量平台形成，尚未出现放量突破,0,0,1,1,1,1,4,False,False,False,收盘价未站上MA25,硬资格：最近25个交易日（含当日）至少一次按板块涨停价核验的实际涨停，且最新收盘价严格高于MA25、当日MA25严格高于前一交易日MA25；通过后再按方向/非极端波动/不过热排序,618,False,,,257,4,未入选：未满足一级粗筛最低资格条件
688596,正帆科技,65.18,-0.011525629360024103,0.049259497746297676,0.026456692913386037,-0.0767705382436259,,,,0.14953423762052634,-0.1272094268880557,0.2655797101449275,0.5630484254197173,18197077.4,17715835.7,1.0271644932900343,0.0835375861363908,0.0557679656762049,1.4979493177394967,False,0.0628368565434887,0.015252468491611104,True,3,2,部分收敛/待确认,-0.1272094268880557,0.5123203285420945,0.0032940307237634414,65.55,-0.005644546147978491,-0.003508622576800513,,,,-0.04763296317942711,61.19,55.2,0.06520673312632796,0.18079710144927552,False,0,,科创板20%,4,1.5648972077324297,READY_FOR_BREAKOUT,False,False,3,False,68.44,,,,False,False,False,,,,,紧凑缩量平台形成，尚未出现放量突破,0,0,1,1,1,1,4,False,False,False,收盘价未站上MA25,硬资格：最近25个交易日（含当日）至少一次按板块涨停价核验的实际涨停，且最新收盘价严格高于MA25、当日MA25严格高于前一交易日MA25；通过后再按方向/非极端波动/不过热排序,618,False,,,257,4,未入选：未满足一级粗筛最低资格条件
688669,聚石化学股份,70.0,0.027900146842878115,0.034431801389094074,-0.0284524635669674,-0.08496732026143794,,,,0.07935551874717679,-0.1078256436400713,0.2137500000000001,0.3712538888756807,2366895.6,2443350.8,0.9687088730770875,0.0169599147419784,0.0201375064827609,0.8422053026524043,True,0.013116783587808767,-0.010945030984622517,False,3,2,部分收敛/待确认,-0.14509037616023446,0.3355704697986578,-0.018776414188493296,72.328,-0.03218670501050769,-0.006155875563372604,,,,-0.017957351290684653,66.41,64.0,0.054058123776539624,0.09375,False,0,,科创板20%,4,5.067798931653189,INELIGIBLE,False,False,0,False,,,,,False,False,False,,,,,未形成合格的短周期缩量平台或呈N型走势,0,0,1,1,1,1,4,False,False,False,收盘价未站上MA25,硬资格：最近25个交易日（含当日）至少一次按板块涨停价核验的实际涨停，且最新收盘价严格高于MA25、当日MA25严格高于前一交易日MA25；通过后再按方向/非极端波动/不过热排序,618,False,,,257,4,未入选：未满足一级粗筛最低资格条件
000428,华天酒店,4.3,-0.009216589861751112,0.043689320388349495,-0.18867924528301883,-0.004629629629629761,,,,0.14467005076142128,-0.21389396709323583,0.32766990291262127,0.44151156232374505,67164966.8,96921755.0,0.6929813311779177,0.06510508679400333,0.0963534968301045,0.6756899223782196,True,-0.025664955669621903,-0.05034129692832756,False,3,2,部分收敛/待确认,-0.21389396709323583,0.2641509433962264,-0.0586690017513134,4.4624,-0.03639297239153816,0.00017930787161524187,,,,-0.04656319290465627,3.94,3.94,0.09137055837563457,0.09137055837563457,True,4,2026-09-07,沪深主板10%,17,10.093896713615047,INELIGIBLE,False,False,0,False,,,,,False,False,True,,,,,未形成合格的短周期缩量平台或呈N型走势,0,0,1,1,0,1,3,False,False,True,收盘价未站上MA25,硬资格：最近25个交易日（含当日）至少一次按板块涨停价核验的实际涨停，且最新收盘价严格高于MA25、当日MA25严格高于前一交易日MA25；通过后再按方向/非极端波动/不过热排序,757,False,,,257,4,未入选：未满足一级粗筛最低资格条件
000505,京粮控股,6.78,-0.014534883720930147,0.0660377358490567,-0.12176165803108807,-0.028653295128939882,,,,0.11993517017828205,-0.2032902467685076,0.34439178515007896,0.3482521225818924,41197995.0,78570033.7,0.5243474268740195,0.06769987790172936,0.1231325887337944,0.5498128366982734,True,0.010000000000000009,-0.024964539007092168,False,3,2,部分收敛/待确认,-0.2032902467685076,0.2791666666666667,-0.038570618264322065,7.0552,-0.039006690100918506,-5.6692556267279315e-05,,,,-0.011661807580174988,6.17,6.17,0.09886547811993518,0.09886547811993518,True,2,2026-09-01,沪深主板10%,17,10.014727540500722,INELIGIBLE,False,False,3,False,6.9,,,,False,False,True,,,,,未形成合格的短周期缩量平台或呈N型走势,0,0,1,1,0,1,3,False,False,False,收盘价未站上MA25,硬资格：最近25个交易日（含当日）至少一次按板块涨停价核验的实际涨停，且最新收盘价严格高于MA25、当日MA25严格高于前一交易日MA25；通过后再按方向/非极端波动/不过热排序,757,False,,,257,4,未入选：未满足一级粗筛最低资格条件
000721,西安饮食,6.31,-0.026234567901234684,0.04470198675496673,-0.17945383615084531,-0.05680119581464882,,,,0.12286689419795217,-0.18369987063389404,0.2861896838602331,0.42931978728470477,22243987.8,43000172.8,0.5172999630364277,0.04086024295751387,0.0876689049164206,0.4660745220493869,True,-0.021766561514195537,-0.051148677936714515,False,3,2,部分收敛/待确认,-0.18369987063389404,0.24064171122994613,-0.08451215088864716,6.8168,-0.07434573406877132,-0.001991098617943332,,,,-0.04103343465045595,5.86,5.86,0.07679180887372006,0.07679180887372006,False,0,,沪深主板10%,3,1.2326656394453073,INELIGIBLE,False,False,3,False,6.47,,,,False,False,True,,,,,未形成合格的短周期缩量平台或呈N型走势,0,0,1,1,0,1,3,False,False,False,收盘价未站上MA25,硬资格：最近25个交易日（含当日）至少一次按板块涨停价核验的实际涨停，且最新收盘价严格高于MA25、当日MA25严格高于前一交易日MA25；通过后再按方向/非极端波动/不过热排序,757,False,,,257,4,未入选：未满足一级粗筛最低资格条件
000833,粤桂股份,19.81,-0.011477045908183658,-0.003019627579265327,-0.13228208497590888,-0.05124521072796939,,,,0.0433673469387754,-0.19307535641547868,0.24366767983789273,0.17797742797742744,21712920.4,39575445.2,0.5486462701877577,0.05099454805142827,0.08922283163311918,0.5715414666631056,True,-0.009926543577526425,-0.016603845603320733,False,3,2,部分收敛/待确认,-0.19307535641547868,0.042424242424241886,-0.04624347030644438,20.8596,-0.05031735987267261,-0.0036111429554051,,,,-0.01736111111111116,19.6,19.6,0.010714285714285676,0.010714285714285676,True,1,2026-09-08,沪深主板10%,17,10.024096385542158,READY_FOR_BREAKOUT,False,False,5,False,20.16,,,,False,False,False,,,,,紧凑缩量平台形成，尚未出现放量突破,0,0,1,1,0,1,3,False,False,False,收盘价未站上MA25,硬资格：最近25个交易日（含当日）至少一次按板块涨停价核验的实际涨停，且最新收盘价严格高于MA25、当日MA25严格高于前一交易日MA25；通过后再按方向/非极端波动/不过热排序,757,False,,,257,4,未入选：未满足一级粗筛最低资格条件
002017,东信和平,14.94,-0.004663557628247883,0.04184100418410042,-0.12733644859813087,-0.11858407079646016,,,,0.09317211948790886,-0.16953863257365198,0.2580419580419579,0.3610735253867473,21791769.4,47265376.3,0.4610514314259252,0.02720717261388547,0.08308417251677043,0.3274651692341732,True,0.005395683453237599,-0.04109854604200325,False,3,2,部分收敛/待确认,-0.16953863257365198,0.4179389312977099,-0.04871060171919761,15.5024,-0.03627825368975124,0.003677422696431343,,,,0.0,14.06,14.06,0.06258890469416767,0.06258890469416767,True,2,2026-08-24,沪深主板10%,17,9.99242997728993,RETEST_STABILIZING,False,False,5,False,14.94,2026-09-21,1.9790681457765726,0.7665830867315175,True,False,True,,0.03223640026863658,,,突破后处于一周内确认窗，守位/缩量/横住或小平台再突破条件尚未全部成立,0,0,1,1,0,1,3,False,False,True,收盘价未站上MA25,硬资格：最近25个交易日（含当日）至少一次按板块涨停价核验的实际涨停，且最新收盘价严格高于MA25、当日MA25严格高于前一交易日MA25；通过后再按方向/非极端波动/不过热排序,757,False,,,257,4,未入选：未满足一级粗筛最低资格条件
002041,登海种业,10.47,-0.009460737937559083,0.0738461538461539,-0.12895174708818624,-0.06601248884924171,,,,0.1043388429752066,-0.16306954436450838,0.28307692307692306,0.36858830398850156,46908358.4,68927946.2,0.6805419425074933,0.06012102196969693,0.07958479999999997,0.7554334743531045,True,0.013364779874214028,-0.03002032144836486,False,3,2,部分收敛/待确认,-0.16306954436450838,0.43646408839779016,-0.034043730971491826,10.7008,-0.021568480861243855,0.0025107738429828164,,,,-0.018744142455482615,9.68,9.68,0.08161157024793408,0.08161157024793408,True,3,2026-09-01,沪深主板10%,14,10.043196544276455,INELIGIBLE,False,False,3,False,10.67,,,,False,False,True,,,,,未形成合格的短周期缩量平台或呈N型走势,0,0,1,1,0,1,3,False,False,True,收盘价未站上MA25,硬资格：最近25个交易日（含当日）至少一次按板块涨停价核验的实际涨停，且最新收盘价严格高于MA25、当日MA25严格高于前一交易日MA25；通过后再按方向/非极端波动/不过热排序,757,False,,,257,4,未入选：未满足一级粗筛最低资格条件
002072,凯瑞德,7.31,0.00966850828729271,0.03687943262411353,-0.14,-0.0054421768707483276,,,,0.08613138686131398,-0.2533197139938713,0.3623395149786021,0.2377090637392956,11767218.4,19178188.9,0.6135729740361459,0.03593339134191923,0.05435638066847935,0.6610703453763359,True,-0.0014009526478004908,-0.055441214304090325,False,3,2,部分收敛/待确认,-0.2533197139938713,0.1564625850340136,-0.09769795716842566,7.9364,-0.07892747341363848,-0.0007554391619661871,,,,-0.0027285129604366354,6.85,6.85,0.06715328467153281,0.06715328467153281,True,2,2026-08-27,沪深主板10%,17,10.068027210884356,INELIGIBLE,False,False,5,False,7.33,,,,False,False,True,,,,,未形成合格的短周期缩量平台或呈N型走势,0,0,1,1,0,1,3,False,False,False,收盘价未站上MA25,硬资格：最近25个交易日（含当日）至少一次按板块涨停价核验的实际涨停，且最新收盘价严格高于MA25、当日MA25严格高于前一交易日MA25；通过后再按方向/非极端波动/不过热排序,757,False,,,257,4,未入选：未满足一级粗筛最低资格条件
002124,天邦食品,2.17,-0.05652173913043479,-0.03125000000000011,-0.13888888888888895,-0.04824561403508765,,,,0.0900473933649289,-0.1842105263157895,0.2201834862385321,0.4089652448657188,115002531.8,177512305.4,0.6478566741660942,0.0417994185929704,0.09568840852864641,0.4368284438596012,True,-0.014964788732394485,-0.03197307530500615,False,3,2,部分收敛/待确认,-0.1842105263157895,0.10909090909090914,-0.06766917293233077,2.3204,-0.06481641096362689,-0.005656496400411548,,,,-0.05652173913043479,2.11,2.11,0.028436018957346043,0.028436018957346043,True,1,2026-09-04,沪深主板10%,17,9.999999999999986,READY_FOR_BREAKOUT,False,False,5,False,2.26,,,,False,False,False,,,,,紧凑缩量平台形成，尚未出现放量突破,0,0,1,1,0,1,3,False,False,False,收盘价未站上MA25,硬资格：最近25个交易日（含当日）至少一次按板块涨停价核验的实际涨停，且最新收盘价严格高于MA25、当日MA25严格高于前一交易日MA25；通过后再按方向/非极端波动/不过热排序,757,False,,,257,4,未入选：未满足一级粗筛最低资格条件
002165,红 宝 丽,7.38,0.005449591280654031,0.05882352941176472,-0.12559241706161128,-0.05384615384615388,,,,0.09537572254335262,-0.21489361702127663,0.26398852223816366,0.36128738376476494,52848476.8,106498516.3,0.49623674240802546,0.04904157190787894,0.15624490829123663,0.3138762884769766,True,0.006458859870823064,-0.03371232152300374,False,3,2,部分收敛/待确认,-0.21489361702127663,0.23484848484848483,-0.04786479163978852,7.7524,-0.04803673701047417,0.0019645349738923734,,,,0.01933701657458564,6.92,6.92,0.06647398843930641,0.06647398843930641,False,0,,沪深主板10%,6,5.85714285714285,RETEST_STABILIZING,False,False,5,False,7.24,2026-09-21,1.677705915248648,1.3964713055195863,True,True,True,,0.054242002781641124,,,突破后处于一周内确认窗，守位/缩量/横住或小平台再突破条件尚未全部成立,0,0,1,1,0,1,3,False,False,True,收盘价未站上MA25,硬资格：最近25个交易日（含当日）至少一次按板块涨停价核验的实际涨停，且最新收盘价严格高于MA25、当日MA25严格高于前一交易日MA25；通过后再按方向/非极端波动/不过热排序,757,False,,,257,4,未入选：未满足一级粗筛最低资格条件
002545,东方铁塔,15.78,-0.01251564455569465,-0.029520295202952185,-0.12040133779264228,-0.07339988256018803,,,,0.042566709021601014,-0.16242038216560517,0.14294516327788048,0.29778348595714843,14381388.0,18306160.2,0.7856037444706728,0.0114364537708195,0.016197795125093457,0.7060500322727421,True,-0.02485308521057772,-0.032590759075907694,False,3,2,部分收敛/待确认,-0.16242038216560517,0.012903225806451339,-0.07875532722283862,17.1868,-0.08185351548863096,-0.005853771402128616,,,,-0.038391224862888484,15.74,15.74,0.0025412960609909607,0.0025412960609909607,False,0,,沪深主板10%,4,-1.251564455569465,READY_FOR_BREAKOUT,False,False,5,False,16.28,,,,False,False,False,,,,,紧凑缩量平台形成，尚未出现放量突破,0,0,1,1,0,1,3,False,False,False,收盘价未站上MA25,硬资格：最近25个交易日（含当日）至少一次按板块涨停价核验的实际涨停，且最新收盘价严格高于MA25、当日MA25严格高于前一交易日MA25；通过后再按方向/非极端波动/不过热排序,757,False,,,257,4,未入选：未满足一级粗筛最低资格条件
002548,金新农,4.03,-0.02657004830917864,0.020253164556962133,-0.1333333333333333,-0.021844660194174748,,,,0.08333333333333341,-0.16041666666666654,0.21518987341772142,0.3872549019607849,27390182.4,48463432.9,0.5651721465236937,0.033554575811701536,0.05509831629221447,0.6089945767806135,True,-0.013248282630029307,-0.03731859018659289,False,3,2,部分收敛/待确认,-0.16041666666666654,0.19791666666666707,-0.058631160943704574,4.2488,-0.051496893240444375,-0.0022543678376855114,,,,-0.03125,3.84,3.84,0.04947916666666674,0.04947916666666674,False,0,,沪深主板10%,17,8.78859857482186,READY_FOR_BREAKOUT,False,False,5,False,4.15,,,,False,False,False,,,,,紧凑缩量平台形成，尚未出现放量突破,0,0,1,1,0,1,3,False,False,False,收盘价未站上MA25,硬资格：最近25个交易日（含当日）至少一次按板块涨停价核验的实际涨停，且最新收盘价严格高于MA25、当日MA25严格高于前一交易日MA25；通过后再按方向/非极端波动/不过热排序,757,False,,,257,4,未入选：未满足一级粗筛最低资格条件
300345,华民股份,7.81,0.005148005148005064,0.10623229461756378,0.022251308900523625,-0.19067357512953376,,,,0.18287373004354146,-0.2095141700404859,0.16691068814055632,1.0956382247345513,58796723.8,29136882.1,2.0179483720394362,0.1401362226758189,0.059090696460547244,2.37154460972351,False,0.057048820625343,0.008939455505891925,True,3,1,结构未成熟,-0.2251984126984128,0.3015384615384614,0.01646385110952031,7.953199999999999,-0.018005331187446516,-0.007784819601776571,,,,-0.04171779141104304,6.89,6.83,0.13352685050798252,0.1434846266471448,False,0,,创业板20%,9,10.625737898465148,READY_FOR_BREAKOUT,False,False,3,False,8.11,,,,False,False,False,,,,,紧凑缩量平台形成，尚未出现放量突破,0,0,0,1,1,1,3,False,False,False,收盘价未站上MA25,硬资格：最近25个交易日（含当日）至少一次按板块涨停价核验的实际涨停，且最新收盘价严格高于MA25、当日MA25严格高于前一交易日MA25；通过后再按方向/非极端波动/不过热排序,757,False,,,257,4,未入选：未满足一级粗筛最低资格条件
600547,山东黄金,31.45,-0.024201054917778353,-0.07879320445225546,-0.1266314912524299,-0.10065770660566198,,,,0.1247600767754317,-0.18838709677419352,0.16017964071856292,0.778875993326994,81411370.2,75556578.8,1.0774888367497126,0.0236354993374677,0.021955837837620937,1.0765018175242984,False,-0.04032681645754299,-0.039343798614057124,False,3,1,结构未成熟,-0.18838709677419352,0.20043811610076653,-0.10780141843971636,35.2532,-0.10788240500153179,0.0010563380281689572,,,,-0.09574468085106391,31.26,31.26,0.00607805502239267,0.00607805502239267,False,0,,沪深主板10%,3,8.588957055214719,INELIGIBLE,False,False,0,False,,,,,False,False,False,,,,,未形成合格的短周期缩量平台或呈N型走势,0,0,1,1,0,1,3,False,False,True,收盘价未站上MA25,硬资格：最近25个交易日（含当日）至少一次按板块涨停价核验的实际涨停，且最新收盘价严格高于MA25、当日MA25严格高于前一交易日MA25；通过后再按方向/非极端波动/不过热排序,757,False,,,257,4,未入选：未满足一级粗筛最低资格条件
600613,神奇制药,9.43,0.019459459459459483,0.14580801944106914,-0.04843592330978819,-0.08179162609542356,,,,0.19402985074626874,-0.2615505090054816,0.35101010101010094,0.5527756898958449,102358940.8,107193985.3,0.9548944421977751,0.1813095523981407,0.2303106888929494,0.7872389825659161,True,0.05360576923076921,-0.014290613924774154,False,3,2,部分收敛/待确认,-0.2615505090054816,0.38033395176252316,-0.010337408826153083,9.443200000000001,-0.0013978312436463414,0.0071242694424300534,,,,0.045454545454545414,8.04,7.92,0.17288557213930367,0.19065656565656552,True,3,2026-08-27,沪深主板10%,17,10.047393364928903,INELIGIBLE,False,False,0,False,,,,,False,False,True,,,,,未形成合格的短周期缩量平台或呈N型走势,0,0,0,1,1,1,3,False,False,True,收盘价未站上MA25,硬资格：最近25个交易日（含当日）至少一次按板块涨停价核验的实际涨停，且最新收盘价严格高于MA25、当日MA25严格高于前一交易日MA25；通过后再按方向/非极端波动/不过热排序,757,False,,,257,4,未入选：未满足一级粗筛最低资格条件
601212,白银有色,6.09,-0.012965964343598091,-0.014563106796116498,-0.14345991561181437,-0.07446808510638303,,,,0.07154742096505834,-0.20703125,0.23770491803278693,0.30099259854265914,218902202.6,357986403.0,0.6114818908359488,0.0323186413006673,0.050923692018778666,0.6346484321825968,True,-0.009894669645707066,-0.042917166866746626,False,3,2,部分收敛/待确认,-0.20703125,0.30869565217391304,-0.09684116861930903,6.606800000000001,-0.07822243748864821,0.0029754675734758873,,,,-0.0499219968798752,6.01,6.01,0.01331114808652245,0.01331114808652245,True,4,2026-09-03,沪深主板10%,17,10.06006006006006,READY_FOR_BREAKOUT,False,False,5,False,6.41,,,,False,False,False,,,,,紧凑缩量平台形成，尚未出现放量突破,0,0,1,1,0,1,3,False,False,True,收盘价未站上MA25,硬资格：最近25个交易日（含当日）至少一次按板块涨停价核验的实际涨停，且最新收盘价严格高于MA25、当日MA25严格高于前一交易日MA25；通过后再按方向/非极端波动/不过热排序,757,False,,,257,4,未入选：未满足一级粗筛最低资格条件
603191,望变电气,13.6,-0.007299270072992692,0.029523088569265665,-0.1537025513378968,-0.07545887151597563,,,,0.06558641975308639,-0.15527950310559013,0.24036979969183367,0.27285632320354525,7447961.6,17954652.3,0.4148207091707367,0.02327997738367753,0.05915767927397296,0.39352418264858813,True,0.016294508147254083,-0.04656964656964668,False,3,2,部分收敛/待确认,-0.15527950310559013,0.20382165605095498,-0.05996198375669615,14.5044,-0.062353492733239646,-0.005076002853536599,,,,-0.007299270072992692,12.96,12.96,0.04938271604938271,0.04938271604938271,False,0,,沪深主板10%,17,6.887052341597788,READY_FOR_BREAKOUT,False,False,5,False,13.74,,,,False,False,False,,,,,紧凑缩量平台形成，尚未出现放量突破,0,0,1,1,0,1,3,False,False,False,收盘价未站上MA25,硬资格：最近25个交易日（含当日）至少一次按板块涨停价核验的实际涨停，且最新收盘价严格高于MA25、当日MA25严格高于前一交易日MA25；通过后再按方向/非极端波动/不过热排序,757,False,,,257,4,未入选：未满足一级粗筛最低资格条件
603823,百合花,56.08,0.019636363636363674,0.03698224852071008,-0.12155388471177953,-0.16235997012696046,,,,0.11489281684843926,-0.22078643879394189,0.2832790653131584,0.40558174223509225,20903225.2,19227060.1,1.0871773995234975,0.05251668927072526,0.04735487281373447,1.1090028575790767,False,0.011691884456671353,-0.014425116673738025,False,3,1,结构未成熟,-0.39601507808292946,0.09522637795275586,-0.043101388936286344,62.258399999999995,-0.09923801446873026,-0.018798698842575123,,,,-0.02435629784272786,53.18,53.18,0.05453177886423455,0.05453177886423455,False,0,,沪深主板10%,6,3.746847604179182,RETEST_STABILIZING,True,False,4,False,56.24,2026-09-17,1.682368390242299,0.7905062531204837,False,False,False,,0.07572671727457884,57.48,1.0312432000612313,突破后处于一周内确认窗，守位/缩量/横住或小平台再突破条件尚未全部成立,0,0,1,1,0,1,3,False,False,False,收盘价未站上MA25,硬资格：最近25个交易日（含当日）至少一次按板块涨停价核验的实际涨停，且最新收盘价严格高于MA25、当日MA25严格高于前一交易日MA25；通过后再按方向/非极端波动/不过热排序,757,False,,,257,4,未入选：未满足一级粗筛最低资格条件
688146,中船派瑞特气,214.61,-0.0983909591227996,-0.05868678450809239,-0.06021194605009639,-0.13113360323886636,,,,0.1585514588610563,-0.18646702047005304,0.11737981549302301,1.3507557342384857,16325529.8,9484327.4,1.7213165585152617,0.1195815293671261,0.06542231023256384,1.8278402114207914,False,0.017072912624784164,0.0010686626764064844,True,3,1,结构未成熟,-0.30770967741935484,0.014769675686841633,-0.08212973615667218,238.90560000000002,-0.10169539768008784,-0.012510932806023334,,,,-0.11563027980384877,213.18,213.18,0.006707946336429238,0.006707946336429238,False,0,,科创板20%,4,-4.109007555819677,RETEST_STABILIZING,True,False,4,False,227.99,2026-09-16,1.4238538520422495,1.1884169753810214,False,False,False,,0.1585514588610563,246.98,1.613858558824817,突破后处于一周内确认窗，守位/缩量/横住或小平台再突破条件尚未全部成立,0,0,1,1,1,0,3,False,False,False,收盘价未站上MA25,硬资格：最近25个交易日（含当日）至少一次按板块涨停价核验的实际涨停，且最新收盘价严格高于MA25、当日MA25严格高于前一交易日MA25；通过后再按方向/非极端波动/不过热排序,757,False,,,257,4,未入选：未满足一级粗筛最低资格条件
688433,华曙高科,89.8,-0.004434589800443534,-0.0022222222222222365,-0.13001356326293356,-0.09384460141271445,,,,0.09462390138112095,-0.23898305084745763,0.37209302325581395,0.25430173496176256,5144454.4,6506667.8,0.7906434688428385,0.012524374101150967,0.013873494950871298,0.9027555165805137,True,0.009294343155173301,-0.048747615493074714,False,3,2,部分收敛/待确认,-0.23898305084745763,0.14441747572815508,-0.09306212726418872,99.1816,-0.09459012558781066,-0.0033282150637908847,,,,-0.04325591306200727,87.61,86.0,0.02499714644446982,0.04418604651162794,True,1,2026-08-20,科创板20%,17,20.002324500232447,RETEST_STABILIZING,True,False,5,False,93.27,2026-09-18,1.3010545720965798,0.7498037164211169,False,False,False,,0.05150837988826815,,0.8221912786638296,突破后处于一周内确认窗，守位/缩量/横住或小平台再突破条件尚未全部成立,0,0,1,1,0,1,3,False,False,False,收盘价未站上MA25,硬资格：最近25个交易日（含当日）至少一次按板块涨停价核验的实际涨停，且最新收盘价严格高于MA25、当日MA25严格高于前一交易日MA25；通过后再按方向/非极端波动/不过热排序,757,False,,,257,4,未入选：未满足一级粗筛最低资格条件
688677,青岛海泰新光,79.28,-0.025445605408727645,0.013162939297124643,-0.16096941475288384,-0.05899109792284862,,,,0.07914315033350439,-0.2030558906312827,0.3226964499401677,0.24525572050197203,5193616.8,9077422.3,0.5721466544527734,0.04129498847429724,0.07725916008353001,0.5344995781684719,True,0.01409790910229125,-0.031683683731055456,False,3,2,部分收敛/待确认,-0.2055316163944283,0.1655817737998375,-0.07109715517645399,85.64479999999999,-0.07431624570318329,-0.00799673829446168,,,,-0.05053892215568856,77.96,75.21,0.01693175987686013,0.05411514426273123,False,0,,科创板20%,17,13.81249236034714,READY_FOR_BREAKOUT,False,False,5,False,83.62,,,,False,False,False,,,,,紧凑缩量平台形成，尚未出现放量突破,0,0,1,1,0,1,3,False,False,False,收盘价未站上MA25,硬资格：最近25个交易日（含当日）至少一次按板块涨停价核验的实际涨停，且最新收盘价严格高于MA25、当日MA25严格高于前一交易日MA25；通过后再按方向/非极端波动/不过热排序,757,False,,,257,4,未入选：未满足一级粗筛最低资格条件
000017,深中华A,8.1,0.029224904701397714,0.1281337047353761,-0.13829787234042556,-0.05813953488372092,,,,0.14763231197771595,-0.3158783783783784,0.6429567642956764,0.22961468045124153,65526483.8,70974900.4,0.9232346002700412,0.1286732860542146,0.16297396628004523,0.7895327639821302,True,0.03502155172413768,-0.053618978455579835,False,3,2,部分收敛/待确认,-0.3158783783783784,0.37666666666666665,-0.11334902304197914,8.742799999999999,-0.07352335636180618,0.009561200923787316,,,,0.06299212598425186,7.18,7.17,0.1281337047353761,0.12970711297071125,True,7,2026-08-28,沪深主板10%,17,10.061919504643967,RETEST_STABILIZING,False,False,5,False,7.55,2026-09-21,1.2946896783297235,1.1794676543160254,True,True,True,,0.06597671410090553,,,突破后处于一周内确认窗，守位/缩量/横住或小平台再突破条件尚未全部成立,0,0,1,1,0,0,2,False,False,True,收盘价未站上MA25,硬资格：最近25个交易日（含当日）至少一次按板块涨停价核验的实际涨停，且最新收盘价严格高于MA25、当日MA25严格高于前一交易日MA25；通过后再按方向/非极端波动/不过热排序,777,False,,,257,4,未入选：未满足一级粗筛最低资格条件
300970,华绿生物,18.71,-0.02399582681272827,0.13256658595641646,-0.106494746895893,-0.014225500526870327,,,,0.20086794792312473,-0.1815398075240594,0.3212121212121213,0.6253436114587844,15101330.8,21287416.4,0.7094017665760511,0.11035130869999776,0.17845330592661654,0.6183763765372683,True,0.03215322112594321,-0.026831619537275087,False,3,2,部分收敛/待确认,-0.2467793880837359,0.2962112514351322,-0.023511912528378587,19.3384,-0.032494932362553186,-0.006064842416891203,,,,0.06609686609686616,16.13,16.13,0.15995040297582164,0.15995040297582164,False,0,,创业板20%,6,6.509539842873169,INELIGIBLE,False,False,0,False,,,,,False,False,True,,,,,未形成合格的短周期缩量平台或呈N型走势,0,0,0,1,1,0,2,False,False,False,收盘价未站上MA25,硬资格：最近25个交易日（含当日）至少一次按板块涨停价核验的实际涨停，且最新收盘价严格高于MA25、当日MA25严格高于前一交易日MA25；通过后再按方向/非极端波动/不过热排序,777,False,,,257,4,未入选：未满足一级粗筛最低资格条件
600272,开开实业,17.35,0.06311274509803932,0.15666666666666673,-0.008004574042309698,-0.09541188738269024,,,,0.22108843537414968,-0.24499564838990417,0.3803475935828875,0.5812799636550582,28688592.2,30551442.3,0.9390257886450094,0.12431721041666666,0.2011823763888889,0.6179329056952753,True,0.04033746374901126,-0.022121419250605623,False,3,2,部分收敛/待确认,-0.24499564838990417,0.32004830917874416,0.0036733867468834447,17.4956,-0.008322092411806259,-0.008118466108805622,,,,0.09879670677644103,14.7,14.7,0.1802721088435375,0.1802721088435375,True,2,2026-08-26,沪深主板10%,9,10.010427528675713,RETEST_STABILIZING,False,False,5,False,15.76,2026-09-21,1.9975831560861104,1.3447842491826771,True,False,True,,0.13035264483627193,,,突破后处于一周内确认窗，守位/缩量/横住或小平台再突破条件尚未全部成立,0,0,0,1,1,0,2,False,False,False,收盘价未站上MA25,硬资格：最近25个交易日（含当日）至少一次按板块涨停价核验的实际涨停，且最新收盘价严格高于MA25、当日MA25严格高于前一交易日MA25；通过后再按方向/非极端波动/不过热排序,777,False,,,257,4,未入选：未满足一级粗筛最低资格条件
603958,哈森股份,18.53,0.008709853021230174,0.16834804539722592,-0.02267932489451474,-0.16756513926325245,,,,0.22988505747126445,-0.22791666666666666,0.5588235294117647,0.41137326073805214,13367784.6,19065740.0,0.7011416603813961,0.03663398219061503,0.08866019936785796,0.41319535092198284,True,0.07458597933009559,-0.03672153793024091,False,3,2,部分收敛/待确认,-0.24181669394435357,0.3533916849015318,-0.03987149926163891,19.4828,-0.048904674892725875,0.00014373716632443134,,,,0.10166468489892999,15.66,15.3,0.1832694763729248,0.21111111111111103,True,4,2026-09-02,沪深主板10%,17,10.024330900243307,INELIGIBLE,False,False,0,False,,,,,False,False,True,,,,,未形成合格的短周期缩量平台或呈N型走势,0,0,0,1,1,0,2,False,False,True,收盘价未站上MA25,硬资格：最近25个交易日（含当日）至少一次按板块涨停价核验的实际涨停，且最新收盘价严格高于MA25、当日MA25严格高于前一交易日MA25；通过后再按方向/非极端波动/不过热排序,777,False,,,257,4,未入选：未满足一级粗筛最低资格条件
