股票代码,股票名称,最新收盘,ret1,ret5,ret10,ret20,ret40,ret60,ret120,amp5,距20日高点,前10日区间振幅,振幅收敛比,近5日平均成交量,前10日平均成交量,成交量收敛比,近5日平均换手率,前10日平均换手率,换手率收敛比,流动性收敛证据,MA5_3日斜率,MA10_3日斜率,短期下行停止证据,整理证据可用项,整理收敛支持项,整理成熟度状态,距250日高点,250日位置,MA20距离,MA30_5日斜率,MA60_10日斜率,MA120_20日斜率,距稳健5日上沿,近5日低点,近10日低点,距近5日低点,距近10日低点,基础整理条件,振幅收敛,成交量收敛,换手率收敛,流动性收敛,短期下行停止,整理成熟,中期趋势仍活,均线趋势辅助,稳健上沿核心区,稳健上沿宽区,适度重新加速,整理成熟贡献,振幅收敛贡献,流动性收敛贡献,短期止跌贡献,40日趋势贡献,均线趋势辅助贡献,稳健上沿贡献,重新加速辅助贡献,阶段2分,阶段2通过,阶段2风险提示,阶段2规则说明,阶段排名,本阶段入选,阶段软容量下限,阶段软容量上限,实际入选数,边界分数,决策说明
000526,学大教育,38.4,0.028112449799196693,0.007874015748031482,0.058434399117971214,0.05931034482758624,0.39992708713087866,0.41436464088397784,,0.06826976229961301,-0.0176515732924023,0.15959655888460406,0.42776462585872743,3958202.6,7690473.7,0.5146890496485281,0.03116505220903757,0.06330988347426428,0.49226203712262856,True,0.018275053188587576,0.017829908770762293,True,3,3,收敛较充分,-0.0176515732924023,0.9548724656638322,0.06465565043806154,0.021238837273305222,0.05395149315294501,,-0.0015600624024961762,36.18,34.61,0.06135986733001664,0.10950592314360019,True,True,True,True,True,True,True,True,True,True,True,True,3,1,1,1,3,1,4,1,15,True,,核心：振幅、流动性（成交量/换手合并）与短期止跌三类证据中至少两类支持+40日趋势仍活；缺失量价/换手必须明示；2%-6%单日加速仅为中等证据,1,True,30,50,46,13,入选：阶段2分=15；软容量30-50只，本次实际46只
002012,凯恩股份,7.41,0.029166666666666563,0.017857142857142794,0.07391304347826089,0.13824884792626735,0.2474747474747474,0.030598052851182223,,0.05991440798858772,-0.0026917900403767847,0.14641744548286612,0.40920265881567336,11810487.2,11884403.8,0.9937803695293489,0.0251390466391832,0.025414363764232034,0.9891668692711358,True,2.220446049250313e-16,0.02074158261116632,True,3,3,收敛较充分,-0.23212435233160622,0.5264270613107822,0.07414655359860833,0.045716682394883135,-0.0039040281296862656,,0.004065040650406582,7.01,6.85,0.05706134094151216,0.08175182481751841,True,True,True,True,True,True,True,True,True,True,True,True,3,1,1,1,3,1,4,1,15,True,,核心：振幅、流动性（成交量/换手合并）与短期止跌三类证据中至少两类支持+40日趋势仍活；缺失量价/换手必须明示；2%-6%单日加速仅为中等证据,1,True,30,50,46,13,入选：阶段2分=15；软容量30-50只，本次实际46只
002724,海洋王,7.25,0.05685131195335269,0.013986013986013957,0.0804769001490313,0.33272058823529393,0.5010351966873705,0.3835877862595418,,0.07840236686390537,-0.02815013404825739,0.3143872113676733,0.24938153979874975,18896774.0,37919102.7,0.49834443999119205,0.032013523469740554,0.06693831597136457,0.4782540911760548,True,-0.0002862868594331047,0.02528089887640439,True,3,3,收敛较充分,-0.08459595959595956,0.7944785276073619,0.09417446423181408,0.05681172594023409,0.05072281583909488,,0.008344923504867818,6.76,6.62,0.0724852071005917,0.095166163141994,True,True,True,True,True,True,True,True,True,True,True,True,3,1,1,1,3,1,4,1,15,True,,核心：振幅、流动性（成交量/换手合并）与短期止跌三类证据中至少两类支持+40日趋势仍活；缺失量价/换手必须明示；2%-6%单日加速仅为中等证据,1,True,30,50,46,13,入选：阶段2分=15；软容量30-50只，本次实际46只
300209,行云科技,35.91,0.03160011490950865,0.02982506452537992,0.059292035398230025,-0.06460015629070082,0.4193675889328061,0.37744533947065584,,0.12852760736196311,-0.12414634146341474,0.24540470815865836,0.5237373330216134,62562633.0,84727318.9,0.7383997724965188,0.084213061541983,0.11404805997875637,0.7383997724965186,True,0.0112889147512365,0.019671168526130378,True,3,3,收敛较充分,-0.12414634146341474,0.8422683607065385,0.025414049114791615,0.03596017532619422,0.05325848459806792,,0.011549295774647694,32.6,32.3,0.10153374233128809,0.11176470588235299,True,True,True,True,True,True,True,True,True,True,True,True,3,1,1,1,3,1,4,1,15,True,,核心：振幅、流动性（成交量/换手合并）与短期止跌三类证据中至少两类支持+40日趋势仍活；缺失量价/换手必须明示；2%-6%单日加速仅为中等证据,1,True,30,50,46,13,入选：阶段2分=15；软容量30-50只，本次实际46只
300839,博汇股份,13.49,0.022744503411675554,0.049805447470817166,0.04009252120277562,0.24791859389454207,0.12887029288702934,-0.08106267029972747,,0.09813463098134624,-0.04999999999999993,0.3759689922480619,0.26101788446584884,19285285.6,20742863.7,0.9297311055464343,0.0688831686606759,0.07324938659989237,0.9403924299999136,True,0.012535255405829115,-0.0018630647414996648,True,3,3,收敛较充分,-0.3495660559305689,0.3651488616462347,0.11115687162802201,0.042358928304146115,-0.030366217410517038,,0.011244377811094441,12.33,12.33,0.09407948094079477,0.09407948094079477,True,True,True,True,True,True,True,True,True,True,True,True,3,1,1,1,3,1,4,1,15,True,,核心：振幅、流动性（成交量/换手合并）与短期止跌三类证据中至少两类支持+40日趋势仍活；缺失量价/换手必须明示；2%-6%单日加速仅为中等证据,1,True,30,50,46,13,入选：阶段2分=15；软容量30-50只，本次实际46只
603955,大千生态,22.2,0.021629084215370353,0.09198229217904585,0.10447761194029836,0.06372783900335399,0.25494629734313157,-0.08866995073891626,,0.10297029702970306,-0.0035906642728905647,0.20687772925764186,0.49773505054991046,2802914.0,3330987.6,0.8414663567045401,0.021474395814913026,0.024543085764809864,0.8749672319404613,True,0.034016235021260055,0.035107643689512136,True,3,3,收敛较充分,-0.2113676731793961,0.4892703862660944,0.09184802655846558,0.031425899158235016,-0.023356308996656416,,0.0183486238532109,20.2,19.55,0.0990099009900991,0.13554987212276215,True,True,True,True,True,True,True,True,True,True,True,True,3,1,1,1,3,1,4,1,15,True,,核心：振幅、流动性（成交量/换手合并）与短期止跌三类证据中至少两类支持+40日趋势仍活；缺失量价/换手必须明示；2%-6%单日加速仅为中等证据,1,True,30,50,46,13,入选：阶段2分=15；软容量30-50只，本次实际46只
001210,金房能源,30.45,0.07635206786850479,0.05655794587092289,0.13239122350316102,0.3980716253443526,0.4955795677799608,0.29354290569243835,,0.12644927536231879,-0.027467262855317753,0.21403644823575027,0.590783842680109,10511685.2,10151854.6,1.0354448141918817,0.06825070221351023,0.07608951351938967,0.8969790849841366,True,0.0013014590040414387,0.01735510952767294,True,3,3,收敛较充分,-0.027467262855317753,0.9517937219730942,0.10731299319975252,0.08293276191579335,0.032297145781128744,,-0.016155088852988664,27.6,26.61,0.1032608695652173,0.14430665163472378,True,True,False,True,True,True,True,True,True,True,True,False,3,1,1,1,3,1,4,0,14,True,,核心：振幅、流动性（成交量/换手合并）与短期止跌三类证据中至少两类支持+40日趋势仍活；缺失量价/换手必须明示；2%-6%单日加速仅为中等证据,7,True,30,50,46,13,入选：阶段2分=14；软容量30-50只，本次实际46只
002017,东信和平,17.12,0.0470948012232415,0.037575757575757596,0.010029498525073954,0.23431867339581847,0.32507739938080493,0.04581551618814905,,0.13287153652392933,-0.0483602001111727,0.3545098039215686,0.37480355988497766,63191726.4,48418360.6,1.3051190832760247,0.10893578089597777,0.08345512733457568,1.3053216066551419,False,0.024039048200121815,0.018876045253320095,True,3,2,部分收敛/待确认,-0.16528522671867385,0.5915662650602409,0.1124467981415902,0.04825674278733194,0.006929990814273923,,-0.009832272990167645,15.88,15.52,0.07808564231738035,0.10309278350515472,True,True,False,False,False,True,True,True,True,True,True,True,3,1,0,1,3,1,4,1,14,True,,核心：振幅、流动性（成交量/换手合并）与短期止跌三类证据中至少两类支持+40日趋势仍活；缺失量价/换手必须明示；2%-6%单日加速仅为中等证据,7,True,30,50,46,13,入选：阶段2分=14；软容量30-50只，本次实际46只
002329,皇氏集团,4.06,0.004950495049504955,0.0,0.038363171355498604,0.0628272251308899,0.16666666666666652,0.2848101265822782,,0.07611548556430435,-0.13800424628450114,0.21407624633431072,0.3555531585949014,38912010.4,81967461.3,0.4747250894788906,0.059521604526872975,0.12581413846716677,0.47309154004504905,True,-0.001007049345417954,0.019280205655527016,True,3,3,收敛较充分,-0.1747967479674798,0.6355932203389829,0.016397546626611526,0.03500872921069531,0.022099447513812098,,0.0024691358024691024,3.81,3.81,0.06561679790026242,0.06561679790026242,True,True,True,True,True,True,True,True,True,True,True,False,3,1,1,1,3,1,4,0,14,True,,核心：振幅、流动性（成交量/换手合并）与短期止跌三类证据中至少两类支持+40日趋势仍活；缺失量价/换手必须明示；2%-6%单日加速仅为中等证据,7,True,30,50,46,13,入选：阶段2分=14；软容量30-50只，本次实际46只
002655,共达电声,39.1,0.006435006435006496,0.023292331850300885,0.042944785276073594,0.2560231288146484,0.14966186415760085,0.08974358974358965,,0.09508196721311467,-0.04096149129261717,0.2133928571428572,0.4455723986556,25176194.8,35204374.1,0.7151439400253391,0.06837070201647738,0.09690910504825441,0.7055137077412204,True,0.00031271173190172696,0.01322758293589077,True,3,3,收敛较充分,-0.25834597875569043,0.6271557623870792,0.06352595574535225,0.06764066366041477,0.012048711630021414,,-0.010126582278480956,36.6,36.1,0.06830601092896171,0.08310249307479234,True,True,True,True,True,True,True,True,True,True,True,False,3,1,1,1,3,1,4,0,14,True,,核心：振幅、流动性（成交量/换手合并）与短期止跌三类证据中至少两类支持+40日趋势仍活；缺失量价/换手必须明示；2%-6%单日加速仅为中等证据,7,True,30,50,46,13,入选：阶段2分=14；软容量30-50只，本次实际46只
002880,卫光生物,22.72,-0.019844693701466798,0.012026726057906334,0.007538802660753907,0.09652509652509655,0.07220386974988191,0.0008810572687223406,,0.0842644320297951,-0.08424022571543732,0.24798792756539234,0.3397924764203502,4020894.2,6019216.4,0.6680095767947469,0.01767487985008815,0.026539754850088138,0.6659775099629246,True,0.00893743793445867,0.017677222022310035,True,3,3,收敛较充分,-0.23035230352303526,0.3789954337899542,0.04251267579782958,0.02437968840161564,-0.004344506796162606,,0.012026726057906334,21.48,21.48,0.05772811918063314,0.05772811918063314,True,True,True,True,True,True,True,True,True,True,True,False,3,1,1,1,3,1,4,0,14,True,,核心：振幅、流动性（成交量/换手合并）与短期止跌三类证据中至少两类支持+40日趋势仍活；缺失量价/换手必须明示；2%-6%单日加速仅为中等证据,7,True,30,50,46,13,入选：阶段2分=14；软容量30-50只，本次实际46只
002882,金龙羽,24.4,0.02564102564102555,0.026503996634413163,0.10009017132551845,0.08396268325188783,0.42274052478134116,0.11263109895120826,,0.06666666666666662,-0.009740259740259827,0.15893719806763282,0.41945288753799376,19705083.6,12866252.6,1.531532468125179,0.08499656573193445,0.05209219247943915,1.631656524449085,False,0.04407426687489169,0.021748681898067,True,3,2,部分收敛/待确认,-0.20907617504051867,0.5591250854408748,0.08215988468788105,0.05298561038798888,0.018164838888292012,,-0.005299633102323842,23.1,21.38,0.05627705627705626,0.14125350795135638,True,True,False,False,False,True,True,True,True,True,True,True,3,1,0,1,3,1,4,1,14,True,,核心：振幅、流动性（成交量/换手合并）与短期止跌三类证据中至少两类支持+40日趋势仍活；缺失量价/换手必须明示；2%-6%单日加速仅为中等证据,7,True,30,50,46,13,入选：阶段2分=14；软容量30-50只，本次实际46只
002913,奥士康,64.77,-0.005221932114882533,0.04501452081316559,0.13951442646023904,0.1678687342228633,0.23772214790751,0.056434513129995034,,0.11940298507462692,-0.040444444444444505,0.17766404679217704,0.6720717400651065,6462956.4,6024874.5,1.0727122033828258,0.019380258326211177,0.019725300302590076,0.9825076439351551,True,0.018672600619195068,0.026924421799290554,True,3,3,收敛较充分,-0.08335692046419474,0.8322415266305896,0.08169042310679098,0.059893116172541117,0.024072145572857195,,-0.011145038167938992,60.3,55.88,0.07412935323383074,0.15909090909090895,True,True,False,True,True,True,True,True,True,True,True,False,3,1,1,1,3,1,4,0,14,True,,核心：振幅、流动性（成交量/换手合并）与短期止跌三类证据中至少两类支持+40日趋势仍活；缺失量价/换手必须明示；2%-6%单日加速仅为中等证据,7,True,30,50,46,13,入选：阶段2分=14；软容量30-50只，本次实际46只
300765,石药创新,45.14,-0.006164685160722216,0.013471037269869868,0.01919169112666519,0.04225352112676051,0.20727467237229202,0.8245755860953923,,0.08418843283582088,-0.12823483970645033,0.22295701464336318,0.37759939049456115,19003252.6,37296758.8,0.5095148536070647,0.01356396479947,0.026553428848778215,0.510817826078763,True,0.0058590228952588586,-0.009031488760323447,True,3,3,收敛较充分,-0.12823483970645033,0.773224043715847,0.007735497337783448,0.026041541889269437,0.09783166507594676,,-0.01376447454664631,42.88,42.69,0.05270522388059695,0.057390489576013115,True,True,True,True,True,True,True,True,True,True,True,False,3,1,1,1,3,1,4,0,14,True,,核心：振幅、流动性（成交量/换手合并）与短期止跌三类证据中至少两类支持+40日趋势仍活；缺失量价/换手必须明示；2%-6%单日加速仅为中等证据,7,True,30,50,46,13,入选：阶段2分=14；软容量30-50只，本次实际46只
301183,东田微,235.69,-0.029083419155509826,0.04984409799554568,0.010027855153203369,0.2320439100888656,0.11017428167687227,-0.0056113408151211575,,0.17671161084377535,-0.12343796489140135,0.3309573309573309,0.5339407661181499,3702785.6,5902397.9,0.6273358154996632,0.06327400258311902,0.10055264622174961,0.6292624307825805,True,0.004890975705189815,-0.008867393935172663,True,3,3,收敛较充分,-0.18344650776053217,0.6597918272937549,0.058149036087241424,0.04139087929407603,0.007670720299345346,,0.02171839778047513,209.89,209.89,0.12292153032540853,0.12292153032540853,True,True,True,True,True,True,True,True,True,True,True,False,3,1,1,1,3,1,4,0,14,True,,核心：振幅、流动性（成交量/换手合并）与短期止跌三类证据中至少两类支持+40日趋势仍活；缺失量价/换手必须明示；2%-6%单日加速仅为中等证据,7,True,30,50,46,13,入选：阶段2分=14；软容量30-50只，本次实际46只
301205,联特科技,309.08,-0.03103642861621425,0.03655510094573744,0.017045080618624642,0.05161443979449487,0.14537706133036865,-0.04271068851240445,,0.14822695035460998,-0.09328796057263555,0.3054034389001647,0.4853480068476401,6209534.8,8920151.2,0.6961243885641759,0.07626704286921472,0.10658695244868614,0.7155382635218109,True,-0.009948853544863412,0.0007805761176502557,True,3,3,收敛较充分,-0.18183021415146783,0.6943987186902166,0.02535351441011824,0.04280852197715701,-0.014750800777666107,,-0.002935578567050623,282.0,282.0,0.09602836879432619,0.09602836879432619,True,True,True,True,True,True,True,True,True,True,True,False,3,1,1,1,3,1,4,0,14,True,,核心：振幅、流动性（成交量/换手合并）与短期止跌三类证据中至少两类支持+40日趋势仍活；缺失量价/换手必须明示；2%-6%单日加速仅为中等证据,7,True,30,50,46,13,入选：阶段2分=14；软容量30-50只，本次实际46只
301251,威尔高,56.1,0.008267433501078392,0.037735849056603765,0.194633730834753,0.31690140845070425,0.16100993377483452,0.08699864367370669,,0.08840304182509502,-0.02008733624454151,0.25555555555555554,0.34592494627211096,6857616.2,8980901.6,0.7635777013746594,0.08128130445949619,0.11881113793662543,0.6841219255290032,True,0.02285777794242949,0.04481924868785736,True,3,3,收敛较充分,-0.07912015758371638,0.8596797671033479,0.12040901919274627,0.09580955010108738,0.018131268145243906,,-0.0070796460176990594,52.6,45.0,0.06653992395437269,0.2466666666666666,True,True,True,True,True,True,True,True,True,True,True,False,3,1,1,1,3,1,4,0,14,True,,核心：振幅、流动性（成交量/换手合并）与短期止跌三类证据中至少两类支持+40日趋势仍活；缺失量价/换手必须明示；2%-6%单日加速仅为中等证据,7,True,30,50,46,13,入选：阶段2分=14；软容量30-50只，本次实际46只
600165,宁科生物,3.34,0.06369426751592355,0.03726708074534146,0.021406727828746197,0.3858921161825726,0.24626865671641784,0.18021201413427557,,0.07395498392282958,-0.0722222222222223,0.2244897959183674,0.32943583747442257,15199035.8,28672696.3,0.5300874267621632,0.0165642467789445,0.039121520599986144,0.42340498336739923,True,0.0037735849056601545,-0.00587507730364889,True,3,3,收敛较充分,-0.141388174807198,0.6839080459770114,0.10468000661485033,0.05821831869510685,0.021625370405396582,,0.027692307692307683,3.11,3.09,0.07395498392282951,0.08090614886731395,True,True,True,True,True,True,True,True,True,True,True,False,3,1,1,1,3,1,4,0,14,True,,核心：振幅、流动性（成交量/换手合并）与短期止跌三类证据中至少两类支持+40日趋势仍活；缺失量价/换手必须明示；2%-6%单日加速仅为中等证据,7,True,30,50,46,13,入选：阶段2分=14；软容量30-50只，本次实际46只
600368,五洲交通,4.37,0.002293577981651307,-0.009070294784580546,0.05555555555555558,0.09523809523809512,0.13802083333333348,0.21052631578947367,,0.028037383177570117,-0.011312217194570096,0.12755102040816327,0.21981308411214973,34369801.0,36534523.8,0.940748569439408,0.020166519086490423,0.022697130577746822,0.888505223927402,True,-0.004124656278643446,0.019967112990368907,True,3,3,收敛较充分,-0.011312217194570096,0.9568965517241381,0.048087300635567765,0.02412353923205357,0.027669924577141236,,-0.006818181818181834,4.28,4.12,0.02102803738317749,0.06067961165048552,True,True,True,True,True,True,True,True,True,True,True,False,3,1,1,1,3,1,4,0,14,True,,核心：振幅、流动性（成交量/换手合并）与短期止跌三类证据中至少两类支持+40日趋势仍活；缺失量价/换手必须明示；2%-6%单日加速仅为中等证据,7,True,30,50,46,13,入选：阶段2分=14；软容量30-50只，本次实际46只
600604,市北高新,4.86,0.008298755186721962,-0.004098360655737654,0.0474137931034484,0.06813186813186833,0.13551401869158886,0.13551401869158886,,0.05307855626326964,-0.09158878504672885,0.1746031746031745,0.30399536768963537,27550345.6,49181540.2,0.560176551770536,0.0204088466417284,0.0349436017840328,0.584051030797119,True,-0.0008271298593880427,0.009724808607490365,True,3,3,收敛较充分,-0.18181818181818177,0.4731707317073171,0.012078300708038281,0.024411571813743205,0.0245707863426734,,-0.010183299389001976,4.71,4.56,0.031847133757961776,0.06578947368421062,True,True,True,True,True,True,True,True,True,True,True,False,3,1,1,1,3,1,4,0,14,True,,核心：振幅、流动性（成交量/换手合并）与短期止跌三类证据中至少两类支持+40日趋势仍活；缺失量价/换手必须明示；2%-6%单日加速仅为中等证据,7,True,30,50,46,13,入选：阶段2分=14；软容量30-50只，本次实际46只
600746,江苏索普,7.45,0.03760445682451263,0.0026917900403768957,0.10534124629080122,0.10370370370370363,0.3047285464098073,0.1996779388083736,,0.08368794326241133,-0.024869109947643908,0.16279069767441856,0.5140830800405268,19856191.4,16289510.1,1.2189557131002975,0.017861423857423547,0.013948374668522551,1.280538004025058,False,-0.0010982976386603172,0.025370581527936142,True,3,2,部分收敛/待确认,-0.3076208178438662,0.4223385689354276,0.07978839046307717,0.026064684612294053,0.028399617329506688,,-0.01715039577836408,7.05,6.63,0.05673758865248235,0.12368024132730016,True,True,False,False,False,True,True,True,True,True,True,True,3,1,0,1,3,1,4,1,14,True,,核心：振幅、流动性（成交量/换手合并）与短期止跌三类证据中至少两类支持+40日趋势仍活；缺失量价/换手必须明示；2%-6%单日加速仅为中等证据,7,True,30,50,46,13,入选：阶段2分=14；软容量30-50只，本次实际46只
601869,长飞光纤,416.85,0.04079798257222045,0.04204684648651358,0.056653992395437225,0.24195566678584202,0.0425159434788045,-0.0735225479519036,,0.13164218958611484,-0.06142345709589525,0.3041933399894285,0.4327582898122942,12512379.0,15114523.4,0.8278381440727399,0.028882220419903525,0.037196894506974755,0.7764685950997293,True,-0.021936911792069247,0.01473831787399682,False,3,2,部分收敛/待确认,-0.3046821570949608,0.5317370795734209,0.08409153857256735,0.029495660734526696,-0.016441430453237094,,0.009322033898305104,374.5,374.5,0.11308411214953273,0.11308411214953273,True,True,True,True,True,False,True,True,True,True,True,True,3,1,1,0,3,1,4,1,14,True,,核心：振幅、流动性（成交量/换手合并）与短期止跌三类证据中至少两类支持+40日趋势仍活；缺失量价/换手必须明示；2%-6%单日加速仅为中等证据,7,True,30,50,46,13,入选：阶段2分=14；软容量30-50只，本次实际46只
603009,北特科技,48.66,-0.0036855036855037993,0.037747920665387014,0.08980963045912649,0.10590909090909073,0.07654867256637155,0.12534690101757628,,0.1342099297211517,-0.02738356985808521,0.13824015097900447,0.9708462322320173,7815359.8,7842452.9,0.9965453283117581,0.019928460512038976,0.022640541264182325,0.8802113111830103,True,0.004968731260172943,0.01544116047932853,True,3,3,收敛较充分,-0.19490403706154869,0.5369496855345911,0.04727366642633468,0.026521833317859844,-0.0009308828807272906,,0.008497409326424732,44.11,44.11,0.10315121287689855,0.10315121287689855,True,True,True,True,True,True,True,True,True,True,True,False,3,1,1,1,3,1,4,0,14,True,,核心：振幅、流动性（成交量/换手合并）与短期止跌三类证据中至少两类支持+40日趋势仍活；缺失量价/换手必须明示；2%-6%单日加速仅为中等证据,7,True,30,50,46,13,入选：阶段2分=14；软容量30-50只，本次实际46只
603082,北自科技,48.31,0.02984438286079749,0.059429824561403555,0.11313364055299546,0.1660632391986483,0.38424068767908315,0.4399403874813712,,0.1342390052958784,-0.019285424279334107,0.19449493638016105,0.6901928029298099,6579515.2,5849626.0,1.1247753617068852,0.1586876462451518,0.14423257201610573,1.1002205952995967,False,0.01892408156012615,0.029750236387537266,True,3,2,部分收敛/待确认,-0.04582263480150106,0.8971631205673759,0.1213760126273764,0.047154017857142794,0.04452929558920338,,0.025037131338849994,43.43,40.03,0.1123647248445776,0.20684486635023736,True,True,False,False,False,True,True,True,True,True,True,True,3,1,0,1,3,1,4,1,14,True,,核心：振幅、流动性（成交量/换手合并）与短期止跌三类证据中至少两类支持+40日趋势仍活；缺失量价/换手必须明示；2%-6%单日加速仅为中等证据,7,True,30,50,46,13,入选：阶段2分=14；软容量30-50只，本次实际46只
603268,松发股份,192.4,-0.00645494448747741,0.048615652932199716,0.006276150627615218,0.11053391053391048,0.17863268806665022,0.21464646464646453,,0.08651933701657456,-0.028282828282828243,0.13142857142857142,0.6582993033869804,4725819.6,6269938.0,0.7537266875685213,0.0214560169897171,0.026880787100551796,0.7981915451157553,True,0.014518051771117202,0.012687557524775794,True,3,3,收敛较充分,-0.028282828282828243,0.9370645088783998,0.04148904785490615,0.03751900710569611,0.047137886608860535,,-0.013232126371935493,181.0,181.0,0.06298342541436464,0.06298342541436464,True,True,True,True,True,True,True,True,True,True,True,False,3,1,1,1,3,1,4,0,14,True,,核心：振幅、流动性（成交量/换手合并）与短期止跌三类证据中至少两类支持+40日趋势仍活；缺失量价/换手必须明示；2%-6%单日加速仅为中等证据,7,True,30,50,46,13,入选：阶段2分=14；软容量30-50只，本次实际46只
603848,好太太,13.98,0.007204610951008661,-0.005689900426742556,0.04797601199400314,0.0432835820895523,0.03325942350332611,0.0028694404591105283,,0.037777777777777764,-0.04638472032742158,0.15615141955835965,0.24193041526374848,2273100.0,5549062.5,0.40963676296671736,0.00580252788206,0.01378969362650293,0.4207872951512065,True,-0.004619604446369441,0.016638445115217726,True,3,3,收敛较充分,-0.22290161200667025,0.30981067125645456,0.023388602174151618,0.016249374061091615,-0.002438396784746999,,-0.0021413276231262435,13.5,13.39,0.03555555555555556,0.04406273338312161,True,True,True,True,True,True,True,True,True,True,True,False,3,1,1,1,3,1,4,0,14,True,,核心：振幅、流动性（成交量/换手合并）与短期止跌三类证据中至少两类支持+40日趋势仍活；缺失量价/换手必须明示；2%-6%单日加速仅为中等证据,7,True,30,50,46,13,入选：阶段2分=14；软容量30-50只，本次实际46只
603880,南卫股份,10.02,-0.02052785923753675,0.04158004158004158,0.1084070796460177,0.28957528957528966,0.46705710102489006,0.36698499317871747,,0.1006355932203391,-0.03561116458132829,0.28481012658227844,0.3533427495291907,11572931.8,16724842.1,0.6919606015293861,0.038904028653275274,0.05786301679340715,0.6723470501404614,True,0.022492777548493548,0.03759398496240607,True,3,3,收敛较充分,-0.03561116458132829,0.9273084479371314,0.10037338018888664,0.08256408054613384,0.042033653954452355,,-0.009881422924901129,9.44,8.65,0.06144067796610164,0.1583815028901734,True,True,True,True,True,True,True,True,True,True,True,False,3,1,1,1,3,1,4,0,14,True,,核心：振幅、流动性（成交量/换手合并）与短期止跌三类证据中至少两类支持+40日趋势仍活；缺失量价/换手必须明示；2%-6%单日加速仅为中等证据,7,True,30,50,46,13,入选：阶段2分=14；软容量30-50只，本次实际46只
000596,古井贡酒,101.0,0.0,0.0011895321173671647,0.11160026414263702,0.06461473595446399,0.30389878647043655,0.20481927710843384,,0.05908618899273103,-0.03191795265024444,0.13335580271879552,0.44307175082080824,5167166.0,4062378.1,1.2719559511213394,0.013378276431718,0.009942188203622072,1.3456068380242605,False,0.034679196640193144,0.0330776861619857,True,3,2,部分收敛/待确认,-0.06843755764619075,0.7941176470588235,0.05407069579102264,0.015538267001007355,0.023197568671660118,,-0.00345337937839163,96.3,89.01,0.04880581516095539,0.1347039658465341,True,True,False,False,False,True,True,True,True,True,True,False,3,1,0,1,3,1,4,0,13,True,,核心：振幅、流动性（成交量/换手合并）与短期止跌三类证据中至少两类支持+40日趋势仍活；缺失量价/换手必须明示；2%-6%单日加速仅为中等证据,28,True,30,50,46,13,入选：阶段2分=13；软容量30-50只，本次实际46只
000721,西安饮食,7.69,0.013175230566534912,0.013175230566534912,0.14947683109118093,0.14947683109118093,0.3634751773049647,0.2585924713584289,,0.12028985507246377,-0.005174644243208237,0.19527559055118116,0.6160004675081813,49774681.0,23006647.6,2.163491259804405,0.09632912177107983,0.04490325897766456,2.1452590293946177,False,0.029871580122836416,0.04336513443191703,True,3,2,部分收敛/待确认,-0.08233890214797135,0.7730263157894737,0.11465429772430813,0.03995101790907696,0.027401376898699592,,0.013175230566534912,6.9,6.64,0.11449275362318834,0.15813253012048212,True,True,False,False,False,True,True,True,True,True,True,False,3,1,0,1,3,1,4,0,13,True,,核心：振幅、流动性（成交量/换手合并）与短期止跌三类证据中至少两类支持+40日趋势仍活；缺失量价/换手必须明示；2%-6%单日加速仅为中等证据,28,True,30,50,46,13,入选：阶段2分=13；软容量30-50只，本次实际46只
002277,友阿股份,6.15,0.01317957166392092,-0.01757188498402551,-0.06534954407294824,0.08084358523725843,0.12844036697247718,-0.037558685446009266,,0.04713804713804703,-0.08345752608047685,0.22,0.21426385062748649,22120880.6,36812615.1,0.6009048946919286,0.015675585551518375,0.02640462868017503,0.5936680928706953,True,-0.01995494045703261,-0.010019083969465714,False,3,2,部分收敛/待确认,-0.1865079365079364,0.4699248120300753,0.012095778820044423,0.02334897562092264,-0.008996132503783394,,-0.01125401929260439,5.94,5.94,0.03535353535353525,0.03535353535353525,True,True,True,True,True,False,True,True,True,True,True,False,3,1,1,0,3,1,4,0,13,True,,核心：振幅、流动性（成交量/换手合并）与短期止跌三类证据中至少两类支持+40日趋势仍活；缺失量价/换手必须明示；2%-6%单日加速仅为中等证据,28,True,30,50,46,13,入选：阶段2分=13；软容量30-50只，本次实际46只
002365,永安药业,16.08,0.09986320109439117,0.017721518987341645,0.022900763358778553,0.1955390334572491,0.4765840220385673,0.47930082796688134,,0.14701704545454536,-0.06129597197898429,0.21489361702127655,0.684138726372637,34259623.6,56977557.6,0.6012827689195298,0.12694937735983342,0.23195307885540584,0.547306282745963,True,-0.017817371937639215,-0.015482695810564828,False,3,2,部分收敛/待确认,-0.06129597197898429,0.856361149110807,0.07666555071978576,0.030356971038198566,0.054410813340490805,,0.0037453183520599342,14.08,14.08,0.14204545454545436,0.14204545454545436,True,True,True,True,True,False,True,True,True,True,True,False,3,1,1,0,3,1,4,0,13,True,,核心：振幅、流动性（成交量/换手合并）与短期止跌三类证据中至少两类支持+40日趋势仍活；缺失量价/换手必须明示；2%-6%单日加速仅为中等证据,28,True,30,50,46,13,入选：阶段2分=13；软容量30-50只，本次实际46只
002548,金新农,4.65,0.017505470459518557,0.05203619909502266,0.12864077669902918,0.12864077669902918,0.1625000000000001,0.17128463476070532,,0.1220095693779906,-0.008528784648187626,0.12342569269521404,0.9885265110829039,48188293.0,30718357.6,1.5687131983905285,0.05637682217581923,0.03818451978159091,1.4764313522413075,False,0.03432282003710574,0.037642045454545636,True,3,2,部分收敛/待确认,-0.25,0.43430656934306583,0.09129312367988751,0.023829087921117598,0.01529756915339453,,0.004319654427645814,4.18,4.08,0.1124401913875599,0.13970588235294135,True,True,False,False,False,True,True,True,True,True,True,False,3,1,0,1,3,1,4,0,13,True,,核心：振幅、流动性（成交量/换手合并）与短期止跌三类证据中至少两类支持+40日趋势仍活；缺失量价/换手必须明示；2%-6%单日加速仅为中等证据,28,True,30,50,46,13,入选：阶段2分=13；软容量30-50只，本次实际46只
002734,利民股份,17.66,0.04497041420118353,0.058118633912522366,0.1844399731723676,0.11069182389937104,0.1415643180349062,0.18523489932885906,,0.09268292682926849,-0.014508928571428603,0.18898186889818694,0.4904329043290442,16697782.2,17630904.5,0.9470746211574114,0.03222888002378575,0.04052357118104717,0.7953119402975808,True,0.02630940834141593,0.04595089313892586,True,3,3,收敛较充分,-0.16698113207547172,0.6273684210526317,0.11666139740752435,0.04395554955684511,0.0050174171487009644,,0.03335283791691057,16.4,14.76,0.076829268292683,0.19647696476964782,True,True,True,True,True,True,True,True,True,False,True,True,3,1,1,1,3,1,2,1,13,True,,核心：振幅、流动性（成交量/换手合并）与短期止跌三类证据中至少两类支持+40日趋势仍活；缺失量价/换手必须明示；2%-6%单日加速仅为中等证据,28,True,30,50,46,13,入选：阶段2分=13；软容量30-50只，本次实际46只
002779,中坚科技,82.76,0.01533554165133122,0.07830618892508157,0.09907038512616206,0.07802527028787298,0.16415810943873965,-0.01791859499228654,,0.13047012599918703,-0.008149568552253017,0.14012196851510417,0.9311182777533079,3746551.0,2812047.3,1.3323214726864658,0.023317915531809626,0.016959625702772978,1.3749074384346252,False,0.04251081116498501,0.028494772874456453,True,3,2,部分收敛/待确认,-0.17700875099443114,0.6172043010752689,0.07616087798915538,0.05463383299697511,0.004366619925600501,,-0.0007244626901713458,73.81,72.21,0.12125728221108245,0.1461016479711954,True,True,False,False,False,True,True,True,True,True,True,False,3,1,0,1,3,1,4,0,13,True,,核心：振幅、流动性（成交量/换手合并）与短期止跌三类证据中至少两类支持+40日趋势仍活；缺失量价/换手必须明示；2%-6%单日加速仅为中等证据,28,True,30,50,46,13,入选：阶段2分=13；软容量30-50只，本次实际46只
002902,铭普光磁,26.91,-0.009933774834437026,0.00937734433608406,0.10061349693251542,0.10923330585325641,0.03499999999999992,-0.21476510067114096,,0.12888707037643202,-0.043370067543547774,0.20626072041166374,0.6248745283115168,14000741.0,15953127.4,0.8776173253653073,0.06535084310176825,0.08555293088550689,0.7638644570719088,True,-0.017908201655380207,0.021679687500000044,False,3,2,部分收敛/待确认,-0.37462235649546827,0.34311328443357786,0.05160319662361501,0.02891442386516796,-0.040961287301939264,,-0.009933774834437026,24.44,23.71,0.10106382978723394,0.1349641501476171,True,True,True,True,True,False,True,True,True,True,True,False,3,1,1,0,3,1,4,0,13,True,,核心：振幅、流动性（成交量/换手合并）与短期止跌三类证据中至少两类支持+40日趋势仍活；缺失量价/换手必须明示；2%-6%单日加速仅为中等证据,28,True,30,50,46,13,入选：阶段2分=13；软容量30-50只，本次实际46只
002963,豪尔赛,21.62,-0.023927765237020227,0.09746192893401018,0.06397637795275601,0.07615729218516676,0.2098489087856743,0.18077553249590395,,0.1675284384694932,-0.12042310821806335,0.4762762762762763,0.3517463430664643,15454371.4,12792202.5,1.208108720918075,0.09997382020103512,0.08565805298805501,1.1671269275169778,False,0.052482269503546064,0.03857387450901406,True,3,2,部分收敛/待确认,-0.12042310821806335,0.770364623739333,0.11337126966552513,0.07432616920856572,0.028622960367486128,,-0.00230733733271804,19.34,18.23,0.11789038262668061,0.18595721338453108,True,True,False,False,False,True,True,True,True,True,True,False,3,1,0,1,3,1,4,0,13,True,,核心：振幅、流动性（成交量/换手合并）与短期止跌三类证据中至少两类支持+40日趋势仍活；缺失量价/换手必须明示；2%-6%单日加速仅为中等证据,28,True,30,50,46,13,入选：阶段2分=13；软容量30-50只，本次实际46只
300063,天龙集团,9.5,-0.001051524710830698,0.010638297872340496,0.08944954128440363,0.016042780748663166,0.20865139949109412,-0.007314524555903867,,0.12528473804100246,-0.1517857142857142,0.12781065088757398,0.9802370707837691,64472611.6,38676840.1,1.6669565412609806,0.09956017458224213,0.06171833464654282,1.6131377353653051,False,0.02258135930927585,0.023777327022763473,True,3,2,部分收敛/待确认,-0.31556195965417866,0.3462686567164179,0.03649555397959747,0.030444260693076597,-0.01197233394729924,,-0.004192872117400381,8.78,8.46,0.08200455580865618,0.1229314420803782,True,True,False,False,False,True,True,True,True,True,True,False,3,1,0,1,3,1,4,0,13,True,,核心：振幅、流动性（成交量/换手合并）与短期止跌三类证据中至少两类支持+40日趋势仍活；缺失量价/换手必须明示；2%-6%单日加速仅为中等证据,28,True,30,50,46,13,入选：阶段2分=13；软容量30-50只，本次实际46只
300359,全通教育,4.3,0.018957345971563955,0.007025761124121788,0.06965174129353247,-0.02714932126696834,0.25,0.10256410256410264,,0.06971153846153846,-0.10416666666666663,0.1037974683544304,0.6716111632270167,15635789.8,14959955.2,1.045176244912819,0.024689322441528157,0.023622161871453138,1.0451762449128188,False,-0.0055839925546765645,0.013330159485836601,True,3,2,部分收敛/待确认,-0.20810313075506448,0.4768518518518518,0.014869011092754292,0.032252862441541685,0.009477054429028575,,-0.0182648401826484,4.16,3.98,0.033653846153846034,0.08040201005025116,True,True,False,False,False,True,True,True,True,True,True,False,3,1,0,1,3,1,4,0,13,True,,核心：振幅、流动性（成交量/换手合并）与短期止跌三类证据中至少两类支持+40日趋势仍活；缺失量价/换手必须明示；2%-6%单日加速仅为中等证据,28,True,30,50,46,13,入选：阶段2分=13；软容量30-50只，本次实际46只
300805,电声股份,8.74,0.016279069767441978,0.0,0.09113607990012484,0.038004750593824355,0.2138888888888888,0.08302354399008682,,0.06235011990407669,-0.013544018058690654,0.15354330708661404,0.4060751398880896,9589363.0,8651149.9,1.1084495253053006,0.031885342370984976,0.028815196954820342,1.106546050022783,False,0.010141509433962081,0.028014616321559327,True,3,2,部分收敛/待确认,-0.2549019607843137,0.3770833333333334,0.05402797877472265,0.013146076590185407,0.005314567797500169,,-0.00568828213879391,8.34,7.87,0.04796163069544379,0.11054637865311312,True,True,False,False,False,True,True,True,True,True,True,False,3,1,0,1,3,1,4,0,13,True,,核心：振幅、流动性（成交量/换手合并）与短期止跌三类证据中至少两类支持+40日趋势仍活；缺失量价/换手必须明示；2%-6%单日加速仅为中等证据,28,True,30,50,46,13,入选：阶段2分=13；软容量30-50只，本次实际46只
301366,一博科技,57.67,-0.002076483820730224,0.04664246823956453,0.049117700563944044,0.08259808522620604,0.1861373920197451,0.1807944307944307,,0.15895522388059694,-0.07163554410817763,0.10054706659120931,1.580903643135166,8743736.4,8686643.8,1.0065724578231239,0.06626490345511603,0.07424712871408987,0.8924911252836225,True,0.005624619352989635,0.00804115922214832,True,3,2,部分收敛/待确认,-0.11112823674475947,0.7945868945868947,0.0299133851236717,0.05977133776832133,0.028332219462482655,,-0.01148440178265342,53.6,53.06,0.0759328358208955,0.08688277421786661,True,False,False,True,True,True,True,True,True,True,True,False,3,0,1,1,3,1,4,0,13,True,,核心：振幅、流动性（成交量/换手合并）与短期止跌三类证据中至少两类支持+40日趋势仍活；缺失量价/换手必须明示；2%-6%单日加速仅为中等证据,28,True,30,50,46,13,入选：阶段2分=13；软容量30-50只，本次实际46只
600186,莲花控股,12.39,-0.012749003984063756,0.0653482373172829,0.07272727272727275,0.16776625824693703,0.24522613065326637,0.022277227722772297,,0.1571298819255223,-0.07399103139013452,0.17407407407407396,0.902661023827469,289016650.4,219430996.4,1.3171186165201225,0.16765269110771042,0.12264619090867131,1.3669620708608332,False,0.028292354328056435,0.019842627437564264,True,3,2,部分收敛/待确认,-0.2222222222222222,0.6402439024390245,0.04645270270270285,0.057550260132314124,0.015789315093259537,,-0.008799999999999919,11.01,11.01,0.12534059945504095,0.12534059945504095,True,True,False,False,False,True,True,True,True,True,True,False,3,1,0,1,3,1,4,0,13,True,,核心：振幅、流动性（成交量/换手合并）与短期止跌三类证据中至少两类支持+40日趋势仍活；缺失量价/换手必须明示；2%-6%单日加速仅为中等证据,28,True,30,50,46,13,入选：阶段2分=13；软容量30-50只，本次实际46只
600475,华光环能,15.71,0.010939510939510955,0.029488859764089215,0.030163934426229666,0.08195592286501396,0.15007320644216704,0.048032021347565124,,0.09275558564658097,-0.026641883519206933,0.08605135322692575,1.0779096686832514,9478091.6,9777758.5,0.9693521884386896,0.008772429675833976,0.010370035518906388,0.8459401763706886,True,0.010197324857634804,0.009013785790031426,True,3,2,部分收敛/待确认,-0.2199602780536246,0.4420654911838792,0.04447842563659332,0.025658538806548004,0.006128372049998054,,0.008991650610147728,14.77,14.66,0.06364251861882209,0.07162346521145979,True,False,True,True,True,True,True,True,True,True,True,False,3,0,1,1,3,1,4,0,13,True,,核心：振幅、流动性（成交量/换手合并）与短期止跌三类证据中至少两类支持+40日趋势仍活；缺失量价/换手必须明示；2%-6%单日加速仅为中等证据,28,True,30,50,46,13,入选：阶段2分=13；软容量30-50只，本次实际46只
603118,共进股份,18.04,0.00838457238680812,0.007258514796203208,0.11015384615384605,0.22804628999319254,0.2650771388499298,0.42159180457052803,,0.15160891089108908,-0.12342079689018459,0.25892277741726144,0.5855371721382665,78934858.8,127140146.7,0.6208492034090125,0.08479207650737088,0.16149365804822555,0.525048955681282,True,-0.023020774845592396,0.012214611872146008,False,3,2,部分收敛/待确认,-0.12342079689018459,0.7429149797570851,0.0371988731098718,0.009604577500766265,0.060273844243765806,,-0.0055126791620728754,16.16,16.16,0.11633663366336622,0.11633663366336622,True,True,True,True,True,False,True,True,True,True,True,False,3,1,1,0,3,1,4,0,13,True,,核心：振幅、流动性（成交量/换手合并）与短期止跌三类证据中至少两类支持+40日趋势仍活；缺失量价/换手必须明示；2%-6%单日加速仅为中等证据,28,True,30,50,46,13,入选：阶段2分=13；软容量30-50只，本次实际46只
605388,均瑶健康,6.52,0.0046224961479197635,0.033280507131537185,0.06885245901639347,0.05672609400324147,0.31187122736418504,0.21641791044776104,,0.09816971713810314,-0.042584434654919234,0.0941780821917808,1.0423839056118591,11332596.0,10595771.6,1.069539475539469,0.017249701907128174,0.01764538538911939,0.9775758095804922,True,0.015539009388151337,0.02015732546705995,True,3,2,部分收敛/待确认,-0.2835164835164835,0.4241071428571428,0.05365223012281839,0.040453257790368236,0.021341743470406405,,0.026771653543307128,6.01,6.01,0.08485856905158062,0.08485856905158062,True,False,False,True,True,True,True,True,True,True,True,False,3,0,1,1,3,1,4,0,13,True,,核心：振幅、流动性（成交量/换手合并）与短期止跌三类证据中至少两类支持+40日趋势仍活；缺失量价/换手必须明示；2%-6%单日加速仅为中等证据,28,True,30,50,46,13,入选：阶段2分=13；软容量30-50只，本次实际46只
605488,福莱新材,29.97,0.0010020040080158665,0.02848318462594368,-0.0006668889629876107,0.04207232267037542,0.0898181818181818,-0.13953488372093026,,0.15180902648265573,-0.052182163187855846,0.15328467153284683,0.9903731727678009,9015944.2,5736240.7,1.5717513736827673,0.027551390606309747,0.020785122606888827,1.3255341874759194,False,-0.0047078371642204075,-0.006850253459377953,True,3,2,部分收敛/待确认,-0.2773088979985532,0.43125618199802174,0.017087200719460904,0.03132916737037683,-0.0341655716162943,,0.0010020040080158665,26.81,26.81,0.11786646773591936,0.11786646773591936,True,True,False,False,False,True,True,True,True,True,True,False,3,1,0,1,3,1,4,0,13,True,,核心：振幅、流动性（成交量/换手合并）与短期止跌三类证据中至少两类支持+40日趋势仍活；缺失量价/换手必须明示；2%-6%单日加速仅为中等证据,28,True,30,50,46,13,入选：阶段2分=13；软容量30-50只，本次实际46只
688112,鼎阳科技,69.82,0.003593502946672489,0.017932643242454915,0.012617839013777887,0.39333466373977233,0.058680818802122614,-0.049680141554376056,,0.12067616215370158,-0.050068027210884436,0.1309432220341592,0.9215915133218637,2987475.8,4703370.3,0.6351776724873225,0.01719262900641985,0.029470314279258135,0.5833880441010569,True,-0.01561312203964682,-0.006222040887697178,False,3,2,部分收敛/待确认,-0.23417790940002203,0.6169029248160773,0.0643049320518585,0.05139896979630043,-0.0062764788953396655,,-0.0015730015730017755,63.89,63.89,0.09281577711691957,0.09281577711691957,True,True,True,True,True,False,True,True,True,True,True,False,3,1,1,0,3,1,4,0,13,True,,核心：振幅、流动性（成交量/换手合并）与短期止跌三类证据中至少两类支持+40日趋势仍活；缺失量价/换手必须明示；2%-6%单日加速仅为中等证据,28,True,30,50,46,13,入选：阶段2分=13；软容量30-50只，本次实际46只
000020,深华发Ａ,13.7,0.10040160642570273,0.04980842911877392,0.07959022852639874,0.22649955237242603,0.3173076923076923,0.14644351464435146,,0.12203112203112189,-0.0029112081513829047,0.2345013477088948,0.5203855893511061,7099177.2,18053239.1,0.3932356493300972,0.033865890257151775,0.09965059551578473,0.33984634092615523,True,-0.0059514487079092016,0.013446175749426414,True,3,3,收敛较充分,-0.4660950896336711,0.2755905511811023,0.10230518566198632,0.04051925320886807,0.010951301026497884,,0.04980842911877392,12.21,12.21,0.12203112203112187,0.12203112203112187,True,True,True,True,True,True,True,True,True,False,True,False,3,1,1,1,3,1,2,0,12,True,,核心：振幅、流动性（成交量/换手合并）与短期止跌三类证据中至少两类支持+40日趋势仍活；缺失量价/换手必须明示；2%-6%单日加速仅为中等证据,47,False,30,50,46,13,未入选：满足基础条件，但位于本次软容量边界之外（30-50只）
000889,中嘉博创,4.01,0.015189873417721378,-0.014742014742014864,0.0,0.007537688442210921,0.34113712374581917,0.12957746478873244,,0.043147208121827506,-0.10491071428571441,0.11413043478260855,0.37805172830553674,29228882.8,37676147.6,0.7757927670927799,0.034602612665939676,0.04331590179401016,0.7988431784357914,True,-0.00793257312840856,0.004751187796949052,True,3,3,收敛较充分,-0.31918505942275044,0.381578947368421,0.0052644773126095945,0.010683760683760868,0.015154281540989523,,-0.024330900243309084,3.94,3.92,0.017766497461928932,0.022959183673469274,True,True,True,True,True,True,True,True,True,False,True,False,3,1,1,1,3,1,2,0,12,True,,核心：振幅、流动性（成交量/换手合并）与短期止跌三类证据中至少两类支持+40日趋势仍活；缺失量价/换手必须明示；2%-6%单日加速仅为中等证据,47,False,30,50,46,13,未入选：满足基础条件，但位于本次软容量边界之外（30-50只）
002174,游族网络,12.22,0.003284072249589487,0.0243084660519699,0.02088554720133673,0.019182652210175233,0.028619528619528545,0.21230158730158744,,0.10689045936395751,-0.11320754716981118,0.19514310494362533,0.5477542206517467,33008843.2,26672111.1,1.2375789481470778,0.033707978976210404,0.027237033262951432,1.2375789481470778,False,0.012001352265043952,8.34585211149097e-05,True,3,2,部分收敛/待确认,-0.11320754716981118,0.6809815950920247,-0.005129040136774288,0.013518430406672666,0.0172564623546676,,-0.01768488745980701,11.32,11.32,0.07950530035335701,0.07950530035335701,True,True,False,False,False,True,True,True,False,True,True,False,3,1,0,1,3,0,4,0,12,True,,核心：振幅、流动性（成交量/换手合并）与短期止跌三类证据中至少两类支持+40日趋势仍活；缺失量价/换手必须明示；2%-6%单日加速仅为中等证据,47,False,30,50,46,13,未入选：满足基础条件，但位于本次软容量边界之外（30-50只）
002229,鸿博股份,12.16,-0.016976556184316816,0.0008230452674897748,0.11457378551787345,0.035775127768313375,0.2881355932203391,-0.09658246656760783,,0.04694048616932108,-0.14366197183098584,0.2009708737864076,0.23356860267826451,48973979.4,57601998.5,0.8502131987660115,0.09865043232316198,0.11680082760086072,0.8446038812351276,True,-0.0004930966469429698,0.03488573407202211,True,3,3,收敛较充分,-0.39742319127849357,0.3098106712564544,0.014263074484944571,0.035089816779747096,-0.031170445799538316,,-0.020933977455716568,11.93,10.71,0.019279128248113953,0.13538748832866476,True,True,True,True,True,True,True,True,True,False,True,False,3,1,1,1,3,1,2,0,12,True,,核心：振幅、流动性（成交量/换手合并）与短期止跌三类证据中至少两类支持+40日趋势仍活；缺失量价/换手必须明示；2%-6%单日加速仅为中等证据,47,False,30,50,46,13,未入选：满足基础条件，但位于本次软容量边界之外（30-50只）
002322,理工能科,12.71,-0.0031372549019607066,-0.014728682170542573,0.06896551724137923,0.18674136321195145,0.27354709418837686,0.17685185185185182,,0.04365079365079371,-0.09922041105598856,0.12305025996533811,0.3547395484015203,7399821.2,14155491.3,0.5227526931544934,0.0227480359356668,0.04028531468763912,0.5646731597369564,True,0.0028199906000314634,0.02231384913897627,True,3,3,收敛较充分,-0.1394719025050778,0.6156716417910449,0.028317152103559895,0.04161887114326901,0.027256759299918443,,-0.033460076045627285,12.6,11.75,0.008730158730158921,0.08170212765957463,True,True,True,True,True,True,True,True,True,False,True,False,3,1,1,1,3,1,2,0,12,True,,核心：振幅、流动性（成交量/换手合并）与短期止跌三类证据中至少两类支持+40日趋势仍活；缺失量价/换手必须明示；2%-6%单日加速仅为中等证据,47,False,30,50,46,13,未入选：满足基础条件，但位于本次软容量边界之外（30-50只）
002476,新叶股份,5.33,0.007561436672967936,0.045098039215686336,0.03696498054474717,0.16630196936542663,0.2004504504504503,-0.011131725417439675,,0.0533596837944665,0.0,0.08823529411764705,0.6047430830039537,8945296.0,10125373.6,0.883453426350609,0.013908366013071825,0.016544728104575118,0.8406524377530109,True,0.01724137931034475,0.011019283746556585,True,3,3,收敛较充分,-0.1472,0.5892857142857143,0.067067067067067,0.03528485542513615,-0.002484254723583157,,0.032945736434108586,5.06,4.99,0.05335968379446654,0.06813627254509025,True,True,True,True,True,True,True,True,True,False,True,False,3,1,1,1,3,1,2,0,12,True,,核心：振幅、流动性（成交量/换手合并）与短期止跌三类证据中至少两类支持+40日趋势仍活；缺失量价/换手必须明示；2%-6%单日加速仅为中等证据,47,False,30,50,46,13,未入选：满足基础条件，但位于本次软容量边界之外（30-50只）
002908,德生科技,7.36,0.0013605442176871652,-0.004059539918809141,0.02364394993045904,0.0308123249299721,0.17948717948717952,0.027932960893854775,,0.04252400548696839,-0.03157894736842093,0.08970588235294123,0.47403809395309,5453426.4,5909727.8,0.922788085095899,0.018231486081843974,0.0181699063246841,1.003389107024521,True,0.007646095030038325,0.015412385448486443,True,3,3,收敛较充分,-0.24123711340206178,0.3500000000000002,0.025498118991222007,0.024599597199577827,0.0011486106698601617,,-0.023872679045092826,7.29,7.08,0.009602194787380114,0.039548022598870025,True,True,True,False,True,True,True,True,True,False,True,False,3,1,1,1,3,1,2,0,12,True,,核心：振幅、流动性（成交量/换手合并）与短期止跌三类证据中至少两类支持+40日趋势仍活；缺失量价/换手必须明示；2%-6%单日加速仅为中等证据,47,False,30,50,46,13,未入选：满足基础条件，但位于本次软容量边界之外（30-50只）
002973,侨银股份,12.41,-0.006405124099279402,-0.012728719172633296,0.0402347024308467,0.030730897009966895,0.26762002042900934,-0.0040128410914928025,,0.0689655172413793,-0.046850998463901616,0.23709369024856583,0.29087875417130155,5692545.8,9070209.9,0.6276090479449654,0.019700681918152173,0.028553823426197,0.6899489999674643,True,-0.003625472887767933,0.02704696336365875,True,3,3,收敛较充分,-0.12912280701754386,0.6696588868940755,0.028424629153890768,0.054224270353302684,-0.002241024468328634,,-0.04611837048424283,12.18,11.81,0.018883415435139606,0.05080440304826417,True,True,True,True,True,True,True,True,True,False,True,False,3,1,1,1,3,1,2,0,12,True,,核心：振幅、流动性（成交量/换手合并）与短期止跌三类证据中至少两类支持+40日趋势仍活；缺失量价/换手必须明示；2%-6%单日加速仅为中等证据,47,False,30,50,46,13,未入选：满足基础条件，但位于本次软容量边界之外（30-50只）
300134,大富科技,8.71,0.0,-0.0091012514220703,0.04311377245509007,0.01396973224679865,0.13856209150326793,-0.10758196721311464,,0.05250875145857634,-0.034368070953436636,0.1447028423772609,0.3628729788298046,11768891.6,12138654.2,0.969538418847124,0.013553750848441876,0.01581587718157532,0.8569711747781713,True,0.00022972662531617338,0.01647252617955064,True,3,3,收敛较充分,-0.2729549248747912,0.3511904761904763,0.02712264150943411,0.025349260984004918,-0.028277139109636806,,-0.022446689113355678,8.57,8.19,0.016336056009334854,0.06349206349206371,True,True,True,True,True,True,True,True,True,False,True,False,3,1,1,1,3,1,2,0,12,True,,核心：振幅、流动性（成交量/换手合并）与短期止跌三类证据中至少两类支持+40日趋势仍活；缺失量价/换手必须明示；2%-6%单日加速仅为中等证据,47,False,30,50,46,13,未入选：满足基础条件，但位于本次软容量边界之外（30-50只）
301227,森鹰窗业,34.35,-0.02331532556155813,0.03996366939146223,0.07646505797555636,0.32268001540238744,0.6715328467153285,0.24007220216606506,,0.0871419865935405,-0.03727578475336313,0.2835090361445785,0.3073693444786765,2459309.8,3182270.5,0.7728160758175648,0.033825302651170876,0.043056931375777804,0.7855948292264903,True,0.0335667713112775,0.033412440669498,True,3,3,收敛较充分,-0.03727578475336313,0.9340277777777779,0.12750488257208992,0.11493398559439982,0.06330965315503545,,-0.02220324508966698,32.82,30.0,0.046617915904936025,0.14500000000000002,True,True,True,True,True,True,True,True,True,False,True,False,3,1,1,1,3,1,2,0,12,True,,核心：振幅、流动性（成交量/换手合并）与短期止跌三类证据中至少两类支持+40日趋势仍活；缺失量价/换手必须明示；2%-6%单日加速仅为中等证据,47,False,30,50,46,13,未入选：满足基础条件，但位于本次软容量边界之外（30-50只）
301282,金禄电子,40.93,0.030463242698892223,0.11861164252528011,0.22252090800477897,0.7139865996649917,0.8732265446224254,0.6177865612648221,,0.17314189189189183,-0.02547619047619043,0.3125,0.5540540540540538,20021415.2,24991160.6,0.8011398718313225,0.11338575232032891,0.14153053206694213,0.8011398718313225,True,0.08989774131924944,0.04348568015699228,True,3,3,收敛较充分,-0.02547619047619043,0.9570970328789093,0.18248660204833378,0.10244495539852427,0.0462387427703741,,-0.004862630683199698,35.52,32.0,0.1523085585585584,0.2790625,False,True,True,True,True,True,False,True,True,True,True,True,0,1,1,1,3,1,4,1,12,False,10日速度仍偏快，整理可能未完成,核心：振幅、流动性（成交量/换手合并）与短期止跌三类证据中至少两类支持+40日趋势仍活；缺失量价/换手必须明示；2%-6%单日加速仅为中等证据,47,False,30,50,46,13,未入选：未满足二级结构筛选最低资格条件
600379,宝光股份,14.69,0.0,0.018723994452149784,-0.006089309878213767,0.09219330855018582,0.10368144252441769,0.1991836734693877,,0.07952146375791688,-0.08644278606965172,0.16945454545454533,0.4692790243224712,16315852.0,21303412.2,0.7658797495360861,0.055201458706597734,0.06451638793570337,0.8556191763495992,True,0.007515714676140872,-0.008434800353717242,True,3,3,收敛较充分,-0.2920481927710844,0.47487001733102246,0.0011585906086009068,0.04239806237359223,0.027127019163238675,,-0.030363036303630464,14.21,13.75,0.03377902885292028,0.0683636363636364,True,True,True,True,True,True,True,True,True,False,True,False,3,1,1,1,3,1,2,0,12,True,,核心：振幅、流动性（成交量/换手合并）与短期止跌三类证据中至少两类支持+40日趋势仍活；缺失量价/换手必须明示；2%-6%单日加速仅为中等证据,47,False,30,50,46,13,未入选：满足基础条件，但位于本次软容量边界之外（30-50只）
600500,中化国际,5.81,0.056363636363636394,0.03935599284436497,0.10037878787878785,0.08598130841121487,-0.07040000000000002,-0.29490291262135926,,0.11048689138576777,-0.0202360876897133,0.14629258517034058,0.7552460109794268,120729918.8,135031414.1,0.8940876432693746,0.0299899946975067,0.037630960876195815,0.7969500113529507,True,-0.008559201141226658,0.009798584648883946,True,3,3,收敛较充分,-0.41015228426395944,0.29370629370629364,0.06605504587155964,0.025336962156557563,-0.025012128726214167,,0.017513134851138368,5.34,5.15,0.08801498127340812,0.12815533980582505,True,True,True,True,True,True,True,False,True,True,True,True,3,1,1,1,0,1,4,1,12,False,40日趋势偏弱,核心：振幅、流动性（成交量/换手合并）与短期止跌三类证据中至少两类支持+40日趋势仍活；缺失量价/换手必须明示；2%-6%单日加速仅为中等证据,47,False,30,50,46,13,未入选：未满足二级结构筛选最低资格条件
600712,南宁百货,6.13,0.02680067001675046,0.05689655172413799,0.12477064220183487,0.09464285714285725,0.2851153039832286,0.16761904761904756,,0.1265822784810127,-0.01605136436597121,0.13592233009708724,0.9312839059674515,21461790.8,11854254.6,1.81047155845632,0.035553599585656175,0.02200740824295555,1.6155286980254335,False,0.03326256192498245,0.03598037434126833,True,3,2,部分收敛/待确认,-0.07261724659606661,0.792207792207792,0.10530111792282715,0.041215574548907785,0.005032021957914079,,0.04074702886247872,5.53,5.37,0.10849909584086803,0.14152700186219724,True,True,False,False,False,True,True,True,True,False,True,True,3,1,0,1,3,1,2,1,12,True,,核心：振幅、流动性（成交量/换手合并）与短期止跌三类证据中至少两类支持+40日趋势仍活；缺失量价/换手必须明示；2%-6%单日加速仅为中等证据,47,False,30,50,46,13,未入选：满足基础条件，但位于本次软容量边界之外（30-50只）
601609,金田股份,13.39,0.006010518407212562,-0.005200594353640398,-0.005200594353640398,0.3153241650294696,0.3063414634146342,0.061855670103092786,,0.06994619523443506,-0.03807471264367812,0.1715976331360946,0.4076174825730872,52351899.6,89760263.6,0.583241375418599,0.03224346437889905,0.05192541965315696,0.6209572227682268,True,0.0016369047619047006,-0.00022423200538168597,True,3,3,收敛较充分,-0.06884561891515995,0.8190127970749542,0.05267295597484267,0.0560830860534125,0.01523806675439654,,-0.03391053391053378,13.01,12.56,0.02920830130668728,0.06608280254777066,True,True,True,True,True,True,True,True,True,False,True,False,3,1,1,1,3,1,2,0,12,True,,核心：振幅、流动性（成交量/换手合并）与短期止跌三类证据中至少两类支持+40日趋势仍活；缺失量价/换手必须明示；2%-6%单日加速仅为中等证据,47,False,30,50,46,13,未入选：满足基础条件，但位于本次软容量边界之外（30-50只）
601886,江河集团,13.41,-0.02472727272727271,-0.007401924500370027,0.0029917726252806087,0.40713536201469047,0.7126436781609196,0.445043103448276,,0.08443067389620448,-0.055633802816901334,0.15166261151662605,0.5567006465990384,18759196.2,30880183.3,0.6074833176265505,0.016843764829518423,0.027255187250056667,0.618002168724172,True,0.007360672975815108,0.007015691007845604,True,3,3,收敛较充分,-0.055633802816901334,0.8866571018651364,0.03953488372093017,0.07905695231535126,0.08462185181123649,,-0.04214285714285715,12.91,12.81,0.03872966692486446,0.04683840749414525,True,True,True,True,True,True,True,True,True,False,True,False,3,1,1,1,3,1,2,0,12,True,,核心：振幅、流动性（成交量/换手合并）与短期止跌三类证据中至少两类支持+40日趋势仍活；缺失量价/换手必须明示；2%-6%单日加速仅为中等证据,47,False,30,50,46,13,未入选：满足基础条件，但位于本次软容量边界之外（30-50只）
603093,南华期货,13.29,0.011415525114155223,-0.0418168709444845,0.15064935064935048,0.09113300492610832,0.14866032843560917,-0.08281573498964812,,0.06722689075630259,-0.07127882599580726,0.2938517179023508,0.22877828054298666,19763312.0,28274086.9,0.6989902828656865,0.023075319210095174,0.03205537081756439,0.7198581274078197,True,-0.006554446596156671,0.045318646734854307,True,3,3,收敛较充分,-0.25754189944134076,0.33188405797101445,0.06260494123290927,0.025502764862857186,0.0004274189239727999,,-0.04867573371510392,13.09,11.44,0.015278838808250539,0.16171328671328666,True,True,True,True,True,True,True,True,True,False,True,False,3,1,1,1,3,1,2,0,12,True,,核心：振幅、流动性（成交量/换手合并）与短期止跌三类证据中至少两类支持+40日趋势仍活；缺失量价/换手必须明示；2%-6%单日加速仅为中等证据,47,False,30,50,46,13,未入选：满足基础条件，但位于本次软容量边界之外（30-50只）
603188,亚邦股份,4.94,-0.004032258064516014,-0.02564102564102566,0.037815126050420256,0.012295081967213184,0.27319587628865993,0.1201814058956916,,0.09978768577494687,-0.06439393939393934,0.18385650224215253,0.5427476567759304,18915400.0,23971323.7,0.7890845009948283,0.036298516232000956,0.04204241489380356,0.8633784791784362,True,-0.008093889113719333,0.0161157024793388,True,3,3,收敛较充分,-0.08687615526802217,0.7684729064039411,0.029273882696114306,0.044872771598354566,0.022195608782435317,,-0.04633204633204624,4.71,4.71,0.04883227176220806,0.04883227176220806,True,True,True,True,True,True,True,True,True,False,True,False,3,1,1,1,3,1,2,0,12,True,,核心：振幅、流动性（成交量/换手合并）与短期止跌三类证据中至少两类支持+40日趋势仍活；缺失量价/换手必须明示；2%-6%单日加速仅为中等证据,47,False,30,50,46,13,未入选：满足基础条件，但位于本次软容量边界之外（30-50只）
603217,元利科技,29.84,0.023319615912208436,-0.02419882275997376,0.05107432194434658,0.19503404084901876,0.4721262950172669,0.23663489432242035,,0.09964285714285712,-0.03085417343293273,0.21598101265822772,0.4613500784929358,4118732.0,5468919.7,0.7531161958731996,0.021261074662786202,0.02628181448582228,0.808965251400564,True,-0.01761589403973507,0.025168942214866874,False,3,2,部分收敛/待确认,-0.09024390243902436,0.8162631905648666,0.06478260093846466,0.07964039606148066,0.04312917331442412,,-0.029277813923227036,28.0,27.7,0.06571428571428561,0.07725631768953067,True,True,True,True,True,False,True,True,True,False,True,True,3,1,1,0,3,1,2,1,12,True,,核心：振幅、流动性（成交量/换手合并）与短期止跌三类证据中至少两类支持+40日趋势仍活；缺失量价/换手必须明示；2%-6%单日加速仅为中等证据,47,False,30,50,46,13,未入选：满足基础条件，但位于本次软容量边界之外（30-50只）
603236,移远通信,62.1,-0.017715912685858815,-0.007828726633647531,0.10576923076923084,0.19999999999999996,0.2415033986405437,0.10616316351977195,,0.07431551499348113,-0.05794902912621358,0.16069449575175476,0.46246459560311115,14416822.0,14443621.4,0.9981445511996042,0.03881931436248395,0.0356791997114692,1.0880096716408512,True,0.02356089283383378,0.029480851063829805,True,3,3,收敛较充分,-0.05794902912621358,0.8203198494825965,0.046167841710256896,0.041897134276060344,0.014473301568127539,,-0.04710756483044343,61.36,54.14,0.01205997392438074,0.14702622829700784,True,True,True,False,True,True,True,True,True,False,True,False,3,1,1,1,3,1,2,0,12,True,,核心：振幅、流动性（成交量/换手合并）与短期止跌三类证据中至少两类支持+40日趋势仍活；缺失量价/换手必须明示；2%-6%单日加速仅为中等证据,47,False,30,50,46,13,未入选：满足基础条件，但位于本次软容量边界之外（30-50只）
603366,日出东方,7.74,0.01308900523560208,0.002590673575129543,0.040322580645161255,0.12173913043478257,0.2188976377952756,0.10413694721825961,,0.08266666666666657,-0.046798029556650134,0.18540145985401454,0.4458792650918631,34419414.4,37215839.0,0.9248592890785022,0.0444148617475216,0.045773231564315474,0.970323925788695,True,0.010193413486670133,0.016999063043769302,True,3,3,收敛较充分,-0.29764065335753176,0.32091097308488614,0.04743216726436161,0.029730758253258216,0.012978158708514709,,-0.03249999999999997,7.5,7.14,0.03200000000000003,0.0840336134453783,True,True,True,True,True,True,True,True,True,False,True,False,3,1,1,1,3,1,2,0,12,True,,核心：振幅、流动性（成交量/换手合并）与短期止跌三类证据中至少两类支持+40日趋势仍活；缺失量价/换手必须明示；2%-6%单日加速仅为中等证据,47,False,30,50,46,13,未入选：满足基础条件，但位于本次软容量边界之外（30-50只）
605198,安德利,66.3,0.00591715976331364,-0.021402214022140265,0.02330606575088745,-0.03535573985159324,0.1662269129287599,0.028225806451612767,,0.052147239263803546,-0.06130539430836757,0.24294781382228495,0.21464378890006797,2063852.0,4319559.1,0.47779228208730845,0.00762875181121916,0.01596667023982017,0.4777922820873065,True,-0.007338464292106717,0.023905303555740387,True,3,3,收敛较充分,-0.22754281719678437,0.6140316205533597,0.0072620096624227415,0.039971390508637406,0.023408625342769884,,-0.027716673999120145,65.2,61.75,0.016871165644171793,0.0736842105263158,True,True,True,True,True,True,True,True,True,False,True,False,3,1,1,1,3,1,2,0,12,True,,核心：振幅、流动性（成交量/换手合并）与短期止跌三类证据中至少两类支持+40日趋势仍活；缺失量价/换手必须明示；2%-6%单日加速仅为中等证据,47,False,30,50,46,13,未入选：满足基础条件，但位于本次软容量边界之外（30-50只）
001268,联合精密,25.65,-0.014219830899308228,-0.02804092459264884,0.14919354838709675,0.3255813953488371,0.21047663992449261,-0.1543026706231454,,0.0793456032719837,-0.04964801778436456,0.3770408163265304,0.21044300732488244,3823976.8,7987806.2,0.47872678733742935,0.043890879711324424,0.08467254584139006,0.5183602226103076,True,-0.01308555942702283,0.04620664297095223,False,3,2,部分收敛/待确认,-0.2356972586412397,0.5558674901740593,0.11111111111111094,0.06043073493738915,-0.020893397401672842,,-0.02804092459264884,24.45,22.08,0.04907975460122693,0.1616847826086958,True,True,True,True,True,False,True,True,True,False,True,False,3,1,1,0,3,1,2,0,11,True,,核心：振幅、流动性（成交量/换手合并）与短期止跌三类证据中至少两类支持+40日趋势仍活；缺失量价/换手必须明示；2%-6%单日加速仅为中等证据,69,False,30,50,46,13,未入选：满足基础条件，但位于本次软容量边界之外（30-50只）
002015,协鑫能科,16.92,-0.015706806282722474,-0.028702640642939148,0.06549118387909325,0.10013003901170348,0.19322990126939366,-0.06879471656576774,,0.07525586995785671,-0.05263157894736825,0.2659883720930234,0.2829291723005759,134532959.2,107148800.2,1.2555713078343922,0.08910406427805198,0.06600577560145339,1.3499434476168777,False,0.02410360954550894,0.034878722750997904,True,3,2,部分收敛/待确认,-0.3364705882352941,0.3152434158020751,0.059188081004100335,0.02290819416803669,-0.037444933920704804,,-0.046223224351747305,16.61,15.41,0.01866345574954864,0.0979883192731994,True,True,False,False,False,True,True,True,True,False,True,False,3,1,0,1,3,1,2,0,11,True,,核心：振幅、流动性（成交量/换手合并）与短期止跌三类证据中至少两类支持+40日趋势仍活；缺失量价/换手必须明示；2%-6%单日加速仅为中等证据,69,False,30,50,46,13,未入选：满足基础条件，但位于本次软容量边界之外（30-50只）
002382,蓝帆医疗,5.9,-0.008403361344537785,0.003401360544217802,0.0,-0.028006589785831926,0.1368015414258188,0.027874564459930307,,0.0340136054421769,-0.05901116427432207,0.1019332161687169,0.3336851982172187,10794609.8,14523009.9,0.7432763507239639,0.010818494580234862,0.01455514435471739,0.743276350723965,True,-0.0066489361702127825,0.0010011680293675607,True,3,3,收敛较充分,-0.3378226711560045,0.2301790281329924,-0.012552301255229992,0.011745347253744987,-0.002400679216558954,,-0.026402640264026278,5.88,5.69,0.003401360544217802,0.03690685413005279,True,True,True,True,True,True,True,True,False,False,True,False,3,1,1,1,3,0,2,0,11,True,,核心：振幅、流动性（成交量/换手合并）与短期止跌三类证据中至少两类支持+40日趋势仍活；缺失量价/换手必须明示；2%-6%单日加速仅为中等证据,69,False,30,50,46,13,未入选：满足基础条件，但位于本次软容量边界之外（30-50只）
002491,通鼎互联,21.45,0.016587677725118377,0.014184397163120588,0.00233644859813098,0.2521891418563924,0.028283796740172562,-0.11106506423539164,,0.08861386138613858,-0.11363636363636365,0.4086146682188591,0.2168641223096668,144857526.6,250101675.0,0.5791945479773376,0.11589466245392875,0.2125867476046513,0.5451640977614403,True,-0.024694783573806944,-0.0022053756030323557,False,3,2,部分收敛/待确认,-0.45983379501385047,0.3987487652288442,0.03480714957666975,0.04518447883811372,-0.02301429913370201,,-0.024556616643929052,20.2,20.2,0.061881188118811936,0.061881188118811936,True,True,True,True,True,False,True,True,True,False,True,False,3,1,1,0,3,1,2,0,11,True,,核心：振幅、流动性（成交量/换手合并）与短期止跌三类证据中至少两类支持+40日趋势仍活；缺失量价/换手必须明示；2%-6%单日加速仅为中等证据,69,False,30,50,46,13,未入选：满足基础条件，但位于本次软容量边界之外（30-50只）
002582,好想你,10.52,0.0183930300096804,0.0028598665395613843,0.04990019960079839,0.008628954937679678,0.2246798603026774,0.11440677966101687,,0.0749506903353057,-0.12260216847372818,0.20951417004048567,0.35773566208348834,22014050.2,32606723.3,0.6751383755263749,0.0639618716987284,0.09473890689276877,0.675138375526375,True,-0.008768585589020272,0.0007701193685021313,True,3,3,收敛较充分,-0.1556982343499198,0.5314009661835747,-0.00852928702700162,0.02149871138224646,0.012909046743242003,,-0.024118738404452666,10.14,9.95,0.03747534516765283,0.05728643216080398,True,True,True,True,True,True,True,True,False,False,True,False,3,1,1,1,3,0,2,0,11,True,,核心：振幅、流动性（成交量/换手合并）与短期止跌三类证据中至少两类支持+40日趋势仍活；缺失量价/换手必须明示；2%-6%单日加速仅为中等证据,69,False,30,50,46,13,未入选：满足基础条件，但位于本次软容量边界之外（30-50只）
002659,凯文教育,4.65,0.004319654427645814,0.0021551724137931494,0.054421768707483054,-0.03124999999999989,0.1892583120204605,0.1124401913875599,,0.06401766004415012,-0.047131147540983465,0.08120649651972171,0.7883317565436758,15767180.2,11779438.2,1.3385341416367378,0.02635425830897834,0.019688895104874003,1.3385341416367402,False,0.0034364261168384758,0.012697022767075072,True,3,2,部分收敛/待确认,-0.1827768014059754,0.5023923444976077,0.01196953210010876,0.029768137621540847,0.012990108449529192,,-0.029227557411273475,4.53,4.39,0.026490066225165476,0.05922551252847397,True,True,False,False,False,True,True,True,True,False,True,False,3,1,0,1,3,1,2,0,11,True,,核心：振幅、流动性（成交量/换手合并）与短期止跌三类证据中至少两类支持+40日趋势仍活；缺失量价/换手必须明示；2%-6%单日加速仅为中等证据,69,False,30,50,46,13,未入选：满足基础条件，但位于本次软容量边界之外（30-50只）
002846,英联股份,10.91,-0.009981851179673318,-0.013562386980108476,0.022492970946579316,0.0036798528058878954,0.12823164426059974,-0.11802748585286982,,0.08248378127896207,-0.06592465753424659,0.11277445109780447,0.7314048570046012,7805159.0,5337925.8,1.4622082232765394,0.0319423752598922,0.019704631808245478,1.6210592296642554,False,0.001995645863570372,0.013694827426668166,True,3,2,部分收敛/待确认,-0.3860438942037141,0.23862375138734743,0.013422507082810897,0.027709339903369212,-0.013570018497505054,,-0.03706972639011474,10.79,10.58,0.011121408711770142,0.031190926275992403,True,True,False,False,False,True,True,True,True,False,True,False,3,1,0,1,3,1,2,0,11,True,,核心：振幅、流动性（成交量/换手合并）与短期止跌三类证据中至少两类支持+40日趋势仍活；缺失量价/换手必须明示；2%-6%单日加速仅为中等证据,69,False,30,50,46,13,未入选：满足基础条件，但位于本次软容量边界之外（30-50只）
002953,日丰股份,10.81,0.01217228464419473,-0.013686131386861367,-0.010978956999085021,0.09412955465587047,0.24252873563218413,0.10418794688457633,,0.09903846153846148,-0.09916666666666663,0.1764705882352942,0.5612179487179481,16893926.4,27934944.2,0.6047596257593383,0.06369082696540511,0.0993105569007291,0.6413298742153919,True,-0.024116047144152275,-0.002361918604651181,False,3,2,部分收敛/待确认,-0.18965517241379304,0.4909456740442658,0.008677801623588666,0.01615271659324513,0.019037012546331056,,-0.027002700270026936,10.4,10.4,0.039423076923077005,0.039423076923077005,True,True,True,True,True,False,True,True,True,False,True,False,3,1,1,0,3,1,2,0,11,True,,核心：振幅、流动性（成交量/换手合并）与短期止跌三类证据中至少两类支持+40日趋势仍活；缺失量价/换手必须明示；2%-6%单日加速仅为中等证据,69,False,30,50,46,13,未入选：满足基础条件，但位于本次软容量边界之外（30-50只）
300169,天晟新材,5.72,-0.00694444444444442,-0.03050847457627126,0.04954128440366956,-0.00694444444444442,0.2711111111111111,0.08952380952380956,,0.0544815465729349,-0.08479999999999999,0.15955473098330247,0.34145992561409183,12722302.4,9908499.6,1.283978696431496,0.0421637179245781,0.03283833138490675,1.2839786964314974,False,0.005904828065300238,0.009897490279250798,True,3,2,部分收敛/待确认,-0.19775596072931279,0.5315614617940199,0.006156552330694787,0.044639521852820385,0.008504996281085253,,-0.046666666666666745,5.69,5.41,0.005272407732864526,0.05730129390018468,True,True,False,False,False,True,True,True,True,False,True,False,3,1,0,1,3,1,2,0,11,True,,核心：振幅、流动性（成交量/换手合并）与短期止跌三类证据中至少两类支持+40日趋势仍活；缺失量价/换手必须明示；2%-6%单日加速仅为中等证据,69,False,30,50,46,13,未入选：满足基础条件，但位于本次软容量边界之外（30-50只）
301152,天力锂能,22.53,0.011674898967220626,-0.03511777301927199,-0.06046705587989987,0.10985221674876855,0.08683068017366136,-0.12026552128074963,,0.05542935029532026,-0.1157770800627943,0.36402569593147754,0.1522676858112621,6683258.8,12385192.2,0.539616882166754,0.1005901777251306,0.17423378733344097,0.5773287676552972,True,-0.01255487269534672,0.0016777041942606097,False,3,2,部分收敛/待确认,-0.3789966923925028,0.27171610169491534,0.0435145086959543,0.02387267904509316,-0.01847381127322334,,-0.03013344812742136,22.01,22.0,0.02362562471603824,0.024090909090909163,True,True,True,True,True,False,True,True,True,False,True,False,3,1,1,0,3,1,2,0,11,True,,核心：振幅、流动性（成交量/换手合并）与短期止跌三类证据中至少两类支持+40日趋势仍活；缺失量价/换手必须明示；2%-6%单日加速仅为中等证据,69,False,30,50,46,13,未入选：满足基础条件，但位于本次软容量边界之外（30-50只）
301231,荣信文化,30.03,0.007718120805369155,-0.014440433212996262,0.1113989637305699,0.09200000000000008,0.22073170731707314,-0.11206386753400355,,0.10133708655876139,-0.07713583282114311,0.2846427161468615,0.3560150350254404,10084823.2,6144998.9,1.6411432067139993,0.15634495116993471,0.09391571120722589,1.6647369131343543,False,0.004831575365770835,0.029099208330361614,True,3,2,部分收敛/待确认,-0.2315762538382804,0.5144849785407726,0.06699355113787786,0.04552463284547903,-0.030769695322643953,,-0.040575079872204434,28.42,26.02,0.056650246305418595,0.15411222136817848,True,True,False,False,False,True,True,True,True,False,True,False,3,1,0,1,3,1,2,0,11,True,,核心：振幅、流动性（成交量/换手合并）与短期止跌三类证据中至少两类支持+40日趋势仍活；缺失量价/换手必须明示；2%-6%单日加速仅为中等证据,69,False,30,50,46,13,未入选：满足基础条件，但位于本次软容量边界之外（30-50只）
600698,湖南天雁,7.62,-0.028061224489795866,0.03392130257801895,0.04670329670329676,0.03673469387755102,0.33684210526315783,0.11730205278592365,,0.15363128491620107,-0.07748184019370452,0.1990595611285267,0.7717855100514666,74989322.6,29766632.5,2.519241052880268,0.08874143687297052,0.035843904022834674,2.475774871410129,False,0.037157580688907066,0.04021149297342408,True,3,2,部分收敛/待确认,-0.15333333333333332,0.6112676056338028,0.057525501353132835,0.029224100141249876,0.022753898622790647,,-0.042713567839196,7.16,7.0,0.06424581005586583,0.08857142857142852,True,True,False,False,False,True,True,True,True,False,True,False,3,1,0,1,3,1,2,0,11,True,,核心：振幅、流动性（成交量/换手合并）与短期止跌三类证据中至少两类支持+40日趋势仍活；缺失量价/换手必须明示；2%-6%单日加速仅为中等证据,69,False,30,50,46,13,未入选：满足基础条件，但位于本次软容量边界之外（30-50只）
603333,福华尚纬,9.95,0.005050505050504972,-0.010934393638171058,0.02051282051282044,0.05291005291005302,0.2675159235668789,0.16647127784290738,,0.07851239669421485,-0.08210332103321039,0.2678362573099414,0.29313580425132635,13550170.0,27870565.0,0.48618210646249904,0.024103676711141123,0.04484204020511484,0.5375240867919246,True,-0.013537374926427148,0.0065756700209227414,False,3,2,部分收敛/待确认,-0.08210332103321039,0.7534626038781161,0.028849136593940727,0.030985295735396212,0.028230334311774685,,-0.04050144648023146,9.68,9.58,0.02789256198347112,0.03862212943632559,True,True,True,True,True,False,True,True,True,False,True,False,3,1,1,0,3,1,2,0,11,True,,核心：振幅、流动性（成交量/换手合并）与短期止跌三类证据中至少两类支持+40日趋势仍活；缺失量价/换手必须明示；2%-6%单日加速仅为中等证据,69,False,30,50,46,13,未入选：满足基础条件，但位于本次软容量边界之外（30-50只）
603387,基蛋生物,9.22,-0.005393743257820827,-0.010729613733905574,0.004357298474945592,-0.010729613733905574,0.116222760290557,0.15394242803504388,,0.04362050163576885,-0.07056451612903214,0.09251101321585901,0.4715168510152158,6887034.8,11782232.0,0.5845271761751084,0.01357978318032638,0.023232081815573756,0.584527176175107,True,-0.005748350010645109,-0.004888936124986865,True,3,3,收敛较充分,-0.17752007136485282,0.48177083333333337,-0.016061042633797706,0.01336506774075441,0.021632557777604866,,-0.030494216614090353,9.17,9.09,0.005452562704471253,0.014301430143014437,True,True,True,True,True,True,True,True,False,False,True,False,3,1,1,1,3,0,2,0,11,True,,核心：振幅、流动性（成交量/换手合并）与短期止跌三类证据中至少两类支持+40日趋势仍活；缺失量价/换手必须明示；2%-6%单日加速仅为中等证据,69,False,30,50,46,13,未入选：满足基础条件，但位于本次软容量边界之外（30-50只）
603396,金辰股份,29.14,0.0020632737276480295,-0.039551746868820015,0.1272727272727272,0.16373801916932917,0.24743150684931514,-0.008843537414965907,,0.06566011235955059,-0.09559279950341393,0.28468899521531105,0.2306380417335474,5646336.2,7305294.0,0.7729101936212287,0.040888589987901125,0.052735342514500946,0.7753545921628887,True,-0.03960265771988691,0.035080982965651986,False,3,2,部分收敛/待确认,-0.28944159960985116,0.40141200201714583,0.04438829453613602,0.043337763531650086,0.0006574664337604119,,-0.0398682042833608,28.48,27.45,0.0231741573033708,0.06156648451730429,True,True,True,True,True,False,True,True,True,False,True,False,3,1,1,0,3,1,2,0,11,True,,核心：振幅、流动性（成交量/换手合并）与短期止跌三类证据中至少两类支持+40日趋势仍活；缺失量价/换手必须明示；2%-6%单日加速仅为中等证据,69,False,30,50,46,13,未入选：满足基础条件，但位于本次软容量边界之外（30-50只）
603559,中通国脉,10.8,0.000926784059314345,-0.01098901098901095,0.19469026548672574,0.20940649496080632,0.29963898916967513,0.2558139534883723,,0.095837366892546,-0.06735751295336778,0.39015606242497,0.245638543450741,31289996.2,21849212.6,1.4320880469623878,0.083534222629801,0.05444920527075634,1.5341678949107762,False,0.021329270615121132,0.052143446001648996,True,3,2,部分收敛/待确认,-0.06735751295336778,0.84493041749503,0.11934497590299009,0.054630495790458644,0.02665682255338142,,-0.04593639575971731,10.33,8.59,0.045498547918683574,0.25727590221187446,True,True,False,False,False,True,True,True,True,False,True,False,3,1,0,1,3,1,2,0,11,True,,核心：振幅、流动性（成交量/换手合并）与短期止跌三类证据中至少两类支持+40日趋势仍活；缺失量价/换手必须明示；2%-6%单日加速仅为中等证据,69,False,30,50,46,13,未入选：满足基础条件，但位于本次软容量边界之外（30-50只）
603637,镇海股份,14.88,-0.006012024048096198,-0.013916500994035741,0.06058446186742694,0.10879284649776455,0.17535545023696697,-0.09981851179673318,,0.06597222222222217,-0.075776397515528,0.2973408541498792,0.2218740590183677,8019634.0,14205596.5,0.5645404612189288,0.0338360719180716,0.059515865280960846,0.5685218850190484,True,-0.020483679133077803,0.03246260941484591,False,3,2,部分收敛/待确认,-0.32486388384754983,0.40875309661436837,0.04355144119503507,0.04962301892598875,-0.03316382170284593,,-0.030618892508143203,14.4,14.06,0.03333333333333344,0.05832147937411092,True,True,True,True,True,False,True,True,True,False,True,False,3,1,1,0,3,1,2,0,11,True,,核心：振幅、流动性（成交量/换手合并）与短期止跌三类证据中至少两类支持+40日趋势仍活；缺失量价/换手必须明示；2%-6%单日加速仅为中等证据,69,False,30,50,46,13,未入选：满足基础条件，但位于本次软容量边界之外（30-50只）
688152,麒麟信安,37.05,0.015346670320635747,-0.052671950907696274,0.176190476190476,0.2977232924693518,0.40928109547356395,0.23706176961602665,,0.08796425579447077,-0.09368884540117428,0.3359477124183007,0.2618391271703118,5266044.6,7437451.2,0.7080442558063439,0.05064852990943612,0.07298912297421586,0.6939188723685339,True,-0.025563189007828613,0.038861821431660504,False,3,2,部分收敛/待确认,-0.14057063326374397,0.6868217054263565,0.09020288661007214,0.06273103693260662,0.03012471201332434,,-0.04902464065708423,35.81,30.66,0.03462719910639467,0.2084148727984343,True,True,True,True,True,False,True,True,True,False,True,False,3,1,1,0,3,1,2,0,11,True,,核心：振幅、流动性（成交量/换手合并）与短期止跌三类证据中至少两类支持+40日趋势仍活；缺失量价/换手必须明示；2%-6%单日加速仅为中等证据,69,False,30,50,46,13,未入选：满足基础条件，但位于本次软容量边界之外（30-50只）
000723,美锦能源,3.88,0.04021447721179627,-0.027568922305764465,0.0025839793281652312,0.0837988826815641,0.1513353115727003,-0.012722646310432628,,0.12228260869565209,-0.060532687651331685,0.19075144508670525,0.6410573122529638,98143837.4,172066681.8,0.5703825771108698,0.022382185050143173,0.039148985195528556,0.5717181413095627,True,-0.02314814814814814,0.00233644859813098,False,3,2,部分收敛/待确认,-0.2919708029197081,0.3013100436681222,0.029860650298606295,0.011357441395602352,-0.014652181851378399,,-0.058252427184466105,3.68,3.68,0.05434782608695654,0.05434782608695654,True,True,True,True,True,False,True,True,True,False,False,True,3,1,1,0,3,1,0,1,10,True,,核心：振幅、流动性（成交量/换手合并）与短期止跌三类证据中至少两类支持+40日趋势仍活；缺失量价/换手必须明示；2%-6%单日加速仅为中等证据,87,False,30,50,46,13,未入选：满足基础条件，但位于本次软容量边界之外（30-50只）
002094,青岛金王,5.85,0.017391304347825987,0.054054054054053946,0.25267665952890783,0.2136929460580912,0.3797169811320753,0.19631901840490795,,0.08576642335766418,-0.0233722871452422,0.32522123893805327,0.2637171656983959,65145228.2,60308925.4,1.080192156764909,0.09435135541609037,0.08734682512291639,1.0801921567649087,False,0.005272407732864748,0.060560466428437154,True,3,2,部分收敛/待确认,-0.19310344827586212,0.5483870967741934,0.1325137934372278,0.05010132066242723,0.02125364116948969,,0.0034305317324183626,5.48,4.62,0.06751824817518237,0.26623376623376616,False,True,False,False,False,True,False,True,True,True,True,False,0,1,0,1,3,1,4,0,10,False,10日速度仍偏快，整理可能未完成,核心：振幅、流动性（成交量/换手合并）与短期止跌三类证据中至少两类支持+40日趋势仍活；缺失量价/换手必须明示；2%-6%单日加速仅为中等证据,87,False,30,50,46,13,未入选：未满足二级结构筛选最低资格条件
002107,沃华医药,7.18,0.04970760233918137,-0.02578018995929454,0.13607594936708844,0.16938110749185675,0.13607594936708844,0.21283783783783772,,0.09687034277198217,-0.02578018995929454,0.22222222222222218,0.43591654247391987,30732017.4,20273471.9,1.515873430638193,0.048218515086840955,0.03548057394013181,1.359011699421845,False,-0.013042245534448438,0.03243162457031823,False,3,1,结构未成熟,-0.13701923076923084,0.6135593220338982,0.08738452218688475,0.029654212611069486,0.024972497249724945,,-0.016438356164383605,6.71,6.28,0.07004470938897156,0.14331210191082788,True,True,False,False,False,False,False,True,True,True,True,True,0,1,0,0,3,1,4,1,10,False,振幅、量能、换手或短期趋势尚未形成两类收敛支持,核心：振幅、流动性（成交量/换手合并）与短期止跌三类证据中至少两类支持+40日趋势仍活；缺失量价/换手必须明示；2%-6%单日加速仅为中等证据,87,False,30,50,46,13,未入选：未满足二级结构筛选最低资格条件
002303,美盈森,5.25,0.007677543186180413,-0.077328646748682,0.11228813559322037,-0.04021937842778789,0.2041284403669723,0.6990291262135924,,0.12185686653771759,-0.09482758620689657,0.25054945054945066,0.48635854626896036,46685426.0,48148305.4,0.9696172193840077,0.04373901197345106,0.045109566021566974,0.9696172193840071,True,-0.0078037904124860225,0.03335306887704759,True,3,3,收敛较充分,-0.09482758620689657,0.8063380281690141,0.025590935729634667,0.03474929885765077,0.08182173573103957,,-0.077328646748682,5.17,4.58,0.01547388781431347,0.14628820960698685,True,True,True,True,True,True,True,True,True,False,False,False,3,1,1,1,3,1,0,0,10,True,,核心：振幅、流动性（成交量/换手合并）与短期止跌三类证据中至少两类支持+40日趋势仍活；缺失量价/换手必须明示；2%-6%单日加速仅为中等证据,87,False,30,50,46,13,未入选：满足基础条件，但位于本次软容量边界之外（30-50只）
002463,沪电股份,122.65,0.10000000000000009,-0.018093026979425164,0.06126157307259672,-0.00040749796251016157,-0.016123856890742694,-0.020367412140575025,,0.13319468306356805,-0.049151096984262344,0.13740866155765463,0.9693325118932298,47215384.8,48433034.8,0.9748591017468102,0.024554875405120618,0.025188127557225205,0.9748591017468093,True,-0.02971665514858335,-0.0004445003564387262,False,3,2,部分收敛/待确认,-0.22471554993678877,0.5728190338860852,0.025952027436792813,0.0021177151601468047,-0.016533976910280912,,-0.018799999999999928,110.59,110.59,0.10905145130662808,0.10905145130662808,True,True,True,True,True,False,True,False,True,True,True,False,3,1,1,0,0,1,4,0,10,False,40日趋势偏弱,核心：振幅、流动性（成交量/换手合并）与短期止跌三类证据中至少两类支持+40日趋势仍活；缺失量价/换手必须明示；2%-6%单日加速仅为中等证据,87,False,30,50,46,13,未入选：未满足二级结构筛选最低资格条件
002687,乔治白,6.16,-0.003236245954692518,-0.03296703296703296,-0.06948640483383683,0.13235294117647056,0.1200000000000001,0.4528301886792452,,0.07462686567164181,-0.07784431137724546,0.11705685618729084,0.6375266524520264,12349652.8,25302793.4,0.48807468032363577,0.02985773275235106,0.06117451684351427,0.48807468032363516,True,-0.01890359168241984,-0.007590132827324347,False,3,2,部分收敛/待确认,-0.07784431137724546,0.8059701492537314,-0.01957663536527121,0.04019206829094779,0.06617863328866935,,-0.04938271604938271,6.03,6.0,0.021558872305140975,0.026666666666666616,True,True,True,True,True,False,True,True,False,False,True,False,3,1,1,0,3,0,2,0,10,True,,核心：振幅、流动性（成交量/换手合并）与短期止跌三类证据中至少两类支持+40日趋势仍活；缺失量价/换手必须明示；2%-6%单日加速仅为中等证据,87,False,30,50,46,13,未入选：满足基础条件，但位于本次软容量边界之外（30-50只）
002949,华阳国际,14.05,-0.001421464108031234,0.034609720176730585,0.24226348364279393,0.31924882629107976,0.42929806714140395,0.24667258207630893,,0.14984227129337543,-0.037011651816312496,0.4055876685934488,0.3694448399109828,15493383.0,15060508.4,1.0287423630400152,0.10198004371033202,0.09913079054018238,1.0287423630400154,False,0.006733502917851242,0.06415454328642989,True,3,2,部分收敛/待确认,-0.061456245824983324,0.8451178451178452,0.16665282736859588,0.06390977443609036,0.02483270432272988,,-0.001421464108031234,12.68,11.3,0.10804416403785488,0.24336283185840712,False,True,False,False,False,True,False,True,True,True,True,False,0,1,0,1,3,1,4,0,10,False,10日速度仍偏快，整理可能未完成,核心：振幅、流动性（成交量/换手合并）与短期止跌三类证据中至少两类支持+40日趋势仍活；缺失量价/换手必须明示；2%-6%单日加速仅为中等证据,87,False,30,50,46,13,未入选：未满足二级结构筛选最低资格条件
300530,领湃科技,21.79,0.014904517931998207,0.14503415659485008,0.10106114199090444,0.05113362276893385,0.38878266411727225,0.17276641550053817,,0.19363395225464183,-0.03155555555555556,0.2146892655367232,0.9019265670808315,8624190.4,6195831.7,1.3919342579947742,0.05015482692855092,0.03603246822935741,1.3919342579947753,False,0.08795779648980417,0.04596866244681963,True,3,2,部分收敛/待确认,-0.2481021394064873,0.5141891891891891,0.10092206643930801,0.053973680930249346,0.008591696837152885,,-0.01134301270417426,18.85,18.09,0.15596816976127315,0.20453289110005524,False,True,False,False,False,True,False,True,True,True,True,False,0,1,0,1,3,1,4,0,10,False,短波动仍偏大,核心：振幅、流动性（成交量/换手合并）与短期止跌三类证据中至少两类支持+40日趋势仍活；缺失量价/换手必须明示；2%-6%单日加速仅为中等证据,87,False,30,50,46,13,未入选：未满足二级结构筛选最低资格条件
300570,太辰光,201.55,-0.022076661814652954,0.03993601981321926,-0.005673408978786321,0.4350302598789606,-0.011428291151657777,-0.08821533589685593,,0.17229767650690306,-0.12544476264861582,0.29044179405341847,0.5932261817499097,14960462.4,23339748.1,0.6409864552051442,0.07654374619177973,0.1214392440449303,0.630304863915819,True,-0.010202721409308668,-0.01618889205240792,False,3,2,部分收敛/待确认,-0.29156414762741645,0.5447310647639957,0.05046177580419875,0.057092594234850136,0.019538019396296624,,0.007750000000000146,178.18,178.18,0.13115950162756773,0.13115950162756773,True,True,True,True,True,False,True,False,True,True,True,False,3,1,1,0,0,1,4,0,10,False,40日趋势偏弱,核心：振幅、流动性（成交量/换手合并）与短期止跌三类证据中至少两类支持+40日趋势仍活；缺失量价/换手必须明示；2%-6%单日加速仅为中等证据,87,False,30,50,46,13,未入选：未满足二级结构筛选最低资格条件
300981,中红医疗,15.79,0.007015306122448939,-0.021685254027261514,0.06905890318212582,0.015434083601286064,0.5344995140913509,0.4688372093023254,,0.11661237785016293,-0.08090803259604196,0.20476858345021037,0.5694837356655217,15727195.8,19282513.8,0.8156195796421523,0.04245183210242218,0.04906524783718719,0.8652118143434177,True,0.007132132132132041,0.02583002179207794,True,3,3,收敛较充分,-0.11341942728804044,0.7651162790697674,0.016643595274120404,0.06601914740721826,0.06343355965082442,,-0.07008244994110724,15.35,14.69,0.028664495114006483,0.07488087134104826,True,True,True,True,True,True,True,True,True,False,False,False,3,1,1,1,3,1,0,0,10,True,,核心：振幅、流动性（成交量/换手合并）与短期止跌三类证据中至少两类支持+40日趋势仍活；缺失量价/换手必须明示；2%-6%单日加速仅为中等证据,87,False,30,50,46,13,未入选：满足基础条件，但位于本次软容量边界之外（30-50只）
301626,苏州天脉,269.81,0.006753731343283498,0.07622656561627439,0.04306645532918374,0.04943601711396339,-0.12688499126270136,-0.1379872204472843,,0.1398402766342829,-0.1264892514892515,0.20409511228533683,0.6851720997550301,2243356.2,1882451.4,1.191720646811918,0.04258836323717145,0.03577512821509823,1.1904461384766702,False,0.011368564525122471,0.008982488800977517,True,3,2,部分收敛/待确认,-0.30283455207875765,0.4081107014797233,0.029748240085033295,0.02895222472831649,-0.026982997660617403,,-0.0003334568358650536,242.92,242.92,0.1106948789725013,0.1106948789725013,True,True,False,False,False,True,True,False,True,True,True,False,3,1,0,1,0,1,4,0,10,False,40日趋势偏弱,核心：振幅、流动性（成交量/换手合并）与短期止跌三类证据中至少两类支持+40日趋势仍活；缺失量价/换手必须明示；2%-6%单日加速仅为中等证据,87,False,30,50,46,13,未入选：未满足二级结构筛选最低资格条件
600547,山东黄金,36.01,-0.012071330589849216,-0.02385470317159133,0.029739776951672736,0.20153486820153477,0.429535529972211,0.2692985548114204,,0.11735870818915803,-0.07070967741935485,0.2981093855503039,0.393676663257402,93112116.8,140873605.8,0.660962117575044,0.027982555206999597,0.03897518712443658,0.7179582003714141,True,0.0007003555651330373,0.005061619718309762,True,3,3,收敛较充分,-0.18214853508971163,0.6305849838783969,0.04100718384574242,0.056416835568588564,0.05370800452329161,,-0.06734006734006737,34.68,33.6,0.03835063437139552,0.07172619047619033,True,True,True,True,True,True,True,True,True,False,False,False,3,1,1,1,3,1,0,0,10,True,,核心：振幅、流动性（成交量/换手合并）与短期止跌三类证据中至少两类支持+40日趋势仍活；缺失量价/换手必须明示；2%-6%单日加速仅为中等证据,87,False,30,50,46,13,未入选：满足基础条件，但位于本次软容量边界之外（30-50只）
600610,中毅达,8.93,0.02880184331797242,-0.04797441364605559,0.021739130434782483,0.26846590909090895,0.4333868378812198,0.12185929648241212,,0.13788968824940054,-0.10070493454179252,0.4370477568740954,0.315502564835549,74884649.6,96069882.1,0.7794810190570641,0.10862500059173019,0.13555278984442953,0.8013483213174463,True,-0.04896907216494861,0.0098779134295226,False,3,2,部分收敛/待确认,-0.21321585903083695,0.5510204081632653,0.06633231834736386,0.050922443923373084,0.0309271037760388,,-0.05900948366701797,8.34,8.34,0.07074340527577938,0.07074340527577938,True,True,True,True,True,False,True,True,True,False,False,True,3,1,1,0,3,1,0,1,10,True,,核心：振幅、流动性（成交量/换手合并）与短期止跌三类证据中至少两类支持+40日趋势仍活；缺失量价/换手必须明示；2%-6%单日加速仅为中等证据,87,False,30,50,46,13,未入选：满足基础条件，但位于本次软容量边界之外（30-50只）
600801,华新建材,25.01,0.02332242225859238,0.03948462177888623,0.07339055793991411,0.025840853158326516,0.3177028451001054,0.30873888016745177,,0.1156700130947184,-0.021517996870109468,0.09543010752688168,1.2120914048235285,11535934.8,9884923.5,1.1670231742309387,0.008454116699432275,0.00736747471188267,1.1474917838261474,False,0.024192868582989302,0.017672924065618156,True,3,1,结构未成熟,-0.021517996870109468,0.9485018726591763,0.06174778714100748,0.023063041915465154,0.04483421072328553,,0.0016019223067682553,22.91,22.91,0.09166302924487124,0.09166302924487124,True,False,False,False,False,True,False,True,True,True,True,True,0,0,0,1,3,1,4,1,10,False,振幅、量能、换手或短期趋势尚未形成两类收敛支持,核心：振幅、流动性（成交量/换手合并）与短期止跌三类证据中至少两类支持+40日趋势仍活；缺失量价/换手必须明示；2%-6%单日加速仅为中等证据,87,False,30,50,46,13,未入选：未满足二级结构筛选最低资格条件
601899,紫金矿业,32.87,-0.014392803598201054,-0.02376002376002384,-0.04834973943254206,-0.06139348943460898,0.21650629163582513,0.1610738255033557,,0.06213109661385524,-0.07330138144911191,0.11017214397496086,0.5639456070490555,178482629.6,271789843.2,0.6566935228284498,0.008663451204810959,0.01319253335634642,0.6566935228284495,True,-0.019814825735684494,-0.010503770208021512,False,3,2,部分收敛/待确认,-0.07330138144911191,0.7709251101321585,-0.01691316116104158,0.00951860730940024,0.028728090991831046,,-0.03465491923641706,32.19,32.19,0.021124572848710832,0.021124572848710832,True,True,True,True,True,False,True,True,False,False,True,False,3,1,1,0,3,0,2,0,10,True,,核心：振幅、流动性（成交量/换手合并）与短期止跌三类证据中至少两类支持+40日趋势仍活；缺失量价/换手必须明示；2%-6%单日加速仅为中等证据,87,False,30,50,46,13,未入选：满足基础条件，但位于本次软容量边界之外（30-50只）
603079,圣达生物,13.08,0.01552795031055898,-0.0083396512509476,0.03562945368171011,0.07125307125307123,0.1762589928057554,0.007704160246533087,,0.08127490039840633,-0.19408502772643255,0.3604358759430009,0.22549059575650868,7841361.2,19580594.6,0.40046593886377685,0.04148218165000418,0.10358479367233993,0.40046593886377646,True,-0.024009603841536498,-0.0058946425906583055,False,3,2,部分收敛/待确认,-0.324728962312855,0.3329798515376458,-0.014577918408859913,0.0372117256697837,0.0017316617025697756,,-0.03610906411201176,12.55,12.55,0.04223107569721107,0.04223107569721107,True,True,True,True,True,False,True,True,False,False,True,False,3,1,1,0,3,0,2,0,10,True,,核心：振幅、流动性（成交量/换手合并）与短期止跌三类证据中至少两类支持+40日趋势仍活；缺失量价/换手必须明示；2%-6%单日加速仅为中等证据,87,False,30,50,46,13,未入选：满足基础条件，但位于本次软容量边界之外（30-50只）
603191,望变电气,16.07,0.021614748887476054,0.06353408338848454,0.09245411284840244,0.1478571428571429,0.17815249266862176,-0.029003021148036323,,0.10881542699724531,-0.05359246171967025,0.08486562942008481,1.2822084481175413,21902119.6,11294821.4,1.9391293429394112,0.06761528467903491,0.034230399458046123,1.9752993172605646,False,0.03423471426668434,0.02526514895629295,True,3,1,结构未成熟,-0.33153078202995,0.3551779935275082,0.05432357958273193,0.029131380443333743,-0.025090742117461873,,0.012602394454946486,14.52,14.15,0.10674931129476595,0.13568904593639575,True,False,False,False,False,True,False,True,True,True,True,True,0,0,0,1,3,1,4,1,10,False,振幅、量能、换手或短期趋势尚未形成两类收敛支持,核心：振幅、流动性（成交量/换手合并）与短期止跌三类证据中至少两类支持+40日趋势仍活；缺失量价/换手必须明示；2%-6%单日加速仅为中等证据,87,False,30,50,46,13,未入选：未满足二级结构筛选最低资格条件
603261,立航科技,55.64,-0.013475177304964503,-0.01834862385321101,0.11280000000000001,0.13713468219906,0.02827573461467381,0.568207440811725,,0.1168592918730509,-0.13869969040247665,0.35600335852225007,0.3282533410868011,2363960.0,2490880.0,0.9490461202466598,0.033649754979748224,0.03213830453464028,1.0470295638489213,True,-0.0002108444319499636,0.03506559953221511,True,3,3,收敛较充分,-0.13869969040247665,0.7486676016830297,0.02083314221761512,0.04289861233816694,0.08178191726812689,,-0.06108673641579476,54.51,49.98,0.020730141258484824,0.11324529811924777,True,True,True,False,True,True,True,True,True,False,False,False,3,1,1,1,3,1,0,0,10,True,,核心：振幅、流动性（成交量/换手合并）与短期止跌三类证据中至少两类支持+40日趋势仍活；缺失量价/换手必须明示；2%-6%单日加速仅为中等证据,87,False,30,50,46,13,未入选：满足基础条件，但位于本次软容量边界之外（30-50只）
603801,志邦家居,6.37,0.01594896331738438,-0.03191489361702127,-0.08345323741007193,0.06166666666666676,0.17962962962962958,-0.007788161993769416,,0.09016393442622964,-0.19874213836477983,0.35665529010238906,0.2528041415012946,24063753.0,36549361.9,0.6583905094113285,0.05540156749044639,0.08414697158982645,0.658390509411328,True,-0.023155294844087626,-0.03565008987417617,False,3,2,部分收敛/待确认,-0.31871657754010696,0.29216152019002384,-0.0028958284417311964,0.02869781586950526,-0.003980601575421128,,-0.04210526315789476,6.1,6.1,0.04426229508196733,0.04426229508196733,True,True,True,True,True,False,True,True,False,False,True,False,3,1,1,0,3,0,2,0,10,True,,核心：振幅、流动性（成交量/换手合并）与短期止跌三类证据中至少两类支持+40日趋势仍活；缺失量价/换手必须明示；2%-6%单日加速仅为中等证据,87,False,30,50,46,13,未入选：满足基础条件，但位于本次软容量边界之外（30-50只）
603912,佳力图,9.02,-0.007700770077007757,-0.0055126791620728754,-0.0066079295154185536,0.11771995043370498,0.27943262411347525,0.06619385342789585,,0.07303370786516858,-0.05549738219895295,0.17789072426937733,0.4105537720706264,27412640.0,29526403.8,0.9284110650820266,0.0515505342733799,0.05444398389759044,0.9468545573436884,True,0.001091226538629586,0.016192071468453362,True,3,3,收敛较充分,-0.2594417077175698,0.4776859504132231,0.026049368672505846,0.04546591098516428,0.009987304274227782,,-0.05252100840336138,8.9,8.61,0.01348314606741563,0.04761904761904767,True,True,True,True,True,True,True,True,True,False,False,False,3,1,1,1,3,1,0,0,10,True,,核心：振幅、流动性（成交量/换手合并）与短期止跌三类证据中至少两类支持+40日趋势仍活；缺失量价/换手必须明示；2%-6%单日加速仅为中等证据,87,False,30,50,46,13,未入选：满足基础条件，但位于本次软容量边界之外（30-50只）
603936,博敏电子,17.55,-0.0017064846416381396,-0.0011383039271485318,0.01975595583962808,0.1546052631578949,-0.00959367945823919,-0.2971565879054865,,0.14529374605180032,-0.09999999999999998,0.20743034055727566,0.7004459697721116,41361099.6,62073982.0,0.6663194186575625,0.060382500037230405,0.0984679228140449,0.6132200041556862,True,-0.03335230506545239,-0.005192878338278972,False,3,2,部分收敛/待确认,-0.42459016393442617,0.31913774973711884,0.01730284323102338,0.0348116867805619,-0.04226222063697804,,-0.0017064846416381396,15.83,15.83,0.10865445356917247,0.10865445356917247,True,True,True,True,True,False,True,False,True,True,True,False,3,1,1,0,0,1,4,0,10,False,40日趋势偏弱,核心：振幅、流动性（成交量/换手合并）与短期止跌三类证据中至少两类支持+40日趋势仍活；缺失量价/换手必须明示；2%-6%单日加速仅为中等证据,87,False,30,50,46,13,未入选：未满足二级结构筛选最低资格条件
605162,新中港,10.21,-0.004873294346978474,-0.0650183150183149,0.1344444444444446,0.12197802197802221,0.39863013698630145,0.12693156732891842,,0.12384851586489262,-0.07768744354110202,0.3100591715976333,0.39943509887722983,30626817.8,38341469.4,0.798790924794343,0.07074476736467608,0.08657962920233059,0.8171063796005694,True,-0.009959777820340632,0.040593759466828416,True,3,3,收敛较充分,-0.3274044795783926,0.4166666666666668,0.050519600781973706,0.0342768686421937,-0.002895082220335077,,-0.07012750455373407,9.77,8.65,0.045035823950870135,0.1803468208092487,True,True,True,True,True,True,True,True,True,False,False,False,3,1,1,1,3,1,0,0,10,True,,核心：振幅、流动性（成交量/换手合并）与短期止跌三类证据中至少两类支持+40日趋势仍活；缺失量价/换手必须明示；2%-6%单日加速仅为中等证据,87,False,30,50,46,13,未入选：满足基础条件，但位于本次软容量边界之外（30-50只）
000510,新金路,17.08,0.0674999999999999,-0.044208170117515544,0.02767749699157629,-0.014994232987312617,0.00411522633744843,-0.11822405782137335,,0.15060625398851316,-0.07625743645213634,0.20770738079686465,0.7250886001774018,41760262.2,44202910.3,0.9447401068521953,0.06879929308247612,0.07282351260783279,0.944740106852195,True,-0.028839551384756357,0.005599764220453718,False,3,2,部分收敛/待确认,-0.3867145421903053,0.289108910891089,0.013920631622688306,0.018216802961537715,-0.00975274352455846,,-0.05058365758754868,15.67,15.6,0.08998085513720477,0.09487179487179476,True,True,True,True,True,False,True,True,True,False,False,False,3,1,1,0,3,1,0,0,9,True,,核心：振幅、流动性（成交量/换手合并）与短期止跌三类证据中至少两类支持+40日趋势仍活；缺失量价/换手必须明示；2%-6%单日加速仅为中等证据,109,False,30,50,46,13,未入选：满足基础条件，但位于本次软容量边界之外（30-50只）
001326,联域股份,72.21,0.025273321027970752,-0.021544715447154528,0.1221445221445221,0.2278524060533922,0.41338813857897816,0.13609188168659525,,0.1943113309630547,-0.06536370696350002,0.2727118644067797,0.7125151352902565,2921942.0,2014274.2,1.4506177957300948,0.12165973993194663,0.08386753581133019,1.4506177957300954,False,0.011542616705521036,0.04311685205118998,True,3,2,部分收敛/待确认,-0.06536370696350002,0.8585037825721488,0.10032609026910055,0.07368651307427165,0.011426710507146165,,-0.03848202396804257,64.69,61.8,0.11624671510279794,0.16844660194174743,False,True,False,False,False,True,False,True,True,False,True,True,0,1,0,1,3,1,2,1,9,False,短波动仍偏大,核心：振幅、流动性（成交量/换手合并）与短期止跌三类证据中至少两类支持+40日趋势仍活；缺失量价/换手必须明示；2%-6%单日加速仅为中等证据,109,False,30,50,46,13,未入选：未满足二级结构筛选最低资格条件
002589,瑞康医药,3.26,0.012422360248447006,0.025157232704402288,0.07947019867549665,-0.02395209580838331,0.23018867924528297,0.20295202952029512,,0.10759493670886071,-0.16410256410256419,0.2432432432432433,0.4423347398030939,113855032.2,139931472.4,0.8136484969910172,0.08337414827057787,0.10246949214422052,0.8136484969910173,True,-0.009003601440576325,0.00274977085242889,True,3,3,收敛较充分,-0.1746835443037975,0.5605095541401273,-0.022048897555122293,0.03359425962165674,0.028906849153442327,,-0.0659025787965617,3.16,2.96,0.03164556962025311,0.10135135135135132,True,True,True,True,True,True,True,True,False,False,False,False,3,1,1,1,3,0,0,0,9,True,,核心：振幅、流动性（成交量/换手合并）与短期止跌三类证据中至少两类支持+40日趋势仍活；缺失量价/换手必须明示；2%-6%单日加速仅为中等证据,109,False,30,50,46,13,未入选：满足基础条件，但位于本次软容量边界之外（30-50只）
002638,勤上股份,4.25,-0.013921113689094988,-0.09188034188034178,0.01674641148325362,0.13941018766756041,0.1517615176151761,0.05459057071960283,,0.15311004784689008,-0.1182572614107884,0.3628571428571427,0.4219568247748941,51595626.6,55106597.9,0.93628764188326,0.03814326097577446,0.04073882775922647,0.9362876418832603,True,-0.04482758620689664,0.01767905711695361,False,3,2,部分收敛/待确认,-0.17794970986460346,0.5760368663594471,0.03192910040063124,0.04438549955791338,0.009604102385815327,,-0.1090146750524108,4.18,4.11,0.01674641148325362,0.03406326034063256,True,True,True,True,True,False,True,True,True,False,False,False,3,1,1,0,3,1,0,0,9,True,距离短周期稳健上沿较远,核心：振幅、流动性（成交量/换手合并）与短期止跌三类证据中至少两类支持+40日趋势仍活；缺失量价/换手必须明示；2%-6%单日加速仅为中等证据,109,False,30,50,46,13,未入选：满足基础条件，但位于本次软容量边界之外（30-50只）
002686,亿利达,6.55,0.0,-0.05209840810419686,-0.03958944281524934,0.056451612903225756,0.19090909090909092,0.10455311973018544,,0.07142857142857142,-0.1266666666666667,0.25418060200668885,0.28101503759398505,14706582.2,41129288.8,0.3575695721731031,0.03030694375584083,0.07868131463495767,0.3851860368176363,True,-0.022727272727272818,-0.0014792899408284654,False,3,2,部分收敛/待确认,-0.22393364928909953,0.46458923512747874,0.0029859888216827724,0.039871627502175766,0.019976838448175993,,-0.050724637681159535,6.44,6.44,0.017080745341614856,0.017080745341614856,True,True,True,True,True,False,True,True,True,False,False,False,3,1,1,0,3,1,0,0,9,True,,核心：振幅、流动性（成交量/换手合并）与短期止跌三类证据中至少两类支持+40日趋势仍活；缺失量价/换手必须明示；2%-6%单日加速仅为中等证据,109,False,30,50,46,13,未入选：满足基础条件，但位于本次软容量边界之外（30-50只）
002703,浙江世宝,16.93,0.004151838671411667,-0.07182017543859642,0.07084123972169509,0.09014810045074051,0.35115722266560256,0.06746532156368223,,0.16405307599517507,-0.12279792746113993,0.38812785388127835,0.4226779252110983,79916825.4,62462903.9,1.2794285953778721,0.1483777259201435,0.10658324235018299,1.3921299694809741,False,-0.005735260380821172,0.04302832244008736,True,3,2,部分收敛/待确认,-0.29517069109075766,0.44392156862745097,0.06575178622013778,0.0566822672906917,0.009445467096180327,,-0.08337845154304269,16.58,16.05,0.021109770808202644,0.05482866043613699,True,True,False,False,False,True,True,True,True,False,False,False,3,1,0,1,3,1,0,0,9,True,距离短周期稳健上沿较远,核心：振幅、流动性（成交量/换手合并）与短期止跌三类证据中至少两类支持+40日趋势仍活；缺失量价/换手必须明示；2%-6%单日加速仅为中等证据,109,False,30,50,46,13,未入选：满足基础条件，但位于本次软容量边界之外（30-50只）
002716,湖南白银,10.61,-0.008411214953271018,-0.022119815668202758,-0.014856081708449431,0.10636079249217922,0.38692810457516336,0.10867293625914298,,0.1630218687872762,-0.12314049586776865,0.3580246913580246,0.4553369438541164,244602969.8,373987366.7,0.6540407285902046,0.11219902609408337,0.1610296163213979,0.696760190188531,True,-0.014547413793103314,-0.0010786516853931172,False,3,2,部分收敛/待确认,-0.20345345345345356,0.5900151285930407,0.015262427635041265,0.061904418134565375,0.04031285264018036,,-0.09160958904109595,10.06,10.06,0.054671968190854736,0.054671968190854736,True,True,True,True,True,False,True,True,True,False,False,False,3,1,1,0,3,1,0,0,9,True,距离短周期稳健上沿较远,核心：振幅、流动性（成交量/换手合并）与短期止跌三类证据中至少两类支持+40日趋势仍活；缺失量价/换手必须明示；2%-6%单日加速仅为中等证据,109,False,30,50,46,13,未入选：满足基础条件，但位于本次软容量边界之外（30-50只）
002915,中欣氟材,18.05,-0.0005537098560353115,-0.04396186440677963,0.08734939759036142,-0.02008686210640609,0.08669476219145111,-0.1658964879852125,,0.07214765100671157,-0.07483341875961047,0.1896341463414636,0.3804570664019513,12911078.8,10503684.3,1.2291952453292985,0.043605170509177206,0.03607166231598682,1.208848378741103,False,-0.008336942399307046,0.02133817603995225,True,3,2,部分收敛/待确认,-0.28964974419519873,0.3266239707227814,0.014729030807285826,0.02557784817552533,-0.019943045617576427,,-0.05842462180490349,17.88,16.4,0.009507829977628779,0.10060975609756118,True,True,False,False,False,True,True,True,True,False,False,False,3,1,0,1,3,1,0,0,9,True,,核心：振幅、流动性（成交量/换手合并）与短期止跌三类证据中至少两类支持+40日趋势仍活；缺失量价/换手必须明示；2%-6%单日加速仅为中等证据,109,False,30,50,46,13,未入选：满足基础条件，但位于本次软容量边界之外（30-50只）
002918,蒙娜丽莎,10.99,0.007332722273143855,-0.06148590947907773,0.08489634748272445,0.11234817813765186,0.2418079096045198,-0.04268292682926833,,0.08394833948339485,-0.1179775280898877,0.2871900826446282,0.2923093259709575,16911984.4,20069853.0,0.8426561171125667,0.08680733351258837,0.09369462138141668,0.9264921746063608,True,-0.029940119760478834,0.025834732326058596,False,3,2,部分收敛/待确认,-0.4062668827660725,0.28175740210124167,0.04423012969737283,0.03645163473905089,-0.015407864910148117,,-0.06468085106382981,10.84,9.95,0.013837638376383854,0.10452261306532673,True,True,True,True,True,False,True,True,True,False,False,False,3,1,1,0,3,1,0,0,9,True,,核心：振幅、流动性（成交量/换手合并）与短期止跌三类证据中至少两类支持+40日趋势仍活；缺失量价/换手必须明示；2%-6%单日加速仅为中等证据,109,False,30,50,46,13,未入选：满足基础条件，但位于本次软容量边界之外（30-50只）
300333,兆日科技,11.79,-0.019134775374376023,-0.06055776892430287,0.11542100283822121,0.5953991880920162,0.3936170212765955,0.13583815028901713,,0.1,-0.17725052337752967,0.3953261927945473,0.2529556650246305,38938215.0,53421325.8,0.7288889674093413,0.1264919350768873,0.15957140542659604,0.7926980071318259,True,-0.028884944327900675,0.03131749460043198,False,3,2,部分收敛/待确认,-0.17725052337752967,0.6726804123711339,0.010196212835232643,0.08160216277746168,0.022503641078469583,,-0.08391608391608396,11.7,10.31,0.007692307692307665,0.14354995150339467,True,True,True,True,True,False,True,True,True,False,False,False,3,1,1,0,3,1,0,0,9,True,距离短周期稳健上沿较远,核心：振幅、流动性（成交量/换手合并）与短期止跌三类证据中至少两类支持+40日趋势仍活；缺失量价/换手必须明示；2%-6%单日加速仅为中等证据,109,False,30,50,46,13,未入选：满足基础条件，但位于本次软容量边界之外（30-50只）
300364,中文在线,26.61,0.035005834305717576,-0.024560117302052875,0.1948810058374495,0.03540856031128414,0.1357234314980793,0.21395985401459838,,0.19647859143657465,-0.11003344481605348,0.25080238422741874,0.7834000144847698,139067427.4,47318014.1,2.9389954342990907,0.21036218932492562,0.07157622188518097,2.938995434299092,False,0.037741783299261034,0.03711245947967745,True,3,2,部分收敛/待确认,-0.20233812949640284,0.5514950166112957,0.08574576167452119,0.04469138267977124,0.00803959695951928,,-0.04964285714285721,24.99,21.81,0.06482593037214901,0.2200825309491059,False,True,False,False,False,True,False,True,True,False,True,True,0,1,0,1,3,1,2,1,9,False,短波动仍偏大,核心：振幅、流动性（成交量/换手合并）与短期止跌三类证据中至少两类支持+40日趋势仍活；缺失量价/换手必须明示；2%-6%单日加速仅为中等证据,109,False,30,50,46,13,未入选：未满足二级结构筛选最低资格条件
300598,诚迈科技,32.81,-0.013529765484064815,-0.0588066551921973,0.014219474497681572,0.1133355955208688,0.16803132787468855,0.046570972886762485,,0.058427653716733065,-0.12061109622085231,0.20316027088036118,0.2875938955168083,9462306.8,20710094.8,0.4568934566151769,0.045100547592819173,0.09546645787988217,0.4724229702705174,True,-0.018643768746691936,0.0042227182240452965,False,3,2,部分收敛/待确认,-0.20672147001934227,0.43934426229508217,0.00413159908186711,0.03275939055335919,0.005034118276692423,,-0.05173410404624279,32.69,31.01,0.0036708473539310837,0.058045791680103154,True,True,True,True,True,False,True,True,True,False,False,False,3,1,1,0,3,1,0,0,9,True,,核心：振幅、流动性（成交量/换手合并）与短期止跌三类证据中至少两类支持+40日趋势仍活；缺失量价/换手必须明示；2%-6%单日加速仅为中等证据,109,False,30,50,46,13,未入选：满足基础条件，但位于本次软容量边界之外（30-50只）
300802,矩子科技,25.14,-0.014117647058823457,0.0661577608142494,0.07115466553046446,0.11832740213523141,0.3552560646900269,0.014118596208148482,,0.14622435617634227,-0.04265041888804266,0.1412793373216751,1.0350017132612108,11935304.2,7826653.8,1.5249561952005593,0.05905689371591505,0.03867694008928008,1.5269277657330391,False,0.02012072434607637,0.014733900673187028,True,3,1,结构未成熟,-0.09633357296908696,0.7869634340222575,0.06917302826036109,0.03376572386403098,0.002251474715939228,,-0.008675078864353258,22.91,22.51,0.09733740724574425,0.11683696135051092,True,False,False,False,False,True,False,True,True,True,True,False,0,0,0,1,3,1,4,0,9,False,振幅、量能、换手或短期趋势尚未形成两类收敛支持,核心：振幅、流动性（成交量/换手合并）与短期止跌三类证据中至少两类支持+40日趋势仍活；缺失量价/换手必须明示；2%-6%单日加速仅为中等证据,109,False,30,50,46,13,未入选：未满足二级结构筛选最低资格条件
300903,科翔股份,88.06,-0.012337371018393828,-0.016089385474860274,0.1153894870170995,0.1694555112881806,0.03746465598491988,0.12579902838148826,,0.10576470588235289,-0.08868881299803366,0.3420833333333333,0.30917819015547743,22856592.2,27634098.5,0.8271155362640109,0.06642105271725618,0.07864454047755234,0.8445729648101239,True,-0.025951442847395034,0.0323848506343245,False,3,2,部分收敛/待确认,-0.2465776865160848,0.6646107296636798,0.0474853689870105,0.06265737431273988,0.03870237629970674,,-0.06199403493821898,85.0,75.0,0.03600000000000003,0.17413333333333347,True,True,True,True,True,False,True,True,True,False,False,False,3,1,1,0,3,1,0,0,9,True,,核心：振幅、流动性（成交量/换手合并）与短期止跌三类证据中至少两类支持+40日趋势仍活；缺失量价/换手必须明示；2%-6%单日加速仅为中等证据,109,False,30,50,46,13,未入选：满足基础条件，但位于本次软容量边界之外（30-50只）
600654,中安科,3.25,0.009316770186335255,-0.06876790830945567,0.09427609427609429,0.07973421926910307,0.26953125,0.10921501706484626,,0.09148264984227131,-0.10468319559228645,0.30107526881720426,0.30385308697611546,96790672.2,100305694.8,0.9649568989377062,0.045141095182069525,0.04328312652156061,1.0429259346499242,True,-0.044039929536112576,0.03247970018738311,False,3,2,部分收敛/待确认,-0.32851239669421484,0.33193277310924374,0.04552034743445388,0.02415566987251183,0.01442223134197107,,-0.06069364161849711,3.17,2.93,0.025236593059936974,0.10921501706484626,True,True,True,False,True,False,True,True,True,False,False,False,3,1,1,0,3,1,0,0,9,True,,核心：振幅、流动性（成交量/换手合并）与短期止跌三类证据中至少两类支持+40日趋势仍活；缺失量价/换手必须明示；2%-6%单日加速仅为中等证据,109,False,30,50,46,13,未入选：满足基础条件，但位于本次软容量边界之外（30-50只）
601015,陕西黑猫,3.62,-0.013623978201634857,-0.0670103092783505,-0.016304347826086918,0.055393586005830775,0.22711864406779658,0.0584795321637428,,0.15909090909090912,-0.11274509803921573,0.17313432835820897,0.9188871473354233,100812838.0,104421771.5,0.9654388788069929,0.04935762767851108,0.051124549427202515,0.9654388788069928,True,-0.018421052631579005,0.005942733657482435,False,3,2,部分收敛/待确认,-0.3843537414965986,0.259016393442623,0.0023535926900180026,0.028485025851136214,-0.002579013906447547,,-0.10617283950617273,3.52,3.5,0.02840909090909083,0.03428571428571425,True,True,True,True,True,False,True,True,True,False,False,False,3,1,1,0,3,1,0,0,9,True,距离短周期稳健上沿较远,核心：振幅、流动性（成交量/换手合并）与短期止跌三类证据中至少两类支持+40日趋势仍活；缺失量价/换手必须明示；2%-6%单日加速仅为中等证据,109,False,30,50,46,13,未入选：满足基础条件，但位于本次软容量边界之外（30-50只）
603011,合锻智能,26.25,-0.0030383592859855035,0.018231186966640722,0.15131578947368407,0.09147609147609148,0.1604774535809017,-0.2329047340736411,,0.1328613077884214,-0.050632911392405,0.27890841813135975,0.4763617702132125,52144291.6,49325382.7,1.057149255529243,0.1052071134201123,0.09976525564118989,1.0545466229094254,False,-0.02628972033833732,0.030222544166767396,False,3,1,结构未成熟,-0.3659420289855072,0.3937575030012005,0.0550431060469041,0.05725618433402979,-0.03721487829918568,,-0.013899323816679243,24.01,21.62,0.09329446064139924,0.21415356151711373,True,True,False,False,False,False,False,True,True,True,True,False,0,1,0,0,3,1,4,0,9,False,振幅、量能、换手或短期趋势尚未形成两类收敛支持,核心：振幅、流动性（成交量/换手合并）与短期止跌三类证据中至少两类支持+40日趋势仍活；缺失量价/换手必须明示；2%-6%单日加速仅为中等证据,109,False,30,50,46,13,未入选：未满足二级结构筛选最低资格条件
603016,新宏泰,32.47,0.009011808576755653,-0.013669501822600294,0.12664816099930598,0.1112251882272417,0.07981376787495842,-0.11284153005464492,,0.10800627943485079,-0.07990932275432139,0.2093862815884477,0.5158230931629942,7355613.4,5327442.9,1.3807024379369697,0.052874399298056124,0.035957362985961076,1.4704748876801674,False,0.005565638233514747,0.03185738190243281,True,3,2,部分收敛/待确认,-0.465953947368421,0.22785500136276915,0.05600364251333412,0.03620227228252748,-0.03554713791538178,,-0.05993051534452809,31.85,28.1,0.019466248037676603,0.15551601423487527,True,True,False,False,False,True,True,True,True,False,False,False,3,1,0,1,3,1,0,0,9,True,,核心：振幅、流动性（成交量/换手合并）与短期止跌三类证据中至少两类支持+40日趋势仍活；缺失量价/换手必须明示；2%-6%单日加速仅为中等证据,109,False,30,50,46,13,未入选：满足基础条件，但位于本次软容量边界之外（30-50只）
603200,上海洗霸,40.89,0.01464019851116638,-0.04507239607659974,0.05359443442411749,0.07860722764442118,0.11416893732970013,-0.1572547403132729,,0.1325825441515229,-0.12366052293184737,0.34738665896621407,0.3816569828734198,10734989.2,11737332.1,0.9146021522216279,0.06139389632111163,0.06688696837612404,0.9178753023440479,True,-0.03043478260869581,0.02116682738669229,False,3,2,部分收敛/待确认,-0.4534153188076461,0.22838944494995447,0.028614552543865246,0.03717954414182256,-0.01888083299264942,,-0.07068181818181818,39.07,38.21,0.04658305605323787,0.07013870714472659,True,True,True,True,True,False,True,True,True,False,False,False,3,1,1,0,3,1,0,0,9,True,,核心：振幅、流动性（成交量/换手合并）与短期止跌三类证据中至少两类支持+40日趋势仍活；缺失量价/换手必须明示；2%-6%单日加速仅为中等证据,109,False,30,50,46,13,未入选：满足基础条件，但位于本次软容量边界之外（30-50只）
603216,梦天家居,21.76,-0.01805054151624541,-0.00639269406392684,0.040152963671128195,0.04615384615384621,0.11020408163265305,-0.04056437389770717,,0.14019562179785755,-0.11111111111111105,0.19187817258883255,0.7306491400576172,11841427.0,4825723.4,2.4538138675747554,0.0548734182046791,0.021670139656024025,2.5322134086673955,False,0.007828485010230368,0.016139474657787645,True,3,2,部分收敛/待确认,-0.40981828044480595,0.22829417773238012,0.016537419415117327,0.029602370794932886,-0.009058850688170028,,-0.09672063096720629,21.47,20.26,0.013507219375873403,0.07403751233958533,True,True,False,False,False,True,True,True,True,False,False,False,3,1,0,1,3,1,0,0,9,True,距离短周期稳健上沿较远,核心：振幅、流动性（成交量/换手合并）与短期止跌三类证据中至少两类支持+40日趋势仍活；缺失量价/换手必须明示；2%-6%单日加速仅为中等证据,109,False,30,50,46,13,未入选：满足基础条件，但位于本次软容量边界之外（30-50只）
603533,掌阅科技,24.7,0.029166666666666563,0.09340416113324479,0.2209589718240237,0.08238387379491674,0.3453159041394336,0.23685528292438662,,0.11688311688311684,-0.04263565891472876,0.1328986960882647,0.8794903209997552,61314295.4,15846026.9,3.8693797370746603,0.13970092857926392,0.036104217748574065,3.8693797370746634,False,0.07222616093583833,0.0436846228284411,True,3,2,部分收敛/待确认,-0.11246855910887532,0.693437806072478,0.11598066235937288,0.04137368156705179,-0.0027032828985552593,,-0.024871693643900517,23.1,19.94,0.06926406926406914,0.23871614844533595,False,True,False,False,False,True,False,True,True,False,True,True,0,1,0,1,3,1,2,1,9,False,10日速度仍偏快，整理可能未完成,核心：振幅、流动性（成交量/换手合并）与短期止跌三类证据中至少两类支持+40日趋势仍活；缺失量价/换手必须明示；2%-6%单日加速仅为中等证据,109,False,30,50,46,13,未入选：未满足二级结构筛选最低资格条件
605167,利柏特,16.48,0.008567931456548328,0.13031550068587117,0.13655172413793104,0.08922670191672166,0.08421052631578951,0.18989169675090256,,0.1570934256055363,-0.014354066985645786,0.12144886363636358,1.293494404985937,13945541.8,10621649.0,1.3129356656391113,0.031559924659604076,0.020830536993336052,1.51507974420921,False,0.06955484896661379,0.0327284946236559,True,3,1,结构未成熟,-0.18375433382862805,0.547560975609756,0.09632783395423106,0.038164026095060644,0.010408661452917967,,-0.006630500301386344,14.45,14.16,0.1404844290657441,0.16384180790960445,True,False,False,False,False,True,False,True,True,True,True,False,0,0,0,1,3,1,4,0,9,False,振幅、量能、换手或短期趋势尚未形成两类收敛支持,核心：振幅、流动性（成交量/换手合并）与短期止跌三类证据中至少两类支持+40日趋势仍活；缺失量价/换手必须明示；2%-6%单日加速仅为中等证据,109,False,30,50,46,13,未入选：未满足二级结构筛选最低资格条件
688825,长鑫科技,58.47,0.06697080291970803,0.007929667298741672,0.03303886925795041,0.1397660818713451,,,,0.09203703703703701,-0.053883495145631066,0.11637224549262432,0.790884773662551,246284202.4,309976340.3,0.7945258085234578,0.05469288717821308,0.0688371436037478,0.7945258085234576,True,-0.024114465189321366,-0.005863614086676461,False,3,2,部分收敛/待确认,-0.053883495145631066,0.8594343604896582,0.03426317372154308,,,,-0.006963315217391353,54.0,54.0,0.08277777777777784,0.08277777777777784,True,True,True,True,True,False,True,False,False,True,True,False,3,1,1,0,0,0,4,0,9,False,,核心：振幅、流动性（成交量/换手合并）与短期止跌三类证据中至少两类支持+40日趋势仍活；缺失量价/换手必须明示；2%-6%单日加速仅为中等证据,109,False,30,50,46,13,未入选：未满足二级结构筛选最低资格条件
000628,高新发展,53.38,-0.0003745318352059712,0.09228565582156745,0.11767169179229486,0.36906899204924337,0.3825433825433826,-0.03559168925022582,,0.20169983416252066,-0.07917888563049846,0.28520225294418844,0.7072168332484791,15968316.2,15623866.9,1.0220463539663154,0.08306509434617404,0.08127331409560676,1.0220463539663154,False,0.06728062414541935,0.05529192884169154,True,3,2,部分收敛/待确认,-0.21407538280329796,0.5886845827439887,0.16048523848862994,0.07047684967740353,-0.012186857662744077,,-0.041479619321242556,48.24,45.83,0.10655058043117749,0.1647392537639103,False,True,False,False,False,True,False,True,True,False,True,False,0,1,0,1,3,1,2,0,8,False,短波动仍偏大,核心：振幅、流动性（成交量/换手合并）与短期止跌三类证据中至少两类支持+40日趋势仍活；缺失量价/换手必须明示；2%-6%单日加速仅为中等证据,132,False,30,50,46,13,未入选：未满足二级结构筛选最低资格条件
000737,北方铜业,14.33,-0.0013937282229964376,-0.05661619486504277,-0.03890006706908111,-0.012405237767057153,0.2237403928266437,0.02871500358937551,,0.1224345364472752,-0.09646910466582592,0.13531114327062221,0.9048370554552643,68872014.4,100852973.5,0.6828952286667086,0.03616197135334724,0.05295390835275018,0.6828952286667082,True,-0.030322919401417514,-0.0007342143906019505,False,3,2,部分收敛/待确认,-0.12193627450980393,0.5871369294605809,-0.018291429745838195,0.019836750189825114,0.016730178242163607,,-0.057856673241288625,14.13,14.13,0.01415428167020516,0.01415428167020516,True,True,True,True,True,False,True,True,False,False,False,False,3,1,1,0,3,0,0,0,8,True,,核心：振幅、流动性（成交量/换手合并）与短期止跌三类证据中至少两类支持+40日趋势仍活；缺失量价/换手必须明示；2%-6%单日加速仅为中等证据,132,False,30,50,46,13,未入选：满足基础条件，但位于本次软容量边界之外（30-50只）
002222,福晶科技,66.49,-0.026358178357007045,-0.015692079940784587,0.04298039215686256,0.053223507048946406,-0.09067286652078788,-0.30854825291181365,,0.07584050039093032,-0.059547383309759616,0.17402856193955504,0.4357934096891051,16325764.8,24621345.2,0.6630736325487204,0.03566765591292905,0.052592662728134267,0.6781869192914768,True,-0.020706742965016733,0.012407359888907399,False,3,2,部分收敛/待确认,-0.46568627450980393,0.24876847290640391,0.009006548147473481,0.02489930829174325,-0.056990525032052486,,-0.031463947560087524,63.95,63.63,0.039718530101641836,0.04494735187804477,True,True,True,True,True,False,True,False,True,False,True,False,3,1,1,0,0,1,2,0,8,False,40日趋势偏弱,核心：振幅、流动性（成交量/换手合并）与短期止跌三类证据中至少两类支持+40日趋势仍活；缺失量价/换手必须明示；2%-6%单日加速仅为中等证据,132,False,30,50,46,13,未入选：未满足二级结构筛选最低资格条件
300122,智飞生物,13.28,0.0022641509433962703,-0.027818448023426146,0.035074045206547,-0.00524344569288393,0.11596638655462166,0.0744336569579287,,0.09000762776506482,-0.13654096228868673,0.2784704904405654,0.32322142149663563,40818226.2,68295129.1,0.5976740470060845,0.02886095303455092,0.048288784127608515,0.5976740470060837,True,-0.0368167657887285,-0.006832566168009091,False,3,2,部分收敛/待确认,-0.20763723150358004,0.38840070298769747,-0.014507810470854587,0.012356307287182844,0.015827567008669385,,-0.06478873239436622,13.11,12.56,0.012967200610221274,0.0573248407643312,True,True,True,True,True,False,True,True,False,False,False,False,3,1,1,0,3,0,0,0,8,True,,核心：振幅、流动性（成交量/换手合并）与短期止跌三类证据中至少两类支持+40日趋势仍活；缺失量价/换手必须明示；2%-6%单日加速仅为中等证据,132,False,30,50,46,13,未入选：满足基础条件，但位于本次软容量边界之外（30-50只）
600183,生益科技,146.28,-0.012622342220722227,0.012879102617366023,0.13395348837209298,0.08115299334811521,-0.010953346855983814,-0.12096628808364884,,0.11648335424817303,-0.06993896236012209,0.288652191724703,0.4035422476863332,69833739.2,77506572.5,0.9010040948462791,0.029038506039602875,0.03213708271283732,0.9035825155344077,True,-0.015772784429500808,0.031516049240680966,False,3,2,部分收敛/待确认,-0.23764853033145716,0.6765039727582294,0.04992678935431072,0.028676550436702586,-0.002606558482476151,,-0.02075244343285576,135.47,124.0,0.07979626485568758,0.17967741935483872,True,True,True,True,True,False,True,False,True,False,True,False,3,1,1,0,0,1,2,0,8,False,40日趋势偏弱,核心：振幅、流动性（成交量/换手合并）与短期止跌三类证据中至少两类支持+40日趋势仍活；缺失量价/换手必须明示；2%-6%单日加速仅为中等证据,132,False,30,50,46,13,未入选：未满足二级结构筛选最低资格条件
600362,江西铜业,46.02,0.0034888791975578037,-0.04917355371900822,0.001523394994559224,-0.05580631924497326,0.16713162566573692,0.0843543826578701,,0.10385296722763519,-0.07683049147442322,0.14177563661390225,0.7325163173871552,53377175.8,67777292.0,0.7875377464180776,0.025720873410753582,0.032659861102199476,0.7875377464180768,True,-0.032540208920577185,0.005060169239273771,False,3,2,部分收敛/待确认,-0.15373299006987862,0.5059101654846336,-0.009342575450983714,0.013815833032935876,0.016659019116347817,,-0.050350804787453574,45.16,43.59,0.019043401240035562,0.055746730901582886,True,True,True,True,True,False,True,True,False,False,False,False,3,1,1,0,3,0,0,0,8,True,,核心：振幅、流动性（成交量/换手合并）与短期止跌三类证据中至少两类支持+40日趋势仍活；缺失量价/换手必须明示；2%-6%单日加速仅为中等证据,132,False,30,50,46,13,未入选：满足基础条件，但位于本次软容量边界之外（30-50只）
600409,三友化工,6.93,-0.03347280334728031,-0.06729475100942128,0.0014450867052022698,0.0,0.23750000000000004,0.12866449511400657,,0.10818713450292401,-0.08575197889182062,0.1398176291793313,0.7737732011187392,27473841.6,35956411.3,0.764087421594268,0.01330871651920042,0.01741779296854778,0.7640874215942666,True,-0.019553841916827408,0.013877088643443836,False,3,2,部分收敛/待确认,-0.20253164556962022,0.45846153846153836,-0.0046678635547576786,0.022355805057379996,0.02573934968745073,,-0.07352941176470595,6.84,6.83,0.013157894736842035,0.014641288433382194,True,True,True,True,True,False,True,True,False,False,False,False,3,1,1,0,3,0,0,0,8,True,,核心：振幅、流动性（成交量/换手合并）与短期止跌三类证据中至少两类支持+40日趋势仍活；缺失量价/换手必须明示；2%-6%单日加速仅为中等证据,132,False,30,50,46,13,未入选：满足基础条件，但位于本次软容量边界之外（30-50只）
600881,亚泰集团,1.88,0.010752688172043001,-0.015706806282722474,0.0053475935828875,0.10588235294117654,0.1393939393939394,0.062146892655367214,,0.09392265193370161,-0.23886639676113375,0.19459459459459452,0.4826580724370779,105965263.4,218414370.8,0.4851570114726169,0.03278475040102298,0.06757554693790802,0.4851570114726166,True,-0.03760162601626027,-0.011752682677567794,False,3,2,部分收敛/待确认,-0.23886639676113375,0.4957264957264955,-0.05194150277357534,0.018133333333333335,0.02992494395165224,,-0.0505050505050505,1.81,1.81,0.03867403314917128,0.03867403314917128,True,True,True,True,True,False,True,True,False,False,False,False,3,1,1,0,3,0,0,0,8,True,,核心：振幅、流动性（成交量/换手合并）与短期止跌三类证据中至少两类支持+40日趋势仍活；缺失量价/换手必须明示；2%-6%单日加速仅为中等证据,132,False,30,50,46,13,未入选：满足基础条件，但位于本次软容量边界之外（30-50只）
601011,宝泰隆,2.88,-0.006896551724137945,-0.06493506493506496,-0.040000000000000036,0.0588235294117645,0.1383399209486167,-0.013698630136986356,,0.1619718309859155,-0.13772455089820357,0.2462686567164178,0.6577037985488693,86167373.4,124956366.4,0.6895796979576705,0.04498040844091645,0.06522873073864414,0.6895796979576705,True,-0.03139306736429026,-0.012239497188223702,False,3,2,部分收敛/待确认,-0.27638190954773867,0.32926829268292684,-0.009969061533172896,0.03148352321450454,-0.003905296558457505,,-0.09717868338558,2.84,2.84,0.014084507042253502,0.014084507042253502,True,True,True,True,True,False,True,True,False,False,False,False,3,1,1,0,3,0,0,0,8,True,距离短周期稳健上沿较远,核心：振幅、流动性（成交量/换手合并）与短期止跌三类证据中至少两类支持+40日趋势仍活；缺失量价/换手必须明示；2%-6%单日加速仅为中等证据,132,False,30,50,46,13,未入选：满足基础条件，但位于本次软容量边界之外（30-50只）
605006,山东玻纤,15.43,-0.006439150032195751,0.06340454858718125,0.12545587162654992,0.04116059379217263,-0.06711003627569523,-0.2922018348623854,,0.14911660777385166,-0.0704819277108435,0.2009167303284951,0.7421811390721359,63270109.4,31536791.1,2.0062316803056097,0.10181106102872761,0.048250808110382785,2.1100384639323697,False,0.005863956215793387,0.027219258651347333,True,3,2,部分收敛/待确认,-0.41508718726307803,0.4035947712418301,0.04359000371986066,0.025945637711461744,-0.04214266085659346,,-0.03320802005012535,14.15,13.32,0.09045936395759702,0.1584084084084083,True,True,False,False,False,True,True,False,True,False,True,False,3,1,0,1,0,1,2,0,8,False,40日趋势偏弱,核心：振幅、流动性（成交量/换手合并）与短期止跌三类证据中至少两类支持+40日趋势仍活；缺失量价/换手必须明示；2%-6%单日加速仅为中等证据,132,False,30,50,46,13,未入选：未满足二级结构筛选最低资格条件
605178,时空科技,67.72,-0.020679681851048515,0.003259259259259295,0.025439127801332395,0.04554577736606458,-0.3112986880911217,0.0821348673697666,,0.09731491541207504,-0.08051595383570953,0.16479519215562247,0.5905203552308541,3253140.0,3729236.4,0.8723340789015146,0.03376110213968505,0.03763863948324581,0.8969798750221356,True,-0.015554777330298086,0.00479001067742324,False,3,2,部分收敛/待确认,-0.4514378290805995,0.19859073914293934,0.009510748039712524,0.004671242088404526,0.009770445623848989,,-0.03229494141183198,64.43,63.87,0.05106316933105681,0.060278691091279146,True,True,True,True,True,False,True,False,True,False,True,False,3,1,1,0,0,1,2,0,8,False,40日趋势偏弱,核心：振幅、流动性（成交量/换手合并）与短期止跌三类证据中至少两类支持+40日趋势仍活；缺失量价/换手必须明示；2%-6%单日加速仅为中等证据,132,False,30,50,46,13,未入选：未满足二级结构筛选最低资格条件
688123,聚辰股份,139.22,0.010378111619130603,0.03463139120095127,0.07067599784665068,0.0793084735250793,-0.2966200171777902,0.056377570377115216,,0.17647058823529418,-0.09597402597402593,0.23790322580645162,0.741774675972084,6891378.8,8629155.3,0.7986156883745039,0.043008735082799475,0.05430469346282245,0.7919892801207634,True,-0.0135704953082314,0.0006987912398344065,False,3,2,部分收敛/待确认,-0.41005974829441927,0.2848802837718002,0.013220187258694116,0.00835671743624733,0.007856683298614664,,-0.0204742137479772,124.1,124.1,0.12183722804190178,0.12183722804190178,True,True,True,True,True,False,True,False,True,False,True,False,3,1,1,0,0,1,2,0,8,False,40日趋势偏弱,核心：振幅、流动性（成交量/换手合并）与短期止跌三类证据中至少两类支持+40日趋势仍活；缺失量价/换手必须明示；2%-6%单日加速仅为中等证据,132,False,30,50,46,13,未入选：未满足二级结构筛选最低资格条件
000520,凤凰航运,4.42,0.004545454545454408,0.044917257683215084,0.04245283018867907,0.13043478260869557,0.08333333333333326,-0.032822757111597434,,0.11510791366906485,-0.04946236559139794,0.10804020100502516,1.065417433495065,89219028.4,32770895.6,2.7225080903800505,0.09936318418524087,0.03237963770487678,3.06869351321604,False,0.02771254109910748,0.011540273198304085,True,3,1,结构未成熟,-0.11599999999999999,0.6608187134502923,0.04913363399003101,0.025379863082317433,0.0008164265012040595,,-0.041214750542299394,4.17,4.13,0.05995203836930463,0.07021791767554486,True,False,False,False,False,True,False,True,True,False,True,False,0,0,0,1,3,1,2,0,7,False,振幅、量能、换手或短期趋势尚未形成两类收敛支持,核心：振幅、流动性（成交量/换手合并）与短期止跌三类证据中至少两类支持+40日趋势仍活；缺失量价/换手必须明示；2%-6%单日加速仅为中等证据,144,False,30,50,46,13,未入选：未满足二级结构筛选最低资格条件
000536,华映科技,3.66,0.005494505494505475,-0.07575757575757569,0.12269938650306766,0.09580838323353302,0.14733542319749215,0.019498607242339983,,0.07541899441340782,-0.07575757575757569,0.2857142857142857,0.2639664804469274,96423651.4,83839864.7,1.1500931179341467,0.03741979569965182,0.030342874023672438,1.2332317522215668,False,-0.010799136069114312,0.035734543391945595,False,3,1,结构未成熟,-0.23109243697478987,0.43298969072164967,0.0608695652173914,0.03139924804389804,-0.007811732337624,,-0.04935064935064937,3.58,3.26,0.022346368715083775,0.12269938650306766,True,True,False,False,False,False,False,True,True,False,True,False,0,1,0,0,3,1,2,0,7,False,振幅、量能、换手或短期趋势尚未形成两类收敛支持,核心：振幅、流动性（成交量/换手合并）与短期止跌三类证据中至少两类支持+40日趋势仍活；缺失量价/换手必须明示；2%-6%单日加速仅为中等证据,144,False,30,50,46,13,未入选：未满足二级结构筛选最低资格条件
000716,黑芝麻,5.72,0.04761904761904767,-0.02555366269165249,0.21186440677966112,0.18426501035196674,0.3029612756264237,0.22746781115879822,,0.18749999999999986,-0.08771929824561397,0.34193548387096767,0.5483490566037733,101323636.6,71439665.7,1.4183106206780582,0.13771960372696046,0.09710115803907622,1.4183106206780587,False,-0.0071428571428571175,0.037100456621004696,True,3,2,部分收敛/待确认,-0.08771929824561397,0.7639484978540773,0.08890158004949544,0.041669522308272366,0.0079155672823219,,-0.08333333333333337,5.28,4.67,0.08333333333333326,0.22483940042826545,False,True,False,False,False,True,False,True,True,False,False,True,0,1,0,1,3,1,0,1,7,False,短波动仍偏大,核心：振幅、流动性（成交量/换手合并）与短期止跌三类证据中至少两类支持+40日趋势仍活；缺失量价/换手必须明示；2%-6%单日加速仅为中等证据,144,False,30,50,46,13,未入选：未满足二级结构筛选最低资格条件
002165,红 宝 丽,8.12,0.04504504504504503,-0.0547147846332946,0.006195786864931607,0.16499282639885204,0.4844606946983545,0.05454545454545445,,0.21604139715394566,-0.13617021276595753,0.33875739644970426,0.6377466571007302,153615870.4,156279995.1,0.982952874433511,0.21107883288256807,0.2147395245211686,0.9829528744335109,True,-0.01426194437841688,0.00482076637824469,False,3,2,部分收敛/待确认,-0.3820395738203958,0.3514211886304908,0.05977551553119276,0.05067357016156082,0.028600792099062522,,-0.10276243093922666,7.73,7.26,0.05045278137128051,0.11845730027548207,False,True,True,True,True,False,False,True,True,False,False,True,0,1,1,0,3,1,0,1,7,False,短波动仍偏大,核心：振幅、流动性（成交量/换手合并）与短期止跌三类证据中至少两类支持+40日趋势仍活；缺失量价/换手必须明示；2%-6%单日加速仅为中等证据,144,False,30,50,46,13,未入选：未满足二级结构筛选最低资格条件
002265,建设工业,21.09,0.013942307692307754,0.08209338122113907,0.15751920965971467,0.06784810126582275,0.28754578754578763,0.07055837563451783,,0.14901349948078907,-0.04699502937189337,0.09915966386554619,1.5027632574757546,30429994.2,12030973.5,2.5293043991826596,0.03080360582642725,0.01164617900565815,2.6449538351987982,False,0.061351541319409675,0.045892203035060364,True,3,1,结构未成熟,-0.22491730981256897,0.4603174603174603,0.07634990303154021,0.024842866673689734,0.0004673275157049961,,-0.03917995444191347,19.26,18.05,0.0950155763239875,0.1684210526315788,True,False,False,False,False,True,False,True,True,False,True,False,0,0,0,1,3,1,2,0,7,False,振幅、量能、换手或短期趋势尚未形成两类收敛支持,核心：振幅、流动性（成交量/换手合并）与短期止跌三类证据中至少两类支持+40日趋势仍活；缺失量价/换手必须明示；2%-6%单日加速仅为中等证据,144,False,30,50,46,13,未入选：未满足二级结构筛选最低资格条件
300970,华绿生物,20.14,0.04460580912863077,0.007000000000000117,0.1301907968574636,0.13082537900056157,0.16348931253610632,-0.06281991624011163,,0.23634396971335864,-0.18921095008051525,0.41861793260993707,0.5645815702156768,27813514.2,32040313.0,0.8680787294431237,0.22601159440964658,0.26159497585140257,0.8639752872701618,True,-0.028816199376947127,-0.0026490728245114337,False,3,2,部分收敛/待确认,-0.4731885953439706,0.2652315190901707,0.03226467799390065,0.046122617749877914,-0.010261981289615973,,-0.06888580674988432,18.49,17.66,0.08923742563547865,0.14043035107587776,False,True,True,True,True,False,False,True,True,False,False,True,0,1,1,0,3,1,0,1,7,False,短波动仍偏大,核心：振幅、流动性（成交量/换手合并）与短期止跌三类证据中至少两类支持+40日趋势仍活；缺失量价/换手必须明示；2%-6%单日加速仅为中等证据,144,False,30,50,46,13,未入选：未满足二级结构筛选最低资格条件
600468,百利电气,6.3,0.0,-0.01562500000000011,0.0732538330494037,-0.04977375565610864,0.267605633802817,0.10332749562171628,,0.05483870967741933,-0.08695652173913049,0.20000000000000007,0.27419354838709653,33950007.8,33815211.5,1.0039862622181144,0.031211644179016194,0.031087720373842637,1.0039862622181146,False,-0.02040185471406497,0.020793346129238444,False,3,1,结构未成熟,-0.3913043478260869,0.26363636363636367,0.012373453318335281,0.02792956891317533,0.007691199769551904,,-0.03669724770642202,6.2,5.81,0.016129032258064502,0.0843373493975903,True,True,False,False,False,False,False,True,True,False,True,False,0,1,0,0,3,1,2,0,7,False,振幅、量能、换手或短期趋势尚未形成两类收敛支持,核心：振幅、流动性（成交量/换手合并）与短期止跌三类证据中至少两类支持+40日趋势仍活；缺失量价/换手必须明示；2%-6%单日加速仅为中等证据,144,False,30,50,46,13,未入选：未满足二级结构筛选最低资格条件
603306,华懋科技,75.71,0.05784546597736484,-0.03295440030655272,0.037407508906549536,-0.029358974358974388,-0.09361905902071121,-0.24972747993261324,,0.12561611040698495,-0.058216196044284185,0.1555268075319823,0.8076814048996244,8375196.0,12286225.1,0.6816736574360827,0.025418225719651737,0.03728796828566773,0.6816736574360815,True,-0.027415075690578994,0.001008974563220244,False,3,2,部分收敛/待确认,-0.36966114395137795,0.3198529411764705,0.01844254025477876,0.014748572410764105,-0.049037665683543064,,-0.05244055068836062,71.01,70.57,0.06618786086466688,0.07283548249964578,True,True,True,True,True,False,True,False,True,False,False,True,3,1,1,0,0,1,0,1,7,False,40日趋势偏弱,核心：振幅、流动性（成交量/换手合并）与短期止跌三类证据中至少两类支持+40日趋势仍活；缺失量价/换手必须明示；2%-6%单日加速仅为中等证据,144,False,30,50,46,13,未入选：未满足二级结构筛选最低资格条件
002081,金 螳 螂,5.33,0.02895752895752901,-0.13474025974025972,0.06600000000000006,0.3291770573566086,0.4137931034482758,0.059642147117296096,,0.23481781376518202,-0.16718750000000004,0.35881104033970285,0.6544330786000041,370619546.2,421559193.6,0.8791637137243067,0.13972195294303322,0.15892597790591714,0.8791637137243066,True,-0.06917134831460692,-0.003975424647632897,False,3,2,部分收敛/待确认,-0.3669833729216152,0.4202626641651032,-0.0036452004860266785,0.06135998832628031,-0.013533178114086053,,-0.1262295081967213,4.94,4.82,0.07894736842105265,0.10580912863070524,False,True,True,True,True,False,False,True,False,False,False,True,0,1,1,0,3,0,0,1,6,False,短波动仍偏大,核心：振幅、流动性（成交量/换手合并）与短期止跌三类证据中至少两类支持+40日趋势仍活；缺失量价/换手必须明示；2%-6%单日加速仅为中等证据,152,False,30,50,46,13,未入选：未满足二级结构筛选最低资格条件
002515,金字火腿,7.95,-0.02573529411764708,-0.00872817955112215,-0.0479041916167664,0.12765957446808507,0.005056890012642201,-0.03985507246376807,,0.13774104683195593,-0.10472972972972983,0.15926892950391652,0.8648331301088377,127024427.4,105574792.0,1.203170046501252,0.1131304150629227,0.09581577133952525,1.1807076588888759,False,-0.02495588605999499,-0.012777571020965106,False,3,1,结构未成熟,-0.3187660668380462,0.410459587955626,0.0016378984502962712,-0.00651109945813666,0.014988900881820255,,-0.02573529411764708,7.26,7.26,0.0950413223140496,0.0950413223140496,True,True,False,False,False,False,False,True,False,False,True,False,0,1,0,0,3,0,2,0,6,False,振幅、量能、换手或短期趋势尚未形成两类收敛支持,核心：振幅、流动性（成交量/换手合并）与短期止跌三类证据中至少两类支持+40日趋势仍活；缺失量价/换手必须明示；2%-6%单日加速仅为中等证据,152,False,30,50,46,13,未入选：未满足二级结构筛选最低资格条件
002811,郑中设计,14.38,-0.036193029490616535,0.06676557863501476,0.08774583963691374,0.3630331753554503,0.3920619554695064,0.1596774193548387,,0.19475655430711608,-0.09843260188087766,0.205574912891986,0.9473751031549548,21772295.8,15138649.1,1.43819277771621,0.07691670607275387,0.05348149932646329,1.4381927777162105,False,0.07348850827111697,0.036420395421435936,True,3,2,部分收敛/待确认,-0.09843260188087766,0.7819444444444447,0.115333902117428,0.0797952423968682,0.033473370375389555,,-0.0927444794952681,13.35,12.9,0.07715355805243451,0.11472868217054266,False,True,False,False,False,True,False,True,True,False,False,False,0,1,0,1,3,1,0,0,6,False,短波动仍偏大,核心：振幅、流动性（成交量/换手合并）与短期止跌三类证据中至少两类支持+40日趋势仍活；缺失量价/换手必须明示；2%-6%单日加速仅为中等证据,152,False,30,50,46,13,未入选：未满足二级结构筛选最低资格条件
002837,英维克,63.0,-0.0228013029315961,-0.04400606980273147,0.04599037024738517,0.15215801024140463,-0.10166833024383282,-0.10676307954062103,,0.13136815123357903,-0.10790144435004256,0.3249710536472404,0.4042457005299327,68088653.8,70386041.3,0.9673601831049419,0.06348983740906168,0.062110440439561765,1.0222087777793523,True,-0.021631514205994518,0.035339836624633136,False,3,2,部分收敛/待确认,-0.3259869476837488,0.3605456453305352,0.03946673706441395,0.01732165590079693,-0.006187703134930556,,-0.0706593892904559,62.42,60.5,0.009291893623838421,0.04132231404958686,True,True,True,False,True,False,True,False,True,False,False,False,3,1,1,0,0,1,0,0,6,False,40日趋势偏弱,核心：振幅、流动性（成交量/换手合并）与短期止跌三类证据中至少两类支持+40日趋势仍活；缺失量价/换手必须明示；2%-6%单日加速仅为中等证据,152,False,30,50,46,13,未入选：未满足二级结构筛选最低资格条件
002947,恒铭达,66.75,-0.01881522857562845,-0.0020929884885633188,0.23177708064218505,0.1552440290758048,0.013975391159046113,-0.2042203147353362,,0.12774233701571508,-0.07905629139072856,0.2966571155682902,0.4306060104811776,13767518.6,11220266.0,1.2270224787897186,0.0694264164891124,0.05658120995272361,1.2270224787897182,False,0.022026965611271043,0.058669367805003425,True,3,2,部分收敛/待确认,-0.3642857142857143,0.36546118115461185,0.07715147896528918,0.02901495355074868,-0.0491981281649676,,-0.06091727630838495,64.27,52.68,0.03858721020693956,0.2670842824601367,False,True,False,False,False,True,False,True,True,False,False,False,0,1,0,1,3,1,0,0,6,False,10日速度仍偏快，整理可能未完成,核心：振幅、流动性（成交量/换手合并）与短期止跌三类证据中至少两类支持+40日趋势仍活；缺失量价/换手必须明示；2%-6%单日加速仅为中等证据,152,False,30,50,46,13,未入选：未满足二级结构筛选最低资格条件
002957,科瑞技术,41.33,0.010019550342130978,0.04978409956819907,0.007802974884174585,0.0652061855670103,-0.08480956598759959,-0.2438712038053421,,0.15853658536585372,-0.07497761862130714,0.1416666666666668,1.119081779053084,15629369.0,17906505.3,0.8728318975785856,0.0331638384265432,0.04275031476496066,0.7757565905391929,True,-0.01219817027445902,-0.01185887205676539,False,3,1,结构未成熟,-0.42660932297447285,0.3649318463444857,0.014830820606000827,0.010583010488519395,-0.06299149618437161,,0.010019550342130978,36.9,36.9,0.12005420054200533,0.12005420054200533,True,False,True,True,True,False,False,False,True,True,True,False,0,0,1,0,0,1,4,0,6,False,振幅、量能、换手或短期趋势尚未形成两类收敛支持,核心：振幅、流动性（成交量/换手合并）与短期止跌三类证据中至少两类支持+40日趋势仍活；缺失量价/换手必须明示；2%-6%单日加速仅为中等证据,152,False,30,50,46,13,未入选：未满足二级结构筛选最低资格条件
300319,麦捷科技,19.45,0.06926882902693787,-0.07380952380952388,0.10135900339750847,0.17664851784633995,0.03183023872679036,-0.00663942798774253,,0.18161559888579396,-0.11990950226244357,0.3217703349282298,0.5644261734889356,104864600.2,127994553.6,0.8192895498328454,0.12318603157526169,0.15035713759609723,0.8192895498328454,True,-0.03942259830761541,0.013350854139290602,False,3,2,部分收敛/待确认,-0.4171411447407851,0.38243123336291035,0.038662821745167,0.03674174734402902,-0.006563766378839375,,-0.08037825059101655,17.95,16.72,0.08356545961002793,0.16327751196172247,False,True,True,True,True,False,False,True,True,False,False,False,0,1,1,0,3,1,0,0,6,False,短波动仍偏大,核心：振幅、流动性（成交量/换手合并）与短期止跌三类证据中至少两类支持+40日趋势仍活；缺失量价/换手必须明示；2%-6%单日加速仅为中等证据,152,False,30,50,46,13,未入选：未满足二级结构筛选最低资格条件
300798,锦鸡股份,8.73,-0.019101123595505642,-0.017997750281214864,0.220979020979021,0.12210796915167088,0.43114754098360675,0.19917582417582413,,0.1893491124260357,-0.13134328358208958,0.39769452449567705,0.47611697110024936,60660487.0,31942313.2,1.899063684592511,0.14951922806026166,0.07873313005421642,1.8990636845925117,False,0.03015075376884413,0.064959400374766,True,3,2,部分收敛/待确认,-0.349478390461997,0.39871794871794874,0.09405351212481983,0.06559164206223023,0.02422933624433421,,-0.09999999999999987,8.45,7.0,0.03313609467455625,0.2471428571428571,False,True,False,False,False,True,False,True,True,False,False,False,0,1,0,1,3,1,0,0,6,False,短波动仍偏大,核心：振幅、流动性（成交量/换手合并）与短期止跌三类证据中至少两类支持+40日趋势仍活；缺失量价/换手必须明示；2%-6%单日加速仅为中等证据,152,False,30,50,46,13,未入选：未满足二级结构筛选最低资格条件
300922,天秦装备,19.05,-0.02106885919835566,0.03252032520325221,0.11338398597311516,0.08115777525539158,0.1951066499372649,-0.19176919813322013,,0.182311448724905,-0.12574575493345563,0.23081534772182263,0.78985843239777,19744189.2,10006745.8,1.9730879143547344,0.15641921751703522,0.07927635478330394,1.9730879143547353,False,0.02120361708762064,0.03690412426352463,True,3,2,部分收敛/待确认,-0.2607683352735739,0.47785547785547794,0.03529795385994938,0.04560598933835047,-0.04338808694209417,,-0.06982421875,18.43,16.9,0.033640803038524236,0.1272189349112427,False,True,False,False,False,True,False,True,True,False,False,False,0,1,0,1,3,1,0,0,6,False,短波动仍偏大,核心：振幅、流动性（成交量/换手合并）与短期止跌三类证据中至少两类支持+40日趋势仍活；缺失量价/换手必须明示；2%-6%单日加速仅为中等证据,152,False,30,50,46,13,未入选：未满足二级结构筛选最低资格条件
301123,奕东电子,77.64,-0.030711610486891305,0.007918992600285613,0.007788161993769416,0.10190178824865193,-0.2155991109315013,-0.24511424404472526,,0.12985274431057567,-0.08009478672985793,0.14354473386183467,0.9046151733825507,12240022.8,8705917.3,1.4059429211439902,0.0781504295679667,0.05274982429282264,1.481529666035308,False,0.0023935628437561363,0.010027300133265804,True,3,2,部分收敛/待确认,-0.41522934397830835,0.3428298962927642,0.012163166334232756,0.023753148021747883,-0.03883947177717628,,-0.0700682716492993,74.7,71.99,0.03935742971887546,0.07848312265592461,True,True,False,False,False,True,True,False,True,False,False,False,3,1,0,1,0,1,0,0,6,False,40日趋势偏弱,核心：振幅、流动性（成交量/换手合并）与短期止跌三类证据中至少两类支持+40日趋势仍活；缺失量价/换手必须明示；2%-6%单日加速仅为中等证据,152,False,30,50,46,13,未入选：未满足二级结构筛选最低资格条件
301630,同宇新材,184.68,-0.030092957302662593,-0.0536510376633359,0.12602890067678807,0.07660020986358873,-0.1597816196542311,-0.1892176661691105,,0.1162112114920598,-0.13515032312447306,0.38124191461837,0.3048227569846021,1664865.6,2336029.0,0.7126904674556694,0.08456027731569084,0.11134711173181693,0.7594294634184762,True,-0.044062025303550745,0.03351095826967421,False,3,2,部分收敛/待确认,-0.41577299041472904,0.3404095152062632,0.00953614798658542,0.0248990828193989,0.0021426145122940277,,-0.07158656746430714,178.21,178.21,0.03630548229616748,0.03630548229616748,True,True,True,True,True,False,True,False,True,False,False,False,3,1,1,0,0,1,0,0,6,False,40日趋势偏弱,核心：振幅、流动性（成交量/换手合并）与短期止跌三类证据中至少两类支持+40日趋势仍活；缺失量价/换手必须明示；2%-6%单日加速仅为中等证据,152,False,30,50,46,13,未入选：未满足二级结构筛选最低资格条件
600110,诺德股份,11.48,0.009674582233949014,-0.03610411418975645,0.020444444444444487,0.12328767123287676,-0.054365733113673764,-0.19325368938861565,,0.12007332722273148,-0.0888888888888888,0.3305174234424497,0.36328894849816856,157298263.8,216504005.9,0.7265374289317018,0.09131112083359383,0.12477315875667998,0.7318170169247663,True,-0.017259233690024245,0.0071766147383161005,False,3,2,部分收敛/待确认,-0.37676438653637356,0.3890845070422535,0.04344664606435189,0.039970663733039924,-0.008109741528341985,,-0.060556464811784005,10.91,10.81,0.05224564619615024,0.06197964847363546,True,True,True,True,True,False,True,False,True,False,False,False,3,1,1,0,0,1,0,0,6,False,40日趋势偏弱,核心：振幅、流动性（成交量/换手合并）与短期止跌三类证据中至少两类支持+40日趋势仍活；缺失量价/换手必须明示；2%-6%单日加速仅为中等证据,152,False,30,50,46,13,未入选：未满足二级结构筛选最低资格条件
603318,水发燃气,9.5,0.04625550660792954,-0.03846153846153855,-0.072265625,0.04052573932091996,0.07102593010146574,0.08323831242873436,,0.17877094972067056,-0.09952606635071093,0.20601851851851843,0.8677421379699968,63609125.8,62887668.8,1.011472153663295,0.14042308525730107,0.136989004339556,1.0250682960599742,False,-0.03668976763147158,-0.011921744446708682,False,3,1,结构未成熟,-0.3708609271523179,0.2802056555269923,0.003697834125726329,0.016466025101540493,0.011765573710028177,,-0.08829174664107486,8.95,8.95,0.06145251396648055,0.06145251396648055,True,True,False,False,False,False,False,True,True,False,False,True,0,1,0,0,3,1,0,1,6,False,振幅、量能、换手或短期趋势尚未形成两类收敛支持,核心：振幅、流动性（成交量/换手合并）与短期止跌三类证据中至少两类支持+40日趋势仍活；缺失量价/换手必须明示；2%-6%单日加速仅为中等证据,152,False,30,50,46,13,未入选：未满足二级结构筛选最低资格条件
603938,三孚股份,40.39,0.02279057989364386,-0.11541830924222507,-0.02463173146582942,-0.05894687791239517,-0.1585416666666667,-0.23892971547013375,,0.17433537832310841,-0.15941727367325698,0.2289002557544756,0.7616215969199489,13728329.2,18223059.3,0.7533493127578199,0.03587937862744836,0.04762648351812139,0.7533493127578194,True,-0.0681899481309246,-0.013646841862609671,False,3,2,部分收敛/待确认,-0.506355414324126,0.3144133708422969,-0.06540326032880961,0.0006958274347963478,-0.027782011942553808,,-0.12004357298474944,39.12,39.1,0.03246421267893673,0.03299232736572888,True,True,True,True,True,False,True,False,False,False,False,True,3,1,1,0,0,0,0,1,6,False,40日趋势偏弱,核心：振幅、流动性（成交量/换手合并）与短期止跌三类证据中至少两类支持+40日趋势仍活；缺失量价/换手必须明示；2%-6%单日加速仅为中等证据,152,False,30,50,46,13,未入选：未满足二级结构筛选最低资格条件
688300,联瑞新材,175.5,0.07221407624633436,-0.09067357512953367,0.26131953428201826,0.18341200269723523,0.05914302957151496,-0.06678719557588009,,0.1837506197322755,-0.13495662460567825,0.5579788050990631,0.3293146944885345,15562420.2,16598801.9,0.9375628610881849,0.0644488855907455,0.06874086876259446,0.9375628610881851,True,-0.06717623461809485,0.04857239808037228,False,3,2,部分收敛/待确认,-0.409707039790118,0.45076201641266117,0.07683575953735922,0.05020552586718341,0.0010394990328894682,,-0.081199937176064,161.36,130.22,0.08763014377788791,0.3477192443557058,False,True,True,True,True,False,False,True,True,False,False,False,0,1,1,0,3,1,0,0,6,False,短波动仍偏大,核心：振幅、流动性（成交量/换手合并）与短期止跌三类证据中至少两类支持+40日趋势仍活；缺失量价/换手必须明示；2%-6%单日加速仅为中等证据,152,False,30,50,46,13,未入选：未满足二级结构筛选最低资格条件
688603,天承科技,116.48,-0.033521407235313605,0.03657559846934233,0.12737127371273727,0.07354838709677414,-0.1473537808359564,-0.3710243533668124,,0.1710198431010614,-0.08196721311475408,0.24786857974630888,0.6899617663364133,7661355.0,4897380.5,1.5643781405181811,0.06338946220392061,0.03926557779446802,1.6143774207456412,False,0.017612759389470156,0.03612240339513062,True,3,2,部分收敛/待确认,-0.45498783454987834,0.3424842788559065,0.035515846557318875,0.031365425952799564,-0.06518410022055399,,-0.06816,108.35,98.63,0.07503461005999079,0.18097941802696949,True,True,False,False,False,True,True,False,True,False,False,False,3,1,0,1,0,1,0,0,6,False,40日趋势偏弱,核心：振幅、流动性（成交量/换手合并）与短期止跌三类证据中至少两类支持+40日趋势仍活；缺失量价/换手必须明示；2%-6%单日加速仅为中等证据,152,False,30,50,46,13,未入选：未满足二级结构筛选最低资格条件
688790,昂瑞微,105.0,-0.022528393222863596,-0.07488986784140972,0.10305704380712255,0.07969151670951158,-0.1048593350383632,-0.15912549051013058,,0.08908322121852773,-0.1533623609095307,0.3464336119856693,0.257143701235932,676662.8,818495.3,0.8267155596373003,0.05315330670563437,0.06457162809715819,0.8231681354798247,True,-0.045608288532061,0.031191722597196048,False,3,2,部分收敛/待确认,-0.3674317729983735,0.24591988130563797,0.010694106209512277,0.03023346516497205,-0.01954962911164637,,-0.07350216182828906,104.06,94.49,0.009033250048049224,0.11122870144988894,True,True,True,True,True,False,True,False,True,False,False,False,3,1,1,0,0,1,0,0,6,False,40日趋势偏弱,核心：振幅、流动性（成交量/换手合并）与短期止跌三类证据中至少两类支持+40日趋势仍活；缺失量价/换手必须明示；2%-6%单日加速仅为中等证据,152,False,30,50,46,13,未入选：未满足二级结构筛选最低资格条件
000011,深物业A,8.63,0.015294117647058902,-0.1429990069513406,0.08281053952321216,0.08827238335435061,0.3852327447833066,0.15220293724966627,,0.17090909090909093,-0.1429990069513406,0.27307206068268014,0.6258754208754209,36274679.2,8034290.1,4.514982499822854,0.06890097684936522,0.015260519138682902,4.514982499822866,False,-0.04538444591319668,0.014087786703923744,False,3,1,结构未成熟,-0.1429990069513406,0.629820051413882,0.018529446477044687,0.02384384137050599,0.031397352194414196,,-0.10662525879917173,8.25,7.93,0.046060606060606135,0.08827238335435061,True,True,False,False,False,False,False,True,True,False,False,False,0,1,0,0,3,1,0,0,5,False,振幅、量能、换手或短期趋势尚未形成两类收敛支持,核心：振幅、流动性（成交量/换手合并）与短期止跌三类证据中至少两类支持+40日趋势仍活；缺失量价/换手必须明示；2%-6%单日加速仅为中等证据,169,False,30,50,46,13,未入选：未满足二级结构筛选最低资格条件
000620,盈新发展,3.02,0.01683501683501687,-0.06790123456790131,-0.12968299711815567,0.09420289855072483,-0.10119047619047616,0.027210884353741527,,0.11186440677966088,-0.1837837837837838,0.20129870129870134,0.5557135046473475,222324090.6,481755300.4,0.46148758594955774,0.047589050568421845,0.10312097663581252,0.4614875859495576,True,-0.064673581452105,-0.025989724992444785,False,3,2,部分收敛/待确认,-0.23737373737373735,0.34265734265734277,-0.049417689644318585,0.01718907987866536,0.013621134728401207,,-0.07926829268292679,2.95,2.95,0.023728813559321882,0.023728813559321882,True,True,True,True,True,False,True,False,False,False,False,False,3,1,1,0,0,0,0,0,5,False,40日趋势偏弱,核心：振幅、流动性（成交量/换手合并）与短期止跌三类证据中至少两类支持+40日趋势仍活；缺失量价/换手必须明示；2%-6%单日加速仅为中等证据,169,False,30,50,46,13,未入选：未满足二级结构筛选最低资格条件
002851,麦格米特,132.03,0.08962614508541722,0.010949464012251164,0.10171895861148195,0.09386909693454837,-0.16779073432083202,-0.023518970490348345,,0.1870748299319728,-0.054226361031518566,0.18563862116870722,1.0077365838758323,34505829.0,28492452.1,1.2110515753047453,0.07017814195206049,0.05794810343597549,1.211051575304746,False,-0.006172051928168165,0.011441222336239454,True,3,1,结构未成熟,-0.30488575339580914,0.3988373300114191,0.05135330981597552,-0.006685081209227728,-0.025913303466141624,,0.00786259541984724,117.6,115.76,0.12270408163265323,0.1405494125777471,False,False,False,False,False,True,False,False,False,True,True,False,0,0,0,1,0,0,4,0,5,False,振幅、量能、换手或短期趋势尚未形成两类收敛支持,核心：振幅、流动性（成交量/换手合并）与短期止跌三类证据中至少两类支持+40日趋势仍活；缺失量价/换手必须明示；2%-6%单日加速仅为中等证据,169,False,30,50,46,13,未入选：未满足二级结构筛选最低资格条件
301399,英特科技,20.55,-0.012019230769230727,-0.12254483347566181,0.20457209847596736,0.18443804034582123,0.32751937984496116,0.1926871735345328,,0.12728169708929463,-0.12553191489361704,0.41395908543922977,0.3074740996546624,10876007.8,7931767.3,1.3711960258844207,0.19888980580022678,0.14504841178484526,1.3711960258844207,False,-0.036485144044070994,0.05741942023109692,False,3,1,结构未成熟,-0.1950646298472386,0.6019184652278178,0.07811762237028486,0.06966184729358349,0.029595405846921663,,-0.10065645514223198,20.27,16.86,0.013813517513566964,0.21886120996441294,False,True,False,False,False,False,False,True,True,False,False,False,0,1,0,0,3,1,0,0,5,False,振幅、量能、换手或短期趋势尚未形成两类收敛支持,核心：振幅、流动性（成交量/换手合并）与短期止跌三类证据中至少两类支持+40日趋势仍活；缺失量价/换手必须明示；2%-6%单日加速仅为中等证据,169,False,30,50,46,13,未入选：未满足二级结构筛选最低资格条件
600629,华建集团,17.55,-0.0179071068830442,0.06622114216281894,0.08199753390875464,0.07470912431108401,0.22985283812193424,0.2800875273522976,,0.1649101053936764,-0.06599254922831288,0.12483912483912493,1.3209809473287264,45335882.2,25862431.5,1.7529628720331267,0.041656845362591996,0.022492887267086332,1.852000806652694,False,0.05636031649421791,0.030544163555120463,True,3,1,结构未成熟,-0.06847133757961776,0.8266129032258066,0.05646520587527082,0.05487738061320657,0.041453719477569484,,-0.05032467532467533,16.13,15.54,0.08803471791692519,0.12934362934362942,True,False,False,False,False,True,False,True,True,False,False,False,0,0,0,1,3,1,0,0,5,False,振幅、量能、换手或短期趋势尚未形成两类收敛支持,核心：振幅、流动性（成交量/换手合并）与短期止跌三类证据中至少两类支持+40日趋势仍活；缺失量价/换手必须明示；2%-6%单日加速仅为中等证据,169,False,30,50,46,13,未入选：未满足二级结构筛选最低资格条件
601233,桐昆股份,24.92,-0.041538461538461524,-0.09906001446131596,0.017142857142857126,0.021311475409836245,0.2905230450543761,0.12353471596032461,,0.13765182186234826,-0.1131672597864769,0.2297178130511464,0.5992213665716042,50983162.4,50678019.1,1.006021216010789,0.02146955776490276,0.02134105864092682,1.006021216010789,False,-0.027571343638525314,0.017939860249666317,False,3,1,结构未成熟,-0.1131672597864769,0.731191885038039,0.004940014114326097,0.031231719670704594,0.04016665287919907,,-0.1064897812836142,24.7,22.68,0.00890688259109318,0.09876543209876543,True,True,False,False,False,False,False,True,True,False,False,False,0,1,0,0,3,1,0,0,5,False,振幅、量能、换手或短期趋势尚未形成两类收敛支持,核心：振幅、流动性（成交量/换手合并）与短期止跌三类证据中至少两类支持+40日趋势仍活；缺失量价/换手必须明示；2%-6%单日加速仅为中等证据,169,False,30,50,46,13,未入选：未满足二级结构筛选最低资格条件
603113,金能科技,5.39,-0.03749999999999998,-0.11202635914332792,0.08232931726907622,0.16919739696312353,0.3275862068965518,0.1159420289855071,,0.19252336448598137,-0.15517241379310354,0.3224400871459696,0.5970825966153068,42252875.2,41630744.3,1.0149440253942326,0.04979769298945312,0.049064472269897165,1.0149440253942323,False,-0.011486251305255823,0.01760435571687835,False,3,1,结构未成熟,-0.3402692778457773,0.3301204819277108,0.03049421661409024,0.05013359583743493,0.023352000292815145,,-0.11928104575163401,5.35,4.87,0.007476635514018781,0.10677618069815176,False,True,False,False,False,False,False,True,True,False,False,False,0,1,0,0,3,1,0,0,5,False,振幅、量能、换手或短期趋势尚未形成两类收敛支持,核心：振幅、流动性（成交量/换手合并）与短期止跌三类证据中至少两类支持+40日趋势仍活；缺失量价/换手必须明示；2%-6%单日加速仅为中等证据,169,False,30,50,46,13,未入选：未满足二级结构筛选最低资格条件
603207,小方制药,25.41,0.007533703409992043,0.10047639670853181,0.11545215100965756,0.07396449704142016,0.07806533729316922,0.148215092634433,,0.2142546718817905,-0.09055118110236227,0.18291592128801432,1.171328719627588,10447487.8,4093339.2,2.5523142084096038,0.19133560669052543,0.07496553757374187,2.552314208409604,False,0.05428872839405985,0.022650902302427056,True,3,1,结构未成熟,-0.10998248686514889,0.5852047556142668,0.04716572912159234,0.028911786444067555,0.017177788651850268,,-0.07127192982456143,23.01,22.36,0.10430247718383301,0.13640429338103766,False,False,False,False,False,True,False,True,True,False,False,False,0,0,0,1,3,1,0,0,5,False,振幅、量能、换手或短期趋势尚未形成两类收敛支持,核心：振幅、流动性（成交量/换手合并）与短期止跌三类证据中至少两类支持+40日趋势仍活；缺失量价/换手必须明示；2%-6%单日加速仅为中等证据,169,False,30,50,46,13,未入选：未满足二级结构筛选最低资格条件
688625,呈和科技,56.38,0.07533854663360673,-0.015884098446500183,0.06477809254013223,-0.013990905911157703,-0.10678073510773123,-0.2863291139240506,,0.18037545964776466,-0.12575593115211647,0.2895420915816836,0.6229680066978392,5575690.8,5301120.7,1.051794727103648,0.02147247085054412,0.020415077483487084,1.0517947271036479,False,-0.015450148003754105,-0.01067363720524972,False,3,1,结构未成熟,-0.4358615169101461,0.31649144829750514,0.003408170711088454,-0.00548770225759132,-0.05494638374438332,,-0.019478260869565167,51.67,50.01,0.09115540932843036,0.12737452509498115,False,True,False,False,False,False,False,False,False,True,True,False,0,1,0,0,0,0,4,0,5,False,振幅、量能、换手或短期趋势尚未形成两类收敛支持,核心：振幅、流动性（成交量/换手合并）与短期止跌三类证据中至少两类支持+40日趋势仍活；缺失量价/换手必须明示；2%-6%单日加速仅为中等证据,169,False,30,50,46,13,未入选：未满足二级结构筛选最低资格条件
001696,宗申动力,16.7,0.013349514563106624,0.08441558441558428,0.11259160559626902,0.062340966921119456,-0.05915492957746482,-0.2691466083150985,,0.17105263157894746,-0.07170650361311837,0.11332417582417584,1.5094098883572573,78103678.0,34837085.2,2.241969371191824,0.09282170907831175,0.03907633979468567,2.375394153239894,False,0.047932211964082594,0.02895265237385858,True,3,1,结构未成熟,-0.35120435120435123,0.25718981101068195,0.05005030181086512,0.020874060558669028,-0.016006779341839028,,-0.045168667810177254,15.2,14.81,0.09868421052631571,0.12761647535449017,True,False,False,False,False,True,False,False,True,False,True,False,0,0,0,1,0,1,2,0,4,False,振幅、量能、换手或短期趋势尚未形成两类收敛支持,核心：振幅、流动性（成交量/换手合并）与短期止跌三类证据中至少两类支持+40日趋势仍活；缺失量价/换手必须明示；2%-6%单日加速仅为中等证据,178,False,30,50,46,13,未入选：未满足二级结构筛选最低资格条件
002636,金安国纪,68.05,0.05324253211577146,-0.1016501650165017,0.12535141392425997,0.01901766996106602,-0.2176362382156818,-0.24287939474855358,,0.19090909090909103,-0.10870988867059594,0.3209342560553633,0.5948542024013727,50347743.2,53840389.0,0.9351296328858248,0.06942266884495665,0.07423855089557715,0.9351296328858244,True,-0.047310935987833536,0.022690557704563075,False,3,2,部分收敛/待确认,-0.4528863161279949,0.41669255462358906,0.009838692922967462,0.011144233217347033,0.00829409212600929,,-0.1043695709397211,63.8,57.8,0.06661442006269591,0.1773356401384083,False,True,True,True,True,False,False,False,True,False,False,True,0,1,1,0,0,1,0,1,4,False,短波动仍偏大,核心：振幅、流动性（成交量/换手合并）与短期止跌三类证据中至少两类支持+40日趋势仍活；缺失量价/换手必须明示；2%-6%单日加速仅为中等证据,178,False,30,50,46,13,未入选：未满足二级结构筛选最低资格条件
300197,节能铁汉,2.03,0.014999999999999902,-0.004901960784313819,0.02010050251256268,0.06842105263157894,0.15340909090909083,-0.18145161290322587,,0.11111111111111122,-0.1747967479674798,0.12371134020618568,0.8981481481481481,113441155.4,104198603.6,1.0887013019433593,0.03825720775112808,0.035140224121012795,1.0887013019433596,False,-0.013605442176870541,-0.0024497795198429317,False,3,1,结构未成熟,-0.36956521739130443,0.2916666666666665,-0.01908673592655241,0.02572457554450347,-0.04617244157937139,,-0.05581395348837215,1.98,1.96,0.025252525252525082,0.03571428571428559,True,True,False,False,False,False,False,True,False,False,False,False,0,1,0,0,3,0,0,0,4,False,振幅、量能、换手或短期趋势尚未形成两类收敛支持,核心：振幅、流动性（成交量/换手合并）与短期止跌三类证据中至少两类支持+40日趋势仍活；缺失量价/换手必须明示；2%-6%单日加速仅为中等证据,178,False,30,50,46,13,未入选：未满足二级结构筛选最低资格条件
601003,柳钢股份,3.74,-0.007957559681697535,-0.02604166666666663,0.03601108033241007,-0.023498694516971286,0.08405797101449286,0.024657534246575352,,0.06469002695417796,-0.08333333333333326,0.15254237288135594,0.4240790655884999,23955433.6,21387100.9,1.1200879311323586,0.0092433804214677,0.008345230859828991,1.1076242918529773,False,-0.012403100775193687,0.014392324093816633,False,3,1,结构未成熟,-0.32974910394265233,0.2068965517241381,-0.0022675736961450532,0.015139371270816548,0.00579443550241443,,-0.05316455696202527,3.71,3.59,0.008086253369272267,0.04178272980501396,True,True,False,False,False,False,False,True,False,False,False,False,0,1,0,0,3,0,0,0,4,False,振幅、量能、换手或短期趋势尚未形成两类收敛支持,核心：振幅、流动性（成交量/换手合并）与短期止跌三类证据中至少两类支持+40日趋势仍活；缺失量价/换手必须明示；2%-6%单日加速仅为中等证据,178,False,30,50,46,13,未入选：未满足二级结构筛选最低资格条件
603002,宏昌电子,16.42,0.006127450980392135,-0.019701492537313348,0.05798969072164972,0.09979906229068991,-0.09780219780219768,-0.143453312467397,,0.1350267379679144,-0.13578947368421046,0.23975822699798524,0.5631787474348026,74359529.6,70447021.7,1.0555383010606394,0.0632317660822545,0.06211829352283401,1.017925034579567,False,-0.04871399786654018,0.0009126863401278662,False,3,1,结构未成熟,-0.40182149362477226,0.4002175095160414,0.004742236499923669,0.025514751760406407,-0.009232560979045679,,-0.03297997644287387,14.96,14.89,0.09759358288770059,0.1027535258562795,True,True,False,False,False,False,False,False,True,False,True,False,0,1,0,0,0,1,2,0,4,False,振幅、量能、换手或短期趋势尚未形成两类收敛支持,核心：振幅、流动性（成交量/换手合并）与短期止跌三类证据中至少两类支持+40日趋势仍活；缺失量价/换手必须明示；2%-6%单日加速仅为中等证据,178,False,30,50,46,13,未入选：未满足二级结构筛选最低资格条件
000062,深圳华强,23.66,-0.016216216216216273,-0.030725112658746445,0.06817155756207693,0.017196904557179593,-0.11979166666666663,-0.2397172236503856,,0.06382978723404255,-0.05359999999999998,0.1612149532710282,0.3959296947271041,32445325.0,25786399.0,1.2582340403559256,0.032657112561681724,0.02468160405064086,1.323135744932825,False,-0.01899714635140648,0.021687983915814835,False,3,1,结构未成熟,-0.4104161475205582,0.15926493108728945,0.0126040529841005,0.015313755977352184,-0.04812166120971917,,-0.05208333333333337,23.5,21.96,0.006808510638297793,0.07741347905282336,True,True,False,False,False,False,False,False,True,False,False,False,0,1,0,0,0,1,0,0,2,False,振幅、量能、换手或短期趋势尚未形成两类收敛支持,核心：振幅、流动性（成交量/换手合并）与短期止跌三类证据中至少两类支持+40日趋势仍活；缺失量价/换手必须明示；2%-6%单日加速仅为中等证据,183,False,30,50,46,13,未入选：未满足二级结构筛选最低资格条件
