股票代码,股票名称,最新收盘,ret1,ret5,ret10,ret20,ret40,ret60,ret120,amp5,距20日高点,前10日区间振幅,振幅收敛比,近5日平均成交量,前10日平均成交量,成交量收敛比,近5日平均换手率,前10日平均换手率,换手率收敛比,流动性收敛证据,MA5_3日斜率,MA10_3日斜率,短期下行停止证据,整理证据可用项,整理收敛支持项,整理成熟度状态,距250日高点,250日位置,MA20距离,MA30_5日斜率,MA60_10日斜率,MA120_20日斜率,距稳健5日上沿,近5日低点,近10日低点,距近5日低点,距近10日低点,最近25日曾涨停,25日内涨停次数,最近涨停日期,涨停板规则,涨停核验交易日数,25日最大单日涨幅,20日方向证据,MA20上方证据,短波动非极端证据,10日不过热证据,10日非急跌证据,短沿附近辅助,阶段1分,阶段1通过,阶段1风险提示,阶段1规则说明,阶段排名,本阶段入选,阶段软容量下限,阶段软容量上限,实际入选数,边界分数,决策说明
000070,特发信息,17.98,0.04352872896111437,0.11124845488257118,0.10442260442260443,0.23150684931506849,,,,0.15873015873015872,-0.014794520547945167,0.12188728702490179,1.3022700119474304,104644214.6,64560134.4,1.620879751452314,,0.07535759335969597,,False,0.030637991108974916,0.027360118314025073,True,3,1,结构未成熟,-0.014794520547945167,0.9346246973365618,0.10994505833693435,,,,0.019852524106636515,15.75,15.3,0.1415873015873017,0.1751633986928105,True,1,2026-08-25,沪深主板10%,25,9.993155373032181,2,2,1,1,1,1,8,True,,硬资格：最近25个交易日（含当日）至少一次按板块涨停价核验的实际涨停；通过后再按方向/非极端波动/不过热排序,1,True,,,424,1,入选：满足一级粗筛资格条件；本阶段不设置数量下限或上限
000560,我爱我家,2.82,0.0641509433962264,-0.03754266211604107,-0.013986013986013957,0.21030042918454916,,,,0.13671875000000003,-0.18023255813953487,0.38152610441767054,0.3583470394736844,295744538.8,591910744.5,0.49964380871278474,,0.25266305817637513,,True,-0.09590878604963116,-0.03846153846153855,False,3,2,部分收敛/待确认,-0.18023255813953487,0.5373134328358208,0.014206078043517367,,,,-0.030927835051546504,2.56,2.56,0.1015625,0.1015625,True,7,2026-09-08,沪深主板10%,25,10.185185185185164,2,2,1,1,1,1,8,True,,硬资格：最近25个交易日（含当日）至少一次按板块涨停价核验的实际涨停；通过后再按方向/非极端波动/不过热排序,1,True,,,424,1,入选：满足一级粗筛资格条件；本阶段不设置数量下限或上限
000628,高新发展,56.19,-0.00017793594306059202,0.021450645337211416,0.04036289576004437,0.36284259034683486,,,,0.1228377065111759,-0.030705537346903622,0.24666666666666665,0.49799070207233476,10208775.8,14530175.6,0.7025913575332153,,0.07558407486197424,,True,-0.0013200352009387073,0.012450985857910268,True,3,3,收敛较充分,-0.030705537346903622,0.9060190073917634,0.08479091856828447,,,,-0.004958384983176911,51.45,51.45,0.09212827988338179,0.09212827988338179,True,1,2026-08-21,沪深主板10%,12,9.99272374484599,2,2,1,1,1,1,8,True,,硬资格：最近25个交易日（含当日）至少一次按板块涨停价核验的实际涨停；通过后再按方向/非极端波动/不过热排序,1,True,,,424,1,入选：满足一级粗筛资格条件；本阶段不设置数量下限或上限
000635,英 力 特,7.14,-0.029891304347826164,-0.06052631578947365,-0.03903095558546432,0.10185185185185164,,,,0.061884669479606115,-0.15502958579881654,0.31825273010920424,0.19445133890405655,12696052.4,24317485.7,0.5220956046455083,,0.06798437761848959,,True,-0.02622424404602608,-0.011460554371001908,False,3,2,部分收敛/待确认,-0.15502958579881654,0.42035398230088483,0.008545801257150876,,,,-0.05430463576158939,7.11,7.06,0.00421940928270037,0.011331444759206777,True,2,2026-09-02,沪深主板10%,25,10.060975609756095,2,2,1,1,1,1,8,True,,硬资格：最近25个交易日（含当日）至少一次按板块涨停价核验的实际涨停；通过后再按方向/非极端波动/不过热排序,1,True,,,424,1,入选：满足一级粗筛资格条件；本阶段不设置数量下限或上限
000670,盈方微,7.64,-0.04020100502512569,0.056708160442600075,0.07152875175315576,0.06555090655509055,,,,0.14040114613180507,-0.04020100502512569,0.11661807580174924,1.203939828080229,74022502.4,41062035.9,1.802699276291851,,0.050235698704309724,,False,0.036194132163422044,0.016777592900721006,True,3,1,结构未成熟,-0.04020100502512569,0.7681159420289853,0.05853827502597864,,,,-0.007792207792207906,6.98,6.93,0.09455587392550124,0.10245310245310235,True,2,2026-09-16,沪深主板10%,12,10.072992700729944,2,2,1,1,1,1,8,True,,硬资格：最近25个交易日（含当日）至少一次按板块涨停价核验的实际涨停；通过后再按方向/非极端波动/不过热排序,1,True,,,424,1,入选：满足一级粗筛资格条件；本阶段不设置数量下限或上限
000720,新能泰山,3.98,-0.0455635491606714,0.031088082901554515,0.03645833333333326,0.08152173913043481,,,,0.12398921832884097,-0.0455635491606714,0.05053191489361713,2.4536813732444265,61659372.6,25041668.4,2.4622709483686003,,0.020436368327429743,,False,0.01954732510288082,0.008016550297388125,True,3,1,结构未成熟,-0.0455635491606714,0.7164179104477613,0.031355273386887594,,,,-0.04096385542168679,3.71,3.71,0.07277628032345018,0.07277628032345018,True,1,2026-09-16,沪深主板10%,12,10.026385224274414,2,2,1,1,1,1,8,True,,硬资格：最近25个交易日（含当日）至少一次按板块涨停价核验的实际涨停；通过后再按方向/非极端波动/不过热排序,1,True,,,424,1,入选：满足一级粗筛资格条件；本阶段不设置数量下限或上限
002138,顺络电子,49.93,-0.02327856025039121,0.06369833830421823,0.09041275387639214,0.03139847139020868,,,,0.14021978021978027,-0.0375867386276022,0.15342714480254194,0.9139176799531835,30457509.6,26775682.0,1.1375063985298302,0.04164556182771345,0.03493947165724047,1.191934504226634,False,0.03131619387797491,0.026346443018404386,True,3,2,部分收敛/待确认,-0.07707948243992613,0.5846613545816731,0.03802415750192312,,,,-0.01731942530997843,45.5,44.06,0.09736263736263728,0.13322741715842024,True,1,2026-09-07,沪深主板10%,25,10.002247696111466,2,2,1,1,1,1,8,True,,硬资格：最近25个交易日（含当日）至少一次按板块涨停价核验的实际涨停；通过后再按方向/非极端波动/不过热排序,1,True,,,424,1,入选：满足一级粗筛资格条件；本阶段不设置数量下限或上限
002194,武汉凡谷,10.78,-0.032315978456014416,-0.007366482504604033,0.07263681592039783,0.07477567298105692,,,,0.12417685794920022,-0.09790794979079498,0.1653061224489795,0.7511933382112117,78826155.4,32769048.2,2.4055064071101095,,0.06367284497737913,,False,-0.0007233273056055367,0.025042686397268143,True,3,2,部分收敛/待确认,-0.09790794979079498,0.49130434782608673,0.0308884001147558,,,,-0.051056338028169,10.63,9.84,0.014111006585136199,0.09552845528455278,True,1,2026-09-08,沪深主板10%,25,10.029791459781535,2,2,1,1,1,1,8,True,,硬资格：最近25个交易日（含当日）至少一次按板块涨停价核验的实际涨停；通过后再按方向/非极端波动/不过热排序,1,True,,,424,1,入选：满足一级粗筛资格条件；本阶段不设置数量下限或上限
002281,光迅科技,191.22,0.03244965174666592,0.06594570488878992,0.10225962646991005,0.10436038117239388,,,,0.17489110328778568,-0.028847130523108166,0.15524399783380474,1.1265562967208174,35757423.8,29772922.3,1.2010048405627953,,0.035981513149063116,,False,0.0030293850348379614,0.009689003320008105,True,3,1,结构未成熟,-0.05514378891194782,0.7347278345614453,0.08464693103115772,,,,0.03244965174666592,167.59,166.19,0.14099886628080438,0.1506107467356641,True,2,2026-09-16,沪深主板10%,25,10.001781790105134,2,2,1,1,1,1,8,True,,硬资格：最近25个交易日（含当日）至少一次按板块涨停价核验的实际涨停；通过后再按方向/非极端波动/不过热排序,1,True,,,424,1,入选：满足一级粗筛资格条件；本阶段不设置数量下限或上限
002297,博云新材,21.79,-0.022869955156950783,-0.005022831050228271,-0.009545454545454635,0.260266049739734,,,,0.13204887218045105,-0.0954753009547531,0.3269339356295877,0.40390078174711375,127106620.6,112130718.7,1.1335575306537298,,0.1918390801968345,,False,-0.0027416644556468306,0.028921591383872736,True,3,2,部分收敛/待确认,-0.0954753009547531,0.6921017402945112,0.07031461060490707,,,,-0.08329827513672694,21.28,20.31,0.02396616541353369,0.07287050713934029,True,2,2026-09-03,沪深主板10%,25,10.011001100110018,2,2,1,1,1,1,8,True,,硬资格：最近25个交易日（含当日）至少一次按板块涨停价核验的实际涨停；通过后再按方向/非极端波动/不过热排序,1,True,,,424,1,入选：满足一级粗筛资格条件；本阶段不设置数量下限或上限
002300,太阳电缆,7.88,-0.059665871121718506,-0.023543990086741018,-0.06078665077473189,0.17611940298507456,,,,0.10263157894736857,-0.10454545454545461,0.3095238095238097,0.33157894736842136,57463708.2,63196368.4,0.9092881387785569,,0.08619707948170634,,True,-0.013573543928924181,0.011570871588479248,False,3,2,部分收敛/待确认,-0.10454545454545461,0.5964912280701753,0.04509283819628651,,,,-0.050602409638554335,7.6,7.6,0.03684210526315801,0.03684210526315801,True,3,2026-09-16,沪深主板10%,25,9.973753280839915,2,2,1,1,1,1,8,True,,硬资格：最近25个交易日（含当日）至少一次按板块涨停价核验的实际涨停；通过后再按方向/非极端波动/不过热排序,1,True,,,424,1,入选：满足一级粗筛资格条件；本阶段不设置数量下限或上限
002303,美盈森,5.56,-0.039723661485319584,0.049056603773584895,0.05502846299810238,0.20607375271149664,,,,0.17682926829268295,-0.04137931034482767,0.15537848605577695,1.1380550343964975,76113974.8,54374996.0,1.3997973406747468,,0.050943277268164056,,False,0.007105459985041085,0.006923652694611038,True,3,1,结构未成熟,-0.04137931034482767,0.8079999999999998,0.057637435799885894,,,,-0.0017953321364453378,4.92,4.92,0.13008130081300817,0.13008130081300817,True,1,2026-09-16,沪深主板10%,12,10.076045627376429,2,2,1,1,1,1,8,True,,硬资格：最近25个交易日（含当日）至少一次按板块涨停价核验的实际涨停；通过后再按方向/非极端波动/不过热排序,1,True,,,424,1,入选：满足一级粗筛资格条件；本阶段不设置数量下限或上限
002349,精华制药,8.03,0.0024968789013732895,-0.05640423031727382,0.02292993630573248,0.11527777777777759,,,,0.12804097311139576,-0.13282937365010805,0.3042253521126761,0.4208754208754212,97482561.0,82294795.1,1.1845531771668512,,0.08406799859346663,,False,-0.04576231613355097,0.0003643429681807753,False,3,1,结构未成熟,-0.13282937365010805,0.5119047619047616,0.022734509329427555,,,,-0.08853575482406373,7.81,7.46,0.028169014084507005,0.07640750670241281,True,4,2026-09-09,沪深主板10%,25,10.065359477124169,2,2,1,1,1,1,8,True,,硬资格：最近25个交易日（含当日）至少一次按板块涨停价核验的实际涨停；通过后再按方向/非极端波动/不过热排序,1,True,,,424,1,入选：满足一级粗筛资格条件；本阶段不设置数量下限或上限
002436,兴森科技,41.2,-0.03738317757009335,0.037522034751951594,0.17078715544188716,0.2185743862762497,,,,0.16238630283574104,-0.05178365937859608,0.25243902439024396,0.6432694121995537,138960210.4,131963254.7,1.0530220000704484,,0.06744694002957688,,False,0.028086777067498847,0.05677242712191988,True,3,2,部分收敛/待确认,-0.05178365937859608,0.8067010309278351,0.1133781026631897,,,,-0.03580622513456577,37.38,33.07,0.10219368646334948,0.24584215300876933,True,2,2026-09-07,沪深主板10%,25,9.997006884166426,2,2,1,1,1,1,8,True,,硬资格：最近25个交易日（含当日）至少一次按板块涨停价核验的实际涨停；通过后再按方向/非极端波动/不过热排序,1,True,,,424,1,入选：满足一级粗筛资格条件；本阶段不设置数量下限或上限
002564,天沃科技,4.83,-0.020283975659229125,-0.09380863039399623,0.078125,0.09772727272727266,,,,0.12159329140461218,-0.16291161178509528,0.29082774049217,0.41809385582970504,29298089.8,35354229.9,0.8287011167509549,,0.03585792087771099,,True,-0.05277145026575547,0.02126391096979341,False,3,2,部分收敛/待确认,-0.16291161178509528,0.3856209150326798,0.004262397338600676,,,,-0.09719626168224293,4.77,4.48,0.012578616352201255,0.078125,True,2,2026-09-07,沪深主板10%,25,10.044642857142838,2,2,1,1,1,1,8,True,,硬资格：最近25个交易日（含当日）至少一次按板块涨停价核验的实际涨停；通过后再按方向/非极端波动/不过热排序,1,True,,,424,1,入选：满足一级粗筛资格条件；本阶段不设置数量下限或上限
002617,露笑科技,6.9,-0.017094017094017033,0.08661417322834652,0.11650485436893221,0.1147011308562198,,,,0.1554487179487179,-0.04299583911234395,0.07413509060955507,2.096830484330487,163605812.6,75023225.3,2.180735524842865,0.08713459310835911,0.0399565156415002,2.180735524842866,False,0.03649860810392824,0.027236737925574017,True,3,1,结构未成熟,-0.04299583911234395,0.7559055118110238,0.08996129847563394,,,,0.020710059171597628,6.24,6.07,0.10576923076923084,0.13673805601317968,True,1,2026-09-16,沪深主板10%,25,10.03134796238243,2,2,1,1,1,1,8,True,,硬资格：最近25个交易日（含当日）至少一次按板块涨停价核验的实际涨停；通过后再按方向/非极端波动/不过热排序,1,True,,,424,1,入选：满足一级粗筛资格条件；本阶段不设置数量下限或上限
002708,光洋股份,17.26,0.03601440576230508,0.05179768433881793,0.10783055198973046,0.5878564857405706,,,,0.10642317380352641,-0.01764371087080241,0.4162520729684907,0.25567001515349186,35543270.0,53912012.0,0.6592829442165876,,0.1057865017148478,,True,0.013828238719068242,0.04881619144602878,True,3,3,收敛较充分,-0.01764371087080241,0.9559659090909093,0.1864173769590325,,,,0.02251184834123232,15.88,14.89,0.0869017632241813,0.15916722632639368,True,3,2026-09-07,沪深主板10%,25,10.028248587570632,2,2,1,1,1,1,8,True,,硬资格：最近25个交易日（含当日）至少一次按板块涨停价核验的实际涨停；通过后再按方向/非极端波动/不过热排序,1,True,,,424,1,入选：满足一级粗筛资格条件；本阶段不设置数量下限或上限
002806,华锋股份,14.82,-0.05121638924455818,0.032752613240418116,-0.0006743088334456582,0.0786026200873362,,,,0.13024602026049195,-0.05121638924455818,0.09231853417899934,1.410832845417084,10173391.2,5055386.0,2.012386630813156,0.06100921846646181,0.03031684743493322,2.012386630813159,False,0.016062032677928606,0.0003418335954057383,True,3,1,结构未成熟,-0.05121638924455818,0.6363636363636367,0.016077611326317243,,,,0.0095367847411445,13.82,13.82,0.0723589001447178,0.0723589001447178,True,1,2026-09-16,沪深主板10%,25,10.000000000000009,2,2,1,1,1,1,8,True,,硬资格：最近25个交易日（含当日）至少一次按板块涨停价核验的实际涨停；通过后再按方向/非极端波动/不过热排序,1,True,,,424,1,入选：满足一级粗筛资格条件；本阶段不设置数量下限或上限
002811,郑中设计,15.08,0.020297699594046037,0.06346967559943595,-0.03826530612244894,0.13213213213213204,,,,0.11086797957695109,-0.05454545454545445,0.2203519510328997,0.5031404489828997,9262268.2,16142904.2,0.5737671539920307,,0.05702931050165246,,True,0.007727975270479082,-0.0009688581314879485,True,3,3,收敛较充分,-0.05454545454545445,0.847902097902098,0.07231742871364588,,,,0.03642611683848784,13.71,13.71,0.09992706053975198,0.09992706053975198,True,2,2026-08-20,沪深主板10%,12,10.029211295034091,2,2,1,1,1,1,8,True,,硬资格：最近25个交易日（含当日）至少一次按板块涨停价核验的实际涨停；通过后再按方向/非极端波动/不过热排序,1,True,,,424,1,入选：满足一级粗筛资格条件；本阶段不设置数量下限或上限
002886,沃特股份,26.17,-0.02677575306805502,0.006151480199923176,-0.057276657060518765,0.3552563438632834,,,,0.16855345911949682,-0.15142671854734102,0.25314912637139375,0.6658267462168245,41874273.6,51879808.6,0.8071400941907099,,0.24813594881194762,,True,0.02265955778579265,-0.025318836763101316,False,3,2,部分收敛/待确认,-0.15142671854734102,0.6092050209205022,0.02635500823594028,,,,-0.04905523255813948,23.85,23.85,0.09727463312368978,0.09727463312368978,True,5,2026-09-02,沪深主板10%,25,10.000000000000009,2,2,1,1,1,1,8,True,,硬资格：最近25个交易日（含当日）至少一次按板块涨停价核验的实际涨停；通过后再按方向/非极端波动/不过热排序,1,True,,,424,1,入选：满足一级粗筛资格条件；本阶段不设置数量下限或上限
002902,铭普光磁,29.16,-0.02114803625377637,0.039572192513368964,0.13551401869158886,0.1715548413017276,,,,0.13539367181751286,-0.05508749189889828,0.1792144026186579,0.7554843240228345,33637807.4,20432802.9,1.646264957608924,,0.10412970017690744,,False,0.04409084536660579,0.03587000329754897,True,3,2,部分收敛/待确认,-0.05508749189889828,0.7745358090185677,0.08256608256608255,,,,-0.052015604681404426,27.18,24.44,0.07284768211920523,0.19312602291325698,True,2,2026-09-11,沪深主板10%,25,10.017825311942952,2,2,1,1,1,1,8,True,,硬资格：最近25个交易日（含当日）至少一次按板块涨停价核验的实际涨停；通过后再按方向/非极端波动/不过热排序,1,True,,,424,1,入选：满足一级粗筛资格条件；本阶段不设置数量下限或上限
002916,深南电路,383.68,-0.022471337579617834,-0.021997909816216743,0.12338232710663455,0.11211594202898545,,,,0.058180296133521714,-0.051470951792336184,0.21224216203040744,0.2741222364912885,7811770.0,7680436.3,1.017099770751305,,0.011549159965360292,,False,0.004007366558294478,0.03300705297465112,True,3,2,部分收敛/待确认,-0.051470951792336184,0.7270939834840741,0.045683231675742286,,,,-0.04202142268607523,382.26,328.21,0.003714749123633121,0.1690076475427318,True,1,2026-09-07,沪深主板10%,25,10.000000000000009,2,2,1,1,1,1,8,True,,硬资格：最近25个交易日（含当日）至少一次按板块涨停价核验的实际涨停；通过后再按方向/非极端波动/不过热排序,1,True,,,424,1,入选：满足一级粗筛资格条件；本阶段不设置数量下限或上限
002918,蒙娜丽莎,11.04,-0.008976660682226356,-0.017793594306049876,0.001814882032667775,0.10510510510510507,,,,0.11961722488038279,-0.11396468699839502,0.21206225680933868,0.5640665466836395,24360000.4,25948674.9,0.9387762763947534,,0.13531422975933324,,True,0.009219088937093334,-0.00413966882649397,True,3,3,收敛较充分,-0.11396468699839502,0.4892086330935248,0.013401872590416586,,,,-0.05641025641025643,10.45,10.45,0.056459330143540765,0.056459330143540765,True,2,2026-09-14,沪深主板10%,25,9.999999999999986,2,2,1,1,1,1,8,True,,硬资格：最近25个交易日（含当日）至少一次按板块涨停价核验的实际涨停；通过后再按方向/非极端波动/不过热排序,1,True,,,424,1,入选：满足一级粗筛资格条件；本阶段不设置数量下限或上限
002947,恒铭达,63.96,0.029454369869628128,0.024179343474779902,-0.09302325581395343,0.11389759665621724,,,,0.08080808080808088,-0.11754966887417218,0.16153846153846163,0.5002405002405004,6158645.6,12042488.3,0.5114097225238741,,0.06072748710730365,,True,-0.013218227239667257,-0.022477239690918638,False,3,2,部分收敛/待确认,-0.11754966887417218,0.5767511177347242,0.0041446872645063415,,,,0.0009389671361501595,59.4,59.4,0.07676767676767682,0.07676767676767682,True,1,2026-08-25,沪深主板10%,12,10.001845358922324,2,2,1,1,1,1,8,True,,硬资格：最近25个交易日（含当日）至少一次按板块涨停价核验的实际涨停；通过后再按方向/非极端波动/不过热排序,1,True,,,424,1,入选：满足一级粗筛资格条件；本阶段不设置数量下限或上限
002957,科瑞技术,41.83,-0.019226260257913297,0.0470588235294116,0.06654767975522691,0.027259332023575666,,,,0.1590296495956873,-0.045848540145985495,0.1878048780487805,0.8467812510939194,15554741.8,15696808.7,0.9909493131556099,,0.03591806335942887,,True,0.004145025968837368,0.01449970950059365,True,3,3,收敛较充分,-0.06378692927484342,0.633676092544987,0.03424403510940777,,,,0.015784361340456465,37.1,36.9,0.12749326145552553,0.13360433604336053,True,2,2026-09-16,沪深主板10%,25,10.007737941707484,2,2,1,1,1,1,8,True,,硬资格：最近25个交易日（含当日）至少一次按板块涨停价核验的实际涨停；通过后再按方向/非极端波动/不过热排序,1,True,,,424,1,入选：满足一级粗筛资格条件；本阶段不设置数量下限或上限
300570,太辰光,215.98,0.04646542952662447,0.06252767255374625,0.14523569648443702,0.012089971883786133,,,,0.13599123310546368,-0.06283086001909233,0.19542036143225947,0.6958908074305435,17989751.6,15913187.7,1.1304932700567594,,0.07658424403008655,,False,0.010332859288136653,0.023086288313712622,True,3,2,部分收敛/待确认,-0.06283086001909233,0.8252474052618873,0.07710491275141007,,,,0.030930787589498854,191.63,178.18,0.12706778688096843,0.21214502188797835,True,1,2026-08-17,创业板20%,25,20.000000000000018,2,2,1,1,1,1,8,True,,硬资格：最近25个交易日（含当日）至少一次按板块涨停价核验的实际涨停；通过后再按方向/非极端波动/不过热排序,1,True,,,424,1,入选：满足一级粗筛资格条件；本阶段不设置数量下限或上限
300911,亿田智能,28.75,0.02131438721136769,-0.0048459674627898686,-0.1159286592865929,0.1658556366585564,,,,0.10151515151515152,-0.14281454979129393,0.5563805104408351,0.1824563398791923,12521046.8,22273805.7,0.5621422296953951,,0.12999285005029484,,True,-0.02589558455984442,-0.025678426051560344,False,3,2,部分收敛/待确认,-0.14281454979129393,0.6332312404287902,0.06333795654183993,,,,-0.008278716798896135,26.4,26.4,0.0890151515151516,0.0890151515151516,True,2,2026-08-31,创业板20%,25,20.009013068949976,2,2,1,1,1,1,8,True,,硬资格：最近25个交易日（含当日）至少一次按板块涨停价核验的实际涨停；通过后再按方向/非极端波动/不过热排序,1,True,,,424,1,入选：满足一级粗筛资格条件；本阶段不设置数量下限或上限
301151,冠龙节能,20.89,0.0009583133684714085,-0.04785779398359169,-0.0615453728661276,0.2942998760842628,,,,0.0737304687499999,-0.08457493426818574,0.3534994068801899,0.20857310455117417,4261418.4,9541511.6,0.4466187936091804,,0.059839915832526014,,True,-0.03466029236002566,-0.01238532110091739,False,3,2,部分收敛/待确认,-0.08457493426818574,0.7330567081604427,0.04023503635096115,,,,-0.050022737608003576,20.48,20.48,0.02001953125,0.02001953125,True,1,2026-08-31,创业板20%,25,20.023148148148138,2,2,1,1,1,1,8,True,,硬资格：最近25个交易日（含当日）至少一次按板块涨停价核验的实际涨停；通过后再按方向/非极端波动/不过热排序,1,True,,,424,1,入选：满足一级粗筛资格条件；本阶段不设置数量下限或上限
301419,阿莱德,42.35,-0.005868544600938996,0.056900424257549265,0.09743456854107269,0.05348258706467668,,,,0.15386666666666676,-0.05888888888888888,0.20226308345120222,0.7607254079254085,7150225.4,8375175.7,0.8537403460085022,,0.0797860938783793,,True,0.009279475982532537,0.031081842873981413,True,3,3,收敛较充分,-0.05888888888888888,0.805860805860806,0.07810192963698404,,,,0.008333333333333304,37.5,35.35,0.1293333333333333,0.19801980198019797,True,1,2026-08-14,创业板20%,25,19.999999999999996,2,2,1,1,1,1,8,True,,硬资格：最近25个交易日（含当日）至少一次按板块涨停价核验的实际涨停；通过后再按方向/非极端波动/不过热排序,1,True,,,424,1,入选：满足一级粗筛资格条件；本阶段不设置数量下限或上限
301550,斯菱智驱,94.0,0.08170310701956263,0.011840688912809316,0.05145413870246074,0.11864810186838026,,,,0.16020640825633037,-0.07825063737987847,0.26306663363884086,0.6089955462625286,9238493.2,9976782.8,0.925999230934445,,0.051191849690220996,,True,-0.04142329496650066,0.0047717179286557165,False,3,2,部分收敛/待确认,-0.07825063737987847,0.7159131363474545,0.051942456509453505,,,,0.0024528100671856734,83.33,80.74,0.12804512180487215,0.16423086450334412,True,1,2026-09-07,创业板20%,25,19.99754480726739,2,2,1,1,1,1,8,True,,硬资格：最近25个交易日（含当日）至少一次按板块涨停价核验的实际涨停；通过后再按方向/非极端波动/不过热排序,1,True,,,424,1,入选：满足一级粗筛资格条件；本阶段不设置数量下限或上限
600165,宁科生物,3.4,0.024096385542168752,0.02102102102102088,0.0691823899371069,0.11475409836065587,,,,0.09872611464968155,-0.05555555555555558,0.0970873786407768,1.016878980891719,17305083.0,17092713.0,1.0124245928659774,,0.019920633908583816,,False,0.0030487804878049918,0.012717121588089242,True,3,1,结构未成熟,-0.05555555555555558,0.8305084745762711,0.04631481766425605,,,,0.011904761904761862,3.14,3.11,0.08280254777070062,0.09324758842443726,True,2,2026-08-18,沪深主板10%,25,10.1123595505618,2,2,1,1,1,1,8,True,,硬资格：最近25个交易日（含当日）至少一次按板块涨停价核验的实际涨停；通过后再按方向/非极端波动/不过热排序,1,True,,,424,1,入选：满足一级粗筛资格条件；本阶段不设置数量下限或上限
600186,莲花控股,12.61,-0.020962732919254767,0.06955046649703145,0.01857835218093684,0.1442831215970961,,,,0.15310586176727908,-0.04324734446130507,0.1571298819255223,0.9743904844264406,246839060.2,254150505.5,0.9712318286142461,,0.15354109930007637,,True,0.0316115365813916,0.018739212624311552,True,3,3,收敛较充分,-0.05754857997010476,0.7072243346007601,0.04703782123136979,,,,-0.04252088078967353,11.43,11.32,0.10323709536307968,0.1139575971731448,True,2,2026-09-14,沪深主板10%,13,10.016694490818034,2,2,1,1,1,1,8,True,,硬资格：最近25个交易日（含当日）至少一次按板块涨停价核验的实际涨停；通过后再按方向/非极端波动/不过热排序,1,True,,,424,1,入选：满足一级粗筛资格条件；本阶段不设置数量下限或上限
600255,鑫科材料,3.6,-0.032258064516129115,-0.034852546916890104,0.04651162790697683,0.1285266457680252,,,,0.14845938375350134,-0.12195121951219501,0.18237082066869303,0.8140522875816989,174131579.2,110997528.7,1.568787893202887,,0.06145542498229325,,False,-0.00794491525423724,0.018580144204104032,True,3,2,部分收敛/待确认,-0.12195121951219501,0.47916666666666685,0.02447353443369371,,,,-0.07216494845360821,3.57,3.36,0.008403361344537785,0.0714285714285714,True,1,2026-09-09,沪深主板10%,25,9.887005649717517,2,2,1,1,1,1,8,True,,硬资格：最近25个交易日（含当日）至少一次按板块涨停价核验的实际涨停；通过后再按方向/非极端波动/不过热排序,1,True,,,424,1,入选：满足一级粗筛资格条件；本阶段不设置数量下限或上限
600330,天通股份,29.66,-0.03857374392220425,0.046577275935074214,0.0809037900874634,0.06346360702760845,,,,0.17680608365019004,-0.04322580645161289,0.20622568093385218,0.8573427075112987,105956057.8,103423046.3,1.0244917510228086,,0.0779108348983,,False,0.012097051343735066,0.030761579994316612,True,3,2,部分收敛/待确认,-0.04322580645161289,0.8213333333333334,0.05024609610141306,,,,-0.030718954248366015,26.3,26.01,0.12775665399239533,0.14033064206074575,True,4,2026-09-14,沪深主板10%,25,10.01523229246002,2,2,1,1,1,1,8,True,,硬资格：最近25个交易日（含当日）至少一次按板块涨停价核验的实际涨停；通过后再按方向/非极端波动/不过热排序,1,True,,,424,1,入选：满足一级粗筛资格条件；本阶段不设置数量下限或上限
600410,华胜天成,16.28,0.03103229892336934,0.16119828815977177,0.12508638562543206,0.20058997050147487,,,,0.16619718309859152,-0.016908212560386326,0.151285930408472,1.09856338028169,167211220.8,74438190.7,2.246309578827525,,0.0678874160122124,,False,0.0670186839967506,0.022990844354018325,True,3,1,结构未成熟,-0.016908212560386326,0.9267015706806289,0.12477545944452118,,,,0.013698630136986356,14.2,13.86,0.14647887323943665,0.17460317460317465,True,2,2026-09-11,沪深主板10%,25,9.985734664764623,2,2,1,1,1,1,8,True,,硬资格：最近25个交易日（含当日）至少一次按板块涨停价核验的实际涨停；通过后再按方向/非极端波动/不过热排序,1,True,,,424,1,入选：满足一级粗筛资格条件；本阶段不设置数量下限或上限
600487,亨通光电,68.49,0.047247706422018254,0.07166327648255355,0.04901209986215327,0.10432118671396307,,,,0.12783171521035608,-0.05151641046946409,0.17951649787651086,0.7120889540653323,158609293.2,171153344.7,0.9267086978522834,,0.06964166304317547,,True,0.008289865871833113,-0.004970439775867197,True,3,3,收敛较充分,-0.05151641046946409,0.7554240631163708,0.05081469207401246,,,,0.040881458966565365,61.8,61.22,0.10825242718446604,0.11875204181639987,True,1,2026-08-14,沪深主板10%,25,10.008733624454136,2,2,1,1,1,1,8,True,,硬资格：最近25个交易日（含当日）至少一次按板块涨停价核验的实际涨停；通过后再按方向/非极端波动/不过热排序,1,True,,,424,1,入选：满足一级粗筛资格条件；本阶段不设置数量下限或上限
600500,中化国际,5.83,-0.03316749585406309,0.010398613518197708,0.05807622504537213,0.14538310412573674,,,,0.12754158964879841,-0.04426229508196711,0.13483146067415727,0.9459334565619218,120003667.2,116709923.1,1.0282216285686165,,0.028956417380849173,,False,-0.004163775156141525,0.01152482269503552,True,3,2,部分收敛/待确认,-0.04426229508196711,0.756756756756757,0.039586305278174194,,,,-0.03316749585406309,5.41,5.34,0.07763401109057311,0.09176029962546828,True,1,2026-09-16,沪深主板10%,25,10.036496350364965,2,2,1,1,1,1,8,True,,硬资格：最近25个交易日（含当日）至少一次按板块涨停价核验的实际涨停；通过后再按方向/非极端波动/不过热排序,1,True,,,424,1,入选：满足一级粗筛资格条件；本阶段不设置数量下限或上限
600596,新安股份,11.88,-0.037277147487844386,-0.011647254575707033,0.05225863596102753,0.12820512820512842,,,,0.1284246575342466,-0.09863429438543236,0.21845574387947272,0.5878749409541805,100389165.6,77175235.3,1.3007950699438944,,0.05473300571806447,,False,0.00016095284081774075,0.029735025986197483,True,3,2,部分收敛/待确认,-0.09863429438543236,0.5593220338983054,0.037373384561648626,,,,-0.09174311926605494,11.68,10.93,0.017123287671233056,0.08691674290942375,True,1,2026-09-08,沪深主板10%,25,10.018214936247727,2,2,1,1,1,1,8,True,,硬资格：最近25个交易日（含当日）至少一次按板块涨停价核验的实际涨停；通过后再按方向/非极端波动/不过热排序,1,True,,,424,1,入选：满足一级粗筛资格条件；本阶段不设置数量下限或上限
600857,宁波中百,21.09,-0.000947418285172863,-0.0580616346583297,0.09843749999999996,0.04148148148148145,,,,0.13249999999999992,-0.12051709758131779,0.2621052631578948,0.5055220883534133,6952742.2,10546427.5,0.6592509359211923,,0.04735957289444075,,True,-0.055939104266241824,0.013126877744395804,False,3,2,部分收敛/待确认,-0.12051709758131779,0.4547169811320754,0.0046684451219514145,,,,-0.06887417218543046,20.0,19.0,0.05449999999999999,0.1100000000000001,True,1,2026-09-07,沪深主板10%,25,10.00962463907602,2,2,1,1,1,1,8,True,,硬资格：最近25个交易日（含当日）至少一次按板块涨停价核验的实际涨停；通过后再按方向/非极端波动/不过热排序,1,True,,,424,1,入选：满足一级粗筛资格条件；本阶段不设置数量下限或上限
601869,长飞光纤,467.03,0.013080260303687474,0.07180887685316928,0.1869821582880089,0.3056471903830025,,,,0.11682242990654206,-0.022949790794979164,0.2244058744993325,0.5205854355069014,14353605.4,13950367.4,1.0289051885472207,,0.032586471422783016,,False,0.04281797089221673,0.04484339026864692,True,3,2,部分收敛/待确认,-0.022949790794979164,0.9222371872120222,0.11304153022655017,,,,-0.0178541386271871,428.0,374.5,0.09119158878504674,0.2470761014686247,True,1,2026-08-27,沪深主板10%,25,9.999484562651407,2,2,1,1,1,1,8,True,,硬资格：最近25个交易日（含当日）至少一次按板块涨停价核验的实际涨停；通过后再按方向/非极端波动/不过热排序,1,True,,,424,1,入选：满足一级粗筛资格条件；本阶段不设置数量下限或上限
601872,招商轮船,21.85,0.10020140986908377,0.06171039844509241,0.13212435233160624,0.18364030335861314,,,,0.12339331619537286,0.0,0.20573355817875214,0.5997724303594762,172713460.4,122719811.7,1.407380422178402,,0.01519836850980436,,False,0.015499254843517107,0.03458049886621284,True,3,2,部分收敛/待确认,0.0,1.0,0.12457860469904025,,,,0.015334572490706355,19.45,18.5,0.12339331619537286,0.18108108108108123,True,2,2026-09-17,沪深主板10%,25,10.020140986908377,2,2,1,1,1,1,8,True,,硬资格：最近25个交易日（含当日）至少一次按板块涨停价核验的实际涨停；通过后再按方向/非极端波动/不过热排序,1,True,,,424,1,入选：满足一级粗筛资格条件；本阶段不设置数量下限或上限
601890,亚星锚链,9.67,0.0,-0.06840077071290951,0.08165548098434017,0.1416765053128688,,,,0.11608093716719912,-0.11608775137111516,0.2632794457274826,0.44090391046839683,87808702.6,59150437.0,1.4844979522298372,,0.06165357202418172,,False,-0.0068451781759615304,0.026504751847940877,True,3,2,部分收敛/待确认,-0.11608775137111516,0.5189393939393939,0.04761388873842165,,,,-0.07729007633587792,9.39,8.89,0.02981895633652809,0.0877390326209222,True,1,2026-09-09,沪深主板10%,25,10.043668122270732,2,2,1,1,1,1,8,True,,硬资格：最近25个交易日（含当日）至少一次按板块涨停价核验的实际涨停；通过后再按方向/非极端波动/不过热排序,1,True,,,424,1,入选：满足一级粗筛资格条件；本阶段不设置数量下限或上限
601949,中国出版,6.08,-0.011382113821138296,-0.12517985611510796,0.14716981132075468,0.18518518518518512,,,,0.16489361702127672,-0.17278911564625843,0.4271844660194173,0.38600096711798887,116973823.2,67939098.4,1.721745297697386,,0.03568289828039305,,False,-0.07591062136516691,0.03628899835796395,False,3,1,结构未成熟,-0.17278911564625843,0.4502164502164503,0.05326981377219586,,,,-0.07458143074581436,5.64,5.27,0.07801418439716312,0.15370018975332078,True,3,2026-09-08,沪深主板10%,25,10.000000000000009,2,2,1,1,1,1,8,True,,硬资格：最近25个交易日（含当日）至少一次按板块涨停价核验的实际涨停；通过后再按方向/非极端波动/不过热排序,1,True,,,424,1,入选：满足一级粗筛资格条件；本阶段不设置数量下限或上限
603009,北特科技,47.37,0.10009289363678575,0.030230535015224103,0.01805286911669879,0.05266666666666664,,,,0.12491094751840413,-0.05316809914051579,0.1342099297211517,0.9307131579454062,7308488.0,6900834.9,1.059073011585888,,0.019364631557822014,,False,-0.04088578691137812,-0.013893668272539572,False,3,1,结构未成熟,-0.05316809914051579,0.6641414141414137,0.031677755877644875,,,,0.02443771626297564,42.11,42.11,0.12491094751840404,0.12491094751840404,True,2,2026-09-17,沪深主板10%,25,10.009289363678576,2,2,1,1,1,1,8,True,,硬资格：最近25个交易日（含当日）至少一次按板块涨停价核验的实际涨停；通过后再按方向/非极端波动/不过热排序,1,True,,,424,1,入选：满足一级粗筛资格条件；本阶段不设置数量下限或上限
603083,剑桥科技,219.03,-0.02056969100746764,-0.06569125111973728,0.17612629544112135,0.22356292944528255,,,,0.14340187276764155,-0.07920292596796574,0.3445059914085464,0.41625363954144595,23911202.0,25450279.6,0.9395261024951568,,0.08953236330232742,,True,-0.014887494861758777,0.052526318847878395,False,3,2,部分收敛/待确认,-0.07920292596796574,0.7604272634791455,0.0891650381155551,,,,-0.075393642618937,207.18,185.1,0.057196640602374726,0.18330632090761756,True,3,2026-09-07,沪深主板10%,25,10.001592610288256,2,2,1,1,1,1,8,True,,硬资格：最近25个交易日（含当日）至少一次按板块涨停价核验的实际涨停；通过后再按方向/非极端波动/不过热排序,1,True,,,424,1,入选：满足一级粗筛资格条件；本阶段不设置数量下限或上限
603110,东方材料,25.51,-0.0011746280344556714,0.09344192027432507,0.018363273453093854,0.009098101265822889,,,,0.16801075268817203,-0.05413422321097505,0.16400517911091916,1.0244234578381446,9129656.8,11935597.3,0.7649099220195709,,0.059314173526407964,,True,0.036122155485999397,0.009625712633231531,True,3,2,部分收敛/待确认,-0.10491228070175429,0.516181229773463,0.040757211048100705,,,,0.01512136888181459,22.32,22.32,0.14292114695340508,0.14292114695340508,True,1,2026-08-17,沪深主板10%,25,9.992069785884228,2,2,1,1,1,1,8,True,,硬资格：最近25个交易日（含当日）至少一次按板块涨停价核验的实际涨停；通过后再按方向/非极端波动/不过热排序,1,True,,,424,1,入选：满足一级粗筛资格条件；本阶段不设置数量下限或上限
603138,海量数据,14.15,-0.01736111111111116,-0.01324965132496514,-0.024137931034482696,0.09520123839009287,,,,0.1347985347985348,-0.11285266457680243,0.273961661341853,0.4920343019468384,29082346.2,17699693.7,1.6430988407443459,,0.05967665845634033,,False,0.010498320268756967,0.01691109395831858,True,3,2,部分收敛/待确认,-0.11285266457680243,0.49860724233983317,0.02703683542006896,,,,-0.0547762191048764,13.65,13.58,0.03663003663003672,0.04197349042709875,True,1,2026-09-03,沪深主板10%,25,10.01517450682854,2,2,1,1,1,1,8,True,,硬资格：最近25个交易日（含当日）至少一次按板块涨停价核验的实际涨停；通过后再按方向/非极端波动/不过热排序,1,True,,,424,1,入选：满足一级粗筛资格条件；本阶段不设置数量下限或上限
603150,万朗磁塑,67.28,-0.018669778296382722,-0.04567375886524816,0.0825422365245374,0.28617855094628175,,,,0.09609517998779739,-0.07999453028852721,0.4367387033398821,0.22002899961218567,2689820.0,3898895.7,0.6898927816920057,,0.04561018799059459,,True,-0.01684458218549112,0.04967023593742881,False,3,2,部分收敛/待确认,-0.07999453028852721,0.7483870967741937,0.0915255887148454,,,,-0.05145918511208236,65.56,62.97,0.02623550945698594,0.06844529140860733,True,1,2026-09-03,沪深主板10%,25,9.999999999999986,2,2,1,1,1,1,8,True,,硬资格：最近25个交易日（含当日）至少一次按板块涨停价核验的实际涨停；通过后再按方向/非极端波动/不过热排序,1,True,,,424,1,入选：满足一级粗筛资格条件；本阶段不设置数量下限或上限
603228,景旺电子,104.26,-0.020204867963537154,-0.05226797563857832,0.17914498982130733,0.16857206904281563,,,,0.09230769230769226,-0.08221830985915479,0.32663551401869173,0.2826015186530205,35721755.2,41358175.5,0.863716901631698,,0.042115811617843224,,True,-0.020730792454211167,0.047972660212533214,False,3,2,部分收敛/待确认,-0.08221830985915479,0.6734265734265737,0.0502669487256977,,,,-0.08035635529681573,104.0,90.8,0.0024999999999999467,0.14823788546255523,True,1,2026-09-07,沪深主板10%,25,9.99584803819804,2,2,1,1,1,1,8,True,,硬资格：最近25个交易日（含当日）至少一次按板块涨停价核验的实际涨停；通过后再按方向/非极端波动/不过热排序,1,True,,,424,1,入选：满足一级粗筛资格条件；本阶段不设置数量下限或上限
603269,海鸥股份,25.73,0.00311890838206641,-0.03632958801498121,-0.08238231098430804,0.47112635791881097,,,,0.16623821765209937,-0.1145905024088093,0.3851286939942802,0.4316432928639908,36358972.2,56480430.4,0.6437446022011901,,0.13295623868341963,,True,-0.03448813982521848,-0.021157790777178498,False,3,2,部分收敛/待确认,-0.1145905024088093,0.7218045112781956,0.0765239948119325,,,,-0.05473916238060239,23.34,23.34,0.10239931448157669,0.10239931448157669,True,3,2026-08-31,沪深主板10%,25,10.01984126984128,2,2,1,1,1,1,8,True,,硬资格：最近25个交易日（含当日）至少一次按板块涨停价核验的实际涨停；通过后再按方向/非极端波动/不过热排序,1,True,,,424,1,入选：满足一级粗筛资格条件；本阶段不设置数量下限或上限
603297,永新光学,109.76,-0.01763179092455025,0.055283145851360516,-0.021572472811552834,0.023307850083908344,,,,0.13447236180904518,-0.08472314876584386,0.1642718446601942,0.8185965287430054,1003993.4,1666739.2,0.602369824865222,,0.01738691222864757,,True,0.022748091603053577,-0.009265104534145419,True,3,3,收敛较充分,-0.08472314876584386,0.5024485798237025,0.01785134696527102,,,,0.02378509467400436,99.5,99.5,0.10311557788944725,0.10311557788944725,True,1,2026-08-31,沪深主板10%,25,9.997151808601545,2,2,1,1,1,1,8,True,,硬资格：最近25个交易日（含当日）至少一次按板块涨停价核验的实际涨停；通过后再按方向/非极端波动/不过热排序,1,True,,,424,1,入选：满足一级粗筛资格条件；本阶段不设置数量下限或上限
603316,诚邦股份,15.17,-0.03804692454026626,-0.03498727735368956,0.11626195732155997,0.09058231488138024,,,,0.09370725034199734,-0.05128205128205132,0.1927162367223066,0.4862447084675293,31264550.0,11417054.7,2.738407656048105,0.12529644597826414,0.043203216102079695,2.900164785932052,False,0.026575854700854773,0.038343129023229894,True,3,2,部分收敛/待确认,-0.05128205128205132,0.7081850533807829,0.05622280243690159,,,,-0.05009392611145902,14.62,13.18,0.037619699042407806,0.15098634294385427,True,1,2026-09-10,沪深主板10%,25,10.006997900629822,2,2,1,1,1,1,8,True,,硬资格：最近25个交易日（含当日）至少一次按板块涨停价核验的实际涨停；通过后再按方向/非极端波动/不过热排序,1,True,,,424,1,入选：满足一级粗筛资格条件；本阶段不设置数量下限或上限
603400,华之杰,54.67,0.0,0.04892555640828866,0.06777343749999987,0.07660496258369442,,,,0.13329187396351574,-0.006000000000000005,0.2634964392373076,0.5058583499243104,1990339.6,4596757.9,0.4329876933479572,,0.13378932518672082,,True,0.030328624078624022,0.03573308380607032,True,3,3,收敛较充分,-0.006000000000000005,0.9740973312401885,0.09600850023054863,,,,0.0,48.24,48.24,0.13329187396351583,0.13329187396351583,True,2,2026-09-14,沪深主板10%,12,10.009140767824508,2,2,1,1,1,1,8,True,,硬资格：最近25个交易日（含当日）至少一次按板块涨停价核验的实际涨停；通过后再按方向/非极端波动/不过热排序,1,True,,,424,1,入选：满足一级粗筛资格条件；本阶段不设置数量下限或上限
603601,再升科技,10.02,-0.026239067055393583,0.0060240963855420215,0.10718232044198883,0.13348416289592757,,,,0.10707070707070712,-0.08576642335766438,0.12542372881355945,0.8536718536718532,180997850.0,67259731.1,2.691028451048922,,0.058878857370510906,,False,0.052482269503546064,0.034060951175788334,True,3,2,部分收敛/待确认,-0.08576642335766438,0.6147540983606554,0.06459838504037396,,,,-0.06790697674418611,9.9,8.91,0.012121212121211977,0.12457912457912457,True,1,2026-09-10,沪深主板10%,25,10.055248618784528,2,2,1,1,1,1,8,True,,硬资格：最近25个交易日（含当日）至少一次按板块涨停价核验的实际涨停；通过后再按方向/非极端波动/不过热排序,1,True,,,424,1,入选：满足一级粗筛资格条件；本阶段不设置数量下限或上限
603637,镇海股份,14.87,0.04571026722925442,0.02551724137931033,0.0,0.057610241820768016,,,,0.12132352941176473,-0.07639751552795049,0.11805555555555562,1.0276816608996537,10984651.8,9086247.0,1.2089316744305982,,0.04273926700980059,,False,-0.007526132404181096,-0.007119386637458702,True,3,1,结构未成熟,-0.07639751552795049,0.6666666666666662,0.02505773274049572,,,,-0.024918032786885314,13.6,13.6,0.09338235294117636,0.09338235294117636,True,2,2026-08-25,沪深主板10%,25,10.039215686274506,2,2,1,1,1,1,8,True,,硬资格：最近25个交易日（含当日）至少一次按板块涨停价核验的实际涨停；通过后再按方向/非极端波动/不过热排序,1,True,,,424,1,入选：满足一级粗筛资格条件；本阶段不设置数量下限或上限
603668,天马科技,12.75,0.03406326034063256,0.007109004739336511,0.13434163701067603,0.2549212598425197,,,,0.09393680614859092,-0.06798245614035081,0.3372434017595307,0.27854305127538703,10189162.0,16260922.9,0.6266041640231871,,0.032149126064341546,,True,-0.02313054499366296,0.030054196091312102,False,3,2,部分收敛/待确认,-0.06798245614035081,0.7578125000000001,0.10451769394031274,,,,0.003937007874015741,11.71,11.27,0.08881298035866769,0.13132209405501327,True,1,2026-09-07,沪深主板10%,25,9.974853310980713,2,2,1,1,1,1,8,True,,硬资格：最近25个交易日（含当日）至少一次按板块涨停价核验的实际涨停；通过后再按方向/非极端波动/不过热排序,1,True,,,424,1,入选：满足一级粗筛资格条件；本阶段不设置数量下限或上限
603679,华体科技,23.6,0.002123142250530785,-0.03673469387755102,0.07615139078887379,0.09259259259259256,,,,0.14933920704845818,-0.1026615969581749,0.2318501170960187,0.6441196101989056,9732330.0,10265777.7,0.9480363090270307,,0.04788776047834927,,True,-0.04140052046368581,0.015474049600602058,False,3,2,部分收敛/待确认,-0.1026615969581749,0.4705882352941179,0.002186975815869463,,,,-0.0923076923076922,22.7,21.35,0.0396475770925111,0.10538641686182659,True,2,2026-09-08,沪深主板10%,25,10.012620950778285,2,2,1,1,1,1,8,True,,硬资格：最近25个交易日（含当日）至少一次按板块涨停价核验的实际涨停；通过后再按方向/非极端波动/不过热排序,1,True,,,424,1,入选：满足一级粗筛资格条件；本阶段不设置数量下限或上限
603880,南卫股份,9.71,-0.025100401606425682,-0.022155085599194213,-0.01621073961499475,0.1841463414634148,,,,0.07082452431289639,-0.0654475457170356,0.13304252998909494,0.5323449901223439,7364800.0,12950773.8,0.5686764446461106,,0.0486487529741105,,True,-0.005475562766173003,0.002031281738777091,True,3,3,收敛较充分,-0.0654475457170356,0.7269076305220885,0.012724238631622864,,,,-0.029970029970029843,9.46,9.44,0.026427061310782207,0.028601694915254328,True,1,2026-08-17,沪深主板10%,25,9.950248756218905,2,2,1,1,1,1,8,True,,硬资格：最近25个交易日（含当日）至少一次按板块涨停价核验的实际涨停；通过后再按方向/非极端波动/不过热排序,1,True,,,424,1,入选：满足一级粗筛资格条件；本阶段不设置数量下限或上限
603978,深圳新星,22.03,0.023223409196470035,0.06117533718689794,-0.044251626898047736,0.19081081081081086,,,,0.136782786885246,-0.08208333333333329,0.2896292315959162,0.4722685832902464,14395725.4,19681335.1,0.7314404905386728,,0.0982661550282374,,True,0.006053036126056899,-0.008380149812733828,True,3,3,收敛较充分,-0.08208333333333329,0.6603448275862072,0.06716399835299258,,,,0.03233364573570774,19.52,19.52,0.1285860655737705,0.1285860655737705,True,2,2026-09-02,沪深主板10%,25,10.024330900243307,2,2,1,1,1,1,8,True,,硬资格：最近25个交易日（含当日）至少一次按板块涨停价核验的实际涨停；通过后再按方向/非极端波动/不过热排序,1,True,,,424,1,入选：满足一级粗筛资格条件；本阶段不设置数量下限或上限
603980,吉华集团,8.24,0.0024330900243307862,0.01104294478527601,0.07152145643693109,0.22436849925705782,,,,0.1293333333333334,-0.027154663518299982,0.236764705882353,0.5462525879917186,54727247.6,74416069.1,0.7354224465479057,,0.10970650983672943,,True,0.0176322418136019,0.01790052422963817,True,3,3,收敛较充分,-0.027154663518299982,0.8888888888888887,0.09661964333244599,,,,-0.0072289156626507145,7.5,7.36,0.09866666666666668,0.11956521739130443,True,1,2026-09-01,沪深主板10%,25,9.999999999999986,2,2,1,1,1,1,8,True,,硬资格：最近25个交易日（含当日）至少一次按板块涨停价核验的实际涨停；通过后再按方向/非极端波动/不过热排序,1,True,,,424,1,入选：满足一级粗筛资格条件；本阶段不设置数量下限或上限
605118,力鼎光电,32.86,-0.01851851851851849,0.0003044140030441511,-0.07955182072829137,0.13310344827586196,,,,0.1080824088748019,-0.0960110041265475,0.24146174863387979,0.44761710492987267,5000680.2,8460671.8,0.5910500156736962,,0.022010613029209435,,True,-0.012303851640513841,-0.00720061382281767,False,3,2,部分收敛/待确认,-0.0960110041265475,0.59037558685446,0.019752664980526857,,,,-0.05193306405077891,31.55,31.55,0.041521394611727436,0.041521394611727436,True,2,2026-09-02,沪深主板10%,25,9.996806132226133,2,2,1,1,1,1,8,True,,硬资格：最近25个交易日（含当日）至少一次按板块涨停价核验的实际涨停；通过后再按方向/非极端波动/不过热排序,1,True,,,424,1,入选：满足一级粗筛资格条件；本阶段不设置数量下限或上限
605198,安德利,79.85,-0.018438844499078066,0.05510042283298078,0.19143539242017305,0.3301682492087288,,,,0.1705478530084801,-0.08176172953081873,0.27952941176470575,0.6101248950219199,5848236.8,3285905.5,1.7797945802154078,,0.01214590849276986,,False,0.05078307924449765,0.058077920629165725,True,3,2,部分收敛/待确认,-0.08176172953081873,0.7648809523809523,0.12894902409885534,,,,-0.037719932513858856,74.29,65.2,0.07484183604792016,0.2246932515337421,True,1,2026-08-24,沪深主板10%,12,10.000000000000009,2,2,1,1,1,1,8,True,,硬资格：最近25个交易日（含当日）至少一次按板块涨停价核验的实际涨停；通过后再按方向/非极端波动/不过热排序,1,True,,,424,1,入选：满足一级粗筛资格条件；本阶段不设置数量下限或上限
605288,凯迪股份,67.25,0.09993457638207381,0.04620410703173605,-0.07036217860105065,0.22450837581937355,,,,0.14370748299319733,-0.0855316834375851,0.18996763754045323,0.7564840246149563,1683687.0,3053433.1,0.5514078562913332,,0.03304461170181857,,True,-0.025475332422020602,-0.023633811744464883,False,3,2,部分收敛/待确认,-0.0855316834375851,0.693768257059396,0.05282933206002283,,,,0.04069947384710604,58.8,58.8,0.14370748299319724,0.14370748299319724,True,3,2026-09-17,沪深主板10%,25,10.006082725060828,2,2,1,1,1,1,8,True,,硬资格：最近25个交易日（含当日）至少一次按板块涨停价核验的实际涨停；通过后再按方向/非极端波动/不过热排序,1,True,,,424,1,入选：满足一级粗筛资格条件；本阶段不设置数量下限或上限
605488,福莱新材,30.13,0.03043775649794811,0.0432825484764543,0.06353688669255209,0.030085470085470023,,,,0.12790269074824925,-0.024287564766839354,0.15180902648265573,0.8425236213662315,8865965.8,6923162.4,1.2806236930105814,,0.021774774126651384,,False,-0.010806718061673992,0.005551507581277315,False,3,1,结构未成熟,-0.047122074636306244,0.6902286902286899,0.03580452756243879,,,,0.014819804648029455,27.13,26.95,0.11057869517139696,0.11799628942486096,True,1,2026-09-07,沪深主板10%,25,9.992652461425422,2,2,1,1,1,1,8,True,,硬资格：最近25个交易日（含当日）至少一次按板块涨停价核验的实际涨停；通过后再按方向/非极端波动/不过热排序,1,True,,,424,1,入选：满足一级粗筛资格条件；本阶段不设置数量下限或上限
920021,流金科技,8.15,0.048906048906049104,0.0421994884910486,-0.09544950055493895,0.2519201228878649,,,,0.11155913978494612,-0.22967863894139884,0.574404761904762,0.19421694801938805,23972990.4,11432950.7,2.0968331823559776,,24.774285714285714,,False,-0.030034465780403807,-0.04528083381586567,False,3,1,结构未成熟,-0.22967863894139884,0.41866028708133973,0.027807554070244045,,,,-0.014510278113663788,7.44,7.44,0.09543010752688175,0.09543010752688175,True,1,2026-08-31,北交所30%,25,29.955947136563886,2,2,1,1,1,1,8,True,,硬资格：最近25个交易日（含当日）至少一次按板块涨停价核验的实际涨停；通过后再按方向/非极端波动/不过热排序,1,True,,,424,1,入选：满足一级粗筛资格条件；本阶段不设置数量下限或上限
000636,风华高科,56.65,-0.03294639808808464,0.11296660117878199,0.11912287633346508,0.06705594273874538,,,,0.18418477197103145,-0.06363636363636371,0.1957473420888055,0.940931151379167,165860369.0,101434846.7,1.6351419102603129,,0.08839715330008255,,False,0.08408714005728934,0.039635976377190296,True,3,2,部分收敛/待确认,-0.16098933649289093,0.44398976982097194,0.06530017394574772,,,,-0.0558333333333334,51.09,47.97,0.10882755920923848,0.18094642484886392,True,1,2026-09-11,沪深主板10%,25,10.000000000000009,2,2,0,1,1,1,7,True,近5日波动仍偏大,硬资格：最近25个交易日（含当日）至少一次按板块涨停价核验的实际涨停；通过后再按方向/非极端波动/不过热排序,128,True,,,424,1,入选：满足一级粗筛资格条件；本阶段不设置数量下限或上限
000868,安凯客车,4.06,0.10027100271002709,0.11845730027548207,0.13725490196078427,0.16666666666666652,,,,0.2285714285714285,-0.05581395348837215,0.05113636363636368,4.469841269841265,52453881.2,8403214.4,6.242121015024917,0.0558308679141162,0.00894421427904552,6.242121015024941,False,0.041757049891540055,0.025000000000000133,True,3,1,结构未成熟,-0.05581395348837215,0.736263736263736,0.11324376199616126,,,,0.038363171355498604,3.5,3.5,0.15999999999999992,0.15999999999999992,True,2,2026-09-17,沪深主板10%,25,10.140845070422543,2,2,0,1,1,1,7,True,近5日波动仍偏大,硬资格：最近25个交易日（含当日）至少一次按板块涨停价核验的实际涨停；通过后再按方向/非极端波动/不过热排序,128,True,,,424,1,入选：满足一级粗筛资格条件；本阶段不设置数量下限或上限
000962,东方钽业,57.95,-0.022270963387885923,0.1331638639030115,0.05287063953488369,0.11872586872586877,,,,0.2602480554971621,-0.03336113427856546,0.1753144654088049,1.4844642448089258,27378035.8,20585024.7,1.3299977143092765,0.04731831237497365,0.04092278753376609,1.1562827272196574,False,0.06609514332733735,0.02135896661127079,True,3,1,结构未成熟,-0.03336113427856546,0.8384491114701131,0.06847850136440736,,,,0.0060763888888888395,47.57,47.57,0.21820475089342017,0.21820475089342017,True,2,2026-09-14,沪深主板10%,25,10.002016535591828,2,2,0,1,1,1,7,True,近5日波动仍偏大,硬资格：最近25个交易日（含当日）至少一次按板块涨停价核验的实际涨停；通过后再按方向/非极端波动/不过热排序,128,True,,,424,1,入选：满足一级粗筛资格条件；本阶段不设置数量下限或上限
000981,山子高科,3.01,0.0985401459854014,0.13584905660377355,0.1231343283582087,0.14885496183206093,,,,0.24110671936758907,-0.04140127388535042,0.06463878326996195,3.7300627760985856,785043828.0,197547158.7,3.97395656392197,0.024130446948045253,0.020765243807635482,1.1620594090579552,False,0.04793510324483785,0.0217872968980799,True,3,1,结构未成熟,-0.04140127388535042,0.7868852459016389,0.10115236875800249,,,,0.0524475524475525,2.53,2.53,0.18972332015810278,0.18972332015810278,True,2,2026-09-17,沪深主板10%,25,10.038610038610042,2,2,0,1,1,1,7,True,近5日波动仍偏大,硬资格：最近25个交易日（含当日）至少一次按板块涨停价核验的实际涨停；通过后再按方向/非极端波动/不过热排序,128,True,,,424,1,入选：满足一级粗筛资格条件；本阶段不设置数量下限或上限
001223,欧克科技,43.78,-0.04075372480280459,0.05979181796175248,0.1162672106068332,0.07330227997058114,,,,0.2935153583617747,-0.11142683174345447,0.1342105263157895,2.186977179950478,4207373.8,2021128.7,2.0816951439064715,,0.025976584330857512,,False,0.058895405669599166,0.044451073985680045,True,3,1,结构未成熟,-0.11142683174345447,0.512866015971606,0.06802629813497907,,,,-0.050531338104532586,38.09,38.09,0.14938304016802295,0.14938304016802295,True,1,2026-09-15,沪深主板10%,25,9.995229007633588,2,2,0,1,1,1,7,True,近5日波动仍偏大,硬资格：最近25个交易日（含当日）至少一次按板块涨停价核验的实际涨停；通过后再按方向/非极端波动/不过热排序,128,True,,,424,1,入选：满足一级粗筛资格条件；本阶段不设置数量下限或上限
001232,嘉立创,189.61,-0.022578483426980767,0.14298631623364888,0.13955165574854278,0.2648255620038691,,,,0.2443286327406499,-0.06573047548657296,0.11159411289821772,2.189440163062151,6596065.0,5077244.8,1.2991425979696705,0.16617102366438957,0.11485277441584496,1.4468176716631829,False,0.10225954303700058,0.04563052609934504,True,3,1,结构未成熟,-0.06573047548657296,0.7897557131599688,0.12158101457505222,,,,-0.05539779803716427,163.1,161.03,0.16253832004904978,0.17748245668508988,True,2,2026-09-11,沪深主板10%,25,10.000602809090363,2,2,0,1,1,1,7,True,近5日波动仍偏大,硬资格：最近25个交易日（含当日）至少一次按板块涨停价核验的实际涨停；通过后再按方向/非极端波动/不过热排序,128,True,,,424,1,入选：满足一级粗筛资格条件；本阶段不设置数量下限或上限
002011,盾安环境,13.95,0.021229868228404003,0.06164383561643816,0.3311068702290074,0.40909090909090895,,,,0.12451361867704278,-0.03460207612456745,0.31944444444444453,0.3897817628150903,71262187.8,48055398.0,1.482917440409088,,0.037148822742507775,,False,0.04671145133572874,0.08053292600135786,True,3,2,部分收敛/待确认,-0.03460207612456745,0.8940677966101694,0.21897937783991606,,,,0.001435750179468842,12.85,10.67,0.08560311284046684,0.3074039362699157,True,1,2026-09-07,沪深主板10%,25,10.046082949308754,2,2,1,0,1,1,7,True,近10日速度偏快,硬资格：最近25个交易日（含当日）至少一次按板块涨停价核验的实际涨停；通过后再按方向/非极端波动/不过热排序,128,True,,,424,1,入选：满足一级粗筛资格条件；本阶段不设置数量下限或上限
002040,南 京 港,9.29,0.036830357142856984,-0.09454191033138404,0.013086150490730475,0.018640350877193068,,,,0.19075144508670525,-0.1539162112932606,0.2887323943661973,0.6606513463978569,51737574.6,27169554.3,1.9042481900411594,,0.055895755647562016,,False,-0.03409563409563421,0.007529310530278721,False,3,1,结构未成熟,-0.1539162112932606,0.4290540540540538,0.02082303170155475,,,,-0.09805825242718458,8.65,8.65,0.07398843930635834,0.07398843930635834,True,2,2026-09-09,沪深主板10%,25,10.033076074972435,2,2,0,1,1,1,7,True,近5日波动仍偏大,硬资格：最近25个交易日（含当日）至少一次按板块涨停价核验的实际涨停；通过后再按方向/非极端波动/不过热排序,128,True,,,424,1,入选：满足一级粗筛资格条件；本阶段不设置数量下限或上限
002046,国机精工,63.86,0.039895782445855676,0.08163956639566394,0.2003759398496241,0.3304166666666666,,,,0.16435643564356453,-0.012677798392084272,0.21270663214499103,0.7726906960358966,17283292.0,12772765.3,1.3531362703423353,,0.02409701734418319,,False,0.041508522531226166,0.052025967394871975,True,3,2,部分收敛/待确认,-0.012677798392084272,0.9570005243838486,0.17509591587005136,,,,0.03584752635847521,55.55,50.21,0.1495949594959496,0.27185819557856994,True,1,2026-09-09,沪深主板10%,25,9.992598075499636,2,2,1,0,1,1,7,True,近10日速度偏快,硬资格：最近25个交易日（含当日）至少一次按板块涨停价核验的实际涨停；通过后再按方向/非极端波动/不过热排序,128,True,,,424,1,入选：满足一级粗筛资格条件；本阶段不设置数量下限或上限
002172,澳洋健康,5.03,-0.015655577299412915,0.05450733752620551,0.13288288288288275,0.13288288288288275,,,,0.261574074074074,-0.10178571428571415,0.3592233009708737,0.7281656656656658,207613239.0,163396692.5,1.270608577343143,,0.18159033026139235,,False,0.011924342105263053,0.028601921024546284,True,3,2,部分收敛/待确认,-0.10178571428571415,0.6885245901639347,0.07882037533512087,,,,-0.003960396039603853,4.32,4.12,0.16435185185185186,0.220873786407767,True,8,2026-09-14,沪深主板10%,25,10.087719298245613,2,2,0,1,1,1,7,True,近5日波动仍偏大,硬资格：最近25个交易日（含当日）至少一次按板块涨停价核验的实际涨停；通过后再按方向/非极端波动/不过热排序,128,True,,,424,1,入选：满足一级粗筛资格条件；本阶段不设置数量下限或上限
002201,九鼎新材,10.4,-0.014218009478673022,0.031746031746031855,0.051567239635995854,0.2951432129514322,,,,0.23839009287925703,-0.1333333333333333,0.22478736330498172,1.0605137645385327,98599515.8,46145819.0,2.1366944597949384,,0.07665120237348902,,False,0.062340216322517295,0.043658183322987654,True,3,1,结构未成熟,-0.1333333333333333,0.6181384248210025,0.11978465679676975,,,,-0.09170305676855883,9.69,8.9,0.0732714138286894,0.1685393258426966,True,3,2026-09-11,沪深主板10%,25,10.043668122270732,2,2,0,1,1,1,7,True,近5日波动仍偏大,硬资格：最近25个交易日（含当日）至少一次按板块涨停价核验的实际涨停；通过后再按方向/非极端波动/不过热排序,128,True,,,424,1,入选：满足一级粗筛资格条件；本阶段不设置数量下限或上限
002212,天融信,7.14,0.02145922746781115,0.09007633587786268,0.09677419354838701,0.15347334410339242,,,,0.27187500000000003,-0.12285012285012298,0.09999999999999999,2.7187500000000004,155286698.0,76432696.7,2.031678911049072,,0.07366611283082032,,False,0.06345926800472257,0.028282226853229897,True,3,1,结构未成熟,-0.12285012285012298,0.5305164319248824,0.06910234334057042,,,,-0.03513513513513522,6.4,6.39,0.11562499999999987,0.11737089201877926,True,2,2026-09-14,沪深主板10%,25,10.000000000000009,2,2,0,1,1,1,7,True,近5日波动仍偏大,硬资格：最近25个交易日（含当日）至少一次按板块涨停价核验的实际涨停；通过后再按方向/非极端波动/不过热排序,128,True,,,424,1,入选：满足一级粗筛资格条件；本阶段不设置数量下限或上限
002232,启明信息,15.63,-0.02006269592476484,0.10851063829787244,0.06835269993164728,0.13590116279069764,,,,0.23060029282576855,-0.07019631171921459,0.07092198581560284,3.2514641288433364,16240783.8,3781693.6,4.294579497397674,0.0168823866926629,0.009256413905665051,1.8238582311375087,False,0.07617594005827688,0.029909240924092417,True,3,1,结构未成熟,-0.07019631171921459,0.6253968253968258,0.0660573611158477,,,,-0.06126126126126108,13.66,13.66,0.14421669106881407,0.14421669106881407,True,2,2026-09-15,沪深主板10%,25,10.01308900523561,2,2,0,1,1,1,7,True,近5日波动仍偏大,硬资格：最近25个交易日（含当日）至少一次按板块涨停价核验的实际涨停；通过后再按方向/非极端波动/不过热排序,128,True,,,424,1,入选：满足一级粗筛资格条件；本阶段不设置数量下限或上限
002242,九阳股份,9.55,0.027987082884822545,0.07909604519774027,0.15199034981905934,0.06229143492769751,,,,0.18341121495327106,-0.057255676209279405,0.12922705314009666,1.419294261507555,30661235.4,6653708.3,4.608142409849858,0.0436829621971981,0.00873458722950378,5.001147856151156,False,0.049136786188579196,0.03467612726024272,True,3,1,结构未成熟,-0.057255676209279405,0.727699530516432,0.09273985925968309,,,,-0.030456852791878042,8.56,8.3,0.11565420560747675,0.1506024096385543,True,1,2026-09-11,沪深主板10%,25,10.056497175141255,2,2,0,1,1,1,7,True,近5日波动仍偏大,硬资格：最近25个交易日（含当日）至少一次按板块涨停价核验的实际涨停；通过后再按方向/非极端波动/不过热排序,128,True,,,424,1,入选：满足一级粗筛资格条件；本阶段不设置数量下限或上限
002265,建设工业,20.2,0.0064773293472844,-0.0431075319753671,-0.03441682600382423,0.08194965184788416,,,,0.1454545454545454,-0.10934744268077601,0.2112139357648339,0.6886597938144329,28114854.2,25245114.7,1.1136750430371385,,0.023227110528974387,,False,-0.03482493914997187,-0.008059927934762068,False,3,1,结构未成熟,-0.10934744268077601,0.48654244306418193,0.009192645883293382,,,,-0.10341766533510877,19.8,19.8,0.02020202020202011,0.02020202020202011,True,1,2026-09-02,沪深主板10%,25,10.005130836326327,2,2,1,1,1,0,7,True,,硬资格：最近25个交易日（含当日）至少一次按板块涨停价核验的实际涨停；通过后再按方向/非极端波动/不过热排序,128,True,,,424,1,入选：满足一级粗筛资格条件；本阶段不设置数量下限或上限
002377,国创高新,3.16,-0.00940438871473348,-0.08933717579250722,0.14909090909090916,0.17472118959107807,,,,0.1904761904761905,-0.09714285714285709,0.27106227106227115,0.7027027027027025,151597869.8,43589002.2,3.4778926368725185,,0.049961723961744586,,False,-0.0018939393939394478,0.03566621803499337,True,3,2,部分收敛/待确认,-0.09714285714285709,0.6136363636363638,0.08071135430916554,,,,-0.08933717579250722,2.94,2.73,0.0748299319727892,0.15750915750915762,True,2,2026-09-10,沪深主板10%,25,10.158730158730167,2,2,0,1,1,1,7,True,近5日波动仍偏大,硬资格：最近25个交易日（含当日）至少一次按板块涨停价核验的实际涨停；通过后再按方向/非极端波动/不过热排序,128,True,,,424,1,入选：满足一级粗筛资格条件；本阶段不设置数量下限或上限
002396,星网锐捷,38.2,-0.016224568632500547,0.06140594609613781,-0.03656998738965944,0.2669983416252075,,,,0.19963647379581956,-0.08939213349225272,0.25598802395209597,0.7798664590386397,93979512.0,112306257.0,0.8368145685774213,,0.16109106056604805,,True,0.01792315447518744,-0.018502627909471325,False,3,2,部分收敛/待确认,-0.08939213349225272,0.7011952191235061,0.05808381574938393,,,,0.04428649535265183,33.01,33.01,0.1572250833080886,0.1572250833080886,True,5,2026-09-16,沪深主板10%,25,10.016583747927044,2,2,0,1,1,1,7,True,近5日波动仍偏大,硬资格：最近25个交易日（含当日）至少一次按板块涨停价核验的实际涨停；通过后再按方向/非极端波动/不过热排序,128,True,,,424,1,入选：满足一级粗筛资格条件；本阶段不设置数量下限或上限
002442,龙星科技,5.74,0.010563380281690238,0.060998151571164616,0.09541984732824438,0.1595959595959595,,,,0.18252427184466008,-0.05747126436781602,0.08317214700193418,2.1945360126439377,29800627.4,13937513.5,2.1381595361324672,0.060630670578982394,0.02835647647165373,2.1381595361324686,False,0.008537490720118557,0.012755580566497615,True,3,1,结构未成熟,-0.05747126436781602,0.7200000000000003,0.08681245858184239,,,,0.03423423423423433,5.15,5.15,0.11456310679611637,0.11456310679611637,True,1,2026-09-16,沪深主板10%,25,10.077519379844958,2,2,0,1,1,1,7,True,近5日波动仍偏大,硬资格：最近25个交易日（含当日）至少一次按板块涨停价核验的实际涨停；通过后再按方向/非极端波动/不过热排序,128,True,,,424,1,入选：满足一级粗筛资格条件；本阶段不设置数量下限或上限
002560,通达股份,7.16,-0.037634408602150615,0.14559999999999995,0.14012738853503182,0.17569786535303789,,,,0.3191489361702128,-0.11166253101736978,0.052805280528052854,6.043882978723399,127715186.0,19376640.1,6.591193588820385,0.12480941064787365,0.03059408397918618,4.079527621509577,False,0.10453589666566554,0.05457364341085258,True,3,1,结构未成熟,-0.11166253101736978,0.5945945945945945,0.10570612307929905,,,,-0.06527415143603132,6.11,6.11,0.17184942716857599,0.17184942716857599,True,2,2026-09-14,沪深主板10%,25,10.08,2,2,0,1,1,1,7,True,近5日波动仍偏大,硬资格：最近25个交易日（含当日）至少一次按板块涨停价核验的实际涨停；通过后再按方向/非极端波动/不过热排序,128,True,,,424,1,入选：满足一级粗筛资格条件；本阶段不设置数量下限或上限
002669,康达新材,13.82,-0.02470007057163015,0.12084347120843475,0.15166666666666662,0.14309346567411096,,,,0.24729392173189016,-0.07743658210947935,0.0745501285347043,3.317149501851909,38831202.6,9195558.2,4.222821687975397,0.12827525371814932,0.030376668302954057,4.222821687975402,False,0.08354390397978517,0.051548062895120816,True,3,1,结构未成熟,-0.07743658210947935,0.7048346055979643,0.11164736164736189,,,,-0.05601092896174864,12.01,11.67,0.15070774354704408,0.1842330762639246,True,1,2026-09-14,沪深主板10%,25,10.000000000000009,2,2,0,1,1,1,7,True,近5日波动仍偏大,硬资格：最近25个交易日（含当日）至少一次按板块涨停价核验的实际涨停；通过后再按方向/非极端波动/不过热排序,128,True,,,424,1,入选：满足一级粗筛资格条件；本阶段不设置数量下限或上限
002774,快意电梯,17.09,0.06612601372426696,0.07080200501253131,0.05951642901425913,0.05820433436532513,,,,0.20402498265093694,-0.014985590778098024,0.12892670157068067,1.5824881903077743,11089620.0,9715165.0,1.1414752091189393,,0.034478824159687824,,False,0.009973149213655441,0.008045977011494232,True,3,1,结构未成熟,-0.05892070484581502,0.7146666666666666,0.07043312141805758,,,,0.05951642901425913,14.41,14.41,0.1859819569743233,0.1859819569743233,True,1,2026-08-14,沪深主板10%,25,10.031347962382453,2,2,0,1,1,1,7,True,近5日波动仍偏大,硬资格：最近25个交易日（含当日）至少一次按板块涨停价核验的实际涨停；通过后再按方向/非极端波动/不过热排序,128,True,,,424,1,入选：满足一级粗筛资格条件；本阶段不设置数量下限或上限
002846,英联股份,11.97,-0.06117647058823528,0.12605832549388518,0.05835543766578244,0.1689453125,,,,0.24027237354085612,-0.06117647058823528,0.10084825636192275,2.3825139095967125,17780896.6,6512294.7,2.7303581024980335,,0.028258589770103485,,False,0.07366447985004676,0.027407339280787202,True,3,1,结构未成熟,-0.06117647058823528,0.7142857142857145,0.08927108927108929,,,,0.032786885245901676,10.28,10.28,0.16439688715953316,0.16439688715953316,True,2,2026-09-16,沪深主板10%,12,10.008628127696294,2,2,0,1,1,1,7,True,近5日波动仍偏大,硬资格：最近25个交易日（含当日）至少一次按板块涨停价核验的实际涨停；通过后再按方向/非极端波动/不过热排序,128,True,,,424,1,入选：满足一级粗筛资格条件；本阶段不设置数量下限或上限
002870,香山股份,50.75,0.05334163553341642,0.047471620227038214,0.06752208666386195,0.27097420485850243,,,,0.24215663490587966,-0.05051449953227316,0.08992416034669554,2.6928984821461084,6604351.6,4621857.7,1.4289387576774593,0.04458375870189307,0.03562603319255294,1.2514376344097888,False,0.0173278427855017,0.004369512345933524,True,3,1,结构未成熟,-0.05051449953227316,0.8358662613981761,0.06959197437194398,,,,-0.04064272211720221,43.03,43.03,0.1794097141529165,0.1794097141529165,True,1,2026-08-12,沪深主板10%,25,10.006949270326615,2,2,0,1,1,1,7,True,近5日波动仍偏大,硬资格：最近25个交易日（含当日）至少一次按板块涨停价核验的实际涨停；通过后再按方向/非极端波动/不过热排序,128,True,,,424,1,入选：满足一级粗筛资格条件；本阶段不设置数量下限或上限
002882,金龙羽,23.03,-0.02908937605396278,0.029043789097408457,-0.03760969494358535,0.09562321598477652,,,,0.22274881516587672,-0.10736434108527126,0.19971936389148737,1.1153090557954202,15857927.8,17453030.2,0.9086059909527917,,0.07003362968486546,,True,-0.005093080435546016,-0.006079027355623046,True,3,2,部分收敛/待确认,-0.10736434108527126,0.4568627450980394,0.0018052504513126344,,,,-0.04400166044001652,21.1,21.1,0.0914691943127961,0.0914691943127961,True,1,2026-09-15,沪深主板10%,12,9.9906191369606,2,2,0,1,1,1,7,True,近5日波动仍偏大,硬资格：最近25个交易日（含当日）至少一次按板块涨停价核验的实际涨停；通过后再按方向/非极端波动/不过热排序,128,True,,,424,1,入选：满足一级粗筛资格条件；本阶段不设置数量下限或上限
002975,博杰股份,104.7,-0.006829823562891302,0.0536379188890006,0.023660539694954963,0.09404388714733547,,,,0.19385775862068977,-0.08157894736842097,0.17835073513743868,1.086946787582912,10884535.6,14486974.1,0.751332578139972,,0.11520781412638108,,True,0.015950821648117675,0.007920692935462936,True,3,2,部分收敛/待确认,-0.08157894736842097,0.5714285714285716,0.024376641864424453,,,,0.023560465343630765,92.8,92.8,0.12823275862068972,0.12823275862068972,True,1,2026-09-07,沪深主板10%,25,9.996843102178254,2,2,0,1,1,1,7,True,近5日波动仍偏大,硬资格：最近25个交易日（含当日）至少一次按板块涨停价核验的实际涨停；通过后再按方向/非极端波动/不过热排序,128,True,,,424,1,入选：满足一级粗筛资格条件；本阶段不设置数量下限或上限
002976,瑞玛精密,26.42,0.004562737642585635,0.06575231948366289,0.0752950752950754,0.16131868131868132,,,,0.20351648351648347,-0.03506208911614306,0.10465612985903457,1.9446207669881141,14903356.8,5688263.9,2.620018526215002,0.11375878620594745,0.046728741429929055,2.434450034921905,False,0.019294689906769413,0.010384552977446004,True,3,1,结构未成熟,-0.03506208911614306,0.8309859154929582,0.07156618198779174,,,,0.004562737642585635,22.75,22.75,0.16131868131868132,0.16131868131868132,True,2,2026-09-16,沪深主板10%,25,10.008554319931573,2,2,0,1,1,1,7,True,近5日波动仍偏大,硬资格：最近25个交易日（含当日）至少一次按板块涨停价核验的实际涨停；通过后再按方向/非极端波动/不过热排序,128,True,,,424,1,入选：满足一级粗筛资格条件；本阶段不设置数量下限或上限
002980,华盛昌,116.39,-0.026351012213485125,-0.12429463546760966,0.09122445152822056,0.1877742626798653,,,,0.15173913043478252,-0.15272621387493635,0.4275174062142783,0.35493088288135927,10107995.0,12079593.4,0.8367827181997698,,0.11926125747911973,,True,-0.06685499058380406,0.04268950691240336,False,3,2,部分收敛/待确认,-0.15272621387493635,0.5760759749444332,0.051091594608629,,,,-0.12125330313325777,115.0,106.56,0.01208695652173919,0.09224849849849859,True,4,2026-09-08,沪深主板10%,25,10.004125412541253,2,2,1,1,1,0,7,True,,硬资格：最近25个交易日（含当日）至少一次按板块涨停价核验的实际涨停；通过后再按方向/非极端波动/不过热排序,128,True,,,424,1,入选：满足一级粗筛资格条件；本阶段不设置数量下限或上限
002988,豪美新材,31.21,-0.014213518635502242,0.018270799347471556,0.2817248459958932,0.4238138686131385,,,,0.11384083044982697,-0.030444237340788938,0.39956521739130424,0.28491176282328845,6992339.0,10099044.3,0.6923763073303877,,0.041043493557546745,,True,0.008790343741799989,0.07526072465326306,True,3,3,收敛较充分,-0.030444237340788938,0.9123434704830056,0.15270262783697452,,,,-0.010462904248573213,28.9,24.36,0.07993079584775087,0.28119868637110024,True,2,2026-08-21,沪深主板10%,13,10.009442870632679,2,2,1,0,1,1,7,True,近10日速度偏快,硬资格：最近25个交易日（含当日）至少一次按板块涨停价核验的实际涨停；通过后再按方向/非极端波动/不过热排序,128,True,,,424,1,入选：满足一级粗筛资格条件；本阶段不设置数量下限或上限
300563,神宇股份,26.16,-0.03646408839779003,0.12419424151267733,0.08683007893643535,0.1329579904720659,,,,0.31433581762384927,-0.1274182788525684,0.19799389446140425,1.587603589893142,20008554.2,7094433.7,2.820317314403826,,0.0559807493230424,,False,0.07599214145383093,0.013145315487571585,True,3,1,结构未成熟,-0.1274182788525684,0.5495283018867925,0.042480274169124144,,,,-0.08977035490605423,22.81,22.81,0.14686540990793517,0.14686540990793517,True,1,2026-09-11,创业板20%,25,19.982810485603796,2,2,0,1,1,1,7,True,近5日波动仍偏大,硬资格：最近25个交易日（含当日）至少一次按板块涨停价核验的实际涨停；通过后再按方向/非极端波动/不过热排序,128,True,,,424,1,入选：满足一级粗筛资格条件；本阶段不设置数量下限或上限
300684,中石科技,93.79,0.00021328783192919865,0.12323353293413186,0.04723090665475671,0.0344104996139849,,,,0.2356687898089172,-0.12082864641919755,0.30002437241043145,0.7854988176977962,17137314.6,28732841.9,0.5964364631818756,,0.14045126256935853,,True,0.04945984030061057,0.0034175201129462707,True,3,3,收敛较充分,-0.12082864641919755,0.7648668369208318,0.049897853524752955,,,,0.05075061617745913,78.5,78.5,0.19477707006369438,0.19477707006369438,True,3,2026-08-18,创业板20%,25,20.007126313914124,2,2,0,1,1,1,7,True,近5日波动仍偏大,硬资格：最近25个交易日（含当日）至少一次按板块涨停价核验的实际涨停；通过后再按方向/非极端波动/不过热排序,128,True,,,424,1,入选：满足一级粗筛资格条件；本阶段不设置数量下限或上限
301282,金禄电子,45.8,-0.019901562165632325,0.07285078472710227,0.12807881773399,0.24761645328248427,,,,0.18330039525691705,-0.04384133611691021,0.34069981583793746,0.5380114304027348,16146886.8,18688655.7,0.8639940217850983,,0.1085860508351406,,True,0.0402802936409572,0.05198632851198748,True,3,3,收敛较充分,-0.04384133611691021,0.9040219378427787,0.17398269785325193,,,,0.01800400088908627,40.48,39.05,0.1314229249011858,0.1728553137003841,True,1,2026-08-17,创业板20%,13,19.993176390310484,2,2,0,1,1,1,7,True,近5日波动仍偏大,硬资格：最近25个交易日（含当日）至少一次按板块涨停价核验的实际涨停；通过后再按方向/非极端波动/不过热排序,128,True,,,424,1,入选：满足一级粗筛资格条件；本阶段不设置数量下限或上限
301489,思泉新材,123.43,-0.025732101981213895,-0.011769415532425942,-0.12086894586894581,0.20950514453699176,,,,0.12596491228070186,-0.12776482227404418,0.25730786317192356,0.4895494087428521,5502886.8,8950161.3,0.6148366063525581,,0.13411625019246415,,True,-0.02616701408628641,-0.0013694342280305971,False,3,2,部分收敛/待确认,-0.12776482227404418,0.5665308079597222,0.0029822123627736286,,,,-0.035627783420579595,114.0,114.0,0.08271929824561419,0.08271929824561419,True,1,2026-09-03,创业板20%,25,19.999999999999996,2,2,1,1,0,1,7,True,,硬资格：最近25个交易日（含当日）至少一次按板块涨停价核验的实际涨停；通过后再按方向/非极端波动/不过热排序,128,True,,,424,1,入选：满足一级粗筛资格条件；本阶段不设置数量下限或上限
301630,同宇新材,201.81,-0.01986401165614382,0.06496042216358844,0.05626504762901696,0.20663677130044844,,,,0.2216609890755316,-0.054931160438325355,0.19454576061949377,1.1393771232521057,2132845.2,2002016.2,1.0653486220541073,,0.10500443626117491,,False,0.0429533939608171,0.01465156692582803,True,3,1,结构未成熟,-0.054931160438325355,0.800984051577876,0.06558740367023352,,,,-0.002520759193357036,170.26,170.26,0.18530482791025493,0.18530482791025493,True,1,2026-08-26,创业板20%,25,19.998780562160846,2,2,0,1,1,1,7,True,近5日波动仍偏大,硬资格：最近25个交易日（含当日）至少一次按板块涨停价核验的实际涨停；通过后再按方向/非极端波动/不过热排序,128,True,,,424,1,入选：满足一级粗筛资格条件；本阶段不设置数量下限或上限
600059,古越龙山,9.85,0.008188331627430934,0.09688195991091297,0.17964071856287434,0.2405541561712845,,,,0.19460726846424387,-0.03336604514229635,0.19358816276202223,1.0052642976082913,48997866.8,38578887.7,1.2700694530392072,0.05375270102763716,0.04232264692218985,1.2700694530392076,False,0.02975653742109996,0.03894472361809043,True,3,1,结构未成熟,-0.03336604514229635,0.859504132231405,0.13557758819460441,,,,0.04564755838641177,8.53,8.53,0.15474794841735062,0.15474794841735062,True,2,2026-09-16,沪深主板10%,25,10.059880239520957,2,2,0,1,1,1,7,True,近5日波动仍偏大,硬资格：最近25个交易日（含当日）至少一次按板块涨停价核验的实际涨停；通过后再按方向/非极端波动/不过热排序,128,True,,,424,1,入选：满足一级粗筛资格条件；本阶段不设置数量下限或上限
600105,永鼎股份,45.14,-0.0017691287041131654,0.11788013868251612,0.1486005089058524,0.16190476190476177,,,,0.19903036488900241,-0.03937007874015752,0.15250544662309373,1.3050705354864582,169651160.2,107927430.8,1.5719002939519615,,0.07459956839314548,,False,0.05138243210178617,0.03833551769331578,True,3,1,结构未成熟,-0.03937007874015752,0.8226270373921379,0.12190878588293774,,,,0.044907407407407396,39.19,36.72,0.1518244450114825,0.22930283224400871,True,1,2026-09-16,沪深主板10%,25,9.997567501824367,2,2,0,1,1,1,7,True,近5日波动仍偏大,硬资格：最近25个交易日（含当日）至少一次按板块涨停价核验的实际涨停；通过后再按方向/非极端波动/不过热排序,128,True,,,424,1,入选：满足一级粗筛资格条件；本阶段不设置数量下限或上限
600110,诺德股份,11.87,-0.02625102543068092,0.05511111111111111,0.0403155127081507,0.2161885245901638,,,,0.2086190009794318,-0.05793650793650795,0.16558741905642915,1.2598722908310944,173809620.2,169534320.6,1.0252179003335091,,0.10806865652143824,,False,0.0393912264995524,0.010775481363716644,True,3,1,结构未成熟,-0.05793650793650795,0.7667731629392969,0.038041101880192496,,,,-0.021434460016488188,10.21,10.21,0.16258570029382935,0.16258570029382935,True,3,2026-09-15,沪深主板10%,25,10.040983606557386,2,2,0,1,1,1,7,True,近5日波动仍偏大,硬资格：最近25个交易日（含当日）至少一次按板块涨停价核验的实际涨停；通过后再按方向/非极端波动/不过热排序,128,True,,,424,1,入选：满足一级粗筛资格条件；本阶段不设置数量下限或上限
600127,金健米业,13.02,0.09966216216216206,-0.07000000000000006,0.027624309392265234,0.5139534883720931,,,,0.2560975609756097,-0.1360318513603186,0.40841121495327115,0.6270581012446277,217492118.6,243180085.0,0.8943664881110639,,0.3789131254597561,,True,-0.07778091473743665,-0.005185953474588723,False,3,2,部分收敛/待确认,-0.1360318513603186,0.778138528138528,0.07182547849351728,,,,-0.09708737864077677,11.48,11.4,0.13414634146341453,0.14210526315789473,True,9,2026-09-17,沪深主板10%,25,10.061919504643967,2,2,0,1,1,1,7,True,近5日波动仍偏大,硬资格：最近25个交易日（含当日）至少一次按板块涨停价核验的实际涨停；通过后再按方向/非极端波动/不过热排序,128,True,,,424,1,入选：满足一级粗筛资格条件；本阶段不设置数量下限或上限
600172,黄河旋风,16.06,-0.03543543543543548,0.04557291666666652,0.008793969849246075,0.19494047619047605,,,,0.18041958041958028,-0.06844547563805103,0.24118070554355636,0.7480680513516333,235579376.0,245957111.2,0.957806728378911,,0.1924660894487502,,True,0.003484754200373308,0.023897292487606636,True,3,3,收敛较充分,-0.06844547563805103,0.7790262172284644,0.056405196513731104,,,,-0.048578199052132676,14.3,14.3,0.12307692307692286,0.12307692307692286,True,3,2026-09-14,沪深主板10%,25,10.000000000000009,2,2,0,1,1,1,7,True,近5日波动仍偏大,硬资格：最近25个交易日（含当日）至少一次按板块涨停价核验的实际涨停；通过后再按方向/非极端波动/不过热排序,128,True,,,424,1,入选：满足一级粗筛资格条件；本阶段不设置数量下限或上限
600207,安彩高科,4.78,-0.01848049281314168,0.06458797327394206,0.08390022675736963,0.11421911421911424,,,,0.19686800894854584,-0.1065420560747663,0.05034324942791756,3.9105145413870286,52253093.8,12664342.8,4.126001216581092,0.0227438249095952,0.01162599545327552,1.9562905388189646,False,0.039423484527342234,0.023757628596338565,True,3,1,结构未成熟,-0.1065420560747663,0.5000000000000004,0.04778605874616426,,,,-0.05905511811023623,4.47,4.37,0.06935123042505609,0.09382151029748287,True,1,2026-09-11,沪深主板10%,25,10.022271714922049,2,2,0,1,1,1,7,True,近5日波动仍偏大,硬资格：最近25个交易日（含当日）至少一次按板块涨停价核验的实际涨停；通过后再按方向/非极端波动/不过热排序,128,True,,,424,1,入选：满足一级粗筛资格条件；本阶段不设置数量下限或上限
600228,返利科技,11.26,0.006255585344057124,0.19153439153439167,0.095330739299611,0.3731707317073172,,,,0.29057017543859653,-0.0433305012744265,0.31585365853658537,0.9199519067940122,34158112.6,35288031.1,0.9679801206024214,,0.08848907670255307,,True,0.08360323886639676,0.044437696123089454,True,3,3,收敛较充分,-0.0433305012744265,0.8650793650793651,0.17751633986928095,,,,-0.0008873114463175957,9.12,9.12,0.23464912280701755,0.23464912280701755,True,1,2026-09-14,沪深主板10%,25,9.989484752891698,2,2,0,1,1,1,7,True,近5日波动仍偏大,硬资格：最近25个交易日（含当日）至少一次按板块涨停价核验的实际涨停；通过后再按方向/非极端波动/不过热排序,128,True,,,424,1,入选：满足一级粗筛资格条件；本阶段不设置数量下限或上限
600237,铜峰电子,9.42,-0.03285420944558526,0.12410501193317414,0.1267942583732058,0.12142857142857144,,,,0.23020706455542006,-0.06732673267326728,0.0744416873449131,3.0924482338611448,84665749.8,23001385.2,3.6808978704465156,0.14937130832562437,0.03682485358859676,4.056263467993229,False,0.08753979081400609,0.04182242990654217,True,3,1,结构未成熟,-0.06732673267326728,0.6950672645739912,0.08870268708465767,,,,-0.04073319755600813,8.21,8.06,0.1473812423873324,0.1687344913151363,True,1,2026-09-11,沪深主板10%,25,10.023866348448696,2,2,0,1,1,1,7,True,近5日波动仍偏大,硬资格：最近25个交易日（含当日）至少一次按板块涨停价核验的实际涨停；通过后再按方向/非极端波动/不过热排序,128,True,,,424,1,入选：满足一级粗筛资格条件；本阶段不设置数量下限或上限
600371,万向德农,15.64,0.09985935302391002,0.10530035335689036,0.19571865443425085,0.8186046511627909,,,,0.24820430965682375,-0.05669481302774415,0.43674176776429807,0.5683090740951877,68700500.2,64644742.2,1.0627391781910456,,0.22094874597543218,,False,-0.03482587064676623,0.009197786998616841,False,3,1,结构未成熟,-0.05669481302774415,0.9010526315789475,0.22216144408845828,,,,0.01889250814332244,12.53,12.05,0.24820430965682383,0.29792531120331955,True,11,2026-09-17,沪深主板10%,25,10.034602076124566,2,2,0,1,1,1,7,True,近5日波动仍偏大,硬资格：最近25个交易日（含当日）至少一次按板块涨停价核验的实际涨停；通过后再按方向/非极端波动/不过热排序,128,True,,,424,1,入选：满足一级粗筛资格条件；本阶段不设置数量下限或上限
600488,津药药业,5.99,-0.004983388704318803,0.015254237288135464,0.14531548757170176,0.013536379018612488,,,,0.24855491329479767,-0.07561728395061729,0.15459882583170254,1.6077412746030584,168026372.8,65076650.8,2.581976342273595,,0.05960018744802342,,False,0.0553757641136281,0.0393351800554016,True,3,1,结构未成熟,-0.07561728395061729,0.6524822695035459,0.08524322855331112,,,,-0.021241830065359513,5.19,5.11,0.15414258188824648,0.17221135029354206,True,2,2026-09-14,沪深主板10%,25,10.093457943925245,2,2,0,1,1,1,7,True,近5日波动仍偏大,硬资格：最近25个交易日（含当日）至少一次按板块涨停价核验的实际涨停；通过后再按方向/非极端波动/不过热排序,128,True,,,424,1,入选：满足一级粗筛资格条件；本阶段不设置数量下限或上限
601208,东材科技,52.3,-0.03700975879211943,0.07635315908623164,0.12812769628990495,0.14391951006124226,,,,0.2371823450735622,-0.057657657657657735,0.1558129370629371,1.5222249804440677,71086556.8,60744395.4,1.170257047286374,,0.06528392649765812,,False,0.053557989798478145,0.028519302954683745,True,3,1,结构未成熟,-0.057657657657657735,0.7746478873239435,0.08527614363826896,,,,0.026698076168040874,44.86,44.86,0.16584930896121253,0.16584930896121253,True,2,2026-09-16,沪深主板10%,25,10.006076564715416,2,2,0,1,1,1,7,True,近5日波动仍偏大,硬资格：最近25个交易日（含当日）至少一次按板块涨停价核验的实际涨停；通过后再按方向/非极端波动/不过热排序,128,True,,,424,1,入选：满足一级粗筛资格条件；本阶段不设置数量下限或上限
601595,上海电影,23.23,0.024250440917107596,0.04357592093441154,0.2905555555555557,0.41905925473426997,,,,0.10659898477157354,-0.031276063386155184,0.39143546441495797,0.27232837712059915,16258306.4,24676384.0,0.6588609741200332,,0.055056635430611275,,True,0.01215672555536118,0.06615568862275456,True,3,3,收敛较充分,-0.031276063386155184,0.910394265232975,0.17751419302514182,,,,-0.02558724832214765,21.67,17.78,0.07198892478080299,0.3065241844769404,True,3,2026-09-08,沪深主板10%,25,10.02666666666665,2,2,1,0,1,1,7,True,近10日速度偏快,硬资格：最近25个交易日（含当日）至少一次按板块涨停价核验的实际涨停；通过后再按方向/非极端波动/不过热排序,128,True,,,424,1,入选：满足一级粗筛资格条件；本阶段不设置数量下限或上限
603011,合锻智能,27.53,-0.02892416225749561,0.02609019754006714,0.08814229249011851,0.1775021385799831,,,,0.18427518427518427,-0.04806362378976492,0.1703456892961266,1.0817719252927078,51622848.0,58999593.9,0.8749695478836169,,0.12126638925680996,,True,0.02614727854855947,0.02390808155054369,True,3,2,部分收敛/待确认,-0.04806362378976492,0.8095890410958904,0.07295970067815127,,,,-0.020284697508896832,24.42,24.01,0.12735462735462733,0.14660558100791343,True,3,2026-08-28,沪深主板10%,25,10.021881838074398,2,2,0,1,1,1,7,True,近5日波动仍偏大,硬资格：最近25个交易日（含当日）至少一次按板块涨停价核验的实际涨停；通过后再按方向/非极端波动/不过热排序,128,True,,,424,1,入选：满足一级粗筛资格条件；本阶段不设置数量下限或上限
603052,可川科技,59.28,-0.015936254980079667,0.07488667271078886,0.03167420814479649,0.06103454447825318,,,,0.18742791234140713,-0.04031083050024287,0.12538955087076084,1.4947650026642914,4951930.8,4311164.9,1.1486294110438688,,0.02303550465560064,,False,0.021213651778627662,0.0017024898914663744,True,3,1,结构未成熟,-0.04031083050024287,0.7446153846153845,0.033058571353885347,,,,0.03890641430073605,52.02,52.02,0.13956170703575532,0.13956170703575532,True,2,2026-09-16,沪深主板10%,25,10.007304601899204,2,2,0,1,1,1,7,True,近5日波动仍偏大,硬资格：最近25个交易日（含当日）至少一次按板块涨停价核验的实际涨停；通过后再按方向/非极端波动/不过热排序,128,True,,,424,1,入选：满足一级粗筛资格条件；本阶段不设置数量下限或上限
603082,北自科技,51.17,-0.03416383540958845,0.11046006944444442,0.1251099384344767,0.2974137931034484,,,,0.34146341463414637,-0.06963636363636361,0.22659362549800802,1.5069418386491555,13252734.4,6503010.0,2.0379384930978115,,0.17267658171958053,,False,0.04509191814082558,0.0358845396894818,True,3,1,结构未成熟,-0.06963636363636361,0.7677380230442694,0.1279372217078869,,,,0.034782608695652195,41.0,41.0,0.24804878048780488,0.24804878048780488,True,4,2026-09-16,沪深主板10%,25,10.012453300124546,2,2,0,1,1,1,7,True,近5日波动仍偏大,硬资格：最近25个交易日（含当日）至少一次按板块涨停价核验的实际涨停；通过后再按方向/非极端波动/不过热排序,128,True,,,424,1,入选：满足一级粗筛资格条件；本阶段不设置数量下限或上限
603115,海星股份,95.41,0.040912066332096986,0.10645946886234481,0.19262500000000005,0.2333247156153051,,,,0.2382274965282162,-0.027222675367047366,0.26626724258046536,0.8946932195620135,11180659.6,11997697.1,0.931900472799901,,0.04784259705219328,,True,0.07592666871151166,0.0538251232729583,True,3,3,收敛较充分,-0.027222675367047366,0.9002614867388867,0.16911124998468297,,,,0.027018299246501565,79.21,76.8,0.20451963135967688,0.24231770833333344,True,1,2026-08-14,沪深主板10%,25,10.002574665293507,2,2,0,1,1,1,7,True,近5日波动仍偏大,硬资格：最近25个交易日（含当日）至少一次按板块涨停价核验的实际涨停；通过后再按方向/非极端波动/不过热排序,128,True,,,424,1,入选：满足一级粗筛资格条件；本阶段不设置数量下限或上限
603221,爱丽家居,31.29,0.06283967391304346,0.19564386702330894,0.04195804195804187,0.09405594405594386,,,,0.22797527047913455,-0.06902707527521568,0.3077821011673152,0.7407034704568594,15978261.2,15010196.6,1.0644937988353864,,0.06195648078589998,,False,0.07551096246748412,-0.014072614691809537,False,3,1,结构未成熟,-0.06902707527521568,0.7900452488687782,0.10421004340614748,,,,0.054245283018867996,25.88,25.7,0.2090417310664605,0.21750972762645904,True,1,2026-08-10,沪深主板10%,15,9.991941982272357,2,2,0,1,1,1,7,True,近5日波动仍偏大,硬资格：最近25个交易日（含当日）至少一次按板块涨停价核验的实际涨停；通过后再按方向/非极端波动/不过热排序,128,True,,,424,1,入选：满足一级粗筛资格条件；本阶段不设置数量下限或上限
603285,键邦股份,38.0,-0.011960478419136833,0.1302795954788818,0.14665057332528675,0.01306318315115984,,,,0.19726443768996968,-0.035288144199035254,0.11682847896440128,1.6884961564044498,9250951.0,5831676.9,1.5863277679186925,,0.09361120911867352,,False,0.09409658040665425,0.05023336524652944,True,3,1,结构未成熟,-0.035288144199035254,0.8362779740871613,0.10229596646699624,,,,-0.027386741745584864,32.9,30.9,0.1550151975683891,0.22977346278317157,True,3,2026-09-14,沪深主板10%,25,9.999999999999986,2,2,0,1,1,1,7,True,近5日波动仍偏大,硬资格：最近25个交易日（含当日）至少一次按板块涨停价核验的实际涨停；通过后再按方向/非极端波动/不过热排序,128,True,,,424,1,入选：满足一级粗筛资格条件；本阶段不设置数量下限或上限
603618,杭电股份,38.63,-0.0407251055376211,-0.01704834605597949,-0.015796178343948974,0.39257390050468643,,,,0.17358078602620086,-0.12204545454545446,0.3333333333333333,0.5207423580786026,99585967.0,133903950.4,0.7437119420488733,,0.19367757164290847,,True,-0.005168085839444836,0.02489015249418447,True,3,3,收敛较充分,-0.12204545454545446,0.6986531986531987,0.05816772355607913,,,,-0.10100069816150792,36.64,35.29,0.054312227074235775,0.094644375177104,True,4,2026-09-02,沪深主板10%,25,10.018416206261517,2,2,1,1,1,0,7,True,,硬资格：最近25个交易日（含当日）至少一次按板块涨停价核验的实际涨停；通过后再按方向/非极端波动/不过热排序,128,True,,,424,1,入选：满足一级粗筛资格条件；本阶段不设置数量下限或上限
603626,科森科技,21.29,0.10025839793281643,0.11407639979068551,0.0790674100354789,0.25604719764011796,,,,0.18673355629877356,-0.018441678192715583,0.21648906337633222,0.8625542250795672,39086989.6,46213064.8,0.8457995540689611,,0.07622811326387317,,True,-0.013841180036371026,0.0019410532768047162,False,3,2,部分收敛/待确认,-0.018441678192715583,0.9378881987577636,0.08343299152693295,,,,0.05396039603960401,17.94,17.83,0.18673355629877353,0.19405496354458784,True,6,2026-09-17,沪深主板10%,25,10.029498525073732,2,2,0,1,1,1,7,True,近5日波动仍偏大,硬资格：最近25个交易日（含当日）至少一次按板块涨停价核验的实际涨停；通过后再按方向/非极端波动/不过热排序,128,True,,,424,1,入选：满足一级粗筛资格条件；本阶段不设置数量下限或上限
603693,江苏新能,12.46,-0.0219780219780219,0.07044673539518898,0.1115075825156111,0.10363153232949518,,,,0.19081272084805653,-0.07566765578635015,0.06052393857271905,3.1526818205790836,30803503.0,4765559.4,6.46377485086011,0.03793492315237955,0.005345696397304611,7.0963482272406955,False,0.06565064478311844,0.040020700362256134,True,3,1,结构未成熟,-0.07566765578635015,0.5920000000000002,0.06888564810843278,,,,-0.06315789473684208,11.32,11.14,0.10070671378091878,0.11849192100538608,True,1,2026-09-11,沪深主板10%,25,9.965635738831624,2,2,0,1,1,1,7,True,近5日波动仍偏大,硬资格：最近25个交易日（含当日）至少一次按板块涨停价核验的实际涨停；通过后再按方向/非极端波动/不过热排序,128,True,,,424,1,入选：满足一级粗筛资格条件；本阶段不设置数量下限或上限
603989,艾华集团,35.46,-0.0005636978579480756,0.11861198738170353,0.10708710583827652,0.25700106345267626,,,,0.2628780325689598,-0.06684210526315792,0.2331420373027261,1.12754454584963,41349597.0,38903360.1,1.0628798359245066,,0.10083164848562476,,False,0.045489867894076275,0.05037041629211725,True,3,1,结构未成熟,-0.06684210526315792,0.788685524126456,0.12773705217294506,,,,-0.02314049586776845,30.09,30.09,0.17846460618145565,0.17846460618145565,True,3,2026-09-03,沪深主板10%,25,10.00333444481496,2,2,0,1,1,1,7,True,近5日波动仍偏大,硬资格：最近25个交易日（含当日）至少一次按板块涨停价核验的实际涨停；通过后再按方向/非极端波动/不过热排序,128,True,,,424,1,入选：满足一级粗筛资格条件；本阶段不设置数量下限或上限
605006,山东玻纤,17.44,0.01869158878504673,0.006928406466512715,0.11794871794871797,0.25017921146953426,,,,0.2099378881987577,-0.10472279260780282,0.2780938833570411,0.7549173166431035,89617322.0,64863414.2,1.3816312802109636,,0.09000190428016644,,False,0.028698086794213706,0.03382924871905657,True,3,2,部分收敛/待确认,-0.10472279260780282,0.6807511737089204,0.11192578660460972,,,,-0.07627118644067787,16.1,14.55,0.08322981366459636,0.19862542955326457,True,2,2026-09-02,沪深主板10%,25,9.993108201240531,2,2,0,1,1,1,7,True,近5日波动仍偏大,硬资格：最近25个交易日（含当日）至少一次按板块涨停价核验的实际涨停；通过后再按方向/非极端波动/不过热排序,128,True,,,424,1,入选：满足一级粗筛资格条件；本阶段不设置数量下限或上限
605069,正和生态,12.42,-0.017405063291139333,0.18851674641148342,0.1468144044321329,0.19079578139980824,,,,0.28638059701492524,-0.09934735315445975,0.07087378640776686,4.040712533224295,17217135.2,3621052.3,4.754732540040916,0.02971285319773165,0.017104819588611795,1.737104156159247,False,0.10498923187365405,0.04662643993417448,True,3,1,结构未成熟,-0.09934735315445975,0.6256830601092896,0.12316874660879007,,,,-0.030444964871194413,10.72,10.38,0.15858208955223874,0.19653179190751446,True,2,2026-09-14,沪深主板10%,25,10.047846889952151,2,2,0,1,1,1,7,True,近5日波动仍偏大,硬资格：最近25个交易日（含当日）至少一次按板块涨停价核验的实际涨停；通过后再按方向/非极端波动/不过热排序,128,True,,,424,1,入选：满足一级粗筛资格条件；本阶段不设置数量下限或上限
605162,新中港,12.2,0.10009017132551845,0.14553990610328627,0.17988394584139256,0.3540510543840176,,,,0.2116141732283465,-0.008935824532900205,0.16012396694214884,1.3215646431292858,52919221.8,42260436.1,1.2522166518769076,,0.09022949531323324,,False,0.05145958083832336,0.0319349962207105,True,3,1,结构未成熟,-0.008935824532900205,0.971867007672634,0.17166866746698672,,,,0.05627705627705626,10.16,9.77,0.20078740157480301,0.24872057318321383,True,5,2026-09-17,沪深主板10%,25,10.046189376443415,2,2,0,1,1,1,7,True,近5日波动仍偏大,硬资格：最近25个交易日（含当日）至少一次按板块涨停价核验的实际涨停；通过后再按方向/非极端波动/不过热排序,128,True,,,424,1,入选：满足一级粗筛资格条件；本阶段不设置数量下限或上限
605168,三人行,51.66,0.01453260015710911,0.1179398398615017,0.04363636363636347,0.09891512444160822,,,,0.2630208333333333,-0.06700379266750955,0.23925693822739477,1.0993237449329591,9405206.2,8216485.0,1.1446751500185297,,0.03009029764396141,,False,0.010094867428849463,0.01254654362959351,True,3,1,结构未成熟,-0.06700379266750955,0.7174409748667173,0.057912844036697164,,,,-0.006538461538461604,42.24,42.24,0.22301136363636354,0.22301136363636354,True,2,2026-09-14,沪深主板10%,25,10.010976948408356,2,2,0,1,1,1,7,True,近5日波动仍偏大,硬资格：最近25个交易日（含当日）至少一次按板块涨停价核验的实际涨停；通过后再按方向/非极端波动/不过热排序,128,True,,,424,1,入选：满足一级粗筛资格条件；本阶段不设置数量下限或上限
605177,东亚药业,25.74,0.03874092009685226,0.04168352893565341,0.12795793163891322,0.23928743379874806,,,,0.19514388489208634,-0.03160270880361171,0.2825753704649975,0.6905905655222657,10453508.4,10684761.2,0.9783567647726185,0.10316685188498895,0.09401266210364667,1.0973718813668951,True,0.04969522519471714,0.02774869109947664,True,3,3,收敛较充分,-0.03160270880361171,0.9081967213114754,0.14489047036584002,,,,0.006254886630179923,22.24,19.57,0.15737410071942448,0.31527848748083787,True,1,2026-09-08,沪深主板10%,25,10.024937655860345,2,2,0,1,1,1,7,True,近5日波动仍偏大,硬资格：最近25个交易日（含当日）至少一次按板块涨停价核验的实际涨停；通过后再按方向/非极端波动/不过热排序,128,True,,,424,1,入选：满足一级粗筛资格条件；本阶段不设置数量下限或上限
605580,恒盛能源,23.39,0.016072980017376226,0.04653243847874711,0.14488497307880577,0.3207227555053642,,,,0.23736157920077033,-0.11064638783269964,0.507163323782235,0.4680180290455866,20503862.2,16374153.1,1.2522090195919813,,0.058479118214285676,,False,-0.01683125805066532,0.05694047132543245,False,3,1,结构未成熟,-0.11064638783269964,0.6897654584221747,0.13047050578768027,,,,-0.04100041000410004,20.77,20.77,0.1261434761675495,0.1261434761675495,True,3,2026-09-14,沪深主板10%,25,10.023310023310028,2,2,0,1,1,1,7,True,近5日波动仍偏大,硬资格：最近25个交易日（含当日）至少一次按板块涨停价核验的实际涨停；通过后再按方向/非极端波动/不过热排序,128,True,,,424,1,入选：满足一级粗筛资格条件；本阶段不设置数量下限或上限
688112,鼎阳科技,72.15,0.05544177881802237,0.08284556506078355,0.0902085222121487,0.023404255319148914,,,,0.1883063857586152,-0.02893674293405102,0.1629362967600563,1.1557055702322696,3187482.6,3318861.5,0.9604144674310754,,0.017556545888179998,,True,0.0016793848148259904,0.010194707050351415,True,3,2,部分收敛/待确认,-0.02893674293405102,0.9075268817204305,0.05481685075401521,,,,0.03485370051635117,61.23,61.23,0.17834394904458617,0.17834394904458617,True,1,2026-08-18,科创板20%,25,20.003437016669533,2,2,0,1,1,1,7,True,近5日波动仍偏大,硬资格：最近25个交易日（含当日）至少一次按板块涨停价核验的实际涨停；通过后再按方向/非极端波动/不过热排序,128,True,,,424,1,入选：满足一级粗筛资格条件；本阶段不设置数量下限或上限
688368,晶丰明源,140.52,-0.03937653814602127,-0.0032628741665482464,-0.09060315816722753,0.08585117069778225,,,,0.2184571016582552,-0.111757269279393,0.15466024377782642,1.4124968144500967,4427660.2,4943047.9,0.8957348359905636,,0.04202946378793423,,True,-0.024890594786350917,-0.03136035674223436,False,3,1,结构未成熟,-0.111757269279393,0.624149659863946,0.01295387210484189,,,,-0.039245179816764564,124.83,124.83,0.1256909396779622,0.1256909396779622,True,1,2026-08-27,科创板20%,25,19.999999999999996,2,2,0,1,1,1,7,True,近5日波动仍偏大,硬资格：最近25个交易日（含当日）至少一次按板块涨停价核验的实际涨停；通过后再按方向/非极端波动/不过热排序,128,True,,,424,1,入选：满足一级粗筛资格条件；本阶段不设置数量下限或上限
688378,奥来德,48.99,0.008855024711696968,0.10862186014935515,0.12053979871912168,0.03682539682539687,,,,0.24143835616438347,-0.03467980295566497,0.15865384615384617,1.521793275217932,11470687.2,10368908.6,1.1062579141646596,,0.041976467265499584,,False,0.06377923976608191,0.02555823366228549,True,3,1,结构未成熟,-0.03467980295566497,0.8326996197718634,0.10317960727796804,,,,0.010519801980198196,40.88,40.88,0.19838551859099796,0.19838551859099796,True,1,2026-08-17,科创板20%,25,19.99046938289255,2,2,0,1,1,1,7,True,近5日波动仍偏大,硬资格：最近25个交易日（含当日）至少一次按板块涨停价核验的实际涨停；通过后再按方向/非极端波动/不过热排序,128,True,,,424,1,入选：满足一级粗筛资格条件；本阶段不设置数量下限或上限
688485,九州一轨,108.5,0.02902124430955988,0.1100879885410273,0.08684764098968256,0.2826575245300862,,,,0.24825986078886308,-0.039653035935563796,0.29333497597634595,0.8463356950958427,7523159.6,7654503.8,0.9828409256260346,,0.05289054972030241,,True,0.05374727040500993,0.04123389463605531,True,3,3,收敛较充分,-0.039653035935563796,0.9159789947486872,0.15552762882535576,,,,0.038277511961722466,90.51,90.51,0.19876256767208034,0.19876256767208034,True,1,2026-08-14,科创板20%,25,20.006657789613836,2,2,0,1,1,1,7,True,近5日波动仍偏大,硬资格：最近25个交易日（含当日）至少一次按板块涨停价核验的实际涨停；通过后再按方向/非极端波动/不过热排序,128,True,,,424,1,入选：满足一级粗筛资格条件；本阶段不设置数量下限或上限
000020,深华发Ａ,12.69,-0.002358490566037874,-0.05369127516778527,0.02256244963738907,0.025869037995149613,,,,0.12797374897456937,-0.15792966157929667,0.23423423423423417,0.5463494667760463,13438700.4,10544960.1,1.2744192744740686,,0.053087184689864765,,False,-0.06244477172312246,-0.00244798041615657,False,3,1,结构未成熟,-0.15792966157929667,0.40648379052369055,-0.011797687186076433,,,,-0.0770909090909091,12.19,12.19,0.04101722723543899,0.04101722723543899,True,3,2026-09-08,沪深主板10%,25,10.044052863436125,2,0,1,1,1,1,6,True,,硬资格：最近25个交易日（含当日）至少一次按板块涨停价核验的实际涨停；通过后再按方向/非极端波动/不过热排序,217,True,,,424,1,入选：满足一级粗筛资格条件；本阶段不设置数量下限或上限
000059,华锦股份,5.41,-0.0036832412523019054,-0.06563039723661479,-0.07363013698630128,0.11088295687885008,,,,0.12121212121212115,-0.13439999999999996,0.21359223300970864,0.5674931129476584,43633277.0,104803364.0,0.41633469895107567,,0.06755243183340347,,True,-0.05739972337482713,-0.025694085187101257,False,3,2,部分收敛/待确认,-0.13439999999999996,0.5200000000000001,-0.012503422469653969,,,,-0.08614864864864857,5.28,5.28,0.024621212121212155,0.024621212121212155,True,3,2026-09-08,沪深主板10%,25,10.079051383399218,2,0,1,1,1,1,6,True,,硬资格：最近25个交易日（含当日）至少一次按板块涨停价核验的实际涨停；通过后再按方向/非极端波动/不过热排序,217,True,,,424,1,入选：满足一级粗筛资格条件；本阶段不设置数量下限或上限
000062,深圳华强,22.58,-0.01612200435729849,-0.02208748375920322,-0.06694214876033067,0.015287769784172678,,,,0.04621658359764384,-0.09680000000000011,0.10668437361664454,0.43320855745675285,15661166.8,35249224.7,0.44429819189753694,,0.04014085139285132,,True,-0.020296643247462942,-0.022931122017261774,False,3,2,部分收敛/待确认,-0.09680000000000011,0.32777777777777756,-0.028211142432915337,,,,-0.01612200435729849,22.07,22.07,0.0231082917988219,0.0231082917988219,True,1,2026-08-28,沪深主板10%,25,10.004426737494466,2,0,1,1,1,1,6,True,,硬资格：最近25个交易日（含当日）至少一次按板块涨停价核验的实际涨停；通过后再按方向/非极端波动/不过热排序,217,True,,,424,1,入选：满足一级粗筛资格条件；本阶段不设置数量下限或上限
000536,华映科技,3.4,0.00591715976331364,-0.03409090909090917,-0.0710382513661203,0.07594936708860756,,,,0.06060606060606066,-0.14141414141414144,0.14450867052023122,0.41939393939393976,41047472.2,99048474.2,0.41441801634537445,,0.04211040802042305,,True,-0.03581580443433752,-0.0347970173985086,False,3,2,部分收敛/待确认,-0.14141414141414144,0.3636363636363635,-0.0314769975786926,,,,-0.02857142857142858,3.3,3.3,0.030303030303030276,0.030303030303030276,True,2,2026-09-01,沪深主板10%,25,10.122699386503076,2,0,1,1,1,1,6,True,,硬资格：最近25个交易日（含当日）至少一次按板块涨停价核验的实际涨停；通过后再按方向/非极端波动/不过热排序,217,True,,,424,1,入选：满足一级粗筛资格条件；本阶段不设置数量下限或上限
000565,渝三峡Ａ,6.57,-0.007552870090634434,-0.16940581542351452,0.04285714285714293,0.09136212624584727,,,,0.24371069182389934,-0.16940581542351452,0.32053422370617696,0.7603265854297693,39112611.6,22538162.7,1.7353948554111736,,0.051980090187042506,,False,-0.05210084033613438,0.0073789846517118285,False,3,1,结构未成熟,-0.16940581542351452,0.35885167464114837,0.005663554262972825,,,,-0.16940581542351452,6.36,6.28,0.03301886792452824,0.04617834394904463,True,3,2026-09-10,沪深主板10%,25,10.01390820584145,2,2,0,1,1,0,6,True,近5日波动仍偏大,硬资格：最近25个交易日（含当日）至少一次按板块涨停价核验的实际涨停；通过后再按方向/非极端波动/不过热排序,217,True,,,424,1,入选：满足一级粗筛资格条件；本阶段不设置数量下限或上限
000592,平潭发展,8.37,-0.039035591274397374,0.012091898428053138,0.2290748898678414,0.3631921824104234,,,,0.1818181818181819,-0.039035591274397374,0.29518072289156627,0.6159554730983305,353320681.8,351565821.2,1.0049915563293672,,0.18357642284244627,,False,0.019211576846307477,0.05647491463094312,True,3,2,部分收敛/待确认,-0.039035591274397374,0.8827586206896546,0.14641829886316948,,,,-0.011806375442739214,7.37,6.68,0.1356852103120758,0.2529940119760479,True,3,2026-09-16,沪深主板10%,25,10.016155088852985,2,2,0,0,1,1,6,True,近5日波动仍偏大,硬资格：最近25个交易日（含当日）至少一次按板块涨停价核验的实际涨停；通过后再按方向/非极端波动/不过热排序,217,True,,,424,1,入选：满足一级粗筛资格条件；本阶段不设置数量下限或上限
000596,古井贡酒,92.5,-0.007617208454028468,-0.019607843137254832,-0.04402645721372478,0.000865613503570728,,,,0.03570643814546254,-0.09304833807236002,0.12422839506172835,0.28742573811502775,2380051.6,4990128.3,0.47695198538282074,,0.013585618837843457,,True,-0.029971953618820324,-0.016538161834064757,False,3,2,部分收敛/待确认,-0.11339020415987733,0.22780678851174913,-0.02461142628171331,,,,-0.018775856582157635,91.02,91.02,0.016260162601626105,0.016260162601626105,True,1,2026-09-01,沪深主板10%,25,9.998909606367912,2,0,1,1,1,1,6,True,,硬资格：最近25个交易日（含当日）至少一次按板块涨停价核验的实际涨停；通过后再按方向/非极端波动/不过热排序,217,True,,,424,1,入选：满足一级粗筛资格条件；本阶段不设置数量下限或上限
000626,远大控股,8.88,0.04225352112676073,-0.0410367170626349,-0.013333333333333197,0.06474820143884896,,,,0.13915094339622638,-0.15428571428571425,0.23820754716981127,0.5841584158415841,20272815.6,33441906.4,0.606209925879106,0.03606054673955495,0.06631183726259428,0.5438025581579878,True,-0.07335014712063881,-0.013906581740976698,False,3,2,部分收敛/待确认,-0.15428571428571425,0.4394463667820071,-0.011135857461024412,,,,-0.08074534161490676,8.48,8.48,0.04716981132075482,0.04716981132075482,True,1,2026-08-28,沪深主板10%,18,10.058479532163744,2,0,1,1,1,1,6,True,,硬资格：最近25个交易日（含当日）至少一次按板块涨停价核验的实际涨停；通过后再按方向/非极端波动/不过热排序,217,True,,,424,1,入选：满足一级粗筛资格条件；本阶段不设置数量下限或上限
000722,湖南发展,14.0,-0.020979020979021046,-0.05020352781546811,0.08949416342412464,0.08275328692962103,,,,0.18494152046783635,-0.13633559531153616,0.15426781519185598,1.1988341199869388,57286175.4,13670552.4,4.190479925302799,,0.02945235048073529,,False,0.01784718349135539,0.028759124087591292,True,3,1,结构未成熟,-0.13633559531153616,0.3945205479452053,0.03722911650305627,,,,-0.125,13.68,12.9,0.023391812865497075,0.0852713178294573,True,1,2026-09-10,沪深主板10%,25,10.000000000000009,2,2,0,1,1,0,6,True,近5日波动仍偏大,硬资格：最近25个交易日（含当日）至少一次按板块涨停价核验的实际涨停；通过后再按方向/非极端波动/不过热排序,217,True,,,424,1,入选：满足一级粗筛资格条件；本阶段不设置数量下限或上限
000737,北方铜业,14.06,-0.02496532593619971,-0.14163614163614158,-0.05510752688172049,0.0,,,,0.09548104956268212,-0.18255813953488365,0.21726822363765028,0.43946163854094433,101654427.2,117264898.2,0.8668785694643617,,0.060935047561564454,,True,-0.07977832194870471,-0.018618777234913564,False,3,2,部分收敛/待确认,-0.18255813953488365,0.1715039577836413,-0.06041165463779752,,,,-0.0645375914836992,13.72,13.72,0.02478134110787167,0.02478134110787167,True,1,2026-08-17,沪深主板10%,13,10.007358351729213,2,0,1,1,1,1,6,True,,硬资格：最近25个交易日（含当日）至少一次按板块涨停价核验的实际涨停；通过后再按方向/非极端波动/不过热排序,217,True,,,424,1,入选：满足一级粗筛资格条件；本阶段不设置数量下限或上限
000798,中水渔业,10.33,0.026838966202783254,-0.10329861111111105,0.12039045553145322,0.2181603773584906,,,,0.2083758937691523,-0.2035466461063994,0.4174863387978142,0.4991202691067391,41981746.4,48395333.7,0.867475088822458,,0.13228688717124587,,True,-0.09489309065205864,0.01624565686918933,False,3,2,部分收敛/待确认,-0.2035466461063994,0.441860465116279,0.025921144105671035,,,,-0.12679628064243453,9.79,9.15,0.05515832482124616,0.12896174863387966,True,4,2026-09-09,沪深主板10%,25,10.000000000000009,2,2,0,1,1,0,6,True,近5日波动仍偏大,硬资格：最近25个交易日（含当日）至少一次按板块涨停价核验的实际涨停；通过后再按方向/非极端波动/不过热排序,217,True,,,424,1,入选：满足一级粗筛资格条件；本阶段不设置数量下限或上限
000823,超声电子,24.22,-0.03582802547770714,0.29518716577540105,0.6168224299065419,0.6487406398910824,,,,0.4010989010989012,-0.05019607843137264,0.304044630404463,1.319210605907854,177687514.4,69107520.8,2.5711747772610014,,0.11616033664557253,,False,0.22016137482971798,0.16201704213843815,True,3,1,结构未成熟,-0.05019607843137264,0.8884045335658238,0.3808044240472048,,,,-0.0269184411410206,18.2,14.34,0.3307692307692307,0.6889818688981868,True,4,2026-09-14,沪深主板10%,25,10.014584346135136,2,2,0,0,1,1,6,True,近5日波动仍偏大,硬资格：最近25个交易日（含当日）至少一次按板块涨停价核验的实际涨停；通过后再按方向/非极端波动/不过热排序,217,True,,,424,1,入选：满足一级粗筛资格条件；本阶段不设置数量下限或上限
000980,众泰汽车,2.37,0.10232558139534897,0.2279792746113991,0.4277108433734942,0.462962962962963,,,,0.34736842105263166,-0.07421875,0.36250000000000004,0.958257713248639,645851941.0,206977815.4,3.120392104592674,,0.030620719783619535,,False,0.09667968749999978,0.08896034297963551,True,3,2,部分收敛/待确认,-0.07421875,0.8080808080808082,0.27556512378902065,,,,0.017167381974249052,1.9,1.6,0.24736842105263168,0.48124999999999996,True,5,2026-09-17,沪深主板10%,25,10.232558139534898,2,2,0,0,1,1,6,True,近5日波动仍偏大,硬资格：最近25个交易日（含当日）至少一次按板块涨停价核验的实际涨停；通过后再按方向/非极端波动/不过热排序,217,True,,,424,1,入选：满足一级粗筛资格条件；本阶段不设置数量下限或上限
001268,联合精密,23.92,-0.013608247422680297,-0.046251993620414544,-0.05454545454545445,0.18886679920477145,,,,0.06316235693090286,-0.11374583178955155,0.10388548057259711,0.6079998531340848,2284248.6,4803114.5,0.4755765451770929,,0.05905360863933747,,True,-0.030086075134743706,-0.020514039047958343,False,3,2,部分收敛/待确认,-0.11374583178955155,0.5944517833553503,-0.0278398699451331,,,,-0.046251993620414544,23.59,23.59,0.013988978380669925,0.013988978380669925,True,2,2026-08-26,沪深主板10%,25,10.009813542688928,2,0,1,1,1,1,6,True,,硬资格：最近25个交易日（含当日）至少一次按板块涨停价核验的实际涨停；通过后再按方向/非极端波动/不过热排序,217,True,,,424,1,入选：满足一级粗筛资格条件；本阶段不设置数量下限或上限
001330,博纳影业,5.44,0.007407407407407307,-0.04895104895104885,-0.06689536878216118,0.13333333333333353,,,,0.1321839080459771,-0.16692189892802445,0.29306930693069316,0.4510329294812055,97856759.0,181656997.6,0.5386897300563994,,0.16415066759918304,,True,-0.051676933607118336,-0.026565143824027082,False,3,2,部分收敛/待确认,-0.16692189892802445,0.4293193717277488,-0.016452721026939066,,,,-0.0795262267343485,5.22,5.22,0.042145593869731934,0.042145593869731934,True,3,2026-09-07,沪深主板10%,25,10.051993067590992,2,0,1,1,1,1,6,True,,硬资格：最近25个交易日（含当日）至少一次按板块涨停价核验的实际涨停；通过后再按方向/非极端波动/不过热排序,217,True,,,424,1,入选：满足一级粗筛资格条件；本阶段不设置数量下限或上限
001366,播恩集团,12.86,0.002338269680436378,-0.06946454413892911,-0.014559386973180155,0.07885906040268442,,,,0.0874403815580286,-0.2600690448791715,0.39598393574297186,0.22081800210901745,9353509.8,14868109.8,0.6290987842987278,,0.08862216759328406,,True,-0.09121669251374587,-0.015935693132139273,False,3,2,部分收敛/待确认,-0.2600690448791715,0.2299829642248722,-0.04144305307096008,,,,-0.059941520467836296,12.58,12.57,0.022257551669316422,0.023070803500397696,True,4,2026-09-07,沪深主板10%,25,10.038314176245212,2,0,1,1,1,1,6,True,,硬资格：最近25个交易日（含当日）至少一次按板块涨停价核验的实际涨停；通过后再按方向/非极端波动/不过热排序,217,True,,,424,1,入选：满足一级粗筛资格条件；本阶段不设置数量下限或上限
001378,德冠新材,22.87,0.014190687361419041,0.17402464065708423,0.14235764235764248,0.13894422310756993,,,,0.24757804090419816,-0.013373597929249303,0.0709876543209876,3.4876210979547944,9080589.6,2381618.2,3.8127814105552265,0.07546320254947206,0.028237994725952092,2.6723994845185555,False,0.06659211061407055,0.025710555388169354,True,3,1,结构未成熟,-0.013373597929249303,0.9326086956521742,0.12226120666388596,,,,0.0947821924365726,18.58,18.58,0.23089343379978478,0.23089343379978478,True,1,2026-09-16,沪深主板10%,25,10.000000000000009,2,2,0,1,1,0,6,True,近5日波动仍偏大,硬资格：最近25个交易日（含当日）至少一次按板块涨停价核验的实际涨停；通过后再按方向/非极端波动/不过热排序,217,True,,,424,1,入选：满足一级粗筛资格条件；本阶段不设置数量下限或上限
001896,豫能控股,11.97,-0.03233629749393685,-0.0370072405470635,0.021331058020477744,0.012690355329949332,,,,0.17282889079965602,-0.12243401759530792,0.09790209790209799,1.7653236703107706,135381437.6,46269911.8,2.925906541278516,0.090649279015624,0.030325388632196672,2.989220686173863,False,0.014650205761316704,0.012583892617449743,True,3,1,结构未成熟,-0.15999999999999992,0.18861209964412848,-0.002624671916010346,,,,-0.07852193995381063,11.63,11.45,0.02923473774720553,0.04541484716157207,True,1,2026-09-14,沪深主板10%,25,9.991532599491947,2,0,1,1,1,1,6,True,,硬资格：最近25个交易日（含当日）至少一次按板块涨停价核验的实际涨停；通过后再按方向/非极端波动/不过热排序,217,True,,,424,1,入选：满足一级粗筛资格条件；本阶段不设置数量下限或上限
002015,协鑫能科,16.09,-0.04453681710213775,-0.06344586728754364,-0.057410661980082045,0.1468282252316464,,,,0.08587429993777218,-0.09910414333706608,0.152258064516129,0.5640049360319784,104377242.2,125564339.5,0.8312650121494088,,0.08166491629029513,,True,-0.005364806866952732,-0.008599363882671685,True,3,3,收敛较充分,-0.09910414333706608,0.5682926829268293,-0.02829362563034088,,,,-0.06886574074074081,16.07,16.07,0.001244555071561848,0.001244555071561848,True,2,2026-09-01,沪深主板10%,25,10.035335689045933,2,0,1,1,1,1,6,True,,硬资格：最近25个交易日（含当日）至少一次按板块涨停价核验的实际涨停；通过后再按方向/非极端波动/不过热排序,217,True,,,424,1,入选：满足一级粗筛资格条件；本阶段不设置数量下限或上限
002068,黑猫股份,10.04,-0.009861932938856177,-0.025242718446602086,0.24103831891223715,0.3175853018372703,,,,0.21459694989106762,-0.09955156950672661,0.3888888888888889,0.5518207282913167,91684581.8,48428468.7,1.8931959704932813,,0.0499556867530652,,False,-0.0002030869212023001,0.05799198575244868,True,3,2,部分收敛/待确认,-0.09955156950672661,0.6991869918699184,0.14966220084736048,,,,-0.024295432458697808,9.18,8.07,0.09368191721132901,0.2441140024783146,True,3,2026-09-16,沪深主板10%,25,10.036275695284157,2,2,0,0,1,1,6,True,近5日波动仍偏大,硬资格：最近25个交易日（含当日）至少一次按板块涨停价核验的实际涨停；通过后再按方向/非极端波动/不过热排序,217,True,,,424,1,入选：满足一级粗筛资格条件；本阶段不设置数量下限或上限
002094,青岛金王,5.05,0.007984031936127733,-0.08348457350272231,-0.09009009009009006,0.08602150537634401,,,,0.1407867494824016,-0.17213114754098358,0.11926605504587146,1.1804427456601376,25538641.0,74423060.6,0.34315494141341457,,0.10778865675727009,,True,-0.07962359753890691,-0.03574604303752438,False,3,1,结构未成熟,-0.17213114754098358,0.33544303797468367,-0.06731923538646234,,,,-0.08348457350272231,4.83,4.83,0.04554865424430643,0.04554865424430643,True,1,2026-08-25,沪深主板10%,12,10.064239828693777,2,0,1,1,1,1,6,True,,硬资格：最近25个交易日（含当日）至少一次按板块涨停价核验的实际涨停；通过后再按方向/非极端波动/不过热排序,217,True,,,424,1,入选：满足一级粗筛资格条件；本阶段不设置数量下限或上限
002107,沃华医药,6.69,0.0,-0.03602305475504319,-0.0304347826086957,0.03240740740740744,,,,0.08641975308641969,-0.09959623149394337,0.14837712519319937,0.582433127572016,17975342.0,34758365.5,0.5171515329165867,,0.05800221118802466,,True,-0.045014245014245,-0.020542082738944423,False,3,2,部分收敛/待确认,-0.09959623149394337,0.4714285714285717,-0.013055985837574502,,,,-0.04971590909090906,6.48,6.48,0.03240740740740744,0.03240740740740744,True,2,2026-09-01,沪深主板10%,25,10.045662100456632,2,0,1,1,1,1,6,True,,硬资格：最近25个交易日（含当日）至少一次按板块涨停价核验的实际涨停；通过后再按方向/非极端波动/不过热排序,217,True,,,424,1,入选：满足一级粗筛资格条件；本阶段不设置数量下限或上限
002155,湖南黄金,25.49,-0.06148748159057449,-0.10686755430974071,-0.07443718228031959,0.030731904569348822,,,,0.11930241775663884,-0.13710223425863244,0.1820728291316527,0.6552455867556932,67682534.8,101133194.3,0.6692415410041093,,0.06431124128397896,,True,-0.02643845593590688,-0.0036262719703977764,False,3,2,部分收敛/待确认,-0.13710223425863244,0.24860853432281999,-0.04167528244073926,,,,-0.09737960339943341,25.23,25.23,0.010305192231470306,0.010305192231470306,True,2,2026-09-09,沪深主板10%,25,10.016286644951133,2,0,1,1,1,1,6,True,,硬资格：最近25个交易日（含当日）至少一次按板块涨停价核验的实际涨停；通过后再按方向/非极端波动/不过热排序,217,True,,,424,1,入选：满足一级粗筛资格条件；本阶段不设置数量下限或上限
002229,鸿博股份,10.96,0.009208103130755152,-0.037752414398595224,-0.09570957095709554,0.012939001848428777,,,,0.07473982970671704,-0.12249799839871889,0.11917562724014337,0.6271402252082422,22975206.6,55138152.2,0.4166843770292324,,0.12294407133090515,,True,-0.048661800486617945,-0.03227987155653189,False,3,2,部分收敛/待确认,-0.22816901408450696,0.16923076923076932,-0.047122239610502326,,,,-0.035211267605633645,10.57,10.57,0.03689687795648067,0.03689687795648067,True,1,2026-08-17,沪深主板10%,13,10.031847133757953,2,0,1,1,1,1,6,True,,硬资格：最近25个交易日（含当日）至少一次按板块涨停价核验的实际涨停；通过后再按方向/非极端波动/不过热排序,217,True,,,424,1,入选：满足一级粗筛资格条件；本阶段不设置数量下限或上限
002285,世联行,2.63,0.10041841004184082,0.10041841004184082,0.15859030837004395,0.21759259259259256,,,,0.22325581395348837,0.0,0.1855203619909503,1.2034032898468516,92502864.2,132004151.2,0.70075723648909,0.04674200389755502,0.06670213515273879,0.70075723648909,True,-0.020938023450586374,0.008453085376162406,False,3,1,结构未成熟,0.0,1.0,0.13166953528399317,,,,0.10041841004184082,2.15,2.15,0.22325581395348837,0.22325581395348837,True,3,2026-09-17,沪深主板10%,25,10.169491525423746,2,2,0,1,1,0,6,True,近5日波动仍偏大,硬资格：最近25个交易日（含当日）至少一次按板块涨停价核验的实际涨停；通过后再按方向/非极端波动/不过热排序,217,True,,,424,1,入选：满足一级粗筛资格条件；本阶段不设置数量下限或上限
002322,理工能科,11.84,-0.0008438818565400519,-0.02310231023102305,-0.058074781225139205,0.004240882103477617,,,,0.03859348198970834,-0.0864197530864198,0.08999158957106815,0.42885654285760005,3725469.2,8613775.1,0.4325013315009815,,0.02451406547450952,,True,-0.02130822596630333,-0.020606060606060628,False,3,2,部分收敛/待确认,-0.16087880935506726,0.11673151750972789,-0.026555948368001348,,,,-0.02229562345169278,11.66,11.66,0.015437392795883298,0.015437392795883298,True,1,2026-08-14,沪深主板10%,10,10.033726812816202,2,0,1,1,1,1,6,True,,硬资格：最近25个交易日（含当日）至少一次按板块涨停价核验的实际涨停；通过后再按方向/非极端波动/不过热排序,217,True,,,424,1,入选：满足一级粗筛资格条件；本阶段不设置数量下限或上限
002354,天娱数科,7.61,-0.00782268578878742,-0.001312335958005173,-0.020592020592020477,0.04389574759945125,,,,0.07005494505494503,-0.13522727272727275,0.18598382749326156,0.37667224080267525,189683982.2,385458040.1,0.49210020927515213,,0.23691426794324574,,True,-0.026742093083054752,-0.017144287323238694,False,3,2,部分收敛/待确认,-0.14686098654708513,0.3849765258215964,-0.011495745924530731,,,,-0.023106546854942178,7.28,7.28,0.04532967032967039,0.04532967032967039,True,1,2026-08-28,沪深主板10%,25,9.943977591036424,2,0,1,1,1,1,6,True,,硬资格：最近25个交易日（含当日）至少一次按板块涨停价核验的实际涨停；通过后再按方向/非极端波动/不过热排序,217,True,,,424,1,入选：满足一级粗筛资格条件；本阶段不设置数量下限或上限
002476,新叶股份,4.94,-0.004032258064516014,-0.04999999999999993,-0.029469548133595147,0.008163265306122547,,,,0.0739219712525668,-0.07317073170731703,0.05753968253968254,1.2847128796997815,8464593.6,8234080.5,1.0279950019920256,,0.013155602240896286,,False,-0.03596287703016243,-0.009110292692382171,False,3,0,结构未成熟,-0.07317073170731703,0.5301204819277112,-0.030802432803609836,,,,-0.055449330783938766,4.87,4.87,0.014373716632443578,0.014373716632443578,True,1,2026-08-17,沪深主板10%,13,10.087719298245613,2,0,1,1,1,1,6,True,,硬资格：最近25个交易日（含当日）至少一次按板块涨停价核验的实际涨停；通过后再按方向/非极端波动/不过热排序,217,True,,,424,1,入选：满足一级粗筛资格条件；本阶段不设置数量下限或上限
002487,大金重工,41.21,0.05234933605720138,0.22868217054263562,0.23568215892053979,0.051543761163562296,,,,0.3063337393422654,-0.039393939393939315,0.12359550561797755,2.4785184364965103,97406013.0,17724387.9,5.495592488133258,0.15438903482260488,0.028093246570953013,5.495592488133261,False,0.12085461055350133,0.05630423836744369,True,3,1,结构未成熟,-0.0663797009515179,0.7578512396694216,0.1629416412687663,,,,0.04487829614604477,32.84,32.04,0.254872107186358,0.2862047440699127,True,1,2026-09-15,沪深主板10%,25,10.013947001394685,2,2,0,0,1,1,6,True,近5日波动仍偏大,硬资格：最近25个交易日（含当日）至少一次按板块涨停价核验的实际涨停；通过后再按方向/非极端波动/不过热排序,217,True,,,424,1,入选：满足一级粗筛资格条件；本阶段不设置数量下限或上限
002491,通鼎互联,23.67,-0.03190184049079747,0.126070409134158,0.12393162393162416,0.22833419823559953,,,,0.26142131979695443,-0.04748490945674044,0.1658415841584159,1.5763315402682023,211125540.4,158600675.2,1.3311768069950816,,0.13211878774118976,,False,0.05335092845697065,0.03162279871236495,True,3,1,结构未成熟,-0.04748490945674044,0.8461538461538463,0.08685171155038218,,,,0.06477732793522284,19.7,19.7,0.20152284263959408,0.20152284263959408,True,4,2026-09-16,沪深主板10%,25,10.015568240788797,2,2,0,1,1,0,6,True,近5日波动仍偏大,硬资格：最近25个交易日（含当日）至少一次按板块涨停价核验的实际涨停；通过后再按方向/非极端波动/不过热排序,217,True,,,424,1,入选：满足一级粗筛资格条件；本阶段不设置数量下限或上限
002531,天顺风能,8.17,0.04475703324808178,0.1823444283646889,0.3241491085899513,0.3371522094926349,,,,0.26696165191740406,-0.04889406286379505,0.12540716612377859,2.1287591464582594,219438416.8,31522009.9,6.961434803686171,,0.017640922179527257,,False,0.1261447562776956,0.07956294244382867,True,3,1,结构未成熟,-0.04889406286379505,0.8396946564885497,0.23834785903751432,,,,0.04609475032010257,6.78,6.14,0.2050147492625367,0.33061889250814347,True,2,2026-09-15,沪深主板10%,25,10.031847133757953,2,2,0,0,1,1,6,True,近5日波动仍偏大,硬资格：最近25个交易日（含当日）至少一次按板块涨停价核验的实际涨停；通过后再按方向/非极端波动/不过热排序,217,True,,,424,1,入选：满足一级粗筛资格条件；本阶段不设置数量下限或上限
002579,中京电子,20.48,0.04223918575063612,0.22414823670053785,0.4905385735080059,0.3394375408763899,,,,0.3500000000000001,-0.05185185185185193,0.331111111111111,1.0570469798657725,181487329.2,81855558.6,2.2171656061485847,,0.1059786546898116,,False,0.09402104776222964,0.10828631205224104,True,3,1,结构未成熟,-0.05185185185185193,0.8677685950413222,0.2948093823101725,,,,0.034866093986862134,16.0,13.81,0.28,0.4829833454018826,True,4,2026-09-14,沪深主板10%,25,10.011709601873541,2,2,0,0,1,1,6,True,近5日波动仍偏大,硬资格：最近25个交易日（含当日）至少一次按板块涨停价核验的实际涨停；通过后再按方向/非极端波动/不过热排序,217,True,,,424,1,入选：满足一级粗筛资格条件；本阶段不设置数量下限或上限
002584,西陇科学,9.52,-0.003141361256544628,0.1974842767295597,0.1638141809290954,0.18114143920595516,,,,0.3883751651254953,-0.09419600380589921,0.06953223767383068,5.58554101116848,81808876.0,20348411.7,4.020405975961259,0.07773320594708882,0.04229213887308457,1.838006022357019,False,0.09068073348404937,0.03464488987874281,True,3,1,结构未成熟,-0.09419600380589921,0.6632653061224488,0.1464354527938343,,,,0.09677419354838701,7.57,7.57,0.25759577278731816,0.25759577278731816,True,2,2026-09-16,沪深主板10%,25,10.02304147465438,2,2,0,1,1,0,6,True,近5日波动仍偏大,硬资格：最近25个交易日（含当日）至少一次按板块涨停价核验的实际涨停；通过后再按方向/非极端波动/不过热排序,217,True,,,424,1,入选：满足一级粗筛资格条件；本阶段不设置数量下限或上限
002585,双星新材,11.69,-0.039441248972884146,0.29171270718232023,0.2583423035522068,0.19774590163934413,,,,0.4181614349775785,-0.07588932806324122,0.16477272727272718,2.5378073295190986,176887316.0,40949002.1,4.319697841916397,0.11660626953607645,0.04618698554875399,2.5246564189167398,False,0.18515429524603833,0.08244793880152979,True,3,1,结构未成熟,-0.07588932806324122,0.7506493506493505,0.17387156700306283,,,,-0.03067993366500832,8.92,8.8,0.3105381165919283,0.32840909090909065,True,3,2026-09-15,沪深主板10%,25,10.055248618784528,2,2,0,0,1,1,6,True,近5日波动仍偏大,硬资格：最近25个交易日（含当日）至少一次按板块涨停价核验的实际涨停；通过后再按方向/非极端波动/不过热排序,217,True,,,424,1,入选：满足一级粗筛资格条件；本阶段不设置数量下限或上限
002631,德尔未来,12.03,0.0712377560106856,0.16231884057971002,0.07989228007181315,0.38754325259515565,,,,0.3804713804713805,-0.021951219512195252,0.2016718913270637,1.8865860679332187,49161064.6,45349033.3,1.0840598139056694,,0.058530427771622234,,False,0.02473012757605475,0.01765604122924236,True,3,1,结构未成熟,-0.021951219512195252,0.9324999999999997,0.17819891288379597,,,,0.10671573137074519,8.91,8.91,0.35016835016835013,0.35016835016835013,True,5,2026-09-16,沪深主板10%,25,10.034602076124566,2,2,0,1,1,0,6,True,近5日波动仍偏大,硬资格：最近25个交易日（含当日）至少一次按板块涨停价核验的实际涨停；通过后再按方向/非极端波动/不过热排序,217,True,,,424,1,入选：满足一级粗筛资格条件；本阶段不设置数量下限或上限
002638,勤上股份,4.23,0.02421307506053272,0.016826923076923128,-0.011682242990654124,0.1280000000000001,,,,0.0856423173803525,-0.12240663900414939,0.16144578313253008,0.5304710703409895,27406636.6,47059582.7,0.5823816325511105,,0.03478988555082575,,True,-0.021894336030461647,-0.028492008339124464,False,3,2,部分收敛/待确认,-0.12240663900414939,0.5958904109589043,-0.022981868576048003,,,,0.014388489208633226,3.97,3.97,0.06549118387909325,0.06549118387909325,True,2,2026-08-21,沪深主板10%,12,10.133333333333328,2,0,1,1,1,1,6,True,,硬资格：最近25个交易日（含当日）至少一次按板块涨停价核验的实际涨停；通过后再按方向/非极端波动/不过热排序,217,True,,,424,1,入选：满足一级粗筛资格条件；本阶段不设置数量下限或上限
002655,共达电声,40.77,0.10010793308148958,0.12967581047381538,0.05485122897800787,0.18724519510774607,,,,0.25988875154511754,0.0,0.14522471910112364,1.7895627765969404,28406361.4,25412755.6,1.1177993385337557,,0.06943015009567596,,False,-0.0036926807760139235,-0.007946735395189197,True,3,1,结构未成熟,0.0,1.0,0.0886079329265852,,,,0.10189189189189207,32.36,32.36,0.2598887515451176,0.2598887515451176,True,3,2026-09-17,沪深主板10%,25,10.010793308148958,2,2,0,1,1,0,6,True,近5日波动仍偏大,硬资格：最近25个交易日（含当日）至少一次按板块涨停价核验的实际涨停；通过后再按方向/非极端波动/不过热排序,217,True,,,424,1,入选：满足一级粗筛资格条件；本阶段不设置数量下限或上限
002686,亿利达,6.23,0.00646203554119551,-0.04006163328197221,-0.06736526946107779,0.019639934533551617,,,,0.07653910149750416,-0.16933333333333322,0.08818897637795284,0.8678987401949124,8586943.4,20792941.1,0.41297396836275363,,0.04747286753755152,,True,-0.03097622027534419,-0.028732997096133528,False,3,2,部分收敛/待确认,-0.16933333333333322,0.16447368421052636,-0.049942813572245504,,,,-0.037094281298299725,6.01,6.01,0.03660565723793696,0.03660565723793696,True,2,2026-08-25,沪深主板10%,25,10.000000000000009,2,0,1,1,1,1,6,True,,硬资格：最近25个交易日（含当日）至少一次按板块涨停价核验的实际涨停；通过后再按方向/非极端波动/不过热排序,217,True,,,424,1,入选：满足一级粗筛资格条件；本阶段不设置数量下限或上限
002721,金一文化,2.68,-0.0037174721189590088,-0.0629370629370628,-0.10963455149501644,0.0347490347490349,,,,0.06463878326996195,-0.19033232628398788,0.17793594306049823,0.36326996197718614,62538239.6,211331440.6,0.295924919749021,,0.08933304390410332,,True,-0.05796089385474856,-0.04141414141414135,False,3,2,部分收敛/待确认,-0.19033232628398788,0.2222222222222224,-0.07777013076393657,,,,-0.042857142857142705,2.63,2.63,0.019011406844106515,0.019011406844106515,True,2,2026-09-01,沪深主板10%,25,10.034602076124566,2,0,1,1,1,1,6,True,,硬资格：最近25个交易日（含当日）至少一次按板块涨停价核验的实际涨停；通过后再按方向/非极端波动/不过热排序,217,True,,,424,1,入选：满足一级粗筛资格条件；本阶段不设置数量下限或上限
002724,海洋王,6.83,-0.06052269601100402,-0.010144927536231974,-0.007267441860465129,0.15762711864406764,,,,0.1184615384615384,-0.07702702702702702,0.09467455621301783,1.2512499999999982,19629300.8,20774561.6,0.9448719630261656,,0.03994205529535682,,True,-0.01692969870875194,-0.005597818286206535,False,3,1,结构未成熟,-0.08445040214477206,0.6666666666666666,-0.002337131171486817,,,,-0.04475524475524484,6.5,6.5,0.05076923076923068,0.05076923076923068,True,2,2026-09-16,沪深主板10%,11,10.064935064935066,2,0,1,1,1,1,6,True,,硬资格：最近25个交易日（含当日）至少一次按板块涨停价核验的实际涨停；通过后再按方向/非极端波动/不过热排序,217,True,,,424,1,入选：满足一级粗筛资格条件；本阶段不设置数量下限或上限
002796,世嘉科技,32.54,0.10006761325219737,0.1290770298403885,0.08720347477447365,0.08865841418534615,,,,0.19500550863018723,0.0,0.1445312499999999,1.34922730295481,10244718.0,10949792.0,0.9356084572200093,,0.053116236384990675,,True,0.015310738395156065,0.00398981908234175,True,3,2,部分收敛/待确认,-0.009436834094368463,0.9448398576512451,0.10381790735935126,,,,0.10529891304347827,27.23,27.23,0.19500550863018717,0.19500550863018717,True,1,2026-09-17,沪深主板10%,12,10.006761325219738,2,2,0,1,1,0,6,True,近5日波动仍偏大,硬资格：最近25个交易日（含当日）至少一次按板块涨停价核验的实际涨停；通过后再按方向/非极端波动/不过热排序,217,True,,,424,1,入选：满足一级粗筛资格条件；本阶段不设置数量下限或上限
002824,和胜股份,29.68,0.05660377358490565,0.22593969434118133,0.09278350515463907,0.23873121869782965,,,,0.3739439751000445,-0.039482200647249166,0.15499378367177796,2.4126385345358474,25622407.2,21560666.0,1.1883866296152448,0.1132851959223106,0.09532688529068026,1.188386629615245,False,0.06982074158958818,0.02166079277709576,True,3,1,结构未成熟,-0.039482200647249166,0.854934601664685,0.15799535709408707,,,,0.15038759689922476,22.49,22.49,0.3196976433970655,0.3196976433970655,True,2,2026-09-16,沪深主板10%,25,10.020618556701022,2,2,0,1,1,0,6,True,近5日波动仍偏大,硬资格：最近25个交易日（含当日）至少一次按板块涨停价核验的实际涨停；通过后再按方向/非极端波动/不过热排序,217,True,,,424,1,入选：满足一级粗筛资格条件；本阶段不设置数量下限或上限
002837,英维克,61.75,-0.004513944865387698,0.01096922069417161,-0.09840852679223233,0.1666351785376914,,,,0.07890252215405594,-0.12560181251770042,0.16094032549728762,0.49025949158643717,32746621.0,64088498.6,0.510959403252427,,0.06578328335128633,,True,-0.009411534829192103,-0.026726618139512937,False,3,2,部分收敛/待确认,-0.12560181251770042,0.528191489361702,-0.011620462257506903,,,,-0.007553841208614576,58.68,58.68,0.052317655078391256,0.052317655078391256,True,1,2026-08-25,沪深主板10%,25,10.009132420091316,2,0,1,1,1,1,6,True,,硬资格：最近25个交易日（含当日）至少一次按板块涨停价核验的实际涨停；通过后再按方向/非极端波动/不过热排序,217,True,,,424,1,入选：满足一级粗筛资格条件；本阶段不设置数量下限或上限
002912,中新赛克,23.4,-0.08629441624365486,0.09499298081422536,0.17410938283993982,0.2302839116719242,,,,0.23427331887201727,-0.17750439367311077,0.13068783068783082,1.7926177031097659,18586989.0,3474899.0,5.3489292782322595,,0.02142052922807977,,False,0.15531062124248507,0.08200314480392601,True,3,1,结构未成熟,-0.17750439367311077,0.49195171026156925,0.11013592048770082,,,,-0.11094224924012164,23.05,19.21,0.015184381778741818,0.2181155648099946,True,4,2026-09-15,沪深主板10%,25,10.015467904098996,2,2,0,1,1,0,6,True,近5日波动仍偏大,硬资格：最近25个交易日（含当日）至少一次按板块涨停价核验的实际涨停；通过后再按方向/非极端波动/不过热排序,217,True,,,424,1,入选：满足一级粗筛资格条件；本阶段不设置数量下限或上限
002942,新农股份,16.4,0.009852216748768461,-0.0744920993227991,-0.09090909090909094,0.03535353535353525,,,,0.10714285714285719,-0.28695652173913044,0.3233601841196779,0.33134214539908496,5668100.6,17913319.7,0.31641821253265523,,0.13393967110370067,,True,-0.07811628166499285,-0.05926602546880866,False,3,2,部分收敛/待确认,-0.28695652173913044,0.1645569620253163,-0.09297052154194996,,,,-0.0718732314657613,15.96,15.96,0.027568922305764243,0.027568922305764243,True,3,2026-08-28,沪深主板10%,25,10.011574074074069,2,0,1,1,1,1,6,True,,硬资格：最近25个交易日（含当日）至少一次按板块涨停价核验的实际涨停；通过后再按方向/非极端波动/不过热排序,217,True,,,424,1,入选：满足一级粗筛资格条件；本阶段不设置数量下限或上限
002949,华阳国际,12.36,0.02148760330578514,-0.03512880562060894,-0.033620015637216505,0.15083798882681565,,,,0.10344827586206906,-0.15284441398217963,0.17188755020080326,0.6018369320012894,7641386.8,16102513.0,0.47454622766024157,,0.10598943946497608,,True,-0.05317164179104461,-0.020516717325227973,False,3,2,部分收敛/待确认,-0.15284441398217963,0.48018648018647997,-0.03715821453610657,,,,-0.034375000000000044,11.6,11.6,0.06551724137931036,0.06551724137931036,True,1,2026-08-25,沪深主板10%,12,9.991158267020328,2,0,1,1,1,1,6,True,,硬资格：最近25个交易日（含当日）至少一次按板块涨停价核验的实际涨停；通过后再按方向/非极端波动/不过热排序,217,True,,,424,1,入选：满足一级粗筛资格条件；本阶段不设置数量下限或上限
002963,豪尔赛,19.9,-0.03911154031868669,-0.04510556621881001,-0.0005022601707684871,0.15832363213038403,,,,0.13729729729729725,-0.1903986981285598,0.23861766319253966,0.5753861447654552,5917350.2,14995740.9,0.39460205664129605,,0.11022096078818559,,True,-0.042952500725549125,-0.0011201480543516773,False,3,2,部分收敛/待确认,-0.1903986981285598,0.4098360655737705,-0.014070550931430836,,,,-0.04830224772835967,18.5,18.5,0.07567567567567557,0.07567567567567557,True,4,2026-09-16,沪深主板10%,25,10.016242555495403,2,0,1,1,1,1,6,True,,硬资格：最近25个交易日（含当日）至少一次按板块涨停价核验的实际涨停；通过后再按方向/非极端波动/不过热排序,217,True,,,424,1,入选：满足一级粗筛资格条件；本阶段不设置数量下限或上限
003031,中瓷电子,137.4,-0.0023235550392098903,0.14385614385614387,0.1412908048841266,0.06404398668008993,,,,0.26920353982300876,-0.05241379310344829,0.185053380782918,1.454734513274337,11871198.2,9219697.9,1.287590800561914,,0.02710426696994958,,False,0.06803684149164746,0.0324557004346373,True,3,1,结构未成熟,-0.08399999999999996,0.6648936170212767,0.09317877132752805,,,,0.06157768678049913,113.0,112.4,0.21592920353982303,0.22241992882562278,True,4,2026-09-16,沪深主板10%,15,10.004228329809738,2,2,0,1,1,0,6,True,近5日波动仍偏大,硬资格：最近25个交易日（含当日）至少一次按板块涨停价核验的实际涨停；通过后再按方向/非极端波动/不过热排序,217,True,,,424,1,入选：满足一级粗筛资格条件；本阶段不设置数量下限或上限
300112,万讯自控,11.49,0.1264705882352941,0.23548387096774182,0.32220943613348685,0.15943491422805245,,,,0.4377224199288256,-0.051980198019801915,0.2761457109283196,1.5851139547209816,66237124.0,35791407.5,1.850643174622289,0.24557270086729144,0.14534150681332123,1.6896253950546187,False,0.0822665267576077,0.05107241452537692,True,3,1,结构未成熟,-0.051980198019801915,0.8297297297297299,0.1681577877185847,,,,0.05316223648029328,8.43,8.43,0.36298932384341653,0.36298932384341653,True,1,2026-09-07,创业板20%,25,20.022753128555195,2,2,0,0,1,1,6,True,近5日波动仍偏大,硬资格：最近25个交易日（含当日）至少一次按板块涨停价核验的实际涨停；通过后再按方向/非极端波动/不过热排序,217,True,,,424,1,入选：满足一级粗筛资格条件；本阶段不设置数量下限或上限
300363,博腾股份,22.07,0.0004533091568450498,0.05396370582616994,0.1476859074362975,-0.09844771241830064,,,,0.12462612163509472,-0.05400771538791249,0.19892473118279563,0.626498881733179,18987861.2,23416206.3,0.8108854592727088,,0.046939774660797365,,True,0.01774361893917864,0.04062345373577436,True,3,3,收敛较充分,-0.09844771241830064,0.5901360544217686,0.07532644708633796,,,,0.0031818181818181746,20.06,18.95,0.10019940179461617,0.16464379947229557,True,1,2026-08-20,创业板20%,15,20.000000000000018,0,2,1,1,1,1,6,True,20日方向仍偏弱,硬资格：最近25个交易日（含当日）至少一次按板块涨停价核验的实际涨停；通过后再按方向/非极端波动/不过热排序,217,True,,,424,1,入选：满足一级粗筛资格条件；本阶段不设置数量下限或上限
300368,汇金股份,8.8,-0.03190319031903177,-0.10112359550561778,-0.10931174089068829,0.15334207077326356,,,,0.1404561824729892,-0.16902738432483466,0.16758544652701207,0.8381168256776397,38839300.0,68345892.5,0.5682755551110844,,0.12921209114074045,,True,-0.05542427497314695,-0.036543466944299774,False,3,2,部分收敛/待确认,-0.16902738432483466,0.4475308641975312,-0.031796677302233456,,,,-0.07368421052631569,8.33,8.33,0.056422569027611225,0.056422569027611225,True,1,2026-08-27,创业板20%,25,19.950124688279303,2,0,1,1,1,1,6,True,,硬资格：最近25个交易日（含当日）至少一次按板块涨停价核验的实际涨停；通过后再按方向/非极端波动/不过热排序,217,True,,,424,1,入选：满足一级粗筛资格条件；本阶段不设置数量下限或上限
300378,鼎捷数智,35.85,-0.006925207756232732,-0.026079869600652006,-0.06591974986972382,0.10614008022215371,,,,0.06444254348445959,-0.14683484055211804,0.19612866495872475,0.3285727942828832,12649477.2,24403930.6,0.518337697616629,,0.09708336330610158,,True,-0.026582759181901894,-0.023202588588114526,False,3,2,部分收敛/待确认,-0.14683484055211804,0.5052125100240576,-0.002351500647010507,,,,-0.03964639699973205,35.07,35.07,0.022241231822070162,0.022241231822070162,True,1,2026-08-28,创业板20%,25,19.993591797500798,2,0,1,1,1,1,6,True,,硬资格：最近25个交易日（含当日）至少一次按板块涨停价核验的实际涨停；通过后再按方向/非极端波动/不过热排序,217,True,,,424,1,入选：满足一级粗筛资格条件；本阶段不设置数量下限或上限
300456,赛微电子,35.22,-0.01702483951995537,-0.022481265611990042,-0.09296935359258307,0.11632329635499206,,,,0.08201610498061437,-0.15741626794258368,0.16272600834492335,0.5040134998381349,28770030.4,50454863.6,0.5702132232104578,,0.08935470346616345,,True,-0.032153983088562654,-0.03508537886872998,False,3,2,部分收敛/待确认,-0.15741626794258368,0.45212323064113247,-0.023876501808405948,,,,-0.025456557830658588,33.53,33.53,0.05040262451535926,0.05040262451535926,True,1,2026-08-27,创业板20%,25,20.012953367875653,2,0,1,1,1,1,6,True,,硬资格：最近25个交易日（含当日）至少一次按板块涨停价核验的实际涨停；通过后再按方向/非极端波动/不过热排序,217,True,,,424,1,入选：满足一级粗筛资格条件；本阶段不设置数量下限或上限
300839,博汇股份,12.64,-0.008627450980392082,-0.013270882123341154,-0.008627450980392082,0.21655437921077958,,,,0.07873376623376614,-0.10985915492957743,0.12733171127331713,0.6183358838613607,9729718.4,18169936.2,0.5354844559112982,,0.06710907160040824,,True,-0.029302899444787256,-0.001474926253687281,False,3,2,部分收敛/待确认,-0.10985915492957743,0.5979381443298971,-0.01806175956496392,,,,-0.04890895410082763,12.32,12.32,0.025974025974025983,0.025974025974025983,True,1,2026-08-21,创业板20%,25,20.019249278152063,2,0,1,1,1,1,6,True,,硬资格：最近25个交易日（含当日）至少一次按板块涨停价核验的实际涨停；通过后再按方向/非极端波动/不过热排序,217,True,,,424,1,入选：满足一级粗筛资格条件；本阶段不设置数量下限或上限
300903,科翔股份,112.85,0.008039303260384045,0.28005898366606163,0.2376617679315638,0.4317432123826441,,,,0.44480438574632425,-0.026819592963090666,0.1503571428571428,2.9583189550824427,29633814.4,23657485.5,1.252618939574115,,0.07027986060736448,,False,0.1546814044213265,0.07225854908544682,True,3,1,结构未成熟,-0.026819592963090666,0.9292538671519563,0.2328280759251673,,,,0.00044326241134751143,80.26,80.26,0.40605532020931956,0.40605532020931956,True,1,2026-09-14,创业板20%,25,19.999999999999996,2,2,0,0,1,1,6,True,近5日波动仍偏大,硬资格：最近25个交易日（含当日）至少一次按板块涨停价核验的实际涨停；通过后再按方向/非极端波动/不过热排序,217,True,,,424,1,入选：满足一级粗筛资格条件；本阶段不设置数量下限或上限
300929,华骐环保,15.66,0.01820546163849146,-0.009487666034155628,-0.061713600958657966,0.021526418786692814,,,,0.060465116279069774,-0.13766519823788548,0.15581098339719038,0.38806709874189843,2516188.6,5423299.8,0.46395897198971003,,0.04326168327336603,,True,-0.02408127430076512,-0.030890628823097788,False,3,2,部分收敛/待确认,-0.14050493962678368,0.4208144796380091,-0.04269951401412109,,,,-0.018796992481203034,15.05,15.05,0.04053156146179404,0.04053156146179404,True,1,2026-08-14,创业板20%,15,19.971469329529246,2,0,1,1,1,1,6,True,,硬资格：最近25个交易日（含当日）至少一次按板块涨停价核验的实际涨停；通过后再按方向/非极端波动/不过热排序,217,True,,,424,1,入选：满足一级粗筛资格条件；本阶段不设置数量下限或上限
301132,满坤科技,59.94,-0.033069849975802645,0.2503128911138923,0.5190065889508362,0.6421917808219177,,,,0.40798611111111105,-0.07614056720098639,0.3748967795210571,1.088262512236906,16253077.0,6357052.6,2.556700097148795,0.1435629720949409,0.06709945970235275,2.139554815072633,False,0.19006505994516942,0.15112591183000323,True,3,1,结构未成熟,-0.07614056720098639,0.8391403451644416,0.35644617438729087,,,,-0.04614894971355832,46.08,38.11,0.30078125,0.5728155339805825,True,1,2026-09-14,创业板20%,25,20.004111842105267,2,2,0,0,1,1,6,True,近5日波动仍偏大,硬资格：最近25个交易日（含当日）至少一次按板块涨停价核验的实际涨停；通过后再按方向/非极端波动/不过热排序,217,True,,,424,1,入选：满足一级粗筛资格条件；本阶段不设置数量下限或上限
301152,天力锂能,21.0,-0.02597402597402587,-0.011299435028248483,-0.06914893617021267,0.10178384050367262,,,,0.09700000000000006,-0.17582417582417587,0.1291843470061291,0.7508649635036506,4983534.0,8704205.6,0.5725432312858051,,0.14655523302501536,,True,-0.020716685330347095,-0.02363347697890661,False,3,2,部分收敛/待确认,-0.17582417582417587,0.3411764705882353,-0.04921447005025581,,,,-0.041095890410958846,20.0,20.0,0.050000000000000044,0.050000000000000044,True,1,2026-08-24,创业板20%,25,20.02058672156459,2,0,1,1,1,1,6,True,,硬资格：最近25个交易日（含当日）至少一次按板块涨停价核验的实际涨停；通过后再按方向/非极端波动/不过热排序,217,True,,,424,1,入选：满足一级粗筛资格条件；本阶段不设置数量下限或上限
301486,致尚科技,216.15,0.008444527386395562,0.11826788762998608,0.18842093688146044,0.2351428571428571,,,,0.29048947796767816,-0.026307491328438237,0.2186141960405601,1.3287768279868835,8228789.6,6966556.1,1.1811847176541075,0.11284860348099593,0.09553848927635887,1.1811847176541075,False,0.033378703132642906,0.04686928664596435,True,3,1,结构未成熟,-0.026307491328438237,0.905455722842804,0.18354697227713013,,,,0.08253618470476298,172.02,170.02,0.2565399372166026,0.27132102105634637,True,1,2026-09-16,创业板20%,25,19.997760609114312,2,2,0,1,1,0,6,True,近5日波动仍偏大,硬资格：最近25个交易日（含当日）至少一次按板块涨停价核验的实际涨停；通过后再按方向/非极端波动/不过热排序,217,True,,,424,1,入选：满足一级粗筛资格条件；本阶段不设置数量下限或上限
301520,万邦医药,75.03,0.09998533939305099,0.31125480601188404,0.31862917398945534,0.013918918918918832,,,,0.5104761904761904,-0.1305909617612978,0.45054945054945056,1.1330081300813006,14506896.8,11011511.7,1.3174300854622896,0.4436571123585303,0.33675951176023877,1.3174300854622896,False,0.08106503018905253,0.05181329863543849,True,3,1,结构未成熟,-0.15392422192151567,0.622719734660033,0.120779152880371,,,,0.049370629370629304,52.5,52.5,0.42914285714285727,0.42914285714285727,True,1,2026-09-14,创业板20%,25,19.999999999999996,2,2,0,0,1,1,6,True,近5日波动仍偏大,硬资格：最近25个交易日（含当日）至少一次按板块涨停价核验的实际涨停；通过后再按方向/非极端波动/不过热排序,217,True,,,424,1,入选：满足一级粗筛资格条件；本阶段不设置数量下限或上限
301591,肯特股份,43.72,-0.042487954445904474,-0.03636764381750057,-0.06119819626368905,0.3910276805599746,,,,0.16780487804878055,-0.27591917853593906,0.3673007246376813,0.4568596433189979,10956048.2,17980453.1,0.6093310407177669,,0.4022945402891633,,True,-0.01686190983315594,-0.03953086107243797,False,3,2,部分收敛/待确认,-0.27591917853593906,0.44318181818181807,-0.05852965243981234,,,,-0.0840142468049444,41.0,41.0,0.0663414634146342,0.0663414634146342,True,2,2026-08-27,创业板20%,25,20.012706480304953,2,0,1,1,1,1,6,True,,硬资格：最近25个交易日（含当日）至少一次按板块涨停价核验的实际涨停；通过后再按方向/非极端波动/不过热排序,217,True,,,424,1,入选：满足一级粗筛资格条件；本阶段不设置数量下限或上限
600088,中视传媒,16.2,0.07641196013289031,0.3300492610837438,0.30856219709208377,0.41484716157205237,,,,0.3765586034912718,-0.021739130434782594,0.16885389326334208,2.2300854082410555,48611017.4,12608955.5,3.855277100470376,0.07831690915710679,0.031704180521107975,2.470239188329282,False,0.11863636363636365,0.07003525264394828,True,3,1,结构未成熟,-0.021739130434782594,0.9325842696629214,0.2747373804933706,,,,0.031190324633991073,12.03,12.03,0.3466334164588529,0.3466334164588529,True,2,2026-09-14,沪深主板10%,25,10.016420361247945,2,2,0,0,1,1,6,True,近5日波动仍偏大,硬资格：最近25个交易日（含当日）至少一次按板块涨停价核验的实际涨停；通过后再按方向/非极端波动/不过热排序,217,True,,,424,1,入选：满足一级粗筛资格条件；本阶段不设置数量下限或上限
600095,湘财股份,8.61,0.009378663540445586,-0.057986870897155485,-0.08985200845665975,0.11384217335058211,,,,0.10787878787878795,-0.17291066282420753,0.15666666666666668,0.6885880077369443,48536254.4,107586971.0,0.45113505798020836,,0.03963647774120066,,True,-0.05128205128205132,-0.03624118024374601,False,3,2,部分收敛/待确认,-0.17291066282420753,0.34782608695652145,-0.04226918798665191,,,,-0.057986870897155485,8.25,8.25,0.04363636363636347,0.04363636363636347,True,2,2026-08-27,沪深主板10%,25,10.034602076124566,2,0,1,1,1,1,6,True,,硬资格：最近25个交易日（含当日）至少一次按板块涨停价核验的实际涨停；通过后再按方向/非极端波动/不过热排序,217,True,,,424,1,入选：满足一级粗筛资格条件；本阶段不设置数量下限或上限
600103,青山纸业,3.55,-0.03794037940379402,-0.05585106382978722,-0.03794037940379402,0.2369337979094075,,,,0.14634146341463414,-0.15476190476190488,0.21739130434782608,0.673170731707317,243347487.2,522604208.4,0.4656439486873447,,0.24978069106472395,,True,-0.06095638465580677,-0.03185378590078325,False,3,2,部分收敛/待确认,-0.15476190476190488,0.5390070921985813,-0.023786608002200005,,,,-0.05585106382978722,3.28,3.28,0.08231707317073167,0.08231707317073167,True,6,2026-09-16,沪深主板10%,25,10.158730158730167,2,0,1,1,1,1,6,True,,硬资格：最近25个交易日（含当日）至少一次按板块涨停价核验的实际涨停；通过后再按方向/非极端波动/不过热排序,217,True,,,424,1,入选：满足一级粗筛资格条件；本阶段不设置数量下限或上限
600108,亚盛集团,4.23,0.06818181818181834,-0.19428571428571417,0.06818181818181834,0.2404692082111437,,,,0.3766233766233765,-0.29499999999999993,0.680672268907563,0.5533108866442198,385416709.8,291293639.4,1.3231209256538268,,0.1496180476786178,,False,-0.16329766151407055,0.013952474384129276,False,3,1,结构未成熟,-0.29499999999999993,0.39590443686006843,0.023469634647955484,,,,-0.20188679245283003,3.85,3.82,0.09870129870129873,0.10732984293193737,True,6,2026-09-08,沪深主板10%,25,10.1010101010101,2,2,0,1,1,0,6,True,近5日波动仍偏大,硬资格：最近25个交易日（含当日）至少一次按板块涨停价核验的实际涨停；通过后再按方向/非极端波动/不过热排序,217,True,,,424,1,入选：满足一级粗筛资格条件；本阶段不设置数量下限或上限
600121,郑州煤电,5.07,0.04106776180698146,-0.09139784946236551,-0.10896309314586994,0.2770780856423174,,,,0.23982869379014993,-0.18879999999999997,0.46713615023474186,0.5134021284150947,177434477.2,229856209.3,0.771936845823551,,0.18865228028878023,,True,-0.06480783722682748,-0.03113795055670887,False,3,2,部分收敛/待确认,-0.18879999999999997,0.516393442622951,0.037340153452685376,,,,-0.12435233160621761,4.67,4.67,0.08565310492505351,0.08565310492505351,True,3,2026-09-09,沪深主板10%,25,10.089686098654704,2,2,0,1,1,0,6,True,近5日波动仍偏大,硬资格：最近25个交易日（含当日）至少一次按板块涨停价核验的实际涨停；通过后再按方向/非极端波动/不过热排序,217,True,,,424,1,入选：满足一级粗筛资格条件；本阶段不设置数量下限或上限
600162,香江控股,4.53,-0.03821656050955413,-0.08299595141700411,-0.048319327731092376,0.0811455847255369,,,,0.12528473804100246,-0.23220338983050848,0.26881720430107525,0.46605922551252915,102593147.2,220945556.2,0.46433677583057004,,0.07097359853616067,,True,-0.0772308923569428,-0.015256305939788661,False,3,2,部分收敛/待确认,-0.23220338983050848,0.2938144329896908,-0.047118216238956734,,,,-0.08299595141700411,4.39,4.39,0.031890660592255315,0.031890660592255315,True,3,2026-09-08,沪深主板10%,25,10.061601642710482,2,0,1,1,1,1,6,True,,硬资格：最近25个交易日（含当日）至少一次按板块涨停价核验的实际涨停；通过后再按方向/非极端波动/不过热排序,217,True,,,424,1,入选：满足一级粗筛资格条件；本阶段不设置数量下限或上限
600184,光电股份,22.1,0.03902209685002367,0.21696035242290757,0.2339475153545505,0.2708453133985049,,,,0.27134831460674147,-0.02342023862129905,0.07897727272727255,3.4357772209198996,62782943.0,15484135.0,4.054662594972209,0.0798696192574193,0.026571829629283884,3.0058005177557585,False,0.11185658874095816,0.06161981330599464,True,3,1,结构未成熟,-0.02342023862129905,0.9086206896551728,0.176032354193274,,,,0.011904761904762085,17.8,17.6,0.2415730337078652,0.2556818181818181,True,1,2026-09-11,沪深主板10%,25,10.022026431718057,2,2,0,0,1,1,6,True,近5日波动仍偏大,硬资格：最近25个交易日（含当日）至少一次按板块涨停价核验的实际涨停；通过后再按方向/非极端波动/不过热排序,217,True,,,424,1,入选：满足一级粗筛资格条件；本阶段不设置数量下限或上限
600192,长城电工,7.58,-0.02695763799743256,-0.1267281105990783,0.049861495844875314,0.11306901615271658,,,,0.18307905686546455,-0.1267281105990783,0.25072046109510077,0.7302118704863934,36815226.6,15360297.3,2.396778257670833,,0.0347716283944692,,False,-0.016520650813516946,0.017202889034799718,False,3,1,结构未成熟,-0.1267281105990783,0.5175438596491229,0.020669225072375896,,,,-0.11137162954279012,7.21,7.1,0.05131761442441052,0.06760563380281703,True,2,2026-09-10,沪深主板10%,25,10.041841004184104,2,2,0,1,1,0,6,True,近5日波动仍偏大,硬资格：最近25个交易日（含当日）至少一次按板块涨停价核验的实际涨停；通过后再按方向/非极端波动/不过热排序,217,True,,,424,1,入选：满足一级粗筛资格条件；本阶段不设置数量下限或上限
600359,新农开发,7.8,0.029023746701847042,-0.1908713692946059,0.0893854748603351,0.17647058823529416,,,,0.4950634696755994,-0.26415094339622636,0.3870503597122303,1.2790673287157677,79786869.6,46212608.2,1.726517344675646,,0.12293881238381449,,False,-0.06915012268570142,0.013730255164033922,False,3,0,结构未成熟,-0.26415094339622636,0.3899782135076253,0.00912090044634195,,,,-0.1908713692946059,7.09,6.95,0.10014104372355437,0.1223021582733812,True,4,2026-09-10,沪深主板10%,25,10.050251256281406,2,2,0,1,1,0,6,True,近5日波动仍偏大,硬资格：最近25个交易日（含当日）至少一次按板块涨停价核验的实际涨停；通过后再按方向/非极端波动/不过热排序,217,True,,,424,1,入选：满足一级粗筛资格条件；本阶段不设置数量下限或上限
600367,红星发展,36.24,-0.0035743744844650704,0.03277286976346527,-0.05943420711134184,0.010596765197992353,,,,0.14489671931956244,-0.1691884456671251,0.2769320843091335,0.5232211344562635,29947517.4,39243507.8,0.7631202988434179,,0.12188439905532251,,True,0.01432893760347076,-0.018744635490212325,False,3,2,部分收敛/待确认,-0.1691884456671251,0.31666666666666693,-0.024403375822755646,,,,0.009752020061298383,32.92,32.92,0.10085054678007288,0.10085054678007288,True,2,2026-08-24,沪深主板10%,15,10.014388489208613,2,0,1,1,1,1,6,True,,硬资格：最近25个交易日（含当日）至少一次按板块涨停价核验的实际涨停；通过后再按方向/非极端波动/不过热排序,217,True,,,424,1,入选：满足一级粗筛资格条件；本阶段不设置数量下限或上限
600378,昊华科技,47.19,-0.02580511973575561,-0.021360431356283738,-0.029611351017890253,0.05949708127525821,,,,0.13118527042577666,-0.13650503202195796,0.20374449339207049,0.6438714894411092,53963415.2,82153179.5,0.6568633804367852,,0.0765950331178091,,True,0.0024039493453531513,-0.011324335723323586,False,3,2,部分收敛/待确认,-0.13650503202195796,0.40981012658227844,-0.006913097004324742,,,,-0.027010309278350575,43.45,43.45,0.0860759493670884,0.0860759493670884,True,2,2026-08-28,沪深主板10%,25,10.011350737797976,2,0,1,1,1,1,6,True,,硬资格：最近25个交易日（含当日）至少一次按板块涨停价核验的实际涨停；通过后再按方向/非极端波动/不过热排序,217,True,,,424,1,入选：满足一级粗筛资格条件；本阶段不设置数量下限或上限
600397,江钨装备,16.7,-0.026806526806526842,-0.016489988221437102,-0.06651760760201242,0.01273499090357788,,,,0.13269230769230783,-0.14665304036791016,0.18606060606060607,0.7131671260335762,61087181.2,88426736.7,0.6908225213291175,,0.08932355573980719,,True,-0.010677423181872148,-0.02350907519446832,False,3,2,部分收敛/待确认,-0.16500000000000004,0.2499999999999999,-0.053824362606232246,,,,-0.05489530277306187,15.6,15.6,0.07051282051282048,0.07051282051282048,True,2,2026-08-27,沪深主板10%,25,10.006064281382665,2,0,1,1,1,1,6,True,,硬资格：最近25个交易日（含当日）至少一次按板块涨停价核验的实际涨停；通过后再按方向/非极端波动/不过热排序,217,True,,,424,1,入选：满足一级粗筛资格条件；本阶段不设置数量下限或上限
600508,上海能源,10.45,-0.02336448598130836,-0.07766990291262144,-0.03952205882352955,0.18749999999999978,,,,0.09414024975984635,-0.19491525423728817,0.21082089552238803,0.44654136169272257,20067145.4,67363002.3,0.29789565065154466,,0.06996505311057456,,True,-0.04722024233784761,-0.021777620396600472,False,3,2,部分收敛/待确认,-0.19491525423728817,0.4463894967177241,-0.05715703523255289,,,,-0.08252853380158043,10.41,10.41,0.003842459173871271,0.003842459173871271,True,2,2026-08-25,沪深主板10%,25,10.022271714922049,2,0,1,1,1,1,6,True,,硬资格：最近25个交易日（含当日）至少一次按板块涨停价核验的实际涨停；通过后再按方向/非极端波动/不过热排序,217,True,,,424,1,入选：满足一级粗筛资格条件；本阶段不设置数量下限或上限
600551,时代出版,7.56,0.014765100671140896,0.0,-0.05025125628140703,0.08309455587392534,,,,0.05532503457814653,-0.2042105263157895,0.3342696629213483,0.1655101874774804,21886726.4,64524482.0,0.3392003425924442,,0.09923123157882482,,True,-0.0310961388960872,-0.041143567433188255,False,3,2,部分收敛/待确认,-0.2042105263157895,0.29197080291970795,-0.011053698737654494,,,,-0.00917431192660556,7.23,7.23,0.04564315352697079,0.04564315352697079,True,3,2026-09-01,沪深主板10%,25,10.060606060606059,2,0,1,1,1,1,6,True,,硬资格：最近25个交易日（含当日）至少一次按板块涨停价核验的实际涨停；通过后再按方向/非极端波动/不过热排序,217,True,,,424,1,入选：满足一级粗筛资格条件；本阶段不设置数量下限或上限
600641,先导基电,36.8,0.1001494768310911,0.22462562396006636,0.16862496030485863,0.12058465286236286,,,,0.30960854092526674,-0.01366925757169668,0.27207637231503595,1.1379471811200588,61213848.2,53497381.5,1.1442400821057008,,0.05748512953462742,,False,0.07007625558769393,0.015799166424347977,True,3,1,结构未成熟,-0.03157894736842115,0.8787878787878785,0.1469534050179213,,,,0.14641744548286595,28.1,28.1,0.3096085409252667,0.3096085409252667,True,2,2026-09-17,沪深主板10%,25,10.01494768310911,2,2,0,1,1,0,6,True,近5日波动仍偏大,硬资格：最近25个交易日（含当日）至少一次按板块涨停价核验的实际涨停；通过后再按方向/非极端波动/不过热排序,217,True,,,424,1,入选：满足一级粗筛资格条件；本阶段不设置数量下限或上限
600667,太极实业,20.57,0.01680672268907557,0.029529529529529475,0.14404894327030027,-0.030174446016030254,,,,0.1631403118040089,-0.06287015945330288,0.19812426729191107,0.8234241773302927,288319255.0,171932406.8,1.6769337460353633,,0.08220365269631195,,False,0.031381634372367406,0.026937848217666538,True,3,2,部分收敛/待确认,-0.17323151125401925,0.4488491048593352,0.06884905170174083,,,,0.029529529529529475,17.96,17.06,0.14532293986636957,0.20574443141852305,True,1,2026-09-10,沪深主板10%,25,10.022026431718057,0,2,1,1,1,1,6,True,20日方向仍偏弱,硬资格：最近25个交易日（含当日）至少一次按板块涨停价核验的实际涨停；通过后再按方向/非极端波动/不过热排序,217,True,,,424,1,入选：满足一级粗筛资格条件；本阶段不设置数量下限或上限
600792,云煤能源,5.34,0.10103092783505163,-0.012939001848428888,0.31851851851851865,0.48333333333333317,,,,0.31346578366445915,-0.10252100840336142,0.4051948051948052,0.773617478915492,186174995.6,78493671.9,2.37184719600307,,0.06283286575360278,,False,0.027320208919244804,0.05929978118161938,True,3,2,部分收敛/待确认,-0.10252100840336142,0.7499999999999999,0.21198365864729896,,,,-0.016574585635359074,4.53,3.88,0.17880794701986735,0.37628865979381443,True,5,2026-09-17,沪深主板10%,25,10.103092783505163,2,2,0,0,1,1,6,True,近5日波动仍偏大,硬资格：最近25个交易日（含当日）至少一次按板块涨停价核验的实际涨停；通过后再按方向/非极端波动/不过热排序,217,True,,,424,1,入选：满足一级粗筛资格条件；本阶段不设置数量下限或上限
600869,远东股份,21.3,-0.025617566331198494,-0.11618257261410792,0.01187648456057011,0.2831325301204819,,,,0.2044381491973561,-0.20164917541229377,0.5081967213114753,0.40228151938834594,284262613.6,295484721.8,0.9620213588992405,,0.13314004379545347,,True,-0.0544481054365733,0.030663780663780837,False,3,2,部分收敛/待确认,-0.20164917541229377,0.5333911535125759,0.04125928822839264,,,,-0.16503332026656214,21.18,20.01,0.0056657223796034994,0.0644677661169415,True,2,2026-09-09,沪深主板10%,25,10.017652250661957,2,2,0,1,1,0,6,True,近5日波动仍偏大,硬资格：最近25个交易日（含当日）至少一次按板块涨停价核验的实际涨停；通过后再按方向/非极端波动/不过热排序,217,True,,,424,1,入选：满足一级粗筛资格条件；本阶段不设置数量下限或上限
600876,凯盛新能,8.36,-0.02336448598130858,0.05689001264222493,0.18246110325318243,0.18918918918918903,,,,0.20172201722017202,-0.14431934493346987,0.13000000000000003,1.5517078247705536,32036466.6,3263794.6,9.81571162597058,,0.00824867607304226,,False,0.08844542990884463,0.05727391874180876,True,3,1,结构未成熟,-0.14431934493346987,0.5121107266435985,0.100072373182446,,,,-0.12643678160919547,8.13,7.01,0.028290282902828867,0.1925820256776034,True,3,2026-09-14,沪深主板10%,25,10.01390820584145,2,2,0,1,1,0,6,True,近5日波动仍偏大,硬资格：最近25个交易日（含当日）至少一次按板块涨停价核验的实际涨停；通过后再按方向/非极端波动/不过热排序,217,True,,,424,1,入选：满足一级粗筛资格条件；本阶段不设置数量下限或上限
600967,内蒙一机,13.27,-0.014847809948032697,-0.02569750367107193,-0.02138643067846613,0.22756706753006473,,,,0.19954128440366967,-0.15423836838750793,0.38868613138686126,0.5133738209070938,122521025.4,104581066.5,1.1715411737553854,,0.06126965348843432,,False,-0.02471562982727149,0.007279609812913979,False,3,1,结构未成熟,-0.15423836838750793,0.5226824457593688,0.041805691854759575,,,,-0.1141522029372497,13.08,12.95,0.014525993883792054,0.02471042471042484,True,3,2026-09-11,沪深主板10%,25,10.018050541516232,2,2,0,1,1,0,6,True,近5日波动仍偏大,硬资格：最近25个交易日（含当日）至少一次按板块涨停价核验的实际涨停；通过后再按方向/非极端波动/不过热排序,217,True,,,424,1,入选：满足一级粗筛资格条件；本阶段不设置数量下限或上限
600969,郴电国际,9.89,0.0030425963488844854,-0.0774253731343284,-0.07570093457943916,0.15133876600698493,,,,0.13897596656217345,-0.14520311149524634,0.19648397104446746,0.7073145245559037,17352063.0,31537747.2,0.5501998253064823,,0.08128618433895318,,True,-0.055365946150929046,-0.010297372726397747,False,3,2,部分收敛/待确认,-0.14520311149524634,0.47500000000000026,-0.007476541723116958,,,,-0.09266055045871557,9.57,9.57,0.03343782654127492,0.03343782654127492,True,3,2026-09-03,沪深主板10%,25,9.999999999999986,2,0,1,1,1,1,6,True,,硬资格：最近25个交易日（含当日）至少一次按板块涨停价核验的实际涨停；通过后再按方向/非极端波动/不过热排序,217,True,,,424,1,入选：满足一级粗筛资格条件；本阶段不设置数量下限或上限
601015,陕西黑猫,3.69,0.016528925619834656,-0.06818181818181823,-0.021220159151193685,0.02499999999999991,,,,0.15517241379310334,-0.12142857142857144,0.19318181818181823,0.8032454361054759,88339728.2,107491112.8,0.8218328557484244,,0.05262728864285356,,True,-0.047349459598559074,-0.008928571428571397,False,3,2,部分收敛/待确认,-0.12142857142857144,0.4395604395604394,-0.015080742025890825,,,,-0.08208955223880587,3.48,3.48,0.06034482758620685,0.06034482758620685,True,1,2026-08-19,沪深主板10%,12,10.089020771513347,2,0,1,1,1,1,6,True,,硬资格：最近25个交易日（含当日）至少一次按板块涨停价核验的实际涨停；通过后再按方向/非极端波动/不过热排序,217,True,,,424,1,入选：满足一级粗筛资格条件；本阶段不设置数量下限或上限
601086,国芳集团,14.6,0.0020590253946464188,-0.03375248180013235,0.19574119574119564,0.9109947643979057,,,,0.35671191553544485,-0.18843802112284602,0.9585492227979274,0.37213729566670734,87277236.6,62346811.8,1.3998668749891072,0.1661278896396396,0.09361383153153148,1.7746083770076602,False,0.005297679112008069,0.08588868940754035,True,3,2,部分收敛/待确认,-0.18843802112284602,0.6813909774436091,0.21793534932221048,,,,-0.18298824846110806,13.26,10.99,0.10105580693815996,0.3284804367606915,True,7,2026-09-14,沪深主板10%,25,10.039525691699591,2,2,0,1,1,0,6,True,近5日波动仍偏大,硬资格：最近25个交易日（含当日）至少一次按板块涨停价核验的实际涨停；通过后再按方向/非极端波动/不过热排序,217,True,,,424,1,入选：满足一级粗筛资格条件；本阶段不设置数量下限或上限
601609,金田股份,13.02,-0.015128593040847238,-0.017358490566037776,-0.05720492396813914,0.011655011655011593,,,,0.07062600321027279,-0.07132667617689015,0.11624203821656043,0.6075771235075527,33535644.4,48702393.4,0.6885830871712354,,0.03036180358518447,,True,-0.012910085054678166,-0.01253565530701084,False,3,2,部分收敛/待确认,-0.07132667617689015,0.7549019607843137,-0.018617622672797318,,,,-0.021788129226145814,12.46,12.46,0.04494382022471899,0.04494382022471899,True,1,2026-08-14,沪深主板10%,12,10.050251256281406,2,0,1,1,1,1,6,True,,硬资格：最近25个交易日（含当日）至少一次按板块涨停价核验的实际涨停；通过后再按方向/非极端波动/不过热排序,217,True,,,424,1,入选：满足一级粗筛资格条件；本阶段不设置数量下限或上限
603002,宏昌电子,19.22,-0.008255933952528438,0.14336704342653195,0.20956576463184384,0.17769607843137236,,,,0.2922490470139771,-0.05506391347099315,0.2339572192513369,1.2491559266654564,118859647.0,78770019.5,1.5089452529588367,,0.071104216270294,,False,0.090443487370504,0.04954954954954971,True,3,1,结构未成熟,-0.05506391347099315,0.7944954128440365,0.1335889118254201,,,,-0.013347022587269053,15.74,14.96,0.22109275730622602,0.28475935828876997,True,2,2026-08-27,沪深主板10%,25,10.01951854261549,2,2,0,0,1,1,6,True,近5日波动仍偏大,硬资格：最近25个交易日（含当日）至少一次按板块涨停价核验的实际涨停；通过后再按方向/非极端波动/不过热排序,217,True,,,424,1,入选：满足一级粗筛资格条件；本阶段不设置数量下限或上限
603042,华脉科技,17.69,0.030885780885780978,0.05297619047619051,0.23361227336122736,0.28748180494905395,,,,0.22523117569352707,-0.052490626673808216,0.35683139534883734,0.6311977551003933,48808419.6,12470490.8,3.9139132839903943,,0.0358816869048151,,False,-0.02336229161775083,0.04646298174442198,False,3,1,结构未成熟,-0.052490626673808216,0.8237410071942446,0.15552942713436546,,,,-0.022651933701657412,15.14,13.91,0.1684280052840159,0.27174694464414095,True,1,2026-09-16,沪深主板10%,13,10.000000000000009,2,2,0,0,1,1,6,True,近5日波动仍偏大,硬资格：最近25个交易日（含当日）至少一次按板块涨停价核验的实际涨停；通过后再按方向/非极端波动/不过热排序,217,True,,,424,1,入选：满足一级粗筛资格条件；本阶段不设置数量下限或上限
603093,南华期货,12.64,0.0023790642347343294,-0.06853352984524685,-0.0453172205438066,0.12156166814551916,,,,0.12876254180601998,-0.116701607267645,0.11709601873536299,1.0996321070234107,21534443.0,26638257.2,0.8084028485166815,,0.032252587188431873,,True,-0.04347826086956519,-0.024715693707354047,False,3,1,结构未成熟,-0.116701607267645,0.48615384615384616,-0.011496050676468306,,,,-0.0637037037037037,11.96,11.96,0.05685618729096986,0.05685618729096986,True,1,2026-08-27,沪深主板10%,25,10.008136696501225,2,0,1,1,1,1,6,True,,硬资格：最近25个交易日（含当日）至少一次按板块涨停价核验的实际涨停；通过后再按方向/非极端波动/不过热排序,217,True,,,424,1,入选：满足一级粗筛资格条件；本阶段不设置数量下限或上限
603095,越剑智能,14.33,0.006320224719101208,0.01272084805653706,-0.060327868852459,0.03316510454217747,,,,0.06642066420664196,-0.19403824521934765,0.2305516265912304,0.2880945373870914,4312870.6,10310684.9,0.4182913784902882,,0.039922239663111175,,True,-0.01773098767142267,-0.031160338960432243,False,3,2,部分收敛/待确认,-0.19403824521934765,0.1901408450704226,-0.06208070163955881,,,,-0.006930006930006893,13.55,13.55,0.057564575645756344,0.057564575645756344,True,4,2026-08-25,沪深主板10%,15,10.021629416005773,2,0,1,1,1,1,6,True,,硬资格：最近25个交易日（含当日）至少一次按板块涨停价核验的实际涨停；通过后再按方向/非极端波动/不过热排序,217,True,,,424,1,入选：满足一级粗筛资格条件；本阶段不设置数量下限或上限
603105,芯能科技,7.91,-0.025862068965517127,-0.056085918854415384,-0.02224969097651419,0.1316165951359085,,,,0.20052083333333345,-0.14208242950108463,0.11733333333333344,1.7089843749999993,42893684.2,20075982.4,2.136567135065829,,0.04015105136358142,,False,0.0073475385745773725,0.004610017443309022,True,3,1,结构未成熟,-0.14208242950108463,0.44725738396624476,0.001519371992909635,,,,-0.10822998872604273,7.68,7.58,0.02994791666666674,0.04353562005277056,True,2,2026-09-10,沪深主板10%,25,9.973753280839915,2,2,0,1,1,0,6,True,近5日波动仍偏大,硬资格：最近25个交易日（含当日）至少一次按板块涨停价核验的实际涨停；通过后再按方向/非极端波动/不过热排序,217,True,,,424,1,入选：满足一级粗筛资格条件；本阶段不设置数量下限或上限
603151,邦基科技,16.67,-0.008328375966686341,-0.09402173913043466,0.011529126213592367,0.05975842339478721,,,,0.12995729103111647,-0.18284313725490187,0.29853596435391455,0.43531536078866545,4053755.0,6416779.3,0.6317429368343711,,0.03746328740122998,,True,-0.06723875733217466,0.0005018120992472674,False,3,2,部分收敛/待确认,-0.18284313725490187,0.34561403508771976,-0.021455196501423357,,,,-0.0998920086393087,16.39,16.29,0.017083587553386348,0.023327194597912992,True,1,2026-09-04,沪深主板10%,25,10.012135922330078,2,0,1,1,1,1,6,True,,硬资格：最近25个交易日（含当日）至少一次按板块涨停价核验的实际涨停；通过后再按方向/非极端波动/不过热排序,217,True,,,424,1,入选：满足一级粗筛资格条件；本阶段不设置数量下限或上限
603155,新亚强,14.94,-0.029870129870129936,0.11326378539493298,0.0641025641025641,0.09933774834437092,,,,0.24357976653696506,-0.06508135168961204,0.0794602698650675,3.0654283826444457,17240498.4,8011127.5,2.152068906655149,0.03765198195919432,0.01749571393497564,2.1520689066551513,False,0.04894277687416815,0.019132092068611772,True,3,1,结构未成熟,-0.06508135168961204,0.667731629392971,0.07870036101083033,,,,0.061833688699360234,12.85,12.85,0.16264591439688725,0.16264591439688725,True,1,2026-09-16,沪深主板10%,25,10.000000000000009,2,2,0,1,1,0,6,True,近5日波动仍偏大,硬资格：最近25个交易日（含当日）至少一次按板块涨停价核验的实际涨停；通过后再按方向/非极端波动/不过热排序,217,True,,,424,1,入选：满足一级粗筛资格条件；本阶段不设置数量下限或上限
603162,海通发展,14.08,0.06505295007564293,-0.09278350515463918,0.05785123966942152,0.1912013536379018,,,,0.2298136645962732,-0.17030053034767234,0.45665236051502134,0.5032573670200345,86254742.8,72980242.2,1.1818917038343288,,0.1727603995390792,,False,-0.05722891566265065,0.021634787592234472,False,3,1,结构未成熟,-0.17030053034767234,0.5215231788079472,0.05880583546397933,,,,-0.11111111111111105,12.88,12.88,0.09316770186335388,0.09316770186335388,True,3,2026-09-09,沪深主板10%,25,10.000000000000009,2,2,0,1,1,0,6,True,近5日波动仍偏大,硬资格：最近25个交易日（含当日）至少一次按板块涨停价核验的实际涨停；通过后再按方向/非极端波动/不过热排序,217,True,,,424,1,入选：满足一级粗筛资格条件；本阶段不设置数量下限或上限
603186,华正新材,230.0,-0.09445253750147642,0.05509427037937509,0.27522732313151455,0.4024390243902438,,,,0.2704523580365736,-0.12878787878787878,0.333134328358209,0.8118417557549474,22020269.2,22108112.3,0.9960266575993464,,0.13364414130487876,,True,0.10445023024822353,0.10309718543972113,True,3,3,收敛较充分,-0.12878787878787878,0.6980461811722913,0.16752158011355434,,,,-0.08574154310927373,207.8,167.5,0.10683349374398454,0.3731343283582089,True,5,2026-09-15,沪深主板10%,25,10.002984183825724,2,2,0,0,1,1,6,True,近5日波动仍偏大,硬资格：最近25个交易日（含当日）至少一次按板块涨停价核验的实际涨停；通过后再按方向/非极端波动/不过热排序,217,True,,,424,1,入选：满足一级粗筛资格条件；本阶段不设置数量下限或上限
603236,移远通信,73.66,0.056208775451677795,0.21511052457934676,0.17724148953172447,0.2406939531750043,,,,0.2915725456125109,-0.009013857123637892,0.19420289855072462,1.5013810184524816,21939052.4,14477143.3,1.5154269005543377,,0.04125599411143409,,False,0.08667889187242106,0.03468758575048847,True,3,1,结构未成熟,-0.009013857123637892,0.9668152550767706,0.19916647673623533,,,,0.09973126306360092,57.55,57.55,0.27993049522154645,0.27993049522154645,True,1,2026-08-31,沪深主板10%,25,9.99286224125624,2,2,0,1,1,0,6,True,近5日波动仍偏大,硬资格：最近25个交易日（含当日）至少一次按板块涨停价核验的实际涨停；通过后再按方向/非极端波动/不过热排序,217,True,,,424,1,入选：满足一级粗筛资格条件；本阶段不设置数量下限或上限
603328,依顿电子,13.5,-0.05660377358490565,0.12687813021702832,0.26050420168067223,0.21621621621621623,,,,0.22203245089666945,-0.05660377358490565,0.1844380403458213,1.2038321947053798,91307144.0,22126343.3,4.126626020486629,,0.02216085637394732,,False,0.09356153219233909,0.07238210818307889,True,3,1,结构未成熟,-0.05660377358490565,0.7964824120603015,0.1603420860372169,,,,-0.010989010989011061,11.71,10.41,0.15286080273270697,0.2968299711815561,True,2,2026-09-16,沪深主板10%,25,9.999999999999986,2,2,0,0,1,1,6,True,近5日波动仍偏大,硬资格：最近25个交易日（含当日）至少一次按板块涨停价核验的实际涨停；通过后再按方向/非极端波动/不过热排序,217,True,,,424,1,入选：满足一级粗筛资格条件；本阶段不设置数量下限或上限
603386,骏亚科技,17.61,-0.0647902283590015,0.17713903743315496,0.2507102272727273,0.2872807017543859,,,,0.2876526458616011,-0.07218124341412013,0.11030478955007267,2.607798328929513,41955117.2,5683006.3,7.382556869592069,0.13458344814815537,0.01741530312829118,7.727884330047888,False,0.13729508196721296,0.08559134001210245,True,3,1,结构未成熟,-0.07218124341412013,0.7625649913344885,0.16777188328912485,,,,-0.06973058637083995,14.74,13.78,0.19470827679782898,0.27793904208998543,True,1,2026-09-11,沪深主板10%,25,10.026737967914446,2,2,0,0,1,1,6,True,近5日波动仍偏大,硬资格：最近25个交易日（含当日）至少一次按板块涨停价核验的实际涨停；通过后再按方向/非极端波动/不过热排序,217,True,,,424,1,入选：满足一级粗筛资格条件；本阶段不设置数量下限或上限
603396,金辰股份,26.94,0.010881801125703694,-0.023913043478260843,-0.08054607508532419,0.0544031311154598,,,,0.06751543209876543,-0.16387337057728113,0.16739130434782598,0.4033389450056119,3690945.4,7758419.4,0.47573419400348477,,0.06363812012598886,,True,-0.03906587862188282,-0.03315496799916051,False,3,2,部分收敛/待确认,-0.16387337057728113,0.2605042016806727,-0.04286500985913,,,,-0.026382363570654155,25.92,25.92,0.03935185185185186,0.03935185185185186,True,2,2026-08-28,沪深主板10%,25,10.01934235976789,2,0,1,1,1,1,6,True,,硬资格：最近25个交易日（含当日）至少一次按板块涨停价核验的实际涨停；通过后再按方向/非极端波动/不过热排序,217,True,,,424,1,入选：满足一级粗筛资格条件；本阶段不设置数量下限或上限
603421,鼎信通讯,7.01,-0.03708791208791218,-0.0384087791495199,0.1881355932203388,0.19829059829059825,,,,0.21515151515151515,-0.12593516209476308,0.2525773195876288,0.8518243661100806,83867487.8,13654183.1,6.142255980147212,,0.020935881264301272,,False,0.05413025091626733,0.058994790070487024,True,3,2,部分收敛/待确认,-0.12593516209476308,0.5774058577405858,0.09045656062845153,,,,-0.12375000000000003,6.6,5.82,0.062121212121212244,0.20446735395188997,True,3,2026-09-11,沪深主板10%,25,10.013717421124824,2,2,0,1,1,0,6,True,近5日波动仍偏大,硬资格：最近25个交易日（含当日）至少一次按板块涨停价核验的实际涨停；通过后再按方向/非极端波动/不过热排序,217,True,,,424,1,入选：满足一级粗筛资格条件；本阶段不设置数量下限或上限
603439,三力制药,13.19,-0.06453900709219862,0.15701754385964906,0.07937806873977071,0.02089783281733748,,,,0.3904674610449129,-0.13052076466710616,0.1394736842105263,2.7995780225861684,43025382.4,8597093.3,5.0046429529850505,0.0663758918453034,0.02128835356011195,3.1179438869181553,False,0.09608540925266884,0.042177976432344444,True,3,1,结构未成熟,-0.13052076466710616,0.5352112676056336,0.05317789843500487,,,,-0.11713520749665329,10.91,10.91,0.2089825847846012,0.2089825847846012,True,2,2026-09-14,沪深主板10%,25,9.999999999999986,2,2,0,1,1,0,6,True,近5日波动仍偏大,硬资格：最近25个交易日（含当日）至少一次按板块涨停价核验的实际涨停；通过后再按方向/非极端波动/不过热排序,217,True,,,424,1,入选：满足一级粗筛资格条件；本阶段不设置数量下限或上限
603657,春光科技,34.95,0.019544924154025756,0.20725388601036276,0.360981308411215,0.2820983125458547,,,,0.29365079365079366,-0.02537646402677063,0.26569217540842643,1.1052293625109162,8150034.8,3641346.4,2.2381926641200627,0.059315987628773936,0.02693501777682598,2.202188545789916,False,0.13246516838199285,0.09619579282043689,True,3,1,结构未成熟,-0.02537646402677063,0.927777777777778,0.2786273505524255,,,,0.042039355992844474,27.72,24.95,0.26082251082251107,0.400801603206413,True,2,2026-09-14,沪深主板10%,25,10.018832391713751,2,2,0,0,1,1,6,True,近5日波动仍偏大,硬资格：最近25个交易日（含当日）至少一次按板块涨停价核验的实际涨停；通过后再按方向/非极端波动/不过热排序,217,True,,,424,1,入选：满足一级粗筛资格条件；本阶段不设置数量下限或上限
603721,中广天择,18.57,0.010337323177366686,0.021452145214521545,-0.1020309477756286,0.0765217391304347,,,,0.06958473625140282,-0.19645175248810032,0.33893395133256066,0.20530470900841255,7724639.8,15211323.6,0.5078216730594043,,0.1170101815384615,,True,-0.02621245887721535,-0.03991965854883239,False,3,2,部分收敛/待确认,-0.19645175248810032,0.25695581014729957,-0.021550134359028306,,,,-0.003755364806867001,17.82,17.82,0.042087542087542174,0.042087542087542174,True,3,2026-09-01,沪深主板10%,25,10.02304147465438,2,0,1,1,1,1,6,True,,硬资格：最近25个交易日（含当日）至少一次按板块涨停价核验的实际涨停；通过后再按方向/非极端波动/不过热排序,217,True,,,424,1,入选：满足一级粗筛资格条件；本阶段不设置数量下限或上限
603900,莱绅通灵,6.69,-0.05774647887323936,-0.08606557377049173,-0.021929824561403466,0.08077544426494354,,,,0.13530326594090206,-0.18414634146341446,0.24809741248097397,0.5453634706943111,33778512.0,41673147.8,0.810558207940318,,0.1114815058613307,,True,-0.03698435277382661,-0.012587612644828994,False,3,2,部分收敛/待确认,-0.18414634146341446,0.3348017621145378,-0.030575278945080164,,,,-0.08356164383561637,6.43,6.43,0.04043545878693644,0.04043545878693644,True,4,2026-09-16,沪深主板10%,25,10.077519379844958,2,0,1,1,1,1,6,True,,硬资格：最近25个交易日（含当日）至少一次按板块涨停价核验的实际涨停；通过后再按方向/非极端波动/不过热排序,217,True,,,424,1,入选：满足一级粗筛资格条件；本阶段不设置数量下限或上限
603936,博敏电子,21.46,-0.04153640017865112,0.1306638566912539,0.2743467933491688,0.22348916761687576,,,,0.26521739130434796,-0.07817869415807566,0.21667719519898934,1.2240207884395995,106250201.8,49043074.6,2.1664669816602404,,0.06407033429811246,,False,0.11567545473124885,0.08003282275711188,True,3,1,结构未成熟,-0.07817869415807566,0.7716436637390213,0.15168916199318416,,,,-0.05379188712522043,18.4,15.83,0.16630434782608705,0.35565382185723315,True,4,2026-09-11,沪深主板10%,25,10.012515644555675,2,2,0,0,1,1,6,True,近5日波动仍偏大,硬资格：最近25个交易日（含当日）至少一次按板块涨停价核验的实际涨停；通过后再按方向/非极端波动/不过热排序,217,True,,,424,1,入选：满足一级粗筛资格条件；本阶段不设置数量下限或上限
603938,三孚股份,50.36,-0.03838075233912541,0.11786903440621543,0.20190930787589512,0.1676327382332483,,,,0.2602426184481576,-0.08536142390119872,0.24923312883435583,1.0441734598658385,40944134.8,22489473.0,1.820591118342346,,0.05298489494721965,,False,0.08178391427724363,0.06161979752530922,True,3,1,结构未成熟,-0.08536142390119872,0.7055137844611528,0.11359264091280985,,,,-0.06740740740740747,43.69,39.12,0.15266651407644782,0.287321063394683,True,1,2026-09-11,沪深主板10%,13,10.011098779134308,2,2,0,0,1,1,6,True,近5日波动仍偏大,硬资格：最近25个交易日（含当日）至少一次按板块涨停价核验的实际涨停；通过后再按方向/非极端波动/不过热排序,217,True,,,424,1,入选：满足一级粗筛资格条件；本阶段不设置数量下限或上限
605011,杭州热电,17.9,-0.019715224534501807,0.03468208092485536,0.057294743059657316,0.05046948356807501,,,,0.24066390041493768,-0.1447682752030579,0.10303030303030299,2.335855504027337,24601853.4,4518243.5,5.44500388259287,0.0421138040489877,0.01129278555361155,3.729266251365171,False,0.03354895296568361,0.02486345015930791,True,3,1,结构未成熟,-0.1447682752030579,0.33406593406593393,0.03048271494775623,,,,-0.1041041041041042,16.87,16.51,0.06105512744516872,0.08419139915202889,True,1,2026-09-11,沪深主板10%,25,10.000000000000009,2,2,0,1,1,0,6,True,近5日波动仍偏大,硬资格：最近25个交易日（含当日）至少一次按板块涨停价核验的实际涨停；通过后再按方向/非极端波动/不过热排序,217,True,,,424,1,入选：满足一级粗筛资格条件；本阶段不设置数量下限或上限
605258,协和电子,37.38,-0.04885496183206095,0.18253717178108197,0.24227318045862423,0.38598442714126824,,,,0.2753623188405797,-0.05606060606060603,0.11336310546204044,2.429029424681601,11390846.0,3537795.1,3.219758543958637,0.0916444659090909,0.0402022170454545,2.2795873621963034,False,0.11677983727901142,0.06972003694620499,True,3,1,结构未成熟,-0.05606060606060603,0.8335832083958021,0.18141592920353977,,,,0.011363636363636465,31.05,29.11,0.20386473429951701,0.28409481277911386,True,2,2026-09-11,沪深主板10%,25,9.999999999999986,2,2,0,0,1,1,6,True,近5日波动仍偏大,硬资格：最近25个交易日（含当日）至少一次按板块涨停价核验的实际涨停；通过后再按方向/非极端波动/不过热排序,217,True,,,424,1,入选：满足一级粗筛资格条件；本阶段不设置数量下限或上限
688001,华兴源创,70.5,0.023222060957909907,0.09133126934984537,0.3742690058479532,0.322205551387847,,,,0.23661016949152533,-0.033717105263157854,0.41416666666666657,0.5712921597380894,14279145.0,12384505.7,1.152984652427428,,0.02647331250839128,,False,0.035952022104998704,0.08801592108678702,True,3,2,部分收敛/待确认,-0.033717105263157854,0.9014423076923079,0.2263428889507375,,,,0.04444444444444451,59.0,48.0,0.19491525423728806,0.46875,True,1,2026-09-07,科创板20%,25,19.999999999999996,2,2,0,0,1,1,6,True,近5日波动仍偏大,硬资格：最近25个交易日（含当日）至少一次按板块涨停价核验的实际涨停；通过后再按方向/非极端波动/不过热排序,217,True,,,424,1,入选：满足一级粗筛资格条件；本阶段不设置数量下限或上限
688003,天准科技,81.2,-0.010118249420943526,0.04142618956008737,0.047606760418010596,-0.06837999082147772,,,,0.1597222222222222,-0.09647268276399246,0.148488120950324,1.0756565656565655,3840509.6,4432054.7,0.8665302799624742,,0.022753886446241822,,True,0.009937225201412936,0.013201024327784916,True,3,2,部分收敛/待确认,-0.14345991561181426,0.40350877192982476,0.012437268164957382,,,,-0.0007383706620723851,72.0,72.0,0.12777777777777777,0.12777777777777777,True,1,2026-08-17,科创板20%,25,19.999999999999996,0,2,1,1,1,1,6,True,20日方向仍偏弱,硬资格：最近25个交易日（含当日）至少一次按板块涨停价核验的实际涨停；通过后再按方向/非极端波动/不过热排序,217,True,,,424,1,入选：满足一级粗筛资格条件；本阶段不设置数量下限或上限
688185,康希诺,66.05,0.02593973283628448,0.0037993920972645423,-0.10658731232246732,0.025143566661492978,,,,0.10651267244145012,-0.3156858682138417,0.4303291294986159,0.24751443753191868,6269301.0,10434057.3,0.6008497768169243,,0.09122840470751015,,True,-0.037188723804968404,-0.040812206166537024,False,3,2,部分收敛/待确认,-0.3156858682138417,0.2950023137436372,-0.08767567940881948,,,,-0.014179104477611948,62.34,62.34,0.05951235162014745,0.05951235162014745,True,3,2026-08-26,科创板20%,15,20.006208288064542,2,0,1,1,1,1,6,True,,硬资格：最近25个交易日（含当日）至少一次按板块涨停价核验的实际涨停；通过后再按方向/非极端波动/不过热排序,217,True,,,424,1,入选：满足一级粗筛资格条件；本阶段不设置数量下限或上限
688209,英集芯,37.78,0.002653927813163426,0.1490267639902676,0.13487533793932127,0.7266910420475321,,,,0.22881899871630293,-0.013319404544267388,0.5188284518828452,0.44103016688061614,27086480.8,34328102.9,0.7890468307819015,,0.07913638820776461,,True,0.06560814859197128,0.05310407790626903,True,3,3,收敛较充分,-0.013319404544267388,0.9705882352941178,0.23304884218084476,,,,0.061832490163012954,31.16,31.16,0.21245186136071892,0.21245186136071892,True,1,2026-08-28,科创板20%,25,19.98375304630382,2,2,0,1,1,0,6,True,近5日波动仍偏大,硬资格：最近25个交易日（含当日）至少一次按板块涨停价核验的实际涨停；通过后再按方向/非极端波动/不过热排序,217,True,,,424,1,入选：满足一级粗筛资格条件；本阶段不设置数量下限或上限
688432,有研硅,55.0,0.01738808731039576,0.19591215481626434,0.2227656736327257,0.4531043593130779,,,,0.6088688263409455,-0.09225944875391989,0.28301411290322576,2.1513726651120857,76055202.4,68482484.2,1.1105789062482638,0.057434815873080095,0.05477276048325279,1.048601811673181,False,0.0935008240901598,0.025290008052756496,True,3,1,结构未成熟,-0.09225944875391989,0.838158656629994,0.22339124051871795,,,,0.04028749763571038,37.66,37.66,0.4604354753053639,0.4604354753053639,True,1,2026-09-16,科创板20%,13,20.000000000000018,2,2,0,0,1,1,6,True,近5日波动仍偏大,硬资格：最近25个交易日（含当日）至少一次按板块涨停价核验的实际涨停；通过后再按方向/非极端波动/不过热排序,217,True,,,424,1,入选：满足一级粗筛资格条件；本阶段不设置数量下限或上限
688655,迅捷兴,61.12,0.013598673300165842,0.08522727272727271,0.33508082131935324,0.4233814625058221,,,,0.18756795940558177,-0.06729742102853664,0.4731585518102373,0.3964167163162822,14781100.6,13140272.2,1.1248701986553977,,0.09851017467576276,,False,0.04856245469920273,0.09847142439879275,True,3,2,部分收敛/待确认,-0.06729742102853664,0.851264755480607,0.22225332960044786,,,,-0.02207999999999999,55.18,41.38,0.10764769844146427,0.47704204929917826,True,1,2026-09-07,科创板20%,25,19.999999999999996,2,2,0,0,1,1,6,True,近5日波动仍偏大,硬资格：最近25个交易日（含当日）至少一次按板块涨停价核验的实际涨停；通过后再按方向/非极端波动/不过热排序,217,True,,,424,1,入选：满足一级粗筛资格条件；本阶段不设置数量下限或上限
688813,泰金新能,137.33,-0.06304155011257406,0.13533399470899488,0.3028175694905608,0.2096362195014534,,,,0.27796610169491537,-0.0893236074270557,0.2844853159299912,0.9770841802018345,8142607.0,4710747.6,1.7285169343396791,0.27983756578453894,0.15662304614666048,1.7866946957633645,False,0.11188677745090247,0.08782524732348573,True,3,2,部分收敛/待确认,-0.0893236074270557,0.7288101469700021,0.1425505008486141,,,,-0.07751729697051113,118.0,101.13,0.163813559322034,0.3579551072876497,True,1,2026-09-07,科创板20%,25,19.998045156876152,2,2,0,0,1,1,6,True,近5日波动仍偏大,硬资格：最近25个交易日（含当日）至少一次按板块涨停价核验的实际涨停；通过后再按方向/非极端波动/不过热排序,217,True,,,424,1,入选：满足一级粗筛资格条件；本阶段不设置数量下限或上限
000017,深中华A,7.44,-0.007999999999999896,-0.10684273709483794,-0.2967863894139886,0.15170278637770895,,,,0.09344490934449093,-0.3716216216216216,0.42136854741896757,0.22176526918507392,59021457.2,88193416.6,0.6692274715661714,,0.20006584608578168,,True,-0.11597999523696123,-0.1264537957284838,False,3,2,部分收敛/待确认,-0.3716216216216216,0.2666666666666668,-0.18581746552856204,,,,-0.05102040816326525,7.17,7.17,0.03765690376569042,0.03765690376569042,True,7,2026-08-28,沪深主板10%,25,10.061919504643967,2,0,1,1,0,1,5,True,,硬资格：最近25个交易日（含当日）至少一次按板块涨停价核验的实际涨停；通过后再按方向/非极端波动/不过热排序,394,True,,,424,1,入选：满足一级粗筛资格条件；本阶段不设置数量下限或上限
000716,黑芝麻,5.1,0.01391650099403563,-0.08108108108108114,-0.039548022598870025,0.015936254980079667,,,,0.17038539553752532,-0.1866028708133971,0.23182711198428285,0.7349675112593255,30829622.6,88153831.9,0.3497252692880387,,0.11981913799845875,,True,-0.06973400431344356,-0.025889967637540368,False,3,2,部分收敛/待确认,-0.1866028708133971,0.27777777777777746,-0.04699616929832762,,,,-0.11611785095320626,4.93,4.93,0.034482758620689724,0.034482758620689724,True,1,2026-08-18,沪深主板10%,12,10.037878787878785,2,0,1,1,1,0,5,True,,硬资格：最近25个交易日（含当日）至少一次按板块涨停价核验的实际涨停；通过后再按方向/非极端波动/不过热排序,394,True,,,424,1,入选：满足一级粗筛资格条件；本阶段不设置数量下限或上限
000978,桂林旅游,7.97,-0.09328782707622296,-0.17750257997936014,0.23565891472868206,0.2980456026058633,,,,0.46649810366624517,-0.3129310344827586,0.5911330049261083,0.7891592920353981,114692829.8,41037268.0,2.7948456461575364,,0.07821612994144427,,False,0.0004233700254019368,0.08825719960278033,True,3,2,部分收敛/待确认,-0.3129310344827586,0.3552397868561279,0.06061614212522448,,,,-0.2661141804788213,7.91,6.36,0.007585335018963191,0.2531446540880502,True,1,2026-09-14,沪深主板10%,13,10.030395136778125,2,2,0,0,1,0,5,True,近5日波动仍偏大,硬资格：最近25个交易日（含当日）至少一次按板块涨停价核验的实际涨停；通过后再按方向/非极端波动/不过热排序,394,True,,,424,1,入选：满足一级粗筛资格条件；本阶段不设置数量下限或上限
000993,闽东电力,17.97,-0.02759740259740273,0.4239302694136291,0.7130600571973307,0.8411885245901638,,,,0.37910447761194027,-0.02759740259740273,0.28775510204081617,1.3174552768074528,91065925.8,18982431.3,4.797379448437671,,0.04145075005821299,,False,0.2941730799434583,0.19389695712309796,True,3,1,结构未成熟,-0.02759740259740273,0.9425028184892895,0.5112269783870154,,,,0.06964285714285712,13.4,10.32,0.34104477611940287,0.7412790697674416,True,6,2026-09-16,沪深主板10%,25,10.026155187445497,2,2,0,0,1,0,5,True,近5日波动仍偏大,硬资格：最近25个交易日（含当日）至少一次按板块涨停价核验的实际涨停；通过后再按方向/非极端波动/不过热排序,394,True,,,424,1,入选：满足一级粗筛资格条件；本阶段不设置数量下限或上限
001216,华瓷股份,19.88,0.10016602102933025,0.3625771076079507,0.33872053872053876,0.36820371644872685,,,,0.39508771929824554,0.0,0.05922865013774113,6.670550795593624,8148061.6,2256267.1,3.611301871130417,0.0128362625207982,0.00914074641053756,1.404290409588478,False,0.13244228432563765,0.06512534444519136,True,3,1,结构未成熟,0.0,1.0,0.3004938998462696,,,,0.2099817407181983,14.25,14.25,0.3950877192982456,0.3950877192982456,True,3,2026-09-17,沪深主板10%,25,10.016602102933025,2,2,0,0,1,0,5,True,近5日波动仍偏大,硬资格：最近25个交易日（含当日）至少一次按板块涨停价核验的实际涨停；通过后再按方向/非极端波动/不过热排序,394,True,,,424,1,入选：满足一级粗筛资格条件；本阶段不设置数量下限或上限
001326,联域股份,92.55,0.08372365339578436,0.25644854737985345,0.26728741613035734,0.5172131147540984,,,,0.3489373923032739,-0.014796678731105017,0.1943113309630547,1.7957645113841507,3134718.8,2444943.5,1.2821232065280854,,0.10179914261073744,,False,0.09891143663486113,0.0582949783609259,True,3,1,结构未成熟,-0.014796678731105017,0.9605897363198185,0.27550493043640034,,,,0.15875798172029532,69.64,69.64,0.3289775990809878,0.3289775990809878,True,1,2026-09-16,沪深主板10%,12,9.994848016486358,2,2,0,0,1,0,5,True,近5日波动仍偏大,硬资格：最近25个交易日（含当日）至少一次按板块涨停价核验的实际涨停；通过后再按方向/非极端波动/不过热排序,394,True,,,424,1,入选：满足一级粗筛资格条件；本阶段不设置数量下限或上限
002017,东信和平,14.1,-0.02083333333333337,-0.0903225806451613,-0.14389799635701273,0.06737320211960629,,,,0.08677098150782353,-0.21623123957754298,0.16440129449838184,0.5277998678330212,20369340.8,54679861.5,0.3725199779447137,,0.09763875100331844,,True,-0.07923566878980892,-0.043572311495673643,False,3,2,部分收敛/待确认,-0.21623123957754298,0.25763358778625955,-0.11150319795834773,,,,-0.07722513089005234,14.06,14.06,0.002844950213371167,0.002844950213371167,True,2,2026-08-24,沪深主板10%,25,9.99242997728993,2,0,1,1,0,1,5,True,,硬资格：最近25个交易日（含当日）至少一次按板块涨停价核验的实际涨停；通过后再按方向/非极端波动/不过热排序,394,True,,,424,1,入选：满足一级粗筛资格条件；本阶段不设置数量下限或上限
002041,登海种业,10.41,0.060081466395111915,-0.06552962298025133,-0.0019175455417065335,0.022593320235756442,,,,0.18285123966942146,-0.1678657074340527,0.2276741903827282,0.803126781134226,52203464.8,79439306.5,0.6571490500109036,,0.09154766168831165,,True,-0.08686288585786073,-0.028709851067647785,False,3,2,部分收敛/待确认,-0.1678657074340527,0.48148148148148145,-0.03660173060015737,,,,-0.09082969432314403,9.68,9.68,0.07541322314049581,0.07541322314049581,True,4,2026-09-01,沪深主板10%,25,10.043196544276455,2,0,0,1,1,1,5,True,近5日波动仍偏大,硬资格：最近25个交易日（含当日）至少一次按板块涨停价核验的实际涨停；通过后再按方向/非极端波动/不过热排序,394,True,,,424,1,入选：满足一级粗筛资格条件；本阶段不设置数量下限或上限
002084,海鸥住工,5.4,0.0018552875695734272,-0.021739130434782483,-0.21852387843704768,0.5976331360946747,,,,0.17658730158730152,-0.2847682119205297,0.3677536231884059,0.48017827820783454,94880813.0,117368459.1,0.80840128368014,,0.18206979251040387,,True,-0.08624229979466114,-0.0793871866295266,False,3,2,部分收敛/待确认,-0.2847682119205297,0.498834498834499,-0.058166913752507154,,,,-0.08937605396290038,5.04,5.04,0.0714285714285714,0.0714285714285714,True,7,2026-09-01,沪深主板10%,25,10.126582278481,2,0,1,1,0,1,5,True,,硬资格：最近25个交易日（含当日）至少一次按板块涨停价核验的实际涨停；通过后再按方向/非极端波动/不过热排序,394,True,,,424,1,入选：满足一级粗筛资格条件；本阶段不设置数量下限或上限
002104,恒宝股份,11.03,-0.01341681574239717,-0.10760517799352753,-0.1547892720306514,0.10189810189810178,,,,0.1262672811059909,-0.2511880515953836,0.3354487760652766,0.376413002864616,40352713.2,115445708.4,0.3495384433017174,,0.19801058733184101,,True,-0.08171834625322982,-0.041919900264921206,False,3,2,部分收敛/待确认,-0.2511880515953836,0.30581613508442756,-0.08631544068919816,,,,-0.09738134206219318,10.85,10.85,0.016589861751151957,0.016589861751151957,True,2,2026-09-02,沪深主板10%,25,10.035842293906793,2,0,1,1,0,1,5,True,,硬资格：最近25个交易日（含当日）至少一次按板块涨停价核验的实际涨停；通过后再按方向/非极端波动/不过热排序,394,True,,,424,1,入选：满足一级粗筛资格条件；本阶段不设置数量下限或上限
002141,贤丰控股,6.51,-0.026905829596412634,0.015600624024960874,-0.03125,0.038277511961722466,,,,0.2266666666666667,-0.1154891304347827,0.20261437908496735,1.1187096774193548,181773264.4,147670694.1,1.2309366154729817,,0.142962122511316,,False,0.009750152346130525,-0.009204768371812277,True,3,1,结构未成熟,-0.1154891304347827,0.4999999999999997,-0.0018399264029439477,,,,-0.06599713055954093,6.0,6.0,0.08499999999999996,0.08499999999999996,True,1,2026-09-14,沪深主板10%,15,9.936908517350162,2,0,0,1,1,1,5,True,近5日波动仍偏大,硬资格：最近25个交易日（含当日）至少一次按板块涨停价核验的实际涨停；通过后再按方向/非极端波动/不过热排序,394,True,,,424,1,入选：满足一级粗筛资格条件；本阶段不设置数量下限或上限
002418,康盛股份,4.63,-0.02320675105485237,-0.06653225806451613,-0.18053097345132751,0.300561797752809,,,,0.11363636363636363,-0.24592833876221498,0.33769063180827885,0.33651026392961875,110140773.6,323441990.0,0.340527133165363,,0.2846198433650123,,True,-0.07159999999999989,-0.06264236902050113,False,3,2,部分收敛/待确认,-0.24592833876221498,0.43445692883895126,-0.05122950819672134,,,,-0.055102040816326636,4.4,4.4,0.05227272727272725,0.05227272727272725,True,5,2026-08-31,沪深主板10%,25,10.123456790123452,2,0,1,1,0,1,5,True,,硬资格：最近25个交易日（含当日）至少一次按板块涨停价核验的实际涨停；通过后再按方向/非极端波动/不过热排序,394,True,,,424,1,入选：满足一级粗筛资格条件；本阶段不设置数量下限或上限
002498,汉缆股份,6.37,-0.03776435045317217,-0.06871345029239762,-0.07278020378457062,0.02411575562700974,,,,0.12283464566929138,-0.11033519553072624,0.15297906602254432,0.8029506837961045,110720274.8,102864264.3,1.0763725921092306,,0.02760304763034592,,False,-0.024261911721718876,-0.002985520226899463,False,3,1,结构未成熟,-0.125,0.24166666666666667,-0.026291653928462222,,,,-0.10659186535764376,6.35,6.35,0.0031496062992126816,0.0031496062992126816,True,1,2026-09-09,沪深主板10%,25,9.937888198757761,2,0,1,1,1,0,5,True,,硬资格：最近25个交易日（含当日）至少一次按板块涨停价核验的实际涨停；通过后再按方向/非极端波动/不过热排序,394,True,,,424,1,入选：满足一级粗筛资格条件；本阶段不设置数量下限或上限
002536,飞龙股份,53.35,-0.019661889011392875,-0.006702662446471774,-0.15357766143106455,0.24941451990632313,,,,0.0923410120102382,-0.1660153196811005,0.2548058061985093,0.36239759755827117,43989849.6,69128460.9,0.6363493274302018,,0.12838173124494356,,True,-0.028979725073446816,-0.022574881021884985,False,3,2,部分收敛/待确认,-0.1660153196811005,0.5372549019607843,-0.01699755861624208,,,,-0.0383922134102378,50.79,50.79,0.0504036227603859,0.0504036227603859,True,3,2026-09-02,沪深主板10%,25,10.00189429816254,2,0,1,1,0,1,5,True,,硬资格：最近25个交易日（含当日）至少一次按板块涨停价核验的实际涨停；通过后再按方向/非极端波动/不过热排序,394,True,,,424,1,入选：满足一级粗筛资格条件；本阶段不设置数量下限或上限
002552,宝鼎科技,54.19,-0.029374888053018133,0.07626613704071494,0.13013555787278408,-0.04996493688639558,,,,0.22640692640692625,-0.07367521367521368,0.24450307827616546,0.9259880407362411,43445229.4,26312501.8,1.6511249948874112,,0.071403709506647,,False,0.07571990053741895,0.03740571919138236,True,3,2,部分收敛/待确认,-0.13668950135415014,0.5037593984962405,0.04617938916560482,,,,-0.040884955752212404,46.2,45.48,0.17294372294372273,0.1915127528583993,True,1,2026-08-20,沪深主板10%,25,10.009643201542918,0,2,0,1,1,1,5,True,近5日波动仍偏大,硬资格：最近25个交易日（含当日）至少一次按板块涨停价核验的实际涨停；通过后再按方向/非极端波动/不过热排序,394,True,,,424,1,入选：满足一级粗筛资格条件；本阶段不设置数量下限或上限
002703,浙江世宝,15.58,0.01037613488975353,-0.037677578752316365,-0.14207048458149785,0.1635548917102314,,,,0.07336417713152661,-0.19274611398963737,0.20249221183800623,0.36230616706492375,27775935.6,66409138.6,0.41825471893713134,,0.13238131479880702,,True,-0.03974484789008825,-0.04495310011208786,False,3,2,部分收敛/待确认,-0.19274611398963737,0.396103896103896,-0.04747348149053898,,,,-0.04064039408866982,15.13,15.13,0.029742233972240628,0.029742233972240628,True,3,2026-09-01,沪深主板10%,25,10.018903591682427,2,0,1,1,0,1,5,True,,硬资格：最近25个交易日（含当日）至少一次按板块涨停价核验的实际涨停；通过后再按方向/非极端波动/不过热排序,394,True,,,424,1,入选：满足一级粗筛资格条件；本阶段不设置数量下限或上限
002716,湖南白银,9.54,-0.058242843040474,-0.08969465648854968,-0.17687661777394315,0.007391763463568957,,,,0.0875133404482391,-0.21157024793388435,0.1928429423459244,0.4538062911903534,142403199.8,252122430.5,0.5648176543340122,,0.12147196220136348,,True,-0.047545419404715794,-0.03518951801590997,False,3,2,部分收敛/待确认,-0.21157024793388435,0.264367816091954,-0.10982551087057957,,,,-0.06378802747791956,9.37,9.37,0.018143009605122717,0.018143009605122717,True,2,2026-08-24,沪深主板10%,25,10.031678986272441,2,0,1,1,0,1,5,True,,硬资格：最近25个交易日（含当日）至少一次按板块涨停价核验的实际涨停；通过后再按方向/非极端波动/不过热排序,394,True,,,424,1,入选：满足一级粗筛资格条件；本阶段不设置数量下限或上限
002815,崇达技术,23.77,0.01668092386655262,0.30246575342465754,0.6181075561606535,0.8383604021655067,,,,0.383109619686801,-0.03881924787707236,0.31567796610169485,1.2136089965917458,119185660.6,72563907.1,1.642492326601857,,0.0892347449056816,,False,0.1630193466539802,0.1489160052126528,True,3,1,结构未成熟,-0.03881924787707236,0.9197994987468671,0.4162297426120114,,,,0.07702763932940648,17.88,14.4,0.32941834451901575,0.6506944444444445,True,2,2026-09-11,沪深主板10%,25,10.034364261168394,2,2,0,0,1,0,5,True,近5日波动仍偏大,硬资格：最近25个交易日（含当日）至少一次按板块涨停价核验的实际涨停；通过后再按方向/非极端波动/不过热排序,394,True,,,424,1,入选：满足一级粗筛资格条件；本阶段不设置数量下限或上限
002913,奥士康,82.15,-0.011550956563590398,0.15720524017467263,0.295128488097115,0.3973464874978738,,,,0.22024841132293474,-0.027695585276363954,0.24003436426116836,0.9175703320683467,13234687.6,8940766.9,1.4802631304480154,,0.020042996503334572,,False,0.09508694064440015,0.08046990598891002,True,3,2,部分收敛/待确认,-0.027695585276363954,0.9214237743451985,0.24142412427841742,,,,0.06398134956611856,69.24,60.3,0.18645291738879277,0.36235489220563855,True,1,2026-09-16,沪深主板10%,13,10.006618133686306,2,2,0,0,1,0,5,True,近5日波动仍偏大,硬资格：最近25个交易日（含当日）至少一次按板块涨停价核验的实际涨停；通过后再按方向/非极端波动/不过热排序,394,True,,,424,1,入选：满足一级粗筛资格条件；本阶段不设置数量下限或上限
003001,中岩大地,20.32,0.10016242555495403,0.2715894868585731,0.24892440073755373,0.27798742138364774,,,,0.3203378817413905,0.0,0.061029879211697446,5.248869666450071,12509824.8,3999377.7,3.1279428297057317,0.10939847120884867,0.03497457503695504,3.1279428297057343,False,0.09146800501882058,0.04057575381560974,True,3,1,结构未成熟,0.0,1.0,0.24038578928091825,,,,0.19811320754716988,15.39,15.39,0.32033788174139044,0.32033788174139044,True,2,2026-09-17,沪深主板10%,25,10.016242555495403,2,2,0,0,1,0,5,True,近5日波动仍偏大,硬资格：最近25个交易日（含当日）至少一次按板块涨停价核验的实际涨停；通过后再按方向/非极端波动/不过热排序,394,True,,,424,1,入选：满足一级粗筛资格条件；本阶段不设置数量下限或上限
003018,金富科技,48.8,-0.018898271009248235,-0.024975024975025018,-0.13521176679071423,0.24776272053183335,,,,0.0769394261424018,-0.19881792809062548,0.3906392694063927,0.19695773612140263,13226823.8,23613794.3,0.5601312365120417,,0.08648372844419741,,True,-0.029174450494852677,-0.02248097763430934,False,3,2,部分收敛/待确认,-0.19881792809062548,0.4525316455696202,-0.0073936965431672386,,,,-0.027113237639553422,47.05,47.05,0.037194473963868324,0.037194473963868324,True,4,2026-09-03,沪深主板10%,25,10.002227667631992,2,0,1,1,0,1,5,True,,硬资格：最近25个交易日（含当日）至少一次按板块涨停价核验的实际涨停；通过后再按方向/非极端波动/不过热排序,394,True,,,424,1,入选：满足一级粗筛资格条件；本阶段不设置数量下限或上限
003026,中晶科技,37.0,0.09988109393579081,0.33960897900072395,0.3032758013384995,0.26064735945485507,,,,0.4036418816388468,0.0,0.1011359472334189,3.9910822282333775,12131661.2,4622686.5,2.6243746358313502,0.07882794033412122,0.03197743746440942,2.465111234189918,False,0.1339914350003628,0.05641430262166924,True,3,1,结构未成熟,0.0,1.0,0.26580113237885095,,,,0.20994113799869196,26.36,26.36,0.40364188163884673,0.40364188163884673,True,3,2026-09-17,沪深主板10%,25,10.006540222367576,2,2,0,0,1,0,5,True,近5日波动仍偏大,硬资格：最近25个交易日（含当日）至少一次按板块涨停价核验的实际涨停；通过后再按方向/非极端波动/不过热排序,394,True,,,424,1,入选：满足一级粗筛资格条件；本阶段不设置数量下限或上限
300243,瑞丰高材,21.22,0.06901763224181345,0.32294264339152123,0.31556106633601977,0.2482352941176469,,,,0.48543046357615893,-0.05394560855996433,0.17979002624671916,2.6999854981389277,35270738.8,16404325.8,2.150087679921597,,0.08153278550274136,,False,0.11595466434176105,0.052595543383542775,True,3,1,结构未成熟,-0.05394560855996433,0.8468354430379745,0.26868348678703824,,,,0.23876240513718616,15.1,15.1,0.405298013245033,0.405298013245033,True,1,2026-09-16,创业板20%,25,20.012091898428075,2,2,0,0,1,0,5,True,近5日波动仍偏大,硬资格：最近25个交易日（含当日）至少一次按板块涨停价核验的实际涨停；通过后再按方向/非极端波动/不过热排序,394,True,,,424,1,入选：满足一级粗筛资格条件；本阶段不设置数量下限或上限
300464,星徽股份,9.89,-0.012974051896207484,0.2270471464019852,0.2534854245880862,0.48275862068965525,,,,0.3173575129533679,-0.027531956735496466,0.11006711409395965,2.8833091115885274,36696977.6,12920260.0,2.840266186593768,0.0846870472550222,0.03638047722651179,2.327815732810334,False,0.10366155368629393,0.05525000000000002,True,3,1,结构未成熟,-0.027531956735496466,0.9237057220708449,0.22545071556904794,,,,0.16352941176470592,7.72,7.63,0.2810880829015545,0.29619921363040635,True,1,2026-09-16,创业板20%,25,19.999999999999996,2,2,0,0,1,0,5,True,近5日波动仍偏大,硬资格：最近25个交易日（含当日）至少一次按板块涨停价核验的实际涨停；通过后再按方向/非极端波动/不过热排序,394,True,,,424,1,入选：满足一级粗筛资格条件；本阶段不设置数量下限或上限
300741,华宝股份,27.17,0.20008833922261493,0.4114285714285715,0.719620253164557,0.9919354838709677,,,,0.43756613756613777,0.0,0.4565217391304348,0.9584782060972541,19698099.8,10417784.4,1.8908146918456097,0.026816145611723533,0.016915361123561692,1.5853132200867335,False,0.12956407403661396,0.136466936422593,True,3,2,部分收敛/待确认,0.0,1.0,0.561808409737591,,,,0.2032772364924713,18.9,15.51,0.4375661375661377,0.7517730496453903,True,1,2026-09-17,创业板20%,25,20.008833922261495,2,2,0,0,1,0,5,True,近5日波动仍偏大,硬资格：最近25个交易日（含当日）至少一次按板块涨停价核验的实际涨停；通过后再按方向/非极端波动/不过热排序,394,True,,,424,1,入选：满足一级粗筛资格条件；本阶段不设置数量下限或上限
300922,天秦装备,17.87,-0.006670372429127158,-0.04946808510638301,-0.09058524173027982,0.04564072557050913,,,,0.17982708933717564,-0.1798990362551628,0.1907103825136611,0.9429328753210074,12613162.4,16916397.8,0.7456175096568136,,0.13401663042627732,,True,-0.04956117707795549,-0.03213736545361345,False,3,2,部分收敛/待确认,-0.1798990362551628,0.2328767123287674,-0.054722420587690834,,,,-0.10783824263604591,17.35,17.35,0.029971181556196047,0.029971181556196047,True,1,2026-08-25,创业板20%,12,19.988310929281127,2,0,1,1,1,0,5,True,,硬资格：最近25个交易日（含当日）至少一次按板块涨停价核验的实际涨停；通过后再按方向/非极端波动/不过热排序,394,True,,,424,1,入选：满足一级粗筛资格条件；本阶段不设置数量下限或上限
301251,威尔高,75.32,-0.07899241868427498,0.2605857740585773,0.3583408476104597,0.5555555555555554,,,,0.5135231954146516,-0.1086390532544379,0.2644628099173555,1.9417595826616507,14708284.6,7772000.5,1.8924708767067113,,0.10089409008119275,,False,0.17620760361692822,0.10587000262444235,True,3,1,结构未成熟,-0.1086390532544379,0.7774545454545453,0.3205115842807926,,,,0.08922631959508287,55.83,53.0,0.3490954683861722,0.42113207547169806,True,1,2026-09-16,创业板20%,25,19.999999999999996,2,2,0,0,1,0,5,True,近5日波动仍偏大,硬资格：最近25个交易日（含当日）至少一次按板块涨停价核验的实际涨停；通过后再按方向/非极端波动/不过热排序,394,True,,,424,1,入选：满足一级粗筛资格条件；本阶段不设置数量下限或上限
301390,经纬股份,45.0,0.19999999999999996,0.3188745603751466,0.4520813165537272,0.4326647564469914,,,,0.3282172373081463,0.0,0.16109824677472712,2.0373731178285954,1596300.8,1099324.4,1.4520743831393175,0.03254025894392914,0.02240949866051529,1.452074383139319,False,0.09978233474624787,0.07323254912484733,True,3,1,结构未成熟,0.0,1.0,0.33996367209600065,,,,0.18764845605700708,33.88,30.9,0.3282172373081462,0.4563106796116505,True,1,2026-09-17,创业板20%,25,19.999999999999996,2,2,0,0,1,0,5,True,近5日波动仍偏大,硬资格：最近25个交易日（含当日）至少一次按板块涨停价核验的实际涨停；通过后再按方向/非极端波动/不过热排序,394,True,,,424,1,入选：满足一级粗筛资格条件；本阶段不设置数量下限或上限
301626,苏州天脉,325.2,0.03438404529406158,0.10143945808636734,0.23838537699923834,0.25274471281636424,,,,0.21284529886680434,-0.029253731343283573,0.23456281903507326,0.9074127764254847,2467592.6,2256986.1,1.093313157754937,,0.03816947038243266,,False,0.05764164750156797,0.06254431891246437,True,3,2,部分收敛/待确认,-0.029253731343283573,0.8943510133678308,0.1889593498015658,,,,0.08436145381793936,276.21,249.04,0.1773650483327902,0.3058143270157405,True,1,2026-08-17,创业板20%,25,19.999999999999996,2,2,0,0,1,0,5,True,近5日波动仍偏大,硬资格：最近25个交易日（含当日）至少一次按板块涨停价核验的实际涨停；通过后再按方向/非极端波动/不过热排序,394,True,,,424,1,入选：满足一级粗筛资格条件；本阶段不设置数量下限或上限
600206,有研新材,50.55,-0.020918070889018092,0.08035905107929042,0.06984126984126982,-0.10783621602541471,,,,0.25000000000000006,-0.10021359914560346,0.23664292074799634,1.0564440263405463,84909928.8,68042909.0,1.2478879878577795,,0.08037639972339036,,False,0.03890749806750837,0.010104239943723226,True,3,1,结构未成熟,-0.16926869350862783,0.4097421203438394,0.027971814660037175,,,,0.04962624584717612,43.4,43.4,0.16474654377880182,0.16474654377880182,True,2,2026-09-16,沪深主板10%,15,10.00393855848758,0,2,0,1,1,1,5,True,近5日波动仍偏大,硬资格：最近25个交易日（含当日）至少一次按板块涨停价核验的实际涨停；通过后再按方向/非极端波动/不过热排序,394,True,,,424,1,入选：满足一级粗筛资格条件；本阶段不设置数量下限或上限
600227,赤天化,4.0,0.0,-0.1208791208791209,-0.09502262443438914,0.06951871657753994,,,,0.16410256410256413,-0.2660550458715597,0.32281553398058255,0.508347792558319,164985827.2,335489330.6,0.491776674104461,,0.26785365423924445,,True,-0.10881965774462476,-0.055326535040138625,False,3,2,部分收敛/待确认,-0.2660550458715597,0.32870370370370366,-0.08800729594163248,,,,-0.11894273127753308,3.9,3.9,0.025641025641025772,0.025641025641025772,True,5,2026-09-08,沪深主板10%,25,10.096153846153854,2,0,1,1,1,0,5,True,,硬资格：最近25个交易日（含当日）至少一次按板块涨停价核验的实际涨停；通过后再按方向/非极端波动/不过热排序,394,True,,,424,1,入选：满足一级粗筛资格条件；本阶段不设置数量下限或上限
600354,敦煌种业,9.75,0.1004514672686232,-0.14847161572052392,0.23888182973316385,0.42543859649122817,,,,0.48255114320096265,-0.20860389610389607,0.6193029490616622,0.7791843134803423,135448719.8,142350710.9,0.9515141789151402,,0.2697047175335118,,True,-0.10083720930232554,0.02357422277125787,False,3,2,部分收敛/待确认,-0.20860389610389607,0.5971786833855799,0.10940433521078674,,,,-0.1928807947019867,8.31,7.5,0.1732851985559567,0.30000000000000004,True,7,2026-09-17,沪深主板10%,25,10.078740157480315,2,2,0,0,1,0,5,True,近5日波动仍偏大,硬资格：最近25个交易日（含当日）至少一次按板块涨停价核验的实际涨停；通过后再按方向/非极端波动/不过热排序,394,True,,,424,1,入选：满足一级粗筛资格条件；本阶段不设置数量下限或上限
600654,中安科,3.02,-0.0033003300330032292,-0.044303797468354444,-0.06501547987616096,0.05964912280701751,,,,0.13758389261744972,-0.16804407713498615,0.15605095541401265,0.881660046568964,115231077.0,119396408.3,0.9651134287931508,,0.06357868874894985,,True,-0.02824858757062143,-0.027118644067796627,False,3,2,部分收敛/待确认,-0.16804407713498615,0.27380952380952384,-0.05016512030193421,,,,-0.10385756676557867,2.98,2.98,0.01342281879194629,0.01342281879194629,True,2,2026-08-28,沪深主板10%,25,10.000000000000009,2,0,1,1,1,0,5,True,,硬资格：最近25个交易日（含当日）至少一次按板块涨停价核验的实际涨停；通过后再按方向/非极端波动/不过热排序,394,True,,,424,1,入选：满足一级粗筛资格条件；本阶段不设置数量下限或上限
600830,香溢融通,8.37,-0.0011933174224345588,-0.10767590618336897,-0.17618110236220486,0.030788177339901468,,,,0.09803921568627459,-0.2506714413607879,0.34254807692307687,0.28620571035431747,19743421.4,47656909.6,0.41428245275895936,,0.10489659589947845,,True,-0.06941672211133298,-0.04790801660811217,False,3,2,部分收敛/待确认,-0.2506714413607879,0.12772585669781908,-0.05626338933363406,,,,-0.06584821428571441,8.16,8.16,0.025735294117646967,0.025735294117646967,True,2,2026-09-02,沪深主板10%,25,10.011918951132293,2,0,1,1,0,1,5,True,,硬资格：最近25个交易日（含当日）至少一次按板块涨停价核验的实际涨停；通过后再按方向/非极端波动/不过热排序,394,True,,,424,1,入选：满足一级粗筛资格条件；本阶段不设置数量下限或上限
601212,白银有色,6.06,-0.054602184087363614,-0.11013215859030834,-0.1732605729877218,0.09386281588447654,,,,0.08153078202995012,-0.2109375,0.22879999999999995,0.3563408305504814,220087028.8,434840804.9,0.5061324197728253,,0.06084889668860059,,True,-0.07005046007717419,-0.030267753201396963,False,3,2,部分收敛/待确认,-0.2109375,0.3164556962025316,-0.10672169811320764,,,,-0.06769230769230772,6.01,6.01,0.008319467554076532,0.008319467554076532,True,4,2026-09-03,沪深主板10%,25,10.06006006006006,2,0,1,1,0,1,5,True,,硬资格：最近25个交易日（含当日）至少一次按板块涨停价核验的实际涨停；通过后再按方向/非极端波动/不过热排序,394,True,,,424,1,入选：满足一级粗筛资格条件；本阶段不设置数量下限或上限
601218,吉鑫科技,5.74,0.09961685823754807,0.23974082073434122,0.27555555555555555,0.3075170842824604,,,,0.2699115044247789,0.0,0.049327354260089634,5.471842316975069,144672031.4,16705480.8,8.660153702370541,0.14929517876157822,0.01723932205968946,8.660153702370565,False,0.10322580645161272,0.05564041021165167,True,3,1,结构未成熟,0.0,1.0,0.23175965665236054,,,,0.10810810810810811,4.52,4.46,0.26991150442477885,0.2869955156950674,True,2,2026-09-17,沪深主板10%,25,9.97876857749469,2,2,0,0,1,0,5,True,近5日波动仍偏大,硬资格：最近25个交易日（含当日）至少一次按板块涨停价核验的实际涨停；通过后再按方向/非极端波动/不过热排序,394,True,,,424,1,入选：满足一级粗筛资格条件；本阶段不设置数量下限或上限
601579,会稽山,29.85,0.053653370984821924,0.23143564356435653,0.36425959780621575,0.6005361930294908,,,,0.3365217391304347,-0.02895250487963552,0.4052083333333334,0.8304906672627693,24916851.4,27042874.6,0.9213832393395042,,0.05640237417992407,,True,0.09527394395650357,0.08860485268630836,True,3,3,收敛较充分,-0.02895250487963552,0.9405874499332445,0.3193078605997659,,,,0.10637509266123057,23.0,22.5,0.2978260869565219,0.32666666666666666,True,4,2026-09-16,沪深主板10%,25,10.019417475728144,2,2,0,0,1,0,5,True,近5日波动仍偏大,硬资格：最近25个交易日（含当日）至少一次按板块涨停价核验的实际涨停；通过后再按方向/非极端波动/不过热排序,394,True,,,424,1,入选：满足一级粗筛资格条件；本阶段不设置数量下限或上限
603200,上海洗霸,39.9,-0.01530108588351442,0.04177545691906004,-0.08233670653173875,0.1325574794209481,,,,0.23029592733665394,-0.14487783969138446,0.17785322538521814,1.2948650598708482,9432030.6,10823924.6,0.87140579305218,,0.06773093894785968,,True,0.0036150259338816326,-0.019215872460581207,False,3,1,结构未成熟,-0.14487783969138446,0.46049481245011964,-0.011519881085098382,,,,-0.002001000500250094,34.13,34.13,0.1690594784646937,0.1690594784646937,True,3,2026-09-15,沪深主板10%,25,10.00843407365759,2,0,0,1,1,1,5,True,近5日波动仍偏大,硬资格：最近25个交易日（含当日）至少一次按板块涨停价核验的实际涨停；通过后再按方向/非极端波动/不过热排序,394,True,,,424,1,入选：满足一级粗筛资格条件；本阶段不设置数量下限或上限
603230,内蒙新华,12.25,0.09964093357271087,0.2564102564102564,0.30319148936170204,0.33007600434310524,,,,0.2894736842105263,0.0,0.1875693673695893,1.543288695110558,11124480.8,8608685.9,1.2922391325719063,0.03146748811251314,0.024351133872477847,1.2922391325719063,False,0.06889724806968922,0.05061753391374779,True,3,1,结构未成熟,0.0,1.0,0.24847125968202177,,,,0.10759493670886067,9.5,9.35,0.2894736842105263,0.31016042780748676,True,2,2026-09-17,沪深主板10%,25,9.970384995064151,2,2,0,0,1,0,5,True,近5日波动仍偏大,硬资格：最近25个交易日（含当日）至少一次按板块涨停价核验的实际涨停；通过后再按方向/非极端波动/不过热排序,394,True,,,424,1,入选：满足一级粗筛资格条件；本阶段不设置数量下限或上限
603248,锡华科技,22.34,0.09995076317085183,0.30949589683470125,0.2508398656215005,0.22009830693610066,,,,0.3457831325301204,0.0,0.08849557522123894,3.9073493975903606,8809878.8,2107648.7,4.179955986023667,0.06929476114178437,0.0294755631676469,2.3509223809451756,False,0.10569960289651958,0.038483466362599916,True,3,1,结构未成熟,0.0,1.0,0.23014234189587301,,,,0.21018418201516798,16.6,16.6,0.3457831325301204,0.3457831325301204,True,3,2026-09-17,沪深主板10%,25,10.021668472372692,2,2,0,0,1,0,5,True,近5日波动仍偏大,硬资格：最近25个交易日（含当日）至少一次按板块涨停价核验的实际涨停；通过后再按方向/非极端波动/不过热排序,394,True,,,424,1,入选：满足一级粗筛资格条件；本阶段不设置数量下限或上限
603330,天洋新材,9.26,-0.02628811777076756,-0.0384215991692628,-0.17099373321396605,0.02207505518763786,,,,0.09886363636363626,-0.2283333333333334,0.25918153200419736,0.381445528156054,42650621.8,91818777.9,0.46450870699292973,,0.2099054397727571,,True,-0.04850361197110431,-0.05870445344129549,False,3,2,部分收敛/待确认,-0.2838360402165506,0.1715575620767494,-0.10535722911936629,,,,-0.036420395421435936,8.8,8.8,0.05227272727272725,0.05227272727272725,True,2,2026-08-17,沪深主板10%,12,10.018726591760307,2,0,1,1,0,1,5,True,,硬资格：最近25个交易日（含当日）至少一次按板块涨停价核验的实际涨停；通过后再按方向/非极端波动/不过热排序,394,True,,,424,1,入选：满足一级粗筛资格条件；本阶段不设置数量下限或上限
603559,中通国脉,9.08,0.004424778761062065,-0.08097165991902844,-0.1576994434137291,0.02483069977426644,,,,0.11249999999999981,-0.21588946459412783,0.3310344827586208,0.33984374999999933,12999560.0,32927171.5,0.3947973484451891,,0.09458396885936052,,True,-0.07592367032074698,-0.05116008154548113,False,3,2,部分收敛/待确认,-0.21588946459412783,0.23076923076923078,-0.06766608481363601,,,,-0.07252298263534207,8.8,8.8,0.031818181818181746,0.031818181818181746,True,2,2026-08-31,沪深主板10%,25,10.020876826722326,2,0,1,1,0,1,5,True,,硬资格：最近25个交易日（含当日）至少一次按板块涨停价核验的实际涨停；通过后再按方向/非极端波动/不过热排序,394,True,,,424,1,入选：满足一级粗筛资格条件；本阶段不设置数量下限或上限
603773,沃格光电,95.0,0.025917926565874883,0.09057513488692459,0.08200455580865618,-0.07981402557148387,,,,0.26001979218208804,-0.08310008686420234,0.2132132132132132,1.219529447839934,25232002.4,15419362.3,1.636384301055044,,0.06862852107525504,,False,0.04194673503799695,0.014137595234003708,True,3,1,结构未成熟,-0.18941979522184305,0.3894389438943894,0.041483950184178386,,,,0.025585663391989755,80.84,80.84,0.1751608114794656,0.1751608114794656,True,1,2026-08-17,沪深主板10%,25,10.001052742393934,0,2,0,1,1,1,5,True,近5日波动仍偏大,硬资格：最近25个交易日（含当日）至少一次按板块涨停价核验的实际涨停；通过后再按方向/非极端波动/不过热排序,394,True,,,424,1,入选：满足一级粗筛资格条件；本阶段不设置数量下限或上限
605058,澳弘电子,48.76,0.09993232573877742,0.6103038309114925,0.7457930540637308,0.8303303303303302,,,,0.6362416107382549,0.0,0.1255555555555556,5.0674110589772505,15581490.4,2517788.8,6.188561328098688,,0.01761613913635331,,False,0.28209331651954583,0.16841257050765512,True,3,1,结构未成熟,0.0,1.0,0.5684003988549,,,,0.20992555831265514,29.8,27.3,0.6362416107382549,0.786080586080586,True,5,2026-09-17,沪深主板10%,25,10.006605019815073,2,2,0,0,1,0,5,True,近5日波动仍偏大,硬资格：最近25个交易日（含当日）至少一次按板块涨停价核验的实际涨停；通过后再按方向/非极端波动/不过热排序,394,True,,,424,1,入选：满足一级粗筛资格条件；本阶段不设置数量下限或上限
605398,新炬网络,20.32,0.005940594059405946,-0.08095884215287197,-0.16171617161716167,0.0039525691699606735,,,,0.10494450050454078,-0.30695770804911326,0.4565325384997517,0.22987299185597446,5945031.2,7686900.7,0.7733976841927983,,0.04724109980348071,,True,-0.08754743623687222,-0.026084743606056837,False,3,2,部分收敛/待确认,-0.30695770804911326,0.06832298136645965,-0.0774120317820658,,,,-0.07214611872146115,19.82,19.82,0.025227043390514625,0.025227043390514625,True,2,2026-09-04,沪深主板10%,25,9.983498349834985,2,0,1,1,0,1,5,True,,硬资格：最近25个交易日（含当日）至少一次按板块涨停价核验的实际涨停；通过后再按方向/非极端波动/不过热排序,394,True,,,424,1,入选：满足一级粗筛资格条件；本阶段不设置数量下限或上限
605577,龙版传媒,15.0,0.0997067448680351,-0.12331969608416127,0.41242937853107353,0.5337423312883436,,,,0.38280675973548867,-0.20297555791710942,0.7991587802313355,0.47901214277427595,43368708.2,18766304.1,2.3109882462151936,0.0775533362780583,0.04222418417221973,1.8367041968588806,False,-0.036951501154734445,0.10187353629976603,False,3,1,结构未成熟,-0.20297555791710942,0.5905680600214362,0.19832234871180354,,,,-0.12331969608416127,13.61,11.22,0.10213078618662763,0.33689839572192515,True,2,2026-09-17,沪深主板10%,14,10.020449897750506,2,2,0,0,1,0,5,True,近5日波动仍偏大,硬资格：最近25个交易日（含当日）至少一次按板块涨停价核验的实际涨停；通过后再按方向/非极端波动/不过热排序,394,True,,,424,1,入选：满足一级粗筛资格条件；本阶段不设置数量下限或上限
688004,博汇科技,37.1,0.12903225806451624,0.852221667498752,0.6787330316742082,0.7096774193548387,,,,1.0155913978494624,-0.010402774073086207,0.1846076458752516,5.501350678269019,11828923.4,1862816.9,6.3500193712006805,0.07239011254286946,0.023259625661772,3.1122647283978053,False,0.3368552492555952,0.13721027451344692,True,3,1,结构未成熟,-0.010402774073086207,0.9793541556379036,0.5956646093632396,,,,0.35500365230094966,18.6,18.6,0.9946236559139785,0.9946236559139785,True,3,2026-09-16,科创板20%,25,20.014609203798408,2,2,0,0,1,0,5,True,近5日波动仍偏大,硬资格：最近25个交易日（含当日）至少一次按板块涨停价核验的实际涨停；通过后再按方向/非极端波动/不过热排序,394,True,,,424,1,入选：满足一级粗筛资格条件；本阶段不设置数量下限或上限
688137,近岸蛋白,99.75,0.1875,0.43174967704894507,0.5642151481888034,0.477996740257816,,,,0.6125419932810751,-0.01041666666666663,0.3538983050847457,1.7308418392520803,8962278.8,6178759.1,1.4504981752727666,,0.08837219942780233,,False,0.13739982442726473,0.07563098727089823,True,3,1,结构未成熟,-0.01041666666666663,0.9784791965566715,0.3340822918129476,,,,0.18764138587927137,62.51,59.0,0.5957446808510638,0.6906779661016949,True,3,2026-09-14,科创板20%,25,20.0035561877667,2,2,0,0,1,0,5,True,近5日波动仍偏大,硬资格：最近25个交易日（含当日）至少一次按板块涨停价核验的实际涨停；通过后再按方向/非极端波动/不过热排序,394,True,,,424,1,入选：满足一级粗筛资格条件；本阶段不设置数量下限或上限
688286,敏芯股份,48.26,-0.0008281573498964967,0.08254822790489014,-0.0051535765821479895,-0.058892355694227794,,,,0.18111938505885175,-0.07299270072992714,0.17252252252252262,1.049830378147913,3608312.6,4472106.6,0.8068485219024073,,0.057105165786122625,,True,0.020709397504137472,-0.012152367022992827,False,3,1,结构未成熟,-0.11805555555555558,0.5064935064935063,0.025161708319614284,,,,0.05694261936049072,41.63,41.63,0.15926014893105922,0.15926014893105922,True,1,2026-08-14,科创板20%,25,20.0089625812234,0,2,0,1,1,1,5,True,近5日波动仍偏大,硬资格：最近25个交易日（含当日）至少一次按板块涨停价核验的实际涨停；通过后再按方向/非极端波动/不过热排序,394,True,,,424,1,入选：满足一级粗筛资格条件；本阶段不设置数量下限或上限
688662,富信科技,91.75,-0.011740629039207251,0.044512750455373284,0.09226190476190466,-0.03074160152123384,,,,0.2050955414012738,-0.04586106489184694,0.224968152866242,0.9116647791619478,10912787.4,8227890.7,1.326316524841537,,0.07173047823174242,,False,0.042673849861770474,0.02205864865507645,True,3,2,部分收敛/待确认,-0.18480675255442025,0.3891336270190896,0.05468862258240659,,,,0.02525421834841879,78.5,78.5,0.16878980891719753,0.16878980891719753,True,1,2026-08-14,科创板20%,25,20.000000000000018,0,2,0,1,1,1,5,True,近5日波动仍偏大,硬资格：最近25个交易日（含当日）至少一次按板块涨停价核验的实际涨停；通过后再按方向/非极端波动/不过热排序,394,True,,,424,1,入选：满足一级粗筛资格条件；本阶段不设置数量下限或上限
920855,浙江大农,13.41,0.025229357798165042,-0.035251798561151126,-0.1773006134969325,0.07797427652733124,,,,0.15311760063141275,-0.3254527162977867,0.5878594249201278,0.26046635324800105,2290636.6,1319744.4,1.7356668457922613,,7.712857142857142,,False,-0.07025200619456573,-0.07485187623436473,False,3,1,结构未成熟,-0.3254527162977867,0.1789340101522843,-0.04063528401774219,,,,-0.07898351648351654,12.67,12.67,0.05840568271507496,0.05840568271507496,True,1,2026-09-01,北交所30%,25,29.98454404945905,2,0,1,1,0,1,5,True,,硬资格：最近25个交易日（含当日）至少一次按板块涨停价核验的实际涨停；通过后再按方向/非极端波动/不过热排序,394,True,,,424,1,入选：满足一级粗筛资格条件；本阶段不设置数量下限或上限
000007,全新好,11.31,0.01072386058981234,0.030993618960802216,-0.09519999999999995,-0.06451612903225801,,,,0.08003766478342764,-0.14057750759878418,0.20402561756633125,0.3922922314272932,6873319.6,9755220.2,0.7045786214031335,,0.02833158357876513,,True,-0.01790780141843973,-0.04114324255964941,False,3,2,部分收敛/待确认,-0.14057750759878418,0.3097014925373135,-0.06090422219454472,,,,0.006227758007117501,10.62,10.62,0.0649717514124295,0.0649717514124295,True,2,2026-08-20,沪深主板10%,12,10.009099181073712,0,0,1,1,1,1,4,True,20日方向仍偏弱,硬资格：最近25个交易日（含当日）至少一次按板块涨停价核验的实际涨停；通过后再按方向/非极端波动/不过热排序,467,True,,,424,1,入选：满足一级粗筛资格条件；本阶段不设置数量下限或上限
000026,飞亚达,18.88,-0.0036939313984168942,-0.014099216710182771,-0.04501770359129997,-0.10775047258979209,,,,0.07111111111111118,-0.12794457274826787,0.13947368421052625,0.5098532494758917,5885696.6,10110206.9,0.5821539220923362,,0.027389338693037342,,True,-0.022514466070489125,-0.018346279640229057,False,3,2,部分收敛/待确认,-0.2003388394747988,0.15686274509803905,-0.04152705858462791,,,,-0.009443861490031513,18.0,18.0,0.04888888888888876,0.04888888888888876,True,1,2026-08-17,沪深主板10%,25,9.990439770554493,0,0,1,1,1,1,4,True,20日方向仍偏弱,硬资格：最近25个交易日（含当日）至少一次按板块涨停价核验的实际涨停；通过后再按方向/非极端波动/不过热排序,467,True,,,424,1,入选：满足一级粗筛资格条件；本阶段不设置数量下限或上限
000428,华天酒店,4.03,-0.007389162561576179,-0.21899224806201545,-0.05399061032863839,0.0,,,,0.30710659898477166,-0.26325411334552096,0.31807228915662633,0.9655245346869721,78382721.6,93100385.7,0.8419161855309047,,0.0887669222298773,,True,-0.13658340048348117,-0.022518765638031568,False,3,2,部分收敛/待确认,-0.26325411334552096,0.09433962264150966,-0.11233480176211463,,,,-0.21747572815533978,3.94,3.94,0.022842639593908753,0.022842639593908753,True,4,2026-09-07,沪深主板10%,25,10.093896713615047,2,0,0,1,1,0,4,True,近5日波动仍偏大,硬资格：最近25个交易日（含当日）至少一次按板块涨停价核验的实际涨停；通过后再按方向/非极端波动/不过热排序,467,True,,,424,1,入选：满足一级粗筛资格条件；本阶段不设置数量下限或上限
000520,凤凰航运,4.14,0.029850746268656803,-0.05045871559633042,-0.06546275395033863,-0.061224489795918435,,,,0.15151515151515144,-0.10967741935483888,0.11510791366906485,1.316287878787877,41540765.2,66224916.9,0.6272679097918205,,0.06584692239068927,,True,-0.051930147058823706,-0.015420023014959816,False,3,1,结构未成熟,-0.10967741935483888,0.40697674418604596,-0.0286250586579071,,,,-0.09210526315789469,3.96,3.96,0.045454545454545414,0.045454545454545414,True,2,2026-08-20,沪深主板10%,13,9.975062344139651,0,0,1,1,1,1,4,True,20日方向仍偏弱,硬资格：最近25个交易日（含当日）至少一次按板块涨停价核验的实际涨停；通过后再按方向/非极端波动/不过热排序,467,True,,,424,1,入选：满足一级粗筛资格条件；本阶段不设置数量下限或上限
000526,学大教育,35.54,0.01138303927148554,-0.02416254805052176,-0.02255225522552251,-0.05352862849533946,,,,0.05360764995653438,-0.08354822073233625,0.12048540884137537,0.4449306390876868,1859598.2,4174199.3,0.4454981821304028,,0.037591280204852806,,True,-0.03620699056655208,-0.016957403651115643,False,3,2,部分收敛/待确认,-0.09081606548989518,0.5938215102974824,-0.01838118517904741,,,,-0.02255225522552251,34.51,34.51,0.02984642132715165,0.02984642132715165,True,2,2026-08-19,沪深主板10%,12,9.996904982977405,0,0,1,1,1,1,4,True,20日方向仍偏弱,硬资格：最近25个交易日（含当日）至少一次按板块涨停价核验的实际涨停；通过后再按方向/非极端波动/不过热排序,467,True,,,424,1,入选：满足一级粗筛资格条件；本阶段不设置数量下限或上限
000603,盛达资源,32.83,-0.06918060674794457,-0.06785917092561045,-0.11270270270270277,-0.013521634615384692,,,,0.12402374258044359,-0.18475291780481762,0.17136917136917124,0.7237226018515666,34017196.8,47478610.8,0.7164741391296141,,0.07121260811900967,,True,-0.022773485156567852,-0.023232752514520505,False,3,2,部分收敛/待确认,-0.18475291780481762,0.22419186652763273,-0.08473772982617556,,,,-0.07233681831025718,32.01,32.01,0.025616994689159567,0.025616994689159567,True,1,2026-08-21,沪深主板10%,15,10.006009615384603,0,0,1,1,1,1,4,True,20日方向仍偏弱,硬资格：最近25个交易日（含当日）至少一次按板块涨停价核验的实际涨停；通过后再按方向/非极端波动/不过热排序,467,True,,,424,1,入选：满足一级粗筛资格条件；本阶段不设置数量下限或上限
000620,盈新发展,3.15,-0.0031645569620254443,-0.012539184952978122,0.043046357615893927,-0.03076923076923077,,,,0.06249999999999998,-0.1346153846153847,0.1694915254237288,0.3687499999999999,264544942.6,327381728.3,0.808062636768724,,0.07007691150877936,,True,-0.020050125313283207,0.0028763183125599667,False,3,2,部分收敛/待确认,-0.14864864864864868,0.4210526315789472,-0.01930261519302634,,,,-0.024767801857585203,3.04,2.95,0.03618421052631571,0.06779661016949134,True,3,2026-08-24,沪深主板10%,12,10.18181818181818,0,0,1,1,1,1,4,True,20日方向仍偏弱,硬资格：最近25个交易日（含当日）至少一次按板块涨停价核验的实际涨停；通过后再按方向/非极端波动/不过热排序,467,True,,,424,1,入选：满足一级粗筛资格条件；本阶段不设置数量下限或上限
000723,美锦能源,3.6,-0.01098901098901095,-0.07928388746803072,-0.04255319148936165,-0.0027700831024930483,,,,0.1228571428571429,-0.12832929782082325,0.12228260869565209,1.0046984126984138,70395405.0,113855544.2,0.618287018823981,,0.026549259142117775,,True,-0.04190675746464123,-0.0185912542550406,False,3,1,结构未成熟,-0.12832929782082325,0.20895522388059723,-0.05263157894736836,,,,-0.08396946564885499,3.5,3.5,0.028571428571428692,0.028571428571428692,True,1,2026-08-19,沪深主板10%,11,9.887005649717517,0,0,1,1,1,1,4,True,20日方向仍偏弱,硬资格：最近25个交易日（含当日）至少一次按板块涨停价核验的实际涨停；通过后再按方向/非极端波动/不过热排序,467,True,,,424,1,入选：满足一级粗筛资格条件；本阶段不设置数量下限或上限
000735,罗 牛 山,5.94,0.024137931034482918,-0.08895705521472386,0.06642728904847406,-0.006688963210702337,,,,0.1619718309859155,-0.18741450068399446,0.32909090909090905,0.4921795969185278,94633615.4,105329172.6,0.8984558889433449,,0.05106932992018953,,True,-0.08389467238211867,0.007499601085048546,False,3,2,部分收敛/待确认,-0.18741450068399446,0.3964757709251104,-0.004608294930875445,,,,-0.09999999999999987,5.68,5.5,0.045774647887323994,0.08000000000000007,True,2,2026-08-18,沪深主板10%,11,9.980430528375738,0,0,1,1,1,1,4,True,20日方向仍偏弱,硬资格：最近25个交易日（含当日）至少一次按板块涨停价核验的实际涨停；通过后再按方向/非极端波动/不过热排序,467,True,,,424,1,入选：满足一级粗筛资格条件；本阶段不设置数量下限或上限
000811,冰轮环境,38.66,0.027918106886466232,0.024105960264900528,-0.009226037929267239,-0.015031847133758047,,,,0.10907035885843457,-0.11976320582877975,0.21002520302436292,0.5193203353112931,30390845.8,41361977.5,0.7347532114488482,,0.0422665271241722,,True,0.000537750053774877,-0.007775055916498075,True,3,3,收敛较充分,-0.15938247445096776,0.30849056603773545,-0.006450618077150527,,,,0.023021963482402708,35.39,35.39,0.09239898276349234,0.09239898276349234,True,1,2026-08-17,沪深主板10%,25,10.002439619419379,0,0,1,1,1,1,4,True,20日方向仍偏弱,硬资格：最近25个交易日（含当日）至少一次按板块涨停价核验的实际涨停；通过后再按方向/非极端波动/不过热排序,467,True,,,424,1,入选：满足一级粗筛资格条件；本阶段不设置数量下限或上限
000831,中国稀土,53.37,-0.024492780113324897,0.0001874062968514334,-0.0697228516646331,-0.07903364969801563,,,,0.08115543328748286,-0.14608,0.17702448210922783,0.4584418625069511,22881542.6,24244914.4,0.9437666894794234,,0.022846248622413173,,True,-0.005396896784348959,-0.02577654316533784,False,3,2,部分收敛/待确认,-0.15553797468354436,0.20146222583265608,-0.052950988394790066,,,,-0.013493530499075868,50.89,50.89,0.04873256042444485,0.04873256042444485,True,1,2026-08-14,沪深主板10%,15,9.998195271611632,0,0,1,1,1,1,4,True,20日方向仍偏弱,硬资格：最近25个交易日（含当日）至少一次按板块涨停价核验的实际涨停；通过后再按方向/非极端波动/不过热排序,467,True,,,424,1,入选：满足一级粗筛资格条件；本阶段不设置数量下限或上限
000912,泸天化,4.1,0.012345679012345734,-0.12393162393162394,-0.02147971360381884,0.09919571045576392,,,,0.18136020151133506,-0.21153846153846168,0.3231552162849873,0.5612170015272022,80897579.2,123251260.3,0.6563630992745314,,0.07860412008928568,,True,-0.10630942091616247,-0.024498886414254017,False,3,2,部分收敛/待确认,-0.21153846153846168,0.3251533742331286,-0.0397001990865441,,,,-0.12579957356076776,3.97,3.97,0.032745591939546514,0.032745591939546514,True,3,2026-09-09,沪深主板10%,25,10.1010101010101,2,0,0,1,1,0,4,True,近5日波动仍偏大,硬资格：最近25个交易日（含当日）至少一次按板块涨停价核验的实际涨停；通过后再按方向/非极端波动/不过热排序,467,True,,,424,1,入选：满足一级粗筛资格条件；本阶段不设置数量下限或上限
000930,中粮科技,5.21,0.03992015968063867,-0.19846153846153847,0.05252525252525242,0.07422680412371152,,,,0.2981744421906695,-0.2609929078014184,0.4358452138492871,0.6841292108206484,133333587.0,69171353.8,1.9275838866117436,,0.0236879424099836,,False,-0.11868940153794705,0.0010812759055685017,False,3,1,结构未成熟,-0.2609929078014184,0.2459016393442622,-0.009505703422053147,,,,-0.1859375000000001,4.93,4.92,0.05679513184584173,0.05894308943089421,True,2,2026-09-09,沪深主板10%,25,10.000000000000009,2,0,0,1,1,0,4,True,近5日波动仍偏大,硬资格：最近25个交易日（含当日）至少一次按板块涨停价核验的实际涨停；通过后再按方向/非极端波动/不过热排序,467,True,,,424,1,入选：满足一级粗筛资格条件；本阶段不设置数量下限或上限
000931,中 关 村,4.41,0.006849315068493178,-0.006756756756756799,-0.035010940919037226,-0.04751619870410362,,,,0.03488372093023264,-0.26006711409395966,0.2698412698412697,0.12927496580027398,14075966.8,56643008.7,0.24850316258006258,,0.07542048120153011,,True,-0.028368794326241398,-0.023326793110965638,False,3,2,部分收敛/待确认,-0.26006711409395966,0.14364640883977892,-0.08363636363636362,,,,-0.008988764044943864,4.3,4.3,0.0255813953488373,0.0255813953488373,True,3,2026-08-24,沪深主板10%,15,10.019646365422386,0,0,1,1,1,1,4,True,20日方向仍偏弱,硬资格：最近25个交易日（含当日）至少一次按板块涨停价核验的实际涨停；通过后再按方向/非极端波动/不过热排序,467,True,,,424,1,入选：满足一级粗筛资格条件；本阶段不设置数量下限或上限
001210,金房能源,28.28,-0.0010596962204166838,0.01543985637342904,-0.03874915023793335,-0.04973118279569899,,,,0.09626865671641785,-0.09677419354838701,0.13442028985507237,0.716176529750171,5020371.2,9425340.9,0.5326461136275719,,0.06301611140040361,,True,-0.009520476023801128,-0.010020876826722258,False,3,2,部分收敛/待确认,-0.09677419354838701,0.674543501611171,-0.004242883047833712,,,,-0.03150684931506842,26.8,26.8,0.055223880597014885,0.055223880597014885,True,1,2026-08-20,沪深主板10%,12,10.018484288354902,0,0,1,1,1,1,4,True,20日方向仍偏弱,硬资格：最近25个交易日（含当日）至少一次按板块涨停价核验的实际涨停；通过后再按方向/非极端波动/不过热排序,467,True,,,424,1,入选：满足一级粗筛资格条件；本阶段不设置数量下限或上限
001277,速达股份,29.45,0.01342050929112193,-0.029654036243822124,-0.05152979066022545,-0.18803418803418814,,,,0.049685094471658565,-0.26190476190476186,0.09606404269513005,0.5172080320348348,1513986.0,3744720.9,0.40429875561620626,,0.08177016181588619,,True,-0.03310035605960715,-0.025125628140703404,False,3,2,部分收敛/待确认,-0.26190476190476186,0.07685512367491175,-0.05343511450381688,,,,-0.018333333333333313,28.58,28.58,0.030440867739678135,0.030440867739678135,True,2,2026-08-20,沪深主板10%,25,10.010010010010006,0,0,1,1,1,1,4,True,20日方向仍偏弱,硬资格：最近25个交易日（含当日）至少一次按板块涨停价核验的实际涨停；通过后再按方向/非极端波动/不过热排序,467,True,,,424,1,入选：满足一级粗筛资格条件；本阶段不设置数量下限或上限
001309,德明利,396.93,-0.01014962593516211,-0.05090622160585345,-0.020071100577692236,-0.0029389600602863775,,,,0.0776377952755905,-0.11448968209704402,0.15528350515463918,0.4999745156336783,10367762.4,11784526.2,0.8797776188914579,,0.0713671779736105,,True,-0.029867392511288005,-0.012816477485098399,False,3,2,部分收敛/待确认,-0.11920559192277813,0.22871500358937563,-0.025823900729411098,,,,-0.02620151615514832,381.0,381.0,0.04181102362204725,0.04181102362204725,True,1,2026-08-27,沪深主板10%,25,10.000255957408676,0,0,1,1,1,1,4,True,20日方向仍偏弱,硬资格：最近25个交易日（含当日）至少一次按板块涨停价核验的实际涨停；通过后再按方向/非极端波动/不过热排序,467,True,,,424,1,入选：满足一级粗筛资格条件；本阶段不设置数量下限或上限
001358,兴欣新材,23.95,-0.024042379788101087,0.0261353898886032,-0.016830870279146093,-0.06845585375340335,,,,0.10617503331852496,-0.07813702848344883,0.11244635193133051,0.9442283497410804,2101204.2,1655760.9,1.2690263431151203,,0.032480989011601194,,False,-0.003983726055263537,-0.010905760905760897,False,3,1,结构未成熟,-0.1655052264808362,0.2326332794830369,-0.023226411631558586,,,,0.00419287211740027,22.51,22.51,0.06397156819191463,0.06397156819191463,True,1,2026-08-17,沪深主板10%,25,10.007818608287744,0,0,1,1,1,1,4,True,20日方向仍偏弱,硬资格：最近25个交易日（含当日）至少一次按板块涨停价核验的实际涨停；通过后再按方向/非极端波动/不过热排序,467,True,,,424,1,入选：满足一级粗筛资格条件；本阶段不设置数量下限或上限
002038,双鹭药业,5.6,0.0053859964093356805,-0.024390243902439157,-0.06040268456375841,-0.1304347826086958,,,,0.03818181818181818,-0.20903954802259894,0.13508771929824553,0.2826446280991737,12565838.4,31199824.7,0.40275349367587954,,0.03661114244367127,,True,-0.03341370995521875,-0.02357130744446334,False,3,2,部分收敛/待确认,-0.20903954802259894,0.0632911392405061,-0.07154107601757453,,,,-0.019264448336252293,5.5,5.5,0.018181818181818077,0.018181818181818077,True,2,2026-08-21,沪深主板10%,25,10.085470085470094,0,0,1,1,1,1,4,True,20日方向仍偏弱,硬资格：最近25个交易日（含当日）至少一次按板块涨停价核验的实际涨停；通过后再按方向/非极端波动/不过热排序,467,True,,,424,1,入选：满足一级粗筛资格条件；本阶段不设置数量下限或上限
002081,金 螳 螂,4.8,-0.012345679012345734,-0.043824701195219085,-0.03420523138832998,-0.1351351351351351,,,,0.06941431670281982,-0.22077922077922085,0.24696356275303638,0.28107108566551636,163928269.6,345282554.9,0.4747655717720131,,0.1355331440511279,,True,-0.055335968379446654,-0.03165412082609509,False,3,2,部分收敛/待确认,-0.2500000000000001,0.10614525139664777,-0.08510435528447546,,,,-0.026369168356997985,4.61,4.61,0.04121475054229928,0.04121475054229928,True,3,2026-08-25,沪深主板10%,13,10.018903591682427,0,0,1,1,1,1,4,True,20日方向仍偏弱,硬资格：最近25个交易日（含当日）至少一次按板块涨停价核验的实际涨停；通过后再按方向/非极端波动/不过热排序,467,True,,,424,1,入选：满足一级粗筛资格条件；本阶段不设置数量下限或上限
002124,天邦食品,2.24,0.004484304932735439,-0.0705394190871369,0.0181818181818183,-0.04273504273504258,,,,0.1146788990825688,-0.1578947368421052,0.2201834862385321,0.5208333333333334,94077100.6,171918524.8,0.547219101079676,,0.08971327470644842,,True,-0.06115702479338847,-0.004606365159128822,False,3,2,部分收敛/待确认,-0.1578947368421052,0.1250000000000001,-0.03903903903903916,,,,-0.07818930041152261,2.18,2.18,0.02752293577981657,0.02752293577981657,True,2,2026-09-04,沪深主板10%,25,10.13215859030836,0,0,1,1,1,1,4,True,20日方向仍偏弱,硬资格：最近25个交易日（含当日）至少一次按板块涨停价核验的实际涨停；通过后再按方向/非极端波动/不过热排序,467,True,,,424,1,入选：满足一级粗筛资格条件；本阶段不设置数量下限或上限
002161,远 望 谷,6.59,-0.0808926080892608,-0.09849521203830369,-0.04215116279069764,0.1460869565217391,,,,0.4429301533219762,-0.22195985832349474,0.1690363349131122,2.6203251126430924,68057953.0,24932139.7,2.7297277256953603,,0.0337098763015908,,False,-0.028680688336520044,-0.007001820473323206,False,3,0,结构未成熟,-0.22195985832349474,0.34265734265734243,-0.027090868827046588,,,,-0.18034825870646765,5.87,5.87,0.12265758091993173,0.12265758091993173,True,2,2026-09-16,沪深主板10%,25,9.986320109439117,2,0,0,1,1,0,4,True,近5日波动仍偏大,硬资格：最近25个交易日（含当日）至少一次按板块涨停价核验的实际涨停；通过后再按方向/非极端波动/不过热排序,467,True,,,424,1,入选：满足一级粗筛资格条件；本阶段不设置数量下限或上限
002213,大为股份,28.47,-0.03752535496957399,0.03527272727272712,-0.008013937282229988,-0.031632653061224536,,,,0.1514801999231064,-0.1445312500000001,0.16733797143903334,0.905235067811824,14858123.4,8381130.4,1.772806613294073,0.05081562063154157,0.04054380603007189,1.2533510197303857,False,0.032276952353070154,0.0013222786076763082,True,3,2,部分收敛/待确认,-0.1445312500000001,0.33837689133425,-0.025900708249221527,,,,-0.034587995930823956,26.01,26.01,0.09457900807381758,0.09457900807381758,True,1,2026-09-15,沪深主板10%,25,9.996270048489375,0,0,1,1,1,1,4,True,20日方向仍偏弱,硬资格：最近25个交易日（含当日）至少一次按板块涨停价核验的实际涨停；通过后再按方向/非极端波动/不过热排序,467,True,,,424,1,入选：满足一级粗筛资格条件；本阶段不设置数量下限或上限
002277,友阿股份,5.48,0.011070110701107083,-0.06324786324786313,-0.09570957095709554,-0.03690685413005268,,,,0.0981132075471699,-0.18330849478390454,0.12136752136752137,0.8083975551421745,19326199.4,24766141.1,0.7803476254926125,,0.0178398482188557,,True,-0.06073973532405841,-0.03564884224554399,False,3,2,部分收敛/待确认,-0.18330849478390454,0.1276595744680855,-0.09248985675250465,,,,-0.05841924398625431,5.3,5.3,0.03396226415094361,0.03396226415094361,True,1,2026-08-24,沪深主板10%,25,10.085470085470094,0,0,1,1,1,1,4,True,20日方向仍偏弱,硬资格：最近25个交易日（含当日）至少一次按板块涨停价核验的实际涨停；通过后再按方向/非极端波动/不过热排序,467,True,,,424,1,入选：满足一级粗筛资格条件；本阶段不设置数量下限或上限
002295,精艺股份,9.72,0.004132231404958775,-0.21103896103896103,-0.006134969325153228,0.09213483146067425,,,,0.2776497695852535,-0.2370486656200942,0.3538788522848034,0.7845898894285992,23825177.6,20506779.6,1.1618195574696673,,0.06325221939904302,,False,-0.10414414414414419,-0.016541496339956385,False,3,1,结构未成熟,-0.2370486656200942,0.2561576354679805,-0.03235440517670474,,,,-0.1235347159603245,8.68,8.68,0.11981566820276512,0.11981566820276512,True,4,2026-09-09,沪深主板10%,25,10.05181347150257,2,0,0,1,1,0,4,True,近5日波动仍偏大,硬资格：最近25个交易日（含当日）至少一次按板块涨停价核验的实际涨停；通过后再按方向/非极端波动/不过热排序,467,True,,,424,1,入选：满足一级粗筛资格条件；本阶段不设置数量下限或上限
002365,永安药业,13.8,-0.0057636887608069065,-0.012875536480686622,-0.060585432266848094,-0.12436548223350252,,,,0.12326656394453002,-0.19439579684763564,0.15522174535050057,0.7941320571172955,23259420.2,40063625.5,0.5805620412461173,,0.1529057575807056,,True,-0.05281737949762366,-0.027167318322772194,False,3,2,部分收敛/待确认,-0.19439579684763564,0.21462264150943408,-0.07391873301345486,,,,-0.053497942386831254,12.98,12.98,0.06317411402157158,0.06317411402157158,True,1,2026-08-18,沪深主板10%,11,9.971711456859978,0,0,1,1,1,1,4,True,20日方向仍偏弱,硬资格：最近25个交易日（含当日）至少一次按板块涨停价核验的实际涨停；通过后再按方向/非极端波动/不过热排序,467,True,,,424,1,入选：满足一级粗筛资格条件；本阶段不设置数量下限或上限
002403,爱仕达,9.64,0.021186440677966267,-0.176068376068376,-0.05951219512195116,0.021186440677966267,,,,0.2745098039215686,-0.29635036496350353,0.5121412803532007,0.536004056795132,30481163.6,24328586.0,1.2528949935684712,,0.08186992516196256,,False,-0.15716248711782888,-0.002887044388307336,False,3,1,结构未成熟,-0.29635036496350353,0.12500000000000006,-0.0581798641981337,,,,-0.176068376068376,9.18,9.18,0.050108932461873756,0.050108932461873756,True,4,2026-09-08,沪深主板10%,25,10.048780487804866,2,0,0,1,1,0,4,True,近5日波动仍偏大,硬资格：最近25个交易日（含当日）至少一次按板块涨停价核验的实际涨停；通过后再按方向/非极端波动/不过热排序,467,True,,,424,1,入选：满足一级粗筛资格条件；本阶段不设置数量下限或上限
002445,中南文化,3.14,0.01948051948051943,0.016181229773462924,-0.012578616352201255,-0.009463722397476282,,,,0.06020066889632097,-0.23039215686274506,0.14983713355048858,0.4017740293732726,50047158.4,110528287.3,0.4527995468179122,,0.046710233509850506,,True,-0.013392857142857206,-0.01814768460575711,False,3,2,部分收敛/待确认,-0.23039215686274506,0.21666666666666684,-0.04092852779474643,,,,0.009646302250803984,2.99,2.99,0.050167224080267525,0.050167224080267525,True,2,2026-08-25,沪深主板10%,15,10.130718954248374,0,0,1,1,1,1,4,True,20日方向仍偏弱,硬资格：最近25个交易日（含当日）至少一次按板块涨停价核验的实际涨停；通过后再按方向/非极端波动/不过热排序,467,True,,,424,1,入选：满足一级粗筛资格条件；本阶段不设置数量下限或上限
002448,中原内配,11.18,0.0,-0.06910907577019154,-0.05494505494505497,-0.09546925566343045,,,,0.08826205641492271,-0.12656250000000002,0.07586206896551731,1.1634543800148893,12087120.0,18114724.5,0.6672538685310947,,0.031204871324863742,,True,-0.03623681524328004,-0.01619330224671467,False,3,1,结构未成熟,-0.20427046263345205,0.062091503267973684,-0.0619231414666892,,,,-0.0652173913043479,10.99,10.99,0.017288444040036266,0.017288444040036266,True,1,2026-08-17,沪深主板10%,25,10.008071025020172,0,0,1,1,1,1,4,True,20日方向仍偏弱,硬资格：最近25个交易日（含当日）至少一次按板块涨停价核验的实际涨停；通过后再按方向/非极端波动/不过热排序,467,True,,,424,1,入选：满足一级粗筛资格条件；本阶段不设置数量下限或上限
002515,金字火腿,7.47,-0.007968127490039945,-0.029870129870129936,-0.022251308900523514,-0.07549504950495056,,,,0.12968299711815554,-0.15878378378378388,0.22314049586776874,0.58117195004803,66732254.2,109194446.1,0.6111323110599121,,0.10073410670535275,,True,-0.03835040714473337,-0.013538141109086133,False,3,2,部分收敛/待确认,-0.15878378378378388,0.27319587628865943,-0.04469595242662572,,,,-0.04719387755102045,6.94,6.94,0.07636887608069154,0.07636887608069154,True,3,2026-09-07,沪深主板10%,25,10.000000000000009,0,0,1,1,1,1,4,True,20日方向仍偏弱,硬资格：最近25个交易日（含当日）至少一次按板块涨停价核验的实际涨停；通过后再按方向/非极端波动/不过热排序,467,True,,,424,1,入选：满足一级粗筛资格条件；本阶段不设置数量下限或上限
002645,华宏科技,17.86,-0.030927835051546393,-0.0011185682326622093,-0.027762656505171512,-0.0697916666666667,,,,0.11124260355029601,-0.09386098427194323,0.13410404624277458,0.8295245868190175,19361376.2,18800541.1,1.029830795667897,,0.027639177198496172,,False,0.008702531645569556,-0.00585088599130712,True,3,2,部分收敛/待确认,-0.1874431301182894,0.18897637795275601,-0.030164806820341616,,,,-0.030401737242128246,16.9,16.9,0.05680473372781081,0.05680473372781081,True,1,2026-08-14,沪深主板10%,25,9.984639016897079,0,0,1,1,1,1,4,True,20日方向仍偏弱,硬资格：最近25个交易日（含当日）至少一次按板块涨停价核验的实际涨停；通过后再按方向/非极端波动/不过热排序,467,True,,,424,1,入选：满足一级粗筛资格条件；本阶段不设置数量下限或上限
002742,冀衡医药,4.06,0.0,-0.07093821510297493,-0.10375275938189854,-0.06451612903225812,,,,0.1015228426395939,-0.34935897435897445,0.4647887323943663,0.21842793416397469,26026669.8,97473807.9,0.26701193234085197,,0.18604672272394712,,True,-0.055784179240969456,-0.06499454743729538,False,3,2,部分收敛/待确认,-0.34935897435897445,0.052173913043478105,-0.13331198633792296,,,,-0.06451612903225812,3.94,3.94,0.030456852791878042,0.030456852791878042,True,5,2026-08-28,沪深主板10%,15,10.11764705882352,0,0,1,1,1,1,4,True,20日方向仍偏弱,硬资格：最近25个交易日（含当日）至少一次按板块涨停价核验的实际涨停；通过后再按方向/非极端波动/不过热排序,467,True,,,424,1,入选：满足一级粗筛资格条件；本阶段不设置数量下限或上限
002790,瑞尔特,6.47,-0.08356940509915012,-0.23522458628841614,0.0031007751937983663,0.08739495798319319,,,,0.610062893081761,-0.3681640625,0.4170854271356786,1.4626809123285587,51622008.4,9245173.0,5.583671435894169,,0.036092761406099606,,False,-0.050698016164584914,0.021748050882232084,False,3,0,结构未成熟,-0.3681640625,0.16407982261640783,-0.05229236853669261,,,,-0.30504833512352314,6.36,6.32,0.01729559748427656,0.023734177215189778,True,4,2026-09-11,沪深主板10%,25,10.078740157480315,2,0,0,1,1,0,4,True,近5日波动仍偏大,硬资格：最近25个交易日（含当日）至少一次按板块涨停价核验的实际涨停；通过后再按方向/非极端波动/不过热排序,467,True,,,424,1,入选：满足一级粗筛资格条件；本阶段不设置数量下限或上限
002880,卫光生物,20.71,0.0033914728682171713,-0.0380863910822109,-0.05520072992700731,-0.05390589310187299,,,,0.06939590614078885,-0.1652559451833937,0.0842644320297951,0.8235492065768759,1771619.0,4172751.1,0.4245685777903216,,0.020444696397077317,,True,-0.04614241945966002,-0.020802919708029055,False,3,2,部分收敛/待确认,-0.1652559451833937,0.1683569979716028,-0.05208714756499455,,,,-0.033146591970121375,20.03,20.03,0.03394907638542177,0.03394907638542177,True,2,2026-08-25,沪深主板10%,25,10.000000000000009,0,0,1,1,1,1,4,True,20日方向仍偏弱,硬资格：最近25个交易日（含当日）至少一次按板块涨停价核验的实际涨停；通过后再按方向/非极端波动/不过热排序,467,True,,,424,1,入选：满足一级粗筛资格条件；本阶段不设置数量下限或上限
002907,华森制药,13.58,0.02413273001508287,0.0,-0.0743012951601909,-0.10125744540039705,,,,0.06274206041828044,-0.21320973348783323,0.18847006651884693,0.33290199116052344,6986501.8,14322323.0,0.4878050718448397,,0.042243051806613446,,True,-0.03789625360230542,-0.02859350850077269,False,3,2,部分收敛/待确认,-0.26315789473684204,0.1213768115942029,-0.06157141869946792,,,,-0.010204081632653073,12.91,12.91,0.05189775367931837,0.05189775367931837,True,3,2026-08-25,沪深主板10%,25,10.026212319790307,0,0,1,1,1,1,4,True,20日方向仍偏弱,硬资格：最近25个交易日（含当日）至少一次按板块涨停价核验的实际涨停；通过后再按方向/非极端波动/不过热排序,467,True,,,424,1,入选：满足一级粗筛资格条件；本阶段不设置数量下限或上限
002951,金时科技,15.78,0.0063775510204080454,-0.0006333122229258414,-0.011278195488721887,-0.018046048537647796,,,,0.04196721311475413,-0.05959475566150185,0.0752895752895754,0.5574106767549387,2617700.0,4515899.9,0.5796629814580256,,0.0116206211656663,,True,-0.013014910285569892,-0.006463759021022697,False,3,2,部分收敛/待确认,-0.19776309100152523,0.14879649890590796,-0.011928242697473612,,,,0.0006341154090043766,15.25,15.25,0.034754098360655794,0.034754098360655794,True,1,2026-08-14,沪深主板10%,25,10.006064281382665,0,0,1,1,1,1,4,True,20日方向仍偏弱,硬资格：最近25个交易日（含当日）至少一次按板块涨停价核验的实际涨停；通过后再按方向/非极端波动/不过热排序,467,True,,,424,1,入选：满足一级粗筛资格条件；本阶段不设置数量下限或上限
002953,日丰股份,10.48,-0.005692599620493288,-0.049864007252946374,-0.026022304832713727,-0.06093189964157708,,,,0.08785784797630787,-0.11858704793944497,0.1432692307692308,0.6132359858749005,14135241.4,23884592.5,0.5918142166335892,,0.07362549323588444,,True,-0.037111886827117524,-0.013929889298892939,False,3,2,部分收敛/待确认,-0.1266666666666666,0.4085603112840469,-0.03396782965386924,,,,-0.04900181488203259,10.13,10.13,0.03455083909180656,0.03455083909180656,True,3,2026-08-27,沪深主板10%,25,10.037523452157604,0,0,1,1,1,1,4,True,20日方向仍偏弱,硬资格：最近25个交易日（含当日）至少一次按板块涨停价核验的实际涨停；通过后再按方向/非极端波动/不过热排序,467,True,,,424,1,入选：满足一级粗筛资格条件；本阶段不设置数量下限或上限
002989,中天精装,23.39,-0.008898305084745761,-0.007215619694397213,-0.0008543357539513297,-0.06440000000000001,,,,0.09909090909090908,-0.07476265822784811,0.094582593250444,1.0476653862569358,5126706.4,5312848.2,0.9649638399230003,,0.026854906150920687,,True,-0.007422574865625808,0.0013680475396522507,True,3,2,部分收敛/待确认,-0.11199696279422933,0.3202764976958527,-0.009758472513282879,,,,-0.019287211740042,22.0,22.0,0.06318181818181823,0.06318181818181823,True,1,2026-08-14,沪深主板10%,25,10.021691973969627,0,0,1,1,1,1,4,True,20日方向仍偏弱,硬资格：最近25个交易日（含当日）至少一次按板块涨停价核验的实际涨停；通过后再按方向/非极端波动/不过热排序,467,True,,,424,1,入选：满足一级粗筛资格条件；本阶段不设置数量下限或上限
300017,网宿科技,14.79,0.00612244897959191,-0.01857996018579966,-0.07097989949748751,-0.06273764258555137,,,,0.0818181818181818,-0.11064341551413104,0.11610738255033548,0.7046768260641098,95897896.2,155525026.0,0.6166074918386447,,0.07626573914145109,,True,-0.01848158489562568,-0.027016571023276925,False,3,2,部分收敛/待确认,-0.15437392795883365,0.17177914110429418,-0.036419310704280505,,,,-0.04395604395604402,14.3,14.3,0.034265734265734205,0.034265734265734205,True,1,2026-08-14,创业板20%,25,20.01385041551247,0,0,1,1,1,1,4,True,20日方向仍偏弱,硬资格：最近25个交易日（含当日）至少一次按板块涨停价核验的实际涨停；通过后再按方向/非极端波动/不过热排序,467,True,,,424,1,入选：满足一级粗筛资格条件；本阶段不设置数量下限或上限
300120,经纬辉开,7.1,0.0028248587570620654,-0.011142061281337101,-0.05835543766578255,-0.21111111111111114,,,,0.047965116279069776,-0.27104722792607805,0.3718309859154931,0.1289970930232558,17135874.6,41542015.4,0.41249502305080754,,0.07880884752846422,,True,-0.017514595496246788,-0.029919137466307366,False,3,2,部分收敛/待确认,-0.27104722792607805,0.07692307692307683,-0.10477871642920178,,,,-0.015256588072122046,6.88,6.88,0.03197674418604657,0.03197674418604657,True,1,2026-08-14,创业板20%,25,19.948186528497413,0,0,1,1,1,1,4,True,20日方向仍偏弱,硬资格：最近25个交易日（含当日）至少一次按板块涨停价核验的实际涨停；通过后再按方向/非极端波动/不过热排序,467,True,,,424,1,入选：满足一级粗筛资格条件；本阶段不设置数量下限或上限
300122,智飞生物,12.35,0.0016220600162206722,-0.0321316614420063,-0.10050983248361256,-0.1470994475138122,,,,0.053278688524590195,-0.19700910273081929,0.16771159874608155,0.31768040447372464,21626797.4,41115409.6,0.5260022363975184,,0.0290710796605347,,True,-0.039944263817928594,-0.03468818339491764,False,3,2,部分收敛/待确认,-0.19700910273081929,0.09552238805970154,-0.07247465264739006,,,,-0.03891050583657585,12.2,12.2,0.012295081967213184,0.012295081967213184,True,1,2026-08-20,创业板20%,12,19.96685998343,0,0,1,1,1,1,4,True,20日方向仍偏弱,硬资格：最近25个交易日（含当日）至少一次按板块涨停价核验的实际涨停；通过后再按方向/非极端波动/不过热排序,467,True,,,424,1,入选：满足一级粗筛资格条件；本阶段不设置数量下限或上限
300142,沃森生物,13.07,0.007710100231302919,0.005384615384615321,-0.009848484848484773,-0.13558201058201047,,,,0.05979543666404404,-0.22981732469063043,0.17532971295577965,0.34104565424757866,59349230.4,99045327.7,0.5992128228376794,,0.06280933264897415,,True,-0.012656320626789008,-0.0072496601721793175,False,3,2,部分收敛/待确认,-0.22981732469063043,0.11963882618510184,-0.05152394775036295,,,,-0.028252788104089155,12.71,12.71,0.028324154209284025,0.028324154209284025,True,1,2026-08-20,创业板20%,25,19.999999999999996,0,0,1,1,1,1,4,True,20日方向仍偏弱,硬资格：最近25个交易日（含当日）至少一次按板块涨停价核验的实际涨停；通过后再按方向/非极端波动/不过热排序,467,True,,,424,1,入选：满足一级粗筛资格条件；本阶段不设置数量下限或上限
300189,神农种业,6.68,0.08617886178861767,-0.07350901525658815,-0.049786628733997196,0.05362776025236582,,,,0.28885135135135137,-0.19807923169267716,0.3413848631239936,0.8461164584395716,243300230.0,335252882.2,0.7257215162578549,,0.3782823377244443,,True,-0.10413223140495875,-0.03290019353055007,False,3,2,部分收敛/待确认,-0.19807923169267716,0.5564516129032256,-0.006765296260501041,,,,-0.1245085190039319,5.92,5.92,0.1283783783783783,0.1283783783783783,True,2,2026-09-01,创业板20%,25,20.038535645472066,2,0,0,1,1,0,4,True,近5日波动仍偏大,硬资格：最近25个交易日（含当日）至少一次按板块涨停价核验的实际涨停；通过后再按方向/非极端波动/不过热排序,467,True,,,424,1,入选：满足一级粗筛资格条件；本阶段不设置数量下限或上限
300598,诚迈科技,30.08,0.0033355570380253496,-0.020195439739413734,-0.09859154929577463,-0.17589041095890412,,,,0.07758620689655173,-0.1541057367829023,0.15635179153094464,0.49622844827586204,6198151.2,12404802.7,0.49965737866995663,,0.06631710092143606,,True,-0.034914488544691924,-0.03831902673994925,False,3,2,部分收敛/待确认,-0.19378182792816945,0.23492063492063472,-0.06437114107528907,,,,-0.03744000000000003,29.0,29.0,0.03724137931034477,0.03724137931034477,True,1,2026-08-18,创业板20%,25,20.01387443635103,0,0,1,1,1,1,4,True,20日方向仍偏弱,硬资格：最近25个交易日（含当日）至少一次按板块涨停价核验的实际涨停；通过后再按方向/非极端波动/不过热排序,467,True,,,424,1,入选：满足一级粗筛资格条件；本阶段不设置数量下限或上限
300679,电连技术,44.25,-0.008292245629762385,0.03484565014031804,-0.018847006651884768,-0.12289395441030726,,,,0.12493802677243428,-0.18297636632200887,0.2779613025011796,0.44947992993342684,16876536.0,18583176.1,0.9081620875346491,,0.05169578813343395,,True,0.00859241465330074,-0.016428958295721108,False,3,2,部分收敛/待确认,-0.20111933562014805,0.2598006644518271,-0.04906195603120367,,,,-0.00918047469771599,40.34,40.34,0.09692612791274158,0.09692612791274158,True,1,2026-08-17,创业板20%,25,20.004690431519712,0,0,1,1,1,1,4,True,20日方向仍偏弱,硬资格：最近25个交易日（含当日）至少一次按板块涨停价核验的实际涨停；通过后再按方向/非极端波动/不过热排序,467,True,,,424,1,入选：满足一级粗筛资格条件；本阶段不设置数量下限或上限
300765,石药创新,43.27,0.0025486561631140603,0.01501290171240921,-0.02192585895117538,-0.16434916956353796,,,,0.06765834932821498,-0.1593161064697881,0.1670395227442209,0.4050439573622151,12158812.8,20936116.0,0.5807578062712301,,0.014407090131913028,,True,0.0004642310013462936,-0.008424849882417429,True,3,3,收敛较充分,-0.16434916956353796,0.275744680851064,-0.024527706388926318,,,,-0.013226909920182384,41.68,40.23,0.03814779270633406,0.07556549838429039,True,1,2026-08-20,创业板20%,25,19.999999999999996,0,0,1,1,1,1,4,True,20日方向仍偏弱,硬资格：最近25个交易日（含当日）至少一次按板块涨停价核验的实际涨停；通过后再按方向/非极端波动/不过热排序,467,True,,,424,1,入选：满足一级粗筛资格条件；本阶段不设置数量下限或上限
300841,康华生物,50.25,0.014127144298688332,0.01106639839034207,-0.009657075285770644,-0.16680484165146747,,,,0.0620300751879699,-0.15218491648388732,0.10679414157851913,0.5808378088077334,2059438.4,3114922.2,0.6611524358457491,,0.0256213336827024,,True,-0.011832427246562194,-0.011056923411060793,False,3,2,部分收敛/待确认,-0.16680484165146747,0.23672230652503776,-0.02695480422911578,,,,0.0,47.88,47.88,0.04949874686716793,0.04949874686716793,True,1,2026-08-20,创业板20%,15,19.99602069239954,0,0,1,1,1,1,4,True,20日方向仍偏弱,硬资格：最近25个交易日（含当日）至少一次按板块涨停价核验的实际涨停；通过后再按方向/非极端波动/不过热排序,467,True,,,424,1,入选：满足一级粗筛资格条件；本阶段不设置数量下限或上限
301106,骏成科技,18.91,0.007995735607675858,-0.005783385909568839,0.007995735607675858,-0.16104702750665478,,,,0.07615894039735094,-0.2156781418498548,0.10210696920583451,0.7458740670661208,3110176.0,5937416.2,0.5238265089114016,,0.047982250491191904,,True,-0.02071503680336495,-0.011554075153533905,False,3,2,部分收敛/待确认,-0.25609756097560976,0.2332155477031802,-0.037756971300630826,,,,-0.0073490813648294795,18.12,18.12,0.043598233995584934,0.043598233995584934,True,2,2026-08-19,创业板20%,25,20.018885741265358,0,0,1,1,1,1,4,True,20日方向仍偏弱,硬资格：最近25个交易日（含当日）至少一次按板块涨停价核验的实际涨停；通过后再按方向/非极端波动/不过热排序,467,True,,,424,1,入选：满足一级粗筛资格条件；本阶段不设置数量下限或上限
301127,武汉天源,17.05,0.00887573964497057,-0.026270702455739592,-0.06370126304228452,-0.07588075880758804,,,,0.0723926380368098,-0.16092519685039364,0.2779874213836478,0.26041695583377283,13953364.4,29849434.0,0.4674582573324506,,0.05024668280287232,,True,-0.02047702152414199,-0.015039743809687534,False,3,2,部分收敛/待确认,-0.16092519685039364,0.41711229946524064,-0.04777861550920104,,,,-0.024599542334096114,16.3,16.3,0.04601226993865026,0.04601226993865026,True,1,2026-08-17,创业板20%,25,19.973544973544975,0,0,1,1,1,1,4,True,20日方向仍偏弱,硬资格：最近25个交易日（含当日）至少一次按板块涨停价核验的实际涨停；通过后再按方向/非极端波动/不过热排序,467,True,,,424,1,入选：满足一级粗筛资格条件；本阶段不设置数量下限或上限
301129,瑞纳智能,22.77,-0.0026281208935610145,-0.020645161290322567,-0.02316602316602312,-0.050458715596330306,,,,0.04467509025270751,-0.1249039200614912,0.06093818500657609,0.7331214450821998,1537060.0,2750682.5,0.5587922270200214,,0.04076746081736998,,True,-0.015475058355666982,-0.013352163307227993,False,3,2,部分收敛/待确认,-0.1394557823129252,0.24693877551020416,-0.029845976864574575,,,,-0.01641468682505398,22.16,22.16,0.027527075812274315,0.027527075812274315,True,1,2026-08-18,创业板20%,25,19.999999999999996,0,0,1,1,1,1,4,True,20日方向仍偏弱,硬资格：最近25个交易日（含当日）至少一次按板块涨停价核验的实际涨停；通过后再按方向/非极端波动/不过热排序,467,True,,,424,1,入选：满足一级粗筛资格条件；本阶段不设置数量下限或上限
301177,迪阿股份,22.36,-0.01541171290180543,-0.03662214562688504,-0.10524209683873542,-0.02528334786399311,,,,0.04189435336976312,-0.22171945701357465,0.17758620689655177,0.2359099510142,1411232.0,4709231.6,0.29967351786223473,,0.011772784680382922,,True,-0.03580342542387471,-0.03263723896461179,False,3,2,部分收敛/待确认,-0.22171945701357465,0.07278020378457059,-0.07809021192380627,,,,-0.022727272727272707,21.96,21.96,0.01821493624772308,0.01821493624772308,True,1,2026-08-26,创业板20%,15,20.00835421888052,0,0,1,1,1,1,4,True,20日方向仍偏弱,硬资格：最近25个交易日（含当日）至少一次按板块涨停价核验的实际涨停；通过后再按方向/非极端波动/不过热排序,467,True,,,424,1,入选：满足一级粗筛资格条件；本阶段不设置数量下限或上限
301211,亨迪药业,11.57,0.02298850574712641,0.025709219858156107,-0.020321761219305734,-0.1416913946587537,,,,0.08103130755064464,-0.15362106803218722,0.15996425379803406,0.5065588444087782,7785851.6,10659453.8,0.7304175003788654,,0.025525732022594026,,True,-0.013612565445026092,-0.015020169942494221,False,3,2,部分收敛/待确认,-0.22866666666666668,0.17149758454106298,-0.031069424671300472,,,,0.006086956521739184,10.86,10.86,0.06537753222836096,0.06537753222836096,True,1,2026-08-19,创业板20%,25,19.96699669966997,0,0,1,1,1,1,4,True,20日方向仍偏弱,硬资格：最近25个交易日（含当日）至少一次按板块涨停价核验的实际涨停；通过后再按方向/非极端波动/不过热排序,467,True,,,424,1,入选：满足一级粗筛资格条件；本阶段不设置数量下限或上限
301231,荣信文化,27.2,0.032258064516129004,-0.04393673110720564,-0.06142167011732236,-0.011627906976744207,,,,0.10645792563600778,-0.1641057160417947,0.250576479631053,0.42485202838173663,3625926.2,9550023.5,0.3796772018414405,,0.1642175246770316,,True,-0.05406357933319261,-0.034520812497844555,False,3,2,部分收敛/待确认,-0.1641057160417947,0.259361997226075,-0.02923016524501232,,,,-0.037849310222851096,25.55,25.55,0.06457925636007822,0.06457925636007822,True,1,2026-08-31,创业板20%,25,19.984656693517454,0,0,1,1,1,1,4,True,20日方向仍偏弱,硬资格：最近25个交易日（含当日）至少一次按板块涨停价核验的实际涨停；通过后再按方向/非极端波动/不过热排序,467,True,,,424,1,入选：满足一级粗筛资格条件；本阶段不设置数量下限或上限
600198,大唐电信,7.5,-0.03100775193798455,-0.06367041198501866,-0.015748031496062964,-0.01055408970976257,,,,0.11486486486486482,-0.09420289855072461,0.10547396528704928,1.0890352377694157,30480129.4,25225166.0,1.2083222524680313,,0.018773107528089167,,False,-0.01814058956916098,-0.005374280230326267,False,3,0,结构未成熟,-0.09420289855072461,0.3275862068965518,-0.038461538461538436,,,,-0.07975460122699396,7.4,7.4,0.013513513513513375,0.013513513513513375,True,1,2026-08-14,沪深主板10%,25,9.957924263674611,0,0,1,1,1,1,4,True,20日方向仍偏弱,硬资格：最近25个交易日（含当日）至少一次按板块涨停价核验的实际涨停；通过后再按方向/非极端波动/不过热排序,467,True,,,424,1,入选：满足一级粗筛资格条件；本阶段不设置数量下限或上限
600272,开开实业,15.04,0.008042895442359255,-0.055276381909547756,-0.07843137254901966,-0.1794871794871794,,,,0.09047619047619061,-0.34551784160139254,0.38903061224489804,0.23256830601092926,15729072.4,39778165.4,0.3954197545772184,,0.24861353375000003,,True,-0.06276254015319982,-0.05590754429191591,False,3,2,部分收敛/待确认,-0.34551784160139254,0.041062801932367124,-0.1420422133485455,,,,-0.06175920149719283,14.7,14.7,0.023129251700680253,0.023129251700680253,True,4,2026-08-26,沪深主板10%,15,10.010427528675713,0,0,1,1,1,1,4,True,20日方向仍偏弱,硬资格：最近25个交易日（含当日）至少一次按板块涨停价核验的实际涨停；通过后再按方向/非极端波动/不过热排序,467,True,,,424,1,入选：满足一级粗筛资格条件；本阶段不设置数量下限或上限
600288,大恒科技,10.64,-0.01298701298701288,-0.014814814814814836,-0.05840707964601766,-0.053380782918149405,,,,0.04022988505747126,-0.08904109589041087,0.08348794063079781,0.48186462324393325,11468746.8,21931233.9,0.5229412468215024,,0.05020886881868127,,True,-0.017847286108555682,-0.017535930579408943,False,3,2,部分收敛/待确认,-0.19999999999999996,0.06993006993007027,-0.037583103432680565,,,,-0.02025782688766109,10.44,10.44,0.019157088122605526,0.019157088122605526,True,1,2026-08-14,沪深主板10%,25,9.98336106489186,0,0,1,1,1,1,4,True,20日方向仍偏弱,硬资格：最近25个交易日（含当日）至少一次按板块涨停价核验的实际涨停；通过后再按方向/非极端波动/不过热排序,467,True,,,424,1,入选：满足一级粗筛资格条件；本阶段不设置数量下限或上限
600313,农发种业,7.14,0.056213017751479244,-0.06176084099868606,-0.006954102920723293,0.03179190751445082,,,,0.21374045801526723,-0.16880093131548313,0.26323529411764707,0.8119749243038085,97006590.2,150947174.1,0.6426525755012462,,0.13350865228337466,,True,-0.08976707668149697,-0.022637013502779912,False,3,2,部分收敛/待确认,-0.16880093131548313,0.5214521452145214,-0.014628760695556298,,,,-0.10188679245283028,6.55,6.55,0.09007633587786268,0.09007633587786268,True,3,2026-09-01,沪深主板10%,25,10.064935064935066,2,0,0,1,1,0,4,True,近5日波动仍偏大,硬资格：最近25个交易日（含当日）至少一次按板块涨停价核验的实际涨停；通过后再按方向/非极端波动/不过热排序,467,True,,,424,1,入选：满足一级粗筛资格条件；本阶段不设置数量下限或上限
600318,新力金融,6.63,0.010670731707317138,-0.1804697156983931,-0.05555555555555547,0.018433179723502224,,,,0.27214170692431566,-0.1804697156983931,0.1985185185185185,1.3708630759247245,61503241.0,50626123.4,1.2148518762548586,,0.09873882396882401,,False,-0.09446254071661242,-0.030410958904109497,False,3,0,结构未成熟,-0.1804697156983931,0.2234042553191489,-0.04843918191603891,,,,-0.16075949367088616,6.21,6.21,0.06763285024154597,0.06763285024154597,True,2,2026-09-10,沪深主板10%,25,10.068027210884356,2,0,0,1,1,0,4,True,近5日波动仍偏大,硬资格：最近25个交易日（含当日）至少一次按板块涨停价核验的实际涨停；通过后再按方向/非极端波动/不过热排序,467,True,,,424,1,入选：满足一级粗筛资格条件；本阶段不设置数量下限或上限
600536,中国软件,31.07,-0.021109010712035192,-0.029668956901936383,-0.07557274620648613,-0.13574408901251744,,,,0.054176072234762854,-0.11732954545454555,0.09798994974874375,0.5528737628060413,11880232.0,23941635.1,0.49621640085893715,,0.03345586498187826,,True,-0.019639527656929667,-0.022637735620340882,False,3,2,部分收敛/待确认,-0.16456036568970145,0.09867452135493399,-0.055019921530460314,,,,-0.03897309000927929,31.01,31.01,0.001934859722670046,0.001934859722670046,True,1,2026-08-18,沪深主板10%,25,9.99361430395913,0,0,1,1,1,1,4,True,20日方向仍偏弱,硬资格：最近25个交易日（含当日）至少一次按板块涨停价核验的实际涨停；通过后再按方向/非极端波动/不过热排序,467,True,,,424,1,入选：满足一级粗筛资格条件；本阶段不设置数量下限或上限
600540,新赛股份,5.45,0.034155597722960174,-0.1692073170731706,-0.1006600660066006,0.3390663390663391,,,,0.22745098039215692,-0.2713903743315508,0.48118811881188134,0.4726861938190914,113955769.6,127225955.8,0.895695920564662,,0.21883556548233346,,True,-0.13877551020408163,-0.047334486554489685,False,3,2,部分收敛/待确认,-0.2713903743315508,0.44230769230769235,-0.017752545733080938,,,,-0.12939297124600635,5.1,5.1,0.06862745098039236,0.06862745098039236,True,7,2026-09-09,沪深主板10%,25,10.099009900990087,2,0,0,1,1,0,4,True,近5日波动仍偏大,硬资格：最近25个交易日（含当日）至少一次按板块涨停价核验的实际涨停；通过后再按方向/非极端波动/不过热排序,467,True,,,424,1,入选：满足一级粗筛资格条件；本阶段不设置数量下限或上限
600604,市北高新,4.51,0.011210762331838486,-0.032188841201716833,-0.06431535269709554,-0.010964912280701733,,,,0.07126436781609208,-0.1293436293436293,0.12121212121212112,0.5879310344827601,12213628.6,32112251.7,0.3803417061532312,,0.026387998622065416,,True,-0.036449399656946824,-0.023157894736842155,False,3,2,部分收敛/待确认,-0.15700934579439252,0.16000000000000014,-0.047820120342024874,,,,-0.032188841201716833,4.35,4.35,0.0367816091954023,0.0367816091954023,True,2,2026-08-26,沪深主板10%,25,10.022271714922049,0,0,1,1,1,1,4,True,20日方向仍偏弱,硬资格：最近25个交易日（含当日）至少一次按板块涨停价核验的实际涨停；通过后再按方向/非极端波动/不过热排序,467,True,,,424,1,入选：满足一级粗筛资格条件；本阶段不设置数量下限或上限
600613,神奇制药,8.54,0.04146341463414638,0.003525264394829586,-0.060506050605060535,-0.00233644859813098,,,,0.13888888888888884,-0.3312451057165231,0.5573170731707318,0.24920982251397994,73520819.2,126114018.8,0.5829710281185647,,0.263110290804528,,True,-0.05604719764011801,-0.05733376441426874,False,3,2,部分收敛/待确认,-0.3312451057165231,0.4485006518904823,-0.1134181157539581,,,,-0.012716763005780507,7.92,7.92,0.07828282828282829,0.07828282828282829,True,6,2026-08-27,沪深主板10%,25,10.070921985815605,0,0,1,1,1,1,4,True,20日方向仍偏弱,硬资格：最近25个交易日（含当日）至少一次按板块涨停价核验的实际涨停；通过后再按方向/非极端波动/不过热排序,467,True,,,424,1,入选：满足一级粗筛资格条件；本阶段不设置数量下限或上限
600683,京投发展,9.4,-0.00634249471458781,-0.03292181069958855,-0.0398365679264554,-0.11737089201877937,,,,0.06637649619151265,-0.22506183017312453,0.2849576271186442,0.23293461860515952,13070407.8,41229379.2,0.3170168470545392,,0.05565689265843169,,True,-0.027021452145214342,-0.02008154943934748,False,3,2,部分收敛/待确认,-0.33895921237693394,0.041749502982107514,-0.05759687202366037,,,,-0.04081632653061229,9.19,9.19,0.022850924918389692,0.022850924918389692,True,2,2026-08-27,沪深主板10%,15,10.0206611570248,0,0,1,1,1,1,4,True,20日方向仍偏弱,硬资格：最近25个交易日（含当日）至少一次按板块涨停价核验的实际涨停；通过后再按方向/非极端波动/不过热排序,467,True,,,424,1,入选：满足一级粗筛资格条件；本阶段不设置数量下限或上限
600698,湖南天雁,7.16,0.02285714285714291,-0.08673469387755095,-0.00417246175243402,0.07831325301204828,,,,0.24071322436849912,-0.14558472553699287,0.17862165963431792,1.3476149805197073,63959143.4,68253591.1,0.9370809999768642,,0.07006821242849313,,True,-0.06947953511874683,-0.014825319066649745,False,3,1,结构未成熟,-0.14558472553699287,0.38999999999999996,-0.03432463416278908,,,,-0.1310679611650486,6.73,6.73,0.0638930163447251,0.0638930163447251,True,1,2026-09-09,沪深主板10%,12,9.973753280839915,2,0,0,1,1,0,4,True,近5日波动仍偏大,硬资格：最近25个交易日（含当日）至少一次按板块涨停价核验的实际涨停；通过后再按方向/非极端波动/不过热排序,467,True,,,424,1,入选：满足一级粗筛资格条件；本阶段不设置数量下限或上限
600721,百花医药,11.87,0.1000926784059315,0.04122807017543839,0.0059322033898303594,-0.13103953147877023,,,,0.14575289575289574,-0.2883693045563549,0.5800947867298579,0.2512570343452696,76875209.2,118441103.1,0.649058537854837,,0.3080011221496656,,True,-0.03328105941801707,-0.03800335570469782,False,3,2,部分收敛/待确认,-0.2883693045563549,0.23892405063291136,-0.07301835220616937,,,,0.02327586206896548,10.36,10.36,0.14575289575289574,0.14575289575289574,True,2,2026-09-17,沪深主板10%,25,10.026385224274414,0,0,1,1,1,1,4,True,20日方向仍偏弱,硬资格：最近25个交易日（含当日）至少一次按板块涨停价核验的实际涨停；通过后再按方向/非极端波动/不过热排序,467,True,,,424,1,入选：满足一级粗筛资格条件；本阶段不设置数量下限或上限
600722,金牛化工,15.92,-0.006862133499688117,-0.13052976515565262,-0.08136180034622031,0.202416918429003,,,,0.21897335932423656,-0.2494106553512494,0.5711111111111111,0.383416387921815,107660685.2,157642637.1,0.6829414121745874,,0.23171847391931083,,True,-0.1119184470230995,-0.03785090369719235,False,3,2,部分收敛/待确认,-0.2494106553512494,0.4731075697211155,-0.04220437385314213,,,,-0.15138592750533053,15.39,15.39,0.034437946718648416,0.034437946718648416,True,4,2026-09-08,沪深主板10%,25,10.019646365422407,2,0,0,1,1,0,4,True,近5日波动仍偏大,硬资格：最近25个交易日（含当日）至少一次按板块涨停价核验的实际涨停；通过后再按方向/非极端波动/不过热排序,467,True,,,424,1,入选：满足一级粗筛资格条件；本阶段不设置数量下限或上限
600829,人民同泰,9.38,0.004282655246252709,-0.03597122302158273,-0.06387225548902187,-0.08666017526777015,,,,0.057797164667393604,-0.129062209842154,0.09907120743034065,0.5833901308615037,9912820.0,17219398.9,0.5756774703674471,,0.02969432230446148,,True,-0.04140322251682649,-0.027408222466739907,False,3,2,部分收敛/待确认,-0.26661454261141504,0.07588075880758839,-0.053051335116854226,,,,-0.03298969072164937,9.17,9.17,0.022900763358778775,0.022900763358778775,True,2,2026-08-25,沪深主板10%,25,10.046511627906973,0,0,1,1,1,1,4,True,20日方向仍偏弱,硬资格：最近25个交易日（含当日）至少一次按板块涨停价核验的实际涨停；通过后再按方向/非极端波动/不过热排序,467,True,,,424,1,入选：满足一级粗筛资格条件；本阶段不设置数量下限或上限
600865,百大集团,10.44,0.014577259475218707,-0.28737201365187715,0.011627906976744207,0.20276497695852536,,,,0.5483870967741935,-0.36496350364963515,0.8513513513513513,0.644137224782386,56700550.4,33156253.1,1.7101012659358665,,0.08812520001179244,,False,-0.16683533323695243,0.020829929750040943,False,3,1,结构未成熟,-0.36496350364963515,0.2528019925280198,-0.035075558020241204,,,,-0.3203125,9.92,9.81,0.05241935483870974,0.06422018348623837,True,5,2026-09-09,沪深主板10%,25,10.044052863436125,2,0,0,1,1,0,4,True,近5日波动仍偏大,硬资格：最近25个交易日（含当日）至少一次按板块涨停价核验的实际涨停；通过后再按方向/非极端波动/不过热排序,467,True,,,424,1,入选：满足一级粗筛资格条件；本阶段不设置数量下限或上限
600903,贵州燃气,6.47,-0.05959302325581395,-0.14643799472295516,-0.04005934718100901,0.05032467532467533,,,,0.23547880690737832,-0.2061349693251534,0.3187702265372169,0.7387101658312678,83533380.8,82825102.6,1.008551491972435,,0.07115648810841885,,False,-0.059972489683631336,-0.002002002002001735,False,3,1,结构未成熟,-0.2061349693251534,0.22935779816513754,-0.032523364485981365,,,,-0.17789072426937746,6.37,6.37,0.015698587127158437,0.015698587127158437,True,2,2026-09-08,沪深主板10%,25,10.01517450682854,2,0,0,1,1,0,4,True,近5日波动仍偏大,硬资格：最近25个交易日（含当日）至少一次按板块涨停价核验的实际涨停；通过后再按方向/非极端波动/不过热排序,467,True,,,424,1,入选：满足一级粗筛资格条件；本阶段不设置数量下限或上限
601011,宝泰隆,2.9,-0.010238907849829393,-0.067524115755627,-0.010238907849829393,-0.09375000000000011,,,,0.11032028469750892,-0.12121212121212122,0.1619718309859155,0.6811078446541855,43671946.2,87148421.5,0.5011214827339128,,0.04549252738451401,,True,-0.03418803418803418,-0.009327115256495655,False,3,2,部分收敛/待确认,-0.13173652694610782,0.4054054054054053,-0.028475711892797406,,,,-0.0705128205128206,2.81,2.81,0.03202846975088969,0.03202846975088969,True,1,2026-08-19,沪深主板10%,12,10.144927536231885,0,0,1,1,1,1,4,True,20日方向仍偏弱,硬资格：最近25个交易日（含当日）至少一次按板块涨停价核验的实际涨停；通过后再按方向/非极端波动/不过热排序,467,True,,,424,1,入选：满足一级粗筛资格条件；本阶段不设置数量下限或上限
601118,海南橡胶,6.23,0.02298850574712663,-0.1512261580381471,-0.08247422680412364,0.004838709677419395,,,,0.20637583892617456,-0.23558282208588954,0.31451612903225806,0.6561693340216832,177040348.2,205944415.2,0.8596511249313062,,0.04079495911167952,,True,-0.138728323699422,-0.021590909090909216,False,3,2,部分收敛/待确认,-0.23558282208588954,0.35135135135135137,-0.06645688169626118,,,,-0.13351877607788598,5.96,5.96,0.04530201342281881,0.04530201342281881,True,1,2026-08-20,沪深主板10%,13,9.929078014184412,2,0,0,1,1,0,4,True,近5日波动仍偏大,硬资格：最近25个交易日（含当日）至少一次按板块涨停价核验的实际涨停；通过后再按方向/非极端波动/不过热排序,467,True,,,424,1,入选：满足一级粗筛资格条件；本阶段不设置数量下限或上限
601566,九牧王,8.8,-0.003397508493771184,-0.11468812877263568,-0.17602996254681635,0.03896103896103886,,,,0.15777262180974494,-0.23478260869565215,0.38055222088835533,0.4145886245032099,21785686.6,39968696.5,0.5450687289739359,,0.06988713370399618,,True,-0.0993403957625425,-0.04002360114072179,False,3,2,部分收敛/待确认,-0.23478260869565215,0.1743119266055047,-0.05816878043559692,,,,-0.11823647294589179,8.62,8.62,0.02088167053364276,0.02088167053364276,True,2,2026-09-02,沪深主板10%,25,10.046728971962615,2,0,1,1,0,0,4,True,,硬资格：最近25个交易日（含当日）至少一次按板块涨停价核验的实际涨停；通过后再按方向/非极端波动/不过热排序,467,True,,,424,1,入选：满足一级粗筛资格条件；本阶段不设置数量下限或上限
603079,圣达生物,12.63,0.010399999999999965,-0.005511811023621971,-0.0023696682464454666,-0.009411764705882342,,,,0.077175697865353,-0.1343385880740232,0.08764940239043821,0.880504552918346,3939606.4,7917952.6,0.49755367315535587,,0.04188736364412379,,True,-0.022843822843822914,-0.010820001545714497,False,3,2,部分收敛/待确认,-0.22181146025877996,0.16279069767441884,-0.03558338423946239,,,,-0.032924961715160794,12.18,12.18,0.036945812807881895,0.036945812807881895,True,4,2026-08-25,沪深主板10%,12,10.039215686274506,0,0,1,1,1,1,4,True,20日方向仍偏弱,硬资格：最近25个交易日（含当日）至少一次按板块涨停价核验的实际涨停；通过后再按方向/非极端波动/不过热排序,467,True,,,424,1,入选：满足一级粗筛资格条件；本阶段不设置数量下限或上限
603089,正裕工业,9.43,0.02056277056277045,-0.004223864836325308,-0.05130784708249492,-0.05700000000000005,,,,0.057777777777777733,-0.1785714285714286,0.14300847457627117,0.40401646090534954,3374452.4,7694793.7,0.4385370851462853,,0.03205719675490978,,True,-0.026271893244370514,-0.028845173784527556,False,3,2,部分收敛/待确认,-0.20084745762711875,0.204697986577181,-0.05006547798932226,,,,-0.009453781512605008,9.0,9.0,0.0477777777777777,0.0477777777777777,True,4,2026-08-24,沪深主板10%,25,10.051282051282051,0,0,1,1,1,1,4,True,20日方向仍偏弱,硬资格：最近25个交易日（含当日）至少一次按板块涨停价核验的实际涨停；通过后再按方向/非极端波动/不过热排序,467,True,,,424,1,入选：满足一级粗筛资格条件；本阶段不设置数量下限或上限
603090,宏盛股份,38.89,-0.02040302267002525,0.0545010845986984,-0.12311161217587374,0.05164954029204982,,,,0.31045241809672397,-0.15438138725809958,0.24701735357917567,1.2568040811643448,9206423.2,9438575.5,0.9754038837746225,,0.09512924777777779,,True,-0.004749841671944255,-0.013930647424333475,False,3,1,结构未成熟,-0.15438138725809958,0.49067431850789106,-0.013695155972609618,,,,-0.03975308641975306,32.05,32.05,0.21341653666146665,0.21341653666146665,True,4,2026-09-15,沪深主板10%,25,10.013679890560878,2,0,0,1,0,1,4,True,近5日波动仍偏大,硬资格：最近25个交易日（含当日）至少一次按板块涨停价核验的实际涨停；通过后再按方向/非极端波动/不过热排序,467,True,,,424,1,入选：满足一级粗筛资格条件；本阶段不设置数量下限或上限
603102,百合股份,35.4,0.014036092810083112,-0.02371759514616656,-0.0762004175365345,-0.18339100346020765,,,,0.05260098808485912,-0.19563735514655756,0.1596800882515168,0.32941482348134576,1386079.6,2157889.2,0.6423312188596152,,0.033717018749999994,,True,-0.034304562946673944,-0.03288355291117706,False,3,2,部分收敛/待确认,-0.256926952141058,0.07482993197278924,-0.06703387932056859,,,,-0.022639425731640017,34.41,34.41,0.028770706190061057,0.028770706190061057,True,2,2026-08-19,沪深主板10%,15,10.010136847440432,0,0,1,1,1,1,4,True,20日方向仍偏弱,硬资格：最近25个交易日（含当日）至少一次按板块涨停价核验的实际涨停；通过后再按方向/非极端波动/不过热排序,467,True,,,424,1,入选：满足一级粗筛资格条件；本阶段不设置数量下限或上限
603113,金能科技,4.94,0.014373716632443578,-0.06439393939393934,-0.11785714285714277,-0.10990990990990979,,,,0.11344537815126052,-0.22570532915360497,0.23404255319148937,0.48472116119174946,24050770.6,43824285.6,0.5488000607590053,,0.05164969980056912,,True,-0.0700037636432066,-0.05020920502092052,False,3,2,部分收敛/待确认,-0.22570532915360497,0.2340425531914896,-0.07973174366616986,,,,-0.06792452830188667,4.76,4.76,0.037815126050420256,0.037815126050420256,True,2,2026-08-25,沪深主板10%,12,10.042735042735051,0,0,1,1,1,1,4,True,20日方向仍偏弱,硬资格：最近25个交易日（含当日）至少一次按板块涨停价核验的实际涨停；通过后再按方向/非极端波动/不过热排序,467,True,,,424,1,入选：满足一级粗筛资格条件；本阶段不设置数量下限或上限
603118,共进股份,16.75,-0.02161214953271029,-0.010632014176018889,-0.025596276905177517,-0.014705882352941124,,,,0.1242718446601943,-0.10427807486631013,0.15717821782178212,0.7906429172081656,76851492.8,91877363.9,0.8364573115489656,,0.11568178689781719,,True,-0.03186360964138746,-0.015181479758026972,False,3,2,部分收敛/待确认,-0.18610301263362483,0.34192439862542967,-0.027604423674204126,,,,-0.0356937248128959,15.45,15.45,0.08414239482200658,0.08414239482200658,True,4,2026-09-07,沪深主板10%,25,10.03076923076922,0,0,1,1,1,1,4,True,20日方向仍偏弱,硬资格：最近25个交易日（含当日）至少一次按板块涨停价核验的实际涨停；通过后再按方向/非极端波动/不过热排序,467,True,,,424,1,入选：满足一级粗筛资格条件；本阶段不设置数量下限或上限
603122,合富中国,12.4,-0.046887009992313544,-0.04024767801857587,0.005677210056772131,-0.010375099760574491,,,,0.15677966101694912,-0.15932203389830502,0.23949579831932769,0.6546238477549807,31498512.6,29309334.4,1.0746921840708878,,0.07284063082403695,,False,-0.03766213470854829,0.0026518992278292686,False,3,1,结构未成熟,-0.15932203389830502,0.33615819209039544,-0.005972183253837859,,,,-0.046887009992313544,11.8,11.8,0.05084745762711851,0.05084745762711851,True,2,2026-09-16,沪深主板10%,25,9.97566909975669,0,0,1,1,1,1,4,True,20日方向仍偏弱,硬资格：最近25个交易日（含当日）至少一次按板块涨停价核验的实际涨停；通过后再按方向/非极端波动/不过热排序,467,True,,,424,1,入选：满足一级粗筛资格条件；本阶段不设置数量下限或上限
603123,翠微股份,9.55,0.0031512605042018915,-0.1673931996512642,-0.06003937007874005,0.034669555796316365,,,,0.21982758620689666,-0.2396496815286624,0.33617021276595743,0.6539175032736799,42745575.4,72615064.6,0.5886598825665715,,0.11132568157897844,,True,-0.11459282200765164,-0.02305925585668378,False,3,2,部分收敛/待确认,-0.2396496815286624,0.2567901234567903,-0.07123753950887424,,,,-0.15636042402826855,9.28,9.28,0.029094827586207073,0.029094827586207073,True,2,2026-09-04,沪深主板10%,25,10.039370078740163,2,0,0,1,1,0,4,True,近5日波动仍偏大,硬资格：最近25个交易日（含当日）至少一次按板块涨停价核验的实际涨停；通过后再按方向/非极端波动/不过热排序,467,True,,,424,1,入选：满足一级粗筛资格条件；本阶段不设置数量下限或上限
603261,立航科技,52.33,-0.04385163530056635,-0.10008598452278594,-0.10393835616438352,0.04869739478957924,,,,0.23478954717733883,-0.189938080495356,0.19740500463392013,1.1893799126964733,3263470.0,2988240.0,1.0921043825127834,,0.043814672329970286,,False,-0.029846631052903527,-0.015112037519541488,False,3,0,结构未成熟,-0.189938080495356,0.2765330188679245,-0.06072191409545358,,,,-0.12124265323257766,50.13,50.13,0.043885896668661495,0.043885896668661495,True,1,2026-08-27,沪深主板10%,25,10.001873009926943,2,0,0,1,1,0,4,True,近5日波动仍偏大,硬资格：最近25个交易日（含当日）至少一次按板块涨停价核验的实际涨停；通过后再按方向/非极端波动/不过热排序,467,True,,,424,1,入选：满足一级粗筛资格条件；本阶段不设置数量下限或上限
603318,水发燃气,8.97,-0.06073298429319374,-0.1333333333333332,-0.0249999999999998,0.03460207612456756,,,,0.2929061784897026,-0.20619469026548676,0.17877094972067056,1.6384439359267722,84317059.2,68661685.0,1.2280074280146198,,0.1462505098978686,,False,-0.025334414268342154,-0.012476799340069955,False,3,0,结构未成熟,-0.20619469026548676,0.12406015037593987,-0.07482852869888079,,,,-0.13666987487969195,8.74,8.74,0.026315789473684292,0.026315789473684292,True,1,2026-09-10,沪深主板10%,12,9.989373007438896,2,0,0,1,1,0,4,True,近5日波动仍偏大,硬资格：最近25个交易日（含当日）至少一次按板块涨停价核验的实际涨停；通过后再按方向/非极端波动/不过热排序,467,True,,,424,1,入选：满足一级粗筛资格条件；本阶段不设置数量下限或上限
603580,艾艾精工,62.32,-0.02104932453660069,-0.036338333075614626,-0.09141274238227148,-0.16673352052413426,,,,0.0904246461282266,-0.2962168266516092,0.38359374999999996,0.2357302383790836,7295687.8,10469120.4,0.6968768646504437,,0.08011681354707768,,True,-0.05303212609794239,-0.0526262757121676,False,3,2,部分收敛/待确认,-0.2962168266516092,0.30773291105832684,-0.13186415178447053,,,,-0.048259010384850365,60.05,60.05,0.03780183180682761,0.03780183180682761,True,5,2026-09-08,沪深主板10%,25,10.005947071067478,0,0,1,1,1,1,4,True,20日方向仍偏弱,硬资格：最近25个交易日（含当日）至少一次按板块涨停价核验的实际涨停；通过后再按方向/非极端波动/不过热排序,467,True,,,424,1,入选：满足一级粗筛资格条件；本阶段不设置数量下限或上限
603629,利通电子,113.85,0.038966964774593826,0.07021996615905235,0.02006988621091299,-0.1280539174389217,,,,0.16363457567115744,-0.12958715596330284,0.19513126491646776,0.8385871722873651,25951830.8,26986735.3,0.9616513635867618,,0.07481282140277005,,True,0.013043397245979804,-0.00781506474557725,True,3,3,收敛较充分,-0.2320404721753795,0.261168384879725,-0.0013946267399941314,,,,0.03594176524112824,101.69,101.69,0.11957911299046109,0.11957911299046109,True,1,2026-08-14,沪深主板10%,15,10.000000000000009,0,0,1,1,1,1,4,True,20日方向仍偏弱,硬资格：最近25个交易日（含当日）至少一次按板块涨停价核验的实际涨停；通过后再按方向/非极端波动/不过热排序,467,True,,,424,1,入选：满足一级粗筛资格条件；本阶段不设置数量下限或上限
603696,安记食品,13.72,0.002191380569759094,-0.12555768005098777,-0.0021818181818181737,0.03003003003003002,,,,0.19548872180451124,-0.2502732240437159,0.3525498891352551,0.5544994561876386,17359472.0,26616970.8,0.6521956285123174,,0.1131673928571428,,True,-0.11498213374170485,-0.0073621244987839285,False,3,2,部分收敛/待确认,-0.2502732240437159,0.1879432624113476,-0.046261860901602225,,,,-0.13710691823899368,13.3,13.3,0.03157894736842115,0.03157894736842115,True,2,2026-09-07,沪深主板10%,25,10.036363636363642,2,0,0,1,1,0,4,True,近5日波动仍偏大,硬资格：最近25个交易日（含当日）至少一次按板块涨停价核验的实际涨停；通过后再按方向/非极端波动/不过热排序,467,True,,,424,1,入选：满足一级粗筛资格条件；本阶段不设置数量下限或上限
603716,塞力医疗,15.99,-0.0012492192379763845,-0.053846153846153766,-0.050475059382422804,-0.0757225433526012,,,,0.08589743589743601,-0.10620458356623819,0.11118012422360242,0.7725970491333635,7053349.4,12561434.8,0.5615082601869653,,0.055633074815237084,,True,-0.04937979917306545,-0.02025049748331964,False,3,2,部分收敛/待确认,-0.11900826446280988,0.37572254335260147,-0.03732691149909684,,,,-0.05608028335301063,15.6,15.6,0.025000000000000133,0.025000000000000133,True,1,2026-08-20,沪深主板10%,15,9.980928162746338,0,0,1,1,1,1,4,True,20日方向仍偏弱,硬资格：最近25个交易日（含当日）至少一次按板块涨停价核验的实际涨停；通过后再按方向/非极端波动/不过热排序,467,True,,,424,1,入选：满足一级粗筛资格条件；本阶段不设置数量下限或上限
603725,天安新材,10.68,0.030888030888030826,0.029893924783028103,0.005649717514124353,-0.12098765432098768,,,,0.10606060606060595,-0.2023898431665423,0.15324927255092144,0.6920790180283843,7598426.4,13621901.4,0.5578095287050016,,0.044682821833453526,,True,-0.010358718588144855,-0.007859104251491389,False,3,2,部分收敛/待确认,-0.2023898431665423,0.22349570200573046,-0.025502988275012628,,,,0.010406811731314969,9.9,9.9,0.07878787878787863,0.07878787878787863,True,1,2026-08-14,沪深主板10%,25,9.982014388489224,0,0,1,1,1,1,4,True,20日方向仍偏弱,硬资格：最近25个交易日（含当日）至少一次按板块涨停价核验的实际涨停；通过后再按方向/非极端波动/不过热排序,467,True,,,424,1,入选：满足一级粗筛资格条件；本阶段不设置数量下限或上限
603801,志邦家居,5.83,0.010398613518197708,-0.07017543859649111,-0.04582651391162029,-0.19363762102351323,,,,0.09824561403508765,-0.2666666666666667,0.17540983606557384,0.5600918183308733,7732024.6,22996124.9,0.33623163179114585,,0.05294358555234859,,True,-0.05176848874598072,-0.025661459993624458,False,3,2,部分收敛/待确认,-0.2666666666666667,0.057777777777777733,-0.08022402776682191,,,,-0.06869009584664532,5.7,5.7,0.02280701754385972,0.02280701754385972,True,2,2026-08-20,沪深主板10%,12,10.050251256281406,0,0,1,1,1,1,4,True,20日方向仍偏弱,硬资格：最近25个交易日（含当日）至少一次按板块涨停价核验的实际涨停；通过后再按方向/非极端波动/不过热排序,467,True,,,424,1,入选：满足一级粗筛资格条件；本阶段不设置数量下限或上限
603823,百合花,57.6,0.039523551705468396,0.021276595744680993,0.044613710554951114,-0.3332561639078597,,,,0.11489281684843926,-0.3591455273698264,0.37847155717295533,0.30357054492191365,17564588.8,21941102.9,0.8005335410919567,,0.05269645721609564,,True,-0.04006393550853071,-0.012671483925018268,False,3,2,部分收敛/待确认,-0.37964458804523415,0.13262795275590555,-0.05598531532712725,,,,0.01928862148292354,53.18,52.21,0.08311395261376453,0.10323692779161076,True,2,2026-08-18,沪深主板10%,12,10.001408649105525,0,0,1,1,1,1,4,True,20日方向仍偏弱,硬资格：最近25个交易日（含当日）至少一次按板块涨停价核验的实际涨停；通过后再按方向/非极端波动/不过热排序,467,True,,,424,1,入选：满足一级粗筛资格条件；本阶段不设置数量下限或上限
603848,好太太,13.0,0.0,-0.039881831610044216,-0.04761904761904767,-0.04831625183016108,,,,0.08359374999999988,-0.07801418439716312,0.04444444444444442,1.8808593749999984,3029464.8,2438149.9,1.2425260645377054,,0.006769167311012986,,False,-0.03265007320644231,-0.01784023884074859,False,3,0,结构未成熟,-0.11323328785811737,0.1616161616161617,-0.039562631598389575,,,,-0.06272530641672669,12.8,12.8,0.015625,0.015625,True,1,2026-08-19,沪深主板10%,25,9.977494373593409,0,0,1,1,1,1,4,True,20日方向仍偏弱,硬资格：最近25个交易日（含当日）至少一次按板块涨停价核验的实际涨停；通过后再按方向/非极端波动/不过热排序,467,True,,,424,1,入选：满足一级粗筛资格条件；本阶段不设置数量下限或上限
605060,联德股份,38.57,-0.008992805755395739,-0.016322366743177774,-0.0730593607305936,-0.0920433145009415,,,,0.0876149269875609,-0.13286870503597115,0.13105924596050267,0.6685138949598827,2924780.0,3274254.6,0.8932659054674612,,0.013706462550861448,,True,-0.020670647680293808,-0.020373556769157752,False,3,2,部分收敛/待确认,-0.1974615064502705,0.14350180505415186,-0.05486534833002521,,,,-0.013050153531217967,36.98,36.98,0.04299621416982169,0.04299621416982169,True,1,2026-08-17,沪深主板10%,25,10.002288853284513,0,0,1,1,1,1,4,True,20日方向仍偏弱,硬资格：最近25个交易日（含当日）至少一次按板块涨停价核验的实际涨停；通过后再按方向/非极端波动/不过热排序,467,True,,,424,1,入选：满足一级粗筛资格条件；本阶段不设置数量下限或上限
605077,华康股份,11.4,0.008849557522123908,-0.11145752143413867,0.02333931777378817,0.03354487760652769,,,,0.19890009165902842,-0.21379310344827585,0.32783882783882784,0.6067008382448577,21466805.2,12425191.3,1.7276840800028566,,0.03000442357249863,,False,-0.0790668545483012,0.005000833472245336,False,3,1,结构未成熟,-0.21379310344827585,0.2051282051282053,-0.012474012474012475,,,,-0.12844036697247707,10.91,10.91,0.04491292392300639,0.04491292392300639,True,2,2026-09-09,沪深主板10%,25,10.008779631255482,2,0,0,1,1,0,4,True,近5日波动仍偏大,硬资格：最近25个交易日（含当日）至少一次按板块涨停价核验的实际涨停；通过后再按方向/非极端波动/不过热排序,467,True,,,424,1,入选：满足一级粗筛资格条件；本阶段不设置数量下限或上限
605179,一鸣食品,25.27,0.010395841663334515,-0.015198752922837122,-0.10007122507122501,-0.27902995720399426,,,,0.12340425531914888,-0.27112777617536776,0.4373963515754561,0.28213370979126734,17213469.4,21745755.8,0.7915783456006619,,0.054228817456359046,,True,-0.03886069237179002,-0.06618924380472924,False,3,2,部分收敛/待确认,-0.3455063455063455,0.11714096624751817,-0.11991084177898514,,,,-0.04280303030303023,23.5,23.5,0.0753191489361702,0.0753191489361702,True,3,2026-09-01,沪深主板10%,25,9.999999999999986,0,0,1,1,1,1,4,True,20日方向仍偏弱,硬资格：最近25个交易日（含当日）至少一次按板块涨停价核验的实际涨停；通过后再按方向/非极端波动/不过热排序,467,True,,,424,1,入选：满足一级粗筛资格条件；本阶段不设置数量下限或上限
688677,海泰新光,80.0,-0.02853673345476615,-0.08193711269221937,-0.08045977011494254,-0.08571428571428574,,,,0.14280015955325104,-0.19581825492561322,0.25100603621730394,0.5689112568975209,6122453.4,10114757.1,0.6052991030303635,,0.08724765477206725,,True,-0.07065230038863402,-0.01675139304119211,False,3,2,部分收敛/待确认,-0.1983164645756088,0.31664364640883974,-0.07233470163964839,,,,-0.06922629435718441,75.21,75.21,0.06368833931658036,0.06368833931658036,True,1,2026-08-17,科创板20%,25,20.000000000000018,0,0,1,1,1,1,4,True,20日方向仍偏弱,硬资格：最近25个交易日（含当日）至少一次按板块涨停价核验的实际涨停；通过后再按方向/非极端波动/不过热排序,467,True,,,424,1,入选：满足一级粗筛资格条件；本阶段不设置数量下限或上限
000833,粤桂股份,19.94,0.004028197381671816,-0.10220621341737957,0.00352289884247603,-0.05228136882129264,,,,0.1479591836734693,-0.18778004073319754,0.24366767983789273,0.6072171072171065,29001538.2,35375361.6,0.8198230883949466,,0.07076152686525834,,True,-0.07856946858135905,-0.007529122075954242,False,3,2,部分收敛/待确认,-0.18778004073319754,0.06868686868686867,-0.04882295418226912,,,,-0.11377777777777776,19.6,19.6,0.0173469387755103,0.0173469387755103,True,1,2026-09-08,沪深主板10%,25,10.024096385542158,0,0,1,1,1,0,3,True,20日方向仍偏弱,硬资格：最近25个交易日（含当日）至少一次按板块涨停价核验的实际涨停；通过后再按方向/非极端波动/不过热排序,668,True,,,424,1,入选：满足一级粗筛资格条件；本阶段不设置数量下限或上限
000890,法尔胜,7.63,0.003947368421052699,-0.09489916963226575,-0.12700228832951943,0.07313642756680716,,,,0.27335164835164827,-0.20850622406639008,0.2080200501253133,1.3140639481000922,51426817.6,79466787.0,0.647148570383247,,0.19768910766108588,,True,-0.09029239766081876,-0.050444418792566004,False,3,1,结构未成熟,-0.20850622406639008,0.2610294117647058,-0.07671829622458848,,,,-0.13882618510158007,7.28,7.28,0.04807692307692313,0.04807692307692313,True,3,2026-09-08,沪深主板10%,25,10.068965517241391,2,0,0,1,0,0,3,True,近5日波动仍偏大,硬资格：最近25个交易日（含当日）至少一次按板块涨停价核验的实际涨停；通过后再按方向/非极端波动/不过热排序,668,True,,,424,1,入选：满足一级粗筛资格条件；本阶段不设置数量下限或上限
000977,浪潮信息,69.81,-0.01883345045678153,-0.00880306687491128,-0.19154603358425004,-0.07019179541822052,,,,0.0650887573964498,-0.21720116618075802,0.26910488117262005,0.24187133697771152,57325021.0,101985530.7,0.5620897455407368,,0.06952378599728412,,True,-0.012475600441313794,-0.06275619114970077,False,3,2,部分收敛/待确认,-0.21720116618075802,0.10240963855421718,-0.0763857191053603,,,,-0.030416666666666647,67.6,67.6,0.0326923076923078,0.0326923076923078,True,1,2026-08-31,沪深主板10%,25,9.994834710743806,0,0,1,1,0,1,3,True,20日方向仍偏弱,硬资格：最近25个交易日（含当日）至少一次按板块涨停价核验的实际涨停；通过后再按方向/非极端波动/不过热排序,668,True,,,424,1,入选：满足一级粗筛资格条件；本阶段不设置数量下限或上限
001258,立新能源,10.95,-0.016172506738544645,-0.12048192771084343,-0.05684754521963831,-0.11047928513403749,,,,0.13364055299539182,-0.2310393258426967,0.23524229074889869,0.5680974818343435,68292442.0,121453074.0,0.5622948827133021,,0.13012992823570207,,True,-0.061152291105121215,-0.04023649203481694,False,3,2,部分收敛/待确认,-0.3047619047619048,0.020408163265306048,-0.10852397622730603,,,,-0.10975609756097571,10.85,10.85,0.009216589861751112,0.009216589861751112,True,1,2026-08-26,沪深主板10%,15,10.008136696501225,0,0,1,1,1,0,3,True,20日方向仍偏弱,硬资格：最近25个交易日（含当日）至少一次按板块涨停价核验的实际涨停；通过后再按方向/非极端波动/不过热排序,668,True,,,424,1,入选：满足一级粗筛资格条件；本阶段不设置数量下限或上限
002165,红 宝 丽,7.01,-0.005673758865248235,-0.07884362680683321,-0.13242574257425743,-0.1001283697047497,,,,0.09104046242774565,-0.2542553191489362,0.2789115646258504,0.3264133652897221,48042057.2,148005863.2,0.32459563534372204,,0.2033702948965163,,True,-0.08032024793388426,-0.05674024192542715,False,3,2,部分收敛/待确认,-0.2542553191489362,0.2006688963210701,-0.10603838551297595,,,,-0.07152317880794701,6.92,6.92,0.013005780346820872,0.013005780346820872,True,1,2026-08-17,沪深主板10%,12,10.030864197530853,0,0,1,1,0,1,3,True,20日方向仍偏弱,硬资格：最近25个交易日（含当日）至少一次按板块涨停价核验的实际涨停；通过后再按方向/非极端波动/不过热排序,668,True,,,424,1,入选：满足一级粗筛资格条件；本阶段不设置数量下限或上限
002437,誉衡药业,3.43,0.01179941002949847,-0.033802816901408406,-0.19294117647058817,-0.2748414376321353,,,,0.08787878787878789,-0.29423868312757206,0.3885714285714287,0.2261586452762923,232959383.6,544587159.4,0.4277724503395627,,0.25899714293638876,,True,-0.060788608981380055,-0.07535641547861505,False,3,2,部分收敛/待确认,-0.3274509803921568,0.07222222222222242,-0.14067393210572454,,,,-0.04456824512534807,3.3,3.3,0.03939393939393954,0.03939393939393954,True,3,2026-08-28,沪深主板10%,25,10.000000000000009,0,0,1,1,0,1,3,True,20日方向仍偏弱,硬资格：最近25个交易日（含当日）至少一次按板块涨停价核验的实际涨停；通过后再按方向/非极端波动/不过热排序,668,True,,,424,1,入选：满足一级粗筛资格条件；本阶段不设置数量下限或上限
003040,楚天龙,15.74,-0.0012690355329948444,-0.16719576719576712,-0.1802083333333333,0.35339638865004286,,,,0.18340894361633195,-0.32619863013698625,0.40300300300300307,0.45510564995706804,52645090.6,103642427.3,0.5079492247669503,,0.22686301580243384,,True,-0.15407792207792192,-0.06283088602537201,False,3,2,部分收敛/待确认,-0.32619863013698625,0.39137380191693294,-0.13024258164336633,,,,-0.13800657174151154,15.43,15.43,0.02009073233959824,0.02009073233959824,True,7,2026-09-04,沪深主板10%,25,10.021321961620465,2,0,0,1,0,0,3,True,近5日波动仍偏大,硬资格：最近25个交易日（含当日）至少一次按板块涨停价核验的实际涨停；通过后再按方向/非极端波动/不过热排序,668,True,,,424,1,入选：满足一级粗筛资格条件；本阶段不设置数量下限或上限
300345,华民股份,7.89,0.09431345353675447,0.0912863070539418,0.030026109660574285,-0.06847697756788673,,,,0.19326500732064425,-0.21726190476190477,0.20617110799438987,0.9374010219021726,44091214.8,35761945.8,1.2329087194131367,,0.07438879745197113,,False,-0.001916233232959419,-0.014022435897435792,False,3,1,结构未成熟,-0.21726190476190477,0.3462686567164177,-0.006610009442870712,,,,0.05059920106524629,6.83,6.83,0.1551976573938505,0.1551976573938505,True,1,2026-08-17,创业板20%,15,19.946091644204866,0,0,0,1,1,1,3,True,近5日波动仍偏大,硬资格：最近25个交易日（含当日）至少一次按板块涨停价核验的实际涨停；通过后再按方向/非极端波动/不过热排序,668,True,,,424,1,入选：满足一级粗筛资格条件；本阶段不设置数量下限或上限
600353,旭光电子,33.88,-0.004407875404055184,0.06540880503144653,-0.0014736221632772883,-0.02643678160919527,,,,0.1973684210526316,-0.13900889453621346,0.21366137908708324,0.9237440191387559,58368142.2,57275817.5,1.019071307013645,,0.06910599221311878,,False,0.029698028450211966,-9.221972887374363e-05,True,3,2,部分收敛/待确认,-0.13900889453621346,0.511170688114388,-0.00294290759270166,,,,0.0,29.64,29.64,0.14304993252361675,0.14304993252361675,True,4,2026-08-21,沪深主板10%,25,10.000000000000009,0,0,0,1,1,1,3,True,近5日波动仍偏大,硬资格：最近25个交易日（含当日）至少一次按板块涨停价核验的实际涨停；通过后再按方向/非极端波动/不过热排序,668,True,,,424,1,入选：满足一级粗筛资格条件；本阶段不设置数量下限或上限
600610,中毅达,7.55,0.010709504685408211,-0.08484848484848484,-0.2044257112750264,-0.05860349127182041,,,,0.10204081632653061,-0.2396777442094663,0.21097560975609764,0.48366167276159,29949367.4,84692293.7,0.35362564988601786,,0.1272938731520132,,True,-0.08858931150698124,-0.05737799930450904,False,3,2,部分收敛/待确认,-0.2396777442094663,0.21967213114754097,-0.1191226227978065,,,,-0.0679012345679012,7.35,7.35,0.027210884353741527,0.027210884353741527,True,3,2026-09-03,沪深主板10%,25,10.038119440914862,0,0,1,1,0,1,3,True,20日方向仍偏弱,硬资格：最近25个交易日（含当日）至少一次按板块涨停价核验的实际涨停；通过后再按方向/非极端波动/不过热排序,668,True,,,424,1,入选：满足一级粗筛资格条件；本阶段不设置数量下限或上限
600693,东百集团,9.16,0.00659340659340657,-0.14869888475836424,-0.17028985507246364,0.02346368715083802,,,,0.2743972445464981,-0.24918032786885236,0.3189189189189188,0.8603981396796977,79692336.0,119936886.4,0.6644522664547009,,0.13802463020366967,,True,-0.1210981572019556,-0.03843995510662157,False,3,2,部分收敛/待确认,-0.24918032786885236,0.19576719576719587,-0.07320281276875595,,,,-0.17477477477477477,8.71,8.71,0.051664753157290466,0.051664753157290466,True,2,2026-09-03,沪深主板10%,25,9.98925886143931,2,0,0,1,0,0,3,True,近5日波动仍偏大,硬资格：最近25个交易日（含当日）至少一次按板块涨停价核验的实际涨停；通过后再按方向/非极端波动/不过热排序,668,True,,,424,1,入选：满足一级粗筛资格条件；本阶段不设置数量下限或上限
600785,新华百货,10.01,-0.015732546705997996,-0.11728395061728392,-0.17816091954022983,0.1310734463276837,,,,0.22153209109730854,-0.23470948012232418,0.19343065693430647,1.1452791124653314,29007250.0,64886988.6,0.44704262943711337,,0.2119491050050456,,True,-0.09329758713136738,-0.058607118412046466,False,3,1,结构未成熟,-0.23470948012232418,0.31473214285714285,-0.11513812154696135,,,,-0.1516949152542374,9.66,9.66,0.03623188405797095,0.03623188405797095,True,5,2026-09-07,沪深主板10%,25,10.056497175141255,2,0,0,1,0,0,3,True,近5日波动仍偏大,硬资格：最近25个交易日（含当日）至少一次按板块涨停价核验的实际涨停；通过后再按方向/非极端波动/不过热排序,668,True,,,424,1,入选：满足一级粗筛资格条件；本阶段不设置数量下限或上限
600815,厦工股份,3.64,0.005524861878453136,0.008310249307479367,-0.12289156626506026,-0.06905370843989767,,,,0.11111111111111115,-0.24166666666666659,0.33333333333333326,0.33333333333333354,67629064.8,123676357.2,0.5468229039980165,,0.06971238487817172,,True,-0.04146472805600432,-0.054545454545454564,False,3,2,部分收敛/待确认,-0.24166666666666659,0.21088435374149667,-0.07801418439716301,,,,-0.016216216216216273,3.33,3.33,0.0930930930930931,0.0930930930930931,True,2,2026-08-28,沪深主板10%,25,10.123456790123452,0,0,1,1,0,1,3,True,20日方向仍偏弱,硬资格：最近25个交易日（含当日）至少一次按板块涨停价核验的实际涨停；通过后再按方向/非极端波动/不过热排序,668,True,,,424,1,入选：满足一级粗筛资格条件；本阶段不设置数量下限或上限
601700,风范股份,6.31,0.029363784665578985,-0.018662519440124425,-0.2102628285356697,-0.15866666666666673,,,,0.07973421926910307,-0.28132118451025057,0.3654743390357698,0.21816639570226926,68861555.6,153539272.2,0.4484947376219229,,0.13483054923116627,,True,-0.04612095296273677,-0.08432567155912485,False,3,2,部分收敛/待确认,-0.28132118451025057,0.10507246376811596,-0.1279712548369265,,,,-0.029230769230769282,6.02,6.02,0.04817275747508298,0.04817275747508298,True,4,2026-08-28,沪深主板10%,25,10.060975609756095,0,0,1,1,0,1,3,True,20日方向仍偏弱,硬资格：最近25个交易日（含当日）至少一次按板块涨停价核验的实际涨停；通过后再按方向/非极端波动/不过热排序,668,True,,,424,1,入选：满足一级粗筛资格条件；本阶段不设置数量下限或上限
603016,新宏泰,27.71,0.005077983315197709,-0.04018011776931074,-0.16961342523224443,-0.09680573663624503,,,,0.07073715562174245,-0.21479172570133176,0.2313328681088625,0.30578082656397265,2845580.0,7002935.1,0.40634104976926033,,0.05128556386917614,,True,-0.06938170049221237,-0.060638770715600976,False,3,2,部分收敛/待确认,-0.21479172570133176,0.1008303677342825,-0.08644336014769882,,,,-0.03650904033379698,26.86,26.86,0.03164556962025311,0.03164556962025311,True,2,2026-08-28,沪深主板10%,25,10.00358551452134,0,0,1,1,0,1,3,True,20日方向仍偏弱,硬资格：最近25个交易日（含当日）至少一次按板块涨停价核验的实际涨停；通过后再按方向/非极端波动/不过热排序,668,True,,,424,1,入选：满足一级粗筛资格条件；本阶段不设置数量下限或上限
603358,华达科技,44.19,-0.014715719063545185,-0.02039459099977836,-0.12147117296222665,-0.022345132743362917,,,,0.10724365004703657,-0.15828571428571436,0.2063419117647058,0.5197376002279547,7732784.2,12914421.7,0.5987712326290229,,0.03067399043319927,,True,-0.011226944667201422,-0.04029685705779773,False,3,2,部分收敛/待确认,-0.15828571428571436,0.23268698060941795,-0.05169638833451373,,,,-0.03851174934725854,42.52,42.52,0.039275634995296294,0.039275634995296294,True,1,2026-08-31,沪深主板10%,25,9.999999999999986,0,0,1,1,0,1,3,True,20日方向仍偏弱,硬资格：最近25个交易日（含当日）至少一次按板块涨停价核验的实际涨停；通过后再按方向/非极端波动/不过热排序,668,True,,,424,1,入选：满足一级粗筛资格条件；本阶段不设置数量下限或上限
603958,哈森股份,16.5,0.0185185185185186,0.024844720496894235,-0.23148579413134607,-0.11670235546038543,,,,0.09084967320261442,-0.3248772504091654,0.488805970149254,0.18586040013969962,11044439.6,24704246.6,0.44706644079564845,,0.11261965080233402,,True,-0.0457461977186312,-0.09595171193672591,False,3,2,部分收敛/待确认,-0.3248772504091654,0.20440881763527044,-0.17045825896784905,,,,-0.011384062312762233,15.3,15.3,0.07843137254901955,0.07843137254901955,True,6,2026-09-02,沪深主板10%,25,10.032786885245915,0,0,1,1,0,1,3,True,20日方向仍偏弱,硬资格：最近25个交易日（含当日）至少一次按板块涨停价核验的实际涨停；通过后再按方向/非极端波动/不过热排序,668,True,,,424,1,入选：满足一级粗筛资格条件；本阶段不设置数量下限或上限
688152,麒麟信安,34.93,0.009537572254335158,-0.0020000000000000018,-0.033748271092669424,-0.017163759144625756,,,,0.19904076738609114,-0.14554794520547953,0.21957040572792358,0.906500886247524,5540296.0,6453099.7,0.8585480246028122,,0.06907962759627706,,True,-0.013228101378390145,-0.020605562405808908,False,3,2,部分收敛/待确认,-0.14554794520547953,0.5495836487509461,-0.00809314212693446,,,,-0.09249155624837624,33.36,33.36,0.04706235011990412,0.04706235011990412,True,2,2026-08-28,科创板20%,25,19.999999999999996,0,0,0,1,1,1,3,True,近5日波动仍偏大,硬资格：最近25个交易日（含当日）至少一次按板块涨停价核验的实际涨停；通过后再按方向/非极端波动/不过热排序,668,True,,,424,1,入选：满足一级粗筛资格条件；本阶段不设置数量下限或上限
688433,华曙高科,88.85,-0.009144641463142755,-0.07128671474861514,-0.20782810271041374,-0.13946731234866838,,,,0.09918604651162792,-0.24703389830508482,0.25331917153478484,0.39154575593583946,5180603.6,7131804.1,0.7264085675039784,,0.016453549092796758,,True,-0.061243278304354276,-0.06465095080631877,False,3,2,部分收敛/待确认,-0.24703389830508482,0.11559466019417441,-0.11852535293709143,,,,-0.06008674494869359,86.0,86.0,0.0331395348837209,0.0331395348837209,True,1,2026-08-20,科创板20%,25,20.002324500232447,0,0,1,1,0,1,3,True,20日方向仍偏弱,硬资格：最近25个交易日（含当日）至少一次按板块涨停价核验的实际涨停；通过后再按方向/非极端波动/不过热排序,668,True,,,424,1,入选：满足一级粗筛资格条件；本阶段不设置数量下限或上限
000505,京粮控股,6.63,0.04739336492891,-0.10767160161507405,-0.014858841010401247,-0.11481975967957281,,,,0.23014586709886548,-0.22091656874265564,0.30521472392638044,0.7540457555199008,46651024.4,86360976.6,0.5401863924730096,,0.13338173860050984,,True,-0.10252923579004636,-0.030794610943084888,False,3,2,部分收敛/待确认,-0.22091656874265564,0.3754152823920266,-0.05990783410138245,,,,-0.12648221343873522,6.17,6.17,0.07455429497568877,0.07455429497568877,True,4,2026-09-01,沪深主板10%,25,10.048622366288495,0,0,0,1,1,0,2,True,近5日波动仍偏大,硬资格：最近25个交易日（含当日）至少一次按板块涨停价核验的实际涨停；通过后再按方向/非极端波动/不过热排序,705,True,,,424,1,入选：满足一级粗筛资格条件；本阶段不设置数量下限或上限
000523,红棉股份,3.37,0.030581039755351647,-0.24439461883408065,0.012012012012011963,-0.04532577903682711,,,,0.4331210191082802,-0.2979166666666666,0.49532710280373826,0.8744141329167168,271982103.2,131103564.1,2.0745591858398607,,0.04820957897177784,,False,-0.14166666666666672,-0.006929637526652432,False,3,1,结构未成熟,-0.2979166666666666,0.2552083333333335,-0.04424276800907556,,,,-0.25111111111111106,3.14,3.14,0.0732484076433122,0.0732484076433122,True,3,2026-09-09,沪深主板10%,25,10.1010101010101,0,0,0,1,1,0,2,True,近5日波动仍偏大,硬资格：最近25个交易日（含当日）至少一次按板块涨停价核验的实际涨停；通过后再按方向/非极端波动/不过热排序,705,True,,,424,1,入选：满足一级粗筛资格条件；本阶段不设置数量下限或上限
002072,凯瑞德,6.9,-0.026798307475317307,-0.12547528517110262,-0.23672566371681403,-0.04958677685950408,,,,0.15620437956204383,-0.2951991828396322,0.243964421855146,0.6402752433090029,15901918.4,26227201.2,0.6063139668902224,,0.08258636628760516,,True,-0.09046890927624884,-0.07319980925131153,False,3,2,部分收敛/待确认,-0.2951991828396322,0.01700680272108868,-0.1495655389166204,,,,-0.12878787878787878,6.85,6.85,0.007299270072992803,0.007299270072992803,True,2,2026-08-27,沪深主板10%,25,10.068027210884356,0,0,1,1,0,0,2,True,20日方向仍偏弱,硬资格：最近25个交易日（含当日）至少一次按板块涨停价核验的实际涨停；通过后再按方向/非极端波动/不过热排序,705,True,,,424,1,入选：满足一级粗筛资格条件；本阶段不设置数量下限或上限
002661,克明食品,7.63,0.024161073825503365,-0.20520833333333333,-0.014211886304909549,-0.06150061500615012,,,,0.2552011095700417,-0.20520833333333333,0.24191461836998696,1.0549222336772317,20935689.2,11878633.1,1.762466188134054,,0.03851479540870647,,False,-0.10041360294117652,-0.014735833233497031,False,3,0,结构未成熟,-0.20520833333333333,0.17573221757322174,-0.058779991364954154,,,,-0.1569060773480664,7.21,7.21,0.058252427184465994,0.058252427184465994,True,1,2026-09-10,沪深主板10%,25,9.965635738831601,0,0,0,1,1,0,2,True,近5日波动仍偏大,硬资格：最近25个交易日（含当日）至少一次按板块涨停价核验的实际涨停；通过后再按方向/非极端波动/不过热排序,705,True,,,424,1,入选：满足一级粗筛资格条件；本阶段不设置数量下限或上限
300830,金现代,7.82,-0.054413542926239344,-0.10321100917431192,-0.22497522299306238,-0.02857142857142858,,,,0.16579634464751952,-0.2538167938931297,0.31989924433249367,0.5182767624020886,22521495.0,30677341.2,0.7341410343605658,,0.09312713566476957,,True,-0.06116483022262209,-0.029347109254781234,False,3,2,部分收敛/待确认,-0.2538167938931297,0.05673758865248232,-0.08942710759198869,,,,-0.1243001119820828,7.66,7.66,0.02088772845953013,0.02088772845953013,True,1,2026-09-03,创业板20%,25,19.97621878715814,0,0,1,1,0,0,2,True,20日方向仍偏弱,硬资格：最近25个交易日（含当日）至少一次按板块涨停价核验的实际涨停；通过后再按方向/非极端波动/不过热排序,705,True,,,424,1,入选：满足一级粗筛资格条件；本阶段不设置数量下限或上限
300970,华绿生物,17.14,0.04321363359707853,-0.12057465366854792,-0.0878126663118679,-0.21159153633854633,,,,0.22690638561686302,-0.2502187226596675,0.23634396971335864,0.9600684370837061,13499810.8,27836655.5,0.48496525741032365,,0.226148371881356,,True,-0.11377430305524117,-0.0520383814794132,False,3,2,部分收敛/待确认,-0.3099838969404186,0.11595866819747433,-0.1069195498124218,,,,-0.13390601313794837,16.13,16.13,0.06261624302541868,0.06261624302541868,True,1,2026-08-18,创业板20%,12,19.999999999999996,0,0,0,1,1,0,2,True,近5日波动仍偏大,硬资格：最近25个交易日（含当日）至少一次按板块涨停价核验的实际涨停；通过后再按方向/非极端波动/不过热排序,705,True,,,424,1,入选：满足一级粗筛资格条件；本阶段不设置数量下限或上限
600403,大有能源,7.0,0.0432190760059612,-0.10025706940874035,-0.004267425320056972,-0.015471167369901617,,,,0.21999999999999995,-0.14945321992709604,0.3001579778830964,0.7329473684210523,123150993.6,143632626.7,0.857402641930519,,0.05627920348501964,,True,-0.04590707964601781,-0.01831501831501825,False,3,2,部分收敛/待确认,-0.14945321992709604,0.41706161137440745,-0.009410599306587497,,,,-0.1172761664564943,6.5,6.33,0.07692307692307687,0.10584518167456558,True,3,2026-09-09,沪深主板10%,25,10.000000000000009,0,0,0,1,1,0,2,True,近5日波动仍偏大,硬资格：最近25个交易日（含当日）至少一次按板块涨停价核验的实际涨停；通过后再按方向/非极端波动/不过热排序,705,True,,,424,1,入选：满足一级粗筛资格条件；本阶段不设置数量下限或上限
600712,南宁百货,5.06,0.020161290322580516,-0.25915080527086387,-0.10124333925399653,-0.05772811918063325,,,,0.5484536082474227,-0.326231691078562,0.2532110091743119,2.165994322426416,76378987.2,26114412.2,2.924782936527287,,0.033401210930503,,False,-0.11661442006269607,-0.02764521968076361,False,3,0,结构未成熟,-0.326231691078562,0.07894736842105261,-0.11321416053277256,,,,-0.25915080527086387,4.85,4.85,0.04329896907216502,0.04329896907216502,True,1,2026-09-10,沪深主板10%,12,9.98389694041868,0,0,0,1,1,0,2,True,近5日波动仍偏大,硬资格：最近25个交易日（含当日）至少一次按板块涨停价核验的实际涨停；通过后再按方向/非极端波动/不过热排序,705,True,,,424,1,入选：满足一级粗筛资格条件；本阶段不设置数量下限或上限
600737,中粮糖业,14.75,0.03291316526610655,-0.17227833894500566,-0.04900064474532562,-0.06940063091482651,,,,0.2526690391459075,-0.2584213172448466,0.357679180887372,0.7064124853983864,125904002.8,133337847.2,0.9442480544263654,,0.050098873722289286,,True,-0.14256079290077217,-0.014212827988338339,False,3,2,部分收敛/待确认,-0.2584213172448466,0.29395604395604397,-0.05702595576013292,,,,-0.16193181818181823,14.05,14.05,0.04982206405693934,0.04982206405693934,True,2,2026-09-08,沪深主板10%,25,9.993943064809208,0,0,0,1,1,0,2,True,近5日波动仍偏大,硬资格：最近25个交易日（含当日）至少一次按板块涨停价核验的实际涨停；通过后再按方向/非极端波动/不过热排序,705,True,,,424,1,入选：满足一级粗筛资格条件；本阶段不设置数量下限或上限
600744,华银电力,6.37,-0.05629629629629629,-0.08999999999999997,0.02083333333333326,-0.00312989045383405,,,,0.23770491803278693,-0.15629139072847675,0.14192495921696577,1.674863387978142,202899035.2,66580165.3,3.0474396434098368,,0.032779956476459246,,False,0.0035650623885916666,0.01480339244410156,True,3,1,结构未成熟,-0.18333333333333335,0.15882352941176497,-0.016975308641975273,,,,-0.12739726027397258,6.1,6.1,0.04426229508196733,0.04426229508196733,True,1,2026-09-10,沪深主板10%,25,10.062893081761004,0,0,0,1,1,0,2,True,近5日波动仍偏大,硬资格：最近25个交易日（含当日）至少一次按板块涨停价核验的实际涨停；通过后再按方向/非极端波动/不过热排序,705,True,,,424,1,入选：满足一级粗筛资格条件；本阶段不设置数量下限或上限
603366,日出东方,6.89,0.011747430249632984,-0.16787439613526567,-0.09342105263157896,-0.07017543859649134,,,,0.2057057057057056,-0.2006960556844547,0.20728291316526606,0.9923910396883366,37841392.4,44203656.7,0.85606927627777,,0.04706961049598638,,True,-0.0864261614326498,-0.03408501814411602,False,3,2,部分收敛/待确认,-0.2006960556844547,0.11734693877551003,-0.07665505226480851,,,,-0.14196762141967623,6.66,6.66,0.03453453453453448,0.03453453453453448,True,1,2026-08-19,沪深主板10%,25,9.942363112391917,0,0,0,1,1,0,2,True,近5日波动仍偏大,硬资格：最近25个交易日（含当日）至少一次按板块涨停价核验的实际涨停；通过后再按方向/非极端波动/不过热排序,705,True,,,424,1,入选：满足一级粗筛资格条件；本阶段不设置数量下限或上限
603395,红四方,25.05,0.019121236777868367,-0.12351294611616503,-0.11609033168666194,-0.18244125326370753,,,,0.1818181818181819,-0.24502712477396016,0.2408376963350786,0.7549407114624508,8991590.8,21124833.0,0.42564079914856606,,0.3314261384615384,,True,-0.11141824367425046,-0.04512755728673201,False,3,2,部分收敛/待确认,-0.24502712477396016,0.29181184668989557,-0.10452563094301848,,,,-0.12412587412587417,24.2,24.2,0.03512396694214881,0.03512396694214881,True,5,2026-09-07,沪深主板10%,25,10.019267822736033,0,0,0,1,1,0,2,True,近5日波动仍偏大,硬资格：最近25个交易日（含当日）至少一次按板块涨停价核验的实际涨停；通过后再按方向/非极端波动/不过热排序,705,True,,,424,1,入选：满足一级粗筛资格条件；本阶段不设置数量下限或上限
000048,京基智农,19.43,-0.020171457387796243,-0.16249999999999998,-0.15741543798785773,-0.13374944271065536,,,,0.20831141504471315,-0.19109075770191508,0.2223918575063614,0.9366863399607808,17913272.8,15440489.1,1.1601493115914314,,0.029171375172337533,,False,-0.06004447739065977,-0.043905960922341,False,3,1,结构未成熟,-0.21905144694533762,0.07155025553662664,-0.1105719713442127,,,,-0.15411406181976484,19.01,19.01,0.02209363492898464,0.02209363492898464,True,1,2026-09-10,沪深主板10%,25,10.004741583688958,0,0,0,1,0,0,1,True,近5日波动仍偏大,硬资格：最近25个交易日（含当日）至少一次按板块涨停价核验的实际涨停；通过后再按方向/非极端波动/不过热排序,721,True,,,424,1,入选：满足一级粗筛资格条件；本阶段不设置数量下限或上限
603216,梦天家居,20.0,-0.06672888474101724,-0.1701244813278009,-0.13718723037100944,-0.05392620624408706,,,,0.21181772658988485,-0.2006394884092726,0.2325123152709359,0.9109957308844626,9249122.6,11735765.9,0.7881141016965922,,0.04620551695823145,,True,-0.04596295001747619,-0.025277570544608774,False,3,2,部分收敛/待确认,-0.2006394884092726,0.05639097744360915,-0.0874871677882969,,,,-0.17355371900826444,19.97,19.97,0.001502253380070151,0.001502253380070151,True,2,2026-09-02,沪深主板10%,25,10.004856726566281,0,0,0,1,0,0,1,True,近5日波动仍偏大,硬资格：最近25个交易日（含当日）至少一次按板块涨停价核验的实际涨停；通过后再按方向/非极端波动/不过热排序,721,True,,,424,1,入选：满足一级粗筛资格条件；本阶段不设置数量下限或上限
605188,国光连锁,11.93,0.016183986371379966,-0.17894012388162417,-0.22783171521035595,-0.04330392943063355,,,,0.40175438596491225,-0.2707823960880196,0.35318444995864345,1.1375200295821521,20875319.2,32242654.6,0.6474441840778209,,0.0648481907583585,,True,-0.12595579035173088,-0.06748006270874518,False,3,1,结构未成熟,-0.2707823960880196,0.10685483870967731,-0.11655805687203791,,,,-0.23279742765273315,11.4,11.4,0.04649122807017547,0.04649122807017547,True,2,2026-09-01,沪深主板10%,25,10.041152263374475,0,0,0,1,0,0,1,True,近5日波动仍偏大,硬资格：最近25个交易日（含当日）至少一次按板块涨停价核验的实际涨停；通过后再按方向/非极端波动/不过热排序,721,True,,,424,1,入选：满足一级粗筛资格条件；本阶段不设置数量下限或上限
688790,昂瑞微,89.98,-0.03774997326489149,-0.09010011123470518,-0.16297674418604646,-0.07007027697395618,,,,0.2085676678233817,-0.2744718593775197,0.2590862944162436,0.8050123542556075,2443008.4,950817.9,2.569375692232971,0.04495791565006193,0.0750106443212575,0.5993538124738007,True,-0.04136773316812892,-0.04471727543277104,False,3,2,部分收敛/待确认,-0.2744718593775197,0.15846724351050706,-0.12413306402550306,,,,-0.1091089108910891,83.57,83.57,0.07670216584898903,0.07670216584898903,True,1,2026-08-27,科创板20%,25,20.004206983592752,0,0,0,1,0,0,1,True,近5日波动仍偏大,硬资格：最近25个交易日（含当日）至少一次按板块涨停价核验的实际涨停；通过后再按方向/非极端波动/不过热排序,721,True,,,424,1,入选：满足一级粗筛资格条件；本阶段不设置数量下限或上限
000011,深物业A,8.93,0.06436233611442188,-0.01975850713501648,0.06946107784431144,0.08769792935444576,,,,0.12698412698412712,-0.1132075471698114,0.22060606060606064,0.5756148613291475,14351911.4,28880933.1,0.49693378500987556,,0.054857122014497786,,True,-0.048472775564408876,-0.0068918766241102825,False,3,2,部分收敛/待确认,-0.1132075471698114,0.472222222222222,0.026849882136491754,,,,-0.03250270855904669,8.19,8.19,0.09035409035409048,0.09035409035409048,False,0,,沪深主板10%,12,6.436233611442188,2,2,1,1,1,1,8,False,,硬资格：最近25个交易日（含当日）至少一次按板块涨停价核验的实际涨停；通过后再按方向/非极端波动/不过热排序,1,False,,,424,1,未入选：未满足一级粗筛最低资格条件
000988,华工科技,105.78,-0.0018871485185883996,-0.0001890359168241762,0.06870074762578304,0.015358034171625956,,,,0.10444421844808295,-0.04427177448500186,0.16985519501109828,0.6149015250387756,49191048.8,47039389.7,1.0457416457509863,,0.04286258441154599,,False,-0.006088631984585646,0.01195489609571787,True,3,2,部分收敛/待确认,-0.07680223424681443,0.5593390085127693,0.02696037979476329,,,,-0.015816896166728767,98.33,94.61,0.0757652801789892,0.11806362963745909,False,0,,沪深主板10%,25,8.216452800159168,2,2,1,1,1,1,8,False,,硬资格：最近25个交易日（含当日）至少一次按板块涨停价核验的实际涨停；通过后再按方向/非极端波动/不过热排序,1,False,,,424,1,未入选：未满足一级粗筛最低资格条件
002012,凯恩股份,7.25,-0.0027510316368637433,0.016830294530154388,0.00694444444444442,0.09682299546142215,,,,0.04564907275320974,-0.02684563758389269,0.07040229885057474,0.6484031558415096,8696905.2,10976461.6,0.7923232018595135,,0.024721497740488714,,True,-0.007152682255845866,-0.0026221363510903206,True,3,3,收敛较充分,-0.02684563758389269,0.8095238095238093,0.01640263563717914,,,,-0.010914051841746208,7.01,7.01,0.0342368045649073,0.0342368045649073,False,0,,沪深主板10%,12,3.2558139534883734,2,2,1,1,1,1,8,False,,硬资格：最近25个交易日（含当日）至少一次按板块涨停价核验的实际涨停；通过后再按方向/非极端波动/不过热排序,1,False,,,424,1,未入选：未满足一级粗筛最低资格条件
002171,楚江新材,10.49,-0.05239385727190604,-0.04981884057971009,-0.0009523809523809268,0.10189075630252109,,,,0.09723546234509052,-0.08861859252823623,0.17846153846153848,0.5448538838302486,96489934.0,76454360.3,1.2620592680572071,,0.04733308407442009,,False,0.004560379423568017,0.020413949532180453,True,3,2,部分收敛/待确认,-0.08861859252823623,0.5321100917431194,0.008556869531775924,,,,-0.0870322019147084,10.49,10.1,0.0,0.03861386138613865,False,0,,沪深主板10%,25,7.37864077669903,2,2,1,1,1,1,8,False,,硬资格：最近25个交易日（含当日）至少一次按板块涨停价核验的实际涨停；通过后再按方向/非极端波动/不过热排序,1,False,,,424,1,未入选：未满足一级粗筛最低资格条件
002174,游族网络,14.18,-0.022068965517241357,0.03958944281524923,0.16420361247947457,0.15284552845528454,,,,0.12075471698113205,-0.04511784511784511,0.2049469964664311,0.589199739752765,66745449.2,37607731.9,1.7747799675204556,,0.03840427331994954,,False,0.05430483723760249,0.05357853674070534,True,3,2,部分收敛/待确认,-0.04511784511784511,0.8101983002832861,0.1252182193302649,,,,0.014306151645207432,13.25,12.02,0.07018867924528305,0.1797004991680533,False,0,,沪深主板10%,12,7.24852071005917,2,2,1,1,1,1,8,False,,硬资格：最近25个交易日（含当日）至少一次按板块涨停价核验的实际涨停；通过后再按方向/非极端波动/不过热排序,1,False,,,424,1,未入选：未满足一级粗筛最低资格条件
002222,福晶科技,68.7,0.0016037323224959987,0.027673896783844576,0.03729427751774117,0.08035854694134303,,,,0.1263648041104689,-0.028288543140028266,0.1055512118842846,1.1971895144984426,22333439.0,18619302.6,1.199477739837581,,0.04355717349476884,,False,0.0027327382036799186,0.0005736714975845825,True,3,1,结构未成熟,-0.028288543140028266,0.8091603053435116,0.036754219831131474,,,,0.012229261824075355,62.28,62.28,0.10308285163776487,0.10308285163776487,False,0,,沪深主板10%,25,8.083832335329344,2,2,1,1,1,1,8,False,,硬资格：最近25个交易日（含当日）至少一次按板块涨停价核验的实际涨停；通过后再按方向/非极端波动/不过热排序,1,False,,,424,1,未入选：未满足一级粗筛最低资格条件
002443,金洲管道,12.45,0.048862679022746436,0.11459265890778858,0.11459265890778858,0.31467793030623015,,,,0.16181818181818175,-0.025821596244131495,0.24919786096256685,0.6493562231759654,35341282.4,31841644.7,1.1099075670547884,0.056985472064102934,0.06117093546277106,0.9315775806434181,True,0.030003468609087758,0.03514576998747976,True,3,3,收敛较充分,-0.025821596244131495,0.9223529411764706,0.15443460522045527,,,,0.02892561983471076,11.0,10.42,0.13181818181818183,0.19481765834932818,False,0,,沪深主板10%,25,7.5418994413407825,2,2,1,1,1,1,8,False,,硬资格：最近25个交易日（含当日）至少一次按板块涨停价核验的实际涨停；通过后再按方向/非极端波动/不过热排序,1,False,,,424,1,未入选：未满足一级粗筛最低资格条件
002463,沪电股份,123.48,-0.033802816901408406,-0.03470919324577859,0.0606425012884384,0.08012596221133661,,,,0.06830265848670752,-0.05919999999999992,0.1868161678271091,0.36561427889859566,41602997.8,49679582.0,0.8374264863983758,,0.026662441828305086,,True,-0.005155126749905481,0.017622549019607803,True,3,3,收敛较充分,-0.05919999999999992,0.6239109390125849,0.012122851452037287,,,,-0.054517611026033586,122.25,110.59,0.010061349693251564,0.11655665069174437,False,0,,沪深主板10%,13,6.026941917424766,2,2,1,1,1,1,8,False,,硬资格：最近25个交易日（含当日）至少一次按板块涨停价核验的实际涨停；通过后再按方向/非极端波动/不过热排序,1,False,,,424,1,未入选：未满足一级粗筛最低资格条件
002484,江海股份,60.06,-0.0036496350364962904,0.035338734700913754,0.03641069887834347,0.0015007503751875984,,,,0.12443233424159858,-0.1388012618296529,0.2679999999999999,0.4642997546328307,35228392.4,46377445.8,0.7596018235225882,,0.06014025735863463,,True,0.009052710689030796,0.010183473677004118,True,3,3,收敛较充分,-0.17101449275362324,0.2899713467048711,0.006654040192414223,,,,-0.012820512820512886,55.05,55.05,0.0910081743869211,0.0910081743869211,False,0,,沪深主板10%,12,4.774057949256871,2,2,1,1,1,1,8,False,,硬资格：最近25个交易日（含当日）至少一次按板块涨停价核验的实际涨停；通过后再按方向/非极端波动/不过热排序,1,False,,,424,1,未入选：未满足一级粗筛最低资格条件
002636,金安国纪,79.4,-0.036641591846639066,0.038587311968606874,0.15794079043313425,0.2866634257008589,,,,0.1787671232876712,-0.07728065078442758,0.1982758620689656,0.9016081000595586,84102867.2,60936369.0,1.3801752316420428,,0.08340512543538958,,False,0.08225530233170875,0.04685881589305185,True,3,2,部分收敛/待确认,-0.07728065078442758,0.7646017699115047,0.10307652767068864,,,,-0.062130876446964245,73.0,63.8,0.08767123287671241,0.24451410658307227,False,0,,沪深主板10%,13,7.861347285807696,2,2,1,1,1,1,8,False,,硬资格：最近25个交易日（含当日）至少一次按板块涨停价核验的实际涨停；通过后再按方向/非极端波动/不过热排序,1,False,,,424,1,未入选：未满足一级粗筛最低资格条件
002639,雪人集团,13.97,0.04331590739357738,0.019708029197080368,-0.007107320540156281,0.2351900972590628,,,,0.12735849056603768,-0.0809210526315789,0.2980358667805293,0.427326052873439,67306428.6,88987352.9,0.7563594871243775,,0.13782119957988423,,True,-0.032032615026208355,0.006671554252199341,False,3,2,部分收敛/待确认,-0.0809210526315789,0.6955445544554458,0.07855626326963905,,,,0.02796173657100809,12.72,12.72,0.09827044025157239,0.09827044025157239,False,0,,沪深主板10%,13,4.331590739357738,2,2,1,1,1,1,8,False,,硬资格：最近25个交易日（含当日）至少一次按板块涨停价核验的实际涨停；通过后再按方向/非极端波动/不过热排序,1,False,,,424,1,未入选：未满足一级粗筛最低资格条件
002687,乔治白,6.29,0.029459901800327204,0.012882447665056418,0.036243822075782584,0.02610114192495927,,,,0.07457627118644058,-0.06814814814814818,0.11940298507462682,0.6245762711864401,13203231.0,15697731.1,0.8410916785292621,,0.037952375470998674,,True,-0.02379441624365486,-0.0073412065113308556,False,3,2,部分收敛/待确认,-0.06814814814814818,0.4588235294117645,0.003349816557664642,,,,-0.0015873015873015817,5.9,5.9,0.0661016949152542,0.0661016949152542,False,0,,沪深主板10%,12,7.817589576547235,2,2,1,1,1,1,8,False,,硬资格：最近25个交易日（含当日）至少一次按板块涨停价核验的实际涨停；通过后再按方向/非极端波动/不过热排序,1,False,,,424,1,未入选：未满足一级粗筛最低资格条件
002779,中坚科技,81.04,0.0219419924337958,-0.007470912431108423,0.026732547827188702,0.09291975724882007,,,,0.07469152008401152,-0.028763183125599112,0.14946962391513974,0.4997103634007741,2082152.0,3109709.8,0.6695647291589717,,0.020451165583959974,,True,-0.019098510711988648,0.010000251262594517,False,3,2,部分收敛/待确认,-0.028763183125599112,0.8143851508120655,0.038594872386371826,,,,0.0004938271604939537,76.18,76.18,0.06379627198739835,0.06379627198739835,False,0,,沪深主板10%,25,6.878808395396097,2,2,1,1,1,1,8,False,,硬资格：最近25个交易日（含当日）至少一次按板块涨停价核验的实际涨停；通过后再按方向/非极端波动/不过热排序,1,False,,,424,1,未入选：未满足一级粗筛最低资格条件
002859,洁美科技,66.9,-0.014001473839351353,0.0895765472312704,0.048589341692790056,0.00465535365670533,,,,0.16192230408573347,-0.035884133160397624,0.13867768595041324,1.167616137924538,20394299.0,13442570.0,1.5171428528919693,,0.03138476056885203,,False,0.050917721518987324,0.016041085467917826,True,3,1,结构未成熟,-0.18145111953994864,0.32621535665606566,0.03681547319235334,,,,-0.023642732049036663,59.72,59.72,0.12022772940388493,0.12022772940388493,False,0,,沪深主板10%,25,4.969526488513831,2,2,1,1,1,1,8,False,,硬资格：最近25个交易日（含当日）至少一次按板块涨停价核验的实际涨停；通过后再按方向/非极端波动/不过热排序,1,False,,,424,1,未入选：未满足一级粗筛最低资格条件
002938,鹏鼎控股,90.71,0.010133630289532292,-0.012411540555253175,0.07311013841239777,0.035857028662784174,,,,0.07204214866567395,-0.06484536082474235,0.17604267701260906,0.4092311585361425,21299963.2,22794869.4,0.9344191811864472,,0.009149731433524957,,True,-0.009743758935444768,0.012160454832596423,True,3,3,收敛较充分,-0.128710018249928,0.3804900601017102,0.019568613786824507,,,,-0.030876068376068377,87.31,82.48,0.03894170198144531,0.09978176527643057,False,0,,沪深主板10%,12,3.3422758774871664,2,2,1,1,1,1,8,False,,硬资格：最近25个交易日（含当日）至少一次按板块涨停价核验的实际涨停；通过后再按方向/非极端波动/不过热排序,1,False,,,424,1,未入选：未满足一级粗筛最低资格条件
300305,裕兴股份,6.45,-0.01676829268292679,0.040322580645161255,-0.001547987616099089,0.06611570247933884,,,,0.09833333333333331,-0.034431137724550864,0.09328968903436978,1.0540643274853811,13785594.8,9130438.6,1.5098502277864287,,0.03297418326468539,,False,0.02163538020999045,-0.00015720798616558618,True,3,1,结构未成熟,-0.034431137724550864,0.7125000000000005,0.021701251386028853,,,,-0.019756838905775065,6.0,6.0,0.07499999999999996,0.07499999999999996,False,0,,创业板20%,12,2.396166134185318,2,2,1,1,1,1,8,False,,硬资格：最近25个交易日（含当日）至少一次按板块涨停价核验的实际涨停；通过后再按方向/非极端波动/不过热排序,1,False,,,424,1,未入选：未满足一级粗筛最低资格条件
300319,麦捷科技,21.01,-0.055305755395683276,0.05049999999999999,0.08860103626943006,0.13875338753387556,,,,0.17877382792375057,-0.08173076923076916,0.23119777158774385,0.7732506533087521,154355592.0,118319969.6,1.3045607814287337,,0.1389922574761278,,False,0.05702269170579011,0.03421727972626165,True,3,2,部分收敛/待确认,-0.08173076923076916,0.6964285714285718,0.0594256611955728,,,,-0.06414253897550104,19.41,17.95,0.08243173621844413,0.17047353760445705,False,0,,创业板20%,12,11.085450346420323,2,2,1,1,1,1,8,False,,硬资格：最近25个交易日（含当日）至少一次按板块涨停价核验的实际涨停；通过后再按方向/非极端波动/不过热排序,1,False,,,424,1,未入选：未满足一级粗筛最低资格条件
300394,天孚通信,277.65,0.03219450537194679,0.03215613382899618,0.11591173988183745,0.00506787330316727,,,,0.1367658889782785,-0.03593750000000007,0.1648023549201009,0.8298782444254817,39697722.4,37542272.8,1.05741393472587,,0.033245233527130366,,False,0.014174556326421284,0.020787869593462016,True,3,2,部分收敛/待确认,-0.058813559322034026,0.6966783216783212,0.06752535204498478,,,,0.013506114254425938,248.6,246.02,0.1168543845534995,0.12856678318835857,False,0,,创业板20%,25,7.358262967430651,2,2,1,1,1,1,8,False,,硬资格：最近25个交易日（含当日）至少一次按板块涨停价核验的实际涨停；通过后再按方向/非极端波动/不过热排序,1,False,,,424,1,未入选：未满足一级粗筛最低资格条件
300408,三环集团,128.01,-0.014397905759162333,0.08759558198810535,0.15417906410603188,0.14796879203658841,,,,0.1406345067362016,-0.024537072315781394,0.14552309142318579,0.9664068111859442,56637188.4,44147418.3,1.2829105433782524,0.035173520871869,0.02361069179181144,1.4897285171486476,False,0.055689629346071357,0.04869157661762791,True,3,2,部分收敛/待确认,-0.06212909370649877,0.743341404358353,0.10515410515410495,,,,-0.022824427480916065,115.05,107.25,0.11264667535853978,0.19356643356643355,False,0,,创业板20%,25,6.014760147601472,2,2,1,1,1,1,8,False,,硬资格：最近25个交易日（含当日）至少一次按板块涨停价核验的实际涨停；通过后再按方向/非极端波动/不过热排序,1,False,,,424,1,未入选：未满足一级粗筛最低资格条件
300413,芒果超媒,18.14,0.06580493537015286,0.021971830985915597,-0.09975186104218348,0.18950819672131147,,,,0.12682926829268304,-0.22808510638297874,0.6643059490084987,0.1909199646367467,100373406.8,159878354.8,0.6278111062974235,,0.1592959081968423,,True,-0.054891304347826186,-0.046639511201629125,False,3,2,部分收敛/待确认,-0.22808510638297874,0.4468524251805986,0.034237007896462446,,,,-0.012520413718018486,16.4,16.4,0.10609756097560985,0.10609756097560985,False,0,,创业板20%,13,6.580493537015286,2,2,1,1,1,1,8,False,,硬资格：最近25个交易日（含当日）至少一次按板块涨停价核验的实际涨停；通过后再按方向/非极端波动/不过热排序,1,False,,,424,1,未入选：未满足一级粗筛最低资格条件
300647,超频三,7.95,0.01662404092071612,0.023166023166023342,-0.03166869671132777,0.4070796460176991,,,,0.1292134831460673,-0.11371237458193983,0.28142857142857153,0.45913420407232014,38650290.0,79397106.9,0.4867972084761189,0.08402151025294216,0.1738716150427666,0.48323879796179314,True,-0.01082474226804131,-0.01623458343820794,False,3,2,部分收敛/待确认,-0.11371237458193983,0.7052023121387283,0.06340288924558579,,,,-0.003759398496240629,7.12,7.12,0.1165730337078652,0.1165730337078652,False,0,,创业板20%,25,16.323024054982803,2,2,1,1,1,1,8,False,,硬资格：最近25个交易日（含当日）至少一次按板块涨停价核验的实际涨停；通过后再按方向/非极端波动/不过热排序,1,False,,,424,1,未入选：未满足一级粗筛最低资格条件
300672,国科微,174.35,0.004088919603777885,0.033920417482061316,-0.07653601694915257,0.06603485172730039,,,,0.1481645569620253,-0.08717277486911001,0.17027142944672502,0.8701668708806102,6329985.0,9679389.8,0.6539652943825033,,0.05184388394294388,,True,0.0030627504935094585,-0.022548821061767588,False,3,2,部分收敛/待确认,-0.13016363999201763,0.48530282106924433,0.0264939652634677,,,,0.0034532374100719743,158.0,158.0,0.10348101265822773,0.10348101265822773,False,0,,创业板20%,25,12.572511630578354,2,2,1,1,1,1,8,False,,硬资格：最近25个交易日（含当日）至少一次按板块涨停价核验的实际涨停；通过后再按方向/非极端波动/不过热排序,1,False,,,424,1,未入选：未满足一级粗筛最低资格条件
300805,电声股份,8.3,0.024691358024691468,-0.011904761904761862,-0.008363201911588791,0.04402515723270439,,,,0.06496815286624201,-0.06320541760722331,0.08578431372549011,0.757343039126479,5777482.0,9853881.8,0.5863153341254813,,0.0360940919744641,,True,-0.029900332225913928,-0.014946451688831242,False,3,2,部分收敛/待确认,-0.06320541760722331,0.5483870967741943,0.0012062726176118588,,,,-0.007177033492822837,7.85,7.85,0.05732484076433142,0.05732484076433142,False,0,,创业板20%,25,4.025974025974022,2,2,1,1,1,1,8,False,,硬资格：最近25个交易日（含当日）至少一次按板块涨停价核验的实际涨停；通过后再按方向/非极端波动/不过热排序,1,False,,,424,1,未入选：未满足一级粗筛最低资格条件
300846,首都在线,19.55,0.00877192982456143,-0.008117706747843734,0.00877192982456143,0.037135278514588865,,,,0.07766470273165502,-0.028330019880715707,0.11997767857142848,0.6473262664889576,21901553.8,22856901.8,0.9582030841992767,,0.05466254451880522,,True,0.004130951151502638,-0.002372234541797691,True,3,3,收敛较充分,-0.10771337288909166,0.4158415841584159,0.019317500456216496,,,,-0.02493765586034913,18.67,18.58,0.04713444027852165,0.052206673842841944,False,0,,创业板20%,12,5.13814832767816,2,2,1,1,1,1,8,False,,硬资格：最近25个交易日（含当日）至少一次按板块涨停价核验的实际涨停；通过后再按方向/非极端波动/不过热排序,1,False,,,424,1,未入选：未满足一级粗筛最低资格条件
300981,中红医疗,15.92,0.04256712508185978,0.054304635761589504,-0.03922751961375981,0.033766233766233666,,,,0.1308864265927977,-0.07334109429569269,0.1449565798263193,0.9029353945134478,9254266.0,16096468.0,0.5749252568948666,,0.04839169350868799,,True,0.0023547880690739653,-0.01360630722278744,False,3,2,部分收敛/待确认,-0.07334109429569269,0.5684931506849316,0.023267772207224757,,,,0.02975420439844756,14.44,14.44,0.1024930747922439,0.1024930747922439,False,0,,创业板20%,25,10.333551340745606,2,2,1,1,1,1,8,False,,硬资格：最近25个交易日（含当日）至少一次按板块涨停价核验的实际涨停；通过后再按方向/非极端波动/不过热排序,1,False,,,424,1,未入选：未满足一级粗筛最低资格条件
301085,亚康股份,74.81,-0.019142519994755358,0.00808516372456558,0.1292075471698113,0.24787322768974152,,,,0.10510424155283972,-0.02667187093416601,0.31642931573463007,0.33215709267906207,5573698.2,7278701.5,0.7657544687057163,,0.11152730515994522,,True,0.015086447295036054,0.04825996976413083,True,3,3,收敛较充分,-0.02667187093416601,0.9023809523809525,0.13576498273048188,,,,-0.013060686015831102,69.55,65.36,0.0756290438533429,0.14458384332925345,False,0,,创业板20%,25,8.184397163120561,2,2,1,1,1,1,8,False,,硬资格：最近25个交易日（含当日）至少一次按板块涨停价核验的实际涨停；通过后再按方向/非极端波动/不过热排序,1,False,,,424,1,未入选：未满足一级粗筛最低资格条件
301086,鸿富瀚,155.82,-0.004408663983132,0.03983983983983985,-0.011106175033318566,0.2988247061765441,,,,0.13040396881644228,-0.06459358866610654,0.3844747340425534,0.3391743520967213,5130406.8,6754456.6,0.7595587778297369,,0.09682300805252361,,True,0.005155458955124814,0.023315558238588663,True,3,3,收敛较充分,-0.06459358866610654,0.8146425495262701,0.10395545070033374,,,,-0.021906973824618703,141.1,141.1,0.1043231750531537,0.1043231750531537,False,0,,创业板20%,25,15.165911416459576,2,2,1,1,1,1,8,False,,硬资格：最近25个交易日（含当日）至少一次按板块涨停价核验的实际涨停；通过后再按方向/非极端波动/不过热排序,1,False,,,424,1,未入选：未满足一级粗筛最低资格条件
301123,奕东电子,79.0,-0.01777943553400485,0.04084321475625807,-0.04715957061874321,0.09161254663534613,,,,0.13934311670160726,-0.06398104265402849,0.1723850534796501,0.8083248163858741,8516921.0,10361333.2,0.8219908418735149,,0.06905731005097054,,True,0.021202060076860763,0.001998555882200881,True,3,3,收敛较充分,-0.06398104265402849,0.6075581395348835,0.019354838709677358,,,,-0.017412935323383172,71.55,71.55,0.10412299091544375,0.10412299091544375,False,0,,创业板20%,25,8.78922521521799,2,2,1,1,1,1,8,False,,硬资格：最近25个交易日（含当日）至少一次按板块涨停价核验的实际涨停；通过后再按方向/非极端波动/不过热排序,1,False,,,424,1,未入选：未满足一级粗筛最低资格条件
301182,凯旺科技,69.5,0.05175544794188869,0.016973953760608618,-0.02851551579535927,0.05783866057838649,,,,0.13362276893391226,-0.10507339685809935,0.19421805320621244,0.6880038530302706,3073651.8,4005254.8,0.767404810300708,,0.0425475772508073,,True,-0.027700669140636403,-0.012850215129581621,False,3,2,部分收敛/待确认,-0.10507339685809935,0.47252747252747274,0.005897890509100057,,,,0.017569546120058677,62.19,62.19,0.11754301334619721,0.11754301334619721,False,0,,创业板20%,12,5.687473339968729,2,2,1,1,1,1,8,False,,硬资格：最近25个交易日（含当日）至少一次按板块涨停价核验的实际涨停；通过后再按方向/非极端波动/不过热排序,1,False,,,424,1,未入选：未满足一级粗筛最低资格条件
301205,联特科技,300.4,0.021074099252209377,-0.008875251575439669,0.0540350877192981,0.0030050083472452638,,,,0.12556220495855494,-0.1187514667918329,0.20879432624113473,0.6013678973898182,6547455.0,6591650.2,0.9932952752863008,,0.08245099643796673,,True,-0.029259955099466217,-0.00042766518567771694,False,3,2,部分收敛/待确认,-0.1187514667918329,0.49241379310344807,0.0023356690023357274,,,,-0.007958786037449261,269.03,269.03,0.11660409619745016,0.11660409619745016,False,0,,创业板20%,25,13.446969696969703,2,2,1,1,1,1,8,False,,硬资格：最近25个交易日（含当日）至少一次按板块涨停价核验的实际涨停；通过后再按方向/非极端波动/不过热排序,1,False,,,424,1,未入选：未满足一级粗筛最低资格条件
301270,汉仪股份,33.09,0.011308068459657816,0.05718849840255591,0.05989750160153773,0.04253308128544431,,,,0.08636363636363636,-0.011057979677226437,0.07742567788304468,1.1154392021480641,3896509.8,2095728.4,1.8592627746992405,,0.023028543531069586,,False,0.025036261587942255,0.006151225513390646,True,3,1,结构未成熟,-0.08006672226855704,0.4626865671641799,0.0371577677130186,,,,0.0027272727272729114,30.8,30.61,0.07435064935064939,0.0810192747468148,False,0,,创业板20%,12,3.450479233226833,2,2,1,1,1,1,8,False,,硬资格：最近25个交易日（含当日）至少一次按板块涨停价核验的实际涨停；通过后再按方向/非极端波动/不过热排序,1,False,,,424,1,未入选：未满足一级粗筛最低资格条件
301529,福赛科技,121.47,0.04275045068246208,0.02618906817605815,0.04932619212163081,0.22511346444780633,,,,0.15583333333333332,-0.06912407081002381,0.2265250493467432,0.6879298063623787,3250113.4,2919709.8,1.113163164366541,,0.04826314248318924,,False,-0.03177654453062306,0.005351649381748036,False,3,1,结构未成熟,-0.06912407081002381,0.7972578107439873,0.04861057156916049,,,,0.008300821781356271,108.0,106.39,0.12472222222222218,0.14174264498543088,False,0,,创业板20%,25,17.476635514018703,2,2,1,1,1,1,8,False,,硬资格：最近25个交易日（含当日）至少一次按板块涨停价核验的实际涨停；通过后再按方向/非极端波动/不过热排序,1,False,,,424,1,未入选：未满足一级粗筛最低资格条件
301580,爱迪特,55.11,-0.04818652849740934,0.03009345794392515,0.005290040131338936,0.09802749551703527,,,,0.17379255740300859,-0.07065767284991564,0.09790076335877868,1.7751910346818023,6645026.8,4333082.3,1.5335565631882875,0.0612039814453311,0.042976785399096454,1.42411725020778,False,0.02201010668163983,0.004826986739657091,True,3,1,结构未成熟,-0.07065767284991564,0.6330998248686515,0.018151586531800046,,,,-0.026669021547156446,50.52,50.52,0.09085510688836096,0.09085510688836096,False,0,,创业板20%,25,9.35166994106089,2,2,1,1,1,1,8,False,,硬资格：最近25个交易日（含当日）至少一次按板块涨停价核验的实际涨停；通过后再按方向/非极端波动/不过热排序,1,False,,,424,1,未入选：未满足一级粗筛最低资格条件
600150,中国船舶,38.96,0.030960571579783158,-0.045565899069083815,0.13519813519813528,0.18096392846317055,,,,0.09115209836942005,-0.053909664885866904,0.22486615110053548,0.4053615803148017,132066038.0,142329521.9,0.9278892828206711,,0.01891266068981595,,True,-0.022809850625757022,0.032467015317635406,False,3,2,部分收敛/待确认,-0.053909664885866904,0.7415599534342259,0.06679809969743022,,,,-0.045565899069083815,37.41,34.5,0.04143277198610007,0.12927536231884051,False,0,,沪深主板10%,12,3.096057157978316,2,2,1,1,1,1,8,False,,硬资格：最近25个交易日（含当日）至少一次按板块涨停价核验的实际涨停；通过后再按方向/非极端波动/不过热排序,1,False,,,424,1,未入选：未满足一级粗筛最低资格条件
600183,生益科技,146.03,-0.054699637493526576,-0.006328252585737659,0.019833787275647774,0.15639847956921127,,,,0.1377591562522574,-0.0728253968253968,0.16099505425555474,0.855673218592082,73027019.4,74803547.2,0.976250754589884,,0.03326869245407497,,True,0.012720329423915988,0.012495959616799723,True,3,3,收敛较充分,-0.0728253968253968,0.6764456981664316,0.020133009193282536,,,,-0.0694577200025489,138.43,135.47,0.05490139420645801,0.07795083782387247,False,0,,沪深主板10%,25,8.43012075994154,2,2,1,1,1,1,8,False,,硬资格：最近25个交易日（含当日）至少一次按板块涨停价核验的实际涨停；通过后再按方向/非极端波动/不过热排序,1,False,,,424,1,未入选：未满足一级粗筛最低资格条件
600498,烽火通信,43.42,0.02696310312204364,0.08198355345128339,0.10315040650406515,0.1277922077922078,,,,0.15901426718547348,-0.028200537153088567,0.16916087653661138,0.9400179902180757,105701539.4,83595444.1,1.2644413883794419,0.07784231996318244,0.06573925259405182,1.1841071641606362,False,0.022486315893288644,0.014382191095547725,True,3,2,部分收敛/待确认,-0.028200537153088567,0.8357235984354632,0.06923427361266743,,,,0.041247002398081545,38.55,37.42,0.1263294422827499,0.16034206306787824,False,0,,沪深主板10%,25,7.935304523629005,2,2,1,1,1,1,8,False,,硬资格：最近25个交易日（含当日）至少一次按板块涨停价核验的实际涨停；通过后再按方向/非极端波动/不过热排序,1,False,,,424,1,未入选：未满足一级粗筛最低资格条件
600522,中天科技,36.39,0.0341005967604433,0.09279279279279296,0.10574293527803102,0.10809987819732014,,,,0.11665646050214337,-0.002193583767480023,0.15523809523809526,0.7514679970996965,249746577.8,168966575.9,1.4780827300886317,,0.050845905391372855,,False,0.036715779467680454,0.016651665166516727,True,3,2,部分收敛/待确认,-0.011141304347826009,0.9253187613843358,0.07191775778016685,,,,0.03439454235361006,32.66,31.5,0.11420698101653404,0.15523809523809518,False,0,,沪深主板10%,25,8.054711246200608,2,2,1,1,1,1,8,False,,硬资格：最近25个交易日（含当日）至少一次按板块涨停价核验的实际涨停；通过后再按方向/非极端波动/不过热排序,1,False,,,424,1,未入选：未满足一级粗筛最低资格条件
600601,方正科技,14.61,-0.03754940711462451,-0.014170040485830038,0.15768621236133118,0.18587662337662336,,,,0.08039492242595209,-0.04634464751958234,0.27899159663865547,0.28816252315326196,200472958.4,238775826.0,0.8395864931485988,,0.057256362938389135,,True,0.0055729237460924175,0.053641517662450955,True,3,3,收敛较充分,-0.04634464751958234,0.8325471698113206,0.09598289636547763,,,,-0.045098039215686336,14.18,12.84,0.030324400564174958,0.1378504672897196,False,0,,沪深主板10%,25,7.155172413793109,2,2,1,1,1,1,8,False,,硬资格：最近25个交易日（含当日）至少一次按板块涨停价核验的实际涨停；通过后再按方向/非极端波动/不过热排序,1,False,,,424,1,未入选：未满足一级粗筛最低资格条件
600801,华新建材,24.2,-0.008196721311475419,-0.030448717948718063,0.012976140644621159,0.06280193236714982,,,,0.08721934369602762,-0.05320813771517996,0.1156700130947184,0.7540359109720731,9766520.4,10203773.9,0.9571478646738732,,0.008501756078471801,,True,-0.014925373134328401,0.007749724680833792,False,3,2,部分收敛/待确认,-0.05320813771517996,0.5802469135802469,0.0008478256374200299,,,,-0.038919777601270855,23.16,23.16,0.04490500863557845,0.04490500863557845,False,0,,沪深主板10%,11,2.0799347471451846,2,2,1,1,1,1,8,False,,硬资格：最近25个交易日（含当日）至少一次按板块涨停价核验的实际涨停；通过后再按方向/非极端波动/不过热排序,1,False,,,424,1,未入选：未满足一级粗筛最低资格条件
600962,国投中鲁,25.87,-0.003082851637764894,0.029856687898089262,0.000773694390715729,0.02577319587628879,,,,0.0630081300813007,-0.06741167988464303,0.09253974724826741,0.6808764012750248,4831382.8,5027211.0,0.961046353534793,,0.020836507270617272,,True,0.010327158060701613,0.0026716957410026776,True,3,3,收敛较充分,-0.07242739333094295,0.39880952380952384,0.011791853256937213,,,,-0.004234026173979943,24.6,24.6,0.0516260162601625,0.0516260162601625,False,0,,沪深主板10%,12,2.2144522144522227,2,2,1,1,1,1,8,False,,硬资格：最近25个交易日（含当日）至少一次按板块涨停价核验的实际涨停；通过后再按方向/非极端波动/不过热排序,1,False,,,424,1,未入选：未满足一级粗筛最低资格条件
601886,江河集团,13.43,0.022848438690022732,0.03626543209876543,0.001491424310216205,0.04432348367029548,,,,0.10328262610088064,-0.054225352112675984,0.10850897736143628,0.9518348491743037,14256369.0,20727250.0,0.6878080304912615,,0.02074275663717674,,True,-0.0018209408194234111,-0.002254621975048887,True,3,3,收敛较充分,-0.054225352112675984,0.8121951219512196,0.012362430272877978,,,,-0.005185185185185182,12.49,12.49,0.07526020816653323,0.07526020816653323,False,0,,沪深主板10%,25,8.51063829787233,2,2,1,1,1,1,8,False,,硬资格：最近25个交易日（含当日）至少一次按板块涨停价核验的实际涨停；通过后再按方向/非极端波动/不过热排序,1,False,,,424,1,未入选：未满足一级粗筛最低资格条件
601999,出版传媒,6.91,0.0014492753623187582,-0.062415196743555,0.026745913818722045,0.14214876033057866,,,,0.11463046757164401,-0.13840399002493764,0.3212520593080724,0.3568240708512202,41397583.0,41399056.9,0.9999643977396983,,0.0751460378530469,,True,-0.050605060506050514,0.01705272133011193,False,3,2,部分收敛/待确认,-0.13840399002493764,0.47393364928909965,0.030266885343670724,,,,-0.06495263870094714,6.63,6.4,0.042232277526395245,0.07968749999999991,False,0,,沪深主板10%,12,2.8064992614475592,2,2,1,1,1,1,8,False,,硬资格：最近25个交易日（含当日）至少一次按板块涨停价核验的实际涨停；通过后再按方向/非极端波动/不过热排序,1,False,,,424,1,未入选：未满足一级粗筛最低资格条件
603038,华立股份,16.95,0.029769137302551485,0.04694255713403317,0.027895694360218437,0.03290676416819016,,,,0.12648221343873528,-0.07980456026058647,0.15849056603773592,0.7980425371729722,7217124.0,7951150.9,0.9076829368186182,,0.031211599067585218,,True,-0.010816859380827881,-0.01736111111111116,False,3,2,部分收敛/待确认,-0.07980456026058647,0.5462962962962958,0.018507390938588886,,,,0.012544802867383575,15.18,15.18,0.11660079051383399,0.11660079051383399,False,0,,沪深主板10%,25,8.147174770039435,2,2,1,1,1,1,8,False,,硬资格：最近25个交易日（含当日）至少一次按板块涨停价核验的实际涨停；通过后再按方向/非极端波动/不过热排序,1,False,,,424,1,未入选：未满足一级粗筛最低资格条件
603203,快克智能,44.93,-0.009698038351333427,0.03216172754422231,0.04927603923400281,0.048296780214652335,,,,0.1329253365973072,-0.04688162918964789,0.1605120630231414,0.8281330019298491,7113466.0,8791512.3,0.8091288230353724,,0.026449254121330472,,True,0.016552932497233552,0.012268228077512822,True,3,3,收敛较充分,-0.052709255745308825,0.6328928046989722,0.033515055321693854,,,,-0.0037694013303769536,40.85,40.62,0.09987760097919218,0.10610536681437721,False,0,,沪深主板10%,12,3.870076019350388,2,2,1,1,1,1,8,False,,硬资格：最近25个交易日（含当日）至少一次按板块涨停价核验的实际涨停；通过后再按方向/非极端波动/不过热排序,1,False,,,424,1,未入选：未满足一级粗筛最低资格条件
603268,松发股份,193.5,0.04144241119483305,-0.030512550728994503,0.013301214914118065,0.09812155950286594,,,,0.10936648129974923,-0.04904658934539019,0.11602209944751381,0.9426349102502196,6327973.8,5633457.9,1.1232841200428603,,0.025946241480770158,,False,-0.014999491197720594,0.008801519507613209,False,3,1,结构未成熟,-0.04904658934539019,0.697392359005458,0.015039368839602885,,,,-0.04207920792079212,183.42,183.42,0.05495583905789991,0.05495583905789991,False,0,,沪深主板10%,25,5.676228375614878,2,2,1,1,1,1,8,False,,硬资格：最近25个交易日（含当日）至少一次按板块涨停价核验的实际涨停；通过后再按方向/非极端波动/不过热排序,1,False,,,424,1,未入选：未满足一级粗筛最低资格条件
603306,华懋科技,80.41,-0.005073001732244453,0.02852391916091057,0.07213333333333338,0.08252557889068379,,,,0.1503738576571587,-0.03213769860375548,0.13209407125756928,1.1383846089802607,10046000.6,9809903.3,1.0240672402958344,,0.0297724777267728,,False,0.020004694713231297,0.01573950589571238,True,3,1,结构未成熟,-0.03213769860375548,0.8023686158401184,0.05579663999054629,,,,0.015405985604243,72.22,71.01,0.11340348933813349,0.13237572172933376,False,0,,沪深主板10%,12,5.947796320068477,2,2,1,1,1,1,8,False,,硬资格：最近25个交易日（含当日）至少一次按板块涨停价核验的实际涨停；通过后再按方向/非极端波动/不过热排序,1,False,,,424,1,未入选：未满足一级粗筛最低资格条件
603533,掌阅科技,23.43,0.0017101325352715246,-0.002129471890971124,0.006011163589523472,0.09845288326300983,,,,0.1188720173535791,-0.0918604651162791,0.26161369193154044,0.4543799541833069,28700723.4,44988068.2,0.6379630099342651,,0.10250260337375179,,True,-0.014903252367229225,-0.00783699059561116,False,3,2,部分收敛/待确认,-0.0918604651162791,0.5955631399317404,0.019781941633479017,,,,-0.05827974276527326,23.05,23.05,0.016485900216919758,0.016485900216919758,False,0,,沪深主板10%,12,3.3119130004943154,2,2,1,1,1,1,8,False,,硬资格：最近25个交易日（含当日）至少一次按板块涨停价核验的实际涨停；通过后再按方向/非极端波动/不过热排序,1,False,,,424,1,未入选：未满足一级粗筛最低资格条件
603663,三祥新材,43.62,-0.027424749163879714,0.010189902732746559,0.07943578322197475,0.07016683022571146,,,,0.13241895261845374,-0.04614038924119834,0.2050065876152831,0.6459253537108385,24493825.8,23162034.9,1.0574988728645773,,0.03547963283154819,,False,0.0366797210812877,0.02129782883847753,True,3,2,部分收敛/待确认,-0.09276206322795344,0.5597235932872653,0.037126859017796665,,,,-0.025904421616793294,40.1,37.95,0.08778054862842888,0.14940711462450573,False,0,,沪深主板10%,25,7.236522583778515,2,2,1,1,1,1,8,False,,硬资格：最近25个交易日（含当日）至少一次按板块涨停价核验的实际涨停；通过后再按方向/非极端波动/不过热排序,1,False,,,424,1,未入选：未满足一级粗筛最低资格条件
603688,石英股份,48.35,-0.019070805437208294,0.02894232815492659,0.028067191154582227,0.010871837758728908,,,,0.11568409343715229,-0.10875576036866352,0.21910112359550563,0.5279940674823873,14127196.4,16832230.1,0.8392943962903644,,0.0326486919091353,,True,0.018642487924752205,0.0032207484002204634,True,3,3,收敛较充分,-0.10875576036866352,0.394871794871795,0.0056470147779152935,,,,-0.012257405515832542,44.95,44.5,0.07563959955506117,0.08651685393258424,False,0,,沪深主板10%,12,3.3104561970125124,2,2,1,1,1,1,8,False,,硬资格：最近25个交易日（含当日）至少一次按板块涨停价核验的实际涨停；通过后再按方向/非极端波动/不过热排序,1,False,,,424,1,未入选：未满足一级粗筛最低资格条件
603931,格林达,35.6,-0.0008419870895313153,0.0742305371152685,0.03608847497089651,0.004798193621224911,,,,0.15214646464646467,-0.057702488088935966,0.14519551379205817,1.0478730414795137,4935379.0,3527847.2,1.398977540750631,,0.018612949253246025,,False,0.0284613996028642,0.004562962962963102,True,3,1,结构未成熟,-0.11332503113325021,0.4628099173553722,0.028307336799537897,,,,0.03669190448456594,31.68,31.68,0.1237373737373737,0.1237373737373737,False,0,,沪深主板10%,12,6.179168915272526,2,2,1,1,1,1,8,False,,硬资格：最近25个交易日（含当日）至少一次按板块涨停价核验的实际涨停；通过后再按方向/非极端波动/不过热排序,1,False,,,424,1,未入选：未满足一级粗筛最低资格条件
603955,大千生态,22.85,-0.001747487986020091,0.0017536168347216385,0.0808893093661307,0.20771670190274838,,,,0.08583489681050649,-0.01295896328293722,0.1826086956521739,0.4700482444384879,2505136.6,2928152.0,0.8555350268701898,,0.022576175739968816,,True,0.00442597777978504,0.026269458858413586,True,3,3,收敛较充分,-0.01295896328293722,0.9378881987577645,0.0777539325047758,,,,-0.010822510822510845,21.32,21.1,0.07176360225140721,0.08293838862559233,False,0,,沪深主板10%,25,5.422885572139302,2,2,1,1,1,1,8,False,,硬资格：最近25个交易日（含当日）至少一次按板块涨停价核验的实际涨停；通过后再按方向/非极端波动/不过热排序,1,False,,,424,1,未入选：未满足一级粗筛最低资格条件
603999,读者传媒,6.54,0.023474178403755985,0.0092592592592593,0.10659898477157359,0.16785714285714293,,,,0.10367892976588615,-0.10288065843621397,0.3087971274685816,0.3357509527883639,30025412.0,20725209.5,1.4487386484561229,,0.03598126649305551,,False,-0.03839232153569294,0.024187215329040557,False,3,1,结构未成熟,-0.10288065843621397,0.592391304347826,0.06836559666748343,,,,-0.009090909090909038,5.98,5.88,0.09364548494983271,0.11224489795918369,False,0,,沪深主板10%,12,3.4420289855072506,2,2,1,1,1,1,8,False,,硬资格：最近25个交易日（含当日）至少一次按板块涨停价核验的实际涨停；通过后再按方向/非极端波动/不过热排序,1,False,,,424,1,未入选：未满足一级粗筛最低资格条件
605167,利柏特,16.48,0.013530135301353052,0.014153846153846183,-0.002421307506053183,0.07012987012987004,,,,0.1034912718204489,-0.06892655367231637,0.18079096045197732,0.5724360972568583,8018730.2,11346905.9,0.7066887018072477,,0.027822439978353042,,True,-0.0015694796571290581,0.01639242855375489,True,3,3,收敛较充分,-0.06892655367231637,0.6657534246575344,0.05266519753441279,,,,-0.05232892466935024,16.04,15.9,0.02743142144638422,0.03647798742138364,False,0,,沪深主板10%,25,7.692307692307687,2,2,1,1,1,1,8,False,,硬资格：最近25个交易日（含当日）至少一次按板块涨停价核验的实际涨停；通过后再按方向/非极端波动/不过热排序,1,False,,,424,1,未入选：未满足一级粗筛最低资格条件
605589,圣泉集团,40.38,-0.026518804243008565,0.04828660436137078,0.054308093994778206,0.05817610062893097,,,,0.1645328248433669,-0.055438596491228065,0.13280394304490672,1.2389152089236632,36172773.0,23550388.9,1.5359734887435341,,0.030157371268441757,,False,0.03078440533665594,0.014524119947848524,True,3,1,结构未成熟,-0.08227272727272716,0.5552825552825557,0.0391415116189302,,,,-0.0004950495049503845,36.71,36.52,0.09997275946608553,0.10569550930996718,False,0,,沪深主板10%,12,4.747474747474745,2,2,1,1,1,1,8,False,,硬资格：最近25个交易日（含当日）至少一次按板块涨停价核验的实际涨停；通过后再按方向/非极端波动/不过热排序,1,False,,,424,1,未入选：未满足一级粗筛最低资格条件
688167,炬光科技,302.56,0.004648691725328558,-0.03949206349206347,0.06467731719332814,0.06911660777385165,,,,0.17120477433793352,-0.061072492552135094,0.1890774907749078,0.9054741187661978,8366020.0,10143867.9,0.8247366864862268,,0.07739805746239956,,True,-0.02676382730767668,0.010673268130351854,False,3,2,部分收敛/待确认,-0.061072492552135094,0.7254847259031942,0.044644968830868326,,,,-0.03643312101910823,268.1,268.1,0.12853412905632222,0.12853412905632222,False,0,,科创板20%,25,11.068702290076327,2,2,1,1,1,1,8,False,,硬资格：最近25个交易日（含当日）至少一次按板块涨停价核验的实际涨停；通过后再按方向/非极端波动/不过热排序,1,False,,,424,1,未入选：未满足一级粗筛最低资格条件
688195,腾景科技,187.5,-0.00181005110732535,-0.0748050922727721,-0.07315867523479991,0.06364874063989112,,,,0.15021459227467807,-0.12993039443155452,0.23715483093174122,0.6334030459531874,10184216.2,14046935.2,0.7250133965165583,,0.08182475249086872,,True,-0.05488009263491478,-0.011438434160066624,False,3,2,部分收敛/待确认,-0.12993039443155452,0.5212856898615149,0.0004775612892553571,,,,-0.07943833464257666,177.08,177.08,0.058843460582787444,0.058843460582787444,False,0,,科创板20%,25,10.661348889814871,2,2,1,1,1,1,8,False,,硬资格：最近25个交易日（含当日）至少一次按板块涨停价核验的实际涨停；通过后再按方向/非极端波动/不过热排序,1,False,,,424,1,未入选：未满足一级粗筛最低资格条件
688205,德科立,214.1,-0.02237442922374433,-0.05786578657865793,0.17379385964912264,0.2821127013593627,,,,0.11029411764705882,-0.08847070844686644,0.501310322786833,0.22001166270409728,12157514.2,17022913.2,0.714185289977276,,0.10968730643915417,,True,-0.019543706835286168,0.05411324497782943,False,3,2,部分收敛/待确认,-0.08847070844686644,0.763514282462729,0.12135924872596626,,,,-0.05474613686534224,204.0,186.23,0.049509803921568674,0.14965365408365994,False,0,,科创板20%,25,10.414838952249639,2,2,1,1,1,1,8,False,,硬资格：最近25个交易日（含当日）至少一次按板块涨停价核验的实际涨停；通过后再按方向/非极端波动/不过热排序,1,False,,,424,1,未入选：未满足一级粗筛最低资格条件
688498,源杰科技,1784.66,0.01925822700949209,0.03819662594531703,0.18346153846153856,0.15511974110032378,,,,0.1101050735514861,-0.03473454199299031,0.2328007055408568,0.47295850455299643,2839414.6,3191453.3,0.8896932942744299,,0.026798461945984422,,True,0.008045019343152049,0.046324729713197677,True,3,3,收敛较充分,-0.03473454199299031,0.8429252782193959,0.10406956530346378,,,,0.02272779369627509,1665.5,1441.25,0.07154608225758041,0.23827233304423245,False,0,,科创板20%,25,16.098226466575728,2,2,1,1,1,1,8,False,,硬资格：最近25个交易日（含当日）至少一次按板块涨停价核验的实际涨停；通过后再按方向/非极端波动/不过热排序,1,False,,,424,1,未入选：未满足一级粗筛最低资格条件
688601,力芯微,59.53,-0.01765676567656771,-0.0028475711892798072,-0.03501377857027066,0.28435814455231934,,,,0.14129629629629634,-0.09114503816793895,0.2358490566037736,0.5990962962962965,4147871.2,6000628.6,0.6912394478138508,,0.04753936535884985,,True,-0.011887779362814932,-0.016446387757130032,False,3,2,部分收敛/待确认,-0.09114503816793895,0.7151717557251909,0.031090326491729492,,,,-0.01895187870797621,54.0,54.0,0.1024074074074075,0.1024074074074075,False,0,,科创板20%,25,18.208409506398525,2,2,1,1,1,1,8,False,,硬资格：最近25个交易日（含当日）至少一次按板块涨停价核验的实际涨停；通过后再按方向/非极端波动/不过热排序,1,False,,,424,1,未入选：未满足一级粗筛最低资格条件
688603,天承科技,117.8,-0.0071639275179098405,0.02523933855526539,-0.04134114583333337,0.12190476190476196,,,,0.16510318949343347,-0.07156368221941989,0.1710198431010614,0.9654037011124401,5876775.4,6643714.3,0.8845617277672522,,0.05609267691870623,,True,0.01448868619540411,0.001975227711840999,True,3,3,收敛较充分,-0.07156368221941989,0.7042345276872963,0.03292559954403962,,,,-0.031010940199062254,106.6,106.6,0.10506566604127587,0.10506566604127587,False,0,,科创板20%,25,9.037735849056606,2,2,1,1,1,1,8,False,,硬资格：最近25个交易日（含当日）至少一次按板块涨停价核验的实际涨停；通过后再按方向/非极端波动/不过热排序,1,False,,,424,1,未入选：未满足一级粗筛最低资格条件
688661,和林微纳,103.4,-0.023330499669405813,0.009765625,0.008780487804878057,0.06972894682391906,,,,0.16304347826086957,-0.07678571428571423,0.17474302496328925,0.9330471318962369,3918185.2,3666100.4,1.0687610192017656,,0.024268917660702684,,False,0.004543470497202495,0.0015387953993966086,True,3,2,部分收敛/待确认,-0.07678571428571423,0.5904761904761907,0.01086138294440242,,,,-0.02919913623133974,92.0,92.0,0.12391304347826093,0.12391304347826093,False,0,,科创板20%,25,14.22213021426353,2,2,1,1,1,1,8,False,,硬资格：最近25个交易日（含当日）至少一次按板块涨停价核验的实际涨停；通过后再按方向/非极端波动/不过热排序,1,False,,,424,1,未入选：未满足一级粗筛最低资格条件
688807,优迅股份,343.4,0.012024048096192397,-0.028901080255641753,0.07817896389324952,0.1077419354838709,,,,0.11795031055900627,-0.04875346260387814,0.20333333333333334,0.5800834945524899,1934473.4,2074208.9,0.9326319060727201,,0.1266238125,,True,-0.008054822287168806,0.021325457321709873,True,3,3,收敛较充分,-0.04875346260387814,0.8307692307692306,0.03810203267270462,,,,-0.04605811433968565,322.0,305.01,0.06645962732919242,0.12586472574669672,False,0,,科创板20%,25,11.40485995410392,2,2,1,1,1,1,8,False,,硬资格：最近25个交易日（含当日）至少一次按板块涨停价核验的实际涨停；通过后再按方向/非极端波动/不过热排序,1,False,,,424,1,未入选：未满足一级粗筛最低资格条件
000510,新金路,17.82,-0.010000000000000009,0.07608695652173925,0.023549684089603673,0.0959409594095939,,,,0.2425249169435215,-0.04705882352941171,0.1799617102744096,1.347647322164888,46661359.2,39601257.2,1.17827974410873,,0.06524237054568394,,False,0.030705394190871482,0.011287748951007703,True,3,1,结构未成熟,-0.04705882352941171,0.7589041095890413,0.04234908750584965,,,,-0.016013252346769646,15.05,15.05,0.18405315614617934,0.18405315614617934,False,0,,沪深主板10%,12,5.373687461395904,2,2,0,1,1,1,7,False,近5日波动仍偏大,硬资格：最近25个交易日（含当日）至少一次按板块涨停价核验的实际涨停；通过后再按方向/非极端波动/不过热排序,128,False,,,424,1,未入选：未满足一级粗筛最低资格条件
000859,国风新材,9.47,-0.03955375253549687,0.0986078886310906,0.06285072951739634,0.07248018120045296,,,,0.214622641509434,-0.08058252427184465,0.09824561403508769,2.1845518867924536,79497794.0,33585228.5,2.367046393625102,,0.03748682873209104,,False,0.06275487086542841,0.022479487467685688,True,3,1,结构未成熟,-0.08678881388621007,0.528795811518325,0.053509845366559006,,,,-0.05110220440881763,8.48,8.48,0.116745283018868,0.116745283018868,False,0,,沪深主板10%,15,6.39470782800442,2,2,0,1,1,1,7,False,近5日波动仍偏大,硬资格：最近25个交易日（含当日）至少一次按板块涨停价核验的实际涨停；通过后再按方向/非极端波动/不过热排序,128,False,,,424,1,未入选：未满足一级粗筛最低资格条件
002734,利民股份,18.34,0.06938775510204098,0.0826446280991735,0.09688995215311014,0.24761904761904763,,,,0.19870967741935472,-0.012917115177610294,0.14142678347934906,1.4050356836996865,27130243.8,18079690.5,1.5005922695413398,,0.03471858381250231,,False,0.006606890042472724,0.015376395155545008,True,3,1,结构未成熟,-0.012917115177610294,0.9433962264150947,0.11333697565713563,,,,0.04263786242183065,15.5,15.5,0.1832258064516128,0.1832258064516128,False,0,,沪深主板10%,12,6.938775510204098,2,2,0,1,1,1,7,False,近5日波动仍偏大,硬资格：最近25个交易日（含当日）至少一次按板块涨停价核验的实际涨停；通过后再按方向/非极端波动/不过热排序,128,False,,,424,1,未入选：未满足一级粗筛最低资格条件
002827,高争民爆,67.88,0.05502020516008699,0.09909326424870457,0.12869970069837033,0.17480096919349242,,,,0.18830941547077362,-0.05459610027855155,0.25502534521936715,0.7383949046664128,8622625.8,14534361.6,0.5932579660051943,,0.05033151002103588,,True,0.01626852715172178,0.023037014707515402,True,3,3,收敛较充分,-0.05459610027855155,0.8020202020202019,0.11234012568722385,,,,0.036494121239883937,57.14,57.14,0.18795939796989836,0.18795939796989836,False,0,,沪深主板10%,12,5.502020516008699,2,2,0,1,1,1,7,False,近5日波动仍偏大,硬资格：最近25个交易日（含当日）至少一次按板块涨停价核验的实际涨停；通过后再按方向/非极端波动/不过热排序,128,False,,,424,1,未入选：未满足一级粗筛最低资格条件
002973,侨银股份,13.56,0.019548872180451093,0.15897435897435908,0.052795031055900665,0.2768361581920906,,,,0.20353982300884946,-0.002941176470588225,0.14908456843940707,1.3652641929307043,13718620.0,8078742.9,1.6981132052116672,,0.021570413637591965,,False,0.04061240934730037,0.009089459416361079,True,3,1,结构未成熟,-0.002941176470588225,0.9872611464968155,0.0910407531077766,,,,0.04227517294388927,11.3,11.3,0.19999999999999996,0.19999999999999996,False,0,,沪深主板10%,12,8.974358974358987,2,2,0,1,1,1,7,False,近5日波动仍偏大,硬资格：最近25个交易日（含当日）至少一次按板块涨停价核验的实际涨停；通过后再按方向/非极端波动/不过热排序,128,False,,,424,1,未入选：未满足一级粗筛最低资格条件
300499,高澜股份,38.26,0.002095337873232017,0.04735833561456326,0.13061465721040166,0.4050679397723098,,,,0.18467524693205634,-0.03335017685699848,0.28819212808539013,0.6408060072943347,40044380.6,42077150.6,0.9516894568426408,,0.15484788681195436,,True,0.03906992342518589,0.0449888898508064,True,3,3,收敛较充分,-0.03335017685699848,0.8961447678992919,0.13610381126304683,,,,-0.00829445308449972,33.41,31.01,0.145166117928764,0.23379554982263784,False,0,,创业板20%,25,8.818181818181813,2,2,0,1,1,1,7,False,近5日波动仍偏大,硬资格：最近25个交易日（含当日）至少一次按板块涨停价核验的实际涨停；通过后再按方向/非极端波动/不过热排序,128,False,,,424,1,未入选：未满足一级粗筛最低资格条件
300613,富瀚微,74.91,0.015728813559322097,0.08628190255220414,-0.014342105263157934,0.05730416372618219,,,,0.17656153370439062,-0.08085889570552152,0.18442086905972965,0.9573836985184493,11959280.6,13916856.6,0.8593377760319812,,0.07303846577839998,,True,0.01710595217315447,-0.021975428611091807,False,3,2,部分收敛/待确认,-0.08085889570552152,0.6105200945626476,0.04601721718367102,,,,0.06255319148936156,64.68,64.68,0.15816326530612224,0.15816326530612224,False,0,,创业板20%,25,9.877830750893924,2,2,1,1,1,0,7,False,,硬资格：最近25个交易日（含当日）至少一次按板块涨停价核验的实际涨停；通过后再按方向/非极端波动/不过热排序,128,False,,,424,1,未入选：未满足一级粗筛最低资格条件
300852,四会富仕,67.5,0.008064516129032251,0.060987110971392644,0.3663967611336032,0.48809523809523814,,,,0.12426229508196719,-0.015748031496062964,0.5411068093828286,0.22964467075122805,16628068.4,11789784.7,1.4103793091319132,,0.0691353047103565,,False,0.07115185950413205,0.10916427351048741,True,3,2,部分收敛/待确认,-0.015748031496062964,0.95748031496063,0.26218947801452885,,,,-0.014598540145985384,61.0,47.8,0.10655737704918034,0.41213389121338917,False,0,,创业板20%,25,11.28632574904258,2,2,1,0,1,1,7,False,近10日速度偏快,硬资格：最近25个交易日（含当日）至少一次按板块涨停价核验的实际涨停；通过后再按方向/非极端波动/不过热排序,128,False,,,424,1,未入选：未满足一级粗筛最低资格条件
300913,兆龙互连,42.49,-0.028133577310155422,0.0754239433054924,0.1996047430830039,0.20232031692133545,,,,0.20942675159235666,-0.10490836317674312,0.2437047756874096,0.859346112531582,34356942.2,12495422.9,2.749562177683478,,0.03684355801312432,,False,0.07209970303295843,0.06358275934043012,True,3,2,部分收敛/待确认,-0.10490836317674312,0.6297397769516729,0.11008059775580326,,,,-0.09151165276886897,39.25,34.55,0.08254777070063701,0.22981186685962385,False,0,,创业板20%,25,14.716559620217806,2,2,0,1,1,1,7,False,近5日波动仍偏大,硬资格：最近25个交易日（含当日）至少一次按板块涨停价核验的实际涨停；通过后再按方向/非极端波动/不过热排序,128,False,,,424,1,未入选：未满足一级粗筛最低资格条件
301018,申菱环境,104.14,0.027832609553888776,0.07062814845276044,-0.07628171012950147,0.2039306358381503,,,,0.20370370370370375,-0.10224137931034483,0.20082815734989656,1.0143184421534934,14212244.8,18812966.5,0.755449428988246,,0.07232430082887815,,True,0.006374469640065827,-0.021916927930208496,False,3,1,结构未成熟,-0.10224137931034483,0.6230133502860775,0.023222453120317788,,,,0.039217642949805454,91.8,91.8,0.13442265795206976,0.13442265795206976,False,0,,创业板20%,25,16.164994425863988,2,2,0,1,1,1,7,False,近5日波动仍偏大,硬资格：最近25个交易日（含当日）至少一次按板块涨停价核验的实际涨停；通过后再按方向/非极端波动/不过热排序,128,False,,,424,1,未入选：未满足一级粗筛最低资格条件
301176,逸豪新材,56.26,-0.023602915654286738,-0.004071517082669618,0.2676881478143307,0.22544108037464605,,,,0.15197132616487463,-0.12476664592408215,0.3923750887994317,0.3873113520786153,18889223.2,7433978.0,2.540930737217678,,0.0453143216130039,,False,0.07530764129393552,0.07690443493012333,True,3,2,部分收敛/待确认,-0.12476664592408215,0.6362811791383219,0.13492631854997317,,,,-0.08934930398187124,55.8,42.23,0.008243727598566286,0.33222827373904806,False,0,,创业板20%,25,15.285714285714281,2,2,1,0,1,1,7,False,近10日速度偏快,硬资格：最近25个交易日（含当日）至少一次按板块涨停价核验的实际涨停；通过后再按方向/非极端波动/不过热排序,128,False,,,424,1,未入选：未满足一级粗筛最低资格条件
301297,富乐德,46.96,0.00021299254526097045,0.0588500563697858,0.21469218830832926,0.3548759376803232,,,,0.170166545981173,-0.03135313531353123,0.2143628509719222,0.7938247938466813,28519997.0,22655174.1,1.2588734420716723,0.0531489422895343,0.042889076197620016,1.239218630978198,False,0.0658265244887597,0.05446961245574067,True,3,2,部分收敛/待确认,-0.03135313531353123,0.8985313751668894,0.15208164667206403,,,,-0.02754193414785666,41.43,37.04,0.1334781559256577,0.2678185745140389,False,0,,创业板20%,25,9.093007154396492,2,2,1,0,1,1,7,False,近10日速度偏快,硬资格：最近25个交易日（含当日）至少一次按板块涨停价核验的实际涨停；通过后再按方向/非极端波动/不过热排序,128,False,,,424,1,未入选：未满足一级粗筛最低资格条件
301366,一博科技,66.42,-0.05100728675525068,0.12025636700961373,0.18755587341319502,0.17019027484143767,,,,0.2733964248159831,-0.08587943848059454,0.15895522388059694,1.7199587288892841,17316710.8,9461709.6,1.8301883625766744,,0.06492700285718288,,False,0.08926062228169962,0.06500528568705266,True,3,1,结构未成熟,-0.08587943848059454,0.6824427480916033,0.13496749058038504,,,,-0.06922645739910316,57.06,54.71,0.16403785488959,0.21403765307987577,False,0,,创业板20%,25,6.154419992540094,2,2,0,1,1,1,7,False,近5日波动仍偏大,硬资格：最近25个交易日（含当日）至少一次按板块涨停价核验的实际涨停；通过后再按方向/非极端波动/不过热排序,128,False,,,424,1,未入选：未满足一级粗筛最低资格条件
600176,中国巨石,47.15,-0.005064359569529442,0.08490566037735836,0.10602861834388921,0.1383389666827619,,,,0.2453012048192771,-0.08765479876160998,0.15635997988939163,1.5688234610467597,291573610.6,213687040.0,1.3644889769636943,,0.05425920193522076,,False,0.06488251253046395,0.02761400974063788,True,3,1,结构未成熟,-0.08765479876160998,0.6729241877256317,0.09431028280319809,,,,-0.019138755980861233,41.5,39.78,0.13614457831325288,0.18526897938662645,False,0,,沪深主板10%,25,7.949367088607606,2,2,0,1,1,1,7,False,近5日波动仍偏大,硬资格：最近25个交易日（含当日）至少一次按板块涨停价核验的实际涨停；通过后再按方向/非极端波动/不过热排序,128,False,,,424,1,未入选：未满足一级粗筛最低资格条件
603256,宏和科技,145.18,0.013260748185371263,0.12455460883036418,0.08262490678598078,0.05662299854439601,,,,0.23429500203169443,-0.044805579314428634,0.2801313905499874,0.8363753936026179,27024071.2,18392570.7,1.4692927726519491,,0.02135806989613023,,False,0.06602544213465711,0.013627504602845564,True,3,2,部分收敛/待确认,-0.11750045589933733,0.5777632153778945,0.07793456511005425,,,,0.011707317073170742,123.05,118.73,0.17984559122308008,0.2227743619978102,False,0,,沪深主板10%,12,5.785566694727184,2,2,0,1,1,1,7,False,近5日波动仍偏大,硬资格：最近25个交易日（含当日）至少一次按板块涨停价核验的实际涨停；通过后再按方向/非极端波动/不过热排序,128,False,,,424,1,未入选：未满足一级粗筛最低资格条件
603270,金帝股份,36.48,0.0372476542507818,0.10646041856232924,0.04377682403433458,0.31554273350162276,,,,0.23699227928835187,-0.05123537061118355,0.3997087732071352,0.5929123781467235,13157978.8,15917060.2,0.8266588575194307,,0.21916967002175838,,True,0.03908256880733929,0.032254108413048765,True,3,3,收敛较充分,-0.05123537061118355,0.8282476024411504,0.1587573851724795,,,,0.03548112404200965,29.79,29.79,0.22457200402819733,0.22457200402819733,False,0,,沪深主板10%,13,6.575963718820854,2,2,0,1,1,1,7,False,近5日波动仍偏大,硬资格：最近25个交易日（含当日）至少一次按板块涨停价核验的实际涨停；通过后再按方向/非极端波动/不过热排序,128,False,,,424,1,未入选：未满足一级粗筛最低资格条件
688035,德邦科技,76.65,-0.013005408189544099,0.022681787858572333,0.14454233238763625,0.16595679951323405,,,,0.1983519717480872,-0.058816306483300496,0.21971383147853737,0.902774169533624,6746613.6,7058579.9,0.9558032487526279,0.04743119797525306,0.04962443686726654,0.9558032487526283,True,0.022729808121374262,0.036323642204888484,True,3,3,收敛较充分,-0.058816306483300496,0.7585685483870971,0.10843582568707855,,,,-0.0009124087591240171,67.96,62.9,0.12786933490288432,0.21860095389507173,False,0,,科创板20%,25,14.400974273100942,2,2,0,1,1,1,7,False,近5日波动仍偏大,硬资格：最近25个交易日（含当日）至少一次按板块涨停价核验的实际涨停；通过后再按方向/非极端波动/不过热排序,128,False,,,424,1,未入选：未满足一级粗筛最低资格条件
688135,利扬芯片,40.52,0.03499361430395931,0.11013698630136992,0.46176046176046204,0.5766536964980546,,,,0.16317280453257807,-0.013151485630784165,0.4350649350649351,0.3750539089256272,22792685.0,14575600.4,1.5637561660924788,,0.05656553061499333,,False,0.08510875006953333,0.10968407237273836,True,3,2,部分收敛/待确认,-0.013151485630784165,0.9685681024447031,0.3040050203549651,,,,0.02608255254494818,35.3,27.1,0.14787535410764896,0.49520295202952025,False,0,,科创板20%,25,9.020006781959978,2,2,1,0,1,1,7,False,近10日速度偏快,硬资格：最近25个交易日（含当日）至少一次按板块涨停价核验的实际涨停；通过后再按方向/非极端波动/不过热排序,128,False,,,424,1,未入选：未满足一级粗筛最低资格条件
688143,长盈通,194.1,0.01463669628855202,0.14960909737029127,0.10510134365748125,0.29832775919732435,,,,0.25595747280948317,-0.055704208221843965,0.1903700401248329,1.3445260222755748,14102980.6,15108532.1,0.9334447917676927,,0.12659528225284586,,True,0.07127037562012739,0.03298496973543985,True,3,2,部分收敛/待确认,-0.055704208221843965,0.8669378268448574,0.11392957164501172,,,,-0.014720812182741128,163.66,157.01,0.1859953562263228,0.23622699191134333,False,0,,科创板20%,25,18.406462854427375,2,2,0,1,1,1,7,False,近5日波动仍偏大,硬资格：最近25个交易日（含当日）至少一次按板块涨停价核验的实际涨停；通过后再按方向/非极端波动/不过热排序,128,False,,,424,1,未入选：未满足一级粗筛最低资格条件
688293,奥浦迈,70.11,0.04563758389261752,0.04860903380197423,0.253531199713928,0.09718309859154939,,,,0.14272015342816047,-0.04155844155844168,0.4343137254901962,0.32861073701292015,6194814.4,5422627.9,1.1424007905834734,,0.0451990156899182,,False,-0.014010818480092113,0.05854911331090196,False,3,1,结构未成熟,-0.04155844155844168,0.8627539503386003,0.15079690757185293,,,,0.018152773743828066,62.57,54.1,0.12050503436151505,0.29593345656192227,False,0,,科创板20%,13,5.8297449486584885,2,2,1,0,1,1,7,False,近10日速度偏快,硬资格：最近25个交易日（含当日）至少一次按板块涨停价核验的实际涨停；通过后再按方向/非极端波动/不过热排序,128,False,,,424,1,未入选：未满足一级粗筛最低资格条件
688300,联瑞新材,174.69,-0.06397685259604569,-0.04733598734798494,0.03982142857142845,0.22529283860559723,,,,0.18033292231812578,-0.1389491324921136,0.25731284085275147,0.7008314148663968,13998911.6,17243227.8,0.8118498324310254,,0.0714096394658051,,True,0.008968710916814171,0.01121332784109108,True,3,3,收敛较充分,-0.1389491324921136,0.6120286264794935,0.014675003702875555,,,,-0.08754243927918515,162.2,161.36,0.07700369913686811,0.08261031234506677,False,0,,科创板20%,12,4.750610895500951,2,2,0,1,1,1,7,False,近5日波动仍偏大,硬资格：最近25个交易日（含当日）至少一次按板块涨停价核验的实际涨停；通过后再按方向/非极端波动/不过热排序,128,False,,,424,1,未入选：未满足一级粗筛最低资格条件
688419,耐科装备,51.26,-0.010233635837034183,0.08120649651972167,0.03325942350332589,0.0746331236897273,,,,0.18859350147693715,-0.12376068376068383,0.18374331550802148,1.026396530156788,3017084.8,3522038.9,0.8566301752090245,,0.03367716973202716,,True,0.03599102341533644,0.0020694079423877465,True,3,2,部分收敛/待确认,-0.12376068376068383,0.5003450655624568,0.012923368770501487,,,,0.019896538002387665,44.01,44.01,0.16473528743467392,0.16473528743467392,False,0,,科创板20%,12,6.508875739644959,2,2,0,1,1,1,7,False,近5日波动仍偏大,硬资格：最近25个交易日（含当日）至少一次按板块涨停价核验的实际涨停；通过后再按方向/非极端波动/不过热排序,128,False,,,424,1,未入选：未满足一级粗筛最低资格条件
688600,皖仪科技,34.16,-0.011574074074074292,0.018181818181818077,0.0966292134831459,0.26237989652623783,,,,0.2162440027416039,-0.04260089686098667,0.28901734104046245,0.7482042494859494,6826643.8,6464423.9,1.0560328198774216,,0.04798824409656728,,False,0.012297813049009676,0.0366300366300365,True,3,2,部分收敛/待确认,-0.04260089686098667,0.8502463054187189,0.10453648915187363,,,,-0.01895462377943724,29.18,29.18,0.17066483893077433,0.17066483893077433,False,0,,科创板20%,25,7.30593607305936,2,2,0,1,1,1,7,False,近5日波动仍偏大,硬资格：最近25个交易日（含当日）至少一次按板块涨停价核验的实际涨停；通过后再按方向/非极端波动/不过热排序,128,False,,,424,1,未入选：未满足一级粗筛最低资格条件
920176,维琪科技,67.0,-0.00960827790096086,0.054453887315077054,-0.11632814560801896,0.19899785254115954,,,,0.19547119547119537,-0.21911421911421913,0.6064407414341884,0.32232530256611747,1780144.4,767016.4,2.3208687584776544,,38.16571428571428,,False,-0.015480346031263914,-0.007109607699331333,False,3,1,结构未成熟,-0.21911421911421913,0.4558610709117222,0.052730815159323985,,,,-0.021755000730033558,60.06,60.06,0.11555111555111552,0.11555111555111552,False,0,,北交所30%,7,10.107421875000021,2,2,0,1,1,1,7,False,近5日波动仍偏大,硬资格：最近25个交易日（含当日）至少一次按板块涨停价核验的实际涨停；通过后再按方向/非极端波动/不过热排序,128,False,,,424,1,未入选：未满足一级粗筛最低资格条件
000889,中嘉博创,3.9,-0.007633587786259555,-0.07142857142857151,-0.022556390977443663,0.020942408376963373,,,,0.10026385224274403,-0.1095890410958904,0.1288659793814433,0.7780474934036936,55627102.2,40988211.1,1.3571488168704195,,0.0357878999331372,,False,-0.025147928994082913,-0.01115241635687747,False,3,1,结构未成熟,-0.1294642857142858,0.2749999999999996,-0.02365752910251595,,,,-0.06474820143884896,3.79,3.79,0.029023746701847042,0.029023746701847042,False,0,,沪深主板10%,12,5.527638190954787,2,0,1,1,1,1,6,False,,硬资格：最近25个交易日（含当日）至少一次按板块涨停价核验的实际涨停；通过后再按方向/非极端波动/不过热排序,217,False,,,424,1,未入选：未满足一级粗筛最低资格条件
000892,欢瑞世纪,4.54,0.0389016018306636,-0.04621848739495793,-0.10629921259842523,0.20744680851063846,,,,0.13875598086124405,-0.2545155993431856,0.6196808510638299,0.2239152309177157,108291326.6,163642901.6,0.6617538893602702,,0.2149784401478215,,True,-0.08980089394555046,-0.03563736048560828,False,3,2,部分收敛/待确认,-0.2545155993431856,0.3775100401606426,-0.004495121148996639,,,,-0.04621848739495793,4.18,4.18,0.0861244019138756,0.0861244019138756,False,0,,沪深主板10%,12,3.89016018306636,2,0,1,1,1,1,6,False,,硬资格：最近25个交易日（含当日）至少一次按板块涨停价核验的实际涨停；通过后再按方向/非极端波动/不过热排序,217,False,,,424,1,未入选：未满足一级粗筛最低资格条件
001337,四川黄金,50.2,-0.043262816847722485,-0.014526894385551548,-0.08075444057864856,0.03355981058266422,,,,0.09751552795031058,-0.14987298899237922,0.13590263691683577,0.7175396310373596,10406284.6,16033881.5,0.6490184301287246,,0.04220111802721084,,True,-0.0020550922815476547,-0.017625053029426407,False,3,2,部分收敛/待确认,-0.14987298899237922,0.41429516876240935,-0.04229543850277562,,,,-0.026188166828321924,48.3,48.3,0.03933747412008293,0.03933747412008293,False,0,,沪深主板10%,25,9.96697105109774,2,0,1,1,1,1,6,False,,硬资格：最近25个交易日（含当日）至少一次按板块涨停价核验的实际涨停；通过后再按方向/非极端波动/不过热排序,217,False,,,424,1,未入选：未满足一级粗筛最低资格条件
002037,保利联合,6.81,-0.002928257686676483,-0.04488078541374474,-0.025751072961373467,0.004424778761061843,,,,0.09800918836140883,-0.06712328767123288,0.05797101449275354,1.6906584992343048,4743560.0,5097619.2,0.930544203851084,,0.011594921871880885,,True,-0.03602836879432636,-0.012586621411398657,False,3,1,结构未成熟,-0.06712328767123288,0.363636363636363,-0.020425776754890768,,,,-0.05020920502092052,6.53,6.53,0.04287901990811638,0.04287901990811638,False,0,,沪深主板10%,12,3.7993920972644313,2,0,1,1,1,1,6,False,,硬资格：最近25个交易日（含当日）至少一次按板块涨停价核验的实际涨停；通过后再按方向/非极端波动/不过热排序,217,False,,,424,1,未入选：未满足一级粗筛最低资格条件
002329,皇氏集团,3.65,0.008287292817679592,-0.06649616368286448,-0.051948051948051965,0.03988603988603989,,,,0.13142857142857142,-0.1119221411192215,0.07874015748031503,1.6691428571428557,28712755.2,40613891.2,0.7069688313933337,,0.06723563031296956,,True,-0.05806783144912664,-0.027989821882951738,False,3,1,结构未成熟,-0.22505307855626333,0.18461538461538446,-0.053177691309987174,,,,-0.07828282828282829,3.5,3.5,0.04285714285714293,0.04285714285714293,False,0,,沪深主板10%,12,2.259887005649719,2,0,1,1,1,1,6,False,,硬资格：最近25个交易日（含当日）至少一次按板块涨停价核验的实际涨停；通过后再按方向/非极端波动/不过热排序,217,False,,,424,1,未入选：未满足一级粗筛最低资格条件
002384,东山精密,193.53,0.00796875000000008,-0.001083926912356814,0.08020763563295374,-0.020943997571710393,,,,0.09315068493150686,-0.07384188361408883,0.17091937765205095,0.5449978007826493,59791711.4,56834919.5,1.0520242119811571,,0.03821606041030466,,False,-0.008234370912895694,0.009097934710193156,True,3,2,部分收敛/待确认,-0.11971798953832158,0.38932714617169384,0.01359101264828344,,,,-0.02582301419510724,182.5,176.75,0.06043835616438353,0.09493635077793505,False,0,,沪深主板10%,12,6.07729421511769,0,2,1,1,1,1,6,False,20日方向仍偏弱,硬资格：最近25个交易日（含当日）至少一次按板块涨停价核验的实际涨停；通过后再按方向/非极端波动/不过热排序,217,False,,,424,1,未入选：未满足一级粗筛最低资格条件
002421,达实智能,3.14,-0.009463722397476282,-0.036809815950920144,-0.07374631268436582,0.012903225806451646,,,,0.05519480519480517,-0.14207650273224048,0.14375,0.38396386222473167,73408126.6,157261178.2,0.4667911524015277,,0.07723270983723138,,True,-0.03286670724284846,-0.02684163435729192,False,3,2,部分收敛/待确认,-0.17368421052631566,0.22352941176470592,-0.037105182459368335,,,,-0.03384615384615386,3.08,3.08,0.01948051948051943,0.01948051948051943,False,0,,沪深主板10%,15,4.318936877076429,2,0,1,1,1,1,6,False,,硬资格：最近25个交易日（含当日）至少一次按板块涨停价核验的实际涨停；通过后再按方向/非极端波动/不过热排序,217,False,,,424,1,未入选：未满足一级粗筛最低资格条件
002457,青龙管业,11.38,0.016071428571428736,-0.10464201416207708,-0.054817275747508165,0.081749049429658,,,,0.13248638838475507,-0.1462865716429107,0.21846435100548453,0.606443970263272,28395245.8,42173573.6,0.6732947525224658,,0.12646249746616653,,True,-0.06197411003236242,-0.016573679028552668,False,3,2,部分收敛/待确认,-0.1462865716429107,0.35643564356435653,-0.021411987273196265,,,,-0.08814102564102566,11.02,11.02,0.03266787658802195,0.03266787658802195,False,0,,沪深主板10%,25,6.270627062706291,2,0,1,1,1,1,6,False,,硬资格：最近25个交易日（含当日）至少一次按板块涨停价核验的实际涨停；通过后再按方向/非极端波动/不过热排序,217,False,,,424,1,未入选：未满足一级粗筛最低资格条件
002474,榕基软件,6.29,0.0,-0.02024922118380057,-0.02631578947368418,0.02442996742671011,,,,0.07592891760904681,-0.058383233532934065,0.08265802269043757,0.9185910228388608,17043122.2,19933052.0,0.855018197915703,,0.0371037013750309,,True,-0.017022593624264948,-0.01107521919704657,False,3,2,部分收敛/待确认,-0.1407103825136612,0.2642857142857143,-0.01232629347570069,,,,-0.0541353383458647,6.19,6.19,0.016155088852988664,0.016155088852988664,False,0,,沪深主板10%,25,3.660565723793696,2,0,1,1,1,1,6,False,,硬资格：最近25个交易日（含当日）至少一次按板块涨停价核验的实际涨停；通过后再按方向/非极端波动/不过热排序,217,False,,,424,1,未入选：未满足一级粗筛最低资格条件
002600,领益智造,12.47,-0.003197442046362853,-0.028816199376947016,-0.03183229813664601,0.023809523809523947,,,,0.09609120521172651,-0.08778346744696408,0.12602965403624378,0.7624491707649413,133089350.4,107288205.3,1.2404844505307426,,0.01490114270972116,,False,-0.0018752930145334856,-0.0036140791954746287,True,3,2,部分收敛/待确认,-0.08778346744696408,0.3877551020408164,-0.007284161923337029,,,,-0.07355126300148584,12.28,12.14,0.01547231270358318,0.027182866556836993,False,0,,沪深主板10%,25,3.2154340836012985,2,0,1,1,1,1,6,False,,硬资格：最近25个交易日（含当日）至少一次按板块涨停价核验的实际涨停；通过后再按方向/非极端波动/不过热排序,217,False,,,424,1,未入选：未满足一级粗筛最低资格条件
002659,凯文教育,4.5,0.013513513513513375,-0.030172413793103425,-0.013157894736842035,0.013513513513513375,,,,0.06221198156682038,-0.0835030549898167,0.08388520971302425,0.7416323065728854,9418870.0,14589050.1,0.6456122869850176,,0.02438505743836339,,True,-0.03488372093023251,-0.015886646629454493,False,3,2,部分收敛/待确认,-0.0835030549898167,0.31666666666666704,-0.017896115233522414,,,,-0.02386117136659438,4.34,4.34,0.03686635944700467,0.03686635944700467,False,0,,沪深主板10%,12,3.628117913832196,2,0,1,1,1,1,6,False,,硬资格：最近25个交易日（含当日）至少一次按板块涨停价核验的实际涨停；通过后再按方向/非极端波动/不过热排序,217,False,,,424,1,未入选：未满足一级粗筛最低资格条件
002702,海欣食品,5.4,0.011235955056179803,-0.10299003322259126,0.05882352941176494,0.0997963340122201,,,,0.16566866267465072,-0.2139737991266375,0.36039603960396044,0.45968502555328905,76328868.0,56128467.2,1.3598958212776564,,0.05217493582045683,,False,-0.114743162108072,0.0038354253835426455,False,3,1,结构未成熟,-0.2139737991266375,0.3162790697674421,-0.0011098779134295356,,,,-0.07534246575342463,5.01,5.01,0.07784431137724557,0.07784431137724557,False,0,,沪深主板10%,11,5.118110236220463,2,0,1,1,1,1,6,False,,硬资格：最近25个交易日（含当日）至少一次按板块涨停价核验的实际涨停；通过后再按方向/非极端波动/不过热排序,217,False,,,424,1,未入选：未满足一级粗筛最低资格条件
002829,星网宇达,19.95,0.0015060240963853389,-0.0015015015015015232,-0.07036346691519113,0.008084891359272373,,,,0.05442176870748295,-0.08653846153846156,0.11201629327902236,0.48583797155225705,5437450.6,6706938.7,0.8107201874381228,,0.04909887777917785,,True,-0.02038583929992066,-0.026599082790248585,False,3,2,部分收敛/待确认,-0.1053811659192826,0.3631436314363142,-0.013987050857509842,,,,-0.00992555831265507,19.11,19.11,0.04395604395604402,0.04395604395604402,False,0,,沪深主板10%,12,3.642039542143616,2,0,1,1,1,1,6,False,,硬资格：最近25个交易日（含当日）至少一次按板块涨停价核验的实际涨停；通过后再按方向/非极端波动/不过热排序,217,False,,,424,1,未入选：未满足一级粗筛最低资格条件
002851,麦格米特,121.19,-0.0036994409733640543,-0.051721439749608744,-0.046798804467516164,0.024602637808589733,,,,0.0966769972451791,-0.1318767908309455,0.1870748299319728,0.5167824943651391,25328114.4,30740745.1,0.8239264961733148,,0.06252069391927687,,True,-0.034840988274973284,-0.006702776978877001,False,3,2,部分收敛/待确认,-0.1318767908309455,0.24641833810888245,-0.02651597304222808,,,,-0.048669440301436606,116.16,116.16,0.04330234159779622,0.04330234159779622,False,0,,沪深主板10%,12,8.26851538721678,2,0,1,1,1,1,6,False,,硬资格：最近25个交易日（含当日）至少一次按板块涨停价核验的实际涨停；通过后再按方向/非极端波动/不过热排序,217,False,,,424,1,未入选：未满足一级粗筛最低资格条件
002915,中欣氟材,17.04,-0.01274623406720754,-0.05490848585690522,-0.05438401775804669,0.01067615658362997,,,,0.050806933652121807,-0.1266017426960534,0.13364323067983733,0.38016840354478965,7197613.4,17088557.4,0.4211949102268867,,0.05777208409573954,,True,-0.04303003137606454,-0.02350273737764752,False,3,2,部分收敛/待确认,-0.1266017426960534,0.2057877813504823,-0.037152140132787004,,,,-0.030716723549487956,16.73,16.73,0.018529587567244432,0.018529587567244432,False,0,,沪深主板10%,12,1.9492025989368056,2,0,1,1,1,1,6,False,,硬资格：最近25个交易日（含当日）至少一次按板块涨停价核验的实际涨停；通过后再按方向/非极端波动/不过热排序,217,False,,,424,1,未入选：未满足一级粗筛最低资格条件
300134,大富科技,8.38,-0.010625737898465104,-0.014117647058823457,-0.035673187571921616,0.03329223181257723,,,,0.04969696969696971,-0.0709534368070952,0.08023952095808383,0.6193577566711898,8738631.8,11306691.4,0.7728725841053733,,0.014725537187351841,,True,-0.014252336448597913,-0.012959962971534122,False,3,2,部分收敛/待确认,-0.0709534368070952,0.5000000000000007,-0.01579658230078096,,,,-0.023310023310023187,8.25,8.25,0.01575757575757586,0.01575757575757586,False,0,,创业板20%,12,4.107830551989733,2,0,1,1,1,1,6,False,,硬资格：最近25个交易日（含当日）至少一次按板块涨停价核验的实际涨停；通过后再按方向/非极端波动/不过热排序,217,False,,,424,1,未入选：未满足一级粗筛最低资格条件
300151,昌红科技,20.16,-0.020408163265306034,0.23152107513744657,0.26792452830188673,0.2568578553615961,,,,0.33014048531289897,-0.032165146423427715,0.10931435963777475,3.0201017177144527,32296877.4,11522529.7,2.8029328837399308,0.08759715555330955,0.03125196327798949,2.802932883739932,False,0.11906172254472236,0.07112817699762286,True,3,1,结构未成熟,-0.032165146423427715,0.877513711151737,0.19258185690200813,,,,0.041860465116279055,15.66,15.46,0.28735632183908044,0.30401034928848625,False,0,,创业板20%,25,15.32756489493201,2,2,0,0,1,1,6,False,近5日波动仍偏大,硬资格：最近25个交易日（含当日）至少一次按板块涨停价核验的实际涨停；通过后再按方向/非极端波动/不过热排序,217,False,,,424,1,未入选：未满足一级粗筛最低资格条件
300209,行云科技,34.37,-0.003768115942029082,-0.05576923076923079,-0.02079772079772091,0.044046172539489614,,,,0.1428571428571429,-0.09505002632964721,0.17585139318885448,0.8123742454728373,64899034.0,68193109.3,0.9516948950735116,,0.09179202080929162,,True,-0.03871391076115471,-0.0014579302997168586,False,3,2,部分收敛/待确认,-0.16170731707317076,0.336336336336336,-0.01649664487144642,,,,-0.08736059479553904,33.18,33.18,0.03586497890295348,0.03586497890295348,False,0,,创业板20%,12,10.127298444130117,2,0,1,1,1,1,6,False,,硬资格：最近25个交易日（含当日）至少一次按板块涨停价核验的实际涨停；通过后再按方向/非极端波动/不过热排序,217,False,,,424,1,未入选：未满足一级粗筛最低资格条件
300287,飞利信,3.52,-0.014005602240896309,-0.03296703296703296,-0.03825136612021862,0.002849002849002913,,,,0.0660919540229885,-0.08093994778067881,0.08192090395480227,0.8067776456599285,22961120.2,29884134.8,0.7683381283636828,,0.023632519374867562,,True,-0.023458810692853493,-0.014343707713125875,False,3,2,部分收敛/待确认,-0.1177944862155389,0.18965517241379287,-0.02963473466574773,,,,-0.046070460704607075,3.48,3.48,0.011494252873563315,0.011494252873563315,False,0,,创业板20%,12,2.2346368715083775,2,0,1,1,1,1,6,False,,硬资格：最近25个交易日（含当日）至少一次按板块涨停价核验的实际涨停；通过后再按方向/非极端波动/不过热排序,217,False,,,424,1,未入选：未满足一级粗筛最低资格条件
300333,兆日科技,11.17,-0.018453427065026395,-0.0008944543828264262,-0.06291946308724827,0.021023765996343702,,,,0.11556383970177075,-0.2205163991625959,0.22690582959641248,0.5093030880137329,28605950.6,42103001.9,0.6794278153358942,,0.1493095465567249,,True,-0.009582963620230589,-0.024213487935885514,False,3,2,部分收敛/待确认,-0.2205163991625959,0.23114355231143538,-0.048673508495507445,,,,-0.02530541012216414,10.73,10.73,0.041006523765144465,0.041006523765144465,False,0,,创业板20%,25,16.74550614947965,2,0,1,1,1,1,6,False,,硬资格：最近25个交易日（含当日）至少一次按板块涨停价核验的实际涨停；通过后再按方向/非极端波动/不过热排序,217,False,,,424,1,未入选：未满足一级粗筛最低资格条件
300364,中文在线,24.3,0.014613778705636848,-0.012596505485574894,-0.030714000797766206,0.051948051948051965,,,,0.09008228670420103,-0.18729096989966554,0.3300711743772241,0.272917763491973,49893927.8,110351208.4,0.4521375753235521,,0.16692421962265425,,True,-0.029813564770170276,-0.0299898603853056,False,3,2,部分收敛/待确认,-0.18729096989966554,0.3077873918417802,-0.010827973622079212,,,,-0.03456495828367112,23.09,23.09,0.05240363793850156,0.05240363793850156,False,0,,创业板20%,12,2.918724741805123,2,0,1,1,1,1,6,False,,硬资格：最近25个交易日（含当日）至少一次按板块涨停价核验的实际涨停；通过后再按方向/非极端波动/不过热排序,217,False,,,424,1,未入选：未满足一级粗筛最低资格条件
300369,绿盟科技,7.9,-0.018633540372670843,-0.023485784919653807,0.023316062176165886,0.13997113997114008,,,,0.18716577540106955,-0.11036036036036034,0.18428571428571416,1.0156282386104556,82280780.8,54645326.2,1.5057240302465245,,0.07362156408277008,,False,0.0069392812887236754,0.017208654941161416,True,3,1,结构未成熟,-0.11036036036036034,0.5793991416309012,0.03844889911271787,,,,-0.1083521444695259,7.48,7.48,0.05614973262032086,0.05614973262032086,False,0,,创业板20%,25,10.897435897435903,2,2,0,1,1,0,6,False,近5日波动仍偏大,硬资格：最近25个交易日（含当日）至少一次按板块涨停价核验的实际涨停；通过后再按方向/非极端波动/不过热排序,217,False,,,424,1,未入选：未满足一级粗筛最低资格条件
300480,光力科技,31.96,-0.005291005291005346,0.07176391683433936,0.09078498293515369,-0.03414928981565435,,,,0.16072701354240918,-0.05331753554502361,0.16576770945702995,0.9695918105454222,12738416.2,11471908.1,1.1104008233817702,,0.04472311357958453,,False,0.03866809881847466,0.019176974149843318,True,3,2,部分收敛/待确认,-0.11639480232236665,0.4964114832535886,0.03940029594939598,,,,0.01203293223559232,28.06,27.81,0.13898788310762655,0.14922689679971235,False,0,,创业板20%,12,6.15703908682117,0,2,1,1,1,1,6,False,20日方向仍偏弱,硬资格：最近25个交易日（含当日）至少一次按板块涨停价核验的实际涨停；通过后再按方向/非极端波动/不过热排序,217,False,,,424,1,未入选：未满足一级粗筛最低资格条件
300530,领湃科技,19.3,-0.032581453634085156,-0.05577299412915848,-0.10689495603887089,0.06453392167677885,,,,0.09445037353255087,-0.14222222222222214,0.24378109452736318,0.3874392873478107,4369297.2,6774356.3,0.6449759957267084,,0.03939693490287951,,True,-0.04463326496728204,-0.02628440585794023,False,3,2,部分收敛/待确认,-0.14222222222222214,0.3333333333333336,-0.03581955337962739,,,,-0.058995611896635825,18.74,18.74,0.029882604055496476,0.029882604055496476,False,0,,创业板20%,12,9.39745715865119,2,0,1,1,1,1,6,False,,硬资格：最近25个交易日（含当日）至少一次按板块涨停价核验的实际涨停；通过后再按方向/非极端波动/不过热排序,217,False,,,424,1,未入选：未满足一级粗筛最低资格条件
300620,光库科技,294.49,-0.004462323788918532,-0.018366666666666642,0.03693661971830986,-0.05296501157705158,,,,0.0999674373168349,-0.09660101846739066,0.18027444874904963,0.554529152692039,10875251.0,11151911.6,0.9751916433770871,,0.04642004765784537,,True,-0.005265647818664232,0.003998345512201906,True,3,3,收敛较充分,-0.11707741200455724,0.31909328683522237,0.0010316584887477553,,,,-0.03090035540344871,276.39,276.19,0.06548717392090886,0.06625873492885326,False,0,,创业板20%,25,8.347670250896066,0,2,1,1,1,1,6,False,20日方向仍偏弱,硬资格：最近25个交易日（含当日）至少一次按板块涨停价核验的实际涨停；通过后再按方向/非极端波动/不过热排序,217,False,,,424,1,未入选：未满足一级粗筛最低资格条件
300642,透景生命,16.69,0.028342575477510845,-0.020539906103286265,-0.08947081287506808,0.20071942446043178,,,,0.09371069182389938,-0.17783251231527086,0.2679575265459087,0.34972218557124235,17228646.0,31601728.9,0.5451804885270058,,0.2420440626700778,,True,-0.050577367205542845,-0.04808175573797957,False,3,2,部分收敛/待确认,-0.17783251231527086,0.4943977591036416,-0.02314828363231991,,,,-0.040253018976423194,15.9,15.9,0.04968553459119507,0.04968553459119507,False,0,,创业板20%,13,5.128205128205132,2,0,1,1,1,1,6,False,,硬资格：最近25个交易日（含当日）至少一次按板块涨停价核验的实际涨停；通过后再按方向/非极端波动/不过热排序,217,False,,,424,1,未入选：未满足一级粗筛最低资格条件
300686,智动力,14.58,0.004824259131633424,0.03477643718949608,-0.028647568287808123,0.039942938659058624,,,,0.10545998504113689,-0.052631578947368474,0.10560344827586211,0.9986414910017857,5223384.0,5754192.8,0.9077526912202177,,0.024801065160124182,,True,0.005042016806722671,-0.013635740715362443,False,3,2,部分收敛/待确认,-0.1206272617611579,0.37694704049844274,-0.0027700831024931594,,,,-0.002053388090349051,13.37,13.37,0.09050112191473447,0.09050112191473447,False,0,,创业板20%,13,6.699576868829338,2,0,1,1,1,1,6,False,,硬资格：最近25个交易日（含当日）至少一次按板块涨停价核验的实际涨停；通过后再按方向/非极端波动/不过热排序,217,False,,,424,1,未入选：未满足一级粗筛最低资格条件
300689,澄天伟业,65.99,0.04812579415501905,0.16796460176991146,0.1526637554585153,0.23692596063730065,,,,0.262967889036671,-0.007221302843388067,0.1468926553672316,1.7902044753650301,4345568.0,3165490.6,1.3727944729957497,0.042710835489301505,0.031112330599712218,1.3727944729957509,False,0.046125912217605425,0.040508830431023934,True,3,1,结构未成熟,-0.007221302843388067,0.9696969696969694,0.16221523613275912,,,,0.08180327868852455,52.63,52.63,0.2538476154284628,0.2538476154284628,False,0,,创业板20%,25,7.314449623520969,2,2,0,1,1,0,6,False,近5日波动仍偏大,硬资格：最近25个交易日（含当日）至少一次按板块涨停价核验的实际涨停；通过后再按方向/非极端波动/不过热排序,217,False,,,424,1,未入选：未满足一级粗筛最低资格条件
300788,中信出版,33.56,0.023170731707317316,0.13378378378378386,0.36256597645148214,0.39949958298582167,,,,0.31388478581979323,-0.05677346824058449,0.3889365351629503,0.8070334294727208,18920713.0,9365813.8,2.0201888916476216,,0.049254478987453734,,False,0.04966434204523229,0.08493561160061347,True,3,2,部分收敛/待确认,-0.05677346824058449,0.8396825396825399,0.23045335386533217,,,,0.01758641600970301,27.08,24.5,0.23929098966026596,0.36979591836734693,False,0,,创业板20%,12,6.039215686274502,2,2,0,0,1,1,6,False,近5日波动仍偏大,硬资格：最近25个交易日（含当日）至少一次按板块涨停价核验的实际涨停；通过后再按方向/非极端波动/不过热排序,217,False,,,424,1,未入选：未满足一级粗筛最低资格条件
300802,矩子科技,26.65,0.055445544554455495,0.1067275747508305,0.07982171799027538,0.1923937360178969,,,,0.19424778761061934,-0.012597258243793985,0.15074496056091152,1.2885856143239338,11319135.6,10327097.1,1.0960616996619506,,0.053495258953193583,,False,0.016509240246406653,0.019431926241369357,True,3,1,结构未成熟,-0.012597258243793985,0.935361216730038,0.10406827409064556,,,,0.06514788169464425,22.6,22.6,0.17920353982300874,0.17920353982300874,False,0,,创业板20%,25,8.742004264392333,2,2,0,1,1,0,6,False,近5日波动仍偏大,硬资格：最近25个交易日（含当日）至少一次按板块涨停价核验的实际涨停；通过后再按方向/非极端波动/不过热排序,217,False,,,424,1,未入选：未满足一级粗筛最低资格条件
300820,英杰电气,68.5,0.013313609467455745,0.19047619047619047,0.18286997064410304,0.3107539226942213,,,,0.30979073243647215,-0.022824536376604754,0.15384615384615385,2.013639760837069,7970415.2,5444961.5,1.4638147946500633,0.064491887287215,0.04870808255202595,1.324048985470329,False,0.08163836863294249,0.03890982691233957,True,3,1,结构未成熟,-0.022824536376604754,0.9195575666163904,0.19684103854352308,,,,0.12295081967213117,53.52,53.52,0.2798953662182362,0.2798953662182362,False,0,,创业板20%,25,12.723028180757034,2,2,0,1,1,0,6,False,近5日波动仍偏大,硬资格：最近25个交易日（含当日）至少一次按板块涨停价核验的实际涨停；通过后再按方向/非极端波动/不过热排序,217,False,,,424,1,未入选：未满足一级粗筛最低资格条件
300864,南大环境,25.3,-0.012490241998438734,-0.04166666666666663,-0.012875536480686622,0.20706106870229002,,,,0.13420621931260218,-0.17696811971372794,0.267106347897774,0.5024448889697115,4032861.6,7337550.2,0.5496196264524364,,0.046276554280254054,,True,-0.05365526492287065,0.003926995287605761,False,3,2,部分收敛/待确认,-0.17696811971372794,0.5362318840579711,-0.03453539400877703,,,,-0.07999999999999996,24.44,24.44,0.035188216039279796,0.035188216039279796,False,0,,创业板20%,25,14.980916030534353,2,0,1,1,1,1,6,False,,硬资格：最近25个交易日（含当日）至少一次按板块涨停价核验的实际涨停；通过后再按方向/非极端波动/不过热排序,217,False,,,424,1,未入选：未满足一级粗筛最低资格条件
300985,致远新能,37.65,0.009112838381130972,0.03292181069958833,0.01839329185826344,-0.0378226424738054,,,,0.11308656368405699,-0.11723329425556861,0.20718935748655534,0.5458126086007833,2294036.4,3054111.1,0.7511306317573057,,0.017653322715991928,,True,0.0181117533718691,0.002521031430685383,True,3,3,收敛较充分,-0.13745704467353947,0.35760171306209826,0.009234563268150753,,,,0.0015961691939343492,34.31,34.31,0.09734771203730674,0.09734771203730674,False,0,,创业板20%,12,18.284106891701835,0,2,1,1,1,1,6,False,20日方向仍偏弱,硬资格：最近25个交易日（含当日）至少一次按板块涨停价核验的实际涨停；通过后再按方向/非极端波动/不过热排序,217,False,,,424,1,未入选：未满足一级粗筛最低资格条件
300990,同飞股份,96.39,0.07219132369299208,0.07626172398392139,-0.10092342132263776,0.40000000000000013,,,,0.18709755801239206,-0.12372727272727269,0.2351223894004042,0.7957453923869933,7969309.0,10713093.5,0.7438849478911017,,0.1403728773768082,,True,-0.0074107142857141595,-0.03541475456530685,False,3,2,部分收敛/待确认,-0.12372727272727269,0.6811152764761013,0.061979077723118614,,,,0.06862527716186251,82.31,82.31,0.17106062446847292,0.17106062446847292,False,0,,创业板20%,12,7.219132369299208,2,2,0,1,1,0,6,False,近5日波动仍偏大,硬资格：最近25个交易日（含当日）至少一次按板块涨停价核验的实际涨停；通过后再按方向/非极端波动/不过热排序,217,False,,,424,1,未入选：未满足一级粗筛最低资格条件
301045,天禄科技,73.5,0.02739726027397249,0.1243689765947682,0.16168800379326687,0.12730061349693256,,,,0.2369951803224199,-0.01249496170898845,0.16261774913237476,1.4573758497265887,3789345.6,2767788.9,1.369087649712014,,0.03376894746621288,,False,0.05633363486072529,0.03186209272103846,True,3,1,结构未成熟,-0.01249496170898845,0.9356401384083041,0.12190617201034915,,,,0.08407079646017701,60.17,60.17,0.22153897291008806,0.22153897291008806,False,0,,创业板20%,12,7.01570680628274,2,2,0,1,1,0,6,False,近5日波动仍偏大,硬资格：最近25个交易日（含当日）至少一次按板块涨停价核验的实际涨停；通过后再按方向/非极端波动/不过热排序,217,False,,,424,1,未入选：未满足一级粗筛最低资格条件
301060,兰卫医学,10.86,0.030360531309297834,0.06889763779527547,0.030360531309297834,-0.10690789473684215,,,,0.13449691991786453,-0.12064777327935228,0.1603960396039605,0.8385301797348338,14971825.2,14150453.2,1.0580456320649858,,0.03928865359172704,,False,0.004454774355994617,-0.007438489414457461,True,3,2,部分收敛/待确认,-0.22206303724928378,0.26540284360189553,0.007467878844102049,,,,0.030360531309297834,9.74,9.74,0.11498973305954818,0.11498973305954818,False,0,,创业板20%,15,6.666666666666665,0,2,1,1,1,1,6,False,20日方向仍偏弱,硬资格：最近25个交易日（含当日）至少一次按板块涨停价核验的实际涨停；通过后再按方向/非极端波动/不过热排序,217,False,,,424,1,未入选：未满足一级粗筛最低资格条件
301165,锐捷网络,116.08,0.029717022975250584,0.06927044952100214,-0.008795149859106788,-0.058556366585563624,,,,0.149951690821256,-0.12020615431256632,0.22053654024051808,0.6799403430275911,13912271.6,15998724.6,0.8695862918972929,,0.016487300557526213,,True,0.011278473068261574,-0.020048000999277282,False,3,2,部分收敛/待确认,-0.22250502344273282,0.2746724890829693,0.010991307983068799,,,,0.05049773755656117,103.5,103.5,0.12154589371980684,0.12154589371980684,False,0,,创业板20%,12,6.2488218661640005,0,2,1,1,1,1,6,False,20日方向仍偏弱,硬资格：最近25个交易日（含当日）至少一次按板块涨停价核验的实际涨停；通过后再按方向/非极端波动/不过热排序,217,False,,,424,1,未入选：未满足一级粗筛最低资格条件
301217,铜冠铜箔,111.85,-0.02365572625698331,0.0313508529276163,0.06686379244563145,-0.011838501634420018,,,,0.16789758739537172,-0.09776558844881833,0.24392935982339958,0.6883041365620216,32079136.8,31707679.8,1.0117150482893422,,0.04008335957432557,,False,0.0351138500493382,0.011240248664870833,True,3,2,部分收敛/待确认,-0.16455034359127574,0.3562244301578024,0.012171394959504145,,,,-0.03801496516728309,101.55,99.66,0.1014278680452978,0.12231587397150312,False,0,,创业板20%,12,7.452255180820799,0,2,1,1,1,1,6,False,20日方向仍偏弱,硬资格：最近25个交易日（含当日）至少一次按板块涨停价核验的实际涨停；通过后再按方向/非极端波动/不过热排序,217,False,,,424,1,未入选：未满足一级粗筛最低资格条件
301227,森鹰窗业,31.55,-0.004731861198738141,-0.036935286935286804,-0.07123932881954664,0.0924515235457064,,,,0.0978189028420356,-0.1157511210762332,0.16449086161879892,0.5946768220396769,3176664.2,2752112.3,1.1542640174966698,,0.032893064698418614,,False,-0.026211520877781225,-0.015572125894648514,False,3,1,结构未成熟,-0.1157511210762332,0.6312500000000001,-0.027690031896697942,,,,-0.05027092113184828,30.26,30.26,0.04263053536021144,0.04263053536021144,False,0,,创业板20%,25,7.478465152701652,2,0,1,1,1,1,6,False,,硬资格：最近25个交易日（含当日）至少一次按板块涨停价核验的实际涨停；通过后再按方向/非极端波动/不过热排序,217,False,,,424,1,未入选：未满足一级粗筛最低资格条件
301373,凌玮科技,119.85,-0.06367187500000004,0.20938446014127154,0.20804354399758096,0.2551052466226831,,,,0.43056160208968225,-0.08817711503347536,0.25940048723652165,1.6598334362305793,10131089.6,6787160.4,1.4926845695292539,0.14544582512512988,0.09743908933888079,1.4926845695292548,False,0.12396643845356858,0.04789515250272425,True,3,1,结构未成熟,-0.08817711503347536,0.7263928234183191,0.15116413093591508,,,,0.01619467525860596,91.88,91.88,0.30441880713974756,0.30441880713974756,False,0,,创业板20%,25,17.789431222267037,2,2,0,0,1,1,6,False,近5日波动仍偏大,硬资格：最近25个交易日（含当日）至少一次按板块涨停价核验的实际涨停；通过后再按方向/非极端波动/不过热排序,217,False,,,424,1,未入选：未满足一级粗筛最低资格条件
301399,英特科技,19.95,0.007067137809187329,-0.01041666666666674,-0.06949626865671654,0.16940211019929663,,,,0.08716577540106947,-0.1510638297872341,0.182092555331992,0.4786893964014532,5025096.0,11605453.3,0.43299437515292916,,0.21222919250394442,,True,-0.02226456724501069,-0.031201550387596977,False,3,2,部分收敛/待确认,-0.1510638297872341,0.48401162790697655,-0.0066225165562913135,,,,-0.012376237623762387,18.7,18.7,0.0668449197860963,0.0668449197860963,False,0,,创业板20%,12,3.5005224660396905,2,0,1,1,1,1,6,False,,硬资格：最近25个交易日（含当日）至少一次按板块涨停价核验的实际涨停；通过后再按方向/非极端波动/不过热排序,217,False,,,424,1,未入选：未满足一级粗筛最低资格条件
600368,五洲交通,4.13,-0.0024154589371979673,-0.05491990846681927,-0.03953488372093017,0.04292929292929282,,,,0.07125307125307126,-0.07399103139013452,0.054373522458628726,1.3104369191325742,31787490.4,36806116.5,0.8636469538969155,,0.02271510874642427,,True,-0.02892561983471087,-0.012629161882893314,False,3,1,结构未成熟,-0.07399103139013452,0.3999999999999997,-0.03470842585018097,,,,-0.052752293577981724,4.07,4.07,0.014742014742014753,0.014742014742014753,False,0,,沪深主板10%,12,1.0178117048346147,2,0,1,1,1,1,6,False,,硬资格：最近25个交易日（含当日）至少一次按板块涨停价核验的实际涨停；通过后再按方向/非极端波动/不过热排序,217,False,,,424,1,未入选：未满足一级粗筛最低资格条件
600468,百利电气,6.23,-0.03260869565217395,-0.01111111111111096,-0.01579778830963663,0.061328790459965976,,,,0.1190864600326265,-0.09710144927536235,0.08064516129032258,1.4766721044045688,44268307.8,36450865.7,1.2144651971873468,,0.03351078612257363,,False,-0.006153846153846065,-0.0007789375292100997,True,3,1,结构未成熟,-0.09710144927536235,0.41739130434782634,-0.01982378854625544,,,,-0.07976366322008854,6.13,6.13,0.016313213703099683,0.016313213703099683,False,0,,沪深主板10%,12,1.7035775127768327,2,0,1,1,1,1,6,False,,硬资格：最近25个交易日（含当日）至少一次按板块涨停价核验的实际涨停；通过后再按方向/非极端波动/不过热排序,217,False,,,424,1,未入选：未满足一级粗筛最低资格条件
600521,华海药业,16.35,0.008636644046884578,0.05212355212355235,0.014897579143389406,-0.05872193436960271,,,,0.09570957095709577,-0.04385964912280704,0.07896440129449854,1.2120597305632186,19753204.2,18961889.5,1.0417318485059202,,0.01392919303298373,,False,0.009833971902937222,-0.0012632642748864331,True,3,1,结构未成熟,-0.11189570885388367,0.3680981595092028,0.017867148104339314,,,,0.030245746691871522,15.15,15.15,0.07920792079207928,0.07920792079207928,False,0,,沪深主板10%,12,4.4458762886598,0,2,1,1,1,1,6,False,20日方向仍偏弱,硬资格：最近25个交易日（含当日）至少一次按板块涨停价核验的实际涨停；通过后再按方向/非极端波动/不过热排序,217,False,,,424,1,未入选：未满足一级粗筛最低资格条件
600746,江苏索普,6.85,-0.0029112081513829047,-0.07307171853856564,-0.057771664374140275,0.0426179604261796,,,,0.12443095599393024,-0.1034031413612565,0.11208151382823865,1.110182685296495,10093867.2,18970700.9,0.5320766614374275,,0.018673179548305385,,True,-0.043681318681318526,-0.019103903243540166,False,3,1,结构未成熟,-0.1034031413612565,0.38759689922480617,-0.03200734826538554,,,,-0.07557354925775983,6.59,6.59,0.039453717754172946,0.039453717754172946,False,0,,沪深主板10%,25,3.9244186046511587,2,0,1,1,1,1,6,False,,硬资格：最近25个交易日（含当日）至少一次按板块涨停价核验的实际涨停；通过后再按方向/非极端波动/不过热排序,217,False,,,424,1,未入选：未满足一级粗筛最低资格条件
601002,晋亿实业,5.22,0.0038461538461538325,-0.0076045627376425395,-0.04744525547445266,0.0019193857965451588,,,,0.03137254901960787,-0.07773851590106018,0.08221797323135749,0.3815777473780216,8065571.8,14004529.5,0.5759259388185801,,0.015131564750878936,,True,-0.01666035592578552,-0.018797692164526203,False,3,2,部分收敛/待确认,-0.07773851590106018,0.21428571428571427,-0.020454118971664492,,,,-0.0076045627376425395,5.1,5.1,0.0235294117647058,0.0235294117647058,False,0,,沪深主板10%,25,6.25,2,0,1,1,1,1,6,False,,硬资格：最近25个交易日（含当日）至少一次按板块涨停价核验的实际涨停；通过后再按方向/非极端波动/不过热排序,217,False,,,424,1,未入选：未满足一级粗筛最低资格条件
603217,元利科技,27.2,-0.026485325697924167,0.004431314623338345,-0.09333333333333338,0.027190332326283873,,,,0.0923954372623574,-0.1165962974991881,0.16983282674772032,0.544037563477684,3355644.0,4455474.4,0.7531507755941769,,0.02208714296973276,,True,-0.0192776264870288,-0.030004850668699068,False,3,2,部分收敛/待确认,-0.1165962974991881,0.3852739726027397,-0.04561403508771933,,,,-0.03374777975133214,26.3,26.3,0.034220532319391594,0.034220532319391594,False,0,,沪深主板10%,12,3.482972136222906,2,0,1,1,1,1,6,False,,硬资格：最近25个交易日（含当日）至少一次按板块涨停价核验的实际涨停；通过后再按方向/非极端波动/不过热排序,217,False,,,424,1,未入选：未满足一级粗筛最低资格条件
603259,药明康德,160.49,0.01762729059666479,0.038770226537216956,0.027991288752241994,-0.044133412745681944,,,,0.08523714094856392,-0.032318359963822596,0.07760635811126698,1.098326774029989,33834310.4,31864935.0,1.0618038417464213,,0.013162085358880757,,False,0.011780931389608673,0.006051368823502878,True,3,1,结构未成熟,-0.0755184331797234,0.45146443514644424,0.024915622794777326,,,,0.005072645290581157,149.7,149.7,0.07207748830995331,0.07207748830995331,False,0,,沪深主板10%,12,5.038349642951601,0,2,1,1,1,1,6,False,20日方向仍偏弱,硬资格：最近25个交易日（含当日）至少一次按板块涨停价核验的实际涨停；通过后再按方向/非极端波动/不过热排序,217,False,,,424,1,未入选：未满足一级粗筛最低资格条件
603333,福华尚纬,9.47,0.008519701810436597,-0.004206098843322681,-0.07156862745098025,0.05810055865921804,,,,0.05947136563876643,-0.12638376383763827,0.10593220338983052,0.561409691629955,10052360.0,15293915.1,0.6572783969488624,,0.02824393679791201,,True,-0.024973985431841816,-0.02559934985778145,False,3,2,部分收敛/待确认,-0.12638376383763827,0.4017467248908298,-0.03510112588516978,,,,-0.015592515592515399,9.08,9.08,0.04295154185022043,0.04295154185022043,False,0,,沪深主板10%,12,3.1105990783410142,2,0,1,1,1,1,6,False,,硬资格：最近25个交易日（含当日）至少一次按板块涨停价核验的实际涨停；通过后再按方向/非极端波动/不过热排序,217,False,,,424,1,未入选：未满足一级粗筛最低资格条件
603387,基蛋生物,9.48,0.02931596091205213,0.027085590465872222,0.019354838709677358,-0.01761658031088087,,,,0.05561735261401557,-0.04435483870967738,0.04362050163576885,1.2750278086763056,6079236.6,7119745.1,0.8538559336906598,,0.014038638915719043,,True,-0.008179078777442839,-0.004723057106053807,True,3,2,部分收敛/待确认,-0.04435483870967738,0.526881720430108,0.016840072937895467,,,,0.02155172413793105,8.99,8.99,0.05450500556173532,0.05450500556173532,False,0,,沪深主板10%,12,4.324324324324325,0,2,1,1,1,1,6,False,20日方向仍偏弱,硬资格：最近25个交易日（含当日）至少一次按板块涨停价核验的实际涨停；通过后再按方向/非极端波动/不过热排序,217,False,,,424,1,未入选：未满足一级粗筛最低资格条件
603459,红板科技,88.08,-0.03378674857393593,0.012413793103448256,0.00467662826508497,0.012413793103448256,,,,0.12259615384615388,-0.07254922607139103,0.14684216882019074,0.8348838404605269,11483862.0,11367997.6,1.0101921555648463,,0.15658196890740464,,False,0.01544934289398081,0.0023419203747072626,True,3,2,部分收敛/待确认,-0.12973026380792407,0.32354456465739323,-0.005172920102103018,,,,-0.04468546637744042,83.2,83.2,0.05865384615384617,0.05865384615384617,False,0,,沪深主板10%,12,2.9478201942624738,2,0,1,1,1,1,6,False,,硬资格：最近25个交易日（含当日）至少一次按板块涨停价核验的实际涨停；通过后再按方向/非极端波动/不过热排序,217,False,,,424,1,未入选：未满足一级粗筛最低资格条件
603738,泰晶科技,36.63,-0.017962466487935536,0.03212172442941674,0.010761589403973426,0.008257638315441795,,,,0.13049985034420852,-0.14195361911454663,0.2550177095631641,0.5117285798219658,25135403.4,27589754.6,0.9110412094785358,,0.0767881424731064,,True,0.01677681748856119,-0.0002518680211569535,True,3,3,收敛较充分,-0.14195361911454663,0.3469827586206903,-0.008324873096446583,,,,0.001640689089417613,33.41,33.41,0.09637832984136496,0.09637832984136496,False,0,,沪深主板10%,12,6.240208877284603,2,0,1,1,1,1,6,False,,硬资格：最近25个交易日（含当日）至少一次按板块涨停价核验的实际涨停；通过后再按方向/非极端波动/不过热排序,217,False,,,424,1,未入选：未满足一级粗筛最低资格条件
603897,长城科技,30.09,0.011428571428571344,0.03189300411522633,-0.0019900497512437276,0.007365249414127861,,,,0.09478505990133902,-0.0695732838589983,0.11172224132004137,0.8483991977015228,8026104.6,12092151.0,0.6637449863138494,0.0388794444890561,0.05857587671580859,0.6637449863138494,True,-0.005580582263161493,-0.004994007191370331,True,3,3,收敛较充分,-0.14517045454545463,0.250733137829912,-0.0038238069225803306,,,,-0.008566721581548697,28.38,28.38,0.06025369978858364,0.06025369978858364,False,0,,沪深主板10%,25,5.065414290506554,2,0,1,1,1,1,6,False,,硬资格：最近25个交易日（含当日）至少一次按板块涨停价核验的实际涨停；通过后再按方向/非极端波动/不过热排序,217,False,,,424,1,未入选：未满足一级粗筛最低资格条件
603995,甬金股份,25.42,0.01194267515923575,0.05740432612312829,0.0031570639305447123,-0.002746174970576609,,,,0.10081510081510088,-0.02080123266563938,0.10093299406276517,0.9988319652185194,4524302.2,4508403.0,1.0035265702733318,,0.013329615970581271,,False,0.023121387283236983,-0.0017097496438022164,True,3,2,部分收敛/待确认,-0.09116910976045756,0.45278969957081605,0.02543415559006834,,,,0.0015760441292356209,23.31,23.31,0.09051909051909068,0.09051909051909068,False,0,,沪深主板10%,25,6.912621359223303,0,2,1,1,1,1,6,False,20日方向仍偏弱,硬资格：最近25个交易日（含当日）至少一次按板块涨停价核验的实际涨停；通过后再按方向/非极端波动/不过热排序,217,False,,,424,1,未入选：未满足一级粗筛最低资格条件
605178,时空科技,65.85,0.0007598784194529085,-0.015106192043075173,-0.03161764705882364,0.002588306942752583,,,,0.06808443104269163,-0.10590631364562131,0.1431010398882508,0.4757787301605881,2606769.8,3250370.0,0.8019917117128204,,0.03584592537055188,,True,-0.015405569007263975,-0.010037302811942928,False,3,2,部分收敛/待确认,-0.10590631364562131,0.26691729323308216,-0.013579202025270853,,,,-0.015106192043075173,63.01,63.01,0.04507221076019663,0.04507221076019663,False,0,,沪深主板10%,25,6.204884042389813,2,0,1,1,1,1,6,False,,硬资格：最近25个交易日（含当日）至少一次按板块涨停价核验的实际涨停；通过后再按方向/非极端波动/不过热排序,217,False,,,424,1,未入选：未满足一级粗筛最低资格条件
688020,方邦股份,154.89,-0.04092879256965953,0.06813323219088341,0.21912632821723732,0.21292090837901312,,,,0.259111111111111,-0.08877515001764913,0.35506607929515427,0.7297546181417145,6241458.4,5863514.0,1.06445697921076,,0.07115655983398658,,False,0.06451745831158484,0.08180481273641171,True,3,2,部分收敛/待确认,-0.08877515001764913,0.7398724357869332,0.13541567399957488,,,,-0.05462646484375011,135.0,128.0,0.14733333333333332,0.2100781249999999,False,0,,科创板20%,25,8.458390177353348,2,2,0,0,1,1,6,False,近5日波动仍偏大,硬资格：最近25个交易日（含当日）至少一次按板块涨停价核验的实际涨停；通过后再按方向/非极端波动/不过热排序,217,False,,,424,1,未入选：未满足一级粗筛最低资格条件
688123,聚辰股份,140.6,-0.003261023677867625,0.05897416585071924,0.06466757534454026,-0.0023415880224225694,,,,0.17063653361515319,-0.03698630136986303,0.17647058823529418,0.9669403571525343,6973976.0,6595270.1,1.0574208325448264,,0.04269026276849202,,False,0.014086412700321738,0.01455958940297375,True,3,2,部分收敛/待确认,-0.0870129870129871,0.5676024524040011,0.04559803968959275,,,,0.02306628829222146,123.01,123.01,0.14299650434923983,0.14299650434923983,False,0,,科创板20%,25,10.003193357815743,0,2,1,1,1,1,6,False,20日方向仍偏弱,硬资格：最近25个交易日（含当日）至少一次按板块涨停价核验的实际涨停；通过后再按方向/非极端波动/不过热排序,217,False,,,424,1,未入选：未满足一级粗筛最低资格条件
688216,气派科技,37.83,-0.03960396039603964,0.1491494532199269,0.21796522858982614,0.24727992087042527,,,,0.25876354365838117,-0.0422784810126583,0.15898305084745756,1.6276171722648716,13462883.4,4061454.3,3.31479376734585,0.12671936479643428,0.03822843099463717,3.3147937673458516,False,0.12467207995003138,0.06907674128956032,True,3,1,结构未成熟,-0.0422784810126583,0.850892857142857,0.18093275894362248,,,,-0.015100234313980665,31.38,29.5,0.20554493307839383,0.2823728813559321,False,0,,科创板20%,25,15.932521087160278,2,2,0,0,1,1,6,False,近5日波动仍偏大,硬资格：最近25个交易日（含当日）至少一次按板块涨停价核验的实际涨停；通过后再按方向/非极端波动/不过热排序,217,False,,,424,1,未入选：未满足一级粗筛最低资格条件
688545,兴福电子,76.17,-0.019691119691119696,0.04499931403484703,0.019951794322442318,-0.07290652385589091,,,,0.15980061574549195,-0.09191702432045767,0.14511352418558746,1.1012110459196138,8098368.2,7873454.0,1.0285661413656573,,0.048506226141485344,,False,0.027461912121881316,0.0044332630720065325,True,3,1,结构未成熟,-0.21132739697659964,0.28057807543179436,0.003973981296585327,,,,-0.003923107100823775,68.21,68.21,0.11669843131505653,0.11669843131505653,False,0,,科创板20%,12,5.796695603472424,0,2,1,1,1,1,6,False,20日方向仍偏弱,硬资格：最近25个交易日（含当日）至少一次按板块涨停价核验的实际涨停；通过后再按方向/非极端波动/不过热排序,217,False,,,424,1,未入选：未满足一级粗筛最低资格条件
688598,金博股份,35.42,0.025774688676513113,0.0891758917589176,0.04885993485342022,0.01810865191146882,,,,0.22381110741602916,-0.14650602409638547,0.2081072454516439,1.0754604287337715,11838761.8,11355258.5,1.0425796823559763,,0.06229101412336418,,False,0.024925962487660547,-0.0003935458480914811,True,3,1,结构未成熟,-0.14650602409638547,0.4680664916885391,0.024854604901478616,,,,0.06366366366366383,30.07,30.07,0.17791819088792815,0.17791819088792815,False,0,,科创板20%,12,13.558282208588967,2,2,0,1,1,0,6,False,近5日波动仍偏大,硬资格：最近25个交易日（含当日）至少一次按板块涨停价核验的实际涨停；通过后再按方向/非极端波动/不过热排序,217,False,,,424,1,未入选：未满足一级粗筛最低资格条件
688625,呈和科技,67.3,-0.04416986223547792,0.1498376900734666,0.23260073260073244,0.17575122292103407,,,,0.308139534883721,-0.06527777777777777,0.18037545964776466,1.7083229364208008,9583546.8,4947312.1,1.937121937384949,,0.01905252975215092,,False,0.11320042548811005,0.07274403105446914,True,3,1,结构未成熟,-0.06527777777777777,0.7862664847658025,0.16692386385310276,,,,-0.008982476807539386,55.04,51.67,0.2227470930232558,0.3024966131217339,False,0,,科创板20%,12,8.483870967741947,2,2,0,0,1,1,6,False,近5日波动仍偏大,硬资格：最近25个交易日（含当日）至少一次按板块涨停价核验的实际涨停；通过后再按方向/非极端波动/不过热排序,217,False,,,424,1,未入选：未满足一级粗筛最低资格条件
688808,联讯仪器,2371.0,0.020715663314506028,-0.026683087027914665,-0.06210443037974689,0.024628242747438245,,,,0.10868149660342824,-0.13245517746066593,0.2536697247706422,0.428437002885124,894178.6,917622.4,0.9744515826989402,,0.04755470315727325,,True,-0.044910451783121474,-0.013067235250024511,False,3,2,部分收敛/待确认,-0.13245517746066593,0.4065573770491803,-0.011638982692635524,,,,-0.04969939879759522,2272.88,2272.88,0.043169898982788224,0.043169898982788224,False,0,,科创板20%,25,7.78498985801217,2,0,1,1,1,1,6,False,,硬资格：最近25个交易日（含当日）至少一次按板块涨停价核验的实际涨停；通过后再按方向/非极端波动/不过热排序,217,False,,,424,1,未入选：未满足一级粗筛最低资格条件
920128,胜业电气,19.31,-0.05017215937038855,-0.13794642857142858,0.03928955866523154,0.0921945701357465,,,,0.1826722338204593,-0.18591905564924116,0.3624353819643882,0.5040132473556572,4090786.4,23268.8,175.80564532764905,,9.575,,False,-0.004917558576800762,0.0259099007381014,True,3,2,部分收敛/待确认,-0.18591905564924116,0.3562043795620436,0.018191405220142398,,,,-0.14783759929391005,19.16,18.25,0.007828810020876764,0.05808219178082186,False,0,,北交所30%,25,11.292962356792135,2,2,0,1,1,0,6,False,近5日波动仍偏大,硬资格：最近25个交易日（含当日）至少一次按板块涨停价核验的实际涨停；通过后再按方向/非极端波动/不过热排序,217,False,,,424,1,未入选：未满足一级粗筛最低资格条件
000712,锦龙股份,9.92,-0.008000000000000007,-0.11111111111111116,-0.2145684877276327,0.16023391812865495,,,,0.13016528925619833,-0.2832369942196532,0.26392694063926947,0.49318682261431535,63782519.0,148212520.4,0.4303450128765235,,0.18005957898340805,,True,-0.08162889257416617,-0.08092338914256725,False,3,2,部分收敛/待确认,-0.2832369942196532,0.2794117647058823,-0.09711477200327656,,,,-0.09323583180987205,9.68,9.68,0.024793388429751984,0.024793388429751984,False,0,,沪深主板10%,13,2.0408163265306145,2,0,1,1,0,1,5,False,,硬资格：最近25个交易日（含当日）至少一次按板块涨停价核验的实际涨停；通过后再按方向/非极端波动/不过热排序,394,False,,,424,1,未入选：未满足一级粗筛最低资格条件
001359,平安电工,88.98,0.002365664075701268,0.0728237279961419,0.0579003685649746,-0.049663569368792015,,,,0.1813264649066323,-0.05841269841269836,0.19393556538218565,0.9349830421732868,2840734.8,2882389.6,0.985548518493128,,0.05255325053552246,,True,0.0399292515688221,0.011093197295281021,True,3,3,收敛较充分,-0.09444331365764302,0.5497331392527899,0.03631408539283987,,,,-0.004920599418474558,77.65,77.65,0.1459111397295556,0.1459111397295556,False,0,,沪深主板10%,12,5.32058492688412,0,2,0,1,1,1,5,False,近5日波动仍偏大,硬资格：最近25个交易日（含当日）至少一次按板块涨停价核验的实际涨停；通过后再按方向/非极端波动/不过热排序,394,False,,,424,1,未入选：未满足一级粗筛最低资格条件
002328,新朋股份,8.05,-0.014687882496939975,-0.07999999999999996,-0.20297029702970282,0.13380281690140872,,,,0.09296482412060293,-0.24128180961357204,0.39056356487549143,0.23802738524838943,37638212.4,105618266.5,0.35636082324831564,,0.20160555235749905,,True,-0.0630118289353957,-0.04114822091246462,False,3,2,部分收敛/待确认,-0.24128180961357204,0.3005464480874319,-0.04835086889703266,,,,-0.07471264367816077,7.96,7.96,0.011306532663316604,0.011306532663316604,False,0,,沪深主板10%,12,0.9957325746799306,2,0,1,1,0,1,5,False,,硬资格：最近25个交易日（含当日）至少一次按板块涨停价核验的实际涨停；通过后再按方向/非极端波动/不过热排序,394,False,,,424,1,未入选：未满足一级粗筛最低资格条件
002741,光华科技,25.04,-0.026438569206842955,0.05877378435517966,0.05254308532997065,-0.020344287949921713,,,,0.1848888888888889,-0.07259259259259265,0.16379690949227377,1.1287690925426772,32952379.6,17174460.8,1.9186849580744916,,0.04075344821737957,,False,0.037369082530372966,0.014649093351242204,True,3,1,结构未成熟,-0.1353591160220995,0.3931888544891639,0.019274214886125574,,,,-0.03432317778634786,22.5,22.5,0.11288888888888882,0.11288888888888882,False,0,,沪深主板10%,12,6.883509833585477,0,2,0,1,1,1,5,False,近5日波动仍偏大,硬资格：最近25个交易日（含当日）至少一次按板块涨停价核验的实际涨停；通过后再按方向/非极端波动/不过热排序,394,False,,,424,1,未入选：未满足一级粗筛最低资格条件
003005,竞业达,14.49,0.008350730688935437,-0.07765754296626359,-0.29420360448124694,0.07095343680709543,,,,0.11167146974063392,-0.3413636363636363,0.6129032258064515,0.182200819050508,14942592.4,29987982.6,0.4982860167459214,,0.20832288826448803,,True,-0.10353817504655505,-0.08913633280578781,False,3,2,部分收敛/待确认,-0.3413636363636363,0.15427927927927937,-0.0919345741680766,,,,-0.06092028515878156,13.88,13.88,0.04394812680115279,0.04394812680115279,False,0,,沪深主板10%,12,2.059659090909083,2,0,1,1,0,1,5,False,,硬资格：最近25个交易日（含当日）至少一次按板块涨停价核验的实际涨停；通过后再按方向/非极端波动/不过热排序,394,False,,,424,1,未入选：未满足一级粗筛最低资格条件
300553,集智股份,65.98,0.10519262981574551,0.21175390266299354,0.30498417721519,0.620732006877917,,,,0.36776275973370987,-0.026843657817109068,0.4187951807228916,0.8781446794562116,6860045.8,6572129.3,1.0438087089978585,,0.07868140270890689,,False,0.04146482539223495,0.06920706616394567,True,3,2,部分收敛/待确认,-0.026843657817109068,0.9367176634214188,0.3137407164048345,,,,0.1547077353867694,49.57,49.53,0.3310470042364333,0.3321219462951748,False,0,,创业板20%,25,12.831513260530425,2,2,0,0,1,0,5,False,近5日波动仍偏大,硬资格：最近25个交易日（含当日）至少一次按板块涨停价核验的实际涨停；通过后再按方向/非极端波动/不过热排序,394,False,,,424,1,未入选：未满足一级粗筛最低资格条件
300562,乐心股份,16.76,-0.002974419988102106,0.0029922202274088594,-0.08565193671576632,0.10408432147562596,,,,0.19031830238726785,-0.14227226202661192,0.18712029161603877,1.0170906679527372,18885196.4,20204785.6,0.9346892748023021,,0.12744649816773895,,True,-0.01852937727219417,-0.0324885184555197,False,3,1,结构未成熟,-0.14227226202661192,0.4570312500000004,-0.018821532066855773,,,,-0.05895564289724853,15.08,15.08,0.1114058355437666,0.1114058355437666,False,0,,创业板20%,25,12.47612985359643,2,0,0,1,1,1,5,False,近5日波动仍偏大,硬资格：最近25个交易日（含当日）至少一次按板块涨停价核验的实际涨停；通过后再按方向/非极端波动/不过热排序,394,False,,,424,1,未入选：未满足一级粗筛最低资格条件
300688,创业黑马,36.56,0.04966982486362337,0.1389408099688474,0.21502160186108354,0.20739762219286662,,,,0.21911957950065697,-0.01482080301805433,0.14575323313526745,1.5033599926891592,13554921.6,7737649.0,1.7518139682996734,,0.05214806181635877,,False,0.08258814512008184,0.039828471184458536,True,3,1,结构未成熟,-0.01482080301805433,0.9556451612903228,0.171381884591971,,,,0.06124818577648772,30.44,28.61,0.2010512483574245,0.2778748689269488,False,0,,创业板20%,25,9.592410400562201,2,2,0,0,1,0,5,False,近5日波动仍偏大,硬资格：最近25个交易日（含当日）至少一次按板块涨停价核验的实际涨停；通过后再按方向/非极端波动/不过热排序,394,False,,,424,1,未入选：未满足一级粗筛最低资格条件
300798,锦鸡股份,7.91,0.0025348542458809575,-0.06611570247933884,-0.12208657047724747,0.10474860335195535,,,,0.10443864229765022,-0.21293532338308463,0.23011015911872715,0.4538636742403202,22601126.6,53403025.1,0.4232180959351683,,0.13163064597609936,,True,-0.050201278711816344,-0.04305507843810841,False,3,2,部分收敛/待确认,-0.21293532338308463,0.31189710610932464,-0.043935456578231724,,,,-0.0650118203309693,7.66,7.66,0.03263707571801566,0.03263707571801566,False,0,,创业板20%,12,2.2377622377622197,2,0,1,1,0,1,5,False,,硬资格：最近25个交易日（含当日）至少一次按板块涨停价核验的实际涨停；通过后再按方向/非极端波动/不过热排序,394,False,,,424,1,未入选：未满足一级粗筛最低资格条件
300939,秋田微,95.4,0.17632552404438973,0.3754325259515572,0.45648854961832064,0.525179856115108,,,,0.4488636363636365,-0.015479876160990669,0.22428848641655869,2.0012781018548886,4950999.2,3517173.3,1.4076642740350611,,0.030144549074074045,,False,0.09299101696794954,0.07873467314808114,True,3,1,结构未成熟,-0.015479876160990669,0.9609375,0.3833404627085344,,,,0.2635761589403973,66.88,64.04,0.4264354066985647,0.48969394128669586,False,0,,创业板20%,25,17.63255240443897,2,2,0,0,1,0,5,False,近5日波动仍偏大,硬资格：最近25个交易日（含当日）至少一次按板块涨停价核验的实际涨停；通过后再按方向/非极端波动/不过热排序,394,False,,,424,1,未入选：未满足一级粗筛最低资格条件
300961,深水海纳,11.83,-0.01580698835274541,-0.10106382978723405,-0.12305411415863599,0.02601908065915004,,,,0.13148788927335636,-0.23380829015544036,0.29205020920502095,0.4502235750190855,11996769.8,16833657.9,0.7126656530188844,,0.06900494578599999,,True,-0.06337589535970123,-0.022286016468988534,False,3,2,部分收敛/待确认,-0.23380829015544036,0.14657210401891238,-0.062078807579481476,,,,-0.095565749235474,11.56,11.56,0.023356401384083014,0.023356401384083014,False,0,,创业板20%,25,8.67309117865085,2,0,1,1,0,1,5,False,,硬资格：最近25个交易日（含当日）至少一次按板块涨停价核验的实际涨停；通过后再按方向/非极端波动/不过热排序,394,False,,,424,1,未入选：未满足一级粗筛最低资格条件
301183,东田微,297.1,-0.017558943156641638,0.2621606695271679,0.35935212298682284,0.31821812050758735,,,,0.3391304347826087,-0.035389610389610304,0.17671161084377535,1.919118009073112,6360775.2,3512145.6,1.8110795862221658,,0.06068976704203414,,False,0.13155784129713988,0.0860084354840096,True,3,1,结构未成熟,-0.035389610389610304,0.9027827327863006,0.23132650460348692,,,,0.10606455455865382,230.0,209.89,0.2917391304347827,0.4155033589022823,False,0,,创业板20%,25,14.429150560950333,2,2,0,0,1,0,5,False,近5日波动仍偏大,硬资格：最近25个交易日（含当日）至少一次按板块涨停价核验的实际涨停；通过后再按方向/非极端波动/不过热排序,394,False,,,424,1,未入选：未满足一级粗筛最低资格条件
600479,千金药业,11.48,0.013239187996469504,-0.09677419354838712,-0.19495091164095368,0.14001986097318775,,,,0.10071301247771827,-0.24721311475409835,0.3169257340241796,0.31778111294059336,54575587.4,111391360.3,0.48994452759187646,,0.2711493263736847,,True,-0.11434287473068638,-0.04812188867099099,False,3,2,部分收敛/待确认,-0.24721311475409835,0.3243727598566309,-0.062818890566962,,,,-0.07044534412955461,11.22,11.22,0.02317290552584672,0.02317290552584672,False,0,,沪深主板10%,12,4.020979020979021,2,0,1,1,0,1,5,False,,硬资格：最近25个交易日（含当日）至少一次按板块涨停价核验的实际涨停；通过后再按方向/非极端波动/不过热排序,394,False,,,424,1,未入选：未满足一级粗筛最低资格条件
600657,信达地产,2.84,0.017921146953404854,-0.07491856677524433,-0.15476190476190477,0.05970149253731338,,,,0.12087912087912091,-0.2324324324324325,0.4068441064638785,0.2971141008524186,50122639.8,128171667.7,0.3910586535966559,,0.044397731804568595,,True,-0.07436399217221124,-0.024569240587109076,False,3,2,部分收敛/待确认,-0.2324324324324325,0.28333333333333316,-0.02472527472527475,,,,-0.07189542483660138,2.73,2.73,0.04029304029304015,0.04029304029304015,False,0,,沪深主板10%,13,5.098039215686279,2,0,1,1,0,1,5,False,,硬资格：最近25个交易日（含当日）至少一次按板块涨停价核验的实际涨停；通过后再按方向/非极端波动/不过热排序,394,False,,,424,1,未入选：未满足一级粗筛最低资格条件
600714,金瑞矿业,17.15,-0.021118721461187318,-0.10537297861241535,-0.18216499761564142,0.16271186440677954,,,,0.12426035502958589,-0.30227827502034177,0.4501474926253687,0.2760436458389883,20907268.2,48965290.4,0.4269813990524194,,0.17108120040918745,,True,-0.10604204939783624,-0.03508510743883686,False,3,2,部分收敛/待确认,-0.30227827502034177,0.24797570850202424,-0.0838919900643681,,,,-0.09736842105263166,16.9,16.9,0.014792899408283988,0.014792899408283988,False,0,,沪深主板10%,12,5.905511811023634,2,0,1,1,0,1,5,False,,硬资格：最近25个交易日（含当日）至少一次按板块涨停价核验的实际涨停；通过后再按方向/非极端波动/不过热排序,394,False,,,424,1,未入选：未满足一级粗筛最低资格条件
600892,大晟文化,4.06,0.022670025188916698,-0.06235565819861444,-0.2550458715596331,0.08266666666666667,,,,0.11917098445595865,-0.3106960950764007,0.4987277353689566,0.2389499841387335,55880337.6,99583639.1,0.561139742482056,,0.16373441929725727,,True,-0.07731247123791996,-0.07808190112454882,False,3,2,部分收敛/待确认,-0.3106960950764007,0.18666666666666648,-0.06773823191733652,,,,-0.06018518518518534,3.86,3.86,0.051813471502590636,0.051813471502590636,False,0,,沪深主板10%,12,4.244031830238737,2,0,1,1,0,1,5,False,,硬资格：最近25个交易日（含当日）至少一次按板块涨停价核验的实际涨停；通过后再按方向/非极端波动/不过热排序,394,False,,,424,1,未入选：未满足一级粗筛最低资格条件
603757,大元泵业,66.36,0.033322952351292345,0.024074074074074137,-0.16465256797583083,0.1386410432395333,,,,0.08120838070488863,-0.1694618272841052,0.26825396825396836,0.3027294665330167,6959198.6,13636597.4,0.510332482207035,,0.08063711696164423,,True,-0.02989892894855961,-0.039212596168999636,False,3,2,部分收敛/待确认,-0.1694618272841052,0.41181581233709796,-0.01675050562671776,,,,0.01685565430585334,61.57,61.57,0.0777976287152835,0.0777976287152835,False,0,,沪深主板10%,12,5.35947712418301,2,0,1,1,0,1,5,False,,硬资格：最近25个交易日（含当日）至少一次按板块涨停价核验的实际涨停；通过后再按方向/非极端波动/不过热排序,394,False,,,424,1,未入选：未满足一级粗筛最低资格条件
605068,明新旭腾,19.21,0.0057591623036648,-0.05555555555555547,-0.18255319148936167,0.11946386946386944,,,,0.08493589743589744,-0.19958333333333333,0.3761467889908256,0.2258051907442152,3250030.0,9446307.9,0.34405293945584814,,0.06149693664807781,,True,-0.0542968749999998,-0.03681535318987228,False,3,2,部分收敛/待确认,-0.19958333333333333,0.3518267929634643,-0.01701419982090313,,,,-0.05416051206302308,18.72,18.72,0.026175213675213804,0.026175213675213804,False,0,,沪深主板10%,12,0.57591623036648,2,0,1,1,0,1,5,False,,硬资格：最近25个交易日（含当日）至少一次按板块涨停价核验的实际涨停；通过后再按方向/非极端波动/不过热排序,394,False,,,424,1,未入选：未满足一级粗筛最低资格条件
688234,天岳先进,104.39,-0.0067554709800189405,0.0812014500258933,0.03705543413471091,-0.0352125693160813,,,,0.17826751036439017,-0.0805073548841716,0.15731859883236032,1.1331623322831215,7693183.2,6594331.5,1.1666357992466712,,0.016487076171786026,,False,0.023927016379846622,-0.0024136462284241045,True,3,1,结构未成熟,-0.15814516129032252,0.39363017934446515,0.023898149646652822,,,,0.06542151459481516,91.66,91.66,0.13888282784202488,0.13888282784202488,False,0,,科创板20%,12,11.275807305452613,0,2,1,1,1,0,5,False,20日方向仍偏弱,硬资格：最近25个交易日（含当日）至少一次按板块涨停价核验的实际涨停；通过后再按方向/非极端波动/不过热排序,394,False,,,424,1,未入选：未满足一级粗筛最低资格条件
920212,智新电子,10.27,-0.011549566891241647,-0.04907407407407416,-0.195141065830721,0.05333333333333323,,,,0.08333333333333348,-0.29753761969904235,0.5454545454545452,0.15277777777777812,2134727.8,1228633.2,1.737481780567219,,11.55,,False,-0.05328017397607843,-0.05756072528224432,False,3,1,结构未成熟,-0.29753761969904235,0.1761363636363636,-0.04664655372476212,,,,-0.07058823529411773,10.2,10.2,0.006862745098039191,0.006862745098039191,False,0,,北交所30%,25,29.95391705069124,2,0,1,1,0,1,5,False,,硬资格：最近25个交易日（含当日）至少一次按板块涨停价核验的实际涨停；通过后再按方向/非极端波动/不过热排序,394,False,,,424,1,未入选：未满足一级粗筛最低资格条件
920592,华信永道,23.26,-0.011474713132171632,-0.12883895131086132,-0.14610866372980902,0.1589436970602891,,,,0.15178571428571438,-0.301711197838487,0.6091787439613529,0.249164495298516,3624214.6,1694902.7,2.1383024524062653,,18.041428571428572,,False,-0.0720504832654365,-0.05809786094239244,False,3,1,结构未成熟,-0.301711197838487,0.3044982698961939,-0.027896771497231132,,,,-0.0984496124031008,22.4,22.4,0.03839285714285734,0.03839285714285734,False,0,,北交所30%,25,29.958960328317374,2,0,1,1,0,1,5,False,,硬资格：最近25个交易日（含当日）至少一次按板块涨停价核验的实际涨停；通过后再按方向/非极端波动/不过热排序,394,False,,,424,1,未入选：未满足一级粗筛最低资格条件
920895,花溪科技,25.97,0.19402298850574717,-0.1273521505376345,-0.13433333333333342,1.0352664576802506,,,,0.5075499269361908,-0.2684507042253521,1.3386034255599473,0.3791637741580402,9264989.4,3063611.2,3.024205356084349,,36.04714285714285,,False,-0.15619777158774362,-0.05423979699725101,False,3,1,结构未成熟,-0.2684507042253521,0.5913379073756432,0.12898317610746424,,,,-0.16090468497576738,20.53,20.53,0.2649780808572819,0.2649780808572819,False,0,,北交所30%,7,19.402298850574716,2,2,0,1,0,0,5,False,近5日波动仍偏大,硬资格：最近25个交易日（含当日）至少一次按板块涨停价核验的实际涨停；通过后再按方向/非极端波动/不过热排序,394,False,,,424,1,未入选：未满足一级粗筛最低资格条件
000506,招金黄金,18.49,-0.056151097498723934,-0.036477331943720825,-0.11910433539780851,-0.049357326478149166,,,,0.10373675404350248,-0.18004434589800455,0.19699409554482028,0.5265982909619755,49694990.8,75277682.0,0.6601556992682107,,0.08105644208690277,,True,-0.009131940799832039,-0.026379624014554404,False,3,2,部分收敛/待确认,-0.18004434589800455,0.3300330033003299,-0.08133353207134708,,,,-0.042960662525880045,17.93,17.93,0.031232571109871543,0.031232571109871543,False,0,,沪深主板10%,15,9.252845126175146,0,0,1,1,1,1,4,False,20日方向仍偏弱,硬资格：最近25个交易日（含当日）至少一次按板块涨停价核验的实际涨停；通过后再按方向/非极端波动/不过热排序,467,False,,,424,1,未入选：未满足一级粗筛最低资格条件
000517,荣安地产,2.01,0.004999999999999893,-0.05633802816901412,-0.10267857142857162,-0.18623481781376539,,,,0.09230769230769227,-0.18292682926829273,0.0900473933649289,1.0251012145748986,30948636.0,36195767.0,0.8550346785025995,,0.01602388962850357,,True,-0.04554079696394697,-0.03242241778601196,False,3,1,结构未成熟,-0.18951612903225812,0.11320754716981099,-0.07798165137614677,,,,-0.05633802816901412,1.95,1.95,0.03076923076923066,0.03076923076923066,False,0,,沪深主板10%,12,8.81057268722467,0,0,1,1,1,1,4,False,20日方向仍偏弱,硬资格：最近25个交易日（含当日）至少一次按板块涨停价核验的实际涨停；通过后再按方向/非极端波动/不过热排序,467,False,,,424,1,未入选：未满足一级粗筛最低资格条件
000657,中钨高新,60.9,-0.01837524177949712,0.024907438572871143,0.014661779406864195,-0.05508145849495738,,,,0.12895204262877452,-0.12474849094567408,0.21583742116327975,0.5974498858157828,66067069.0,54314537.6,1.2163791117315892,,0.04128372168731479,,False,0.018119474232695554,0.005106910235587625,True,3,2,部分收敛/待确认,-0.19337748344370864,0.23958333333333337,-0.021073443603221276,,,,-0.02948207171314743,56.3,56.3,0.08170515097690934,0.08170515097690934,False,0,,沪深主板10%,12,5.1715396315700435,0,0,1,1,1,1,4,False,20日方向仍偏弱,硬资格：最近25个交易日（含当日）至少一次按板块涨停价核验的实际涨停；通过后再按方向/非极端波动/不过热排序,467,False,,,424,1,未入选：未满足一级粗筛最低资格条件
000759,中百集团,6.4,0.020733652312599826,-0.2635212888377445,-0.009287925696594312,0.04234527687296419,,,,0.5672131147540985,-0.33054393305439334,0.5585284280936454,1.0155492294100328,189325414.0,108500764.0,1.744922404417355,,0.14512018756169476,,False,-0.13435416152136326,0.005213335162573829,False,3,0,结构未成熟,-0.33054393305439334,0.2080200501253133,-0.047902409997024775,,,,-0.3133047210300429,6.1,6.1,0.049180327868852514,0.049180327868852514,False,0,,沪深主板10%,13,8.303886925795045,2,0,0,1,1,0,4,False,近5日波动仍偏大,硬资格：最近25个交易日（含当日）至少一次按板块涨停价核验的实际涨停；通过后再按方向/非极端波动/不过热排序,467,False,,,424,1,未入选：未满足一级粗筛最低资格条件
000887,中鼎股份,19.26,-0.0067044868488911336,-0.03216080402010035,-0.10167910447761197,-0.13047404063205403,,,,0.06984298863021131,-0.14966887417218533,0.09748743718592973,0.7164306565676309,22921185.4,32228640.5,0.7112054695574267,,0.02661652760530119,,True,-0.03835699184536401,-0.029028001759272892,False,3,2,部分收敛/待确认,-0.18699873364288733,0.15134099616858282,-0.06044197277915997,,,,-0.0253036437246964,18.47,18.47,0.04277206280454804,0.04277206280454804,False,0,,沪深主板10%,12,6.587112171837695,0,0,1,1,1,1,4,False,20日方向仍偏弱,硬资格：最近25个交易日（含当日）至少一次按板块涨停价核验的实际涨停；通过后再按方向/非极端波动/不过热排序,467,False,,,424,1,未入选：未满足一级粗筛最低资格条件
000960,锡业股份,33.03,-0.020462633451957202,-0.05897435897435899,-0.043994211287988305,-0.10608930987821386,,,,0.050726879059696896,-0.12060702875399365,0.12165010538994275,0.4169900132605283,25629764.2,31401887.6,0.8161854639591792,,0.01948757369734811,,True,-0.02805599484566268,-0.01387063804935007,False,3,2,部分收敛/待确认,-0.17794922847187655,0.08917197452229333,-0.04840103716508193,,,,-0.027671474830732956,32.33,32.33,0.021651716671821974,0.021651716671821974,False,0,,沪深主板10%,12,2.7422303473491727,0,0,1,1,1,1,4,False,20日方向仍偏弱,硬资格：最近25个交易日（含当日）至少一次按板块涨停价核验的实际涨停；通过后再按方向/非极端波动/不过热排序,467,False,,,424,1,未入选：未满足一级粗筛最低资格条件
000975,山金国际,25.02,-0.0565610859728507,-0.03285659064553548,-0.060810810810810856,-0.10322580645161283,,,,0.08187372708757629,-0.17371202113606343,0.1011549183592194,0.8093894831374178,38349738.0,42325407.1,0.9060689696236849,,0.018883953560966803,,True,-0.005127010020974154,-0.009719554360353544,True,3,3,收敛较充分,-0.17371202113606343,0.08202443280977292,-0.0582655826558266,,,,-0.05155420773313113,24.55,24.55,0.0191446028513238,0.0191446028513238,False,0,,沪深主板10%,12,4.462553356616228,0,0,1,1,1,1,4,False,20日方向仍偏弱,硬资格：最近25个交易日（含当日）至少一次按板块涨停价核验的实际涨停；通过后再按方向/非极端波动/不过热排序,467,False,,,424,1,未入选：未满足一级粗筛最低资格条件
000989,九芝堂,8.6,0.0011641443538998875,-0.014891179839633506,-0.0358744394618834,-0.09663865546218486,,,,0.034198113207547065,-0.0841320553780619,0.05625717566016055,0.6078889102810937,10216678.8,16495274.8,0.6193700271061868,,0.022444482562541217,,True,-0.024235560588901528,-0.015479528883903693,False,3,2,部分收敛/待确认,-0.12244897959183687,0.0909090909090903,-0.03196758217019369,,,,-0.019384264538198415,8.48,8.48,0.014150943396226356,0.014150943396226356,False,0,,沪深主板10%,12,3.0303030303030276,0,0,1,1,1,1,4,False,20日方向仍偏弱,硬资格：最近25个交易日（含当日）至少一次按板块涨停价核验的实际涨停；通过后再按方向/非极端波动/不过热排序,467,False,,,424,1,未入选：未满足一级粗筛最低资格条件
001696,宗申动力,15.25,-0.009740259740259716,-0.024312220089571346,-0.1050469483568075,-0.009096816114359974,,,,0.05164319248826288,-0.1432584269662922,0.20189061444969617,0.25579788653885394,33419314.4,56858196.9,0.5877659901663185,,0.06744676729590099,,True,-0.033446926669191024,-0.017600597052055633,False,3,2,部分收敛/待确认,-0.15230683713173976,0.20116618075801748,-0.023531295021610443,,,,-0.027423469387755084,14.91,14.91,0.022803487592220062,0.022803487592220062,False,0,,沪深主板10%,25,5.1948051948051965,0,0,1,1,1,1,4,False,20日方向仍偏弱,硬资格：最近25个交易日（含当日）至少一次按板块涨停价核验的实际涨停；通过后再按方向/非极端波动/不过热排序,467,False,,,424,1,未入选：未满足一级粗筛最低资格条件
002112,三变科技,14.4,-0.01098901098901095,-0.029649595687331498,-0.056356487549148016,-0.09148264984227128,,,,0.039832285115304004,-0.09943714821763605,0.08406779661016951,0.4738114560086564,6800574.0,11939344.7,0.5695935724177559,,0.04555610767704514,,True,-0.022733387140166705,-0.018442622950819665,False,3,2,部分收敛/待确认,-0.23199999999999998,0.02027027027027024,-0.04642076683663321,,,,-0.032258064516129115,14.31,14.31,0.0062893081761006275,0.0062893081761006275,False,0,,沪深主板10%,25,2.2754491017964007,0,0,1,1,1,1,4,False,20日方向仍偏弱,硬资格：最近25个交易日（含当日）至少一次按板块涨停价核验的实际涨停；通过后再按方向/非极端波动/不过热排序,467,False,,,424,1,未入选：未满足一级粗筛最低资格条件
002180,奔图科技,16.04,-0.01715686274509809,-0.03721488595438183,-0.049763033175355464,-0.09988776655443332,,,,0.04062499999999991,-0.09735509285312327,0.08884803921568622,0.4572413793103441,6028888.6,7595826.5,0.7937106778307798,,0.005523446536138786,,True,-0.017919845017556613,-0.01666666666666683,False,3,2,部分收敛/待确认,-0.1557894736842106,0.01333333333333305,-0.045067571590164945,,,,-0.03663663663663663,16.0,16.0,0.0024999999999999467,0.0024999999999999467,False,0,,沪深主板10%,12,4.201216141514652,0,0,1,1,1,1,4,False,20日方向仍偏弱,硬资格：最近25个交易日（含当日）至少一次按板块涨停价核验的实际涨停；通过后再按方向/非极端波动/不过热排序,467,False,,,424,1,未入选：未满足一级粗筛最低资格条件
002235,安妮股份,8.01,-0.0012468827930174342,-0.032608695652173836,-0.07931034482758614,-0.08036739380022973,,,,0.07830551989730428,-0.12267250821467701,0.11070559610705596,0.7073311797316936,17721499.2,24579724.2,0.7209803924488298,,0.04440153111347919,,True,-0.03431725461963042,-0.030815921559472326,False,3,2,部分收敛/待确认,-0.24291115311909262,0.07885304659498199,-0.060465661838015494,,,,-0.04186602870813394,7.79,7.79,0.028241335044929317,0.028241335044929317,False,0,,沪深主板10%,25,8.787128712871283,0,0,1,1,1,1,4,False,20日方向仍偏弱,硬资格：最近25个交易日（含当日）至少一次按板块涨停价核验的实际涨停；通过后再按方向/非极端波动/不过热排序,467,False,,,424,1,未入选：未满足一级粗筛最低资格条件
002256,兆新股份,3.2,-0.018404907975460016,-0.05604719764011801,-0.030303030303030165,-0.041916167664670545,,,,0.08517350157728708,-0.08309455587392556,0.06727828746177376,1.2659879552624023,36870874.0,36209391.6,1.0182682550236497,,0.01797574744083576,,False,-0.025000000000000133,-0.0101522842639592,False,3,0,结构未成熟,-0.17312661498708004,0.042857142857143204,-0.0439199282939946,,,,-0.06976744186046502,3.17,3.17,0.009463722397476504,0.009463722397476504,False,0,,沪深主板10%,15,1.501501501501501,0,0,1,1,1,1,4,False,20日方向仍偏弱,硬资格：最近25个交易日（含当日）至少一次按板块涨停价核验的实际涨停；通过后再按方向/非极端波动/不过热排序,467,False,,,424,1,未入选：未满足一级粗筛最低资格条件
002348,高乐股份,10.54,-0.011257035647279645,-0.01587301587301604,-0.033913840513290605,-0.06808134394341303,,,,0.09334657398212508,-0.0754385964912282,0.07075471698113207,1.3192982456140345,17419231.4,11561912.6,1.5066046598553253,,0.013600250523730028,,False,-0.017108479037413082,-0.013660440479509206,False,3,0,结构未成熟,-0.2069224981188864,0.14596273291925435,-0.030670897135237074,,,,-0.03302752293577993,10.07,10.07,0.046673286991062435,0.046673286991062435,False,0,,沪深主板10%,12,4.818092428711895,0,0,1,1,1,1,4,False,20日方向仍偏弱,硬资格：最近25个交易日（含当日）至少一次按板块涨停价核验的实际涨停；通过后再按方向/非极端波动/不过热排序,467,False,,,424,1,未入选：未满足一级粗筛最低资格条件
002364,中恒电气,35.54,-0.01660210293303821,-0.0028058361391695152,-0.06226912928759898,-0.1054618676063428,,,,0.0856632956573469,-0.11701863354037267,0.10772701635645798,0.7951886031438536,20101068.2,29594052.0,0.6792266297295145,,0.05492119702857401,,True,-0.014646690518783534,-0.011358970849870142,False,3,2,部分收敛/待确认,-0.268423219431865,0.1283422459893049,-0.038706012820859725,,,,-0.02066685037200333,33.62,33.62,0.057108863771564655,0.057108863771564655,False,0,,沪深主板10%,12,4.651162790697683,0,0,1,1,1,1,4,False,20日方向仍偏弱,硬资格：最近25个交易日（含当日）至少一次按板块涨停价核验的实际涨停；通过后再按方向/非极端波动/不过热排序,467,False,,,424,1,未入选：未满足一级粗筛最低资格条件
002370,亚太药业,5.18,0.01171875,-0.035381750465549366,-0.035381750465549366,-0.11149228130360211,,,,0.05168986083499001,-0.12794612794612803,0.12500000000000003,0.41351888667992,13038697.6,22240781.2,0.5862517814796901,,0.029828472591889043,,True,-0.04795278495020272,-0.017152342309111,False,3,2,部分收敛/待确认,-0.2187028657616893,0.09374999999999968,-0.044809146229024543,,,,-0.020793950850661713,5.03,5.03,0.029821073558647937,0.029821073558647937,False,0,,沪深主板10%,25,6.481481481481466,0,0,1,1,1,1,4,False,20日方向仍偏弱,硬资格：最近25个交易日（含当日）至少一次按板块涨停价核验的实际涨停；通过后再按方向/非极端波动/不过热排序,467,False,,,424,1,未入选：未满足一级粗筛最低资格条件
002382,蓝帆医疗,5.87,0.00859106529209619,-0.018394648829431537,-0.02329450915141429,-0.02329450915141429,,,,0.04355400696864111,-0.0637958532695374,0.04615384615384623,0.9436701509872225,8247860.8,10571658.6,0.7801860722214393,,0.010595050065468159,,True,-0.0197456492637218,-0.009036144578313254,False,3,2,部分收敛/待确认,-0.0637958532695374,0.31034482758620685,-0.014687368862778105,,,,-0.02003338898163609,5.74,5.74,0.022648083623693305,0.022648083623693305,False,0,,沪深主板10%,12,3.9792387543252428,0,0,1,1,1,1,4,False,20日方向仍偏弱,硬资格：最近25个交易日（含当日）至少一次按板块涨停价核验的实际涨停；通过后再按方向/非极端波动/不过热排序,467,False,,,424,1,未入选：未满足一级粗筛最低资格条件
002409,雅克科技,134.69,-0.017650061994019528,0.0090650284686844,0.023480243161094316,-0.026665703136291352,,,,0.11036468330134354,-0.09177343223196233,0.18384289933743128,0.6003206199374422,16466310.0,16046041.6,1.026191406608344,,0.0471425366858156,,False,0.011973216600826397,0.006336264810064662,True,3,2,部分收敛/待确认,-0.17464305410870762,0.25294888597640874,-0.0003488277162174702,,,,-0.016143170197224332,125.04,125.04,0.07717530390275096,0.07717530390275096,False,0,,沪深主板10%,12,5.151434995370985,0,0,1,1,1,1,4,False,20日方向仍偏弱,硬资格：最近25个交易日（含当日）至少一次按板块涨停价核验的实际涨停；通过后再按方向/非极端波动/不过热排序,467,False,,,424,1,未入选：未满足一级粗筛最低资格条件
002428,云南锗业,92.94,-0.01744370440849985,0.03220790759662373,0.014628820960698619,-0.10254924681344157,,,,0.15044663845792192,-0.11946944576030316,0.2219263718453346,0.6779123959308969,51488526.8,48432825.1,1.0630915436729294,,0.07788425269672572,,False,0.013949355841847977,-0.0010242065152749058,True,3,2,部分收敛/待确认,-0.17752212389380528,0.28151862464183375,-0.006780693458153686,,,,-0.00010758472296934496,85.08,85.08,0.09238363892806767,0.09238363892806767,False,0,,沪深主板10%,12,7.933851757062715,0,0,1,1,1,1,4,False,20日方向仍偏弱,硬资格：最近25个交易日（含当日）至少一次按板块涨停价核验的实际涨停；通过后再按方向/非极端波动/不过热排序,467,False,,,424,1,未入选：未满足一级粗筛最低资格条件
002438,江苏神通,13.23,-0.008245877061469176,-0.017817371937639215,-0.039215686274509776,-0.048885693745506775,,,,0.032699619771863093,-0.11028917283120365,0.10393466963622855,0.3146170559478545,3835831.2,7611920.1,0.5039242595307852,,0.016918473507582528,,True,-0.022506619593998134,-0.011094191864259306,False,3,2,部分收敛/待确认,-0.11028917283120365,0.04651162790697681,-0.03423607562595821,,,,-0.02577319587628868,13.15,13.15,0.006083650190114032,0.006083650190114032,False,0,,沪深主板10%,12,2.4425287356321768,0,0,1,1,1,1,4,False,20日方向仍偏弱,硬资格：最近25个交易日（含当日）至少一次按板块涨停价核验的实际涨停；通过后再按方向/非极端波动/不过热排序,467,False,,,424,1,未入选：未满足一级粗筛最低资格条件
002470,金正大,2.1,0.01449275362318847,-0.1633466135458166,0.01449275362318847,0.09375,,,,0.2623762376237623,-0.2499999999999999,0.3930348258706468,0.6675648577515976,293062930.8,292985305.6,1.0002649457106425,,0.07602861101854785,,False,-0.12814274128142755,-0.013745704467354014,False,3,1,结构未成熟,-0.2499999999999999,0.2473118279569893,-0.03934126258005488,,,,-0.17647058823529405,2.02,2.01,0.03960396039603964,0.044776119402985204,False,0,,沪深主板10%,13,3.5532994923857864,2,0,0,1,1,0,4,False,近5日波动仍偏大,硬资格：最近25个交易日（含当日）至少一次按板块涨停价核验的实际涨停；通过后再按方向/非极端波动/不过热排序,467,False,,,424,1,未入选：未满足一级粗筛最低资格条件
002517,恺英网络,16.54,-0.016061867935752483,-0.06553672316384185,-0.029912023460410664,-0.006606606606606613,,,,0.10500610500610516,-0.08618784530386747,0.11179740580605303,0.9392535027894166,57098163.0,62557957.8,0.9127242161987583,,0.03328893707435357,,True,-0.021203438395415275,-0.0005200508494164202,False,3,2,部分收敛/待确认,-0.10449377368706014,0.1716738197424888,-0.02805935066842946,,,,-0.06974128233970767,16.38,16.38,0.009768009768009733,0.009768009768009733,False,0,,沪深主板10%,25,5.414746543778803,0,0,1,1,1,1,4,False,20日方向仍偏弱,硬资格：最近25个交易日（含当日）至少一次按板块涨停价核验的实际涨停；通过后再按方向/非极端波动/不过热排序,467,False,,,424,1,未入选：未满足一级粗筛最低资格条件
002545,东方铁塔,15.83,-0.018598884066955867,-0.08444187391555813,-0.09646118721461183,-0.08655510675129818,,,,0.1051964512040559,-0.15976645435244163,0.10175438596491218,1.033827192867447,15383567.0,21289880.5,0.7225764841657989,,0.018434182078184858,,True,-0.05221629148294282,-0.028568157096238722,False,3,1,结构未成熟,-0.15976645435244163,0.01633986928104598,-0.08708189158016144,,,,-0.09231651376146799,15.78,15.78,0.003168567807351197,0.003168567807351197,False,0,,沪深主板10%,12,4.5481049562682285,0,0,1,1,1,1,4,False,20日方向仍偏弱,硬资格：最近25个交易日（含当日）至少一次按板块涨停价核验的实际涨停；通过后再按方向/非极端波动/不过热排序,467,False,,,424,1,未入选：未满足一级粗筛最低资格条件
002558,巨人网络,24.81,-0.0012077294685990392,-0.045769230769230784,-0.07838038632986633,-0.060583112457402555,,,,0.05130293159609127,-0.12208067940552025,0.09534883720930236,0.5380551362516888,35542819.6,66556328.7,0.5340261443837722,,0.03767595108602084,,True,-0.03722256473489505,-0.019895050775793677,False,3,2,部分收敛/待确认,-0.1586978636826043,0.05070993914807303,-0.05958608141914934,,,,-0.0391169635941131,24.56,24.56,0.0101791530944626,0.0101791530944626,False,0,,沪深主板10%,12,0.9450472523626186,0,0,1,1,1,1,4,False,20日方向仍偏弱,硬资格：最近25个交易日（含当日）至少一次按板块涨停价核验的实际涨停；通过后再按方向/非极端波动/不过热排序,467,False,,,424,1,未入选：未满足一级粗筛最低资格条件
002582,好想你,9.56,-0.006237006237006071,-0.07543520309477747,-0.06182531894013732,-0.09726156751652493,,,,0.08571428571428577,-0.13484162895927598,0.08974358974358976,0.955102040816327,13564026.2,26183500.3,0.5180371625103156,,0.07607621821504781,,True,-0.06396917148362236,-0.023291626564003964,False,3,2,部分收敛/待确认,-0.20266889074228522,0.043307086614173686,-0.0671350507416082,,,,-0.06822612085769975,9.45,9.45,0.011640211640211673,0.011640211640211673,False,0,,沪深主板10%,12,5.850585058505864,0,0,1,1,1,1,4,False,20日方向仍偏弱,硬资格：最近25个交易日（含当日）至少一次按板块涨停价核验的实际涨停；通过后再按方向/非极端波动/不过热排序,467,False,,,424,1,未入选：未满足一级粗筛最低资格条件
002589,瑞康医药,2.97,0.006779661016949268,-0.05714285714285705,-0.06896551724137923,-0.12130177514792895,,,,0.08620689655172414,-0.15625,0.13268608414239488,0.6497056349873841,59232434.2,96771308.6,0.6120867337325643,,0.07086402134058897,,True,-0.055276381909547756,-0.03607770582793701,False,3,2,部分收敛/待确认,-0.2384615384615384,0.07000000000000028,-0.06896551724137934,,,,-0.05714285714285705,2.9,2.9,0.024137931034482918,0.024137931034482918,False,0,,沪深主板10%,12,7.284768211920545,0,0,1,1,1,1,4,False,20日方向仍偏弱,硬资格：最近25个交易日（含当日）至少一次按板块涨停价核验的实际涨停；通过后再按方向/非极端波动/不过热排序,467,False,,,424,1,未入选：未满足一级粗筛最低资格条件
002607,中公教育,1.91,0.0052631578947368585,-0.06372549019607854,-0.054455445544554504,-0.059113300492610765,,,,0.08556149732620304,-0.11981566820276501,0.07960199004975133,1.0748663101604246,125323718.8,136248159.7,0.9198195342670746,,0.02170699546147003,,True,-0.05408062930186808,-0.02587890625000011,False,3,1,结构未成熟,-0.1278538812785388,0.12499999999999947,-0.05957656326932559,,,,-0.059113300492610765,1.87,1.87,0.021390374331550666,0.021390374331550666,False,0,,沪深主板10%,12,0.995024875621886,0,0,1,1,1,1,4,False,20日方向仍偏弱,硬资格：最近25个交易日（含当日）至少一次按板块涨停价核验的实际涨停；通过后再按方向/非极端波动/不过热排序,467,False,,,424,1,未入选：未满足一级粗筛最低资格条件
002695,煌上煌,10.66,0.004712535344015167,0.015238095238095273,-0.004668534080298881,-0.04991087344028522,,,,0.06726013847675566,-0.05830388692579502,0.07142857142857145,0.9416419386745789,8054882.2,7462752.7,1.079344649863582,,0.015488456189157158,,False,-0.0049410870391487505,-0.007633587786259666,True,3,2,部分收敛/待确认,-0.0849785407725322,0.3571428571428574,-0.0036917612972567904,,,,-0.0018726591760299671,10.11,10.11,0.054401582591493636,0.054401582591493636,False,0,,沪深主板10%,12,3.61328125,0,0,1,1,1,1,4,False,20日方向仍偏弱,硬资格：最近25个交易日（含当日）至少一次按板块涨停价核验的实际涨停；通过后再按方向/非极端波动/不过热排序,467,False,,,424,1,未入选：未满足一级粗筛最低资格条件
002706,良信股份,8.48,-0.039637599093997666,-0.049327354260089606,-0.10264550264550254,-0.1620553359683793,,,,0.08383233532934145,-0.16453201970443343,0.10998877665544336,0.7621899059024817,21301046.0,32584656.0,0.653714005757802,,0.03561205106169565,,True,-0.023415065164567928,-0.018089254766031182,False,3,2,部分收敛/待确认,-0.21915285451197042,0.05179282868525928,-0.08885784893091209,,,,-0.06298342541436464,8.35,8.35,0.015568862275449291,0.015568862275449291,False,0,,沪深主板10%,25,5.649157581764119,0,0,1,1,1,1,4,False,20日方向仍偏弱,硬资格：最近25个交易日（含当日）至少一次按板块涨停价核验的实际涨停；通过后再按方向/非极端波动/不过热排序,467,False,,,424,1,未入选：未满足一级粗筛最低资格条件
002775,文科股份,3.28,0.003058103975535076,-0.06818181818181823,-0.07344632768361592,-0.06017191977077374,,,,0.13592233009708737,-0.12765957446808507,0.06303724928366755,2.156222418358343,12255575.6,9233334.9,1.3273184318268363,,0.015605665752641487,,False,-0.05501432664756423,-0.03380281690140852,False,3,0,结构未成熟,-0.14360313315926898,0.25675675675675663,-0.07055823179370935,,,,-0.06552706552706555,3.09,3.09,0.06148867313915862,0.06148867313915862,False,0,,沪深主板10%,12,3.4810126582278444,0,0,1,1,1,1,4,False,20日方向仍偏弱,硬资格：最近25个交易日（含当日）至少一次按板块涨停价核验的实际涨停；通过后再按方向/非极端波动/不过热排序,467,False,,,424,1,未入选：未满足一级粗筛最低资格条件
002908,德生科技,6.86,0.0014598540145986938,-0.037868162692847096,-0.06539509536784738,-0.011527377521613813,,,,0.05497771173848428,-0.09736842105263155,0.0719322990126939,0.7642979925997131,3805178.0,5175027.6,0.7352961750387573,,0.01765260252663753,,True,-0.033314669652855455,-0.0229869236063317,False,3,2,部分收敛/待确认,-0.09736842105263155,0.14942528735632185,-0.04055944055944061,,,,-0.033802816901408406,6.73,6.73,0.019316493313521477,0.019316493313521477,False,0,,沪深主板10%,25,4.810495626822164,0,0,1,1,1,1,4,False,20日方向仍偏弱,硬资格：最近25个交易日（含当日）至少一次按板块涨停价核验的实际涨停；通过后再按方向/非极端波动/不过热排序,467,False,,,424,1,未入选：未满足一级粗筛最低资格条件
002929,润建股份,50.76,0.009145129224652049,0.024213075060532496,-0.028888463745934678,-0.08060134033689559,,,,0.10382978723404261,-0.07943416757344945,0.10567115463076295,0.9825745502341253,7163436.2,7528597.0,0.9514968326767923,,0.034873161321000185,,True,-0.002138649019449601,-0.012631745154541574,False,3,2,部分收敛/待确认,-0.15540765391014977,0.28702290076335857,-0.012499392052915725,,,,0.011356843992827326,47.0,47.0,0.07999999999999985,0.07999999999999985,False,0,,沪深主板10%,12,4.209135522838814,0,0,1,1,1,1,4,False,20日方向仍偏弱,硬资格：最近25个交易日（含当日）至少一次按板块涨停价核验的实际涨停；通过后再按方向/非极端波动/不过热排序,467,False,,,424,1,未入选：未满足一级粗筛最低资格条件
002931,锋龙股份,41.0,0.00048804294777937685,-0.024970273483947647,-0.09412284577993812,-0.13190768579292822,,,,0.047356552242545744,-0.15949159491594922,0.12769010043041598,0.3708709765511731,4169085.8,4912056.2,0.8487455416328501,,0.026205381858906928,,True,-0.0336972446712982,-0.029257090366287763,False,3,2,部分收敛/待确认,-0.2635171546613976,0.06916243654822354,-0.07288062772765302,,,,-0.019138755980861122,39.91,39.91,0.02731145076421959,0.02731145076421959,False,0,,沪深主板10%,12,4.579278763594741,0,0,1,1,1,1,4,False,20日方向仍偏弱,硬资格：最近25个交易日（含当日）至少一次按板块涨停价核验的实际涨停；通过后再按方向/非极端波动/不过热排序,467,False,,,424,1,未入选：未满足一级粗筛最低资格条件
002971,和远气体,38.8,-0.027568922305764465,0.012261935820506054,-0.060532687651331685,-0.08425772952560773,,,,0.1154696132596685,-0.17587085811384884,0.24517323459402263,0.4709715293795111,12565795.0,19787834.3,0.6350262898653846,,0.13231865248965433,,True,0.004278856188687286,-0.02802097182851282,False,3,2,部分收敛/待确认,-0.1913297207169654,0.22071307300509302,-0.0617027193693096,,,,-0.009698825931597765,36.2,36.2,0.07182320441988943,0.07182320441988943,False,0,,沪深主板10%,12,3.610188261351066,0,0,1,1,1,1,4,False,20日方向仍偏弱,硬资格：最近25个交易日（含当日）至少一次按板块涨停价核验的实际涨停；通过后再按方向/非极端波动/不过热排序,467,False,,,424,1,未入选：未满足一级粗筛最低资格条件
300051,琏升科技,8.13,-0.019300361881785078,-0.043529411764705817,0.016250000000000098,-0.024009603841536498,,,,0.08322981366459625,-0.0750853242320817,0.1126582278481011,0.7387814920790016,19204151.8,12167949.9,1.5782569749074986,,0.030098941464189437,,False,-0.002872187649592961,0.0020573641534551435,True,3,2,部分收敛/待确认,-0.1861861861861861,0.11004784688995237,-0.018826937002172195,,,,-0.06766055045871555,8.05,8.0,0.009937888198757738,0.016250000000000098,False,0,,创业板20%,12,4.551045510455087,0,0,1,1,1,1,4,False,20日方向仍偏弱,硬资格：最近25个交易日（含当日）至少一次按板块涨停价核验的实际涨停；通过后再按方向/非极端波动/不过热排序,467,False,,,424,1,未入选：未满足一级粗筛最低资格条件
300063,天龙集团,8.65,0.010514018691588856,-0.039955604883462725,-0.022598870056497078,-0.03351955307262555,,,,0.07425149700598814,-0.12449392712550611,0.16784869976359335,0.4423715948384928,23479017.0,60343448.6,0.3890897445327644,,0.10452095900189015,,True,-0.04460145727533649,-0.01761873495294375,False,3,2,部分收敛/待确认,-0.1953488372093023,0.12500000000000028,-0.03086661811663205,,,,-0.035674470457079166,8.35,8.35,0.03592814371257491,0.03592814371257491,False,0,,创业板20%,25,4.85875706214689,0,0,1,1,1,1,4,False,20日方向仍偏弱,硬资格：最近25个交易日（含当日）至少一次按板块涨停价核验的实际涨停；通过后再按方向/非极端波动/不过热排序,467,False,,,424,1,未入选：未满足一级粗筛最低资格条件
300139,晓程科技,47.52,-0.047122518548225245,-0.060869565217391286,-0.10254957507082152,-0.03902932254802827,,,,0.08025751072961378,-0.2298217179902755,0.15495867768595042,0.5179284692417742,28078199.8,40971509.0,0.6853103653077557,,0.184896399568951,,True,-0.025096525096525046,-0.020514541828736133,False,3,2,部分收敛/待确认,-0.2298217179902755,0.21483942414174984,-0.08152615099153415,,,,-0.05601907032181164,46.6,46.6,0.019742489270386354,0.019742489270386354,False,0,,创业板20%,25,8.662444113263778,0,0,1,1,1,1,4,False,20日方向仍偏弱,硬资格：最近25个交易日（含当日）至少一次按板块涨停价核验的实际涨停；通过后再按方向/非极端波动/不过热排序,467,False,,,424,1,未入选：未满足一级粗筛最低资格条件
300169,天晟新材,5.52,-0.0036101083032491488,-0.034965034965035,-0.02987697715289994,-0.016042780748663277,,,,0.06703910614525145,-0.11680000000000001,0.1343012704174229,0.49916956062207485,6316760.4,12379268.4,0.5102692821491778,,0.04102684911264513,,True,-0.02630655910206947,-0.01722637898033763,False,3,2,部分收敛/待确认,-0.11680000000000001,0.17045454545454486,-0.024217783277355576,,,,-0.03664921465968596,5.37,5.37,0.027932960893854553,0.027932960893854553,False,0,,创业板20%,12,2.6362038664323295,0,0,1,1,1,1,4,False,20日方向仍偏弱,硬资格：最近25个交易日（含当日）至少一次按板块涨停价核验的实际涨停；通过后再按方向/非极端波动/不过热排序,467,False,,,424,1,未入选：未满足一级粗筛最低资格条件
300197,节能铁汉,1.97,0.01025641025641022,-0.06190476190476191,-0.01005025125628145,-0.043689320388349606,,,,0.09473684210526324,-0.12444444444444447,0.13636363636363638,0.6947368421052637,74041210.0,113560065.2,0.6520004181892632,,0.03829730921964895,,True,-0.047251687560270095,-0.013157894736842368,False,3,2,部分收敛/待确认,-0.19918699186991873,0.1250000000000001,-0.029317565902931775,,,,-0.05288461538461542,1.9,1.9,0.03684210526315801,0.03684210526315801,False,0,,创业板20%,12,3.0000000000000027,0,0,1,1,1,1,4,False,20日方向仍偏弱,硬资格：最近25个交易日（含当日）至少一次按板块涨停价核验的实际涨停；通过后再按方向/非极端波动/不过热排序,467,False,,,424,1,未入选：未满足一级粗筛最低资格条件
300270,中威电子,10.22,-0.007766990291262155,-0.0331125827814569,-0.08340807174887888,-0.13827993254637427,,,,0.06036217303822934,-0.15884773662551432,0.145873320537428,0.4137985809594407,7448660.0,9460802.0,0.7873180307546865,,0.0404827010087181,,True,-0.028826095201972213,-0.03725059491122096,False,3,2,部分收敛/待确认,-0.2828070175438596,0.06496519721577752,-0.0707823794153748,,,,-0.030360531309297722,9.94,9.94,0.028169014084507227,0.028169014084507227,False,0,,创业板20%,12,3.103103103103111,0,0,1,1,1,1,4,False,20日方向仍偏弱,硬资格：最近25个交易日（含当日）至少一次按板块涨停价核验的实际涨停；通过后再按方向/非极端波动/不过热排序,467,False,,,424,1,未入选：未满足一级粗筛最低资格条件
300359,全通教育,4.05,0.012499999999999956,-0.044811320754717054,-0.031100478468899517,-0.007352941176470673,,,,0.08740359897172244,-0.08988764044943831,0.06971153846153846,1.2537895576633287,11189876.6,16040574.4,0.6975982481026365,,0.0253284879481382,,True,-0.04070042593469014,-0.019529411764705906,False,3,1,结构未成熟,-0.11956521739130432,0.22535211267605607,-0.03318214370971573,,,,-0.042553191489361875,3.89,3.89,0.041131105398457546,0.041131105398457546,False,0,,创业板20%,12,3.731343283582089,0,0,1,1,1,1,4,False,20日方向仍偏弱,硬资格：最近25个交易日（含当日）至少一次按板块涨停价核验的实际涨停；通过后再按方向/非极端波动/不过热排序,467,False,,,424,1,未入选：未满足一级粗筛最低资格条件
300386,飞天诚信,10.84,-0.019891500904159143,-0.059843885516045026,-0.11292962356792147,-0.056570931244560474,,,,0.11996251171508898,-0.20991253644314878,0.21847246891651873,0.5490966999641876,9293586.0,17897419.3,0.5192696133570497,,0.08103830520826016,,True,-0.025609756097561,-0.03597062260056749,False,3,2,部分收敛/待确认,-0.20991253644314878,0.05573770491803275,-0.0896876049714479,,,,-0.07271171941830623,10.67,10.67,0.015932521087160145,0.015932521087160145,False,0,,创业板20%,25,10.169491525423723,0,0,1,1,1,1,4,False,20日方向仍偏弱,硬资格：最近25个交易日（含当日）至少一次按板块涨停价核验的实际涨停；通过后再按方向/非极端波动/不过热排序,467,False,,,424,1,未入选：未满足一级粗筛最低资格条件
300476,胜宏科技,222.9,-0.03238409446084389,-0.030658838878016903,0.0017977528089887507,-0.1205365949891497,,,,0.05828151241432528,-0.15867743640069443,0.1886957321559972,0.3088650270380424,23233079.6,27925861.8,0.8319556891884354,,0.034328855545629935,,True,-0.011470090539574151,-0.0005876986772395121,False,3,2,部分收敛/待确认,-0.22518075639599555,0.07773348519362197,-0.05156200801640731,,,,-0.0439631138751877,220.31,217.44,0.011756161772048523,0.02511037527593829,False,0,,创业板20%,12,3.288776591409248,0,0,1,1,1,1,4,False,20日方向仍偏弱,硬资格：最近25个交易日（含当日）至少一次按板块涨停价核验的实际涨停；通过后再按方向/非极端波动/不过热排序,467,False,,,424,1,未入选：未满足一级粗筛最低资格条件
300508,维宏股份,38.82,0.0025826446280992066,0.028889477869069813,-0.024377984418195497,-0.11167048054919915,,,,0.10371819960861038,-0.12429505977893074,0.1289893617021277,0.8040833619141752,2134623.8,2529100.6,0.8440248679708509,,0.0341191001431817,,True,-0.007279248865914023,-0.014658231754359097,False,3,2,部分收敛/待确认,-0.25130183220829316,0.18967661691542273,-0.01948650594193202,,,,0.011200833550403688,35.77,35.77,0.08526698350573092,0.08526698350573092,False,0,,创业板20%,12,10.99567099567098,0,0,1,1,1,1,4,False,20日方向仍偏弱,硬资格：最近25个交易日（含当日）至少一次按板块涨停价核验的实际涨停；通过后再按方向/非极端波动/不过热排序,467,False,,,424,1,未入选：未满足一级粗筛最低资格条件
300515,三德科技,15.23,0.0,-0.01931745009658714,-0.05049875311720686,-0.027458492975734328,,,,0.038795986622073585,-0.09237187127532775,0.06387096774193539,0.6074119117597389,2119180.0,3272181.2,0.6476352837672925,,0.017441030174785745,,True,-0.02142948800205302,-0.019152970922882595,False,3,2,部分收敛/待确认,-0.10094451003541915,0.14070351758794014,-0.03714240556345827,,,,-0.01931745009658714,14.95,14.95,0.01872909698996672,0.01872909698996672,False,0,,创业板20%,12,4.103535353535337,0,0,1,1,1,1,4,False,20日方向仍偏弱,硬资格：最近25个交易日（含当日）至少一次按板块涨停价核验的实际涨停；通过后再按方向/非极端波动/不过热排序,467,False,,,424,1,未入选：未满足一级粗筛最低资格条件
300538,同益股份,14.27,-0.02126200274348422,-0.04034969737726968,-0.03840970350404316,-0.05559232296492389,,,,0.052149400986610306,-0.14958283671036954,0.1775438596491229,0.29372686326450453,2769991.0,5266486.7,0.5259656309395028,,0.04707765005962624,,True,-0.025090567556688592,-0.01731371112738911,False,3,2,部分收敛/待确认,-0.14958283671036954,0.030888030888030896,-0.0538390133934491,,,,-0.04420629604822501,14.19,14.19,0.005637773079633535,0.005637773079633535,False,0,,创业板20%,13,2.423469387755106,0,0,1,1,1,1,4,False,20日方向仍偏弱,硬资格：最近25个交易日（含当日）至少一次按板块涨停价核验的实际涨停；通过后再按方向/非极端波动/不过热排序,467,False,,,424,1,未入选：未满足一级粗筛最低资格条件
300605,恒锋信息,9.93,0.006079027355623046,-0.04057971014492756,-0.05338417540514784,-0.017804154302670572,,,,0.09139213602550472,-0.08563535911602205,0.080597014925373,1.1339394655016346,4813512.8,6259183.8,0.7690320261884624,,0.05496540361767826,,True,-0.04040208776338672,-0.024327418431596914,False,3,1,结构未成熟,-0.09809264305177112,0.3249999999999998,-0.03737094663370655,,,,-0.0331061343719572,9.41,9.41,0.05526036131774714,0.05526036131774714,False,0,,创业板20%,12,2.0682523267838704,0,0,1,1,1,1,4,False,20日方向仍偏弱,硬资格：最近25个交易日（含当日）至少一次按板块涨停价核验的实际涨停；通过后再按方向/非极端波动/不过热排序,467,False,,,424,1,未入选：未满足一级粗筛最低资格条件
300711,广哈通信,17.93,-0.012121212121212088,-0.10751617720258833,-0.020218579234972722,0.05532666274278997,,,,0.20854700854700856,-0.165270018621974,0.19799219185722258,1.053309257252919,13590464.6,10421293.0,1.3041054118716362,,0.03895844999971183,,False,-0.04427710843373489,-0.008037997807818775,False,3,0,结构未成熟,-0.165270018621974,0.2725409836065571,-0.04873066822293559,,,,-0.13255926463473644,17.55,17.55,0.02165242165242165,0.02165242165242165,False,0,,创业板20%,25,9.039226833428081,2,0,0,1,1,0,4,False,近5日波动仍偏大,硬资格：最近25个交易日（含当日）至少一次按板块涨停价核验的实际涨停；通过后再按方向/非极端波动/不过热排序,467,False,,,424,1,未入选：未满足一级粗筛最低资格条件
300789,唐源电气,15.32,0.005249343832020914,-0.04726368159203964,-0.09456264775413714,-0.1344632768361581,,,,0.07422402159244262,-0.17545748116254023,0.10678391959799002,0.6950861316186386,1959574.0,3765243.0,0.520437591942937,,0.030712891268175842,,True,-0.041313030454318556,-0.03362262547793882,False,3,2,部分收敛/待确认,-0.17545748116254023,0.1329787234042554,-0.07916090641341589,,,,-0.03768844221105527,14.82,14.82,0.03373819163292846,0.03373819163292846,False,0,,创业板20%,12,4.671791839148431,0,0,1,1,1,1,4,False,20日方向仍偏弱,硬资格：最近25个交易日（含当日）至少一次按板块涨停价核验的实际涨停；通过后再按方向/非极端波动/不过热排序,467,False,,,424,1,未入选：未满足一级粗筛最低资格条件
300894,火星人,10.25,-0.029356060606060663,0.02499999999999991,-0.08400357462019659,-0.0782374100719424,,,,0.11226611226611229,-0.16326530612244894,0.22991967871485933,0.4882840516028292,7025400.6,8383346.8,0.8380186061251814,,0.03160600252601423,,True,0.006154457018066273,-0.02929743054897138,False,3,2,部分收敛/待确认,-0.16326530612244894,0.23954372623574166,-0.04748629309543717,,,,0.0058881256133465065,9.62,9.62,0.06548856548856552,0.06548856548856552,False,0,,创业板20%,12,5.917753259779346,0,0,1,1,1,1,4,False,20日方向仍偏弱,硬资格：最近25个交易日（含当日）至少一次按板块涨停价核验的实际涨停；通过后再按方向/非极端波动/不过热排序,467,False,,,424,1,未入选：未满足一级粗筛最低资格条件
300897,山科智能,15.4,0.017173051519154603,-0.038701622971285876,-0.05925473427000616,-0.015974440894568676,,,,0.07118871725990589,-0.10982658959537572,0.07435897435897448,0.9573655079780431,1536468.2,2088000.8,0.7358561356873043,,0.01830975323745903,,True,-0.0330379746835443,-0.02312823390062957,False,3,2,部分收敛/待确认,-0.10982658959537572,0.21161825726141067,-0.04088686824650445,,,,-0.03448275862068961,14.89,14.89,0.03425117528542643,0.03425117528542643,False,0,,创业板20%,13,2.9102167182662786,0,0,1,1,1,1,4,False,20日方向仍偏弱,硬资格：最近25个交易日（含当日）至少一次按板块涨停价核验的实际涨停；通过后再按方向/非极端波动/不过热排序,467,False,,,424,1,未入选：未满足一级粗筛最低资格条件
301026,浩通科技,19.17,-0.02093973442288033,-0.04149999999999987,-0.0734654422426293,-0.09275911026975847,,,,0.04350132625994696,-0.15026595744680837,0.10679611650485436,0.40733060043404884,3641463.2,5588321.4,0.6516202164034445,,0.038670617166338,,True,-0.028052472250252092,-0.019813750743015612,False,3,2,部分收敛/待确认,-0.19588926174496635,0.06412825651302613,-0.0622018932074454,,,,-0.025419420437214013,18.85,18.85,0.016976127320954992,0.016976127320954992,False,0,,创业板20%,12,7.96338672768877,0,0,1,1,1,1,4,False,20日方向仍偏弱,硬资格：最近25个交易日（含当日）至少一次按板块涨停价核验的实际涨停；通过后再按方向/非极端波动/不过热排序,467,False,,,424,1,未入选：未满足一级粗筛最低资格条件
301171,易点天下,33.94,-0.0005889281507657218,-0.06346578366445932,-0.014804063860667793,-0.07039167351410569,,,,0.1123177164132797,-0.17900338655055648,0.21231671554252204,0.5290102389078504,48332356.0,89972582.0,0.5371898296750003,,0.20140085048630038,,True,-0.05775632490013316,-0.014006675056081441,False,3,2,部分收敛/待确认,-0.17900338655055648,0.18770581778265638,-0.051266282775199734,,,,-0.05327754532775464,32.23,32.23,0.05305615885820658,0.05305615885820658,False,0,,创业板20%,12,7.774725274725269,0,0,1,1,1,1,4,False,20日方向仍偏弱,硬资格：最近25个交易日（含当日）至少一次按板块涨停价核验的实际涨停；通过后再按方向/非极端波动/不过热排序,467,False,,,424,1,未入选：未满足一级粗筛最低资格条件
301190,善水科技,18.57,0.005958829902491747,0.07714617169373561,0.01309328968903456,-0.10935251798561152,,,,0.16676700782661047,-0.14816513761467887,0.252184041933605,0.661290883229308,5869002.2,8170604.6,0.718306965925141,,0.04952874048098236,,True,0.008598831440855381,-0.01804608195928903,False,3,2,部分收敛/待确认,-0.14816513761467887,0.3776493256262043,-0.035600218119498206,,,,-0.02211690363349117,16.61,16.61,0.11800120409391934,0.11800120409391934,False,0,,创业板20%,13,8.311688311688314,0,0,1,1,1,1,4,False,20日方向仍偏弱,硬资格：最近25个交易日（含当日）至少一次按板块涨停价核验的实际涨停；通过后再按方向/非极端波动/不过热排序,467,False,,,424,1,未入选：未满足一级粗筛最低资格条件
301292,海科新源,62.16,-0.02094818081587657,-0.008928571428571508,-0.0081378650071805,-0.05084745762711862,,,,0.11189655172413784,-0.10017371163867983,0.11342092133710294,0.9865600667408224,5630900.8,6148528.5,0.9158127509696019,,0.07139786245667053,,True,-0.010628050346776274,-0.0008204369228788089,False,3,2,部分收敛/待确认,-0.1622641509433963,0.25679012345678986,-0.018257628403563264,,,,-0.03612963250116297,58.0,58.0,0.07172413793103449,0.07172413793103449,False,0,,创业板20%,12,8.230814294083189,0,0,1,1,1,1,4,False,20日方向仍偏弱,硬资格：最近25个交易日（含当日）至少一次按板块涨停价核验的实际涨停；通过后再按方向/非极端波动/不过热排序,467,False,,,424,1,未入选：未满足一级粗筛最低资格条件
301357,北方长龙,95.11,-0.027703946023308057,-0.08723608445297504,-0.04699398797595189,0.05889556891560899,,,,0.23470899470899478,-0.1848645869043538,0.30724070450097846,0.7639254541165372,6147574.8,6951747.1,0.8843208349739881,,0.11180486671223511,,True,-0.04560211113853396,-0.008829914621443224,False,3,2,部分收敛/待确认,-0.1848645869043538,0.36032028469750893,-0.016920421305053224,,,,-0.15734916275361044,94.5,94.5,0.006455026455026491,0.006455026455026491,False,0,,创业板20%,25,13.896924890174645,2,0,0,1,1,0,4,False,近5日波动仍偏大,硬资格：最近25个交易日（含当日）至少一次按板块涨停价核验的实际涨停；通过后再按方向/非极端波动/不过热排序,467,False,,,424,1,未入选：未满足一级粗筛最低资格条件
301382,蜂助手,36.43,0.015045973808860413,0.024753867791842632,-0.02697649572649563,-0.1344737467331909,,,,0.12388059701492533,-0.1466385570391192,0.12318634423897577,1.0056357933197753,8690594.6,8776475.3,0.9902146708029815,,0.039957926667799855,,True,0.0024619516562223165,-0.013952218430034247,False,3,1,结构未成熟,-0.21436273452663357,0.22766122766122768,-0.024592687792012957,,,,-0.008977149075081514,33.5,33.5,0.08746268656716416,0.08746268656716416,False,0,,创业板20%,12,6.162790697674425,0,0,1,1,1,1,4,False,20日方向仍偏弱,硬资格：最近25个交易日（含当日）至少一次按板块涨停价核验的实际涨停；通过后再按方向/非极端波动/不过热排序,467,False,,,424,1,未入选：未满足一级粗筛最低资格条件
301449,天溯计量,39.15,-0.0048296898830707535,-0.020270270270270285,-0.07183499288762452,-0.01731927710843384,,,,0.05077611154959221,-0.19361483007209057,0.2087856601868216,0.24319731299629344,995317.2,2012076.5,0.49467164891593335,,0.11350471428357937,,True,-0.026524010947996945,-0.0349815886375594,False,3,2,部分收敛/待确认,-0.19361483007209057,0.10815939278937388,-0.08069458631256388,,,,-0.01977966950425636,38.01,38.01,0.029992107340173657,0.029992107340173657,False,0,,创业板20%,25,11.66113804541975,0,0,1,1,1,1,4,False,20日方向仍偏弱,硬资格：最近25个交易日（含当日）至少一次按板块涨停价核验的实际涨停；通过后再按方向/非极端波动/不过热排序,467,False,,,424,1,未入选：未满足一级粗筛最低资格条件
301668,昊创瑞通,31.5,0.0015898251192369983,-0.01899719713484893,-0.1005139920045689,-0.11690496215306989,,,,0.048748781280468105,-0.14587852494577014,0.15142054324071186,0.32194298235327695,739392.6,1526631.2,0.48432954861658795,,0.06864612005221771,,True,-0.0328566144741711,-0.03778545895004293,False,3,2,部分收敛/待确认,-0.17926003126628454,0.0959264126149803,-0.06353123049023401,,,,-0.011919698870765383,30.77,30.77,0.023724406889827687,0.023724406889827687,False,0,,创业板20%,12,4.41657579062158,0,0,1,1,1,1,4,False,20日方向仍偏弱,硬资格：最近25个交易日（含当日）至少一次按板块涨停价核验的实际涨停；通过后再按方向/非极端波动/不过热排序,467,False,,,424,1,未入选：未满足一级粗筛最低资格条件
600326,西藏天路,6.8,0.007407407407407307,-0.051603905160390484,-0.08232118758434548,-0.03409090909090917,,,,0.072072072072072,-0.15632754342431765,0.11436541143654118,0.6301911667765319,16496446.8,32145546.6,0.5131798505488782,,0.02359367779249522,,True,-0.046381670857781665,-0.0324118207816968,False,3,2,部分收敛/待确认,-0.15632754342431765,0.09999999999999974,-0.06599821440835096,,,,-0.04761904761904756,6.66,6.66,0.02102102102102088,0.02102102102102088,False,0,,沪深主板10%,25,6.442577030812324,0,0,1,1,1,1,4,False,20日方向仍偏弱,硬资格：最近25个交易日（含当日）至少一次按板块涨停价核验的实际涨停；通过后再按方向/非极端波动/不过热排序,467,False,,,424,1,未入选：未满足一级粗筛最低资格条件
600362,江西铜业,43.26,-0.01904761904761909,-0.12852538275584213,-0.07721843003412976,-0.02939196769127217,,,,0.09664555477363353,-0.14909520062942572,0.12577502214348998,0.7684002207002261,61630256.6,70684522.8,0.8719059584568633,,0.03361266540972571,,True,-0.07316663164530379,-0.02371960792633776,False,3,2,部分收敛/待确认,-0.14909520062942572,0.07673568818513951,-0.0724799262443585,,,,-0.07465240641711235,42.63,42.63,0.01477832512315258,0.01477832512315258,False,0,,沪深主板10%,13,6.971531046850488,0,0,1,1,1,1,4,False,20日方向仍偏弱,硬资格：最近25个交易日（含当日）至少一次按板块涨停价核验的实际涨停；通过后再按方向/非极端波动/不过热排序,467,False,,,424,1,未入选：未满足一级粗筛最低资格条件
600379,宝光股份,14.1,0.025454545454545396,-0.0315934065934067,-0.05241935483870974,-0.02422145328719716,,,,0.07503714710252599,-0.12313432835820892,0.11563636363636362,0.6489061463268757,9404005.2,15489634.1,0.6071160325213879,,0.05388238431065868,,True,-0.03157162726008367,-0.020844799119427715,False,3,2,部分收敛/待确认,-0.12313432835820892,0.2442748091603051,-0.025368079076518946,,,,-0.02557014512785083,13.46,13.46,0.047548291233283635,0.047548291233283635,False,0,,沪深主板10%,25,7.404844290657442,0,0,1,1,1,1,4,False,20日方向仍偏弱,硬资格：最近25个交易日（含当日）至少一次按板块涨停价核验的实际涨停；通过后再按方向/非极端波动/不过热排序,467,False,,,424,1,未入选：未满足一级粗筛最低资格条件
600460,士兰微,31.99,0.020740268028079045,0.05787037037037046,0.02433557476785131,-0.019613852283175137,,,,0.1268965517241379,-0.1453379641998397,0.19530201342281867,0.6497452304775451,66819726.0,78349063.4,0.8528465191582622,,0.05392376896700974,,True,0.01657934876318068,-0.003945609286855611,True,3,3,收敛较充分,-0.1453379641998397,0.3546856465005929,-0.0035664782195641287,,,,0.044400914136467406,29.0,29.0,0.10310344827586193,0.10310344827586193,False,0,,沪深主板10%,12,4.327563249001343,0,0,1,1,1,1,4,False,20日方向仍偏弱,硬资格：最近25个交易日（含当日）至少一次按板块涨停价核验的实际涨停；通过后再按方向/非极端波动/不过热排序,467,False,,,424,1,未入选：未满足一级粗筛最低资格条件
600475,华光环能,14.72,-0.003385240352064889,-0.06062539885130813,-0.023224950232249464,-0.012080536912751683,,,,0.0803880803880804,-0.08798017348203224,0.10095497953615283,0.7962765260062556,8041548.4,9903511.3,0.8119896223069892,,0.008919706839379087,,True,-0.03370346178968009,-0.007678172988581089,False,3,2,部分收敛/待确认,-0.08798017348203224,0.3456221198156682,-0.025455989936773893,,,,-0.05580500320718407,14.43,14.43,0.02009702009702008,0.02009702009702008,False,0,,沪深主板10%,25,4.810996563573888,0,0,1,1,1,1,4,False,20日方向仍偏弱,硬资格：最近25个交易日（含当日）至少一次按板块涨停价核验的实际涨停；通过后再按方向/非极端波动/不过热排序,467,False,,,424,1,未入选：未满足一级粗筛最低资格条件
600513,联环药业,14.79,0.008867667121418732,-0.01857996018579966,-0.06095238095238098,-0.1524355300859599,,,,0.038781163434903086,-0.14360162130862775,0.1297658862876255,0.2988548419339179,4954200.0,7485493.6,0.6618401223400953,,0.027632191388594376,,True,-0.02500992457324336,-0.021708046275835113,False,3,2,部分收敛/待确认,-0.20993589743589747,0.08177570093457937,-0.05085833467030332,,,,-0.014000000000000012,14.44,14.44,0.02423822714681445,0.02423822714681445,False,0,,沪深主板10%,12,5.107832009080582,0,0,1,1,1,1,4,False,20日方向仍偏弱,硬资格：最近25个交易日（含当日）至少一次按板块涨停价核验的实际涨停；通过后再按方向/非极端波动/不过热排序,467,False,,,424,1,未入选：未满足一级粗筛最低资格条件
600578,京能电力,5.3,-0.02752293577981657,-0.07180385288966729,-0.023941068139963106,-0.05693950177935947,,,,0.09090909090909081,-0.07986111111111116,0.074766355140187,1.2159090909090884,81296714.2,62011922.7,1.310985221233916,,0.006982814161373586,,False,-0.01791472590469345,-0.002361918604651181,False,3,0,结构未成熟,-0.1969696969696969,0.015151515151514836,-0.03889745217154772,,,,-0.07826086956521738,5.28,5.28,0.0037878787878786735,0.0037878787878786735,False,0,,沪深主板10%,12,2.6978417266187105,0,0,1,1,1,1,4,False,20日方向仍偏弱,硬资格：最近25个交易日（含当日）至少一次按板块涨停价核验的实际涨停；通过后再按方向/非极端波动/不过热排序,467,False,,,424,1,未入选：未满足一级粗筛最低资格条件
600584,长电科技,67.75,-0.025880661394680038,-0.00543159130945392,-0.04938964501192644,-0.1475842979365879,,,,0.07343511450381683,-0.15838509316770188,0.17034368902896607,0.4310997074351816,63882784.4,70795103.7,0.902361619112933,,0.04187753396272579,,True,-0.003535338655982212,-0.016930283665384627,False,3,2,部分收敛/待确认,-0.22571428571428576,0.10227272727272728,-0.04783989656238574,,,,-0.02433755760368661,65.5,65.5,0.03435114503816794,0.03435114503816794,False,0,,沪深主板10%,12,9.071274298056164,0,0,1,1,1,1,4,False,20日方向仍偏弱,硬资格：最近25个交易日（含当日）至少一次按板块涨停价核验的实际涨停；通过后再按方向/非极端波动/不过热排序,467,False,,,424,1,未入选：未满足一级粗筛最低资格条件
600588,用友网络,9.35,-0.002134471718249653,-0.018887722980062915,-0.05745967741935487,-0.1406250000000001,,,,0.040173724212812074,-0.13983440662373503,0.14662447257383954,0.27399057952335165,30827385.6,70541512.9,0.43701055354031115,,0.02447778627675106,,True,-0.022727272727272707,-0.02313546423135482,False,3,2,部分收敛/待确认,-0.23360655737704916,0.04682274247491601,-0.05788704720640847,,,,-0.024008350730688965,9.21,9.21,0.015200868621063846,0.015200868621063846,False,0,,沪深主板10%,12,0.5341880341880323,0,0,1,1,1,1,4,False,20日方向仍偏弱,硬资格：最近25个交易日（含当日）至少一次按板块涨停价核验的实际涨停；通过后再按方向/非极端波动/不过热排序,467,False,,,424,1,未入选：未满足一级粗筛最低资格条件
600663,陆家嘴,8.88,0.003389830508474745,-0.027382256297918905,-0.027382256297918905,-0.07015706806282718,,,,0.03530751708428252,-0.0652631578947368,0.048587570621468894,0.7266779678974431,9623947.2,13894547.7,0.6926419922254828,,0.0041776263582105,,True,-0.01352849855843885,-0.007839240366567024,False,3,2,部分收敛/待确认,-0.08923076923076911,0.10309278350515604,-0.023800362776892237,,,,-0.02310231023102305,8.78,8.78,0.011389521640091216,0.011389521640091216,False,0,,沪深主板10%,12,1.612903225806428,0,0,1,1,1,1,4,False,20日方向仍偏弱,硬资格：最近25个交易日（含当日）至少一次按板块涨停价核验的实际涨停；通过后再按方向/非极端波动/不过热排序,467,False,,,424,1,未入选：未满足一级粗筛最低资格条件
600666,奥瑞德,3.43,-0.031073446327683607,-0.011527377521613813,-0.033802816901408406,-0.022792022792022637,,,,0.1566265060240964,-0.10677083333333326,0.0935672514619884,1.6739457831325286,175150327.6,73033299.2,2.398225597345053,,0.03280022308056992,,False,0.006321839080459801,-0.006812375816065974,True,3,1,结构未成熟,-0.150990099009901,0.17567567567567607,-0.02515276396191546,,,,-0.03651685393258419,3.32,3.32,0.03313253012048212,0.03313253012048212,False,0,,沪深主板10%,12,4.011461318051568,0,0,1,1,1,1,4,False,20日方向仍偏弱,硬资格：最近25个交易日（含当日）至少一次按板块涨停价核验的实际涨停；通过后再按方向/非极端波动/不过热排序,467,False,,,424,1,未入选：未满足一级粗筛最低资格条件
600691,潞化科技,2.93,0.020905923344947785,-0.11480362537764344,-0.02980132450331119,0.16733067729083673,,,,0.1928571428571429,-0.2081081081081081,0.39622641509433976,0.486734693877551,90404687.0,166277741.4,0.5436968666931868,,0.061692807208037,,True,-0.09902200488997548,-0.028186658315064173,False,3,2,部分收敛/待确认,-0.2081081081081081,0.4076923076923078,-0.019410977242302452,,,,-0.12275449101796398,2.8,2.8,0.046428571428571486,0.046428571428571486,False,0,,沪深主板10%,12,5.952380952380953,2,0,0,1,1,0,4,False,近5日波动仍偏大,硬资格：最近25个交易日（含当日）至少一次按板块涨停价核验的实际涨停；通过后再按方向/非极端波动/不过热排序,467,False,,,424,1,未入选：未满足一级粗筛最低资格条件
600756,浪潮软件,13.5,-0.013157894736842035,-0.029475197699496802,-0.06960716747070983,-0.06380027739251037,,,,0.0463724756918475,-0.09698996655518388,0.08176555716353104,0.5671394814702062,5335128.6,9129889.7,0.584358494495284,,0.03223715361136941,,True,-0.021593021593021455,-0.02315171014898243,False,3,2,部分收敛/待确认,-0.18132201334141895,0.04166666666666693,-0.04788772127794616,,,,-0.03502501786990708,13.37,13.37,0.00972326103216159,0.00972326103216159,False,0,,沪深主板10%,12,4.576043068640634,0,0,1,1,1,1,4,False,20日方向仍偏弱,硬资格：最近25个交易日（含当日）至少一次按板块涨停价核验的实际涨停；通过后再按方向/非极端波动/不过热排序,467,False,,,424,1,未入选：未满足一级粗筛最低资格条件
600833,第一医药,10.21,0.005911330049261032,-0.03222748815165877,-0.036792452830188616,-0.07518115942028969,,,,0.05811623246492986,-0.08100810081008092,0.0542340627973359,1.07158176001125,4108356.0,6051160.0,0.6789369311008138,,0.0271247437656953,,True,-0.032105760151085905,-0.01782029637966609,False,3,1,结构未成熟,-0.18189102564102555,0.09200000000000016,-0.03887790642944544,,,,-0.03314393939393934,9.98,9.98,0.023046092184368705,0.023046092184368705,False,0,,沪深主板10%,15,4.206500956022929,0,0,1,1,1,1,4,False,20日方向仍偏弱,硬资格：最近25个交易日（含当日）至少一次按板块涨停价核验的实际涨停；通过后再按方向/非极端波动/不过热排序,467,False,,,424,1,未入选：未满足一级粗筛最低资格条件
600988,赤峰黄金,43.44,-0.04401408450704225,-0.019413092550790045,-0.06781115879828337,-0.05770065075921915,,,,0.09002375296912112,-0.16445470282746688,0.14464824703970275,0.6223632488571506,47805851.6,53053066.8,0.9010949693109919,,0.034651246569317784,,True,0.00018079096045187093,-0.013228395473443122,False,3,2,部分收敛/待确认,-0.16445470282746688,0.40993788819875754,-0.05466573816155995,,,,-0.047368421052631615,42.1,42.1,0.03182897862232781,0.03182897862232781,False,0,,沪深主板10%,25,7.911985018726608,0,0,1,1,1,1,4,False,20日方向仍偏弱,硬资格：最近25个交易日（含当日）至少一次按板块涨停价核验的实际涨停；通过后再按方向/非极端波动/不过热排序,467,False,,,424,1,未入选：未满足一级粗筛最低资格条件
601003,柳钢股份,3.51,-0.019553072625698387,-0.09768637532133684,-0.08115183246073299,-0.025000000000000133,,,,0.11494252873563215,-0.13970588235294124,0.11475409836065571,1.0016420361247946,16632048.8,29078133.6,0.5719778658696306,,0.01121542955410874,,True,-0.05185961236249348,-0.02356020942408399,False,3,1,结构未成熟,-0.13970588235294124,0.04999999999999967,-0.06449893390191908,,,,-0.09536082474226804,3.48,3.48,0.008620689655172376,0.008620689655172376,False,0,,沪深主板10%,12,1.6620498614958512,0,0,1,1,1,1,4,False,20日方向仍偏弱,硬资格：最近25个交易日（含当日）至少一次按板块涨停价核验的实际涨停；通过后再按方向/非极端波动/不过热排序,467,False,,,424,1,未入选：未满足一级粗筛最低资格条件
601138,工业富联,61.27,-0.017006257019091864,-0.04130808950086051,-0.030537974683544244,-0.013841944310317045,,,,0.06771523178807941,-0.08388157894736836,0.0892508143322475,0.7587071590854157,68957652.2,104025234.3,0.662893505254042,,0.005757299859283658,,True,-0.02973023721599788,-0.005550851444162341,False,3,2,部分收敛/待确认,-0.10554744525547444,0.2584615384615388,-0.026564138413142313,,,,-0.04993022173980455,60.4,60.4,0.014403973509933943,0.014403973509933943,False,0,,沪深主板10%,12,3.0820365614141254,0,0,1,1,1,1,4,False,20日方向仍偏弱,硬资格：最近25个交易日（含当日）至少一次按板块涨停价核验的实际涨停；通过后再按方向/非极端波动/不过热排序,467,False,,,424,1,未入选：未满足一级粗筛最低资格条件
601179,中国西电,12.05,-0.009860312243220926,-0.03522818254603677,-0.03368083400160382,-0.059328649492583874,,,,0.04606365159128984,-0.07592024539877285,0.044498381877022715,1.0351758793969847,50447480.0,63632945.0,0.7927887040274499,,0.012957581573906071,,True,-0.01870666021609446,-0.010977564102564119,False,3,1,结构未成熟,-0.14901129943502822,0.04954954954955008,-0.039457951375049705,,,,-0.03522818254603677,11.94,11.94,0.009212730318258089,0.009212730318258089,False,0,,沪深主板10%,12,3.2568467801628476,0,0,1,1,1,1,4,False,20日方向仍偏弱,硬资格：最近25个交易日（含当日）至少一次按板块涨停价核验的实际涨停；通过后再按方向/非极端波动/不过热排序,467,False,,,424,1,未入选：未满足一级粗筛最低资格条件
601233,桐昆股份,23.6,0.010273972602739878,-0.03357903357903358,-0.10876132930513593,-0.0008467400508044287,,,,0.06760936809544857,-0.16014234875444844,0.16500829187396351,0.4097331553925175,33420660.8,54841074.2,0.6094093029271844,,0.023094165897135838,,True,-0.03859823125878181,-0.04026365946632793,False,3,2,部分收敛/待确认,-0.16014234875444844,0.18918918918918928,-0.05467654716603243,,,,-0.023178807947019764,22.63,22.63,0.04286345558992499,0.04286345558992499,False,0,,沪深主板10%,12,4.614733276883998,0,0,1,1,1,1,4,False,20日方向仍偏弱,硬资格：最近25个交易日（含当日）至少一次按板块涨停价核验的实际涨停；通过后再按方向/非极端波动/不过热排序,467,False,,,424,1,未入选：未满足一级粗筛最低资格条件
601899,紫金矿业,30.9,-0.03947777432390431,-0.09410729991204925,-0.07235064545181635,-0.08660951817913098,,,,0.07112422156669938,-0.12884127431632364,0.07704255980118062,0.9231809242871166,232427526.8,193791962.8,1.1993661834153218,,0.009406558035171072,,False,-0.045661553211888584,-0.015731483983307815,False,3,1,结构未成熟,-0.12884127431632364,0.07862903225806396,-0.07507183908045989,,,,-0.05446756425948596,30.51,30.51,0.012782694198623323,0.012782694198623323,False,0,,沪深主板10%,12,4.548229548229554,0,0,1,1,1,1,4,False,20日方向仍偏弱,硬资格：最近25个交易日（含当日）至少一次按板块涨停价核验的实际涨停；通过后再按方向/非极端波动/不过热排序,467,False,,,424,1,未入选：未满足一级粗筛最低资格条件
601958,金钼股份,20.03,-0.02766990291262139,-0.05518867924528292,-0.07311429893567789,-0.0811926605504587,,,,0.04685138539042819,-0.16991297140489015,0.12374100719424451,0.37862456798078625,25217307.8,31910212.0,0.7902582345739352,,0.010429188122880542,,True,-0.03145917001338705,-0.01942068704814992,False,3,2,部分收敛/待确认,-0.16991297140489015,0.042056074766355096,-0.07270665030902068,,,,-0.03609239653512997,19.85,19.85,0.00906801007556668,0.00906801007556668,False,0,,沪深主板10%,12,1.7786561264822254,0,0,1,1,1,1,4,False,20日方向仍偏弱,硬资格：最近25个交易日（含当日）至少一次按板块涨停价核验的实际涨停；通过后再按方向/非极端波动/不过热排序,467,False,,,424,1,未入选：未满足一级粗筛最低资格条件
603039,泛微网络,35.52,-0.011961057023643917,-0.02310231023102305,-0.09595316874522775,-0.17299185098952263,,,,0.05371428571428579,-0.1777777777777778,0.18131716726370897,0.2962448979591842,9949863.2,18548961.3,0.5364108016118401,,0.07234442552286331,,True,-0.021463681048607408,-0.03400968713182351,False,3,2,部分收敛/待确认,-0.2707862861835352,0.03792851932895719,-0.0843354858667491,,,,-0.03687635574837311,35.0,35.0,0.014857142857142902,0.014857142857142902,False,0,,沪深主板10%,12,1.3791162397973622,0,0,1,1,1,1,4,False,20日方向仍偏弱,硬资格：最近25个交易日（含当日）至少一次按板块涨停价核验的实际涨停；通过后再按方向/非极端波动/不过热排序,467,False,,,424,1,未入选：未满足一级粗筛最低资格条件
603061,金海通,350.48,0.06691019786910202,0.11140003171079749,0.061224489795918435,-0.009271822704658428,,,,0.2363013698630137,-0.05779880638744017,0.19078947368421054,1.2385451110061407,3921734.4,3023472.2,1.2970962326030315,,0.038474055829228186,,False,0.02531116865758931,0.0005292422070659608,True,3,1,结构未成熟,-0.05779880638744017,0.7311827956989247,0.06205738770488578,,,,0.0884472049689442,292.0,292.0,0.20027397260273982,0.20027397260273982,False,0,,沪深主板10%,12,7.205449852949997,0,2,0,1,1,0,4,False,近5日波动仍偏大,硬资格：最近25个交易日（含当日）至少一次按板块涨停价核验的实际涨停；通过后再按方向/非极端波动/不过热排序,467,False,,,424,1,未入选：未满足一级粗筛最低资格条件
603078,江化微,32.41,-0.010985657613671207,0.028888888888888742,-0.007046568627451122,-0.0813492063492065,,,,0.13075880758807598,-0.13295880149812744,0.19807692307692318,0.6601415528718396,15152955.0,18738618.1,0.8086484776590862,,0.054916916191071384,,True,0.00604287259080194,-0.011470313957102962,False,3,2,部分收敛/待确认,-0.1751081700178163,0.29580348004094137,-0.024837899234252725,,,,0.01060180854381021,29.52,29.52,0.09789972899728983,0.09789972899728983,False,0,,沪深主板10%,12,5.583195135433949,0,0,1,1,1,1,4,False,20日方向仍偏弱,硬资格：最近25个交易日（含当日）至少一次按板块涨停价核验的实际涨停；通过后再按方向/非极端波动/不过热排序,467,False,,,424,1,未入选：未满足一级粗筛最低资格条件
603097,江苏华辰,18.28,-0.008676789587852451,-0.035356200527704384,-0.05038961038961032,-0.010822510822510734,,,,0.067403314917127,-0.07955689828801604,0.06774193548387085,0.9950013154433052,1572566.0,1532976.3,1.025825382949495,,0.0071563906166110716,,False,-0.022365910536358058,-0.015816486854509204,False,3,1,结构未成熟,-0.1614678899082569,0.04864864864864858,-0.04079758625213148,,,,-0.053830227743271175,18.1,18.1,0.009944751381215422,0.009944751381215422,False,0,,沪深主板10%,12,1.0505252626313188,0,0,1,1,1,1,4,False,20日方向仍偏弱,硬资格：最近25个交易日（含当日）至少一次按板块涨停价核验的实际涨停；通过后再按方向/非极端波动/不过热排序,467,False,,,424,1,未入选：未满足一级粗筛最低资格条件
603188,亚邦股份,4.5,0.00222717149220486,-0.05857740585774063,-0.07786885245901642,-0.013157894736842035,,,,0.1666666666666666,-0.14772727272727282,0.12101910828025483,1.377192982456139,16276285.6,21752430.0,0.7482513723754082,,0.045453812020976155,,True,-0.05058528428093667,-0.028624382207578125,False,3,1,结构未成熟,-0.14772727272727282,0.18749999999999972,-0.05828188762163844,,,,-0.0835030549898167,4.32,4.32,0.04166666666666652,0.04166666666666652,False,0,,沪深主板10%,11,3.056768558951961,0,0,1,1,1,1,4,False,20日方向仍偏弱,硬资格：最近25个交易日（含当日）至少一次按板块涨停价核验的实际涨停；通过后再按方向/非极端波动/不过热排序,467,False,,,424,1,未入选：未满足一级粗筛最低资格条件
603206,嘉环科技,13.49,-0.008088235294117618,-0.005162241887905594,-0.04190340909090906,-0.01532846715328462,,,,0.06221547799696512,-0.06123869171885865,0.06286982248520707,0.989592073551728,3051168.4,2430581.4,1.255324507955175,,0.008289131106668656,,False,-0.004709345106696072,-0.011639676113360142,False,3,1,结构未成熟,-0.0982620320855615,0.1741573033707867,-0.022074015005980607,,,,-0.01676384839650147,13.18,13.18,0.023520485584218598,0.023520485584218598,False,0,,沪深主板10%,12,2.4590163934426146,0,0,1,1,1,1,4,False,20日方向仍偏弱,硬资格：最近25个交易日（含当日）至少一次按板块涨停价核验的实际涨停；通过后再按方向/非极端波动/不过热排序,467,False,,,424,1,未入选：未满足一级粗筛最低资格条件
603207,小方制药,23.95,0.011829319814110617,-0.00951199338296116,-0.07707129094412335,-0.037379421221864995,,,,0.05233564013840818,-0.14280601288475314,0.21742919389978224,0.2407019922197329,2785238.4,7631725.9,0.3649552455755781,,0.13976765832378346,,True,-0.03347924773022082,-0.0311907770056854,False,3,2,部分收敛/待确认,-0.14280601288475314,0.28494623655913964,-0.017435897435897463,,,,-0.011555922410235286,23.12,23.12,0.035899653979238666,0.035899653979238666,False,0,,沪深主板10%,12,7.604078164825823,0,0,1,1,1,1,4,False,20日方向仍偏弱,硬资格：最近25个交易日（含当日）至少一次按板块涨停价核验的实际涨停；通过后再按方向/非极端波动/不过热排序,467,False,,,424,1,未入选：未满足一级粗筛最低资格条件
603335,迪生力,6.23,0.028052805280528226,-0.018897637795275424,-0.038580246913580196,-0.04594180704441042,,,,0.0693739424703892,-0.09579100145137875,0.10063897763578274,0.6893347299438674,9509362.4,10501053.5,0.9055627037801494,,0.023470422309258488,,True,-0.032022828154724126,-0.022333281274402705,False,3,2,部分收敛/待确认,-0.10999999999999999,0.29357798165137644,-0.03328419582589792,,,,-0.014240506329113889,5.91,5.91,0.05414551607445017,0.05414551607445017,False,0,,沪深主板10%,12,2.8052805280528226,0,0,1,1,1,1,4,False,20日方向仍偏弱,硬资格：最近25个交易日（含当日）至少一次按板块涨停价核验的实际涨停；通过后再按方向/非极端波动/不过热排序,467,False,,,424,1,未入选：未满足一级粗筛最低资格条件
603556,海兴电力,22.94,0.00790861159929701,-0.010780508840017244,-0.07163091865641436,-0.13204691638289812,,,,0.03330373001776199,-0.13662024840045162,0.11226252158894652,0.2966593796966797,3410670.2,5149047.2,0.6623886065756011,,0.010542840471730713,,True,-0.023188405797101463,-0.02127571333775724,False,3,2,部分收敛/待确认,-0.20923819372630126,0.06471494607087852,-0.05485857899182167,,,,-0.014181349376879981,22.52,22.52,0.018650088809946785,0.018650088809946785,False,0,,沪深主板10%,12,4.887218045112762,0,0,1,1,1,1,4,False,20日方向仍偏弱,硬资格：最近25个交易日（含当日）至少一次按板块涨停价核验的实际涨停；通过后再按方向/非极端波动/不过热排序,467,False,,,424,1,未入选：未满足一级粗筛最低资格条件
603682,锦和商管,9.74,-0.008146639511201648,-0.03944773175542404,-0.10642201834862386,-0.15008726003490402,,,,0.06309148264984224,-0.19835390946502063,0.21015936254980094,0.30020781317744816,8734680.0,11694390.0,0.74691198087288,,0.027553197278911513,,True,-0.03673870333988205,-0.036446469248291424,False,3,2,部分收敛/待确认,-0.2838235294117647,0.056234718826405974,-0.09213776389989281,,,,-0.03659742828882284,9.51,9.51,0.024185068349106276,0.024185068349106276,False,0,,沪深主板10%,12,1.9730010384215957,0,0,1,1,1,1,4,False,20日方向仍偏弱,硬资格：最近25个交易日（含当日）至少一次按板块涨停价核验的实际涨停；通过后再按方向/非极端波动/不过热排序,467,False,,,424,1,未入选：未满足一级粗筛最低资格条件
603690,至纯科技,23.96,-0.011551155115511413,0.01139721401435212,-0.027202598457165994,-0.05520504731861198,,,,0.09950914770191881,-0.08619374523264678,0.1464801049409706,0.6793355844605625,14757003.6,17823960.1,0.8279306908906287,,0.04654209916460866,,True,0.007759870384582701,-0.004963822985024291,True,3,3,收敛较充分,-0.1616515045486353,0.2512155591572125,-0.01502538488417493,,,,-0.004983388704318803,22.41,22.41,0.06916555109326206,0.06916555109326206,False,0,,沪深主板10%,25,4.18426103646834,0,0,1,1,1,1,4,False,20日方向仍偏弱,硬资格：最近25个交易日（含当日）至少一次按板块涨停价核验的实际涨停；通过后再按方向/非极端波动/不过热排序,467,False,,,424,1,未入选：未满足一级粗筛最低资格条件
603797,联泰环保,4.63,-0.0021551724137930384,-0.03340292275574119,-0.03340292275574119,-0.03742203742203731,,,,0.07623318385650221,-0.08316831683168313,0.07905982905982908,0.9642467579687304,7774253.6,9508069.8,0.817647931023813,,0.01648688247152262,,True,-0.034482758620689724,-0.014318323303589953,False,3,2,部分收敛/待确认,-0.08316831683168313,0.28813559322033894,-0.029044772989409773,,,,-0.03541666666666665,4.46,4.46,0.03811659192825112,0.03811659192825112,False,0,,沪深主板10%,25,3.8543897216273937,0,0,1,1,1,1,4,False,20日方向仍偏弱,硬资格：最近25个交易日（含当日）至少一次按板块涨停价核验的实际涨停；通过后再按方向/非极端波动/不过热排序,467,False,,,424,1,未入选：未满足一级粗筛最低资格条件
603800,洪田股份,57.85,-0.028057795698924748,0.005387556482447042,0.0012114918656975782,-0.14788628664015313,,,,0.10957387935805198,-0.1603773584905661,0.19350766456266913,0.5662508490590848,5153765.2,4684027.1,1.1002850944222762,,0.02201093612637357,,False,0.00960233796054677,-0.004590243144834361,True,3,2,部分收敛/待确认,-0.22390662731419375,0.1790457452041318,-0.03919614681946515,,,,-0.03743760399334439,54.21,54.21,0.06714628297362113,0.06714628297362113,False,0,,沪深主板10%,12,7.5156250000000036,0,0,1,1,1,1,4,False,20日方向仍偏弱,硬资格：最近25个交易日（含当日）至少一次按板块涨停价核验的实际涨停；通过后再按方向/非极端波动/不过热排序,467,False,,,424,1,未入选：未满足一级粗筛最低资格条件
603890,春秋电子,17.45,0.0331557134399052,-0.026770775237032973,-0.11150712830957232,-0.01634723788049597,,,,0.08588957055214715,-0.16865173892329677,0.1885617214043034,0.4554984432285043,27098647.6,47093442.0,0.575422955918151,,0.10812295504262229,,True,-0.03569411498926922,-0.03714718287012009,False,3,2,部分收敛/待确认,-0.22167707404103487,0.1879084967320259,-0.040365156181258355,,,,-0.01412429378531077,16.3,16.3,0.07055214723926362,0.07055214723926362,False,0,,沪深主板10%,13,8.019559902200491,0,0,1,1,1,1,4,False,20日方向仍偏弱,硬资格：最近25个交易日（含当日）至少一次按板块涨停价核验的实际涨停；通过后再按方向/非极端波动/不过热排序,467,False,,,424,1,未入选：未满足一级粗筛最低资格条件
603912,佳力图,8.33,-0.003588516746411363,-0.030267753201396963,-0.11477151965993626,-0.003588516746411363,,,,0.04247572815533976,-0.1277486910994765,0.11305361305361313,0.3757131418276442,10732520.2,24659728.5,0.4352245889487388,,0.04945320411128453,,True,-0.033679354094579006,-0.029685224599529603,False,3,2,部分收敛/待确认,-0.1277486910994765,0.27380952380952367,-0.054322529375035344,,,,-0.028004667444574083,8.24,8.24,0.010922330097087318,0.010922330097087318,False,0,,沪深主板10%,13,5.555555555555558,0,0,1,1,1,1,4,False,20日方向仍偏弱,硬资格：最近25个交易日（含当日）至少一次按板块涨停价核验的实际涨停；通过后再按方向/非极端波动/不过热排序,467,False,,,424,1,未入选：未满足一级粗筛最低资格条件
603990,麦迪科技,19.52,-0.03366336633663369,-0.02740408570004982,-0.11191992720655142,-0.1230907457322552,,,,0.062039957939011556,-0.1983572895277208,0.22300351582119543,0.27820170328056754,11911231.0,16960340.2,0.702299061194539,,0.06569012096274185,,True,-0.02205148672919599,-0.04019377428173998,False,3,2,部分收敛/待确认,-0.21920000000000006,0.08361204013377926,-0.08290070238906255,,,,-0.03366336633663369,19.02,19.02,0.02628811777076767,0.02628811777076767,False,0,,沪深主板10%,12,5.814562598218953,0,0,1,1,1,1,4,False,20日方向仍偏弱,硬资格：最近25个交易日（含当日）至少一次按板块涨停价核验的实际涨停；通过后再按方向/非极端波动/不过热排序,467,False,,,424,1,未入选：未满足一级粗筛最低资格条件
605289,罗曼股份,98.34,0.00521312480834113,-0.0018270401948842219,-0.07705302674800563,-0.08273481951310502,,,,0.0867883995703546,-0.12911795961742822,0.1440842621944983,0.6023447547185935,2060871.4,2817731.6,0.7313937920843844,,0.01847888134853644,,True,-0.010012998618896818,-0.022673254632780138,False,3,2,部分收敛/待确认,-0.16299259511447772,0.21484214842148458,-0.042071323507924197,,,,-0.005662285136501577,93.1,93.1,0.05628356605800233,0.05628356605800233,False,0,,沪深主板10%,25,3.9681796911558376,0,0,1,1,1,1,4,False,20日方向仍偏弱,硬资格：最近25个交易日（含当日）至少一次按板块涨停价核验的实际涨停；通过后再按方向/非极端波动/不过热排序,467,False,,,424,1,未入选：未满足一级粗筛最低资格条件
605388,均瑶健康,5.86,0.0034246575342467,-0.06539074960127578,-0.02980132450331119,-0.03140495867768589,,,,0.1138790035587188,-0.12537313432835817,0.1148086522462563,0.9919026251998545,6291700.0,10773390.0,0.5840037351288685,,0.0173431669881533,,True,-0.05530690537084404,-0.016175528507367032,False,3,2,部分收敛/待确认,-0.13950073421439046,0.20168067226890782,-0.042874642711310584,,,,-0.0638977635782747,5.62,5.62,0.04270462633451966,0.04270462633451966,False,0,,沪深主板10%,25,5.016181229773475,0,0,1,1,1,1,4,False,20日方向仍偏弱,硬资格：最近25个交易日（含当日）至少一次按板块涨停价核验的实际涨停；通过后再按方向/非极端波动/不过热排序,467,False,,,424,1,未入选：未满足一级粗筛最低资格条件
688111,金山办公,223.05,0.0010771509357749842,-0.020507640962585616,-0.06693160426688982,-0.07693262704850179,,,,0.06109090909090908,-0.11262730744748572,0.1039086517347388,0.5879289940828395,4283254.4,5784026.2,0.7405316386706547,,0.013740033503247873,,True,-0.020224114435504426,-0.022645395902382903,False,3,2,部分收敛/待确认,-0.16039298351276066,0.06679807271134493,-0.05116397783709625,,,,-0.04270386266094417,220.0,220.0,0.013863636363636411,0.013863636363636411,False,0,,科创板20%,12,1.2370811149389427,0,0,1,1,1,1,4,False,20日方向仍偏弱,硬资格：最近25个交易日（含当日）至少一次按板块涨停价核验的实际涨停；通过后再按方向/非极端波动/不过热排序,467,False,,,424,1,未入选：未满足一级粗筛最低资格条件
688146,中船特气,225.9,-0.04109007555819677,0.0048932384341637825,-0.025831213075164894,-0.1340846366145354,,,,0.10565110565110561,-0.17851558238481402,0.18711187111871125,0.5646413828232006,11851635.6,10165382.3,1.1658819363832484,,0.07340198599581638,,False,0.009444963724573707,-0.0050058854159831245,True,3,2,部分收敛/待确认,-0.2910939559405009,0.09898008742107815,-0.047757551232034734,,,,-0.03868249712753735,215.71,215.71,0.04723934912614158,0.04723934912614158,False,0,,科创板20%,12,4.515448794352261,0,0,1,1,1,1,4,False,20日方向仍偏弱,硬资格：最近25个交易日（含当日）至少一次按板块涨停价核验的实际涨停；通过后再按方向/非极端波动/不过热排序,467,False,,,424,1,未入选：未满足一级粗筛最低资格条件
688158,优刻得,28.65,-0.0024373259052924423,-0.02051282051282055,-0.05226596096592795,-0.11464771322620526,,,,0.05935251798561146,-0.1246562786434463,0.10239500173550861,0.5796427264967676,9859524.0,13201159.4,0.7468680364544344,,0.035903439357257115,,True,-0.019246631839427986,-0.02077930825447083,False,3,2,部分收敛/待确认,-0.21291208791208793,0.09883720930232535,-0.037670255109752526,,,,-0.016815374056280086,27.8,27.8,0.030575539568345356,0.030575539568345356,False,0,,科创板20%,12,3.5465116279069786,0,0,1,1,1,1,4,False,20日方向仍偏弱,硬资格：最近25个交易日（含当日）至少一次按板块涨停价核验的实际涨停；通过后再按方向/非极端波动/不过热排序,467,False,,,424,1,未入选：未满足一级粗筛最低资格条件
688280,精进电动,5.01,0.0060240963855420215,-0.01764705882352935,-0.08241758241758246,-0.08743169398907114,,,,0.04312114989733059,-0.10854092526690395,0.11507936507936509,0.37470792324576924,6830994.6,10323119.3,0.6617180719784957,,0.021652009387764213,,True,-0.023884103367266984,-0.0282678808575223,False,3,2,部分收敛/待确认,-0.1465076660988075,0.13999999999999968,-0.049516220830961744,,,,-0.013779527559055205,4.87,4.87,0.028747433264886935,0.028747433264886935,False,0,,科创板20%,12,2.65486725663715,0,0,1,1,1,1,4,False,20日方向仍偏弱,硬资格：最近25个交易日（含当日）至少一次按板块涨停价核验的实际涨停；通过后再按方向/非极端波动/不过热排序,467,False,,,424,1,未入选：未满足一级粗筛最低资格条件
688443,智翔金泰,22.46,0.007174887892376747,0.0040232454179705,-0.04587935429056922,-0.16131441374159816,,,,0.04343807763401098,-0.16037383177570086,0.20894160583941596,0.20789577767194786,1705401.4,3182600.3,0.5358515802314228,,0.02489651300648574,,True,-0.009082005164277485,-0.011746143057503544,False,3,2,部分收敛/待确认,-0.18916967509025262,0.1353135313531354,-0.03967846759021709,,,,-0.0031069684864625247,21.64,21.64,0.037892791127541514,0.037892791127541514,False,0,,科创板20%,12,3.477588871715609,0,0,1,1,1,1,4,False,20日方向仍偏弱,硬资格：最近25个交易日（含当日）至少一次按板块涨停价核验的实际涨停；通过后再按方向/非极端波动/不过热排序,467,False,,,424,1,未入选：未满足一级粗筛最低资格条件
688618,三旺通信,28.34,-0.009437259699405787,-0.0396475770925111,-0.04994971505196111,-0.09341010876519518,,,,0.08284241531664212,-0.12042209807572934,0.11580429426258357,0.7153656593148338,1805674.6,1848654.2,0.9767508709849577,,0.01677701399226163,,True,-0.030827325780981907,-0.02298191144708417,False,3,2,部分收敛/待确认,-0.16818315233343117,0.17076700434153397,-0.04932825682226061,,,,-0.03638218293097584,27.16,27.16,0.04344624447717238,0.04344624447717238,False,0,,科创板20%,25,11.466296038915914,0,0,1,1,1,1,4,False,20日方向仍偏弱,硬资格：最近25个交易日（含当日）至少一次按板块涨停价核验的实际涨停；通过后再按方向/非极端波动/不过热排序,467,False,,,424,1,未入选：未满足一级粗筛最低资格条件
688669,聚石化学,68.5,0.002781437564046252,-0.03575450450450457,-0.02560455192034139,-0.1070264633033502,,,,0.1200000000000001,-0.14095811387007773,0.1386861313868613,0.8652631578947376,2123899.2,2598490.5,0.8173588473769676,,0.023091209449263326,,True,-0.031128626913411117,-0.02176444999508864,False,3,2,部分收敛/待确认,-0.16340986809965796,0.25167785234899337,-0.05620082944102278,,,,-0.028368794326241176,64.0,64.0,0.0703125,0.0703125,False,0,,科创板20%,12,8.172871202396248,0,0,1,1,1,1,4,False,20日方向仍偏弱,硬资格：最近25个交易日（含当日）至少一次按板块涨停价核验的实际涨停；通过后再按方向/非极端波动/不过热排序,467,False,,,424,1,未入选：未满足一级粗筛最低资格条件
688825,长鑫科技,53.47,-0.029582577132486465,-0.06520979020979023,-0.03744374437443743,-0.0712176480805976,,,,0.06881680105006566,-0.10734557595993321,0.10925925925925924,0.6298486875768723,199857088.8,235414490.4,0.8489583137402319,,0.05227902576817377,,True,-0.03408770445572484,-0.006355180004260497,False,3,2,部分收敛/待确认,-0.1347896440129449,0.08158765159867717,-0.05282363778076948,,,,-0.0619298245614035,53.33,53.33,0.0026251640727545933,0.0026251640727545933,False,0,,科创板20%,14,11.99710039869517,0,0,1,1,1,1,4,False,20日方向仍偏弱,硬资格：最近25个交易日（含当日）至少一次按板块涨停价核验的实际涨停；通过后再按方向/非极端波动/不过热排序,467,False,,,424,1,未入选：未满足一级粗筛最低资格条件
920006,晟楠科技,17.73,0.01025641025641022,-0.06684210526315792,-0.13932038834951466,0.15354586857514652,,,,0.1686816350028785,-0.20493273542600898,0.46421536441234407,0.3633693495182234,3239726.0,1830404.6,1.7699507529646723,,13.001428571428573,,False,-0.06265560165975115,-0.03477773817404162,False,3,1,结构未成熟,-0.20493273542600898,0.3898531375166889,-0.005887300252312877,,,,-0.12660098522167484,17.37,17.37,0.020725388601036343,0.020725388601036343,False,0,,北交所30%,25,29.959040374488023,2,0,1,1,0,0,4,False,,硬资格：最近25个交易日（含当日）至少一次按板块涨停价核验的实际涨停；通过后再按方向/非极端波动/不过热排序,467,False,,,424,1,未入选：未满足一级粗筛最低资格条件
000938,紫光股份,32.8,-0.03472630959387879,-0.009063444108761476,-0.13978494623655924,-0.08020190689848572,,,,0.07398119122257052,-0.17067003792667512,0.1992116434202547,0.371369815299905,110625300.4,170515273.0,0.6487706259602916,,0.06717106313874964,,True,-0.005477637994341866,-0.04211155718800719,False,3,2,部分收敛/待确认,-0.21305182341650675,0.09202453987730046,-0.0669359656359344,,,,-0.025260029717682042,31.9,31.9,0.028213166144200663,0.028213166144200663,False,0,,沪深主板10%,25,8.526051825020907,0,0,1,1,0,1,3,False,20日方向仍偏弱,硬资格：最近25个交易日（含当日）至少一次按板块涨停价核验的实际涨停；通过后再按方向/非极端波动/不过热排序,668,False,,,424,1,未入选：未满足一级粗筛最低资格条件
002548,金新农,3.98,0.0075949367088608,-0.11751662971175159,-0.05463182897862229,-0.056872037914691864,,,,0.17187500000000006,-0.17083333333333328,0.14832535885167467,1.1587701612903227,33584665.4,45553248.6,0.7372616977310373,,0.046947293370163456,,True,-0.08936550491510298,-0.023397075365579112,False,3,1,结构未成熟,-0.17083333333333328,0.14583333333333348,-0.07063631056625796,,,,-0.11555555555555552,3.84,3.84,0.03645833333333326,0.03645833333333326,False,0,,沪深主板10%,25,8.78859857482186,0,0,1,1,1,0,3,False,20日方向仍偏弱,硬资格：最近25个交易日（含当日）至少一次按板块涨停价核验的实际涨停；通过后再按方向/非极端波动/不过热排序,668,False,,,424,1,未入选：未满足一级粗筛最低资格条件
002580,圣阳股份,19.02,-0.009375000000000022,-0.062130177514792995,-0.1428571428571429,-0.04518072289156638,,,,0.09878587196467986,-0.21013289036544847,0.21493440968718455,0.4596093855258112,40848959.0,74905883.1,0.5453371258632155,,0.17600291260823583,,True,-0.04152807176695883,-0.03903646577168429,False,3,2,部分收敛/待确认,-0.21013289036544847,0.1510067114093958,-0.08321885619261082,,,,-0.044701155198392795,18.12,18.12,0.04966887417218535,0.04966887417218535,False,0,,沪深主板10%,13,2.7703782631859353,0,0,1,1,0,1,3,False,20日方向仍偏弱,硬资格：最近25个交易日（含当日）至少一次按板块涨停价核验的实际涨停；通过后再按方向/非极端波动/不过热排序,668,False,,,424,1,未入选：未满足一级粗筛最低资格条件
002855,捷荣技术,12.44,0.006472491909385036,-0.17011340893929294,-0.27293980128579776,0.23904382470119523,,,,0.1838602329450916,-0.3672431332655137,0.3428961748633879,0.5361979701824983,21072911.6,30269419.0,0.6961782649346524,,0.1366025793605152,,True,-0.1723004077337893,-0.10056300910397697,False,3,2,部分收敛/待确认,-0.3672431332655137,0.27727727727727725,-0.14589769996567126,,,,-0.12579058327477166,12.02,12.02,0.03494176372712143,0.03494176372712143,False,0,,沪深主板10%,13,2.763561924257929,2,0,0,1,0,0,3,False,近5日波动仍偏大,硬资格：最近25个交易日（含当日）至少一次按板块涨停价核验的实际涨停；通过后再按方向/非极端波动/不过热排序,668,False,,,424,1,未入选：未满足一级粗筛最低资格条件
002909,集泰股份,6.49,-0.003072196620583667,-0.21995192307692313,-0.18976279650436945,0.2504816955684006,,,,0.30694668820678506,-0.31612223393045313,0.7973484848484848,0.38495926691967347,65490699.6,80549135.8,0.8130527900710265,,0.15503640658951046,,True,-0.15847542627883637,-0.033536981671649535,False,3,2,部分收敛/待确认,-0.31612223393045313,0.32279909706546284,-0.032137797330549334,,,,-0.1977750309023485,6.19,6.19,0.04846526655896599,0.04846526655896599,False,0,,沪深主板10%,12,2.843601895734582,2,0,0,1,0,0,3,False,近5日波动仍偏大,硬资格：最近25个交易日（含当日）至少一次按板块涨停价核验的实际涨停；通过后再按方向/非极端波动/不过热排序,668,False,,,424,1,未入选：未满足一级粗筛最低资格条件
300214,日科化学,10.11,-0.008823529411764675,-0.022243713733075432,-0.12315698178664358,-0.0595348837209303,,,,0.06282183316168892,-0.2415603900975244,0.29669260700389116,0.21174047373841373,21302083.4,39815085.4,0.535025435359232,,0.09456243453171886,,True,-0.0515775552616663,-0.045196722787431254,False,3,2,部分收敛/待确认,-0.2415603900975244,0.11049723756906041,-0.11175540326831856,,,,-0.02034883720930236,9.71,9.71,0.041194644696189275,0.041194644696189275,False,0,,创业板20%,12,9.296482412060314,0,0,1,1,0,1,3,False,20日方向仍偏弱,硬资格：最近25个交易日（含当日）至少一次按板块涨停价核验的实际涨停；通过后再按方向/非极端波动/不过热排序,668,False,,,424,1,未入选：未满足一级粗筛最低资格条件
600409,三友化工,6.3,-0.01562500000000011,-0.059701492537313494,-0.12011173184357549,-0.052631578947368474,,,,0.09492635024549918,-0.16886543535620058,0.13984962406015033,0.6787744399274943,28640725.8,31761384.5,0.9017467673677765,,0.015385662795982144,,True,-0.05064429127959258,-0.03552269102508354,False,3,2,部分收敛/待确认,-0.16886543535620058,0.12925170068027178,-0.08463494369778435,,,,-0.058295964125560595,6.11,6.11,0.03109656301145658,0.03109656301145658,False,0,,沪深主板10%,12,3.70967741935484,0,0,1,1,0,1,3,False,20日方向仍偏弱,硬资格：最近25个交易日（含当日）至少一次按板块涨停价核验的实际涨停；通过后再按方向/非极端波动/不过热排序,668,False,,,424,1,未入选：未满足一级粗筛最低资格条件
600547,山东黄金,32.86,-0.06461713635069755,-0.07670694015172808,-0.12373333333333336,-0.06912181303116138,,,,0.09737248840803704,-0.15200000000000002,0.15327380952380948,0.6352845845650574,70751930.0,96617682.6,0.7322875905947263,,0.03143910727973488,,True,-0.0323036087423052,-0.027907616167170746,False,3,2,部分收敛/待确认,-0.15200000000000002,0.43528283796740164,-0.08349254605547585,,,,-0.07436619718309856,32.35,32.35,0.015765069551777477,0.015765069551777477,False,0,,沪深主板10%,12,8.588957055214719,0,0,1,1,0,1,3,False,20日方向仍偏弱,硬资格：最近25个交易日（含当日）至少一次按板块涨停价核验的实际涨停；通过后再按方向/非极端波动/不过热排序,668,False,,,424,1,未入选：未满足一级粗筛最低资格条件
600617,国新能源,3.27,-0.018018018018018056,-0.0814606741573034,-0.018018018018018056,-0.023880597014925398,,,,0.15189873417721517,-0.10899182561307896,0.11550151975683887,1.3151232511658897,42619265.6,36933383.9,1.1539496547458248,,0.017325970760867285,,False,-0.03940605368360939,-0.009573542210617902,False,3,0,结构未成熟,-0.10899182561307896,0.21568627450980377,-0.03978857730142438,,,,-0.10164835164835162,3.16,3.16,0.034810126582278444,0.034810126582278444,False,0,,沪深主板10%,12,2.359882005899716,0,0,1,1,1,0,3,False,20日方向仍偏弱,硬资格：最近25个交易日（含当日）至少一次按板块涨停价核验的实际涨停；通过后再按方向/非极端波动/不过热排序,668,False,,,424,1,未入选：未满足一级粗筛最低资格条件
600629,华建集团,16.15,-0.007375537799631293,-0.10427066001109275,-0.038690476190476275,-0.024169184290030343,,,,0.14840764331210204,-0.1405002660989889,0.16925948973242058,0.8768054514799563,23574669.8,35566628.7,0.6628311611665347,,0.03201466787107703,,True,-0.06412037037037022,-0.007031204602243157,False,3,2,部分收敛/待确认,-0.1405002660989889,0.18769230769230752,-0.03365744203440557,,,,-0.10427066001109275,15.7,15.7,0.028662420382165488,0.028662420382165488,False,0,,沪深主板10%,25,9.345238095238106,0,0,1,1,1,0,3,False,20日方向仍偏弱,硬资格：最近25个交易日（含当日）至少一次按板块涨停价核验的实际涨停；通过后再按方向/非极端波动/不过热排序,668,False,,,424,1,未入选：未满足一级粗筛最低资格条件
600664,哈药股份,7.42,0.008152173913043459,0.04067321178120609,-0.1321637426900586,-0.18281938325991187,,,,0.12427745664739889,-0.2197686645636172,0.3432203389830508,0.36209234282452024,368267284.4,392250496.3,0.9388574084004288,,0.14789531958936813,,True,-0.016576086956521685,-0.06736789381417474,False,3,2,部分收敛/待确认,-0.2197686645636172,0.19305019305019305,-0.08060219317266581,,,,-0.014608233731739695,6.92,6.92,0.07225433526011571,0.07225433526011571,False,0,,沪深主板10%,13,4.4349070100142995,0,0,1,1,0,1,3,False,20日方向仍偏弱,硬资格：最近25个交易日（含当日）至少一次按板块涨停价核验的实际涨停；通过后再按方向/非极端波动/不过热排序,668,False,,,424,1,未入选：未满足一级粗筛最低资格条件
600828,茂业商业,4.08,-0.0024449877750610804,-0.14105263157894732,-0.19999999999999996,0.03816793893129766,,,,0.23604060913705588,-0.24861878453038666,0.37121212121212116,0.6358644980834975,42084890.4,70095051.1,0.6003974565901986,,0.04000071078055061,,True,-0.10626587637595253,-0.04212721584984358,False,3,2,部分收敛/待确认,-0.24861878453038666,0.17177914110429465,-0.07377979568671944,,,,-0.16221765913757702,3.94,3.94,0.035532994923857864,0.035532994923857864,False,0,,沪深主板10%,12,1.5503875968992276,2,0,0,1,0,0,3,False,近5日波动仍偏大,硬资格：最近25个交易日（含当日）至少一次按板块涨停价核验的实际涨停；通过后再按方向/非极端波动/不过热排序,668,False,,,424,1,未入选：未满足一级粗筛最低资格条件
600844,金煤科技,3.41,-0.02011494252873558,-0.10732984293193715,-0.07837837837837835,-0.03125,,,,0.14925373134328357,-0.20881670533642682,0.22443181818181807,0.6650292839599474,57828239.8,97859244.5,0.5909328249514536,,0.11098790499691592,,True,-0.06580366774541524,-0.0376301040832665,False,3,2,部分收敛/待确认,-0.20881670533642682,0.06250000000000008,-0.07311769502582233,,,,-0.11428571428571432,3.35,3.35,0.017910447761193993,0.017910447761193993,False,0,,沪深主板10%,25,6.406685236768794,0,0,1,1,1,0,3,False,20日方向仍偏弱,硬资格：最近25个交易日（含当日）至少一次按板块涨停价核验的实际涨停；通过后再按方向/非极端波动/不过热排序,668,False,,,424,1,未入选：未满足一级粗筛最低资格条件
600881,亚泰集团,1.75,0.0,-0.10256410256410253,-0.05405405405405406,-0.12060301507537685,,,,0.16071428571428573,-0.16666666666666674,0.16022099447513813,1.0030788177339902,115550288.6,140231109.6,0.823998960926713,,0.04338631150606378,,True,-0.08188331627430923,-0.026507276507276467,False,3,1,结构未成熟,-0.2914979757085021,0.08860759493670892,-0.08280922431865823,,,,-0.10256410256410253,1.68,1.68,0.04166666666666674,0.04166666666666674,False,0,,沪深主板10%,12,5.85106382978724,0,0,1,1,1,0,3,False,20日方向仍偏弱,硬资格：最近25个交易日（含当日）至少一次按板块涨停价核验的实际涨停；通过后再按方向/非极端波动/不过热排序,668,False,,,424,1,未入选：未满足一级粗筛最低资格条件
603171,税友股份,38.32,-0.009819121447028456,-0.04200000000000004,-0.13185319438151333,-0.11582833410244586,,,,0.052242744063324645,-0.18450734198765695,0.17739914808318732,0.2944926434417069,4398381.8,10611306.6,0.4144995489999318,,0.031454300778184056,,True,-0.044108161746465036,-0.04503953313252995,False,3,2,部分收敛/待确认,-0.21779955092876102,0.037871956717763895,-0.08358244649049396,,,,-0.03911735205616851,37.9,37.9,0.011081794195250794,0.011081794195250794,False,0,,沪深主板10%,12,1.124476987447709,0,0,1,1,0,1,3,False,20日方向仍偏弱,硬资格：最近25个交易日（含当日）至少一次按板块涨停价核验的实际涨停；通过后再按方向/非极端波动/不过热排序,668,False,,,424,1,未入选：未满足一级粗筛最低资格条件
603191,望变电气,13.21,-0.0045214770158250595,-0.08327550312283127,-0.14884020618556693,-0.10197144799456148,,,,0.08719135802469127,-0.1795031055900621,0.137809187279152,0.6326962646407082,9721613.4,19512892.2,0.49821488789857615,,0.06024526421191102,,True,-0.09304871373836887,-0.03645833333333315,False,3,2,部分收敛/待确认,-0.2220259128386337,0.06218905472636817,-0.09622686689699977,,,,-0.06245564229950318,12.96,12.96,0.019290123456790154,0.019290123456790154,False,0,,沪深主板10%,25,6.887052341597788,0,0,1,1,0,1,3,False,20日方向仍偏弱,硬资格：最近25个交易日（含当日）至少一次按板块涨停价核验的实际涨停；通过后再按方向/非极端波动/不过热排序,668,False,,,424,1,未入选：未满足一级粗筛最低资格条件
688435,英方软件,28.98,0.005551700208188848,-0.12235009085402793,-0.014285714285714235,-0.047337278106508895,,,,0.1713673687968583,-0.2663291139240507,0.369625520110957,0.46362428856485866,4420243.4,4416599.7,1.0008250011881312,,0.07476587031482239,,False,-0.09345508027944605,-0.007807678064436718,False,3,1,结构未成熟,-0.2663291139240507,0.0844212358572671,-0.06641109482467022,,,,-0.11673270344407194,28.01,28.01,0.03463048911103184,0.03463048911103184,False,0,,科创板20%,12,2.6854219948849067,0,0,1,1,1,0,3,False,20日方向仍偏弱,硬资格：最近25个交易日（含当日）至少一次按板块涨停价核验的实际涨停；通过后再按方向/非极端波动/不过热排序,668,False,,,424,1,未入选：未满足一级粗筛最低资格条件
688596,正帆科技,65.36,0.008019740900678585,0.0627642276422764,0.005538461538461492,-0.012688821752265933,,,,0.19547101449275348,-0.1247991430101768,0.2657627118644069,0.7355095570837021,17451731.6,20199137.0,0.8639840207034588,,0.07384233890937765,,True,0.017870634998850443,-0.008011084920685585,True,3,3,收敛较充分,-0.1524896265560166,0.4635036496350363,-0.0008025988916490201,,,,0.008019740900678585,55.2,55.2,0.18405797101449273,0.18405797101449273,False,0,,科创板20%,12,4.438466711499656,0,0,0,1,1,1,3,False,近5日波动仍偏大,硬资格：最近25个交易日（含当日）至少一次按板块涨停价核验的实际涨停；通过后再按方向/非极端波动/不过热排序,668,False,,,424,1,未入选：未满足一级粗筛最低资格条件
002828,贝肯能源,10.61,0.015311004784688942,-0.09702127659574478,-0.1260296540362439,-0.11950207468879681,,,,0.1609756097560976,-0.18945760122230715,0.11976047904191621,1.3441463414634145,10547906.0,17548580.9,0.6010688875702764,,0.0873117590338906,,True,-0.08243359040274201,-0.04469976517946994,False,3,1,结构未成熟,-0.18945760122230715,0.1267605633802815,-0.1045657861422905,,,,-0.10840336134453787,10.25,10.25,0.035121951219512226,0.035121951219512226,False,0,,沪深主板10%,25,3.5653650254668934,0,0,1,1,0,0,2,False,20日方向仍偏弱,硬资格：最近25个交易日（含当日）至少一次按板块涨停价核验的实际涨停；通过后再按方向/非极端波动/不过热排序,705,False,,,424,1,未入选：未满足一级粗筛最低资格条件
301158,德石股份,13.8,-0.0036101083032490378,-0.07008086253369261,-0.11311053984575836,-0.10737386804657179,,,,0.2148148148148147,-0.22428330522765594,0.20040485829959506,1.071904227459783,8488679.4,9880189.1,0.8591616328476953,,0.056186086140791694,,True,-0.061175847457627164,-0.038102084831056704,False,3,1,结构未成熟,-0.22428330522765594,0.06993006993007012,-0.07849487496243857,,,,-0.12157861234882239,13.5,13.5,0.022222222222222365,0.022222222222222365,False,0,,创业板20%,25,7.085561497326198,0,0,0,1,1,0,2,False,近5日波动仍偏大,硬资格：最近25个交易日（含当日）至少一次按板块涨停价核验的实际涨停；通过后再按方向/非极端波动/不过热排序,705,False,,,424,1,未入选：未满足一级粗筛最低资格条件
600396,华电辽能,13.11,-0.03247232472324735,-0.15473887814313347,-0.03389830508474578,-0.1063394683026585,,,,0.24513618677042806,-0.18062500000000004,0.2003000750187547,1.2238447077340098,168221796.2,136258523.8,1.2345781497450803,,0.09252250497323525,,False,-0.057088227260311264,-0.0068478644546416945,False,3,0,结构未成熟,-0.3059820010587613,0.043046357615893996,-0.06978394295242496,,,,-0.18062500000000004,12.85,12.85,0.020233463035019383,0.020233463035019383,False,0,,沪深主板10%,25,5.869872701555878,0,0,0,1,1,0,2,False,近5日波动仍偏大,硬资格：最近25个交易日（含当日）至少一次按板块涨停价核验的实际涨停；通过后再按方向/非极端波动/不过热排序,705,False,,,424,1,未入选：未满足一级粗筛最低资格条件
603778,国晟科技,8.88,-0.04207119741100307,-0.147792706333973,-0.1550903901046622,-0.0502673796791443,,,,0.1715575620767496,-0.222416812609457,0.21748400852878455,0.7888283981764275,45490980.0,76404281.7,0.5953983073699912,,0.12971135617294843,,True,-0.08378799688230709,-0.03589347742184479,False,3,2,部分收敛/待确认,-0.222416812609457,0.007812500000000526,-0.1028037383177568,,,,-0.1445086705202312,8.86,8.86,0.0022573363431153126,0.0022573363431153126,False,0,,沪深主板10%,13,2.0134228187919545,0,0,1,1,0,0,2,False,20日方向仍偏弱,硬资格：最近25个交易日（含当日）至少一次按板块涨停价核验的实际涨停；通过后再按方向/非极端波动/不过热排序,705,False,,,424,1,未入选：未满足一级粗筛最低资格条件
000721,西安饮食,6.08,0.020134228187919545,-0.18169582772543735,-0.14124293785310738,-0.07458143074581436,,,,0.2781569965870307,-0.2134540750323416,0.1317715959004393,2.1109025407660207,28674541.0,41410596.6,0.6924445275922443,,0.07980790430114935,,True,-0.12696226934728716,-0.053214774281805544,False,3,1,结构未成熟,-0.2134540750323416,0.11764705882352927,-0.12132379507189839,,,,-0.18825100133511352,5.86,5.86,0.03754266211604085,0.03754266211604085,False,0,,沪深主板10%,12,2.0134228187919545,0,0,0,1,0,0,1,False,近5日波动仍偏大,硬资格：最近25个交易日（含当日）至少一次按板块涨停价核验的实际涨停；通过后再按方向/非极端波动/不过热排序,721,False,,,424,1,未入选：未满足一级粗筛最低资格条件
002059,云南旅游,4.47,0.009029345372460584,-0.2916006339144216,-0.22664359861591699,-0.0044543429844099425,,,,0.4174311926605503,-0.3268072289156626,0.44978165938864617,0.9280751759152043,114088610.0,109401935.1,1.0428390493798496,,0.07630323108472173,,False,-0.17352841102415795,-0.04040049183207439,False,3,1,结构未成熟,-0.3268072289156626,0.04824561403508748,-0.12780487804878038,,,,-0.2766990291262136,4.36,4.36,0.025229357798165042,0.025229357798165042,False,0,,沪深主板10%,13,4.991680532445919,0,0,0,1,0,0,1,False,近5日波动仍偏大,硬资格：最近25个交易日（含当日）至少一次按板块涨停价核验的实际涨停；通过后再按方向/非极端波动/不过热排序,721,False,,,424,1,未入选：未满足一级粗筛最低资格条件
