股票代码,股票名称,最新收盘,ret1,ret5,ret10,ret20,ret40,ret60,ret120,amp5,距20日高点,前10日区间振幅,振幅收敛比,近5日平均成交量,前10日平均成交量,成交量收敛比,近5日平均换手率,前10日平均换手率,换手率收敛比,流动性收敛证据,MA5_3日斜率,MA10_3日斜率,短期下行停止证据,整理证据可用项,整理收敛支持项,整理成熟度状态,距250日高点,250日位置,MA20距离,MA30_5日斜率,MA60_10日斜率,MA120_20日斜率,距稳健5日上沿,近5日低点,近10日低点,距近5日低点,距近10日低点,基础整理条件,振幅收敛,成交量收敛,换手率收敛,流动性收敛,短期下行停止,整理成熟,中期趋势仍活,均线趋势辅助,稳健上沿核心区,稳健上沿宽区,适度重新加速,整理成熟贡献,振幅收敛贡献,流动性收敛贡献,短期止跌贡献,40日趋势贡献,均线趋势辅助贡献,稳健上沿贡献,重新加速辅助贡献,阶段2分,阶段2通过,阶段2风险提示,阶段2规则说明,阶段排名,本阶段入选,阶段软容量下限,阶段软容量上限,实际入选数,边界分数,决策说明
002107,沃华医药,7.36,0.025069637883008422,0.04101838755304099,0.1499999999999999,0.18327974276527348,0.07759882869692536,0.24114671163575063,,0.1073025335320417,-0.009421265141318913,0.22222222222222218,0.4828614008941877,31331786.0,23640278.3,1.3253560555587875,0.03916177925830353,0.041372816966217016,0.9465582024613188,True,0.0068846815834768815,0.03793716656787205,True,3,3,收敛较充分,-0.11538461538461542,0.6745762711864407,0.10510510510510529,0.03057860029780879,0.028537651554724874,,0.008219178082191858,6.71,6.35,0.09687034277198214,0.15905511811023643,True,True,False,True,True,True,True,True,True,True,True,True,3,1,1,1,3,1,4,1,15,True,,核心：振幅、流动性（成交量/换手合并）与短期止跌三类证据中至少两类支持+40日趋势仍活；缺失量价/换手必须明示；2%-6%单日加速仅为中等证据,1,True,30,50,34,13,入选：阶段2分=15；软容量30-50只，本次实际34只
002491,通鼎互联,22.22,0.03589743589743577,0.03541472506989729,-0.011565836298932486,0.17940552016985123,0.09081983308787422,-0.14865900383141772,,0.11732673267326738,-0.08181818181818179,0.4086146682188591,0.28713294406363726,154000619.2,250133855.9,0.6156728310363843,0.11203090903455347,0.21261410141132203,0.5269213485413139,True,-0.0005645996047802804,0.0003689526357053552,True,3,3,收敛较充分,-0.4404432132963989,0.424102732960158,0.06328508194760118,0.0491168774531181,-0.02400782831489534,,0.010459299681673473,20.2,20.2,0.10000000000000009,0.10000000000000009,True,True,True,True,True,True,True,True,True,True,True,True,3,1,1,1,3,1,4,1,15,True,,核心：振幅、流动性（成交量/换手合并）与短期止跌三类证据中至少两类支持+40日趋势仍活；缺失量价/换手必须明示；2%-6%单日加速仅为中等证据,1,True,30,50,34,13,入选：阶段2分=15；软容量30-50只，本次实际34只
603268,松发股份,197.7,0.02754677754677748,0.07709071097793507,0.05552589428723964,0.15641085634066432,0.23208276205907996,0.31135579729371177,,0.08740458015267176,-0.008674722960437364,0.13142857142857142,0.6650348489877199,4873832.2,6279717.8,0.7761228060280034,0.0219446998120652,0.026922715540942423,0.8150997910553651,True,0.023803475794331064,0.012946155279337956,True,3,3,收敛较充分,-0.008674722960437364,0.9808649485676362,0.06248908355614069,0.041515338845529826,0.045795473214624405,,0.00867346938775504,183.4,181.0,0.07797164667393663,0.0922651933701657,True,True,True,True,True,True,True,True,True,True,True,True,3,1,1,1,3,1,4,1,15,True,,核心：振幅、流动性（成交量/换手合并）与短期止跌三类证据中至少两类支持+40日趋势仍活；缺失量价/换手必须明示；2%-6%单日加速仅为中等证据,1,True,30,50,34,13,入选：阶段2分=15；软容量30-50只，本次实际34只
000520,凤凰航运,4.53,0.024886877828054432,0.0811455847255369,0.0837320574162681,0.13819095477386933,0.1212871287128714,-0.01091703056768556,,0.10551558752997611,-0.02580645161290329,0.1259079903147701,0.8380372624976941,89437182.4,38043554.1,2.3509155365691767,0.10365030948295988,0.03758934494191485,2.757438567847514,False,0.03445065176908724,0.01571663148017821,True,3,2,部分收敛/待确认,-0.09399999999999997,0.7251461988304095,0.0682702511496287,0.02608190049007386,-0.0009374363154674992,,-0.017353579175705014,4.17,4.13,0.08633093525179869,0.09685230024213087,True,True,False,False,False,True,True,True,True,True,True,True,3,1,0,1,3,1,4,1,14,True,,核心：振幅、流动性（成交量/换手合并）与短期止跌三类证据中至少两类支持+40日趋势仍活；缺失量价/换手必须明示；2%-6%单日加速仅为中等证据,4,True,30,50,34,13,入选：阶段2分=14；软容量30-50只，本次实际34只
002265,建设工业,21.67,0.02750118539592239,0.010727611940298587,0.17899891186071826,0.08949220713926609,0.30699638118214745,0.11242299794661204,,0.0821984435797666,-0.026067415730336996,0.2011204481792717,0.40870256765984236,34104613.0,12247494.2,2.7846196489727673,0.0353079341519568,0.011855774582494089,2.9781212443168013,False,0.03467474116038294,0.04581488726449101,True,3,2,部分收敛/待确认,-0.2036016170525542,0.5114638447971783,0.10095005842605298,0.021439883055183184,0.003851899850604079,,-0.012756264236901904,20.56,18.3,0.05398832684824928,0.18415300546448088,True,True,False,False,False,True,True,True,True,True,True,True,3,1,0,1,3,1,4,1,14,True,,核心：振幅、流动性（成交量/换手合并）与短期止跌三类证据中至少两类支持+40日趋势仍活；缺失量价/换手必须明示；2%-6%单日加速仅为中等证据,4,True,30,50,34,13,入选：阶段2分=14；软容量30-50只，本次实际34只
002476,新叶股份,5.23,-0.018761726078799223,0.023483365949119372,0.03359683794466428,0.1469298245614037,0.18058690744921013,-0.036832412523020164,,0.0533596837944665,-0.018761726078799223,0.07692307692307696,0.6936758893280642,9207156.0,9409305.6,0.9785159916583005,0.014810827886710167,0.015374682352941132,0.9633257810934155,True,0.02114330462020364,0.011776251226692791,True,3,3,收敛较充分,-0.1631999999999999,0.5446428571428574,0.04007159192602194,0.0344705046197582,-0.002485994397759206,,-0.016917293233082664,5.06,4.99,0.03359683794466428,0.04809619238476959,True,True,True,True,True,True,True,True,True,True,True,False,3,1,1,1,3,1,4,0,14,True,,核心：振幅、流动性（成交量/换手合并）与短期止跌三类证据中至少两类支持+40日趋势仍活；缺失量价/换手必须明示；2%-6%单日加速仅为中等证据,4,True,30,50,34,13,入选：阶段2分=14；软容量30-50只，本次实际34只
002724,海洋王,7.15,-0.013793103448275779,0.011315417256011262,0.07035928143712589,0.2767857142857144,0.438631790744467,0.3516068052930057,,0.09467455621301783,-0.041554959785522705,0.3143872113676733,0.3011399725871696,18329253.2,35199793.0,0.5207204826460201,0.032262136704766034,0.06213793835265589,0.5192019168976354,True,0.004016064257028162,0.02165642376353505,True,3,3,收敛较充分,-0.09722222222222221,0.7638036809815952,0.06660699634519296,0.05394795872588598,0.05246681692962718,,-0.0055632823365785455,6.76,6.63,0.05769230769230771,0.07843137254901977,True,True,True,True,True,True,True,True,True,True,True,False,3,1,1,1,3,1,4,0,14,True,,核心：振幅、流动性（成交量/换手合并）与短期止跌三类证据中至少两类支持+40日趋势仍活；缺失量价/换手必须明示；2%-6%单日加速仅为中等证据,4,True,30,50,34,13,入选：阶段2分=14；软容量30-50只，本次实际34只
002734,利民股份,17.41,-0.014156285390713452,0.05069402534701273,0.11602564102564106,0.1025965801139963,0.09981048641819323,0.06223306894447833,,0.09268292682926849,-0.028459821428571508,0.18898186889818694,0.4904329043290442,18484357.2,17104820.4,1.0806519313117138,0.0338860407705926,0.039342830833655903,0.8613015396341211,True,0.029008184882041377,0.04276377217553673,True,3,3,收敛较充分,-0.13167082294264343,0.6838323353293413,0.09524408656265715,0.04446179587283883,0.007273580478648345,,0.012209302325581373,16.4,15.38,0.0615853658536587,0.13198959687906364,True,True,False,True,True,True,True,True,True,True,True,False,3,1,1,1,3,1,4,0,14,True,,核心：振幅、流动性（成交量/换手合并）与短期止跌三类证据中至少两类支持+40日趋势仍活；缺失量价/换手必须明示；2%-6%单日加速仅为中等证据,4,True,30,50,34,13,入选：阶段2分=14；软容量30-50只，本次实际34只
002902,铭普光磁,26.92,0.0003716090672611916,0.03379416282642089,0.10873146622734753,0.0691024622716443,0.0598425196850394,-0.2600329851566795,,0.12888707037643202,-0.04301457518663343,0.20626072041166374,0.6248745283115168,15008170.8,15788956.4,0.9505486252403611,0.0679509403487842,0.08467251979969027,0.8025146825621311,True,0.008596868283696768,0.03219378784918936,True,3,3,收敛较充分,-0.3743899604926795,0.34352078239608813,0.048429497789807874,0.030678490524338242,-0.04220443586077116,,-0.009565857247976428,24.44,24.32,0.1014729950900164,0.10690789473684226,True,True,True,True,True,True,True,True,True,True,True,False,3,1,1,1,3,1,4,0,14,True,,核心：振幅、流动性（成交量/换手合并）与短期止跌三类证据中至少两类支持+40日趋势仍活；缺失量价/换手必须明示；2%-6%单日加速仅为中等证据,4,True,30,50,34,13,入选：阶段2分=14；软容量30-50只，本次实际34只
300839,博汇股份,13.56,0.005189028910304039,0.08047808764940245,0.061863743148003136,0.2417582417582418,0.21071428571428585,-0.09840425531914887,,0.12733171127331713,-0.04507042253521121,0.3759689922480619,0.3386760980259364,17961950.6,22386460.9,0.802357759014959,0.06430171895212783,0.0790534302680432,0.8133956835788484,True,0.03159383841559271,0.002945964803473089,True,3,3,收敛较充分,-0.34619093539054957,0.3712784588441332,0.10490935017315128,0.04441341611954486,-0.027724201090651657,,0.005189028910304039,12.33,12.33,0.0997566909975669,0.0997566909975669,True,True,True,True,True,True,True,True,True,True,True,False,3,1,1,1,3,1,4,0,14,True,,核心：振幅、流动性（成交量/换手合并）与短期止跌三类证据中至少两类支持+40日趋势仍活；缺失量价/换手必须明示；2%-6%单日加速仅为中等证据,4,True,30,50,34,13,入选：阶段2分=14；软容量30-50只，本次实际34只
600165,宁科生物,3.25,-0.026946107784431073,0.028481012658227778,-0.04692082111436957,0.3319672131147542,0.2126865671641791,0.14035087719298245,,0.07717041800643094,-0.09722222222222221,0.2244897959183674,0.34375913475591957,17062686.4,29738261.3,0.5737620712882766,0.016639158969441032,0.04057539583592355,0.4100800158974543,True,0.010705289672543916,-0.008062015503875863,True,3,3,收敛较充分,-0.1645244215938304,0.632183908045977,0.060704960835509025,0.05669271802505893,0.021763743867152963,,0.0,3.11,3.09,0.045016077170418,0.05177993527508096,True,True,True,True,True,True,True,True,True,True,True,False,3,1,1,1,3,1,4,0,14,True,,核心：振幅、流动性（成交量/换手合并）与短期止跌三类证据中至少两类支持+40日趋势仍活；缺失量价/换手必须明示；2%-6%单日加速仅为中等证据,4,True,30,50,34,13,入选：阶段2分=14；软容量30-50只，本次实际34只
600198,大唐电信,7.95,0.03515625,0.02580645161290329,-0.0074906367041197575,0.09806629834254132,0.08606557377049184,-0.17445482866043616,,0.10280373831775695,-0.03985507246376807,0.1342465753424657,0.765782948693496,20288728.0,31986725.7,0.6342858656520758,0.015583341183866362,0.02456832483228359,0.6342858656520748,True,-0.013878180416345143,-0.006637732958897247,False,3,2,部分收敛/待确认,-0.25631431244153413,0.3507109004739338,0.02746365105008075,0.018636895651390928,-0.028790747448139586,,0.008883248730964466,7.49,7.49,0.06141522029372504,0.06141522029372504,True,True,True,True,True,False,True,True,True,True,True,True,3,1,1,0,3,1,4,1,14,True,,核心：振幅、流动性（成交量/换手合并）与短期止跌三类证据中至少两类支持+40日趋势仍活；缺失量价/换手必须明示；2%-6%单日加速仅为中等证据,4,True,30,50,34,13,入选：阶段2分=14；软容量30-50只，本次实际34只
600368,五洲交通,4.41,0.009153318077803174,0.011467889908256756,0.030373831775700966,0.0970149253731345,0.15143603133159278,0.22841225626740957,,0.04205607476635507,-0.011210762331838486,0.12755102040816327,0.32971962616822376,36245617.2,37934412.7,0.9554811744851397,0.021205629705431134,0.02356681376649112,0.8998089396192677,True,0.0013793103448276334,0.01538820237817684,True,3,3,收敛较充分,-0.011210762331838486,0.9583333333333335,0.05275722129386495,0.023331119229491826,0.02926242650988775,,0.002272727272727204,4.28,4.23,0.030373831775700966,0.04255319148936154,True,True,True,True,True,True,True,True,True,True,True,False,3,1,1,1,3,1,4,0,14,True,,核心：振幅、流动性（成交量/换手合并）与短期止跌三类证据中至少两类支持+40日趋势仍活；缺失量价/换手必须明示；2%-6%单日加速仅为中等证据,4,True,30,50,34,13,入选：阶段2分=14；软容量30-50只，本次实际34只
603011,合锻智能,26.45,0.007619047619047636,0.029182879377431803,0.15754923413566724,0.05757696921231492,0.19629127091813658,-0.23554913294797697,,0.1328613077884214,-0.04339963833634719,0.27890841813135975,0.4763617702132125,49003758.8,50026045.4,0.9795649128004029,0.1018386450016493,0.10118241227652494,1.0064856402447782,True,0.005869463139771325,0.04294725001004385,True,3,3,收敛较充分,-0.36111111111111116,0.4017607042817127,0.060014026650636376,0.057583009273108,-0.03864793060401395,,-0.00638617580766343,24.01,21.99,0.1016243231986671,0.20281946339245116,True,True,True,False,True,True,True,True,True,True,True,False,3,1,1,1,3,1,4,0,14,True,,核心：振幅、流动性（成交量/换手合并）与短期止跌三类证据中至少两类支持+40日趋势仍活；缺失量价/换手必须明示；2%-6%单日加速仅为中等证据,4,True,30,50,34,13,入选：阶段2分=14；软容量30-50只，本次实际34只
603082,北自科技,47.52,-0.01635272200372595,0.06024096385542177,0.1373863092388703,0.15116279069767447,0.3604351560263386,0.3561643835616439,,0.1342390052958784,-0.0353227771010961,0.22513632822643476,0.5962565275598934,5863332.8,6122637.3,0.9576482343646259,0.14464407618267994,0.15096413433965608,0.95813536649204,True,0.03441051927791405,0.03594007696536572,True,3,3,收敛较充分,-0.061426031996839825,0.8621453900709221,0.09510750581891103,0.04353855149945707,0.0466303563225936,,0.0072064434082239615,43.43,40.03,0.09417453373244311,0.18710966774918814,True,True,True,True,True,True,True,True,True,True,True,False,3,1,1,1,3,1,4,0,14,True,,核心：振幅、流动性（成交量/换手合并）与短期止跌三类证据中至少两类支持+40日趋势仍活；缺失量价/换手必须明示；2%-6%单日加速仅为中等证据,4,True,30,50,34,13,入选：阶段2分=14；软容量30-50只，本次实际34只
603118,共进股份,17.85,-0.010532150776053073,0.013053348467650494,-0.001677852348993203,0.23018607856650597,0.38694638694638717,0.38372093023255816,,0.15160891089108908,-0.1326530612244896,0.21349772874756645,0.7101195491889615,81657547.2,121879116.7,0.6699880128028529,0.08099875322992127,0.1548110876575666,0.5232102845830136,True,-0.003996346197761902,0.02095929060862578,True,3,3,收敛较充分,-0.1326530612244896,0.723684210526316,0.016514806378132185,0.00960146774029158,0.05958090803259597,,-0.015986769570010995,16.16,16.16,0.10457920792079212,0.10457920792079212,True,True,True,True,True,True,True,True,True,True,True,False,3,1,1,1,3,1,4,0,14,True,,核心：振幅、流动性（成交量/换手合并）与短期止跌三类证据中至少两类支持+40日趋势仍活；缺失量价/换手必须明示；2%-6%单日加速仅为中等证据,4,True,30,50,34,13,入选：阶段2分=14；软容量30-50只，本次实际34只
603797,联泰环保,4.98,0.014256619144602967,0.020491803278688714,0.05957446808510647,0.026804123711340333,0.2450000000000001,0.205811138014528,,0.06092436974789917,-0.013861386138613763,0.07343412526997838,0.8296465645081567,9300844.8,9891088.1,0.9403257463655592,0.01613035220858828,0.017154004631834786,0.9403257463655577,True,0.002479338842975354,0.010436234606553851,True,3,3,收敛较充分,-0.03675048355899413,0.87741935483871,0.03512783205154868,0.03909111293818679,0.025697651074081396,,0.00809716599190291,4.76,4.63,0.04621848739495804,0.07559395248380141,True,True,True,True,True,True,True,True,True,True,True,False,3,1,1,1,3,1,4,0,14,True,,核心：振幅、流动性（成交量/换手合并）与短期止跌三类证据中至少两类支持+40日趋势仍活；缺失量价/换手必须明示；2%-6%单日加速仅为中等证据,4,True,30,50,34,13,入选：阶段2分=14；软容量30-50只，本次实际34只
603848,好太太,13.85,-0.009298998569384875,-0.002161383285302687,0.011687363038714427,0.029739776951672958,0.033582089552238736,-0.007168458781361964,,0.03999999999999994,-0.05525238744884042,0.15220820189274445,0.26279792746113956,2220340.0,4854596.0,0.4573686461242089,0.0060991392192789665,0.012063910168690049,0.5055690181702702,True,-0.0021717098595626094,0.013860369609856038,True,3,3,收敛较充分,-0.23012784880489157,0.287435456110155,0.012389898030042756,0.013967177133735742,-0.0018148375229920521,,-0.010007147962830643,13.5,13.5,0.025925925925925908,0.025925925925925908,True,True,True,True,True,True,True,True,True,True,True,False,3,1,1,1,3,1,4,0,14,True,,核心：振幅、流动性（成交量/换手合并）与短期止跌三类证据中至少两类支持+40日趋势仍活；缺失量价/换手必须明示；2%-6%单日加速仅为中等证据,4,True,30,50,34,13,入选：阶段2分=14；软容量30-50只，本次实际34只
603955,大千生态,22.4,0.009009009009008917,0.07899807321772623,0.057102406795658256,0.041860465116279055,0.23280132085855776,-0.07514450867052025,,0.08381502890173402,-0.004444444444444473,0.20687772925764186,0.4051428309973002,2714090.0,3390129.6,0.8005859127037503,0.022066263876608667,0.0249788505747126,0.8833978893707584,True,0.045620789220404356,0.0287889138284374,True,3,3,收敛较充分,-0.20426287744227356,0.5064377682403433,0.09925162556741496,0.030243638698340902,-0.022079783815848075,,0.020501138952163878,20.76,19.55,0.07899807321772623,0.1457800511508951,True,True,True,True,True,True,True,True,True,True,True,False,3,1,1,1,3,1,4,0,14,True,,核心：振幅、流动性（成交量/换手合并）与短期止跌三类证据中至少两类支持+40日趋势仍活；缺失量价/换手必须明示；2%-6%单日加速仅为中等证据,4,True,30,50,34,13,入选：阶段2分=14；软容量30-50只，本次实际34只
605006,山东玻纤,16.34,0.05897602073882058,0.023809523809523725,0.19270072992700737,0.09297658862876257,0.0309148264984227,-0.3185988323603003,,0.1326460481099656,-0.015662650602409678,0.2192513368983958,0.6049953901600869,65972563.6,34174005.8,1.9304896237829985,0.10429136220531972,0.05228570627209147,1.9946438451571094,False,0.022406748385396025,0.04185412406271305,True,3,2,部分收敛/待确认,-0.3805913570887035,0.45315904139433555,0.09996634129922577,0.027169294684165735,-0.04669364127706088,,0.023809523809523725,14.55,13.73,0.12302405498281788,0.1900946831755279,True,True,False,False,False,True,True,True,True,True,True,True,3,1,0,1,3,1,4,1,14,True,,核心：振幅、流动性（成交量/换手合并）与短期止跌三类证据中至少两类支持+40日趋势仍活；缺失量价/换手必须明示；2%-6%单日加速仅为中等证据,4,True,30,50,34,13,入选：阶段2分=14；软容量30-50只，本次实际34只
605167,利柏特,16.49,0.0006067961165048263,0.07496740547587999,0.13645761543762913,0.09786950732356847,0.11193526635198903,0.22967934377330335,,0.07870967741935476,-0.013755980861244077,0.12144886363636358,0.6480890398038103,11023552.4,11498568.8,0.9586890848537603,0.029444019223608568,0.02255029918224747,1.3057041498938569,True,0.0657295327346088,0.036146984422846584,True,3,3,收敛较充分,-0.18325903912828145,0.5487804878048778,0.09165535732018126,0.04042346182357304,0.014956273828783617,,-0.006027727546714989,15.5,14.16,0.06387096774193535,0.16454802259887003,True,True,True,False,True,True,True,True,True,True,True,False,3,1,1,1,3,1,4,0,14,True,,核心：振幅、流动性（成交量/换手合并）与短期止跌三类证据中至少两类支持+40日趋势仍活；缺失量价/换手必须明示；2%-6%单日加速仅为中等证据,4,True,30,50,34,13,入选：阶段2分=14；软容量30-50只，本次实际34只
000721,西安饮食,7.57,-0.015604681404421394,0.03698630136986303,0.0860832137733143,0.11487481590574378,0.3165217391304349,0.2471169686985173,,0.12028985507246377,-0.02069857697283317,0.19527559055118116,0.6160004675081813,44906003.8,27888018.0,1.6102257177257988,0.08776777324705116,0.05443048098097399,1.612474695524556,False,0.02936288088642658,0.039862837548221286,True,3,2,部分收敛/待确认,-0.09665871121718383,0.7335526315789472,0.09109253387143257,0.038566656544184896,0.030288973176521905,,-0.003947368421052588,6.9,6.75,0.09710144927536235,0.12148148148148152,True,True,False,False,False,True,True,True,True,True,True,False,3,1,0,1,3,1,4,0,13,True,,核心：振幅、流动性（成交量/换手合并）与短期止跌三类证据中至少两类支持+40日趋势仍活；缺失量价/换手必须明示；2%-6%单日加速仅为中等证据,22,True,30,50,34,13,入选：阶段2分=13；软容量30-50只，本次实际34只
000723,美锦能源,3.89,0.002577319587628857,0.013020833333333481,0.002577319587628857,0.07458563535911611,0.12753623188405805,-0.012690355329949221,,0.06249999999999999,-0.05811138014527839,0.1936416184971098,0.3227611940298507,88983621.8,167990624.9,0.5296939746070317,0.0188201150252508,0.03822159187588687,0.4923948507001871,True,-0.011935651271406389,-0.003611971104231282,False,3,2,部分收敛/待确认,-0.29014598540145986,0.3056768558951965,0.0288283522877546,0.011691136487221199,-0.01262695580565465,,-0.002564102564102555,3.68,3.68,0.057065217391304435,0.057065217391304435,True,True,True,True,True,False,True,True,True,True,True,False,3,1,1,0,3,1,4,0,13,True,,核心：振幅、流动性（成交量/换手合并）与短期止跌三类证据中至少两类支持+40日趋势仍活；缺失量价/换手必须明示；2%-6%单日加速仅为中等证据,22,True,30,50,34,13,入选：阶段2分=13；软容量30-50只，本次实际34只
002012,凯恩股份,7.36,-0.006747638326585648,0.0013605442176871652,0.06204906204906213,0.13230769230769246,0.2517006802721089,0.03370786516853941,,0.06276747503566339,-0.012080536912751683,0.14953271028037382,0.419757489300999,11504063.4,11392035.7,1.009833861387917,0.0269751595580682,0.02436145255304416,1.1072886355742952,False,0.0022117777163395136,0.02176986146451787,True,3,2,部分收敛/待确认,-0.2373056994818653,0.5158562367864694,0.0602895627746165,0.043153913899393936,-0.0017866390471258375,,-0.008086253369272156,7.01,6.85,0.049928673323823114,0.07445255474452561,True,True,False,False,False,True,True,True,True,True,True,False,3,1,0,1,3,1,4,0,13,True,,核心：振幅、流动性（成交量/换手合并）与短期止跌三类证据中至少两类支持+40日趋势仍活；缺失量价/换手必须明示；2%-6%单日加速仅为中等证据,22,True,30,50,34,13,入选：阶段2分=13；软容量30-50只，本次实际34只
002155,湖南黄金,28.45,0.10015467904098996,0.08546356352537199,0.15838762214983726,0.1527552674230146,0.24181580096027933,0.21633176571184265,,0.11132812499999992,-0.03689911983750849,0.22318840579710147,0.49880783279220736,86837713.2,69395728.3,1.251340901339024,0.05049604353315101,0.0444132968957443,1.1369577820733583,False,0.002905893748602839,0.021145640599629756,True,3,2,部分收敛/待确认,-0.18760708166761864,0.5499999999999998,0.08573282195126586,0.03546791260134685,0.019511757438555488,,0.02044476327116218,25.6,24.99,0.111328125,0.13845538215286113,True,True,False,False,False,True,True,True,True,True,True,False,3,1,0,1,3,1,4,0,13,True,,核心：振幅、流动性（成交量/换手合并）与短期止跌三类证据中至少两类支持+40日趋势仍活；缺失量价/换手必须明示；2%-6%单日加速仅为中等证据,22,True,30,50,34,13,入选：阶段2分=13；软容量30-50只，本次实际34只
002277,友阿股份,6.12,-0.004878048780487809,-0.004878048780487809,-0.048211508553654636,0.04081632653061229,0.0662020905923344,-0.057010785824345156,,0.03872053872053864,-0.08792846497764528,0.20900900900900904,0.18525774991292193,22627001.2,37313374.9,0.6064045737122535,0.015793977140662368,0.02676380926381574,0.5901244096077005,True,-0.008474576271186418,-0.01760507533703415,False,3,2,部分收敛/待确认,-0.19047619047619047,0.4586466165413534,0.005173688100517326,0.020094495360619247,-0.009811066883444575,,-0.008103727714748765,5.94,5.94,0.030303030303030276,0.030303030303030276,True,True,True,True,True,False,True,True,True,True,True,False,3,1,1,0,3,1,4,0,13,True,,核心：振幅、流动性（成交量/换手合并）与短期止跌三类证据中至少两类支持+40日趋势仍活；缺失量价/换手必须明示；2%-6%单日加速仅为中等证据,22,True,30,50,34,13,入选：阶段2分=13；软容量30-50只，本次实际34只
002973,侨银股份,12.74,0.02659145850120881,-0.00312989045383405,0.06610878661087871,0.02824858757062154,0.2333010648596321,0.03577235772357712,,0.08210180623973727,-0.03338391502276172,0.24378585086042054,0.3367783895167264,5664300.0,9174452.9,0.6173992129819533,0.01741742921187743,0.02888198961509821,0.6030550333960504,True,-0.00551007556675065,0.0175098846122812,True,3,3,收敛较充分,-0.1059649122807017,0.7289048473967684,0.05424303860316915,0.053717376112782045,-0.0010219802010402734,,-0.020753266717909225,12.18,11.81,0.04597701149425282,0.07874682472480954,True,True,True,True,True,True,True,True,True,False,True,True,3,1,1,1,3,1,2,1,13,True,,核心：振幅、流动性（成交量/换手合并）与短期止跌三类证据中至少两类支持+40日趋势仍活；缺失量价/换手必须明示；2%-6%单日加速仅为中等证据,22,True,30,50,34,13,入选：阶段2分=13；软容量30-50只，本次实际34只
600475,华光环能,15.43,-0.017823042647994947,0.023888520238885214,0.01379763469119566,0.03418230563002678,0.1610233258088789,-0.030778894472361817,,0.09275558564658097,-0.04399008674101612,0.08605135322692575,1.0779096686832514,10731612.0,9126793.7,1.1758359345845628,0.009678769179179368,0.00967963923865895,0.9999101144724374,True,0.01860712387028185,0.011008687578751841,True,3,2,部分收敛/待确认,-0.2250125565042692,0.41893644617380027,0.024126373079348173,0.026758357731327287,0.005317673171182591,,-0.008991650610147728,14.77,14.66,0.04468517264725791,0.05252387448840379,True,False,False,True,True,True,True,True,True,True,True,False,3,0,1,1,3,1,4,0,13,True,,核心：振幅、流动性（成交量/换手合并）与短期止跌三类证据中至少两类支持+40日趋势仍活；缺失量价/换手必须明示；2%-6%单日加速仅为中等证据,22,True,30,50,34,13,入选：阶段2分=13；软容量30-50只，本次实际34只
600508,上海能源,11.62,0.011314186248912117,0.03750000000000009,0.014847161572052459,0.33409873708381155,0.362250879249707,0.30415263748597066,,0.1222014925373133,-0.10477657935285067,0.504055619930475,0.24243652427517562,52733339.2,67795323.4,0.7778315163255051,0.05211807490216491,0.06700432395484819,0.7778315163255048,True,-0.013082155939298845,0.020104047262146096,False,3,2,部分收敛/待确认,-0.10477657935285067,0.7605633802816899,0.11190852112339122,0.05089447665113633,0.041353383458646364,,-0.005136986301369939,10.72,10.72,0.08395522388059695,0.08395522388059695,True,True,True,True,True,False,True,True,True,True,True,False,3,1,1,0,3,1,4,0,13,True,,核心：振幅、流动性（成交量/换手合并）与短期止跌三类证据中至少两类支持+40日趋势仍活；缺失量价/换手必须明示；2%-6%单日加速仅为中等证据,22,True,30,50,34,13,入选：阶段2分=13；软容量30-50只，本次实际34只
600617,国新能源,3.55,0.008522727272727293,0.026011560693641522,0.0471976401179941,0.0028248587570620654,0.23263888888888884,0.1716171617161717,,0.09118541033434645,-0.011142061281337101,0.09567901234567888,0.9530346112363964,34430955.6,27996193.1,1.2298441962096625,0.015726497503922666,0.01576768233928952,0.997388022254594,True,0.0011716461628588082,0.010303208713570822,True,3,3,收敛较充分,-0.2316017316017317,0.48803827751196166,0.03953147877013152,-0.0018516713770586612,0.00940388906598666,,0.0028248587570620654,3.29,3.29,0.07902735562310026,0.07902735562310026,True,True,False,True,True,True,True,True,False,True,True,False,3,1,1,1,3,0,4,0,13,True,,核心：振幅、流动性（成交量/换手合并）与短期止跌三类证据中至少两类支持+40日趋势仍活；缺失量价/换手必须明示；2%-6%单日加速仅为中等证据,22,True,30,50,34,13,入选：阶段2分=13；软容量30-50只，本次实际34只
603009,北特科技,48.0,-0.013563501849568338,0.039185970989391805,0.07526881720430101,0.03649319801338802,0.04849279161205766,0.10420979986197376,,0.1342099297211517,-0.04057565460723567,0.13824015097900447,0.9708462322320173,8317066.8,7010100.2,1.186440501948888,0.023432331577070132,0.02023760484990006,1.1578609104617363,False,0.020106139707468662,0.02375043538836641,True,3,2,部分收敛/待确认,-0.20582395764394434,0.5110062893081762,0.03119360659963899,0.03161540122790241,0.001965063050451521,,-0.017199017199017286,44.11,44.11,0.08818861936068911,0.08818861936068911,True,True,False,False,False,True,True,True,True,True,True,False,3,1,0,1,3,1,4,0,13,True,,核心：振幅、流动性（成交量/换手合并）与短期止跌三类证据中至少两类支持+40日趋势仍活；缺失量价/换手必须明示；2%-6%单日加速仅为中等证据,22,True,30,50,34,13,入选：阶段2分=13；软容量30-50只，本次实际34只
603261,立航科技,57.6,0.035226455787203514,0.022182786157941337,0.07885371792470508,0.10450623202301057,0.09235729186421393,0.5567567567567568,,0.1168592918730509,-0.1083591331269349,0.35600335852225007,0.3282533410868011,2260420.0,2566970.0,0.8805790484501183,0.033511806929534566,0.0331200473693175,1.0118284722195172,True,0.0016474464579900872,0.029496130324186964,True,3,3,收敛较充分,-0.1083591331269349,0.803646563814867,0.05153622870912966,0.04154960621632098,0.08166399477917907,,-0.028012149848126833,54.51,53.73,0.05668684645019262,0.07202680067001688,True,True,True,False,True,True,True,True,True,False,True,True,3,1,1,1,3,1,2,1,13,True,,核心：振幅、流动性（成交量/换手合并）与短期止跌三类证据中至少两类支持+40日趋势仍活；缺失量价/换手必须明示；2%-6%单日加速仅为中等证据,22,True,30,50,34,13,入选：阶段2分=13；软容量30-50只，本次实际34只
603936,博敏电子,18.16,0.03475783475783478,0.07012374779021813,0.07138643067846617,0.16261203585147244,0.09265944645006008,-0.28419392983839187,,0.16993051168667084,-0.06871794871794867,0.19256965944272467,0.882436579980621,47430904.8,50540420.4,0.9384746787741401,0.0645562259743449,0.08017224051997471,0.8052191825456205,True,0.004784130688448185,0.011058633797949247,True,3,3,收敛较充分,-0.40459016393442626,0.3512092534174553,0.044969358690335914,0.03882751133533424,-0.04423587807606266,,0.03299203640500581,15.83,15.83,0.14718888186986745,0.14718888186986745,True,True,True,True,True,True,True,True,True,False,True,True,3,1,1,1,3,1,2,1,13,True,,核心：振幅、流动性（成交量/换手合并）与短期止跌三类证据中至少两类支持+40日趋势仍活；缺失量价/换手必须明示；2%-6%单日加速仅为中等证据,22,True,30,50,34,13,入选：阶段2分=13；软容量30-50只，本次实际34只
688112,鼎阳科技,71.13,0.018762532225723216,0.06962406015037592,0.07285067873303164,0.37902287708414106,0.11454089627076147,-0.1104302151075538,,0.1629362967600563,-0.042664872139973053,0.1309432220341592,1.2443278409443068,3455674.8,3893571.3,0.8875334580363278,0.0181225093224408,0.024396286611687718,0.742838843095027,True,0.012548949804200626,0.010385865807552408,True,3,2,部分收敛/待确认,-0.21980914774596916,0.6404091153777139,0.06835488667597889,0.05629144836469324,-0.009129877937217534,,0.017160017160017027,63.89,63.89,0.11331976835185475,0.11331976835185475,True,False,True,True,True,True,True,True,True,True,True,False,3,0,1,1,3,1,4,0,13,True,,核心：振幅、流动性（成交量/换手合并）与短期止跌三类证据中至少两类支持+40日趋势仍活；缺失量价/换手必须明示；2%-6%单日加速仅为中等证据,22,True,30,50,34,13,入选：阶段2分=13；软容量30-50只，本次实际34只
000505,京粮控股,7.94,0.02849740932642497,0.1198871650211566,0.1310541310541311,0.3856893542757416,0.4436363636363636,0.43321299638989186,,0.26687116564417185,-0.06698002350176258,0.3550955414012738,0.7515474978678922,89517920.8,89855867.5,0.9962390135513409,0.13522850086128066,0.1357390134514258,0.996239013551341,True,0.03196859226023574,0.03315930577113013,True,3,3,收敛较充分,-0.06698002350176258,0.8412256267409473,0.1359084406294706,0.05233894680566675,0.049601887348864615,,0.0037926675094817064,6.52,6.52,0.21779141104294486,0.21779141104294486,False,True,True,True,True,True,False,True,True,True,True,True,0,1,1,1,3,1,4,1,12,False,短波动仍偏大,核心：振幅、流动性（成交量/换手合并）与短期止跌三类证据中至少两类支持+40日趋势仍活；缺失量价/换手必须明示；2%-6%单日加速仅为中等证据,35,False,30,50,34,13,未入选：未满足二级结构筛选最低资格条件
000526,学大教育,37.42,-0.025520833333333215,0.0002673082063620047,0.048179271708683524,0.03685231366029362,0.3533453887884268,0.3813215208564047,,0.06826976229961301,-0.04272192376566897,0.15396024918421827,0.44342460252792976,3666540.0,7201903.5,0.509107071484643,0.029309819860943203,0.059287852629662595,0.4943646727100226,True,0.007774118663283369,0.01825109755087384,True,3,3,收敛较充分,-0.04272192376566897,0.8907782864617396,0.0355754196128355,0.02113141928289264,0.05567883579619859,,-0.027041081643265685,36.18,34.61,0.03427307904919852,0.08119040739670624,True,True,True,True,True,True,True,True,True,False,True,False,3,1,1,1,3,1,2,0,12,True,,核心：振幅、流动性（成交量/换手合并）与短期止跌三类证据中至少两类支持+40日趋势仍活；缺失量价/换手必须明示；2%-6%单日加速仅为中等证据,35,False,30,50,34,13,未入选：满足基础条件，但位于本次软容量边界之外（30-50只）
001268,联合精密,25.25,-0.015594541910331383,-0.018655266226195066,0.02851323828920571,0.2915601023017902,0.17770522388059695,-0.14348710990502034,,0.0793456032719837,-0.06446832160059279,0.3770408163265304,0.21044300732488244,3749921.6,8053118.2,0.4656483993988813,0.045086659333360035,0.08536486776001559,0.5281641091521536,True,-0.008743169398907291,0.030624122014850652,True,3,3,收敛较充分,-0.24761620977353993,0.5334081976417742,0.08044501497646572,0.06040344514959206,-0.020466917175065436,,-0.04028886354998096,24.45,23.05,0.0327198364008181,0.0954446854663773,True,True,True,True,True,True,True,True,True,False,True,False,3,1,1,1,3,1,2,0,12,True,,核心：振幅、流动性（成交量/换手合并）与短期止跌三类证据中至少两类支持+40日趋势仍活；缺失量价/换手必须明示；2%-6%单日加速仅为中等证据,35,False,30,50,34,13,未入选：满足基础条件，但位于本次软容量边界之外（30-50只）
002365,永安药业,15.53,-0.03420398009950243,0.019028871391076008,0.03326679973386559,0.14866863905325434,0.2963272120200333,0.41053587647593104,,0.14204545454545442,-0.09340338587273789,0.1945606694560669,0.7300830889540563,34953981.8,55074317.2,0.6346693627279322,0.11578567215491527,0.22420507263721734,0.5164275312462097,True,-0.0002656748140276166,0.0024427279329239937,True,3,3,收敛较充分,-0.09340338587273789,0.7811217510259918,0.03288882976954555,0.03034792582680179,0.05582198350278156,,-0.03420398009950243,14.08,14.08,0.10298295454545459,0.10298295454545459,True,True,True,True,True,True,True,True,True,False,True,False,3,1,1,1,3,1,2,0,12,True,,核心：振幅、流动性（成交量/换手合并）与短期止跌三类证据中至少两类支持+40日趋势仍活；缺失量价/换手必须明示；2%-6%单日加速仅为中等证据,35,False,30,50,34,13,未入选：满足基础条件，但位于本次软容量边界之外（30-50只）
002880,卫光生物,22.27,-0.019806338028169,0.024379024839006558,-0.0805119735755574,0.06759348034515811,0.036295951605398,-0.00801781737193763,,0.08325581395348833,-0.10237807335751714,0.22518518518518513,0.36972154222766207,3851842.4,6247280.3,0.616563082658545,0.018167419165196902,0.027545327601410895,0.6595463095623648,True,0.01822633297062004,0.004028648164727144,True,3,3,收敛较充分,-0.24380305602716468,0.34007352941176466,0.018569337724112733,0.025309983382334034,-0.0038825011812883004,,-0.027086063783311576,21.5,21.48,0.03581395348837213,0.036778398510242116,True,True,True,True,True,True,True,True,True,False,True,False,3,1,1,1,3,1,2,0,12,True,,核心：振幅、流动性（成交量/换手合并）与短期止跌三类证据中至少两类支持+40日趋势仍活；缺失量价/换手必须明示；2%-6%单日加速仅为中等证据,35,False,30,50,34,13,未入选：满足基础条件，但位于本次软容量边界之外（30-50只）
002908,德生科技,7.22,-0.01902173913043481,-0.03217158176943702,-0.002762430939226568,0.001386962552011095,0.13880126182965302,0.009790209790209614,,0.05849582172701949,-0.04999999999999993,0.10147058823529417,0.5764805619474381,5108992.0,6003141.0,0.8510531403476946,0.018018199168702665,0.018457112292696528,0.9762198378037966,True,-0.0051560379918589305,0.008831240513315963,True,3,3,收敛较充分,-0.2518134715025907,0.31549295774647884,0.005921281783350718,0.021936099189318048,0.002103358035561609,,-0.04244031830238726,7.18,7.09,0.0055710306406684396,0.01833568406205921,True,True,True,True,True,True,True,True,True,False,True,False,3,1,1,1,3,1,2,0,12,True,,核心：振幅、流动性（成交量/换手合并）与短期止跌三类证据中至少两类支持+40日趋势仍活；缺失量价/换手必须明示；2%-6%单日加速仅为中等证据,35,False,30,50,34,13,未入选：满足基础条件，但位于本次软容量边界之外（30-50只）
002953,日丰股份,11.46,0.06012950971322861,0.035230352303523116,0.061111111111111116,0.1634517766497463,0.2993197278911566,0.1494483450351054,,0.1432692307692308,-0.04499999999999993,0.1764705882352942,0.811858974358974,21946760.4,27943349.7,0.7854019162205167,0.05705277692898606,0.09934043900394908,0.5743157318513364,True,-0.0018412815319464038,0.006559766763848396,True,3,3,收敛较充分,-0.12049117421335365,0.6630901287553651,0.061356795554526444,0.018234414613534256,0.020901439799680288,,0.03150315031503159,10.4,10.4,0.101923076923077,0.101923076923077,True,True,True,True,True,True,True,True,True,False,True,False,3,1,1,1,3,1,2,0,12,True,,核心：振幅、流动性（成交量/换手合并）与短期止跌三类证据中至少两类支持+40日趋势仍活；缺失量价/换手必须明示；2%-6%单日加速仅为中等证据,35,False,30,50,34,13,未入选：满足基础条件，但位于本次软容量边界之外（30-50只）
002963,豪尔赛,21.42,-0.009250693802035137,0.06779661016949179,-0.041610738255033586,0.12146596858638747,0.24390243902439046,0.16793893129770998,,0.16451779267663733,-0.12855980471928385,0.4762762762762763,0.34542512585952223,13598091.4,14251082.5,0.9541795439048227,0.08886524297406218,0.09542688054868922,0.931239106456182,True,0.05567258501354222,0.02012322369074826,True,3,3,收敛较充分,-0.12855980471928385,0.7548487199379367,0.09652153881594105,0.07565239130016743,0.025964925394052152,,-0.0329571106094807,19.39,18.23,0.10469314079422398,0.17498628634119595,True,True,True,True,True,True,True,True,True,False,True,False,3,1,1,1,3,1,2,0,12,True,,核心：振幅、流动性（成交量/换手合并）与短期止跌三类证据中至少两类支持+40日趋势仍活；缺失量价/换手必须明示；2%-6%单日加速仅为中等证据,35,False,30,50,34,13,未入选：满足基础条件，但位于本次软容量边界之外（30-50只）
301183,东田微,234.0,-0.007170435741864267,0.05939876856211512,0.03672854547871163,0.1659773780457423,0.15555555555555545,-0.07837731390311153,,0.17671161084377535,-0.12972329663790538,0.3309573309573309,0.5339407661181499,3880220.2,5606896.4,0.6920442118388348,0.0694873138610979,0.09551851292695832,0.7274748290337589,True,0.03380480393575458,0.008024138585122298,True,3,3,收敛较充分,-0.18930155210643007,0.6489334361346698,0.04276448451115944,0.048050996658168366,0.006169749675760228,,-0.04485897383566684,209.89,209.89,0.1148696936490543,0.1148696936490543,True,True,True,True,True,True,True,True,True,False,True,False,3,1,1,1,3,1,2,0,12,True,,核心：振幅、流动性（成交量/换手合并）与短期止跌三类证据中至少两类支持+40日趋势仍活；缺失量价/换手必须明示；2%-6%单日加速仅为中等证据,35,False,30,50,34,13,未入选：满足基础条件，但位于本次软容量边界之外（30-50只）
600362,江西铜业,49.57,0.02143004327220277,0.06487647690655218,0.02058884084826018,0.06670970518614161,0.18929942418426116,0.08136998254799299,,0.11913197519929147,-0.019192718638701978,0.14361091993576502,0.8295467729931497,70797559.4,70298233.8,1.0071029608143585,0.0341152381298845,0.03387462797477869,1.007102960814358,False,0.00462314967977262,0.011530730984872672,True,3,2,部分收敛/待确认,-0.08845163663111444,0.7157210401891252,0.060876823147959946,0.015108496522126202,0.01747097008763876,,0.037680552648105436,45.16,45.16,0.09765279007971661,0.09765279007971661,True,True,False,False,False,True,True,True,True,False,True,True,3,1,0,1,3,1,2,1,12,True,,核心：振幅、流动性（成交量/换手合并）与短期止跌三类证据中至少两类支持+40日趋势仍活；缺失量价/换手必须明示；2%-6%单日加速仅为中等证据,35,False,30,50,34,13,未入选：满足基础条件，但位于本次软容量边界之外（30-50只）
600746,江苏索普,7.39,-0.008053691275167862,0.008185538881309684,0.07725947521865884,0.10628742514970058,0.17862838915470491,0.19773095623987036,,0.07517730496453905,-0.0327225130890052,0.18449612403100768,0.4074736277489723,15835344.2,18237494.7,0.8682850611054599,0.014796511217456933,0.015616394079941942,0.9474985801275285,True,0.000549148819329881,0.024745475113122195,True,3,3,收敛较充分,-0.3131970260223048,0.41186736474694585,0.06560922855082896,0.025944811037792226,0.03060750853242311,,-0.02506596306068609,7.05,6.8,0.04822695035461,0.08676470588235285,True,True,True,True,True,True,True,True,True,False,True,False,3,1,1,1,3,1,2,0,12,True,,核心：振幅、流动性（成交量/换手合并）与短期止跌三类证据中至少两类支持+40日趋势仍活；缺失量价/换手必须明示；2%-6%单日加速仅为中等证据,35,False,30,50,34,13,未入选：满足基础条件，但位于本次软容量边界之外（30-50只）
600969,郴电国际,11.13,0.03824626865671643,0.14388489208633093,0.17157894736842105,0.2896871378910777,0.43612903225806465,0.22983425414364644,,0.16868686868686866,-0.038029386343993,0.27120669056152946,0.6219863836603919,29656542.6,20920723.0,1.4175677676149148,0.07040884363947127,0.05653478080574535,1.2454075639100375,False,0.045158745809505074,0.05533435426237898,True,3,2,部分收敛/待确认,-0.09805510534846018,0.7703984819734347,0.16373902132998763,0.04806225205981085,0.011099720042585082,,0.040186915887850505,9.9,9.28,0.12424242424242427,0.19935344827586232,True,True,False,False,False,True,True,True,True,False,True,True,3,1,0,1,3,1,2,1,12,True,,核心：振幅、流动性（成交量/换手合并）与短期止跌三类证据中至少两类支持+40日趋势仍活；缺失量价/换手必须明示；2%-6%单日加速仅为中等证据,35,False,30,50,34,13,未入选：满足基础条件，但位于本次软容量边界之外（30-50只）
601212,白银有色,7.09,-0.002812939521800395,0.0645645645645645,-0.02071823204419898,0.22664359861591699,0.5117270788912578,0.1719008264462809,,0.13193403298350823,-0.07682291666666663,0.4091743119266054,0.32243967702247534,448531131.4,456180197.3,0.9832323587361471,0.06057323295040171,0.06160622401429391,0.9832323587361479,True,0.02664756446991401,0.009679715302491232,True,3,3,收敛较充分,-0.18317972350230416,0.6302325581395349,0.08509335782063032,0.06748714393020139,0.03707708944847843,,-0.03537414965986396,6.67,6.25,0.06296851574212892,0.13440000000000007,True,True,True,True,True,True,True,True,True,False,True,False,3,1,1,1,3,1,2,0,12,True,,核心：振幅、流动性（成交量/换手合并）与短期止跌三类证据中至少两类支持+40日趋势仍活；缺失量价/换手必须明示；2%-6%单日加速仅为中等证据,35,False,30,50,34,13,未入选：满足基础条件，但位于本次软容量边界之外（30-50只）
601609,金田股份,13.27,-0.008961911874533324,-0.01411589895988119,0.007593014426727329,0.3022571148184494,0.2808880308880308,0.04405979543666394,,0.07763259031514218,-0.05349500713266764,0.11684125705076545,0.6644278936626999,52302655.6,74049257.2,0.7063224882693354,0.03396560709142367,0.04283675872710509,0.7929079627103492,True,-0.006512729425695585,-0.00029873039581773675,True,3,3,收敛较充分,-0.07719054242002787,0.7970749542961607,0.0307596706540314,0.053573524234244774,0.014997833978160457,,-0.03910209992758873,13.01,12.56,0.019984627209838512,0.056528662420382014,True,True,True,True,True,True,True,True,True,False,True,False,3,1,1,1,3,1,2,0,12,True,,核心：振幅、流动性（成交量/换手合并）与短期止跌三类证据中至少两类支持+40日趋势仍活；缺失量价/换手必须明示；2%-6%单日加速仅为中等证据,35,False,30,50,34,13,未入选：满足基础条件，但位于本次软容量边界之外（30-50只）
601886,江河集团,13.4,-0.0007457121551081025,0.02839600920951657,0.03235747303543923,0.27862595419847325,0.6281895504252732,0.41052631578947363,,0.08443067389620448,-0.05633802816901401,0.15166261151662605,0.5567006465990384,16631006.2,29038935.3,0.5727140485071434,0.01570926269984003,0.025630081643452558,0.6129228505151136,True,0.004618593563766371,0.007372301211163723,True,3,3,收敛较充分,-0.05633802816901401,0.8852223816355812,0.027134753947570367,0.07759923511087785,0.08325626099414274,,-0.03942652329749097,12.91,12.81,0.03795507358636718,0.04605776736924283,True,True,True,True,True,True,True,True,True,False,True,False,3,1,1,1,3,1,2,0,12,True,,核心：振幅、流动性（成交量/换手合并）与短期止跌三类证据中至少两类支持+40日趋势仍活；缺失量价/换手必须明示；2%-6%单日加速仅为中等证据,35,False,30,50,34,13,未入选：满足基础条件，但位于本次软容量边界之外（30-50只）
603038,华立股份,16.82,0.020012128562765463,-0.038307604345340085,-0.02549246813441486,0.05322479649342515,0.1664355062413314,0.06997455470737912,,0.10566037735849043,-0.08686210640608039,0.1512500000000001,0.6985810073288619,7266001.4,10046857.6,0.7232113452070825,0.02704361941430166,0.03739379863649413,0.7232113452070819,True,-0.04079962590600872,-0.011702065414545881,False,3,2,部分收敛/待确认,-0.08686210640608039,0.7777777777777776,0.005950778983882188,0.049549047990201656,0.013231620873557004,,-0.04323094425483498,15.9,15.9,0.05786163522012577,0.05786163522012577,True,True,True,True,True,False,True,True,True,False,True,True,3,1,1,0,3,1,2,1,12,True,,核心：振幅、流动性（成交量/换手合并）与短期止跌三类证据中至少两类支持+40日趋势仍活；缺失量价/换手必须明示；2%-6%单日加速仅为中等证据,35,False,30,50,34,13,未入选：满足基础条件，但位于本次软容量边界之外（30-50只）
603366,日出东方,7.84,0.012919896640826822,0.0,0.07544581618655699,0.11680911680911676,0.21739130434782594,0.11363636363636354,,0.08724832214765094,-0.03448275862068961,0.14851485148514837,0.5874720357941835,34088550.2,37450621.1,0.910226564974112,0.04180427901481149,0.04606199935026963,0.9075654466693657,True,-0.0015499870834410068,0.015525477707006408,True,3,3,收敛较充分,-0.28856624319419233,0.34161490683229806,0.05511069241639177,0.027866994143208146,0.015593781979435617,,-0.020000000000000018,7.45,7.14,0.05234899328859055,0.0980392156862746,True,True,True,True,True,True,True,True,True,False,True,False,3,1,1,1,3,1,2,0,12,True,,核心：振幅、流动性（成交量/换手合并）与短期止跌三类证据中至少两类支持+40日趋势仍活；缺失量价/换手必须明示；2%-6%单日加速仅为中等证据,35,False,30,50,34,13,未入选：满足基础条件，但位于本次软容量边界之外（30-50只）
603637,镇海股份,14.8,-0.005376344086021501,0.005434782608695565,0.0,0.07324147933284997,0.14285714285714302,-0.10411622276029053,,0.06597222222222217,-0.08074534161490687,0.2973408541498792,0.2218740590183677,6800046.0,14093044.2,0.482510797773557,0.029952030495154335,0.05904431538695517,0.5072805112373565,True,-0.0073578595317725926,0.020922783343555906,True,3,3,收敛较充分,-0.3284936479128856,0.402146985962015,0.03427792725112688,0.04857179129110056,-0.029523490630304017,,-0.03394255874673624,14.4,14.4,0.0277777777777779,0.0277777777777779,True,True,True,True,True,True,True,True,True,False,True,False,3,1,1,1,3,1,2,0,12,True,,核心：振幅、流动性（成交量/换手合并）与短期止跌三类证据中至少两类支持+40日趋势仍活；缺失量价/换手必须明示；2%-6%单日加速仅为中等证据,35,False,30,50,34,13,未入选：满足基础条件，但位于本次软容量边界之外（30-50只）
603880,南卫股份,9.77,-0.024950099800399195,0.0010245901639343025,0.08676307007786432,0.22277847309136423,0.42836257309941517,0.3328785811732604,,0.1006355932203391,-0.059672762271414936,0.28481012658227844,0.3533427495291907,11085531.0,15810879.1,0.7011331204221276,0.038286100289923235,0.054700974598847193,0.6999162367891358,True,0.022910216718265985,0.0351865631976187,True,3,3,收敛较充分,-0.059672762271414936,0.8781925343811393,0.06253398586188141,0.07854640611150976,0.04555163342851354,,-0.04868549172346637,9.44,8.76,0.03495762711864403,0.11529680365296802,True,True,True,True,True,True,True,True,True,False,True,False,3,1,1,1,3,1,2,0,12,True,,核心：振幅、流动性（成交量/换手合并）与短期止跌三类证据中至少两类支持+40日趋势仍活；缺失量价/换手必须明示；2%-6%单日加速仅为中等证据,35,False,30,50,34,13,未入选：满足基础条件，但位于本次软容量边界之外（30-50只）
605162,新中港,11.23,0.09990205680705189,0.10098039215686283,0.13434343434343443,0.23542354235423546,0.5278911564625852,0.26463963963963955,,0.1494370522006142,0.0,0.3100591715976333,0.4819630118683929,37189699.0,39003976.1,0.9534848166415526,0.07029376759709906,0.08807564866448662,0.7981067260131632,True,-0.00018964536317078728,0.038606965174129204,True,3,3,收敛较充分,-0.26021080368906446,0.5363849765258216,0.14288622023203756,0.03385188431200703,0.002414432511782305,,0.03311867525298995,9.77,9.65,0.14943705220061432,0.16373056994818658,True,True,True,True,True,True,True,True,True,False,True,False,3,1,1,1,3,1,2,0,12,True,,核心：振幅、流动性（成交量/换手合并）与短期止跌三类证据中至少两类支持+40日趋势仍活；缺失量价/换手必须明示；2%-6%单日加速仅为中等证据,35,False,30,50,34,13,未入选：满足基础条件，但位于本次软容量边界之外（30-50只）
002041,登海种业,11.66,-0.029950083194675514,0.07267709291628344,0.08163265306122458,0.33409610983981697,0.35266821345707666,0.3402298850574714,,0.2276741903827282,-0.06794564348521182,0.2955288985823338,0.7703956921806705,77337621.2,81902056.2,0.9442695920984704,0.0820952045454545,0.09307051840909085,0.8820752903148726,True,0.031113537117903878,0.028109884092360815,True,3,3,收敛较充分,-0.06794564348521182,0.8214285714285715,0.1104761904761904,0.05060037325257949,0.05381191838622068,,-0.007659574468085073,10.19,10.19,0.1442590775269874,0.1442590775269874,False,True,True,True,True,True,False,True,True,True,True,False,0,1,1,1,3,1,4,0,11,False,短波动仍偏大,核心：振幅、流动性（成交量/换手合并）与短期止跌三类证据中至少两类支持+40日趋势仍活；缺失量价/换手必须明示；2%-6%单日加速仅为中等证据,55,False,30,50,34,13,未入选：未满足二级结构筛选最低资格条件
002300,太阳电缆,8.28,0.024752475247524774,0.08519003931847968,0.21229868228404092,0.08947368421052637,0.3663366336633662,0.08376963350785327,,0.14285714285714293,-0.059090909090909194,0.1702453987730062,0.8391248391248393,93061684.6,17396032.3,5.349592538983731,0.12884222596958422,0.024084493357331538,5.349592538983739,False,0.07798043880518124,0.057896205357142794,True,3,2,部分收敛/待确认,-0.28620689655172415,0.44758735440931774,0.1410459587955626,0.025453522711292198,-0.004845678275607002,,-0.013110846245530494,7.7,6.62,0.07532467532467524,0.25075528700906324,False,True,False,False,False,True,False,True,True,True,True,True,0,1,0,1,3,1,4,1,11,False,10日速度仍偏快，整理可能未完成,核心：振幅、流动性（成交量/换手合并）与短期止跌三类证据中至少两类支持+40日趋势仍活；缺失量价/换手必须明示；2%-6%单日加速仅为中等证据,55,False,30,50,34,13,未入选：未满足二级结构筛选最低资格条件
002779,中坚科技,80.8,-0.023682938617689775,0.09410968178740697,0.07304116865869847,0.024081115335867986,0.16560877091748427,-0.024508028492092215,,0.12771996215704828,-0.03163950143815919,0.13444901432420917,0.9499508999676672,3852690.6,2560386.4,1.504730145418676,0.026993558556631034,0.015441843740846877,1.7480787274920726,False,0.0429315054373034,0.027655389457120316,True,3,2,部分收敛/待确认,-0.19649960222752594,0.5750537634408601,0.0493779059196342,0.05720276528370816,0.0022607419954232544,,-0.028612647270978675,73.99,72.59,0.09203946479253955,0.11310097809615649,True,True,False,False,False,True,True,True,True,False,True,False,3,1,0,1,3,1,2,0,11,True,,核心：振幅、流动性（成交量/换手合并）与短期止跌三类证据中至少两类支持+40日趋势仍活；缺失量价/换手必须明示；2%-6%单日加速仅为中等证据,55,False,30,50,34,13,未入选：满足基础条件，但位于本次软容量边界之外（30-50只）
002882,金龙羽,24.0,-0.016393442622950727,0.0033444816053511683,0.069042316258352,0.07816711590296488,0.3913043478260869,0.08892921960072608,,0.09335038363171345,-0.0643274853801169,0.1903381642512078,0.4904449089280375,17895655.4,15225026.9,1.175410428995695,0.07355691676385202,0.06164227117532567,1.1932869338094017,False,0.024589466519186365,0.016500217108119886,True,3,2,部分收敛/待确认,-0.22204213938411677,0.531784005468216,0.06032825995714486,0.047674885055697835,0.01957398287999479,,-0.021606196494088903,23.46,21.38,0.023017902813299296,0.12254443405051463,True,True,False,False,False,True,True,True,True,False,True,False,3,1,0,1,3,1,2,0,11,True,,核心：振幅、流动性（成交量/换手合并）与短期止跌三类证据中至少两类支持+40日趋势仍活；缺失量价/换手必须明示；2%-6%单日加速仅为中等证据,55,False,30,50,34,13,未入选：满足基础条件，但位于本次软容量边界之外（30-50只）
002918,蒙娜丽莎,10.75,-0.021838034576888155,-0.04188948306595375,0.06752730883813296,0.06120434353405724,0.14973262032085577,-0.05035335689045939,,0.06296992481203006,-0.137239165329053,0.2871900826446282,0.21926218423757224,13528766.8,21442799.3,0.630923538047572,0.07151714747376249,0.10010411943581285,0.7144276167337905,True,-0.03156588047526154,0.024437656206609315,False,3,2,部分收敛/待确认,-0.41923284710967046,0.2588347659980898,0.01842641277059376,0.0316954553077311,-0.01261377127028096,,-0.04951370468611849,10.64,10.0,0.010338345864661536,0.07499999999999996,True,True,True,True,True,False,True,True,True,False,True,False,3,1,1,0,3,1,2,0,11,True,,核心：振幅、流动性（成交量/换手合并）与短期止跌三类证据中至少两类支持+40日趋势仍活；缺失量价/换手必须明示；2%-6%单日加速仅为中等证据,55,False,30,50,34,13,未入选：满足基础条件，但位于本次软容量边界之外（30-50只）
300369,绿盟科技,7.91,0.0012658227848101333,0.06317204301075274,0.1581259150805272,0.03669724770642202,0.05748663101604268,0.3361486486486487,,0.09530201342281878,-0.030637254901960786,0.18015267175572527,0.529006938914799,50011080.8,42367087.1,1.1804229231515895,0.07411774679371776,0.05243088458599855,1.4136276238511258,False,0.027386541471048353,0.04710891361076763,True,3,2,部分收敛/待确认,-0.19613821138211385,0.5884861407249468,0.06899114805054385,0.03126008575775763,0.0398218829516539,,-0.02103960396039606,7.45,6.88,0.06174496644295302,0.14970930232558133,True,True,False,False,False,True,True,True,True,False,True,False,3,1,0,1,3,1,2,0,11,True,,核心：振幅、流动性（成交量/换手合并）与短期止跌三类证据中至少两类支持+40日趋势仍活；缺失量价/换手必须明示；2%-6%单日加速仅为中等证据,55,False,30,50,34,13,未入选：满足基础条件，但位于本次软容量边界之外（30-50只）
301251,威尔高,56.98,0.015686274509803866,0.03168567807351086,0.20976645435244157,0.3047858942065489,0.2856498194945847,0.08244680851063824,,0.11226415094339628,-0.033418150975403016,0.25555555555555554,0.4392945036915507,6474359.6,8209558.1,0.7886367964190423,0.07453894080385286,0.10860679509258186,0.6863193112393394,True,0.013977081964819948,0.05197808176589458,True,3,3,收敛较充分,-0.06467498358502966,0.8852983988355166,0.12305736501335329,0.09852448556388582,0.02188908682808033,,0.005825242718446644,53.0,46.54,0.07509433962264156,0.2243231628706488,False,True,True,True,True,True,False,True,True,True,True,False,0,1,1,1,3,1,4,0,11,False,10日速度仍偏快，整理可能未完成,核心：振幅、流动性（成交量/换手合并）与短期止跌三类证据中至少两类支持+40日趋势仍活；缺失量价/换手必须明示；2%-6%单日加速仅为中等证据,55,False,30,50,34,13,未入选：未满足二级结构筛选最低资格条件
301419,阿莱德,41.1,-0.005805515239477588,0.13473219215902832,0.12541073384446877,0.28759398496240607,0.24734446130500753,-0.03294117647058825,,0.20226308345120222,-0.08666666666666667,0.2590934527140458,0.7806568685254827,9820716.6,10239649.6,0.9590871742329933,0.09478993100854194,0.09134123765368082,1.037756148739048,True,0.05806728090850677,0.017460904480135264,True,3,3,收敛较充分,-0.2193732193732193,0.5837837837837839,0.06990849809316813,0.05791601680855929,-0.01995530012771396,,-0.007246376811594124,35.35,35.35,0.1626591230551626,0.1626591230551626,False,True,True,False,True,True,False,True,True,True,True,False,0,1,1,1,3,1,4,0,11,False,短波动仍偏大,核心：振幅、流动性（成交量/换手合并）与短期止跌三类证据中至少两类支持+40日趋势仍活；缺失量价/换手必须明示；2%-6%单日加速仅为中等证据,55,False,30,50,34,13,未入选：未满足二级结构筛选最低资格条件
600172,黄河旋风,16.93,0.026060606060606117,0.14779661016949142,0.2179856115107912,0.35765838011226925,0.2032693674484718,0.31240310077519373,,0.16802168021680208,-0.01798143851508116,0.31713344316309716,0.5298138176186955,296656682.8,185659674.8,1.5978520005465398,0.23099090878885056,0.14463648237670296,1.5970445698979263,False,0.07239280042350438,0.05998622589531677,True,3,2,部分收敛/待确认,-0.14881850175967826,0.7605177993527508,0.17422666111804674,0.06825774380629146,0.029838365355291385,,0.02917933130699102,14.76,13.79,0.147018970189702,0.22770123277737486,False,True,False,False,False,True,False,True,True,True,True,True,0,1,0,1,3,1,4,1,11,False,10日速度仍偏快，整理可能未完成,核心：振幅、流动性（成交量/换手合并）与短期止跌三类证据中至少两类支持+40日趋势仍活；缺失量价/换手必须明示；2%-6%单日加速仅为中等证据,55,False,30,50,34,13,未入选：未满足二级结构筛选最低资格条件
600183,生益科技,148.16,0.012852064533770857,0.02193405987032704,0.13960464579647724,0.03442016337359499,-0.02801285836121503,-0.1741360089186177,,0.12113383036834721,-0.05798575788402849,0.288652191724703,0.41965324997038816,68515504.4,76236140.5,0.8987273483499602,0.029652911603584298,0.03161031476338329,0.9380770747001101,True,-0.0002902597133339624,0.04104857318943389,True,3,3,收敛较充分,-0.22785074004586203,0.6898410896708287,0.06154237464220613,0.03393969021767096,-0.005049411600377196,,-0.008167090641317487,135.47,133.07,0.0936738761349376,0.11339896295182994,True,True,True,True,True,True,True,False,True,True,True,False,3,1,1,1,0,1,4,0,11,False,40日趋势偏弱,核心：振幅、流动性（成交量/换手合并）与短期止跌三类证据中至少两类支持+40日趋势仍活；缺失量价/换手必须明示；2%-6%单日加速仅为中等证据,55,False,30,50,34,13,未入选：未满足二级结构筛选最低资格条件
600487,亨通光电,66.62,0.05561717635873875,-0.004185351270553084,0.027610674070646324,0.12344013490725136,-0.06235045742434897,-0.3787765759045132,,0.11009474028095385,-0.07741310067857621,0.26684210526315777,0.4125838393171843,160061028.8,202110923.5,0.7919464521174187,0.058593579897609466,0.08237166336565356,0.7113317554060852,True,-0.02397229058426742,0.005872623256802045,False,3,2,部分收敛/待确认,-0.46639967961553863,0.30703320242770443,0.035654046155161545,0.032713531737726065,-0.07181614103659573,,-0.01971748087110048,61.22,61.22,0.08820646847435487,0.08820646847435487,True,True,True,True,True,False,True,False,True,True,True,True,3,1,1,0,0,1,4,1,11,False,40日趋势偏弱,核心：振幅、流动性（成交量/换手合并）与短期止跌三类证据中至少两类支持+40日趋势仍活；缺失量价/换手必须明示；2%-6%单日加速仅为中等证据,55,False,30,50,34,13,未入选：未满足二级结构筛选最低资格条件
600500,中化国际,5.88,0.012048192771084487,0.051878354203935606,0.10526315789473673,0.10943396226415092,-0.020000000000000018,-0.3509933774834437,,0.11048689138576777,-0.00843170320404718,0.1623246492985971,0.6806538123641747,118190977.8,134297561.4,0.8800679369595761,0.026078070013634467,0.03742644859713355,0.6967818478943726,True,0.011887608069164335,0.0221858519730862,True,3,3,收敛较充分,-0.4030456852791878,0.30594405594405594,0.07318853805438952,0.027521753142120353,-0.031102223903585857,,0.01379310344827589,5.34,5.26,0.101123595505618,0.11787072243346008,True,True,True,True,True,True,True,False,True,True,True,False,3,1,1,1,0,1,4,0,11,False,40日趋势偏弱,核心：振幅、流动性（成交量/换手合并）与短期止跌三类证据中至少两类支持+40日趋势仍活；缺失量价/换手必须明示；2%-6%单日加速仅为中等证据,55,False,30,50,34,13,未入选：未满足二级结构筛选最低资格条件
600522,中天科技,34.12,0.04952322362350037,0.014268727705112783,0.021251122418437518,0.01698956780923999,-0.16167076167076178,-0.36603493125232256,,0.09174603174603177,-0.07282608695652171,0.16224848291280747,0.5654661917260342,163990198.4,200351587.1,0.8185121005213141,0.0480494045096449,0.05870335267987124,0.8185121005213137,True,-0.02078356426182526,-0.0014184816336180184,False,3,2,部分收敛/待确认,-0.49593736150096024,0.2236355226641998,0.009960483668062903,0.007780511961771541,-0.061020997666926036,,0.0005865102639295294,31.5,31.5,0.08317460317460301,0.08317460317460301,True,True,True,True,True,False,True,False,True,True,True,True,3,1,1,0,0,1,4,1,11,False,40日趋势偏弱,核心：振幅、流动性（成交量/换手合并）与短期止跌三类证据中至少两类支持+40日趋势仍活；缺失量价/换手必须明示；2%-6%单日加速仅为中等证据,55,False,30,50,34,13,未入选：未满足二级结构筛选最低资格条件
600610,中毅达,9.05,0.013437849944009095,0.04866743916570093,-0.02056277056277056,0.2569444444444444,0.4480000000000002,0.16473616473616493,,0.13788968824940054,-0.0886203423967773,0.3734439834024895,0.36923794297895046,74479041.4,99511261.4,0.7484483700856795,0.10627282486836727,0.14040851106351354,0.7568830697185795,True,-0.021453590192644256,0.00022031284423862374,False,3,2,部分收敛/待确认,-0.2026431718061673,0.5732838589981449,0.06885555686783995,0.051378720792599974,0.03042084923888977,,-0.042328042328042215,8.34,8.34,0.0851318944844126,0.0851318944844126,True,True,True,True,True,False,True,True,True,False,True,False,3,1,1,0,3,1,2,0,11,True,,核心：振幅、流动性（成交量/换手合并）与短期止跌三类证据中至少两类支持+40日趋势仍活；缺失量价/换手必须明示；2%-6%单日加速仅为中等证据,55,False,30,50,34,13,未入选：满足基础条件，但位于本次软容量边界之外（30-50只）
600844,金煤科技,3.85,0.007853403141361293,-0.0051679586563307955,0.0547945205479452,0.10000000000000009,0.2962962962962963,0.3898916967509025,,0.12215909090909095,-0.1067285382830625,0.2713864306784659,0.4501296936758898,72252180.0,93419721.0,0.7734146412190633,0.0878199704910951,0.11354836825001458,0.7734146412190633,True,-0.03322949117341645,0.008233731739708094,False,3,2,部分收敛/待确认,-0.29872495446265934,0.476038338658147,0.04861773117254509,0.027822772748928193,0.05070689079372159,,-0.025316455696202556,3.52,3.52,0.09375,0.09375,True,True,True,True,True,False,True,True,True,False,True,False,3,1,1,0,3,1,2,0,11,True,,核心：振幅、流动性（成交量/换手合并）与短期止跌三类证据中至少两类支持+40日趋势仍活；缺失量价/换手必须明示；2%-6%单日加速仅为中等证据,55,False,30,50,34,13,未入选：满足基础条件，但位于本次软容量边界之外（30-50只）
600967,内蒙一机,14.43,0.04037490987743331,0.07606263982102912,0.30234657039711177,0.225998300764656,0.39420289855072466,0.19950124688279303,,0.1752895752895754,-0.05190538764783181,0.2627118644067798,0.6672312865861254,154389207.0,24609030.8,6.273680920420482,0.09072140722603399,0.014460634574311959,6.273680920420502,False,0.07762128325508622,0.07246498364505594,True,3,2,部分收敛/待确认,-0.09073724007561434,0.7538461538461539,0.20672353236327123,0.033397223674275445,0.01388950718960058,,0.012631578947368327,12.95,10.96,0.11428571428571432,0.31660583941605824,False,True,False,False,False,True,False,True,True,True,True,True,0,1,0,1,3,1,4,1,11,False,10日速度仍偏快，整理可能未完成,核心：振幅、流动性（成交量/换手合并）与短期止跌三类证据中至少两类支持+40日趋势仍活；缺失量价/换手必须明示；2%-6%单日加速仅为中等证据,55,False,30,50,34,13,未入选：未满足二级结构筛选最低资格条件
601002,晋亿实业,5.38,0.005607476635514086,-0.027124773960217063,0.009380863039399667,0.0018621973929235924,0.07815631262525047,0.11387163561076608,,0.05094339622641518,-0.04946996466431097,0.10546875,0.48301886792452914,10929607.4,14579044.9,0.7496792468208943,0.01145132135602928,0.01527496113116375,0.7496792468208945,True,-0.021762785636561532,0.0038896091868865224,False,3,2,部分收敛/待确认,-0.19940476190476186,0.4765625,0.0052316890881913825,0.018683217096423288,0.016252944992658724,,-0.03237410071942437,5.3,5.22,0.015094339622641506,0.03065134099616862,True,True,True,True,True,False,True,True,True,False,True,False,3,1,1,0,3,1,2,0,11,True,,核心：振幅、流动性（成交量/换手合并）与短期止跌三类证据中至少两类支持+40日趋势仍活；缺失量价/换手必须明示；2%-6%单日加速仅为中等证据,55,False,30,50,34,13,未入选：满足基础条件，但位于本次软容量边界之外（30-50只）
603093,南华期货,13.33,0.003009781790820343,-0.014781966001478186,0.08462164361269342,0.0638467677573824,0.13446808510638308,-0.10656836461126007,,0.06062931696085963,-0.06848357791754023,0.2938517179023508,0.2063262294114177,18008137.0,29196255.4,0.6167961183131725,0.022560637219298667,0.03310086711699669,0.6815723932414506,True,-0.013501483679524973,0.03565627658751658,False,3,2,部分收敛/待确认,-0.2553072625698324,0.3376811594202899,0.062405355861959055,0.023439636781357853,0.0016618196925632933,,-0.0354558610709117,13.03,12.09,0.023023791250959436,0.10256410256410264,True,True,True,True,True,False,True,True,True,False,True,False,3,1,1,0,3,1,2,0,11,True,,核心：振幅、流动性（成交量/换手合并）与短期止跌三类证据中至少两类支持+40日趋势仍活；缺失量价/换手必须明示；2%-6%单日加速仅为中等证据,55,False,30,50,34,13,未入选：满足基础条件，但位于本次软容量边界之外（30-50只）
603395,红四方,30.36,-0.019696480464966082,0.09169363538295583,0.053800763623741865,0.35778175313059024,0.4327512977819725,0.35778175313059024,,0.18399401645474953,-0.08499095840867998,0.32666933226709305,0.5632423930885296,19215395.8,21546334.6,0.8918173859603944,0.2579512871794872,0.3314820707692308,0.778175684075131,True,0.02297325605753775,0.02715705072337471,True,3,3,收敛较充分,-0.09589041095890405,0.7663280116110305,0.08558453864444937,0.045139857816756335,0.04976494784780372,,0.0170854271356784,26.74,26.74,0.1353777112939416,0.1353777112939416,False,True,True,True,True,True,False,True,True,True,True,False,0,1,1,1,3,1,4,0,11,False,短波动仍偏大,核心：振幅、流动性（成交量/换手合并）与短期止跌三类证据中至少两类支持+40日趋势仍活；缺失量价/换手必须明示；2%-6%单日加速仅为中等证据,55,False,30,50,34,13,未入选：未满足二级结构筛选最低资格条件
603626,科森科技,20.09,-0.07376671277086222,0.031314168377823304,0.023433520122261964,0.21097046413502119,0.3156516044531761,-0.07844036697247714,,0.21648906337633222,-0.07376671277086222,0.3770491803278688,0.5741666463459246,49062082.2,57228177.1,0.8573063949646581,0.07083719535670872,0.10313618993695728,0.6868316097386229,True,0.013387838528359675,0.011930253900275467,True,3,3,收敛较充分,-0.30700241462573297,0.49200913242009137,0.06941339295219828,0.06840364274921384,-0.023802978453138057,,0.0009965122072745913,17.83,17.83,0.12675266404935503,0.12675266404935503,False,True,True,True,True,True,False,True,True,True,True,False,0,1,1,1,3,1,4,0,11,False,短波动仍偏大,核心：振幅、流动性（成交量/换手合并）与短期止跌三类证据中至少两类支持+40日趋势仍活；缺失量价/换手必须明示；2%-6%单日加速仅为中等证据,55,False,30,50,34,13,未入选：未满足二级结构筛选最低资格条件
688195,腾景科技,203.12,0.0030617283950618024,0.09204301075268817,0.18783625730994147,0.28981457962915935,0.3687331536388141,-0.04924171503463759,,0.1331370280786623,-0.05744779582366588,0.27701863354037265,0.4806067605530186,14761259.6,12028742.8,1.2271656186713045,0.08743004215215262,0.06642411397647573,1.316239493734402,False,0.03971324533454701,0.05581826611033858,True,3,2,部分收敛/待确认,-0.33696752080953163,0.5029132758703713,0.11928804639821466,0.08946789656629694,-0.020977921953627465,,-0.03230109575988571,190.18,169.0,0.06804080344936381,0.20189349112426047,True,True,False,False,False,True,True,True,True,False,True,False,3,1,0,1,3,1,2,0,11,True,,核心：振幅、流动性（成交量/换手合并）与短期止跌三类证据中至少两类支持+40日趋势仍活；缺失量价/换手必须明示；2%-6%单日加速仅为中等证据,55,False,30,50,34,13,未入选：满足基础条件，但位于本次软容量边界之外（30-50只）
688601,力芯微,60.87,0.008449304174950267,-0.01472968598251867,0.1629728696981274,0.33194748358862136,0.23393472531927828,0.004621224624525411,,0.05536912751677847,-0.07068702290076345,0.4552321706287492,0.12162832745388964,4315213.6,6514754.4,0.6623754841778838,0.03227710712701588,0.04872932029946283,0.662375484177884,True,-0.024349662432406438,0.0546197217518809,False,3,2,部分收敛/待确认,-0.12037572254335271,0.768739589117157,0.11963359452599054,0.08857524710305631,0.021194205421283252,,-0.027791087685673288,59.6,50.7,0.021308724832214798,0.2005917159763313,True,True,True,True,True,False,True,True,True,False,True,False,3,1,1,0,3,1,2,0,11,True,,核心：振幅、流动性（成交量/换手合并）与短期止跌三类证据中至少两类支持+40日趋势仍活；缺失量价/换手必须明示；2%-6%单日加速仅为中等证据,55,False,30,50,34,13,未入选：满足基础条件，但位于本次软容量边界之外（30-50只）
688807,优迅股份,335.65,0.007927689859163367,0.09332247557003259,0.05513815975605918,0.2603732492208328,0.06218354430379747,-0.18531553398058254,,0.18356775187698768,-0.07022160664819954,0.2340893470790378,0.7841781532032209,2070913.6,2603387.7,0.7954687655626551,0.1294321,0.16271173125,0.7954687655626551,True,0.040062943363662784,0.0044695965989260955,True,3,3,收敛较充分,-0.3525394957658996,0.42616722660052114,0.057328532592431536,0.04928950977853219,-0.04322417881830565,,-0.017992978349912314,305.01,300.0,0.10045572276318815,0.11883333333333335,False,True,True,True,True,True,False,True,True,True,True,False,0,1,1,1,3,1,4,0,11,False,短波动仍偏大,核心：振幅、流动性（成交量/换手合并）与短期止跌三类证据中至少两类支持+40日趋势仍活；缺失量价/换手必须明示；2%-6%单日加速仅为中等证据,55,False,30,50,34,13,未入选：未满足二级结构筛选最低资格条件
001223,欧克科技,42.06,0.04861630516080795,0.07597851112816567,0.0515000000000001,0.013982642237222898,0.2600359496704614,-0.0715231788079469,,0.12532637075718028,-0.024129930394431565,0.12368421052631587,1.0132770401644358,2222058.0,1595473.3,1.3927265345023323,0.029788090369462367,0.02284639320224295,1.3038421472382744,False,0.020368869071746953,0.008499723381783397,True,3,1,结构未成熟,-0.2351336606655755,0.5600544402858115,0.0402908659197152,0.046028394483660584,-0.023087242781366535,,0.012274368231047106,38.3,38.0,0.09817232375979135,0.10684210526315785,True,False,False,False,False,True,False,True,True,True,True,True,0,0,0,1,3,1,4,1,10,False,振幅、量能、换手或短期趋势尚未形成两类收敛支持,核心：振幅、流动性（成交量/换手合并）与短期止跌三类证据中至少两类支持+40日趋势仍活；缺失量价/换手必须明示；2%-6%单日加速仅为中等证据,78,False,30,50,34,13,未入选：未满足二级结构筛选最低资格条件
002015,协鑫能科,16.43,-0.02895981087470456,-0.036363636363636376,-0.04142357059509927,0.06827048114434331,0.17441029306647593,-0.1274561869357408,,0.09302325581395346,-0.08006718924972,0.28924418604651153,0.32160804020100503,114604953.2,120432431.3,0.9516120530234616,0.07964957217115166,0.0741887545234991,1.073607080786386,True,0.002720283855706329,0.011756194610236914,True,3,3,收敛较充分,-0.35568627450980395,0.2761372705506783,0.025145067698259416,0.02414157308214593,-0.0339421301046583,,-0.07384441939120623,16.34,15.5,0.005507955936352449,0.06000000000000005,True,True,True,False,True,True,True,True,True,False,False,False,3,1,1,1,3,1,0,0,10,True,,核心：振幅、流动性（成交量/换手合并）与短期止跌三类证据中至少两类支持+40日趋势仍活；缺失量价/换手必须明示；2%-6%单日加速仅为中等证据,78,False,30,50,34,13,未入选：满足基础条件，但位于本次软容量边界之外（30-50只）
002297,博云新材,22.5,0.008064516129032251,0.125,0.29161882893226165,0.17616309461578683,0.049930004666355554,-0.05857740585774052,,0.17971887550200794,-0.04255319148936165,0.20336943441636576,0.8837064233264417,163055939.0,42760405.7,3.8132458364397603,0.28451329249772017,0.07461184111941653,3.8132458364397626,False,0.08947315805258427,0.06997408367271363,True,3,2,部分收敛/待确认,-0.3732590529247911,0.4808213870592794,0.17068602200889726,0.045613183777831745,-0.00921274326434085,,0.008064516129032251,19.92,17.34,0.12951807228915646,0.2975778546712804,False,True,False,False,False,True,False,True,True,True,True,False,0,1,0,1,3,1,4,0,10,False,10日速度仍偏快，整理可能未完成,核心：振幅、流动性（成交量/换手合并）与短期止跌三类证据中至少两类支持+40日趋势仍活；缺失量价/换手必须明示；2%-6%单日加速仅为中等证据,78,False,30,50,34,13,未入选：未满足二级结构筛选最低资格条件
002827,高争民爆,65.61,0.022759158222914966,0.0907730673316709,0.19377729257641918,0.07170859196341062,1.6562753036437248,1.5157208588957056,,0.25502534521936715,-0.08621169916434535,0.18980769230769226,1.3435985766369904,16767755.4,13620893.3,1.2310319911249874,0.055262079117774136,0.04935126384120221,1.1197702919137225,False,0.06787241683262057,0.06439684406046031,True,3,1,结构未成熟,-0.08621169916434535,0.8752016129032258,0.10870777498014439,0.1355764947747129,0.1769182426991891,,-0.01752021563342321,57.21,54.33,0.14682747771368643,0.20762009939260073,False,False,False,False,False,True,False,True,True,True,True,True,0,0,0,1,3,1,4,1,10,False,振幅、量能、换手或短期趋势尚未形成两类收敛支持,核心：振幅、流动性（成交量/换手合并）与短期止跌三类证据中至少两类支持+40日趋势仍活；缺失量价/换手必须明示；2%-6%单日加速仅为中等证据,78,False,30,50,34,13,未入选：未满足二级结构筛选最低资格条件
002957,科瑞技术,41.14,-0.004597144931042796,0.05704008221993839,0.017058096415327517,0.009570552147239342,-0.02558029369966841,-0.25619237027662267,,0.1653116531165312,-0.07923008057296332,0.14764397905759163,1.119664033519768,16961815.8,16339842.7,1.0380648156423196,0.03643206458447243,0.03901003612552721,0.9339151716558441,True,0.017207147584381355,0.0026611619578191803,True,3,2,部分收敛/待确认,-0.4292452830188679,0.36100784799669555,0.009682050778613505,0.015994162087912045,-0.059267850457685234,,0.005376344086021501,36.9,36.9,0.11490514905149052,0.11490514905149052,True,False,False,True,True,True,True,False,True,True,True,False,3,0,1,1,0,1,4,0,10,False,40日趋势偏弱,核心：振幅、流动性（成交量/换手合并）与短期止跌三类证据中至少两类支持+40日趋势仍活；缺失量价/换手必须明示；2%-6%单日加速仅为中等证据,78,False,30,50,34,13,未入选：未满足二级结构筛选最低资格条件
300711,广哈通信,19.27,-0.00310398344542151,0.030481283422459926,-0.014322250639386191,0.03435319377348356,0.2932885906040268,0.06699889258028802,,0.19399666481378555,-0.10288640595903165,0.20421686746987933,0.9499541698846146,10857328.4,10509791.6,1.0330679059325973,0.04370433554343833,0.04230538505015741,1.0330679059325976,False,0.007578218036158768,-0.0042142323695719686,True,3,2,部分收敛/待确认,-0.26813520698822635,0.4585889570552148,0.0497357956093043,0.04022110980111715,0.004272779003483995,,0.009429020429544188,17.99,17.93,0.07115063924402443,0.07473508087005021,False,True,False,False,False,True,False,True,True,True,True,False,0,1,0,1,3,1,4,0,10,False,短波动仍偏大,核心：振幅、流动性（成交量/换手合并）与短期止跌三类证据中至少两类支持+40日趋势仍活；缺失量价/换手必须明示；2%-6%单日加速仅为中等证据,78,False,30,50,34,13,未入选：未满足二级结构筛选最低资格条件
301151,冠龙节能,22.45,0.003127792672028562,0.015837104072398134,0.3371054198927934,0.3029599535693557,0.11525086934923001,0.10536681437715423,,0.07844990548204159,-0.016213847502191125,0.42155612244897955,0.18609599363969928,9358905.4,5911384.4,1.5832002736956168,0.055450147203883936,0.03502408894513913,1.5832002736956179,False,0.022460486181717476,0.08633430474604498,True,3,2,部分收敛/待确认,-0.03936670945656828,0.8956916099773241,0.19915605053013907,0.052798682972718725,0.02291575527983869,,-0.008392226148409954,21.16,16.6,0.060964083175803374,0.3524096385542168,False,True,False,False,False,True,False,True,True,True,True,False,0,1,0,1,3,1,4,0,10,False,10日速度仍偏快，整理可能未完成,核心：振幅、流动性（成交量/换手合并）与短期止跌三类证据中至少两类支持+40日趋势仍活；缺失量价/换手必须明示；2%-6%单日加速仅为中等证据,78,False,30,50,34,13,未入选：未满足二级结构筛选最低资格条件
301227,森鹰窗业,32.81,-0.04483260553129542,-0.02986398580721461,0.0792763157894738,0.261437908496732,0.5958171206225682,0.21249076127124922,,0.1399361022364217,-0.08043721973094164,0.2413043478260868,0.5799153786374236,2999981.8,3066268.5,0.9783819649192496,0.03508503817139753,0.04148739473410859,0.8456794743621873,True,0.011951480556546379,0.02971612145924074,True,3,3,收敛较充分,-0.08043721973094164,0.8576388888888891,0.06506954926879938,0.11083070174279563,0.06254853561127138,,-0.07185289957567187,31.3,30.0,0.04824281150159759,0.09366666666666679,True,True,True,True,True,True,True,True,True,False,False,False,3,1,1,1,3,1,0,0,10,True,,核心：振幅、流动性（成交量/换手合并）与短期止跌三类证据中至少两类支持+40日趋势仍活；缺失量价/换手必须明示；2%-6%单日加速仅为中等证据,78,False,30,50,34,13,未入选：满足基础条件，但位于本次软容量边界之外（30-50只）
301366,一博科技,58.98,0.022715449973989887,0.09060650887573951,0.09996270048489375,0.07627737226277365,0.3092119866814651,0.21809169764560088,,0.14824399260628457,-0.050547327752736626,0.10054706659120931,1.474374117834735,10947991.6,7967332.7,1.3741100079829727,0.07382486087601357,0.06809897931867277,1.0840817529811457,False,0.026525770972611662,0.019793056206511173,True,3,1,结构未成熟,-0.09093711467324295,0.8319088319088319,0.04939150238417178,0.06244213695309009,0.028914919647623494,,-0.0003389830508475633,54.1,53.6,0.09020332717190382,0.10037313432835804,True,False,False,False,False,True,False,True,True,True,True,True,0,0,0,1,3,1,4,1,10,False,振幅、量能、换手或短期趋势尚未形成两类收敛支持,核心：振幅、流动性（成交量/换手合并）与短期止跌三类证据中至少两类支持+40日趋势仍活；缺失量价/换手必须明示；2%-6%单日加速仅为中等证据,78,False,30,50,34,13,未入选：未满足二级结构筛选最低资格条件
600330,天通股份,29.36,-0.02393617021276595,0.1095993953136809,0.10792452830188681,0.21122112211221133,0.2530943235168588,-0.09354739117011424,,0.20622568093385218,-0.05290322580645168,0.19062623079952737,1.0818326526674602,111639091.0,119848739.5,0.9314999178610468,0.07347424867055107,0.09716668997178358,0.7561670433755373,True,0.04772794334611974,0.030515659832620834,True,3,2,部分收敛/待确认,-0.21434305592721425,0.6422510049129075,0.0679664623610936,0.06868744232270863,-0.009765356546781234,,0.016268605053651797,25.7,25.7,0.14241245136186764,0.14241245136186764,False,False,True,True,True,True,False,True,True,True,True,False,0,0,1,1,3,1,4,0,10,False,短波动仍偏大,核心：振幅、流动性（成交量/换手合并）与短期止跌三类证据中至少两类支持+40日趋势仍活；缺失量价/换手必须明示；2%-6%单日加速仅为中等证据,78,False,30,50,34,13,未入选：未满足二级结构筛选最低资格条件
600403,大有能源,7.48,0.10000000000000009,0.04323570432357049,0.06857142857142873,0.11475409836065587,0.3285968028419184,0.12990936555891253,,0.18167456556082154,-0.08557457212713926,0.2781249999999999,0.6532119211175608,114320072.4,151863878.4,0.7527798815916452,0.04781641265720686,0.06351978025250343,0.7527798815916452,True,-0.04041248606465997,-0.007548224769359679,False,3,2,部分收敛/待确认,-0.1642458100558658,0.6620689655172416,0.08147184269500496,0.03204299963822432,-0.011923558556105829,,0.006729475100942128,6.33,6.33,0.18167456556082162,0.18167456556082162,False,True,True,True,True,False,False,True,True,True,True,False,0,1,1,0,3,1,4,0,10,False,短波动仍偏大,核心：振幅、流动性（成交量/换手合并）与短期止跌三类证据中至少两类支持+40日趋势仍活；缺失量价/换手必须明示；2%-6%单日加速仅为中等证据,78,False,30,50,34,13,未入选：未满足二级结构筛选最低资格条件
600629,华建集团,18.2,0.03703703703703698,0.12415071031500924,0.12415071031500924,0.10840438489646753,0.3236363636363635,0.26476719944405835,,0.1555965559655595,-0.03139968068121346,0.09588159588159602,1.622798979667645,48947925.8,23210870.2,2.1088363072229837,0.05003643844342776,0.0201867905103808,2.478672298981711,False,0.05513963161021973,0.03167009809858268,True,3,1,结构未成熟,-0.03397027600849256,0.9139784946236559,0.08975510448476132,0.05728804725503811,0.0431833242966444,,-0.015151515151515249,16.26,15.54,0.11931119311193106,0.1711711711711712,True,False,False,False,False,True,False,True,True,True,True,True,0,0,0,1,3,1,4,1,10,False,振幅、量能、换手或短期趋势尚未形成两类收敛支持,核心：振幅、流动性（成交量/换手合并）与短期止跌三类证据中至少两类支持+40日趋势仍活；缺失量价/换手必须明示；2%-6%单日加速仅为中等证据,78,False,30,50,34,13,未入选：未满足二级结构筛选最低资格条件
600857,宁波中百,23.53,0.02437962559860707,0.19018715225088534,0.1800401203610833,0.19260010136847439,0.11887779362815021,0.4789440603394093,,0.2621052631578948,-0.018765638031693066,0.13918629550321207,1.8831255060728738,14772332.2,5759084.5,2.565048698278346,0.06585385847968316,0.02567353147091673,2.565048698278348,False,0.08655470535625565,0.04880602223440844,True,3,1,结构未成熟,-0.02929042904290413,0.9460486322188452,0.13993653561998887,0.049631228638243874,0.05267799127448258,,0.029308836395450566,19.0,19.0,0.2384210526315791,0.2384210526315791,False,False,False,False,False,True,False,True,True,True,True,True,0,0,0,1,3,1,4,1,10,False,振幅、量能、换手或短期趋势尚未形成两类收敛支持,核心：振幅、流动性（成交量/换手合并）与短期止跌三类证据中至少两类支持+40日趋势仍活；缺失量价/换手必须明示；2%-6%单日加速仅为中等证据,78,False,30,50,34,13,未入选：未满足二级结构筛选最低资格条件
603115,海星股份,83.51,0.06995515695067267,0.07796566412804973,0.12577514154758695,0.11644385026737969,-0.07283224158987445,-0.23039351211869874,,0.11796875000000004,-0.04121699196326045,0.17164493058477065,0.6872836243872554,12983666.2,8004122.2,1.6221224358618611,0.05308499541668128,0.03272564033582106,1.6221224358618627,False,0.029987163029524977,0.023422344317575394,True,3,2,部分收敛/待确认,-0.36662874478574126,0.5228035538005924,0.0584082685373537,0.02404170064891331,-0.038111492447309714,,-0.01914493774958881,76.8,71.77,0.0873697916666667,0.16357809669778467,True,True,False,False,False,True,True,False,True,True,True,False,3,1,0,1,0,1,4,0,10,False,40日趋势偏弱,核心：振幅、流动性（成交量/换手合并）与短期止跌三类证据中至少两类支持+40日趋势仍活；缺失量价/换手必须明示；2%-6%单日加速仅为中等证据,78,False,30,50,34,13,未入选：未满足二级结构筛选最低资格条件
603236,移远通信,61.06,-0.016747181964573254,-0.03993710691823893,0.12511516491615993,0.13981706178831432,0.21415788427122684,0.07386563489271891,,0.06976362442547603,-0.07372572815533984,0.21758404137421503,0.3206284063153881,11297385.8,15134613.8,0.7464601310143771,0.03173431019610877,0.037358057050166434,0.8494636151311138,True,-0.004638960872764386,0.03284585247230476,True,3,3,收敛较充分,-0.07372572815533984,0.7714016933207903,0.022198412964141045,0.0406011956865886,0.015092098204021243,,-0.06306582783489334,60.92,54.66,0.0022980958634275517,0.11708744968898666,True,True,True,True,True,True,True,True,True,False,False,False,3,1,1,1,3,1,0,0,10,True,,核心：振幅、流动性（成交量/换手合并）与短期止跌三类证据中至少两类支持+40日趋势仍活；缺失量价/换手必须明示；2%-6%单日加速仅为中等证据,78,False,30,50,34,13,未入选：满足基础条件，但位于本次软容量边界之外（30-50只）
603663,三祥新材,41.93,0.07210432114548704,0.023182040019521732,0.018212724623603682,0.0150084725248123,-0.14306151645207443,-0.2914836093274755,,0.13359683794466404,-0.12791181364392679,0.14841788046207927,0.9001397778268232,22180345.2,23620806.5,0.9390172685255264,0.037393091540317745,0.039821516380666284,0.939017268525526,True,-0.026368377443095947,-0.006815945472436247,False,3,2,部分收敛/待确认,-0.444635761589404,0.2945997058205505,0.003782437996744159,0.003631347587272682,-0.03233078871754769,,0.003830500359109257,37.95,37.95,0.10487483530961783,0.10487483530961783,True,True,True,True,True,False,True,False,True,True,True,False,3,1,1,0,0,1,4,0,10,False,40日趋势偏弱,核心：振幅、流动性（成交量/换手合并）与短期止跌三类证据中至少两类支持+40日趋势仍活；缺失量价/换手必须明示；2%-6%单日加速仅为中等证据,78,False,30,50,34,13,未入选：未满足二级结构筛选最低资格条件
000059,华锦股份,5.96,-0.030894308943089532,0.013605442176870763,0.2416666666666667,0.27623126338329773,0.3423423423423422,0.36697247706422,,0.11669658886894065,-0.0464,0.36462882096069865,0.32004214192799296,83486307.0,91499969.9,0.9124189558886401,0.05219809247428596,0.0572084700097536,0.9124189558886401,True,0.001025290498974707,0.06431343559415992,True,3,3,收敛较充分,-0.0464,0.88671875,0.13740458015267176,0.04449519064424634,0.050878255602665234,,-0.041800643086816636,5.57,4.75,0.07001795332136429,0.25473684210526315,False,True,True,True,True,True,False,True,True,False,True,False,0,1,1,1,3,1,2,0,9,False,10日速度仍偏快，整理可能未完成,核心：振幅、流动性（成交量/换手合并）与短期止跌三类证据中至少两类支持+40日趋势仍活；缺失量价/换手必须明示；2%-6%单日加速仅为中等证据,94,False,30,50,34,13,未入选：未满足二级结构筛选最低资格条件
000428,华天酒店,5.14,-0.030188679245283012,0.15765765765765738,0.08210526315789468,0.14732142857142838,0.6421725239616614,0.5766871165644172,,0.31807228915662633,-0.06032906764168189,0.2706185567010309,1.1753528399311526,103237661.2,53824383.3,1.9180463364454379,0.10132007741484657,0.052824624457516976,1.918046336445439,False,0.09256786826880248,0.05825677795205042,True,3,1,结构未成熟,-0.06032906764168189,0.8674698795180722,0.14783385439928542,0.059677288575366694,0.06198890873202356,,-0.00387596899224818,4.15,4.15,0.2385542168674697,0.2385542168674697,False,False,False,False,False,True,False,True,True,True,True,False,0,0,0,1,3,1,4,0,9,False,振幅、量能、换手或短期趋势尚未形成两类收敛支持,核心：振幅、流动性（成交量/换手合并）与短期止跌三类证据中至少两类支持+40日趋势仍活；缺失量价/换手必须明示；2%-6%单日加速仅为中等证据,94,False,30,50,34,13,未入选：未满足二级结构筛选最低资格条件
000536,华映科技,3.57,-0.024590163934426257,-0.05053191489361697,-0.005571030640668551,0.04692082111436946,0.1333333333333333,-0.016528925619834767,,0.07627118644067797,-0.09848484848484851,0.28155339805825247,0.27089421390999413,76525217.0,95745889.0,0.7992532922222906,0.029577998072835437,0.03465183846141781,0.8535765888949381,True,-0.024219590958019177,0.02413019079685741,False,3,2,部分收敛/待确认,-0.2420382165605096,0.3968253968253968,0.03238866396761142,0.02782819116757418,-0.006935563207083106,,-0.06299212598425208,3.54,3.46,0.008474576271186418,0.03179190751445082,True,True,True,True,True,False,True,True,True,False,False,False,3,1,1,0,3,1,0,0,9,True,,核心：振幅、流动性（成交量/换手合并）与短期止跌三类证据中至少两类支持+40日趋势仍活；缺失量价/换手必须明示；2%-6%单日加速仅为中等证据,94,False,30,50,34,13,未入选：满足基础条件，但位于本次软容量边界之外（30-50只）
001210,金房能源,28.3,-0.07060755336617397,-0.05287817938420347,0.04005880191106215,0.28870673952641157,0.36254212806933084,0.19611158072696533,,0.13152173913043474,-0.09613541999361219,0.21403644823575027,0.6144829080025204,11729766.4,9289045.4,1.262752618261506,0.07327750202803963,0.06962264269875618,1.0524952686024478,False,-0.008094388805048758,0.023040497561665152,True,3,2,部分收敛/待确认,-0.09613541999361219,0.8312780269058297,0.017400057520851497,0.07917271201388276,0.034955412863351354,,-0.08562197092084001,27.6,27.11,0.0253623188405796,0.04389524160826275,True,True,False,False,False,True,True,True,True,False,False,False,3,1,0,1,3,1,0,0,9,True,距离短周期稳健上沿较远,核心：振幅、流动性（成交量/换手合并）与短期止跌三类证据中至少两类支持+40日趋势仍活；缺失量价/换手必须明示；2%-6%单日加速仅为中等证据,94,False,30,50,34,13,未入选：满足基础条件，但位于本次软容量边界之外（30-50只）
001330,博纳影业,5.86,-0.042483660130718914,0.01736111111111116,0.1490196078431374,0.07522935779816509,0.2008196721311477,-0.16524216524216517,,0.1660714285714287,-0.10260336906584988,0.341991341991342,0.4856012658227852,218295904.4,97286580.7,2.243843938488836,0.18772533613832404,0.08366238530151592,2.243843938488837,False,0.027110501029512513,0.06696263411024783,True,3,2,部分收敛/待确认,-0.4215202369200395,0.28235294117647064,0.09491778774289994,0.0438134141520623,-0.0436588572794645,,-0.07716535433070859,5.6,5.0,0.046428571428571486,0.17200000000000015,True,True,False,False,False,True,True,True,True,False,False,False,3,1,0,1,3,1,0,0,9,True,,核心：振幅、流动性（成交量/换手合并）与短期止跌三类证据中至少两类支持+40日趋势仍活；缺失量价/换手必须明示；2%-6%单日加速仅为中等证据,94,False,30,50,34,13,未入选：满足基础条件，但位于本次软容量边界之外（30-50只）
002017,东信和平,16.44,-0.03971962616822433,-0.028368794326241176,-0.0024271844660194164,0.17849462365591418,0.2675404780262143,0.006736068585425858,,0.11049382716049377,-0.08615897720956067,0.34972677595628404,0.315943287037037,58525142.4,54859364.8,1.0668213642896573,0.10204520263717683,0.09455700726219837,1.0791923897740792,False,0.007486114465105054,0.0030271841133377997,True,3,2,部分收敛/待确认,-0.1941176470588234,0.5164835164835166,0.05968802372051063,0.04468728202743555,0.00662482566248257,,-0.08412256267409457,16.2,15.52,0.014814814814814836,0.05927835051546393,True,True,False,False,False,True,True,True,True,False,False,False,3,1,0,1,3,1,0,0,9,True,距离短周期稳健上沿较远,核心：振幅、流动性（成交量/换手合并）与短期止跌三类证据中至少两类支持+40日趋势仍活；缺失量价/换手必须明示；2%-6%单日加速仅为中等证据,94,False,30,50,34,13,未入选：满足基础条件，但位于本次软容量边界之外（30-50只）
002072,凯瑞德,8.2,-0.03529411764705892,-0.09492273730684342,0.013597033374536327,0.121751025991792,0.12021857923497259,-0.027283511269276417,,0.16605616605616622,-0.16241062308478038,0.3769338959212375,0.4405445300967696,20623696.0,23598045.4,0.8739578066919051,0.06163192772253534,0.06420681258057123,0.9598970147473876,True,-0.0450928381962864,0.02923773059519652,False,3,2,部分收敛/待确认,-0.2264150943396227,0.48051948051948035,0.005148320666830131,0.0405573304934328,0.005347363899924851,,-0.13593256059009495,8.19,7.98,0.0012210012210012167,0.027568922305764243,True,True,True,True,True,False,True,True,True,False,False,False,3,1,1,0,3,1,0,0,9,True,距离短周期稳健上沿较远,核心：振幅、流动性（成交量/换手合并）与短期止跌三类证据中至少两类支持+40日趋势仍活；缺失量价/换手必须明示；2%-6%单日加速仅为中等证据,94,False,30,50,34,13,未入选：满足基础条件，但位于本次软容量边界之外（30-50只）
002104,恒宝股份,12.88,-0.030120481927710774,-0.04663212435233155,0.12784588441331013,0.20261437908496727,0.3572181243414121,0.1113028472821398,,0.16167192429022087,-0.12559402579769174,0.4251054852320674,0.3803101345586338,157656199.2,84823990.0,1.858627484983906,0.2594644220426604,0.1396000135255221,1.8586274849839062,False,0.04277907884465271,0.044584941292388436,True,3,2,部分收敛/待确认,-0.23877068557919623,0.49751243781094523,0.10800464536109078,0.05803460293751561,0.01986607497892523,,-0.10306406685236758,12.68,11.03,0.015772870662460692,0.16772438803263845,True,True,False,False,False,True,True,True,True,False,False,False,3,1,0,1,3,1,0,0,9,True,距离短周期稳健上沿较远,核心：振幅、流动性（成交量/换手合并）与短期止跌三类证据中至少两类支持+40日趋势仍活；缺失量价/换手必须明示；2%-6%单日加速仅为中等证据,94,False,30,50,34,13,未入选：满足基础条件，但位于本次软容量边界之外（30-50只）
002222,福晶科技,66.51,0.00030079711234787254,-0.0012013815888270996,0.024807395993836634,0.015419847328244307,-0.047271164589600345,-0.33470041012303686,,0.07584050039093032,-0.05926449787835919,0.17402856193955504,0.4357934096891051,16492307.0,22187990.4,0.7432988162821632,0.03697141293246083,0.04739487165479004,0.7800720128909613,True,-0.009991946789155048,0.015159293371583837,True,3,3,收敛较充分,-0.4655255544840887,0.24902774176821374,0.008537158627382802,0.027433662050826868,-0.058443091158003835,,-0.03117261471230881,63.95,63.95,0.04003127443315102,0.04003127443315102,True,True,True,True,True,True,True,False,True,False,True,False,3,1,1,1,0,1,2,0,9,False,40日趋势偏弱,核心：振幅、流动性（成交量/换手合并）与短期止跌三类证据中至少两类支持+40日趋势仍活；缺失量价/换手必须明示；2%-6%单日加速仅为中等证据,94,False,30,50,34,13,未入选：未满足二级结构筛选最低资格条件
002536,飞龙股份,56.82,-0.030209933435739966,-0.02152574479076974,0.15253549695740376,0.3260210035005835,0.016457960644007175,0.26182544970019994,,0.17917050691244238,-0.11177114272315147,0.41565090199902477,0.431060070002838,81087749.4,57595248.6,1.4078895633067898,0.14869682485178326,0.10561682444930595,1.40788956330679,False,0.024455669743947084,0.04247891671413084,True,3,2,部分收敛/待确认,-0.11177114272315147,0.8081052066559313,0.10882355810980893,0.04470440777104656,0.05790326210884045,,-0.11051972448340641,54.25,50.0,0.04737327188940088,0.13640000000000008,True,True,False,False,False,True,True,True,True,False,False,False,3,1,0,1,3,1,0,0,9,True,距离短周期稳健上沿较远,核心：振幅、流动性（成交量/换手合并）与短期止跌三类证据中至少两类支持+40日趋势仍活；缺失量价/换手必须明示；2%-6%单日加速仅为中等证据,94,False,30,50,34,13,未入选：满足基础条件，但位于本次软容量边界之外（30-50只）
002548,金新农,4.72,0.015053763440860068,0.10023310023310006,0.12918660287081352,0.13734939759036124,0.1264916467780428,0.16831683168316824,,0.14832535885167467,-0.01666666666666672,0.12342569269521404,1.2017381115125485,59020168.4,28214253.9,2.091856428640135,0.06522267831130717,0.03507178834871622,1.8596906910706366,False,0.04266055045871542,0.038137576041179067,True,3,1,结构未成熟,-0.21464226289517474,0.4941176470588235,0.1003613474763958,0.028936798098204708,0.017678354488710024,,0.015053763440860068,4.18,4.14,0.12918660287081352,0.14009661835748788,True,False,False,False,False,True,False,True,True,True,True,False,0,0,0,1,3,1,4,0,9,False,振幅、量能、换手或短期趋势尚未形成两类收敛支持,核心：振幅、流动性（成交量/换手合并）与短期止跌三类证据中至少两类支持+40日趋势仍活；缺失量价/换手必须明示；2%-6%单日加速仅为中等证据,94,False,30,50,34,13,未入选：未满足二级结构筛选最低资格条件
002564,天沃科技,5.35,-0.011090573012939142,0.1655773420479303,0.18888888888888888,0.12869198312236274,0.27990430622009566,0.10995850622406622,,0.2879464285714284,-0.07279029462738296,0.09198113207547162,3.130494505494506,48749537.4,9740200.4,5.004982998091086,0.05675781033331366,0.01134026036750994,5.004982998091107,False,0.10875216637781637,0.06576914588391092,True,3,1,结构未成熟,-0.21669106881405564,0.4896551724137929,0.15227223777729915,0.03324078937495312,-0.0022058548622277963,,-0.01291512915129156,4.48,4.45,0.19419642857142838,0.20224719101123578,False,False,False,False,False,True,False,True,True,True,True,False,0,0,0,1,3,1,4,0,9,False,振幅、量能、换手或短期趋势尚未形成两类收敛支持,核心：振幅、流动性（成交量/换手合并）与短期止跌三类证据中至少两类支持+40日趋势仍活；缺失量价/换手必须明示；2%-6%单日加速仅为中等证据,94,False,30,50,34,13,未入选：未满足二级结构筛选最低资格条件
002631,德尔未来,10.87,-0.010919017288444133,0.07305034550839085,0.2296380090497736,0.22409909909909898,0.28486997635933786,0.40077319587628857,,0.13748763600395655,-0.05478260869565221,0.314148681055156,0.4376514825469455,33623045.8,48060589.8,0.6995970282495367,0.04236295287797126,0.06055336310385377,0.6995970282495371,True,0.03408878067053722,0.06744068652195834,True,3,3,收敛较充分,-0.10090984284532678,0.802588996763754,0.11544381734222653,0.09476952857200494,0.057898399443284676,,-0.04565408252853387,10.11,8.62,0.0751730959446093,0.2610208816705337,False,True,True,True,True,True,False,True,True,False,True,False,0,1,1,1,3,1,2,0,9,False,10日速度仍偏快，整理可能未完成,核心：振幅、流动性（成交量/换手合并）与短期止跌三类证据中至少两类支持+40日趋势仍活；缺失量价/换手必须明示；2%-6%单日加速仅为中等证据,94,False,30,50,34,13,未入选：未满足二级结构筛选最低资格条件
002639,雪人集团,14.03,-0.05074424898511498,0.05727204220045223,0.19505962521294706,0.1232986389111288,0.20017108639863124,-0.07636603028308098,,0.12759643916913938,-0.0769736842105263,0.1890681003584229,0.6748702659372492,139749324.8,25092884.3,5.569281041159545,0.2117077024781946,0.038013478397343516,5.569279934482115,False,0.0845392231530846,0.06274604322326671,True,3,2,部分收敛/待确认,-0.34955957348168754,0.3201082055906221,0.1210547343188173,0.03645962904607902,-0.02221327863318867,,-0.05138607167004727,13.48,11.54,0.040801186943620005,0.2157712305025996,True,True,False,False,False,True,True,True,True,False,False,False,3,1,0,1,3,1,0,0,9,True,,核心：振幅、流动性（成交量/换手合并）与短期止跌三类证据中至少两类支持+40日趋势仍活；缺失量价/换手必须明示；2%-6%单日加速仅为中等证据,94,False,30,50,34,13,未入选：满足基础条件，但位于本次软容量边界之外（30-50只）
002716,湖南白银,10.8,0.017907634307257503,0.0046511627906977715,-0.04593639575971731,0.10429447852760743,0.44966442953020147,0.16129032258064524,,0.12934362934362933,-0.10743801652892548,0.3038793103448276,0.42564144691804257,234671782.0,387141251.3,0.6061657888741757,0.11169764771739286,0.16669335039071756,0.670078605148804,True,-0.005972850678733099,-0.012851405622489986,False,3,2,部分收敛/待确认,-0.18796992481203012,0.6206373292867983,0.02842451078417385,0.06025686764181226,0.039731632118826354,,-0.07534246575342463,10.36,10.06,0.04247104247104261,0.07355864811133195,True,True,True,True,True,False,True,True,True,False,False,False,3,1,1,0,3,1,0,0,9,True,,核心：振幅、流动性（成交量/换手合并）与短期止跌三类证据中至少两类支持+40日趋势仍活；缺失量价/换手必须明示；2%-6%单日加速仅为中等证据,94,False,30,50,34,13,未入选：满足基础条件，但位于本次软容量边界之外（30-50只）
300570,太辰光,201.55,0.0,0.0661764705882355,0.02143725927427531,0.3458199786324787,0.023980084336737262,-0.23087197099790113,,0.1841957570995622,-0.12544476264861582,0.2756559282630356,0.668208945333472,16958968.6,21814319.3,0.7774236897687659,0.0828094626799352,0.1135022723380092,0.7295841834190688,True,0.028246032831017898,0.0031918191844599875,True,3,3,收敛较充分,-0.29156414762741645,0.5447310647639957,0.03647326536646833,0.06436032132126002,0.010735981047314658,,-0.02951656394453006,178.18,178.18,0.13115950162756773,0.13115950162756773,False,True,True,True,True,True,False,True,True,False,True,False,0,1,1,1,3,1,2,0,9,False,短波动仍偏大,核心：振幅、流动性（成交量/换手合并）与短期止跌三类证据中至少两类支持+40日趋势仍活；缺失量价/换手必须明示；2%-6%单日加速仅为中等证据,94,False,30,50,34,13,未入选：未满足二级结构筛选最低资格条件
300802,矩子科技,24.64,-0.019888623707239428,0.07551287647315585,0.07130434782608708,0.07504363001745196,0.38426966292134823,-0.021056813667064023,,0.12607204116638085,-0.061690784463061754,0.1412793373216751,0.8923600829138293,12713511.8,7726325.6,1.6454796831238903,0.07027383919839697,0.038181148671922974,1.8405375857660824,False,0.034884696016771466,0.022326724284019717,True,3,2,部分收敛/待确认,-0.11430625449317033,0.7472178060413355,0.044089917159261915,0.029084047205415464,0.0007271582356294104,,-0.05810397553516822,23.32,22.82,0.05660377358490565,0.07975460122699385,True,True,False,False,False,True,True,True,True,False,False,False,3,1,0,1,3,1,0,0,9,True,,核心：振幅、流动性（成交量/换手合并）与短期止跌三类证据中至少两类支持+40日趋势仍活；缺失量价/换手必须明示；2%-6%单日加速仅为中等证据,94,False,30,50,34,13,未入选：满足基础条件，但位于本次软容量边界之外（30-50只）
300903,科翔股份,86.63,-0.016238928003633912,-0.01690876078075365,0.08872690712580122,0.07896375638311115,0.08179320679320679,0.059046454767726075,,0.10576470588235289,-0.10348752975266484,0.31702330652855376,0.3336180769814374,22356999.8,25950419.3,0.8615274975537679,0.0695092818630622,0.0738529176570861,0.9411853189850634,True,-0.015514085450243464,0.031740358563440374,False,3,2,部分收敛/待确认,-0.2588124572210815,0.6479692773187478,0.026604254310600206,0.06647293691811096,0.03679847881062881,,-0.06254734336110812,85.0,79.8,0.01917647058823535,0.08558897243107766,True,True,True,True,True,False,True,True,True,False,False,False,3,1,1,0,3,1,0,0,9,True,,核心：振幅、流动性（成交量/换手合并）与短期止跌三类证据中至少两类支持+40日趋势仍活；缺失量价/换手必须明示；2%-6%单日加速仅为中等证据,94,False,30,50,34,13,未入选：满足基础条件，但位于本次软容量边界之外（30-50只）
300939,秋田微,71.1,-0.04768282882400221,0.09891808346213282,0.16557377049180322,0.09418282548476431,0.20488052872394502,0.15197666882696037,,0.1829687499999999,-0.06089023907013602,0.15196581196581196,1.2040125843644538,4569495.2,2791498.0,1.6369330015640349,0.03807912666666664,0.0232624833333333,1.6369330015640362,False,0.0587748344370862,0.04855918150245597,True,3,1,结构未成熟,-0.10408266129032262,0.8105939004815408,0.08549618320610675,0.06531257463238216,0.022585944081755738,,0.01716738197424883,64.0,61.84,0.11093749999999991,0.14974126778783936,False,False,False,False,False,True,False,True,True,True,True,False,0,0,0,1,3,1,4,0,9,False,振幅、量能、换手或短期趋势尚未形成两类收敛支持,核心：振幅、流动性（成交量/换手合并）与短期止跌三类证据中至少两类支持+40日趋势仍活；缺失量价/换手必须明示；2%-6%单日加速仅为中等证据,94,False,30,50,34,13,未入选：未满足二级结构筛选最低资格条件
301152,天力锂能,21.95,-0.025743453173546427,-0.037280701754386025,-0.053879310344827624,0.07020965382740108,0.06553398058252413,-0.17974588938714509,,0.06519742883379238,-0.1385400313971743,0.36402569593147754,0.17910117214930024,5888159.0,12895116.9,0.4566192804347512,0.09307476061889446,0.18140736286631554,0.5130704683000326,True,-0.021563814866760178,-0.016348417473188603,False,3,2,部分收敛/待确认,-0.39498346196251377,0.2409957627118644,0.013271783035198936,0.01814328377380292,-0.019396600332298508,,-0.053879310344827624,21.78,21.78,0.007805325987144007,0.007805325987144007,True,True,True,True,True,False,True,True,True,False,False,False,3,1,1,0,3,1,0,0,9,True,,核心：振幅、流动性（成交量/换手合并）与短期止跌三类证据中至少两类支持+40日趋势仍活；缺失量价/换手必须明示；2%-6%单日加速仅为中等证据,94,False,30,50,34,13,未入选：满足基础条件，但位于本次软容量边界之外（30-50只）
301550,斯菱智驱,95.85,-0.016014782876501377,0.11596227733147035,0.13930821347913946,0.08073063479535447,0.14694268278090217,-0.06796966161026852,,0.26306663363884086,-0.06010982545597188,0.243605359317905,1.0798885310874418,13671638.0,8509565.6,1.6066199665938294,0.06662068327401062,0.041466360844034635,1.6066199665938299,False,0.06576366615132545,0.03937143843895696,True,3,1,结构未成熟,-0.3306564245810055,0.41106965174129356,0.08498174717717966,0.041856591138883736,-0.037033769782876313,,-0.019437340153452776,80.74,80.74,0.18714391875154823,0.18714391875154823,False,False,False,False,False,True,False,True,True,True,True,False,0,0,0,1,3,1,4,0,9,False,振幅、量能、换手或短期趋势尚未形成两类收敛支持,核心：振幅、流动性（成交量/换手合并）与短期止跌三类证据中至少两类支持+40日趋势仍活；缺失量价/换手必须明示；2%-6%单日加速仅为中等证据,94,False,30,50,34,13,未入选：未满足二级结构筛选最低资格条件
301630,同宇新材,191.0,0.03422135585878272,-0.0026109660574412663,-0.029520857679995904,0.08751352274668345,-0.08173076923076927,-0.19616177770295873,,0.11104876269569604,-0.10555399456776249,0.38124191461837,0.29128162050822204,1674839.8,2374625.1,0.705307039835467,0.08480941100206386,0.1131867996205856,0.749287119048813,True,-0.026731470230862642,0.02290346617061889,False,3,2,部分收敛/待确认,-0.3957799500173991,0.3721268694168423,0.03971606497408864,0.02645525225406975,-0.003012139477716169,,-0.03535353535353536,178.21,178.21,0.07176926098423198,0.07176926098423198,True,True,True,True,True,False,True,False,True,False,True,True,3,1,1,0,0,1,2,1,9,False,40日趋势偏弱,核心：振幅、流动性（成交量/换手合并）与短期止跌三类证据中至少两类支持+40日趋势仍活；缺失量价/换手必须明示；2%-6%单日加速仅为中等证据,94,False,30,50,34,13,未入选：未满足二级结构筛选最低资格条件
600162,香江控股,5.22,-0.050909090909090904,0.08749999999999991,0.17832957110609482,0.10593220338983045,1.0632411067193677,0.5,,0.2107526881720429,-0.11525423728813566,0.48989898989899,0.4301962088460256,188066343.0,214733438.8,0.8758130268437726,0.057540126500825274,0.06569909870852983,0.8758130268437722,True,0.04266777133388566,0.06167867740568034,True,3,3,收敛较充分,-0.11525423728813566,0.8392434988179668,0.11909100653875027,0.09946396664681356,0.07861540014128576,,0.031620553359683834,4.65,4.4,0.12258064516129008,0.1863636363636363,False,True,True,True,True,True,False,True,True,False,True,False,0,1,1,1,3,1,2,0,9,False,短波动仍偏大,核心：振幅、流动性（成交量/换手合并）与短期止跌三类证据中至少两类支持+40日趋势仍活；缺失量价/换手必须明示；2%-6%单日加速仅为中等证据,94,False,30,50,34,13,未入选：未满足二级结构筛选最低资格条件
600186,莲花控股,12.03,-0.029055690072639306,0.014333895446880351,0.05991189427312782,0.05065502183406112,0.17365853658536579,-0.09752438109527384,,0.11558669001751316,-0.10089686098654715,0.14629629629629629,0.7900862355627483,269917368.4,224070413.6,1.2046095870641977,0.16962228140399607,0.12523929241644066,1.354385497803476,False,0.03219824679703298,0.02338282983444273,True,3,2,部分收敛/待确认,-0.2448210922787194,0.6036585365853658,0.013564748504507396,0.05802720223719349,0.01122548651288624,,-0.054245283018867996,11.42,11.01,0.053415061295971844,0.0926430517711172,True,True,False,False,False,True,True,True,True,False,False,False,3,1,0,1,3,1,0,0,9,True,,核心：振幅、流动性（成交量/换手合并）与短期止跌三类证据中至少两类支持+40日趋势仍活；缺失量价/换手必须明示；2%-6%单日加速仅为中等证据,94,False,30,50,34,13,未入选：满足基础条件，但位于本次软容量边界之外（30-50只）
600227,赤天化,4.92,-0.008064516129032251,0.0020366598778003286,0.17422434367541761,0.34426229508196715,0.6849315068493151,0.7385159010600706,,0.25586854460093894,-0.09724770642201841,0.5706051873198847,0.44841608574002934,322870658.4,309709703.0,1.0424944884597303,0.25271658436534683,0.24241527141187258,1.0424944884597305,False,-0.0306336550566515,0.05480682839173401,False,3,1,结构未成熟,-0.09724770642201841,0.8279220779220778,0.1673982678846837,0.0633219239776619,0.09746364928391826,,-0.008064516129032251,4.26,4.1,0.15492957746478875,0.20000000000000018,False,True,False,False,False,False,False,True,True,True,True,False,0,1,0,0,3,1,4,0,9,False,振幅、量能、换手或短期趋势尚未形成两类收敛支持,核心：振幅、流动性（成交量/换手合并）与短期止跌三类证据中至少两类支持+40日趋势仍活；缺失量价/换手必须明示；2%-6%单日加速仅为中等证据,94,False,30,50,34,13,未入选：未满足二级结构筛选最低资格条件
600228,返利科技,9.92,-0.013916500994035852,0.017435897435897463,0.17674970344009489,0.190876350540216,0.4252873563218391,0.5332302936630604,,0.13459516298633012,-0.08063021316033359,0.2360248447204967,0.5702584537052412,40576664.6,26687726.6,1.520424171311767,0.09753134297418806,0.06414745622600929,1.5204241713117677,False,0.04448582660873157,0.05490239574090494,True,3,2,部分收敛/待确认,-0.164279696714406,0.7198275862068966,0.11036489814192985,0.0859606119516525,0.07374798611268707,,-0.07548928238583419,9.51,8.2,0.04311251314405884,0.2097560975609758,True,True,False,False,False,True,True,True,True,False,False,False,3,1,0,1,3,1,0,0,9,True,,核心：振幅、流动性（成交量/换手合并）与短期止跌三类证据中至少两类支持+40日趋势仍活；缺失量价/换手必须明示；2%-6%单日加速仅为中等证据,94,False,30,50,34,13,未入选：满足基础条件，但位于本次软容量边界之外（30-50只）
600547,山东黄金,36.25,0.006664815329075369,-0.043283188176299836,0.051029283850391405,0.17200129324280633,0.4723801787164905,0.29649499284692404,,0.09463276836158196,-0.06451612903225812,0.14434523809523814,0.6556002096802378,78981111.2,136385755.0,0.5791008833730473,0.025147326694747767,0.03773354342742721,0.6664448766417479,True,-0.020847737063234506,0.007547273375964059,False,3,2,部分收敛/待确认,-0.1480611045828436,0.6885813148788928,0.03994836118482392,0.0541076396661444,0.05562897046699944,,-0.0611240611240611,35.4,33.6,0.024011299435028333,0.07886904761904767,True,True,True,True,True,False,True,True,True,False,False,False,3,1,1,0,3,1,0,0,9,True,,核心：振幅、流动性（成交量/换手合并）与短期止跌三类证据中至少两类支持+40日趋势仍活；缺失量价/换手必须明示；2%-6%单日加速仅为中等证据,94,False,30,50,34,13,未入选：满足基础条件，但位于本次软容量边界之外（30-50只）
600654,中安科,3.2,-0.01538461538461533,-0.036144578313252906,0.06666666666666665,0.05610561056105623,0.20754716981132093,0.0847457627118644,,0.07278481012658226,-0.11845730027548207,0.30107526881720426,0.241749547920434,78448003.2,109508822.1,0.7163624052897196,0.038857823319591665,0.04725438781548995,0.8223114321429026,True,-0.030012004801920678,0.025593586185630457,False,3,2,部分收敛/待确认,-0.33884297520661155,0.3109243697478993,0.026628168110362616,0.02179715302491103,0.017319321317442737,,-0.05604719764011801,3.16,3.05,0.012658227848101333,0.049180327868852514,True,True,True,True,True,False,True,True,True,False,False,False,3,1,1,0,3,1,0,0,9,True,,核心：振幅、流动性（成交量/换手合并）与短期止跌三类证据中至少两类支持+40日趋势仍活；缺失量价/换手必须明示；2%-6%单日加速仅为中等证据,94,False,30,50,34,13,未入选：满足基础条件，但位于本次软容量边界之外（30-50只）
600698,湖南天雁,8.38,0.09973753280839914,0.09114583333333348,0.16713091922005585,0.14637482900136822,0.45993031358885017,0.2620481927710845,,0.17039106145251406,0.0,0.24764890282131663,0.6880347924474934,79065608.4,36075858.3,2.191648712623977,0.08594124435702756,0.043441245913409386,1.978332862007057,False,0.03701731025299604,0.03770491803278708,True,3,2,部分收敛/待确认,-0.06888888888888878,0.8253521126760566,0.15442898470863753,0.02802160702228207,0.025788338055995785,,0.05276381909547756,7.16,7.11,0.17039106145251415,0.17862165963431798,True,True,False,False,False,True,True,True,True,False,False,False,3,1,0,1,3,1,0,0,9,True,,核心：振幅、流动性（成交量/换手合并）与短期止跌三类证据中至少两类支持+40日趋势仍活；缺失量价/换手必须明示；2%-6%单日加速仅为中等证据,94,False,30,50,34,13,未入选：满足基础条件，但位于本次软容量边界之外（30-50只）
600712,南宁百货,6.21,0.013050570962479524,0.08947368421052637,0.14364640883977908,0.11091234347048307,0.2777777777777777,0.18511450381679384,,0.14647377938517173,-0.02050473186119872,0.13592233009708724,1.077628519762336,24843284.8,12209194.0,2.0348013800091964,0.037332431352202704,0.02266635277729259,1.647041838579463,False,0.04539057002111213,0.03994961310059386,True,3,1,结构未成熟,-0.06051437216338884,0.8268398268398267,0.11350188273265194,0.04228183702959121,0.009818360333823994,,0.023064250411861664,5.53,5.37,0.12296564195298365,0.15642458100558665,True,False,False,False,False,True,False,True,True,True,True,False,0,0,0,1,3,1,4,0,9,False,振幅、量能、换手或短期趋势尚未形成两类收敛支持,核心：振幅、流动性（成交量/换手合并）与短期止跌三类证据中至少两类支持+40日趋势仍活；缺失量价/换手必须明示；2%-6%单日加速仅为中等证据,94,False,30,50,34,13,未入选：未满足二级结构筛选最低资格条件
600801,华新建材,25.1,0.0035985605757697936,0.07448630136986312,0.051088777219430614,0.07817869415807555,0.2998446400828587,0.3168940188877232,,0.10124946143903481,-0.017996870109546093,0.09543010752688168,1.0609802719808723,10503174.8,10055610.2,1.0445089448674136,0.0086884388660056,0.00749469167475595,1.1592790261500012,False,0.03164239075841291,0.015873015873015817,True,3,1,结构未成熟,-0.017996870109546093,0.9569288389513111,0.06146787050937785,0.022844197603040017,0.04536270288174915,,-0.003177124702144485,23.21,22.91,0.08143041792330896,0.09559144478393722,True,False,False,False,False,True,False,True,True,True,True,False,0,0,0,1,3,1,4,0,9,False,振幅、量能、换手或短期趋势尚未形成两类收敛支持,核心：振幅、流动性（成交量/换手合并）与短期止跌三类证据中至少两类支持+40日趋势仍活；缺失量价/换手必须明示；2%-6%单日加速仅为中等证据,94,False,30,50,34,13,未入选：未满足二级结构筛选最低资格条件
603191,望变电气,16.01,-0.0037336652146856553,0.1026170798898074,0.08985704560925822,0.03961038961038965,0.20648078372268297,-0.12081274025260846,,0.09300746775288533,-0.0571260306242638,0.07920792079207915,1.174219280380178,22580097.0,10985918.0,2.0553673348007875,0.08026471790107984,0.03329422823395323,2.4107697387388733,False,0.043518396413029015,0.026760563380281654,True,3,1,结构未成熟,-0.33402662229617297,0.3503236245954694,0.048289409068587474,0.02860627819202799,-0.020783566891601768,,0.00250469630557304,14.73,14.15,0.08689748811948417,0.1314487632508834,True,False,False,False,False,True,False,True,True,True,True,False,0,0,0,1,3,1,4,0,9,False,振幅、量能、换手或短期趋势尚未形成两类收敛支持,核心：振幅、流动性（成交量/换手合并）与短期止跌三类证据中至少两类支持+40日趋势仍活；缺失量价/换手必须明示；2%-6%单日加速仅为中等证据,94,False,30,50,34,13,未入选：未满足二级结构筛选最低资格条件
603200,上海洗霸,40.35,-0.013206162876008731,-0.03051417587698213,-0.05481377371749818,0.054350666318264906,0.14435621100397067,-0.16701073492981,,0.1325825441515229,-0.1352336048006857,0.34738665896621407,0.3816569828734198,10095823.6,12495538.0,0.8079542953652735,0.061596223628080836,0.07120771977208144,0.8650217114834646,True,-0.024791824375473004,0.0021649656222491043,False,3,2,部分收敛/待确认,-0.46063360513300355,0.21610555050045496,0.012381920138496927,0.03212957577680253,-0.01992933157707666,,-0.07177363699102823,39.07,39.07,0.03276170975172765,0.03276170975172765,True,True,True,True,True,False,True,True,True,False,False,False,3,1,1,0,3,1,0,0,9,True,,核心：振幅、流动性（成交量/换手合并）与短期止跌三类证据中至少两类支持+40日趋势仍活；缺失量价/换手必须明示；2%-6%单日加速仅为中等证据,94,False,30,50,34,13,未入选：满足基础条件，但位于本次软容量边界之外（30-50只）
603333,福华尚纬,9.79,-0.016080402010050232,-0.050436469447138865,-0.027805362462760774,0.030526315789473513,0.22681704260651614,0.17668269230769207,,0.07684319833852528,-0.09686346863468642,0.2678362573099414,0.28690364445169936,11665070.0,28251085.0,0.41290697330739684,0.021150361833389798,0.04545427369011417,0.46531074234257935,True,-0.01660079051383412,0.0030864197530862114,False,3,2,部分收敛/待确认,-0.09686346863468642,0.7091412742382269,0.010789324247586496,0.027735313387202698,0.02883594763533437,,-0.055930568948891035,9.63,9.63,0.016614745586708057,0.016614745586708057,True,True,True,True,True,False,True,True,True,False,False,False,3,1,1,0,3,1,0,0,9,True,,核心：振幅、流动性（成交量/换手合并）与短期止跌三类证据中至少两类支持+40日趋势仍活；缺失量价/换手必须明示；2%-6%单日加速仅为中等证据,94,False,30,50,34,13,未入选：满足基础条件，但位于本次软容量边界之外（30-50只）
603396,金辰股份,28.45,-0.023678792038435148,-0.039175954069571084,0.00035161744022493835,0.03304284676833702,0.20346869712351934,-0.036572976633931664,,0.0752496433666191,-0.11700806952203602,0.28468899521531105,0.26432227669955277,5504926.4,7629114.8,0.7215681693503945,0.03858184005919743,0.055072935060580516,0.7005589953896084,True,-0.027790830368530584,0.023645966377852323,False,3,2,部分收敛/待确认,-0.3062667642038527,0.3666162380231972,0.017998354027266128,0.03963103915371202,0.0013037893799257017,,-0.056384742951907096,28.04,27.45,0.014621968616262526,0.03642987249544616,True,True,True,True,True,False,True,True,True,False,False,False,3,1,1,0,3,1,0,0,9,True,,核心：振幅、流动性（成交量/换手合并）与短期止跌三类证据中至少两类支持+40日趋势仍活；缺失量价/换手必须明示；2%-6%单日加速仅为中等证据,94,False,30,50,34,13,未入选：满足基础条件，但位于本次软容量边界之外（30-50只）
603400,华之杰,51.18,-0.030865366407877293,0.057875155022736546,0.1001719690455718,0.10659459459459453,0.3415465268676279,0.1270645232327683,,0.1477462437395659,-0.06945454545454544,0.21950070654733866,0.6731014494830438,5395618.6,4444709.6,1.2139417612345247,0.1757782358073138,0.12268011037791113,1.4328177180949384,False,0.06912592834407905,0.04477041628632672,True,3,2,部分收敛/待确认,-0.2569686411149825,0.5337197049525817,0.07243886595561899,0.04159476346325519,0.005036492412507032,,-0.05728495118806409,47.92,43.53,0.06803005008347252,0.1757408683666437,True,True,False,False,False,True,True,True,True,False,False,False,3,1,0,1,3,1,0,0,9,True,,核心：振幅、流动性（成交量/换手合并）与短期止跌三类证据中至少两类支持+40日趋势仍活；缺失量价/换手必须明示；2%-6%单日加速仅为中等证据,94,False,30,50,34,13,未入选：满足基础条件，但位于本次软容量边界之外（30-50只）
603559,中通国脉,10.18,-0.05740740740740746,-0.04770813844714683,0.1674311926605503,0.14382022471910094,0.2506142506142506,0.18509895227008144,,0.10693069306930694,-0.12089810017271163,0.39015606242497,0.2740715917745621,26755119.4,24234486.7,1.1040101542567435,0.0733596847245669,0.06039341394662957,1.2146967679190281,False,-0.007102803738317842,0.05041079216959132,True,3,2,部分收敛/待确认,-0.12089810017271163,0.7216699801192842,0.04813384813384802,0.04816335589834653,0.031228718746959983,,-0.08944543828264762,10.1,8.59,0.007920792079207928,0.18509895227008144,True,True,False,False,False,True,True,True,True,False,False,False,3,1,0,1,3,1,0,0,9,True,距离短周期稳健上沿较远,核心：振幅、流动性（成交量/换手合并）与短期止跌三类证据中至少两类支持+40日趋势仍活；缺失量价/换手必须明示；2%-6%单日加速仅为中等证据,94,False,30,50,34,13,未入选：满足基础条件，但位于本次软容量边界之外（30-50只）
603900,莱绅通灵,7.45,0.10044313146233397,0.047819971870604716,0.14791987673343598,0.20355411954765756,0.330357142857143,0.18819776714513559,,0.1902587519025875,-0.05095541401273884,0.2911184210526315,0.6535441873264024,38240265.2,29800881.2,1.2831924312358927,0.11157748816073018,0.08695304417690927,1.2831924312358927,False,-0.012802275960170584,0.02171724435495448,False,3,1,结构未成熟,-0.11834319526627213,0.7032640949554898,0.11660671462829741,0.04142394822006468,0.02020428779885486,,0.0026917900403768957,6.57,6.33,0.1339421613394216,0.17693522906793047,False,True,False,False,False,False,False,True,True,True,True,False,0,1,0,0,3,1,4,0,9,False,振幅、量能、换手或短期趋势尚未形成两类收敛支持,核心：振幅、流动性（成交量/换手合并）与短期止跌三类证据中至少两类支持+40日趋势仍活；缺失量价/换手必须明示；2%-6%单日加速仅为中等证据,94,False,30,50,34,13,未入选：未满足二级结构筛选最低资格条件
603912,佳力图,8.88,-0.015521064301551979,-0.03478260869565197,-0.004484304932735328,0.0990099009900991,0.2832369942196533,0.03135888501742179,,0.09267734553775749,-0.07015706806282718,0.1631116687578419,0.5681834184122517,27157907.4,28241505.9,0.961630994330228,0.05649497894216654,0.052074749870599055,1.0848823870023638,True,-0.011287171695246623,0.008202172467302038,False,3,2,部分收敛/待确认,-0.2709359605911329,0.4545454545454547,0.005548635488619835,0.04292554069671439,0.010665538038302946,,-0.0672268907563024,8.74,8.61,0.016018306636155666,0.03135888501742179,True,True,True,False,True,False,True,True,True,False,False,False,3,1,1,0,3,1,0,0,9,True,,核心：振幅、流动性（成交量/换手合并）与短期止跌三类证据中至少两类支持+40日趋势仍活；缺失量价/换手必须明示；2%-6%单日加速仅为中等证据,94,False,30,50,34,13,未入选：满足基础条件，但位于本次软容量边界之外（30-50只）
603978,深圳新星,21.43,-0.007870370370370416,-0.0521892967713401,0.12023000522739147,0.07310966449674527,0.06352357320099267,-0.19887850467289725,,0.13960113960113968,-0.10708333333333331,0.24230769230769234,0.5761316872427986,22517428.8,11170723.5,2.0157538408322435,0.10666999964788242,0.052918167628960885,2.015753840832244,False,0.0033018435293039605,0.03637254901960807,True,3,2,部分收敛/待确认,-0.39119318181818186,0.30664652567975825,0.06357635614670687,0.03306000940095055,-0.03600451798392312,,-0.08222698072805146,21.06,18.57,0.017568850902184296,0.1540118470651588,True,True,False,False,False,True,True,True,True,False,False,False,3,1,0,1,3,1,0,0,9,True,距离短周期稳健上沿较远,核心：振幅、流动性（成交量/换手合并）与短期止跌三类证据中至少两类支持+40日趋势仍活；缺失量价/换手必须明示；2%-6%单日加速仅为中等证据,94,False,30,50,34,13,未入选：满足基础条件，但位于本次软容量边界之外（30-50只）
605188,国光连锁,15.36,0.03295225285810366,0.012524719841793042,0.28320802005012524,0.16894977168949765,0.2940185341196293,0.14456035767511177,,0.1509705248023006,-0.06112469437652812,0.3829247675401521,0.39425635947267473,35497976.6,14388212.7,2.46715678591546,0.06991279427824706,0.02833739415239687,2.4671567859154617,False,0.018226332970620263,0.06588287488908628,True,3,2,部分收敛/待确认,-0.17860962566844918,0.5830212234706617,0.13828368163628268,0.045992737988738375,0.013245479289621942,,-0.03819661865998758,13.91,11.9,0.10424155283968362,0.29075630252100826,False,True,False,False,False,True,False,True,True,False,True,True,0,1,0,1,3,1,2,1,9,False,10日速度仍偏快，整理可能未完成,核心：振幅、流动性（成交量/换手合并）与短期止跌三类证据中至少两类支持+40日趋势仍活；缺失量价/换手必须明示；2%-6%单日加速仅为中等证据,94,False,30,50,34,13,未入选：未满足二级结构筛选最低资格条件
688152,麒麟信安,34.99,-0.05560053981106605,-0.05227518959913324,0.12943834732085224,0.213666319805758,0.30657206870799114,0.14571054354944346,,0.11686816350028771,-0.1440802348336595,0.3359477124183007,0.3478760508860704,5129615.4,6749599.2,0.7599881486296254,0.046765714529618106,0.06623873055267494,0.7060176748470242,True,-0.027137406631200123,0.040642047239596746,False,3,2,部分收敛/待确认,-0.18835536998376246,0.5803617571059433,0.020339724429540018,0.05925430566670675,0.03373899909959621,,-0.09819587628865967,34.74,31.0,0.007196315486470928,0.1287096774193548,True,True,True,True,True,False,True,True,True,False,False,False,3,1,1,0,3,1,0,0,9,True,距离短周期稳健上沿较远,核心：振幅、流动性（成交量/换手合并）与短期止跌三类证据中至少两类支持+40日趋势仍活；缺失量价/换手必须明示；2%-6%单日加速仅为中等证据,94,False,30,50,34,13,未入选：满足基础条件，但位于本次软容量边界之外（30-50只）
688167,炬光科技,302.55,0.0013901300764571634,0.08452521776535105,0.15477099236641223,0.23228250244379267,0.16585102693537834,-0.26743341404358356,,0.1794139194139195,-0.060345363066029,0.2284209266131928,0.7854530759247745,10437310.6,9593560.0,1.0879496870817507,0.08020126884205955,0.07371781047815412,1.0879496870817504,False,0.04654123048029746,0.043219936652802105,True,3,2,部分收敛/待确认,-0.2879165882131425,0.5458831390600639,0.06514812793747482,0.07001172385177235,-0.02185434131177799,,-0.051210486703462066,273.0,269.0,0.1082417582417583,0.12472118959107803,True,True,False,False,False,True,True,True,True,False,False,False,3,1,0,1,3,1,0,0,9,True,,核心：振幅、流动性（成交量/换手合并）与短期止跌三类证据中至少两类支持+40日趋势仍活；缺失量价/换手必须明示；2%-6%单日加速仅为中等证据,94,False,30,50,34,13,未入选：满足基础条件，但位于本次软容量边界之外（30-50只）
688485,九州一轨,97.31,0.0031958762886599157,0.09830699774266383,0.11658060814687321,0.4741705802151188,0.7382993926402288,0.8663214422708094,,0.17955056179775286,-0.07306153553057726,0.23057324840764323,0.7787137624930168,8572389.4,6992883.3,1.225873367570713,0.0570382047190223,0.046528627040861234,1.225873367570713,False,0.0608567910302662,0.04676331759946062,True,3,2,部分收敛/待确认,-0.07306153553057726,0.9072327044025157,0.11750384712556561,0.11629383064183996,0.11603315551542126,,-0.05183669492351162,89.0,81.17,0.09337078651685404,0.19884193667611183,True,True,False,False,False,True,True,True,True,False,False,False,3,1,0,1,3,1,0,0,9,True,,核心：振幅、流动性（成交量/换手合并）与短期止跌三类证据中至少两类支持+40日趋势仍活；缺失量价/换手必须明示；2%-6%单日加速仅为中等证据,94,False,30,50,34,13,未入选：满足基础条件，但位于本次软容量边界之外（30-50只）
688808,联讯仪器,2471.0,-0.06860158311345643,0.029669139094924413,0.09384683488269152,0.09919928825622781,0.19544077947963734,0.13818516812528792,,0.17801724137931035,-0.09586534943285763,0.18605746585021196,0.9567863378437365,1017532.8,837120.1,1.215515909843761,0.052732442295206725,0.043382766007550484,1.2155159098437613,False,0.04415159362289267,0.04442502833559003,True,3,2,部分收敛/待确认,-0.11043750922502582,0.8531343655147983,0.045618326037419665,0.048482958949103816,0.02296412976609874,,-0.08481481481481479,2320.0,2180.0,0.06508620689655165,0.13348623853211006,True,True,False,False,False,True,True,True,True,False,False,False,3,1,0,1,3,1,0,0,9,True,距离短周期稳健上沿较远,核心：振幅、流动性（成交量/换手合并）与短期止跌三类证据中至少两类支持+40日趋势仍活；缺失量价/换手必须明示；2%-6%单日加速仅为中等证据,94,False,30,50,34,13,未入选：满足基础条件，但位于本次软容量边界之外（30-50只）
002172,澳洋健康,4.88,-0.04125736738703334,0.08203991130820398,0.029535864978902815,0.30133333333333323,0.5297805642633229,0.5792880258899678,,0.3592233009708737,-0.12857142857142856,0.34748010610079577,1.0337953012673236,160262122.4,186347544.2,0.8600173567514072,0.15273917561980174,0.24354675799313408,0.6271451809845388,True,0.046825754164790734,0.017687375635639935,True,3,2,部分收敛/待确认,-0.12857142857142856,0.7491289198606272,0.07845303867403297,0.06699430936368334,0.07183317459521787,,0.031712473572938604,4.12,4.12,0.18446601941747565,0.18446601941747565,False,False,True,True,True,True,False,True,True,False,True,False,0,0,1,1,3,1,2,0,8,False,短波动仍偏大,核心：振幅、流动性（成交量/换手合并）与短期止跌三类证据中至少两类支持+40日趋势仍活；缺失量价/换手必须明示；2%-6%单日加速仅为中等证据,139,False,30,50,34,13,未入选：未满足二级结构筛选最低资格条件
002636,金安国纪,69.5,0.012529137529137424,-0.01278409090909094,0.10142630744849446,0.015043084562582187,-0.2668002953898091,-0.3152034683220021,,0.12821316614420075,-0.08971840209561222,0.3209342560553633,0.39949978453556895,50832733.8,55548946.8,0.9150980662697281,0.07009140471426804,0.07659441900034389,0.9150980662697284,True,-0.03653758800817619,0.02719573308325751,False,3,2,部分收敛/待确认,-0.4412284933269014,0.4317075696386041,0.030079812658865945,0.022648498478634815,-0.010135298660903125,,-0.03445401500416789,63.8,63.8,0.08934169278996862,0.08934169278996862,True,True,True,True,True,False,True,False,True,False,True,False,3,1,1,0,0,1,2,0,8,False,40日趋势偏弱,核心：振幅、流动性（成交量/换手合并）与短期止跌三类证据中至少两类支持+40日趋势仍活；缺失量价/换手必须明示；2%-6%单日加速仅为中等证据,139,False,30,50,34,13,未入选：未满足二级结构筛选最低资格条件
301282,金禄电子,42.88,0.06401985111662545,0.18616874135546357,0.27353727353727364,0.6211720226843103,1.0037383177570094,0.49772965420887205,,0.1724696356275304,-0.012891344383056946,0.21343749999999995,0.8080568579913578,20838904.0,19365405.4,1.0760892204198318,0.11801537423643813,0.10967062209804028,1.0760892204198316,False,0.07798987555368075,0.06387536514118786,True,3,2,部分收敛/待确认,-0.012891344383056946,0.9787717968157698,0.1825703254274682,0.10845374715420686,0.05582411110838481,,0.034249879401833105,37.05,32.58,0.15735492577597854,0.31614487415592407,False,True,False,False,False,True,False,True,True,False,True,False,0,1,0,1,3,1,2,0,8,False,10日速度仍偏快，整理可能未完成,核心：振幅、流动性（成交量/换手合并）与短期止跌三类证据中至少两类支持+40日趋势仍活；缺失量价/换手必须明示；2%-6%单日加速仅为中等证据,139,False,30,50,34,13,未入选：未满足二级结构筛选最低资格条件
301529,福赛科技,122.9,-0.028842354800474035,0.08645685997171149,0.08091468777484612,0.24128875871124134,0.13460118168389967,0.1843500048183484,,0.2265250493467432,-0.058165376657215107,0.39162790697674427,0.5784190689970282,3852539.2,3449793.6,1.116744839459381,0.06060627302916614,0.05427047512348998,1.1167448394593809,False,0.06082004151659781,0.030139348300373126,True,3,2,部分收敛/待确认,-0.08962962962962961,0.8246122626467605,0.10343465359424298,0.07093761015156863,0.010194353015689162,,-0.04283489096573212,106.39,106.39,0.15518375787198058,0.15518375787198058,False,True,False,False,False,True,False,True,True,False,True,False,0,1,0,1,3,1,2,0,8,False,短波动仍偏大,核心：振幅、流动性（成交量/换手合并）与短期止跌三类证据中至少两类支持+40日趋势仍活；缺失量价/换手必须明示；2%-6%单日加速仅为中等证据,139,False,30,50,34,13,未入选：未满足二级结构筛选最低资格条件
600103,青山纸业,3.94,-0.02716049382716046,0.0025445292620864812,0.13544668587896247,0.29180327868852474,0.40714285714285725,0.06486486486486487,,0.20289855072463772,-0.06190476190476191,0.5053763440860215,0.4014801110083257,465731037.0,333542313.8,1.3963177016252981,0.21051616965909678,0.15076523731960018,1.3963177016252983,False,-0.0015649452269170805,0.06662995594713661,True,3,2,部分收敛/待确认,-0.30998248686514884,0.4652567975830816,0.1468490758259351,0.06175643521522822,0.008603430550294888,,-0.043689320388349606,3.45,3.45,0.1420289855072463,0.1420289855072463,False,True,False,False,False,True,False,True,True,False,True,False,0,1,0,1,3,1,2,0,8,False,短波动仍偏大,核心：振幅、流动性（成交量/换手合并）与短期止跌三类证据中至少两类支持+40日趋势仍活；缺失量价/换手必须明示；2%-6%单日加速仅为中等证据,139,False,30,50,34,13,未入选：未满足二级结构筛选最低资格条件
603980,吉华集团,7.76,0.006485084306095956,0.061559507523939905,0.1513353115727003,0.07628294036061023,0.2516129032258063,0.32423208191126274,,0.2170767004341534,-0.07728894173602863,0.2734375,0.7938805044449039,77705068.0,41334255.5,1.879919380669624,0.11480679380224397,0.06107006235626444,1.879919380669624,False,0.018129269574356233,0.043200444506181546,True,3,2,部分收敛/待确认,-0.07728894173602863,0.7909967845659163,0.08191007319623567,0.03720998820290977,0.050269914417379935,,-0.047852760736196376,6.91,6.7,0.12301013024602026,0.15820895522388057,False,True,False,False,False,True,False,True,True,False,True,False,0,1,0,1,3,1,2,0,8,False,短波动仍偏大,核心：振幅、流动性（成交量/换手合并）与短期止跌三类证据中至少两类支持+40日趋势仍活；缺失量价/换手必须明示；2%-6%单日加速仅为中等证据,139,False,30,50,34,13,未入选：未满足二级结构筛选最低资格条件
688143,长盈通,174.2,0.036904761904761774,-0.002062328139321834,0.021640959474517718,0.4763963047715907,0.37111373475009835,-0.09544085574826056,,0.1903700401248329,-0.09740932642487055,0.532232454747539,0.35768213386223074,15914989.2,18747108.6,0.8489303358492305,0.13005159427673227,0.15319466013266528,0.8489303358492306,True,0.024798497348962112,0.02032378849338734,True,3,3,收敛较充分,-0.31656793126446703,0.6137201397864905,0.09348272994052387,0.10083283366835105,-0.011164629213124444,,-0.05812381724790483,157.01,157.01,0.10948347239029355,0.10948347239029355,False,True,True,True,True,True,False,True,True,False,False,True,0,1,1,1,3,1,0,1,8,False,短波动仍偏大,核心：振幅、流动性（成交量/换手合并）与短期止跌三类证据中至少两类支持+40日趋势仍活；缺失量价/换手必须明示；2%-6%单日加速仅为中等证据,139,False,30,50,34,13,未入选：未满足二级结构筛选最低资格条件
688677,海泰新光,89.33,-0.05460895332839455,0.08278787878787885,-0.010522817899867087,0.12904448938321522,0.08925740763321532,-0.2493908074951685,,0.22966625463535226,-0.1048201222567392,0.27596439169139464,0.8322314818506851,11107337.0,10741237.1,1.0340835880068229,0.09265611418370492,0.08960215137182274,1.0340835880068229,False,0.034655648661823024,0.02087622640641351,True,3,2,部分收敛/待确认,-0.47511604677125563,0.3981391886862672,0.023739807583215367,0.03884246821652959,-0.0643479267758732,,-0.044598930481283494,80.9,79.52,0.1042027194066748,0.12336519114688138,False,True,False,False,False,True,False,True,True,False,True,False,0,1,0,1,3,1,2,0,8,False,短波动仍偏大,核心：振幅、流动性（成交量/换手合并）与短期止跌三类证据中至少两类支持+40日趋势仍活；缺失量价/换手必须明示；2%-6%单日加速仅为中等证据,139,False,30,50,34,13,未入选：未满足二级结构筛选最低资格条件
000890,法尔胜,8.94,-0.02401746724890841,-0.021881838074398363,0.12030075187969902,0.16558018252933504,0.2662889518413598,-0.05596620908130956,,0.1421628189550425,-0.0726141078838175,0.393063583815029,0.3616789364591522,59317306.0,52971966.5,1.1197867460706787,0.14140303247378486,0.12627675132784594,1.1197867460706787,False,-0.020188425302826496,0.049388578891131685,False,3,1,结构未成熟,-0.4923339011925043,0.28049792531120327,0.10493140526510913,0.04744443947592014,-0.026440980333857222,,-0.046908315565032166,8.23,7.98,0.08626974483596594,0.12030075187969902,True,True,False,False,False,False,False,True,True,False,True,False,0,1,0,0,3,1,2,0,7,False,振幅、量能、换手或短期趋势尚未形成两类收敛支持,核心：振幅、流动性（成交量/换手合并）与短期止跌三类证据中至少两类支持+40日趋势仍活；缺失量价/换手必须明示；2%-6%单日加速仅为中等证据,147,False,30,50,34,13,未入选：未满足二级结构筛选最低资格条件
002124,天邦食品,2.52,0.0,0.11013215859030834,0.1150442477876108,0.09565217391304359,0.10526315789473695,0.0862068965517242,,0.2201834862385321,-0.052631578947368474,0.09174311926605491,2.4000000000000035,250544675.4,78649570.8,3.185582233336231,0.12702685497767813,0.03987555356392226,3.185582233336235,False,0.05536332179930792,0.034782608695652195,True,3,1,结构未成熟,-0.23170731707317072,0.3920000000000002,0.07623318385650224,0.019408910454344674,0.0008106713833002654,,-0.03448275862068961,2.18,2.18,0.15596330275229353,0.15596330275229353,False,False,False,False,False,True,False,True,True,False,True,False,0,0,0,1,3,1,2,0,7,False,振幅、量能、换手或短期趋势尚未形成两类收敛支持,核心：振幅、流动性（成交量/换手合并）与短期止跌三类证据中至少两类支持+40日趋势仍活；缺失量价/换手必须明示；2%-6%单日加速仅为中等证据,147,False,30,50,34,13,未入选：未满足二级结构筛选最低资格条件
603122,合富中国,13.35,-0.0022421524663678305,0.09426229508196715,0.12184873949579833,0.0766129032258065,0.21143375680580756,0.09967051070840194,,0.21900826446280997,-0.0949152542372882,0.1427297056199821,1.534426652892563,40580517.2,17969277.5,2.2583277040493144,0.10194761656054663,0.04514296856817922,2.2583277040493166,False,0.06310057655349133,0.040521810028536276,True,3,1,结构未成熟,-0.3972911963882618,0.327217125382263,0.0699258665598077,0.04479276908555252,0.008083696905140547,,-0.029090909090909167,12.1,11.74,0.10330578512396693,0.13713798977853497,False,False,False,False,False,True,False,True,True,False,True,False,0,0,0,1,3,1,2,0,7,False,振幅、量能、换手或短期趋势尚未形成两类收敛支持,核心：振幅、流动性（成交量/换手合并）与短期止跌三类证据中至少两类支持+40日趋势仍活；缺失量价/换手必须明示；2%-6%单日加速仅为中等证据,147,False,30,50,34,13,未入选：未满足二级结构筛选最低资格条件
603989,艾华集团,33.65,-0.01866433362496356,0.15556318681318682,0.23986735445836405,0.13990514905149043,-0.0374713958810069,-0.0152180275095114,,0.17337883959044376,-0.02123327515997686,0.2694380292532716,0.6434831789371045,46490014.6,23425898.3,1.9845563232894254,0.11658064828048234,0.05874393531308221,1.9845563232894265,False,0.06695674762956205,0.06440376997677921,True,3,2,部分收敛/待确认,-0.41751774277306564,0.43019135364989364,0.11342730461253403,0.03399477003537932,-0.004370493836731604,,-0.014352665495020567,29.3,26.95,0.14846416382252547,0.24860853432281993,False,True,False,False,False,True,False,False,True,True,True,False,0,1,0,1,0,1,4,0,7,False,10日速度仍偏快，整理可能未完成,核心：振幅、流动性（成交量/换手合并）与短期止跌三类证据中至少两类支持+40日趋势仍活；缺失量价/换手必须明示；2%-6%单日加速仅为中等证据,147,False,30,50,34,13,未入选：未满足二级结构筛选最低资格条件
605388,均瑶健康,6.42,-0.015337423312883347,0.0456026058631922,0.05766062602965394,0.011023622047244164,0.2514619883040936,0.20676691729323293,,0.1148086522462563,-0.05726872246696035,0.08732876712328763,1.3146716257218376,12248044.0,9313329.2,1.3151091019095513,0.018765906613109798,0.015509704171967889,1.2099461346933453,False,0.0272638753651413,0.02237465294790142,True,3,1,结构未成熟,-0.29450549450549446,0.4017857142857143,0.03690543487038678,0.03733273361070499,0.023988739979193374,,-0.025796661608497695,6.01,6.01,0.06821963394342756,0.06821963394342756,True,False,False,False,False,True,False,True,True,False,True,False,0,0,0,1,3,1,2,0,7,False,振幅、量能、换手或短期趋势尚未形成两类收敛支持,核心：振幅、流动性（成交量/换手合并）与短期止跌三类证据中至少两类支持+40日趋势仍活；缺失量价/换手必须明示；2%-6%单日加速仅为中等证据,147,False,30,50,34,13,未入选：未满足二级结构筛选最低资格条件
000635,英 力 特,7.53,-0.00659630606860151,-0.05163727959697739,0.1952380952380952,0.14786585365853666,0.3027681660899655,0.09447674418604657,,0.1968838526912181,-0.10887573964497033,0.28271405492730206,0.6964063132335088,40439228.0,4757371.6,8.50032988804154,0.11024275744143545,0.01296923282901374,8.500329888041573,False,0.021172638436482094,0.051576347522882315,True,3,2,部分收敛/待确认,-0.19551282051282048,0.5132978723404257,0.1041865239387052,0.041979949874686895,0.006715267434872274,,-0.0703703703703703,7.06,6.22,0.06657223796033995,0.21061093247588425,False,True,False,False,False,True,False,True,True,False,False,False,0,1,0,1,3,1,0,0,6,False,短波动仍偏大,核心：振幅、流动性（成交量/换手合并）与短期止跌三类证据中至少两类支持+40日趋势仍活；缺失量价/换手必须明示；2%-6%单日加速仅为中等证据,152,False,30,50,34,13,未入选：未满足二级结构筛选最低资格条件
002837,英维克,62.43,-0.009047619047619082,-0.057375811565755774,0.005799903334944512,0.11462238885913223,-0.07838795394154108,-0.147014619483536,,0.1403197158081706,-0.11597281223449452,0.3249710536472404,0.43179142952371746,63188962.4,72195715.0,0.8752453300033112,0.06659382549748877,0.06370734272988693,1.0453084784879547,True,-0.03137584901123991,0.02007059852555293,False,3,2,部分收敛/待确认,-0.33208516101422914,0.3485834207764953,0.02463523117070676,0.019800991518056588,-0.007577952788500153,,-0.07906770910163752,61.93,61.48,0.008073631519457392,0.015452179570592195,True,True,True,False,True,False,True,False,True,False,False,False,3,1,1,0,0,1,0,0,6,False,40日趋势偏弱,核心：振幅、流动性（成交量/换手合并）与短期止跌三类证据中至少两类支持+40日趋势仍活；缺失量价/换手必须明示；2%-6%单日加速仅为中等证据,152,False,30,50,34,13,未入选：未满足二级结构筛选最低资格条件
300378,鼎捷数智,37.71,-0.013343799058084693,-0.026084710743801587,0.249502982107356,0.030327868852459083,0.2654362416107383,0.006942590120160075,,0.12322908313285237,-0.10257020466444555,0.37563451776649737,0.32805580239421517,21168427.6,17878932.8,1.1839872008467978,0.07854320524798707,0.06633788371344918,1.1839872008467978,False,-0.007643377449471633,0.06539770011527546,True,3,2,部分收敛/待确认,-0.14933453643131056,0.6354625550660794,0.059180406145549425,0.05573493616809899,0.005645157321232386,,-0.05677838919459721,37.41,30.15,0.008019246190858142,0.25074626865671656,False,True,False,False,False,True,False,True,True,False,False,False,0,1,0,1,3,1,0,0,6,False,10日速度仍偏快，整理可能未完成,核心：振幅、流动性（成交量/换手合并）与短期止跌三类证据中至少两类支持+40日趋势仍活；缺失量价/换手必须明示；2%-6%单日加速仅为中等证据,152,False,30,50,34,13,未入选：未满足二级结构筛选最低资格条件
300456,赛微电子,37.09,-0.013826110077107101,-0.06314725940894161,0.2011010362694301,0.13390400489147058,0.08672721945502482,-0.09536585365853645,,0.10027247956403268,-0.11267942583732038,0.40315542128230947,0.2487191645472551,35838822.6,45731223.2,0.7836838836184902,0.05997499342161141,0.07652957356311825,0.7836838836184897,True,-0.03127860848336883,0.05618100040888652,False,3,2,部分收敛/待确认,-0.3654405474764756,0.33726341917468206,0.052601705617754346,0.04769617309329499,-0.013167561193596855,,-0.08147597820703312,36.7,31.91,0.010626702997275306,0.16233155750548423,False,True,True,True,True,False,False,True,True,False,False,False,0,1,1,0,3,1,0,0,6,False,10日速度仍偏快，整理可能未完成,核心：振幅、流动性（成交量/换手合并）与短期止跌三类证据中至少两类支持+40日趋势仍活；缺失量价/换手必须明示；2%-6%单日加速仅为中等证据,152,False,30,50,34,13,未入选：未满足二级结构筛选最低资格条件
300864,南大环境,27.19,-0.08358611391978432,0.1052845528455284,0.04176245210727969,0.384419551934827,0.3907928388746804,0.2658286778398511,,0.26190476190476186,-0.11548471047495112,0.47647647647647645,0.5496698679471788,8116283.0,7171981.7,1.1316653248013726,0.05101238454042256,0.04507727101152995,1.131665324801373,False,0.09046511627906995,0.0336634423460771,True,3,2,部分收敛/待确认,-0.11548471047495112,0.7446043165467627,0.1117016926976857,0.08307835253031737,0.04125832925341677,,-0.09637753406447325,24.36,24.26,0.11617405582922835,0.12077493816982687,False,True,False,False,False,True,False,True,True,False,False,False,0,1,0,1,3,1,0,0,6,False,短波动仍偏大,核心：振幅、流动性（成交量/换手合并）与短期止跌三类证据中至少两类支持+40日趋势仍活；缺失量价/换手必须明示；2%-6%单日加速仅为中等证据,152,False,30,50,34,13,未入选：未满足二级结构筛选最低资格条件
600110,诺德股份,11.26,-0.019163763066202155,-0.033476394849785485,-0.03430531732418529,0.08897485493230173,-0.03430531732418529,-0.28051118210862624,,0.10449129239230069,-0.1063492063492063,0.3305174234424497,0.31614458113581084,139374060.0,222300086.7,0.6269635881343091,0.08286979108720016,0.1281134909912668,0.6468467172817046,True,-0.025504049629502035,0.0011348756001743343,False,3,2,部分收敛/待确认,-0.3887079261672096,0.3697183098591548,0.01918899348298342,0.03894044984641809,-0.01403045085827559,,-0.06556016597510383,10.91,10.81,0.03208065994500453,0.04162812210915812,True,True,True,True,True,False,True,False,True,False,False,False,3,1,1,0,0,1,0,0,6,False,40日趋势偏弱,核心：振幅、流动性（成交量/换手合并）与短期止跌三类证据中至少两类支持+40日趋势仍活；缺失量价/换手必须明示；2%-6%单日加速仅为中等证据,152,False,30,50,34,13,未入选：未满足二级结构筛选最低资格条件
600785,新华百货,11.82,-0.031147540983606503,-0.02716049382716046,0.035026269702276736,0.2946330777656079,0.39551357733175907,0.09953488372093022,,0.18156934306569328,-0.09633027522935778,0.4982817869415807,0.3643908884973569,63707988.2,52337144.7,1.2172614414710323,0.20168172541122337,0.165684805695887,1.2172614414710325,False,0.00400667779632724,0.022480488632507623,True,3,2,部分收敛/待确认,-0.14098837209302317,0.6920634920634922,0.08594790757499204,0.07013233177717715,0.02359696110352516,,-0.08725868725868724,10.96,10.96,0.07846715328467146,0.07846715328467146,False,True,False,False,False,True,False,True,True,False,False,False,0,1,0,1,3,1,0,0,6,False,短波动仍偏大,核心：振幅、流动性（成交量/换手合并）与短期止跌三类证据中至少两类支持+40日趋势仍活；缺失量价/换手必须明示；2%-6%单日加速仅为中等证据,152,False,30,50,34,13,未入选：未满足二级结构筛选最低资格条件
601566,九牧王,10.55,-0.029438822447101942,0.01833976833976836,0.26045400238948657,0.2182448036951501,0.2772397094430994,0.09326424870466332,,0.17466802860061298,-0.08260869565217388,0.2588092345078978,0.6748910213065942,56781249.4,10479771.2,5.418176438813855,0.09881235384798909,0.01823719750802741,5.418176438813868,False,0.07611548556430447,0.07681365576102417,True,3,2,部分收敛/待确认,-0.1744913928012518,0.5855018587360596,0.15420381817187256,0.05227781926811059,-0.012082567401960898,,-0.07456140350877194,9.79,8.23,0.07763023493360599,0.281895504252734,False,True,False,False,False,True,False,True,True,False,False,False,0,1,0,1,3,1,0,0,6,False,10日速度仍偏快，整理可能未完成,核心：振幅、流动性（成交量/换手合并）与短期止跌三类证据中至少两类支持+40日趋势仍活；缺失量价/换手必须明示；2%-6%单日加速仅为中等证据,152,False,30,50,34,13,未入选：未满足二级结构筛选最低资格条件
603083,XD剑桥科,218.99,-0.014889788573999141,0.2171520675855938,0.14792682287571424,0.3718599260790578,0.052785923753665864,0.10612183048792811,,0.2375474769397721,-0.039854437039635204,0.2386232806156456,0.9954916231429811,29033451.6,22902798.8,1.2676813804957323,0.10535078560807058,0.08310509819657733,1.2676813804957328,False,0.10419905008635588,0.05890023439394376,True,3,2,部分收敛/待确认,-0.1679395113796116,0.7292330311198235,0.16410047868509103,0.04244753932804035,0.007306439462074987,,0.057309772112784874,184.3,176.92,0.18822571893651663,0.23779109201899185,False,True,False,False,False,True,False,True,True,False,False,False,0,1,0,1,3,1,0,0,6,False,短波动仍偏大,核心：振幅、流动性（成交量/换手合并）与短期止跌三类证据中至少两类支持+40日趋势仍活；缺失量价/换手必须明示；2%-6%单日加速仅为中等证据,152,False,30,50,34,13,未入选：未满足二级结构筛选最低资格条件
603090,宏盛股份,40.98,-0.02055449330783954,0.01636904761904745,0.07842105263157895,0.02169035153328336,-0.10660562459123613,-0.34242618741976893,,0.1355555555555556,-0.1089367253750817,0.17258601553829075,0.7854376563058239,11861701.6,3991330.7,2.97186640034613,0.118617016,0.039913306999999995,2.971866400346131,False,0.016799081075907107,0.02954050876710257,True,3,2,部分收敛/待确认,-0.48179059180576633,0.18292944456358556,0.028950209656765313,0.017553099637368064,-0.06674160660799555,,-0.07598647125140934,40.5,37.06,0.01185185185185178,0.10577441985968683,True,True,False,False,False,True,True,False,True,False,False,False,3,1,0,1,0,1,0,0,6,False,40日趋势偏弱,核心：振幅、流动性（成交量/换手合并）与短期止跌三类证据中至少两类支持+40日趋势仍活；缺失量价/换手必须明示；2%-6%单日加速仅为中等证据,152,False,30,50,34,13,未入选：未满足二级结构筛选最低资格条件
603216,梦天家居,22.81,0.04825367647058809,-0.05313408053134083,0.10140028971511339,0.0759433962264151,0.14508032128514037,0.011529933481152943,,0.16961299569995225,-0.0682189542483661,0.21482602118003036,0.7895365504061154,12709631.4,5453803.4,2.3304161275780495,0.05625345547622251,0.024490562665588893,2.2969441839432663,False,-0.016766151685393194,0.02094072164948435,False,3,1,结构未成熟,-0.38133984269053434,0.2819203268641471,0.06159681660577565,0.024537007162676705,-0.006193779083224826,,-0.05313408053134083,20.93,20.26,0.08982322025800271,0.12586377097729495,True,True,False,False,False,False,False,True,True,False,False,True,0,1,0,0,3,1,0,1,6,False,振幅、量能、换手或短期趋势尚未形成两类收敛支持,核心：振幅、流动性（成交量/换手合并）与短期止跌三类证据中至少两类支持+40日趋势仍活；缺失量价/换手必须明示；2%-6%单日加速仅为中等证据,152,False,30,50,34,13,未入选：未满足二级结构筛选最低资格条件
603269,海鸥股份,26.03,-0.03270159791898919,-0.05034658883619114,0.42007637752318616,0.482346241457859,0.7481531229012761,0.5643028846153846,,0.12244109694862874,-0.10426703372333102,0.6079578700994734,0.2013973384843181,51743016.6,38669666.2,1.338077663571867,0.11979061663544625,0.0895244124438016,1.3380776635718672,False,0.02028657616892926,0.10807637106945589,True,3,2,部分收敛/待确认,-0.10426703372333102,0.8483483483483486,0.19912472647702395,0.15786474550745866,0.10559040027875755,,-0.08922323303009083,25.89,18.16,0.0054074932406333875,0.4333700440528634,False,True,False,False,False,True,False,True,True,False,False,False,0,1,0,1,3,1,0,0,6,False,10日速度仍偏快，整理可能未完成,核心：振幅、流动性（成交量/换手合并）与短期止跌三类证据中至少两类支持+40日趋势仍活；缺失量价/换手必须明示；2%-6%单日加速仅为中等证据,152,False,30,50,34,13,未入选：未满足二级结构筛选最低资格条件
605118,力鼎光电,33.9,-0.012525487911447697,-0.015679442508710784,0.20298083747338524,0.1585782638414217,0.10136452241715399,0.03701437748546965,,0.08832335329341326,-0.06740027510316371,0.23751347466762485,0.3718667053185615,9425951.2,4825484.1,1.9533690308916363,0.023053747598555482,0.011802044178018072,1.95336903089164,False,0.023957409050576528,0.05467928496319674,True,3,2,部分收敛/待确认,-0.3143203883495146,0.3278546712802768,0.0895416854149258,0.035876171542175594,0.0003362672203510719,,-0.06534325889164616,33.4,29.2,0.014970059880239583,0.16095890410958913,False,True,False,False,False,True,False,True,True,False,False,False,0,1,0,1,3,1,0,0,6,False,10日速度仍偏快，整理可能未完成,核心：振幅、流动性（成交量/换手合并）与短期止跌三类证据中至少两类支持+40日趋势仍活；缺失量价/换手必须明示；2%-6%单日加速仅为中等证据,152,False,30,50,34,13,未入选：未满足二级结构筛选最低资格条件
605288,凯迪股份,65.29,-0.03502808158439241,-0.007147201946472004,0.13745644599303142,0.01068111455108367,-0.0544532947139752,-0.11170068027210878,,0.1490625000000001,-0.11218384552624416,0.3103773584905661,0.4802621580547115,3471171.0,2281774.2,1.5212596408531571,0.03531974757809886,0.023217435492004994,1.5212596408531571,False,0.0066949802394855595,0.05198259944293193,True,3,2,部分收敛/待确认,-0.316978763468982,0.28856539093683975,0.033576596115183266,0.007198742938544056,-0.005266153591687028,,-0.09745645562620953,64.0,56.81,0.020156250000000098,0.14926949480725238,True,True,False,False,False,True,True,False,True,False,False,False,3,1,0,1,0,1,0,0,6,False,40日趋势偏弱,核心：振幅、流动性（成交量/换手合并）与短期止跌三类证据中至少两类支持+40日趋势仍活；缺失量价/换手必须明示；2%-6%单日加速仅为中等证据,152,False,30,50,34,13,未入选：未满足二级结构筛选最低资格条件
688498,源杰科技,1718.0,0.0017492711370261649,0.1600270087778528,0.11557717157680791,0.20223932820153956,-0.05030403537866224,0.06782357913579617,,0.23175715524718124,-0.03225988159547566,0.13608049832295163,1.7030886725382646,3478247.6,3178494.5,1.0943066284997505,0.028303254274740265,0.025864098359289683,1.0943066284997522,False,0.08554216867469866,0.03280157922132343,True,3,1,结构未成熟,-0.12709461725283777,0.8162923576328197,0.09823234454067298,0.03155122626730522,0.015614912798670888,,0.00703399765533419,1441.25,1440.03,0.1920208152645273,0.19303070074928996,False,False,False,False,False,True,False,False,True,True,True,False,0,0,0,1,0,1,4,0,6,False,振幅、量能、换手或短期趋势尚未形成两类收敛支持,核心：振幅、流动性（成交量/换手合并）与短期止跌三类证据中至少两类支持+40日趋势仍活；缺失量价/换手必须明示；2%-6%单日加速仅为中等证据,152,False,30,50,34,13,未入选：未满足二级结构筛选最低资格条件
688603,天承科技,113.39,-0.02652815934065933,-0.01818339250151524,0.06971698113207547,0.026339608979000673,-0.12100775193798452,-0.418870438704387,,0.1640366972477064,-0.10632093316519542,0.24786857974630888,0.6617889908256883,7469839.6,4839767.0,1.5434295907220326,0.06915117992352483,0.038803651798262166,1.7820791786050867,False,0.005732267392413615,0.03245811143155386,True,3,2,部分收敛/待确认,-0.469446004117537,0.32159037122185413,0.006743288895991961,0.034322935440344704,-0.06876513790139871,,-0.09287999999999996,109.0,105.06,0.04027522935779815,0.07928802588996753,True,True,False,False,False,True,True,False,True,False,False,False,3,1,0,1,0,1,0,0,6,False,40日趋势偏弱,核心：振幅、流动性（成交量/换手合并）与短期止跌三类证据中至少两类支持+40日趋势仍活；缺失量价/换手必须明示；2%-6%单日加速仅为中等证据,152,False,30,50,34,13,未入选：未满足二级结构筛选最低资格条件
001366,播恩集团,14.74,-0.1001221001221001,0.016551724137931156,0.16337805840568276,0.21217105263157898,0.29184925503943915,0.17543859649122817,,0.3826571201272871,-0.1518987341772151,0.2597741094700261,1.4730379440351418,21056221.8,8837392.8,2.382628256605274,0.1310444473487677,0.0549999551904406,2.3826282566052743,False,0.092927510660197,0.07361259746216176,True,3,1,结构未成熟,-0.20795271359484147,0.5646794150731159,0.11531476997578705,0.061477815985909734,0.011673427704178563,,-0.06708860759493673,12.57,12.45,0.17263325377883842,0.18393574297188753,False,False,False,False,False,True,False,True,True,False,False,False,0,0,0,1,3,1,0,0,5,False,振幅、量能、换手或短期趋势尚未形成两类收敛支持,核心：振幅、流动性（成交量/换手合并）与短期止跌三类证据中至少两类支持+40日趋势仍活；缺失量价/换手必须明示；2%-6%单日加速仅为中等证据,168,False,30,50,34,13,未入选：未满足二级结构筛选最低资格条件
002396,星网锐捷,35.81,-0.040717921242968025,-0.10092894802912367,0.18106860158311355,0.2163722826086958,0.3012354651162792,0.8987274655355251,,0.15730019768427,-0.1463647199046484,0.42687074829931987,0.3684960806308794,106438481.2,100942326.3,1.054448466777608,0.14566557817416081,0.1332721324150617,1.0929935278629823,False,-0.044048830111902304,0.05012782038457253,False,3,1,结构未成熟,-0.1463647199046484,0.7550857598723574,0.029496320147194055,0.03742996527555875,0.1172024019780995,,-0.1261591020009759,35.41,30.3,0.011296243998870636,0.18184818481848186,True,True,False,False,False,False,False,True,True,False,False,False,0,1,0,0,3,1,0,0,5,False,振幅、量能、换手或短期趋势尚未形成两类收敛支持,核心：振幅、流动性（成交量/换手合并）与短期止跌三类证据中至少两类支持+40日趋势仍活；缺失量价/换手必须明示；2%-6%单日加速仅为中等证据,168,False,30,50,34,13,未入选：未满足二级结构筛选最低资格条件
002463,沪电股份,127.55,0.021216973578862985,0.07737139961145356,0.06987082704244263,0.03690756849036658,-0.07053851198717476,-0.09307451649601817,,0.1832896283569944,-0.025294207550053627,0.13740866155765463,1.3339015625306034,55655146.8,46996154.5,1.1842489538159977,0.028944065607354696,0.02444086229849596,1.1842489538159975,False,0.018718113322296226,0.021962624710907264,True,3,1,结构未成熟,-0.1937420986093552,0.6316991107906753,0.0631868933353894,0.013333753354200617,-0.016833253943571602,,0.03995108030982464,110.59,110.59,0.15335925490550673,0.15335925490550673,False,False,False,False,False,True,False,False,True,False,True,True,0,0,0,1,0,1,2,1,5,False,振幅、量能、换手或短期趋势尚未形成两类收敛支持,核心：振幅、流动性（成交量/换手合并）与短期止跌三类证据中至少两类支持+40日趋势仍活；缺失量价/换手必须明示；2%-6%单日加速仅为中等证据,168,False,30,50,34,13,未入选：未满足二级结构筛选最低资格条件
002703,浙江世宝,16.52,-0.02421736562315413,-0.06242905788876285,-0.05057471264367808,0.09042904290429044,0.31007137192704204,0.044247787610619316,,0.17611212675198054,-0.1440414507772021,0.38812785388127835,0.4537477148080442,72944816.2,65640002.5,1.1112860058163465,0.1528460456414138,0.11200446757205787,1.3646424018138434,False,-0.024284574164861406,0.01611851851851842,False,3,1,结构未成熟,-0.30849727919631653,0.4160063391442155,0.03547699636454804,0.05025327471938956,0.010878824856675573,,-0.10557661072008662,16.41,16.05,0.006703229737964556,0.02928348909657319,True,True,False,False,False,False,False,True,True,False,False,False,0,1,0,0,3,1,0,0,5,False,振幅、量能、换手或短期趋势尚未形成两类收敛支持,核心：振幅、流动性（成交量/换手合并）与短期止跌三类证据中至少两类支持+40日趋势仍活；缺失量价/换手必须明示；2%-6%单日加速仅为中等证据,168,False,30,50,34,13,未入选：未满足二级结构筛选最低资格条件
002942,新农股份,18.9,-0.023760330578512456,-0.04929577464788737,0.09374999999999978,0.21621621621621623,0.2744436952124072,0.1630769230769229,,0.15477560414269284,-0.17826086956521747,0.4867485455720749,0.317978565217458,14327989.6,11100242.0,1.2907817325063724,0.10325877448162783,0.07999708384555873,1.2907817325063724,False,-0.07191438287657526,0.042676138472141245,False,3,1,结构未成熟,-0.17826086956521747,0.5742471443406022,0.06511876919608883,0.04794137738309612,0.03731581087169111,,-0.058295964125560595,17.38,17.38,0.08745684695051792,0.08745684695051792,True,True,False,False,False,False,False,True,True,False,False,False,0,1,0,0,3,1,0,0,5,False,振幅、量能、换手或短期趋势尚未形成两类收敛支持,核心：振幅、流动性（成交量/换手合并）与短期止跌三类证据中至少两类支持+40日趋势仍活；缺失量价/换手必须明示；2%-6%单日加速仅为中等证据,168,False,30,50,34,13,未入选：未满足二级结构筛选最低资格条件
300562,乐心医疗,17.2,-0.04338153503893216,-0.08217716115261464,0.07567229518449015,0.09554140127388533,0.22769450392576718,0.3458528951486699,,0.18712029161603877,-0.11975435005117707,0.3307905686546464,0.5656760178413581,18306305.6,17836707.3,1.0263276339125664,0.10943590855751259,0.10664944445244862,1.0261273194564682,False,-0.03539533870616418,0.032053864303389634,False,3,1,结构未成熟,-0.11975435005117707,0.7153284671532847,0.02448031449163146,0.048931786140332,0.07302228783002196,,-0.09473684210526323,16.46,15.71,0.044957472660996256,0.09484404837683003,False,True,False,False,False,False,False,True,True,False,False,False,0,1,0,0,3,1,0,0,5,False,振幅、量能、换手或短期趋势尚未形成两类收敛支持,核心：振幅、流动性（成交量/换手合并）与短期止跌三类证据中至少两类支持+40日趋势仍活；缺失量价/换手必须明示；2%-6%单日加速仅为中等证据,168,False,30,50,34,13,未入选：未满足二级结构筛选最低资格条件
300830,金现代,9.0,-0.029126213592232997,0.07015457788347201,0.10565110565110558,0.047729918509895164,0.20320855614973254,0.0033444816053511683,,0.1762065095398429,-0.1412213740458016,0.08868894601542421,1.9867922379999667,47099779.4,8927310.6,5.275920320281004,0.13978901352455242,0.02649566427059059,5.27592032028101,False,0.061572535991140764,0.042144696792320246,True,3,1,结构未成熟,-0.2549668874172185,0.40425531914893614,0.05374077976817704,0.041823693265606865,-0.0008380516321565556,,-0.10802775024777,8.91,7.78,0.010101010101010166,0.15681233933161942,True,False,False,False,False,True,False,True,True,False,False,False,0,0,0,1,3,1,0,0,5,False,振幅、量能、换手或短期趋势尚未形成两类收敛支持,核心：振幅、流动性（成交量/换手合并）与短期止跌三类证据中至少两类支持+40日趋势仍活；缺失量价/换手必须明示；2%-6%单日加速仅为中等证据,168,False,30,50,34,13,未入选：未满足二级结构筛选最低资格条件
301231,荣信文化,28.78,-0.04162504162504166,-0.04543946932006626,0.07830648182840005,0.040867992766727035,0.13575374901341752,-0.14675363178179646,,0.10133708655876139,-0.11555009219422241,0.2846427161468615,0.3560150350254404,9329484.0,6659474.9,1.4009338784353702,0.15489433652753784,0.10177858965933576,1.5218754459654666,False,-0.021994919106832267,0.03063503882565688,False,3,1,结构未成熟,-0.26356192425793235,0.4474248927038627,0.020531186837346116,0.040807393604382236,-0.030521353434485365,,-0.06406504065040641,28.42,26.02,0.012667135819845132,0.1060722521137587,True,True,False,False,False,False,False,True,True,False,False,False,0,1,0,0,3,1,0,0,5,False,振幅、量能、换手或短期趋势尚未形成两类收敛支持,核心：振幅、流动性（成交量/换手合并）与短期止跌三类证据中至少两类支持+40日趋势仍活；缺失量价/换手必须明示；2%-6%单日加速仅为中等证据,168,False,30,50,34,13,未入选：未满足二级结构筛选最低资格条件
600095,湘财股份,9.19,-0.029567053854276826,-0.04270833333333335,0.059976931949250245,0.11529126213592233,0.17669654289372594,0.12347188264058673,,0.14019715224534493,-0.11719500480307399,0.3254901960784314,0.43072619063328865,97497477.2,88645325.8,1.0998603290146631,0.034099711513767464,0.03100367438865307,1.0998603290146636,False,-0.013585837793330557,0.04247691472026083,False,3,1,结构未成熟,-0.11719500480307399,0.6199376947040497,0.04699515807462262,0.017179023508137492,0.036085563707760615,,-0.09009900990099007,9.13,8.99,0.006571741511500306,0.022246941045606095,True,True,False,False,False,False,False,True,True,False,False,False,0,1,0,0,3,1,0,0,5,False,振幅、量能、换手或短期趋势尚未形成两类收敛支持,核心：振幅、流动性（成交量/换手合并）与短期止跌三类证据中至少两类支持+40日趋势仍活；缺失量价/换手必须明示；2%-6%单日加速仅为中等证据,168,False,30,50,34,13,未入选：未满足二级结构筛选最低资格条件
600551,时代出版,7.74,-0.06181818181818177,-0.10208816705336421,0.11688311688311703,0.11366906474820149,0.13323572474377743,0.08100558659217882,,0.17928286852589648,-0.1852631578947368,0.4053254437869823,0.442318317969,66411972.8,29710690.5,2.2352887692058183,0.0979447823424309,0.04381750747006612,2.2352887692058196,False,-0.043136320305052434,0.04523004938913444,False,3,1,结构未成熟,-0.1852631578947368,0.4191419141914193,0.035105315947843385,0.030213325815243053,0.022510843490270993,,-0.1283783783783784,7.53,6.76,0.027888446215139417,0.1449704142011834,True,True,False,False,False,False,False,True,True,False,False,False,0,1,0,0,3,1,0,0,5,False,振幅、量能、换手或短期趋势尚未形成两类收敛支持,核心：振幅、流动性（成交量/换手合并）与短期止跌三类证据中至少两类支持+40日趋势仍活；缺失量价/换手必须明示；2%-6%单日加速仅为中等证据,168,False,30,50,34,13,未入选：未满足二级结构筛选最低资格条件
603016,新宏泰,31.34,-0.03480135509701254,-0.10965909090909098,0.0844290657439446,0.027540983606557434,0.06489976214746851,-0.1520562770562771,,0.11961102106969197,-0.11192972513459898,0.2730880230880231,0.4379943862684097,6317150.0,6187562.9,1.0209431567960303,0.04672512598992076,0.0417627085583153,1.118824128101658,False,-0.02550867294880288,0.030030604437643493,False,3,1,结构未成熟,-0.48453947368421046,0.19705641864268195,0.01786294251380327,0.02992299981775104,-0.031638352766845235,,-0.0926462072958888,30.85,28.41,0.01588330632090762,0.10313269975360795,True,True,False,False,False,False,False,True,True,False,False,False,0,1,0,0,3,1,0,0,5,False,振幅、量能、换手或短期趋势尚未形成两类收敛支持,核心：振幅、流动性（成交量/换手合并）与短期止跌三类证据中至少两类支持+40日趋势仍活；缺失量价/换手必须明示；2%-6%单日加速仅为中等证据,168,False,30,50,34,13,未入选：未满足二级结构筛选最低资格条件
603138,海量数据,13.95,-0.028551532033426197,0.05842185128983313,0.08814352574102946,0.02422907488986792,0.09842519685039375,-0.14312039312039326,,0.1676427525622254,-0.12539184952978055,0.08495145631067967,1.9733946873039092,27058238.2,4271031.0,6.3352942650147,0.09384050341459824,0.01481233538476848,6.335294265014712,False,0.050288184438040284,0.03668069753457637,True,3,1,结构未成熟,-0.36590909090909096,0.2812499999999999,0.03984197383623411,0.03587176427867389,-0.03960086934594931,,-0.07308970099667789,13.66,12.52,0.021229868228404003,0.1142172523961662,True,False,False,False,False,True,False,True,True,False,False,False,0,0,0,1,3,1,0,0,5,False,振幅、量能、换手或短期趋势尚未形成两类收敛支持,核心：振幅、流动性（成交量/换手合并）与短期止跌三类证据中至少两类支持+40日趋势仍活；缺失量价/换手必须明示；2%-6%单日加速仅为中等证据,168,False,30,50,34,13,未入选：未满足二级结构筛选最低资格条件
605168,三人行,49.64,-0.09990933816863101,0.015963978714695015,0.08811924594476106,0.1269012485811578,0.20106460198403098,0.0030309153364316277,,0.1671585160202361,-0.10348564204442834,0.10299003322259133,1.623055268454551,7729035.4,5716565.3,1.3520418283335276,0.0330720140991548,0.027116246221260333,1.2196383610510544,False,0.046679004729590634,0.036245099888895904,True,3,1,结构未成熟,-0.22655032720473678,0.5721012360211889,0.03849372384937255,0.0648126138974725,0.00900985277038946,,-0.05429605639169366,47.44,45.15,0.04637436762225966,0.09944629014396456,True,False,False,False,False,True,False,True,True,False,False,False,0,0,0,1,3,1,0,0,5,False,振幅、量能、换手或短期趋势尚未形成两类收敛支持,核心：振幅、流动性（成交量/换手合并）与短期止跌三类证据中至少两类支持+40日趋势仍活；缺失量价/换手必须明示；2%-6%单日加速仅为中等证据,168,False,30,50,34,13,未入选：未满足二级结构筛选最低资格条件
600105,永鼎股份,41.48,0.060598312452058156,0.07572614107883813,0.05978538579458337,0.006551807813637289,-0.11857203569910768,-0.2952769283044513,,0.15250544662309373,-0.04335793357933582,0.14387308533916843,1.0599998343232526,116539664.0,114716518.9,1.015892611783219,0.07971277588714708,0.0784657501812376,1.0158926117832194,False,0.012080536912751905,0.010021272778532486,True,3,1,结构未成熟,-0.43923212113018795,0.3485061159013434,0.04614065396401035,0.026258205689277725,-0.05184249390580231,,0.03751875937968996,36.72,36.72,0.12962962962962954,0.12962962962962954,True,False,False,False,False,True,False,False,True,False,True,False,0,0,0,1,0,1,2,0,4,False,振幅、量能、换手或短期趋势尚未形成两类收敛支持,核心：振幅、流动性（成交量/换手合并）与短期止跌三类证据中至少两类支持+40日趋势仍活；缺失量价/换手必须明示；2%-6%单日加速仅为中等证据,181,False,30,50,34,13,未入选：未满足二级结构筛选最低资格条件
603002,宏昌电子,16.41,-0.0006090133982948887,-0.006658595641646503,0.06766428106701383,0.07184846505551934,-0.09686296092460112,-0.22190611664295878,,0.1336898395721925,-0.13631578947368417,0.23975822699798524,0.5576027202324779,73859521.0,66894415.0,1.1041208896138788,0.06822108674077104,0.05898570025719442,1.156569921918494,False,-0.02029091798068683,0.015956793911869438,False,3,1,结构未成熟,-0.40218579234972673,0.39967373572593795,0.0007623113279462412,0.027930362363781214,-0.010850318351354415,,-0.03242924528301894,14.96,14.96,0.09692513368983957,0.09692513368983957,True,True,False,False,False,False,False,False,True,False,True,False,0,1,0,0,0,1,2,0,4,False,振幅、量能、换手或短期趋势尚未形成两类收敛支持,核心：振幅、流动性（成交量/换手合并）与短期止跌三类证据中至少两类支持+40日趋势仍活；缺失量价/换手必须明示；2%-6%单日加速仅为中等证据,181,False,30,50,34,13,未入选：未满足二级结构筛选最低资格条件
003018,金富科技,51.56,-0.015466870345617667,0.005068226120857888,0.16995688677104615,0.3030073287844326,-0.00846153846153841,-0.005017367811655737,,0.1980723839496458,-0.15350517156460342,0.3539572054653262,0.5595941568395308,23701686.8,21344904.7,1.1104142713740952,0.0833065882565408,0.07502298051498399,1.1104142715298064,False,0.029063141098700562,0.05562514116753259,True,3,2,部分收敛/待确认,-0.2384047267355982,0.6629776571309252,0.1039857826501227,0.07578489120772325,0.019803883868486638,,-0.0863016126174021,50.84,43.8,0.014162077104642012,0.17716894977168973,False,True,False,False,False,True,False,False,True,False,False,False,0,1,0,1,0,1,0,0,3,False,短波动仍偏大,核心：振幅、流动性（成交量/换手合并）与短期止跌三类证据中至少两类支持+40日趋势仍活；缺失量价/换手必须明示；2%-6%单日加速仅为中等证据,183,False,30,50,34,13,未入选：未满足二级结构筛选最低资格条件
301489,思泉新材,129.86,-0.036718344336473474,0.1099145299145301,0.13444570629859376,0.25589941972920704,-0.07572953736654797,-0.15146366962885505,,0.18696527428283838,-0.08232633736131711,0.23246492985971948,0.8042730333373822,12208125.4,7337213.9,1.6638639088878135,0.175452584476397,0.10544887928585205,1.6638639088878138,False,0.07764029695856944,0.04718134218654524,True,3,2,部分收敛/待确认,-0.37483150394762177,0.37406543934399883,0.08858934379505756,0.04833973629441468,-0.0246193427906658,,-0.07507122507122499,119.22,112.55,0.08924677067606113,0.15379831186139503,False,True,False,False,False,True,False,False,True,False,False,False,0,1,0,1,0,1,0,0,3,False,短波动仍偏大,核心：振幅、流动性（成交量/换手合并）与短期止跌三类证据中至少两类支持+40日趋势仍活；缺失量价/换手必须明示；2%-6%单日加速仅为中等证据,183,False,30,50,34,13,未入选：未满足二级结构筛选最低资格条件
688368,晶丰明源,144.0,-0.01309026111986844,-0.052569247976840594,0.23182207014542344,0.14014251781472686,-0.07680471855366067,-0.2853598014888338,,0.10474860335195532,-0.08975979772439946,0.4096797409139978,0.2556841183268194,3612735.4,5483760.2,0.6588062329931932,0.02920397023628286,0.04432861860398432,0.6588062329931924,True,-0.01940720763596948,0.059820545530121505,False,3,2,部分收敛/待确认,-0.3771626297577855,0.4269190325972661,0.05014056569030356,0.038142128999546054,-0.02592267794771297,,-0.08455181182453919,143.2,115.77,0.005586592178770999,0.2438455558434829,False,True,True,True,True,False,False,False,True,False,False,False,0,1,1,0,0,1,0,0,3,False,10日速度仍偏快，整理可能未完成,核心：振幅、流动性（成交量/换手合并）与短期止跌三类证据中至少两类支持+40日趋势仍活；缺失量价/换手必须明示；2%-6%单日加速仅为中等证据,183,False,30,50,34,13,未入选：未满足二级结构筛选最低资格条件
301018,申菱环境,100.7,-0.007001281924859382,-0.057292641827373036,-0.01851851851851849,0.09635274904735991,-0.04982072089073408,-0.08579210167952789,,0.1594202898550725,-0.13189655172413794,0.2960728649160159,0.5384495127586032,20374979.6,20036808.6,1.0168774881644576,0.08314060170919892,0.0708457790046201,1.1735434753816036,False,-0.023213786679087134,0.01161543617734373,False,3,1,结构未成熟,-0.24348283374652546,0.5522862273794722,0.00932143931041396,0.03724408546926439,0.007964087972280653,,-0.1165891744889902,100.05,100.0,0.006496751624188057,0.007000000000000117,True,True,False,False,False,False,False,False,True,False,False,False,0,1,0,0,0,1,0,0,2,False,振幅、量能、换手或短期趋势尚未形成两类收敛支持,核心：振幅、流动性（成交量/换手合并）与短期止跌三类证据中至少两类支持+40日趋势仍活；缺失量价/换手必须明示；2%-6%单日加速仅为中等证据,186,False,30,50,34,13,未入选：未满足二级结构筛选最低资格条件
301626,苏州天脉,289.42,0.07268077536043882,0.14097610975321295,0.14007720790987155,0.13904522019756782,-0.04839876372723073,-0.08674387049951093,,0.16784452296819782,-0.06300181300181296,0.11046895640686918,1.519381810307035,2501069.6,1717806.6,1.4559669289895614,0.04606665701489284,0.03264612906539948,1.4110909419799273,False,0.04468477727686837,0.024363431545826764,True,3,1,结构未成熟,-0.252164026769334,0.5071461037321349,0.09719389495871611,0.03726386565610884,-0.02493700864675319,,0.07196562835660592,249.04,242.92,0.16214262769033105,0.1914210439650914,True,False,False,False,False,True,False,False,True,False,False,False,0,0,0,1,0,1,0,0,2,False,振幅、量能、换手或短期趋势尚未形成两类收敛支持,核心：振幅、流动性（成交量/换手合并）与短期止跌三类证据中至少两类支持+40日趋势仍活；缺失量价/换手必须明示；2%-6%单日加速仅为中等证据,186,False,30,50,34,13,未入选：未满足二级结构筛选最低资格条件
000988,华工科技,108.79,0.08216452800159169,0.09556898288016114,0.048073217726396944,0.023231753197893168,-0.250809172921975,-0.33664634146341454,,0.16879822428918717,-0.0505323791237563,0.09600162370610912,1.7582850974055513,48651180.6,38240741.9,1.2722342240959505,0.048409825813066264,0.038051032503441946,1.2722342240959508,False,0.011296385156750022,-0.001166197900843935,True,3,1,结构未成熟,-0.4202813599062133,0.1904957405316638,0.04235432765319391,-0.008622984148973223,-0.06614368424936556,,0.06573275862068972,94.61,94.61,0.1498784483669804,0.1498784483669804,True,False,False,False,False,True,False,False,False,False,False,False,0,0,0,1,0,0,0,0,1,False,振幅、量能、换手或短期趋势尚未形成两类收敛支持,核心：振幅、流动性（成交量/换手合并）与短期止跌三类证据中至少两类支持+40日趋势仍活；缺失量价/换手必须明示；2%-6%单日加速仅为中等证据,188,False,30,50,34,13,未入选：未满足二级结构筛选最低资格条件
