股票代码,股票名称,日期,开盘价,最高价,最低价,收盘价,成交量,成交额,换手率,未复权开盘价,未复权最高价,未复权最低价,未复权收盘价,前复权比例系数,5日成交量比
000520,凤凰航运,2026-03-19,4.43,4.43,4.29,4.31,21972700.0,95801627.0,0.0217103637960369,4.43,4.43,4.29,4.31,1.0,0.9038427064331624
000520,凤凰航运,2026-03-20,4.29,4.36,4.23,4.23,16898227.0,72490387.0,0.0166964758849851,4.29,4.36,4.23,4.23,1.0,0.7669982419645146
000520,凤凰航运,2026-03-23,4.18,4.27,3.97,4.04,26155950.0,108157524.0,0.0258436691863518,4.18,4.27,3.97,4.04,1.0,1.2423715670288242
000520,凤凰航运,2026-03-24,4.12,4.23,4.05,4.22,24805300.0,102810429.0,0.0245091448511032,4.12,4.23,4.05,4.22,1.0,1.1802713021928761
000520,凤凰航运,2026-03-25,4.22,4.3,4.18,4.29,16424300.0,69813413.0,0.0162282071887046,4.22,4.3,4.18,4.29,1.0,0.7727482018688572
000520,凤凰航运,2026-03-26,4.28,4.33,4.16,4.17,16087808.0,68095266.0,0.0158957326300724,4.28,4.33,4.16,4.17,1.0,0.7570271692708201
000520,凤凰航运,2026-03-27,4.13,4.23,4.11,4.21,12244167.0,51335822.0,0.0120979815839396,4.13,4.23,4.11,4.21,1.0,0.6099418974005442
000520,凤凰航运,2026-03-30,4.15,4.23,4.12,4.22,12545387.0,52521043.0,0.0123956052616234,4.15,4.23,4.12,4.22,1.0,0.6553338586638131
000520,凤凰航运,2026-03-31,4.19,4.26,4.1,4.11,13814891.0,57679485.0,0.0136499524142502,4.19,4.26,4.1,4.11,1.0,0.8412740322799911
000520,凤凰航运,2026-04-01,4.16,4.23,4.15,4.19,12069611.0,50475193.0,0.011925509640902,4.16,4.23,4.15,4.19,1.0,0.848579584558886
000520,凤凰航运,2026-04-02,4.18,4.25,4.15,4.18,16482300.0,69328714.0,0.01628551471578,4.18,4.25,4.15,4.18,1.0,1.2344098121646214
000520,凤凰航运,2026-04-03,4.19,4.22,4.01,4.01,20850800.0,84731908.0,0.0206018583714521,4.19,4.22,4.01,4.01,1.0,1.5524070424547753
000520,凤凰航运,2026-04-07,4.02,4.13,3.98,4.1,14099770.0,57470938.0,0.0139314301902109,4.02,4.13,3.98,4.1,1.0,0.9305183299988335
000520,凤凰航运,2026-04-08,4.18,4.23,4.14,4.21,12977770.0,54496082.0,0.012822825959545,4.18,4.23,4.14,4.21,1.0,0.8392531758580724
000520,凤凰航运,2026-04-09,4.18,4.21,4.07,4.09,15461400.0,63523994.0,0.0152768034331714,4.18,4.21,4.07,4.09,1.0,1.010809967137791
000520,凤凰航运,2026-04-10,4.11,4.12,4.03,4.05,11728366.0,47711270.0,0.0115883388292322,4.11,4.12,4.03,4.05,1.0,0.7341972234589226
000520,凤凰航运,2026-04-13,4.05,4.06,3.97,4.0,13622600.0,54458179.0,0.0134599572127181,4.05,4.06,3.97,4.0,1.0,0.9067454389757911
000520,凤凰航运,2026-04-14,4.0,4.01,3.9,3.93,16086322.0,63323188.0,0.0158942643717063,4.0,4.01,3.9,3.93,1.0,1.1847359164114912
000520,凤凰航运,2026-04-15,3.94,4.03,3.92,4.01,16393889.0,65136202.0,0.0161981592713616,3.94,4.03,3.92,4.01,1.0,1.1730623924870376
000520,凤凰航运,2026-04-16,4.01,4.22,3.98,4.21,25982856.0,106716452.0,0.0256726417882209,4.01,4.22,3.98,4.21,1.0,1.7725434869072758
000520,凤凰航运,2026-04-17,4.2,4.22,4.1,4.17,16062901.0,66688298.0,0.0158711229994368,4.2,4.22,4.1,4.17,1.0,0.9582465146379485
000520,凤凰航运,2026-04-20,4.18,4.18,3.97,4.03,29632615.0,119432831.0,0.0292788256280703,4.18,4.18,3.97,4.03,1.0,1.68083360129004
000520,凤凰航运,2026-04-21,4.01,4.01,3.95,4.0,14179000.0,56457829.0,0.0140097142483175,4.01,4.01,3.95,4.0,1.0,0.6806448202161122
000520,凤凰航运,2026-04-22,3.97,4.01,3.96,3.97,11391195.0,45334163.0,0.0112551933773089,3.97,4.01,3.96,3.97,1.0,0.5570197809100859
000520,凤凰航运,2026-04-23,3.98,3.98,3.9,3.91,11187754.0,43843671.0,0.011054181297727,3.98,3.98,3.9,3.91,1.0,0.5752143370914659
000520,凤凰航运,2026-04-24,3.9,3.92,3.8,3.89,13566432.0,52185787.0,0.0134044598130497,3.9,3.92,3.8,3.89,1.0,0.822672036887716
000520,凤凰航运,2026-04-27,3.88,3.89,3.74,3.8,16666601.0,63139949.0,0.016467615311427,3.88,3.89,3.74,3.8,1.0,1.0422228093711776
000520,凤凰航运,2026-04-28,3.78,3.91,3.77,3.89,14793000.0,57181933.0,0.0146163835866677,3.78,3.91,3.77,3.89,1.0,1.1041038329606812
000520,凤凰航运,2026-04-29,3.85,4.02,3.8,3.99,23416570.0,92823312.0,0.0231369951601471,3.85,4.02,3.8,3.99,1.0,1.7318671869478495
000520,凤凰航运,2026-04-30,3.97,4.0,3.92,3.95,13280800.0,52592584.0,0.0131222380272978,3.97,4.0,3.92,3.95,1.0,0.833903080454606
000520,凤凰航运,2026-05-06,3.97,4.0,3.95,3.98,12549253.0,49787602.0,0.0123994251047212,3.97,4.0,3.95,3.98,1.0,0.7677882062742787
000520,凤凰航运,2026-05-07,3.98,4.17,3.98,4.1,25823796.0,105588999.0,0.0255154808355206,3.98,4.17,3.98,4.1,1.0,1.599863970838234
000520,凤凰航运,2026-05-08,4.1,4.27,4.06,4.18,25398913.0,106023146.0,0.0250956705936863,4.1,4.27,4.06,4.18,1.0,1.4131953403642477
000520,凤凰航运,2026-05-11,4.16,4.2,4.09,4.19,22519653.0,93373712.0,0.0222507866211487,4.16,4.2,4.09,4.19,1.0,1.1207227395520059
000520,凤凰航运,2026-05-12,4.18,4.2,4.03,4.04,19475768.0,79603662.0,0.019243243137494,4.18,4.2,4.03,4.04,1.0,0.9779700532521984
000520,凤凰航运,2026-05-13,4.07,4.11,4.03,4.05,17378033.0,70541467.0,0.0171705533907774,4.07,4.11,4.03,4.05,1.0,0.8215213663743576
000520,凤凰航运,2026-05-14,4.05,4.11,4.01,4.02,16799700.0,68131506.0,0.0165991252173962,4.05,4.11,4.01,4.02,1.0,0.7595064577421189
000520,凤凰航运,2026-05-15,4.02,4.06,3.94,3.99,16744379.0,66749590.0,0.0165444647052352,4.02,4.06,3.94,3.99,1.0,0.8242610145956762
000520,凤凰航运,2026-05-18,3.99,4.13,3.94,4.06,17164700.0,69473683.0,0.0169597674136467,3.99,4.13,3.94,4.06,1.0,0.9236523746277249
000520,凤凰航运,2026-05-19,4.05,4.14,4.02,4.08,11071600.0,45023582.0,0.0109394140822112,4.05,4.14,4.02,4.08,1.0,0.6322107000501812
000520,凤凰航运,2026-05-20,4.1,4.1,3.94,4.0,14509400.0,58085424.0,0.0143361695404851,4.1,4.1,3.94,4.0,1.0,0.916478718648373
000520,凤凰航运,2026-05-21,4.0,4.09,3.84,3.86,22151200.0,87975081.0,0.0218867326509156,4.0,4.09,3.84,3.86,1.0,1.4517803230233501
000520,凤凰航运,2026-05-22,3.92,3.92,3.81,3.86,13757899.0,52902549.0,0.0135936408524729,3.92,3.92,3.81,3.86,1.0,0.842582279976285
000520,凤凰航运,2026-05-25,3.89,3.95,3.85,3.89,14975840.0,58322202.0,0.0147970406254689,3.89,3.95,3.85,3.89,1.0,0.951997855846024
000520,凤凰航运,2026-05-26,3.88,3.91,3.77,3.8,16433732.0,62745784.0,0.01623752657828,3.88,3.91,3.77,3.8,1.0,1.0745785780515948
000520,凤凰航运,2026-05-27,3.79,3.81,3.64,3.66,17479002.0,64585800.0,0.0172703169028684,3.79,3.81,3.64,3.66,1.0,1.0680321426616546
000520,凤凰航运,2026-05-28,3.69,3.75,3.61,3.68,12382263.0,45598248.0,0.0122344288297845,3.69,3.75,3.61,3.68,1.0,0.7301062966668908
000520,凤凰航运,2026-05-29,3.67,3.71,3.59,3.61,13166600.0,48031080.0,0.0130094014826079,3.67,3.71,3.59,3.61,1.0,0.8774371462155514
000520,凤凰航运,2026-06-01,3.6,3.89,3.6,3.83,27446322.0,103879872.0,0.027118635191996,3.6,3.89,3.6,3.83,1.0,1.843583222780763
000520,凤凰航运,2026-06-02,3.82,3.87,3.72,3.8,15157704.0,57313962.0,0.014976733316918,3.82,3.87,3.72,3.8,1.0,0.872055399232376
000520,凤凰航运,2026-06-03,3.85,4.05,3.73,3.8,20418702.0,78089299.0,0.0201749192708619,3.85,4.05,3.73,3.8,1.0,1.1922370136611837
000520,凤凰航运,2026-06-04,3.8,4.18,3.79,4.18,65999799.0,269719330.0,0.0652118149683614,3.8,4.18,3.79,4.18,1.0,3.7257882722237654
000520,凤凰航运,2026-06-05,4.26,4.6,4.26,4.6,39026352.0,175432181.0,0.0385604090326721,4.26,4.6,4.26,4.6,1.0,1.3723395319812324
000520,凤凰航运,2026-06-08,4.8,5.0,4.47,4.76,168713909.0,799924327.0,0.166699601862378,4.8,5.0,4.47,4.76,1.0,5.019786802624254
000520,凤凰航运,2026-06-09,4.57,4.74,4.31,4.39,91932588.0,407501397.0,0.0908349875159257,4.57,4.74,4.31,4.39,1.0,1.4860603638216918
000520,凤凰航运,2026-06-10,4.44,4.52,4.26,4.31,58991436.0,258058329.0,0.0582871261342771,4.44,4.52,4.26,4.31,1.0,0.7639569754670753
000520,凤凰航运,2026-06-11,4.32,4.6,4.12,4.19,55274980.0,238996420.0,0.0546150416024733,4.32,4.6,4.12,4.19,1.0,0.6508082750883166
000520,凤凰航运,2026-06-12,4.18,4.3,4.11,4.15,38493542.0,160862586.0,0.0380339603516194,4.18,4.3,4.11,4.15,1.0,0.4649660621105852
000520,凤凰航运,2026-06-15,4.32,4.57,4.32,4.57,29591966.0,133195652.0,0.0292386619441378,4.32,4.57,4.32,4.57,1.0,0.35790401482724793
000520,凤凰航运,2026-06-16,4.39,4.64,4.28,4.58,80548973.0,362866895.0,0.079587283639569,4.39,4.64,4.28,4.58,1.0,1.4683470899005775
000520,凤凰航运,2026-06-17,4.55,4.61,4.48,4.53,43318500.0,197038447.0,0.0428013122692535,4.55,4.61,4.48,4.53,1.0,0.8238560707535357
000520,凤凰航运,2026-06-18,4.55,4.58,4.35,4.39,36224792.0,159622001.0,0.0357922973851993,4.55,4.58,4.35,4.39,1.0,0.7326192363816
000520,凤凰航运,2026-06-22,4.39,4.39,4.24,4.32,30486332.0,131170499.0,0.0301223499400056,4.39,4.39,4.24,4.32,1.0,0.6680390381406693
000520,凤凰航运,2026-06-23,4.31,4.49,4.16,4.18,34610600.0,147365115.0,0.0341973775275281,4.31,4.49,4.16,4.18,1.0,0.7859951741141707
000520,凤凰航运,2026-06-24,4.2,4.25,3.89,3.95,42521800.0,171837929.0,0.0420141242206157,4.2,4.25,3.89,3.95,1.0,0.9441349888556155
000520,凤凰航运,2026-06-25,3.88,3.92,3.74,3.86,40652563.0,155209004.0,0.0401672043932385,3.88,3.92,3.74,3.86,1.0,1.0860259504353298
000520,凤凰航运,2026-06-26,3.82,3.88,3.65,3.81,32333963.0,122101710.0,0.0319479217254865,3.82,3.88,3.65,3.81,1.0,0.8762777445789406
000520,凤凰航运,2026-06-29,3.8,3.8,3.51,3.65,44373200.0,159769126.0,0.0438434200072957,3.8,3.8,3.51,3.65,1.0,1.2284581437822812
000520,凤凰航运,2026-06-30,3.64,3.76,3.55,3.73,33385701.0,122235297.0,0.0329871028274046,3.64,3.76,3.55,3.73,1.0,0.8582789876028194
000520,凤凰航运,2026-07-01,3.7,4.1,3.7,4.1,60619882.0,244393454.0,0.0598961298107575,3.7,4.1,3.7,4.1,1.0,1.5682918139038649
000520,凤凰航运,2026-07-02,4.31,4.51,4.3,4.51,37609697.0,168464283.0,0.0371606677435508,4.31,4.51,4.3,4.51,1.0,0.8896847164261946
000520,凤凰航运,2026-07-03,4.53,4.67,4.49,4.55,102518105.0,468097311.0,0.10129412203463,4.53,4.67,4.49,4.55,1.0,2.4605631424934855
000520,凤凰航运,2026-07-06,4.66,4.92,4.66,4.7,74422935.0,354782530.0,0.0735343855611195,4.66,4.92,4.66,4.7,1.0,1.3361072773198523
000520,凤凰航运,2026-07-07,4.79,4.79,4.56,4.59,45354620.0,211000540.0,0.0448131226490605,4.79,4.79,4.56,4.59,1.0,0.7349488093454057
000520,凤凰航运,2026-07-08,4.62,4.63,4.37,4.4,28313208.0,126005487.0,0.0279751712767599,4.62,4.63,4.37,4.4,1.0,0.4416689320368934
000520,凤凰航运,2026-07-09,4.43,4.47,4.25,4.32,25568582.0,110883425.0,0.0252633138835374,4.43,4.47,4.25,4.32,1.0,0.44356237080009053
000520,凤凰航运,2026-07-10,4.28,4.43,4.24,4.34,23341000.0,101858252.0,0.0230623274046111,4.28,4.43,4.24,4.34,1.0,0.42257251632962795
000520,凤凰航运,2026-07-13,4.34,4.35,4.03,4.07,25092619.0,104102239.0,0.0247930334954443,4.34,4.35,4.03,4.07,1.0,0.6368673872119361
000520,凤凰航运,2026-07-14,4.05,4.12,3.91,4.08,18915100.0,76591852.0,0.0186892690583505,4.05,4.12,3.91,4.08,1.0,0.6404515570319282
000520,凤凰航运,2026-07-15,4.05,4.13,4.0,4.04,18550100.0,75333772.0,0.0183286268621,4.05,4.13,4.0,4.04,1.0,0.7650755636108069
000520,凤凰航运,2026-07-16,4.0,4.02,3.89,3.95,16353852.0,64882212.0,0.0161586002806458,4.0,4.02,3.89,3.95,1.0,0.7335710644226827
000520,凤凰航运,2026-07-17,3.94,4.01,3.7,3.78,37833690.0,146156341.0,0.0373819864489337,3.94,4.01,3.7,3.78,1.0,1.8500098642899998
000520,凤凰航运,2026-07-20,3.83,3.88,3.45,3.52,50931491.0,185211962.0,0.0503234103357612,3.83,3.88,3.45,3.52,1.0,2.181306844389303
000520,凤凰航运,2026-07-21,3.54,3.56,3.29,3.56,41121300.0,141411535.0,0.0406303450539066,3.54,3.56,3.29,3.56,1.0,1.442000252580522
000520,凤凰航运,2026-07-22,3.54,3.62,3.49,3.58,26027733.0,92374081.0,0.0257169829932651,3.54,3.62,3.49,3.58,1.0,0.7897222103906966
000520,凤凰航运,2026-07-23,3.59,3.78,3.52,3.76,31613516.0,115897810.0,0.0312360762779191,3.59,3.78,3.52,3.76,1.0,0.9175675078397872
000520,凤凰航运,2026-07-24,3.7,3.86,3.66,3.8,30353613.0,114753646.0,0.0299912154971449,3.7,3.86,3.66,3.8,1.0,0.8093099884481084
000520,凤凰航运,2026-07-27,3.77,3.89,3.7,3.87,25596114.0,97110681.0,0.0252905171738036,3.77,3.89,3.7,3.87,1.0,0.7108149862969888
000520,凤凰航运,2026-07-28,3.85,3.97,3.82,3.83,18044650.0,70044978.0,0.0178292115248539,3.85,3.97,3.82,3.83,1.0,0.5831680092405854
000520,凤凰航运,2026-07-29,3.82,3.9,3.79,3.82,18506770.0,71019991.0,0.0182858141871314,3.82,3.9,3.79,3.82,1.0,0.7029544570251826
000520,凤凰航运,2026-07-30,3.83,3.88,3.63,3.65,21391027.0,79807688.0,0.0211356354995448,3.83,3.88,3.63,3.65,1.0,0.861744554710671
000520,凤凰航运,2026-07-31,3.66,3.73,3.64,3.7,14669790.0,54329604.0,0.0144946446140649,3.66,3.73,3.64,3.7,1.0,0.6440209842688577
000520,凤凰航运,2026-08-03,3.75,3.81,3.73,3.79,17003637.0,64213213.0,0.0168006273751407,3.75,3.81,3.73,3.79,1.0,0.8656920122811145
000520,凤凰航运,2026-08-04,3.86,3.93,3.76,3.86,20769100.0,79917296.0,0.0205211338031407,3.86,3.93,3.76,3.86,1.0,1.1587846590660935
000520,凤凰航运,2026-08-05,3.9,3.96,3.85,3.94,18415000.0,71965100.0,0.0181951398464467,3.9,3.96,3.85,3.94,1.0,0.9971266724167006
000520,凤凰航运,2026-08-06,3.93,4.01,3.87,3.96,16040050.0,63067824.0,0.0158485448218299,3.93,4.01,3.87,3.96,1.0,0.8693930313530984
000520,凤凰航运,2026-08-07,3.98,4.0,3.88,3.95,13976900.0,55209882.0,0.013810027158284,3.98,4.0,3.88,3.95,1.0,0.804216900086869
000520,凤凰航运,2026-08-10,3.97,3.99,3.88,3.98,15168815.0,59969491.0,0.0149877116605962,3.97,3.99,3.88,3.98,1.0,0.8798138203320662
000520,凤凰航运,2026-08-11,3.97,4.01,3.89,3.91,10880000.0,42781959.0,0.0107501016307,3.97,4.01,3.89,3.91,1.0,0.6447799815728045
000520,凤凰航运,2026-08-12,3.91,3.99,3.84,3.98,16536600.0,65086770.0,0.0163391664178523,3.91,3.99,3.84,3.98,1.0,1.110125547179866
000520,凤凰航运,2026-08-13,4.0,4.02,3.89,3.89,12745300.0,50378174.0,0.0125931314626618,4.0,4.02,3.89,3.89,1.0,0.8777468888238007
000520,凤凰航运,2026-08-14,3.9,3.92,3.79,3.84,13244800.0,50733556.0,0.0130866678380786,3.9,3.92,3.79,3.84,1.0,0.955508280006461
000520,凤凰航运,2026-08-17,3.87,4.22,3.82,4.22,26300700.0,107119866.0,0.0259866909888374,3.87,4.22,3.82,4.22,1.0,1.9176450953375996
000520,凤凰航运,2026-08-18,4.26,4.39,4.13,4.19,52918539.0,223948597.0,0.0522867345954193,4.26,4.39,4.13,4.19,1.0,3.3195499414107097
000520,凤凰航运,2026-08-19,4.15,4.22,3.98,4.01,34820464.0,141692161.0,0.0344047359217032,4.15,4.22,3.98,4.01,1.0,1.43004622108997
000520,凤凰航运,2026-08-20,4.19,4.41,4.19,4.41,31306984.0,135718201.0,0.0309332040212039,4.19,4.41,4.19,4.41,1.0,1.1178686011577121
000520,凤凰航运,2026-08-21,4.41,4.41,4.16,4.27,67604325.0,287131955.0,0.0667971842302273,4.41,4.41,4.16,4.27,1.0,2.1313982950421546
000520,凤凰航运,2026-08-24,4.3,4.34,4.2,4.26,43131057.0,183723354.0,0.0426161071865363,,,,,,1.0126990380303993
000520,凤凰航运,2026-08-25,4.29,4.31,4.13,4.24,32489000.0,137238921.0,0.0321011077095416,,,,,,0.7069546182397408
000520,凤凰航运,2026-08-26,4.21,4.25,4.16,4.18,29252900.0,122959068.0,0.0289036441169765,,,,,,0.6986540313500006
000520,凤凰航运,2026-08-27,4.13,4.22,4.13,4.22,24861500.0,104238516.0,0.0245646738687176,4.13,4.22,4.13,4.22,1.0,0.6099955724746678
000520,凤凰航运,2026-08-28,4.23,4.3,4.21,4.25,25421100.0,108233012.0,0.0251175926989143,,,,,,0.6440979249583085
000520,凤凰航运,2026-08-31,4.25,4.27,4.17,4.19,18928225.0,79556857.0,0.0187022373565033,,,,,,0.609975735512973
000520,凤凰航运,2026-09-01,4.21,4.31,4.17,4.23,19893401.0,84589238.0,0.0196558899384438,,,,,,0.7595642244176286
000520,凤凰航运,2026-09-02,4.5,4.65,4.18,4.19,87547049.0,381587123.0,0.0865018082920839,4.5,4.65,4.18,4.19,1.0,3.69842746097096
000520,凤凰航运,2026-09-03,4.18,4.61,4.17,4.43,136338217.0,608848957.0,0.1347104493472823,,,,,,3.8589649862419617
000520,凤凰航运,2026-09-04,4.37,4.53,4.3,4.44,112374475.0,499118183.0,0.1110328149767056,,,,,,1.9500790988749195
000520,凤凰航运,2026-09-07,4.45,4.6,4.39,4.4,65995598.0,293720721.0,0.0652076641248917,,,,,,0.8797504195936238
000520,凤凰航运,2026-09-08,4.39,4.43,4.32,4.42,43839803.0,192272132.0,,4.39,4.43,4.32,4.42,1.0,0.5192459297639974
000520,凤凰航运,2026-09-09,4.39,4.6,4.33,4.53,88637819.0,399223619.0,,4.39,4.6,4.33,4.53,1.0,0.9934855892243721
000723,美锦能源,2026-03-19,5.38,5.48,5.26,5.27,158690960.0,850427460.0,0.036103757357454,5.38,5.48,5.26,5.27,1.0,0.6043666115852806
000723,美锦能源,2026-03-20,5.13,5.19,5.0,5.04,174820216.0,889543203.0,0.0397733220571713,5.13,5.19,5.0,5.04,1.0,0.7226493118103199
000723,美锦能源,2026-03-23,5.12,5.23,4.92,4.93,183166329.0,935021165.0,0.0416721450186676,5.12,5.23,4.92,4.93,1.0,0.8131153796905154
000723,美锦能源,2026-03-24,4.9,5.11,4.85,5.1,145733749.0,726912802.0,0.0331558641569003,4.9,5.11,4.85,5.1,1.0,0.6897330854066116
000723,美锦能源,2026-03-25,5.02,5.11,4.93,5.08,138842558.0,698810629.0,0.0315880502891924,5.02,5.11,4.93,5.08,1.0,0.8287305443942982
000723,美锦能源,2026-03-26,5.05,5.08,4.94,4.98,106360086.0,531637235.0,0.02419796778255,5.05,5.08,4.94,4.98,1.0,0.6637103275335181
000723,美锦能源,2026-03-27,4.92,5.03,4.91,4.96,83948045.0,417377597.0,0.0190990075761885,4.92,5.03,4.91,4.96,1.0,0.5604584980677946
000723,美锦能源,2026-03-30,4.97,5.08,4.88,4.91,91875240.0,455528691.0,0.0209025225640947,4.97,5.08,4.88,4.91,1.0,0.6980862617853312
000723,美锦能源,2026-03-31,4.86,4.9,4.7,4.71,124431946.0,594588887.0,0.0283121225526123,4.86,4.9,4.7,4.71,1.0,1.0977487533966734
000723,美锦能源,2026-04-01,4.75,4.82,4.68,4.76,82672868.0,391795744.0,0.0188106386328792,4.75,4.82,4.68,4.76,1.0,0.7578299974127242
000723,美锦能源,2026-04-02,4.72,4.77,4.62,4.63,77461853.0,362770984.0,0.0176249712858179,4.72,4.77,4.62,4.63,1.0,0.7915769823871794
000723,美锦能源,2026-04-03,4.63,4.64,4.42,4.42,88641800.0,396900752.0,0.020168755577319,4.63,4.64,4.42,4.42,1.0,0.9626817398482233
000723,美锦能源,2026-04-07,4.56,4.56,4.46,4.54,58341954.0,263006481.0,0.0132746019386924,4.56,4.56,4.46,4.54,1.0,0.6272199296803145
000723,美锦能源,2026-04-08,4.48,4.61,4.48,4.59,75415538.0,343560629.0,0.0171593712295329,4.48,4.61,4.48,4.59,1.0,0.8737743532406379
000723,美锦能源,2026-04-09,4.54,4.59,4.48,4.49,55761873.0,251421335.0,0.0126875535816116,4.54,4.59,4.48,4.49,1.0,0.7288485612389192
000723,美锦能源,2026-04-10,4.49,4.56,4.49,4.52,52969168.0,240166664.0,0.0120521266775488,4.49,4.56,4.49,4.52,1.0,0.744737619880387
000723,美锦能源,2026-04-13,4.57,4.6,4.5,4.56,64038863.0,292191654.0,0.0145708252234997,4.57,4.6,4.5,4.56,1.0,0.9669736749849491
000723,美锦能源,2026-04-14,4.56,4.57,4.48,4.53,57645657.0,259721693.0,0.0131161728002699,4.56,4.57,4.48,4.53,1.0,0.9403018743551391
000723,美锦能源,2026-04-15,4.54,4.68,4.46,4.61,102782854.0,469583931.0,0.0233862834448901,4.54,4.68,4.46,4.61,1.0,1.680385911309824
000723,美锦能源,2026-04-16,4.6,4.6,4.53,4.58,62822035.0,286531068.0,0.0142939591567948,4.6,4.6,4.53,4.58,1.0,0.9427120924329727
000723,美锦能源,2026-04-17,4.59,4.59,4.5,4.5,52938759.0,239019804.0,0.0120452076879936,4.59,4.59,4.5,4.5,1.0,0.7779195379401119
000723,美锦能源,2026-04-20,4.49,4.53,4.47,4.5,44878082.0,201888208.0,0.0102111539548709,4.49,4.53,4.47,4.5,1.0,0.6595291957131545
000723,美锦能源,2026-04-21,4.51,4.53,4.46,4.49,47983973.0,215456069.0,0.0109178403762747,4.51,4.53,4.46,4.49,1.0,0.7472570392208662
000723,美锦能源,2026-04-22,4.5,4.51,4.43,4.44,52825700.0,235329567.0,0.012019483262984,4.5,4.51,4.43,4.44,1.0,0.8481813192740404
000723,美锦能源,2026-04-23,4.49,4.56,4.48,4.51,76133291.0,344473083.0,0.0173226822726512,4.49,4.56,4.48,4.51,1.0,1.4559899316939793
000723,美锦能源,2026-04-24,4.5,4.5,4.4,4.4,62970677.0,279603976.0,0.0143277798166474,4.5,4.5,4.4,4.4,1.0,1.1459222901981605
000723,美锦能源,2026-04-27,4.37,4.38,4.27,4.36,68849206.0,296997920.0,0.0156653272779488,4.37,4.38,4.27,4.36,1.0,1.20876416762997
000723,美锦能源,2026-04-28,4.34,4.43,4.31,4.42,59024100.0,258622946.0,0.0134298112862242,4.34,4.43,4.31,4.42,1.0,0.9558160992083351
000723,美锦能源,2026-04-29,4.39,4.53,4.38,4.49,62145677.0,278738860.0,0.0141400667585723,4.39,4.53,4.38,4.49,1.0,0.9716244383643537
000723,美锦能源,2026-04-30,4.51,4.54,4.45,4.46,55323523.0,247746330.0,0.0125878153767543,4.51,4.54,4.45,4.46,1.0,0.8404689316242792
000723,美锦能源,2026-05-06,4.46,4.49,4.43,4.46,57125538.0,254773811.0,0.0129978296147511,4.46,4.49,4.43,4.46,1.0,0.9264206195166166
000723,美锦能源,2026-05-07,4.45,4.46,4.31,4.33,89163307.0,387221317.0,0.0202874145758373,4.45,4.46,4.31,4.33,1.0,1.4739293748333957
000723,美锦能源,2026-05-08,4.3,4.34,4.27,4.31,60389112.0,259464791.0,0.0137403938035931,4.3,4.34,4.27,4.31,1.0,0.9354469095556696
000723,美锦能源,2026-05-11,4.32,4.32,4.23,4.24,74939294.0,319148072.0,0.017051010965739,4.32,4.32,4.23,4.24,1.0,1.1559455694994727
000723,美锦能源,2026-05-12,4.23,4.24,4.09,4.1,88978506.0,368331214.0,0.0202453666232975,4.23,4.24,4.09,4.1,1.0,1.3203879266924223
000723,美锦能源,2026-05-13,4.09,4.15,4.08,4.13,57554713.0,237303399.0,0.0130954802228716,4.09,4.15,4.08,4.13,1.0,0.776516081375427
000723,美锦能源,2026-05-14,4.13,4.15,4.03,4.03,62224797.0,254026226.0,0.0141580690096691,4.13,4.15,4.03,4.03,1.0,0.8385527714347778
000723,美锦能源,2026-05-15,4.03,4.09,4.01,4.03,54549774.0,220429667.0,0.0124117635089087,4.03,4.09,4.01,4.03,1.0,0.7926754808127825
000723,美锦能源,2026-05-18,4.03,4.08,3.99,4.07,53889501.0,217809076.0,0.0122615309464912,4.03,4.08,3.99,4.07,1.0,0.7965996389787059
000723,美锦能源,2026-05-19,4.05,4.11,4.04,4.11,43279755.0,176499413.0,0.0098474850470235,4.05,4.11,4.04,4.11,1.0,0.6822213844190743
000723,美锦能源,2026-05-20,4.1,4.1,4.01,4.03,39124783.0,157965580.0,0.0089021001981305,4.1,4.1,4.01,4.03,1.0,0.720533948359354
000723,美锦能源,2026-05-21,4.03,4.06,3.95,3.96,48816947.0,195510831.0,0.0111073677663803,4.03,4.06,3.95,3.96,1.0,0.9645002396780857
000723,美锦能源,2026-05-22,3.96,4.11,3.91,4.07,57681559.0,230586092.0,0.0131243416174954,3.96,4.11,3.91,4.07,1.0,1.203400151948112
000723,美锦能源,2026-05-25,4.15,4.23,4.1,4.12,72528688.0,301769088.0,0.0165025234214064,4.15,4.23,4.1,4.12,1.0,1.4936349878452817
000723,美锦能源,2026-05-26,4.09,4.22,4.04,4.18,78710450.0,327797221.0,0.01790906578421,4.09,4.22,4.04,4.18,1.0,1.505372920835792
000723,美锦能源,2026-05-27,4.15,4.23,4.1,4.13,69473754.0,289283922.0,0.0158074312961242,4.15,4.23,4.1,4.13,1.0,1.1701338344175163
000723,美锦能源,2026-05-28,4.12,4.29,4.09,4.27,103418421.0,438129073.0,0.0235308946269285,4.12,4.29,4.09,4.27,1.0,1.580299794446647
000723,美锦能源,2026-05-29,4.26,4.45,4.24,4.33,116099546.0,506988626.0,0.026416243419151,4.26,4.45,4.24,4.33,1.0,1.520372340930402
000723,美锦能源,2026-06-01,4.28,4.44,4.22,4.43,116613583.0,509284068.0,0.0265332027612526,4.28,4.44,4.22,4.43,1.0,1.3244594354981372
000723,美锦能源,2026-06-02,4.4,4.5,4.33,4.38,103623534.0,456622456.0,0.0235775641887236,4.4,4.5,4.33,4.38,1.0,1.0697931374745246
000723,美锦能源,2026-06-03,4.33,4.45,4.23,4.42,108099821.0,470573724.0,0.0245960581542899,4.33,4.45,4.23,4.42,1.0,1.061407101614304
000723,美锦能源,2026-06-04,4.4,4.51,4.34,4.44,107741337.0,477482887.0,0.0245144919386401,4.4,4.51,4.34,4.44,1.0,0.9833017466549834
000723,美锦能源,2026-06-05,4.4,4.46,4.34,4.35,82871832.0,363033900.0,0.0188559091066815,4.4,4.46,4.34,4.35,1.0,0.7504089158264109
000723,美锦能源,2026-06-08,4.37,4.44,4.16,4.22,97196597.0,415292422.0,0.0221152369180248,4.37,4.44,4.16,4.22,1.0,0.9364734267219257
000723,美锦能源,2026-06-09,4.16,4.2,4.07,4.13,67825647.0,279098878.0,0.015432435896118,4.16,4.2,4.07,4.13,1.0,0.678890389332162
000723,美锦能源,2026-06-10,4.1,4.12,3.96,3.98,58818034.0,236146691.0,0.0133829248874057,4.1,4.12,3.96,3.98,1.0,0.6341768932744066
000723,美锦能源,2026-06-11,3.98,4.06,3.91,3.92,57387972.0,227209785.0,0.0130575414798213,3.98,4.06,3.91,3.92,1.0,0.6923331488180384
000723,美锦能源,2026-06-12,3.92,4.13,3.9,4.05,74089914.0,297675614.0,0.016857750702384,3.92,4.13,3.9,4.05,1.0,1.0174388535292886
000723,美锦能源,2026-06-15,4.01,4.06,3.91,3.93,81693525.0,324007285.0,0.0185878077608374,4.01,4.06,3.91,3.93,1.0,1.1495827300289665
000723,美锦能源,2026-06-16,3.92,4.0,3.79,3.94,91008548.0,351186060.0,0.0207072640679533,3.92,4.0,3.79,3.94,1.0,1.33908925975542
000723,美锦能源,2026-06-17,3.9,3.9,3.8,3.81,51757184.0,198061488.0,0.0117763627709086,3.9,3.9,3.8,3.81,1.0,0.712912812165328
000723,美锦能源,2026-06-18,3.8,3.82,3.65,3.65,62523249.0,230769059.0,0.0142259760855584,3.8,3.82,3.65,3.65,1.0,0.8782905946963788
000723,美锦能源,2026-06-22,3.64,3.69,3.53,3.68,61574202.0,221879550.0,0.014010038492071,3.64,3.69,3.53,3.68,1.0,0.8526572314772753
000723,美锦能源,2026-06-23,3.64,3.75,3.63,3.65,49118000.0,181286952.0,0.0111758666503472,3.64,3.75,3.63,3.65,1.0,0.704591231106073
000723,美锦能源,2026-06-24,3.67,3.67,3.43,3.45,68240703.0,238323100.0,0.0155268739943392,3.67,3.67,3.43,3.45,1.0,1.079822259542588
000723,美锦能源,2026-06-25,3.42,3.7,3.38,3.53,86138647.0,307534985.0,0.019599210723428,3.42,3.7,3.38,3.53,1.0,1.4688732713789439
000723,美锦能源,2026-06-26,3.5,3.6,3.46,3.49,58792371.0,207904567.0,0.0133770857598791,3.5,3.6,3.46,3.49,1.0,0.897333700359915
000723,美锦能源,2026-06-29,3.48,3.52,3.37,3.43,43382018.0,148913496.0,0.0098707530475786,3.48,3.52,3.37,3.43,1.0,0.6697568781071055
000723,美锦能源,2026-06-30,3.42,3.44,3.31,3.35,58741084.0,197086649.0,0.0133648990253574,3.42,3.44,3.31,3.35,1.0,0.9608523868148635
000723,美锦能源,2026-07-01,3.34,3.52,3.28,3.45,78709582.0,270060692.0,0.0179081750646291,3.34,3.52,3.28,3.45,1.0,1.2481902057744856
000723,美锦能源,2026-07-02,3.45,3.51,3.41,3.43,60059523.0,207182297.0,0.0136648731304674,3.45,3.51,3.41,3.43,1.0,0.9218265053974614
000723,美锦能源,2026-07-03,3.45,3.48,3.37,3.37,52995823.0,180771602.0,0.0120577247631438,3.45,3.48,3.37,3.37,1.0,0.8841933634636348
000723,美锦能源,2026-07-06,3.37,3.44,3.36,3.43,45914884.0,156112455.0,0.0104466541410948,3.37,3.44,3.36,3.43,1.0,0.7811628802983231
000723,美锦能源,2026-07-07,3.43,3.44,3.33,3.37,42625000.0,143548833.0,0.0096981325873363,3.43,3.44,3.33,3.37,1.0,0.718994520548241
000723,美锦能源,2026-07-08,3.38,3.41,3.3,3.33,42328007.0,141699593.0,0.0096305600948668,3.38,3.41,3.3,3.33,1.0,0.7550353256154589
000723,美锦能源,2026-07-09,3.33,3.37,3.25,3.28,43742885.0,144374396.0,0.0099524762107355,3.33,3.37,3.25,3.28,1.0,0.8966526834013768
000723,美锦能源,2026-07-10,3.27,3.43,3.19,3.37,71635124.0,239644246.0,0.0162985790137777,3.27,3.43,3.19,3.37,1.0,1.5736609640215222
000723,美锦能源,2026-07-13,3.36,3.41,3.22,3.24,57607684.0,189143463.0,0.0131070253954574,3.36,3.41,3.22,3.24,1.0,1.1697186430312139
000723,美锦能源,2026-07-14,3.24,3.4,3.23,3.37,61456067.0,204499853.0,0.0139826178548322,3.24,3.4,3.23,3.37,1.0,1.1912920976960806
000723,美锦能源,2026-07-15,3.35,3.5,3.32,3.45,61830580.0,212247350.0,0.0140678278660857,3.35,3.5,3.32,3.45,1.0,1.1170038669722189
000723,美锦能源,2026-07-16,3.45,3.48,3.38,3.45,47873900.0,164739771.0,0.0108923737166657,3.45,3.48,3.38,3.45,1.0,0.8079373862575224
000723,美锦能源,2026-07-17,3.45,3.52,3.33,3.34,56101329.0,191628290.0,0.0127642962338481,3.45,3.52,3.33,3.34,1.0,0.9337666851290659
000723,美锦能源,2026-07-20,3.34,3.5,3.34,3.47,70120569.0,241604557.0,0.0159539841703569,3.34,3.5,3.34,3.47,1.0,1.2307487153067531
000723,美锦能源,2026-07-21,3.47,3.54,3.42,3.49,66688999.0,233487570.0,0.015173225910117,3.47,3.54,3.42,3.49,1.0,1.1212665730823486
000723,美锦能源,2026-07-22,3.46,3.57,3.45,3.56,53493202.0,187871989.0,0.0121708895135991,3.46,3.57,3.45,3.56,1.0,0.8838480471532681
000723,美锦能源,2026-07-23,3.61,3.66,3.51,3.65,57537160.0,206709001.0,0.0130909796217896,3.61,3.66,3.51,3.65,1.0,0.9775987364926999
000723,美锦能源,2026-07-24,3.63,3.68,3.48,3.49,53188586.0,189669314.0,0.0121015826196114,3.63,3.68,3.48,3.49,1.0,0.874981339733149
000723,美锦能源,2026-07-27,3.47,3.55,3.44,3.53,40951200.0,143714899.0,0.0093173059756135,3.47,3.55,3.44,3.53,1.0,0.6801880523504955
000723,美锦能源,2026-07-28,3.53,3.53,3.44,3.51,46938030.0,163410180.0,0.010679442541428,3.53,3.53,3.44,3.51,1.0,0.8632784755997193
000723,美锦能源,2026-07-29,3.51,3.62,3.49,3.57,50969200.0,181870981.0,0.0115966230960812,3.51,3.62,3.49,3.57,1.0,1.010859711183189
000723,美锦能源,2026-07-30,3.57,3.64,3.54,3.58,45771433.0,164308338.0,0.0104140158579795,3.57,3.64,3.54,3.58,1.0,0.9169538256303557
000723,美锦能源,2026-07-31,3.57,3.62,3.54,3.61,47577528.0,170958884.0,0.0108249425154652,3.57,3.62,3.54,3.61,1.0,1.0002909404223723
000723,美锦能源,2026-08-03,3.6,3.74,3.59,3.7,67790558.0,249899682.0,0.015423855006534,3.6,3.74,3.59,3.7,1.0,1.4596985416368593
000723,美锦能源,2026-08-04,3.7,3.73,3.64,3.65,46401958.0,170324038.0,0.0105574742755662,3.7,3.73,3.64,3.65,1.0,0.8956290356687704
000723,美锦能源,2026-08-05,3.65,3.66,3.56,3.57,49926278.0,179372731.0,0.0113593352172718,3.65,3.66,3.56,3.57,1.0,0.965652145965329
000723,美锦能源,2026-08-06,3.58,3.62,3.53,3.6,76287422.0,273302439.0,0.017357079960166,3.58,3.62,3.53,3.6,1.0,1.4814946827030826
000723,美锦能源,2026-08-07,3.58,3.58,3.43,3.52,76673515.0,267361633.0,0.0174449246781728,3.58,3.58,3.43,3.52,1.0,1.331212552747422
000723,美锦能源,2026-08-10,3.5,3.59,3.48,3.58,54094800.0,192462701.0,0.0123077663973123,3.5,3.59,3.48,3.58,1.0,0.8530157356541973
000723,美锦能源,2026-08-11,3.61,3.64,3.55,3.58,44235895.0,158525443.0,0.0100646469168208,3.61,3.64,3.55,3.58,1.0,0.7290413953409464
000723,美锦能源,2026-08-12,3.58,3.64,3.56,3.62,55790958.0,201223987.0,0.0126936799497597,3.58,3.64,3.56,3.62,1.0,0.9260896538323369
000723,美锦能源,2026-08-13,3.61,3.68,3.57,3.62,55485205.0,201714361.0,0.0126241143630624,3.61,3.68,3.57,3.62,1.0,0.903424792007909
000723,美锦能源,2026-08-14,3.59,3.63,3.52,3.61,52976386.0,189623664.0,0.012053302414684,3.59,3.63,3.52,3.61,1.0,0.9252535450622736
000723,美锦能源,2026-08-17,3.59,3.61,3.52,3.55,43564385.0,154749722.0,0.0099118635030091,3.59,3.61,3.52,3.55,1.0,0.8295347474646936
000723,美锦能源,2026-08-18,3.55,3.6,3.51,3.54,47275171.0,167819136.0,0.0107561495940644,3.55,3.6,3.51,3.54,1.0,0.9378028246610158
000723,美锦能源,2026-08-19,3.56,3.89,3.54,3.89,186101987.0,713626179.0,0.0423423283212372,3.56,3.89,3.54,3.89,1.0,3.6477410188762995
000723,美锦能源,2026-08-20,3.71,3.82,3.61,3.61,238384819.0,881416503.0,0.054237831823347,,,,,,3.0926684031583407
000723,美锦能源,2026-08-21,3.58,3.58,3.46,3.54,115006831.0,404392187.0,0.0261666039997039,,,,,,1.0118447553239704
000723,美锦能源,2026-08-24,3.56,3.89,3.56,3.89,182292989.0,697970718.0,0.041475696822612,,,,,,1.4460049940603399
000723,美锦能源,2026-08-25,3.92,4.09,3.86,3.87,275938741.0,1092286393.0,0.0627821817290475,,,,,,1.79399589263436
000723,美锦能源,2026-08-26,3.87,3.92,3.77,3.88,169708016.0,656520389.0,0.0386123364293675,,,,,,0.8504745975853293
000723,美锦能源,2026-08-27,3.83,3.93,3.83,3.9,129907335.0,505472635.0,0.0295567990357188,3.83,3.93,3.83,3.9,1.0,0.6618932988871784
000723,美锦能源,2026-08-28,3.92,3.97,3.87,3.95,117430717.0,461560131.0,0.0267180918074361,,,,,,0.6726825381977551
000723,美锦能源,2026-08-31,3.98,4.0,3.86,3.9,114789994.0,449317004.0,0.0261172687744642,,,,,,0.6557346379760453
000723,美锦能源,2026-09-01,3.87,4.12,3.86,3.99,191105389.0,768394702.0,0.0434807132123514,3.87,4.12,3.86,3.99,1.0,1.1829125412816324
000723,美锦能源,2026-09-02,4.05,4.13,3.84,3.84,145341418.0,569720315.0,0.0330683951248203,,,,,,1.005208774506969
000723,美锦能源,2026-09-03,3.84,3.9,3.75,3.76,102409927.0,390663814.0,0.0233005290394236,,,,,,0.7329917943668093
000723,美锦能源,2026-09-04,3.77,3.8,3.73,3.78,76711376.0,289407339.0,0.0174535388951321,,,,,,0.571553824164065
000723,美锦能源,2026-09-07,3.75,3.77,3.68,3.73,69031853.0,256468403.0,0.0157062771411967,,,,,,0.5475606053285547
000723,美锦能源,2026-09-08,3.71,3.88,3.71,3.88,97224613.0,371274043.0,,3.71,3.88,3.71,3.88,1.0,0.8315482308711676
000723,美锦能源,2026-09-09,3.85,3.91,3.8,3.89,99540340.0,384523921.0,,3.85,3.91,3.8,3.89,1.0,1.0142291420123337
001268,联合精密,2026-03-19,23.15,23.53,22.84,23.11,990200.0,32291105.0,0.0146841323313481,32.56,33.1,32.13,32.51,0.7108581974776992,0.5027407034856451
001268,联合精密,2026-03-20,23.09,23.93,21.97,21.98,1550099.0,49620028.0,0.0229871327435775,32.48,33.66,30.9,30.92,0.7108667529107373,0.8309971296511826
001268,联合精密,2026-03-23,21.76,21.97,20.13,20.35,2186100.0,64476070.0,0.0324186848006061,30.61,30.91,28.31,28.62,0.7110412299091544,1.1315261902686575
001268,联合精密,2026-03-24,20.76,21.17,20.18,20.65,1699200.0,49274889.0,0.025198220215539,29.2,29.78,28.38,29.04,0.7110881542699724,0.8240133952610695
001268,联合精密,2026-03-25,20.42,21.46,20.42,21.27,1283400.0,38303767.0,0.019032130311101,28.73,30.18,28.73,29.92,0.7108957219251336,0.7513843879724167
001268,联合精密,2026-03-26,21.58,21.58,20.52,20.82,1061100.0,31192797.0,0.0157355411197672,30.35,30.35,28.86,29.29,0.7108228064185729,0.6882216484915875
001268,联合精密,2026-03-27,20.76,21.16,20.54,21.0,739400.0,21810812.0,0.0109649035000998,29.2,29.77,28.89,29.54,0.7109004739336493,0.4751989710920412
001268,联合精密,2026-03-30,21.1,21.13,20.51,20.9,854300.0,24968664.0,0.0126688085747028,29.68,29.72,28.85,29.4,0.7108843537414966,0.6129110945302186
001268,联合精密,2026-03-31,20.83,21.11,20.42,20.47,902900.0,26329683.0,0.013389520381715,29.3,29.69,28.72,28.8,0.7107638888888889,0.8008124312626388
001268,联合精密,2026-04-01,20.62,21.19,20.62,21.08,1042200.0,30762117.0,0.0154552643059291,29.0,29.8,29.0,29.65,0.7109612141652614,1.0764082543223648
001268,联合精密,2026-04-02,21.08,21.74,20.9,21.37,1425300.0,42858300.0,0.0211364308340441,29.65,30.58,29.4,30.06,0.7109115103127079,1.5492728102784843
001268,联合精密,2026-04-03,21.37,21.68,20.55,20.73,889900.0,26167860.0,0.0131967373880698,30.06,30.5,28.9,29.16,0.7109053497942387,0.8963356902560383
001268,联合精密,2026-04-07,20.73,20.97,20.48,20.72,714300.0,20824459.0,0.0105926840277539,29.16,29.5,28.81,29.14,0.7110501029512697,0.6982950768388535
001268,联合精密,2026-04-08,21.12,21.57,20.92,21.5,811500.0,24398393.0,0.0120341076417784,29.71,30.34,29.42,30.24,0.710978835978836,0.8156434688216138
001268,联合精密,2026-04-09,21.5,21.5,20.78,20.82,902200.0,26682579.0,0.0133791397589803,30.24,30.24,29.23,29.29,0.7108228064185729,0.9237794888597641
001268,联合精密,2026-04-10,20.89,21.2,20.69,20.96,847900.0,25041674.0,0.0125739000239851,29.39,29.82,29.1,29.48,0.7109905020352781,0.8938058694552201
001268,联合精密,2026-04-13,20.96,20.97,20.26,20.55,1316100.0,37864641.0,0.019517053687424,29.48,29.5,28.5,28.9,0.7110726643598616,1.5796485669019156
001268,联合精密,2026-04-14,20.69,20.73,20.24,20.47,951900.0,27319494.0,0.0141161639731471,29.1,29.16,28.47,28.8,0.7107638888888889,1.036476480836237
001268,联合精密,2026-04-15,20.48,20.65,20.23,20.25,983400.0,28263859.0,0.0145832919962106,28.81,29.05,28.45,28.49,0.7107757107757108,1.0180967367897962
001268,联合精密,2026-04-16,20.39,22.28,20.36,22.28,2800964.0,86245478.0,0.0415367865394287,28.68,31.34,28.64,31.34,0.7109125717932355,2.8001239628111567
001268,联合精密,2026-04-17,22.68,23.74,21.83,23.46,5438911.0,173591471.0,0.0806561188269291,31.9,33.4,30.7,33.0,0.7109090909090909,3.941089065577781
001268,联合精密,2026-04-20,23.22,24.12,22.65,24.04,4434760.0,145836953.0,0.0657651006844775,32.66,33.93,31.86,33.81,0.7110322389825494,1.9296205164352955
001268,联合精密,2026-04-21,24.11,26.44,23.99,26.44,9613749.0,354514957.0,0.1425667163364635,33.92,37.19,33.75,37.19,0.7109438020973381,3.2901409212292867
001268,联合精密,2026-04-22,26.57,27.55,25.66,26.69,11600029.0,434978573.0,0.1720221782301317,37.37,38.75,36.1,37.54,0.7109749600426213,2.492294746290186
001268,联合精密,2026-04-23,26.99,27.27,26.16,26.81,6199500.0,234659553.0,0.0919352437772096,37.97,38.36,36.8,37.71,0.7109520021214532,0.9146931725601904
001268,联合精密,2026-04-24,26.33,27.21,25.17,25.39,5939400.0,216457169.0,0.0880781009581996,37.04,38.28,35.4,35.71,0.7110053206384767,0.7964448901410518
001268,联合精密,2026-04-27,25.74,25.74,24.8,25.02,3158500.0,111224447.0,0.0468388527252708,36.2,36.2,34.88,35.19,0.710997442455243,0.4179298951148792
001268,联合精密,2026-04-28,24.88,25.02,24.14,24.63,2339000.0,80631089.0,0.0346861093950953,35.0,35.2,33.96,34.65,0.7108225108225108,0.32031286418641436
001268,联合精密,2026-04-29,24.88,25.22,24.64,24.83,2446400.0,85725461.0,0.036278793511826,34.99,35.48,34.66,34.92,0.711053837342497,0.41838214920160055
001268,联合精密,2026-04-30,24.83,27.31,24.83,27.31,4771700.0,176873803.0,0.0707617392905413,34.92,38.41,34.92,38.41,0.7110127570945066,1.1880066524588204
001268,联合精密,2026-05-06,27.28,28.12,26.15,27.31,6827900.0,264007957.0,0.1012540771008,38.37,39.55,36.78,38.42,0.7108276939094221,1.8300455641919056
001268,联合精密,2026-05-07,27.72,28.56,27.18,27.95,5153478.0,202771772.0,0.0764233012711487,38.99,40.18,38.23,39.31,0.7110150089035868,1.3184634277381226
001268,联合精密,2026-05-08,27.97,28.38,27.37,28.16,3859880.0,151366447.0,0.0572399401162635,39.35,39.92,38.5,39.61,0.7109315829336026,0.8960428865957939
001268,联合精密,2026-05-11,28.44,30.13,28.36,29.57,5570123.0,229931413.0,0.0826019220701737,40.0,42.38,39.89,41.6,0.7108173076923077,1.2077792885647554
001268,联合精密,2026-05-12,29.72,30.02,29.06,29.65,3117300.0,129449578.0,0.0462278789300259,41.81,42.23,40.87,41.71,0.7108607048669383,0.595288995974156
001268,联合精密,2026-05-13,30.14,30.54,29.15,29.98,3565760.0,149859878.0,0.052878299032345,42.4,42.96,41.0,42.17,0.7109319421389614,0.7268552271522468
001268,联合精密,2026-05-14,29.97,31.05,29.72,30.26,2717800.0,116704408.0,0.0403035092406968,42.16,43.68,41.81,42.57,0.7108292224571294,0.6389849670428303
001268,联合精密,2026-05-15,30.07,30.92,29.65,30.83,3068802.0,131933430.0,0.0455086797280407,42.3,43.5,41.71,43.36,0.7110239852398523,0.8148330748303995
001268,联合精密,2026-05-18,30.4,30.7,29.04,30.66,3866600.0,162270071.0,0.0573395940945171,42.76,43.19,40.85,43.13,0.710874101553443,1.0716868299705347
001268,联合精密,2026-05-19,30.77,33.56,28.61,29.55,4600502.0,192389018.0,0.068222965217766,43.28,47.2,40.25,41.56,0.7110202117420596,1.408064464196277
001268,联合精密,2026-05-20,29.4,30.16,29.11,29.99,2575400.0,107922151.0,0.0381917939872289,41.36,42.43,40.95,42.18,0.7110004741583689,0.7226367751577714
001268,联合精密,2026-05-21,29.99,30.47,28.93,28.93,2228900.0,93279540.0,0.0330533857335305,42.18,42.86,40.7,40.7,0.7108108108108108,0.6622158850524663
001268,联合精密,2026-05-22,28.96,31.15,28.96,30.5,3495800.0,148003571.0,0.0518408299373126,40.74,43.81,40.74,42.9,0.710955710955711,1.069692887555137
001268,联合精密,2026-05-25,30.5,31.53,30.14,30.84,2801000.0,121837209.0,0.0415373204000264,42.9,44.35,42.4,43.38,0.7109266943291839,0.8352616017866309
001268,联合精密,2026-05-26,30.63,31.58,30.11,31.22,2681405.0,117040840.0,0.0397637910057954,43.09,44.42,42.35,43.92,0.7108378870673953,0.853863510232905
001268,联合精密,2026-05-27,31.1,33.05,29.3,30.01,4806400.0,209502200.0,0.0712763215889637,43.75,46.49,41.22,42.21,0.710968964700308,1.7436598063994897
001268,联合精密,2026-05-28,30.01,31.24,29.72,29.77,2530200.0,108441254.0,0.0375215023477854,42.21,43.94,41.8,41.88,0.7108404966571155,0.7900206731755478
001268,联合精密,2026-05-29,29.76,29.76,28.62,28.83,2092800.0,85777037.0,0.0310350960846752,41.86,41.86,40.26,40.55,0.7109741060419236,0.641380635563833
001268,联合精密,2026-06-01,28.44,30.21,28.09,28.97,2427300.0,99824727.0,0.035995550805778,40.0,42.5,39.51,40.75,0.710920245398773,0.813885374708159
001268,联合精密,2026-06-02,29.08,29.97,28.1,29.48,2605900.0,106668957.0,0.0386440925492427,40.91,42.15,39.52,41.47,0.7108753315649867,0.8962309737066833
001268,联合精密,2026-06-03,29.66,29.84,28.96,29.4,1128600.0,46548971.0,0.0167365297406176,41.72,41.98,40.73,41.35,0.7110036275695284,0.39017880602381316
001268,联合精密,2026-06-04,29.3,29.47,27.95,28.06,2490202.0,100472654.0,0.0369283535647221,41.22,41.45,39.32,39.47,0.7109196858373448,1.154496142719383
001268,联合精密,2026-06-05,28.12,28.76,27.55,27.73,1756500.0,69334395.0,0.0260479483336831,39.56,40.46,38.75,39.0,0.711025641025641,0.8173719720475073
001268,联合精密,2026-06-08,27.93,28.79,26.34,27.08,2798600.0,109332631.0,0.0415017296935073,39.29,40.5,37.05,38.09,0.7109477553163559,1.3443817371606406
001268,联合精密,2026-06-09,27.43,27.58,26.42,27.58,1861700.0,70735508.0,0.0276080076361047,38.58,38.8,37.16,38.8,0.7108247422680413,0.8635130775129265
001268,联合精密,2026-06-10,27.51,27.71,26.27,27.03,2242000.0,85171950.0,0.0332476516732807,38.7,38.98,36.95,38.02,0.7109416096791162,1.117023174095585
001268,联合精密,2026-06-11,26.93,29.73,26.93,29.73,3909900.0,158976758.0,0.0579817097579662,37.88,41.82,37.88,41.82,0.7109038737446198,1.7534753334872486
001268,联合精密,2026-06-12,30.21,30.82,28.33,29.01,3919078.0,163722462.0,0.0581178145514798,42.5,43.35,39.85,40.81,0.7108551825532957,1.5590625919943988
001268,联合精密,2026-06-15,29.23,30.33,28.44,30.33,3145200.0,129595342.0,0.0466416208933107,41.12,42.66,40.01,42.66,0.7109704641350211,1.0675244876921066
001268,联合精密,2026-06-16,29.86,29.87,28.44,29.48,3364800.0,137924143.0,0.0498981705398104,42.0,42.01,40.0,41.47,0.7108753315649867,1.1158068794561145
001268,联合精密,2026-06-17,29.48,30.0,29.03,29.67,2098700.0,87270085.0,0.0311225899048681,41.47,42.2,40.83,41.74,0.7108289410637278,0.6328637550812745
001268,联合精密,2026-06-18,29.68,30.83,29.09,29.43,2449200.0,102976271.0,0.036320316002765,41.75,43.37,40.92,41.4,0.7108695652173913,0.7449957347990391
001268,联合精密,2026-06-22,29.2,29.2,27.09,27.43,3469052.0,135398799.0,0.0514441715131569,41.07,41.07,38.1,38.59,0.7108059082663902,1.1581281617693502
001268,联合精密,2026-06-23,27.44,29.1,27.44,28.54,3165275.0,126849701.0,0.0469393223238821,38.6,40.93,38.6,40.15,0.7108343711083437,1.0894491149967316
001268,联合精密,2026-06-24,28.46,30.88,27.8,29.8,3377900.0,139530576.0,0.0500924364795606,40.03,43.44,39.11,41.92,0.7108778625954199,1.1610276106588653
001268,联合精密,2026-06-25,29.87,30.82,28.55,28.9,2523800.0,103854490.0,0.0374265937970677,42.02,43.35,40.16,40.65,0.7109471094710947,0.8666820007819988
001268,联合精密,2026-06-26,28.58,29.08,27.8,28.4,2326700.0,92557421.0,0.0345037070241848,40.2,40.9,39.1,39.95,0.7108886107634542,0.7763312494365284
001268,联合精密,2026-06-29,28.44,28.79,25.56,25.56,3641300.0,134397339.0,0.0539985165200344,40.01,40.49,35.96,35.96,0.710789766407119,1.2249770852953163
001268,联合精密,2026-06-30,25.38,26.16,24.81,25.18,3155600.0,112848100.0,0.0466304050100998,35.7,36.8,34.9,35.42,0.7108977978543195,1.0494197695706178
001268,联合精密,2026-07-01,25.21,26.77,24.02,25.69,3651000.0,130016874.0,0.0539509471073248,35.46,37.65,33.79,36.14,0.710846707249585,1.214950783012652
001268,联合精密,2026-07-02,25.21,26.94,24.98,25.47,2515760.0,92257963.0,0.0371754682812171,35.46,37.9,35.14,35.82,0.7110552763819095,0.8222297756628144
001268,联合精密,2026-07-03,25.46,28.01,25.31,28.01,2671260.0,100654747.0,0.0394732968967167,35.81,39.4,35.6,39.4,0.7109137055837564,0.8735111534326203
001268,联合精密,2026-07-06,29.15,30.48,28.23,28.65,4488860.0,184510298.0,0.066332031890492,41.01,42.87,39.71,40.3,0.7109181141439206,1.435523814640561
001268,联合精密,2026-07-07,29.29,29.8,28.2,28.47,5394524.0,156137033.0,0.0571831701027597,29.29,29.8,28.2,28.47,1.0,1.6364418461299512
001268,联合精密,2026-07-08,28.18,28.79,25.9,25.93,4968344.0,133169206.0,0.0526655660594013,28.18,28.79,25.9,25.93,1.0,1.3269154386070618
001268,联合精密,2026-07-09,26.57,26.95,24.7,25.38,3148280.0,80746955.0,0.0333724774921969,26.57,26.95,24.7,25.38,1.0,0.785548079151452
001268,联合精密,2026-07-10,25.78,26.7,24.99,25.6,3233744.0,83269415.0,0.0342784151522504,25.78,26.7,24.99,25.6,1.0,0.7821832700345233
001268,联合精密,2026-07-13,25.6,25.66,23.04,23.04,2405260.0,56611893.0,0.0254962980461972,25.6,25.66,23.04,23.04,1.0,0.5663765876139082
001268,联合精密,2026-07-14,21.9,22.5,20.92,21.19,6985430.0,150754668.0,0.0740471322272217,21.9,22.5,20.92,21.19,1.0,1.8238575860912227
001268,联合精密,2026-07-15,21.48,22.72,21.11,21.44,4390324.0,95140659.0,0.0465384237975822,21.48,22.72,21.11,21.44,1.0,1.0583654893593182
001268,联合精密,2026-07-16,21.56,21.98,20.62,21.13,3286520.0,70218359.0,0.0348378526457796,21.56,21.98,20.62,21.13,1.0,0.8149863130744484
001268,联合精密,2026-07-17,20.92,21.36,19.2,19.44,3525120.0,71003661.0,0.0373670664163586,20.92,21.36,19.2,19.44,1.0,0.8682014994326958
001268,联合精密,2026-07-20,19.64,20.4,17.5,17.5,3522940.0,65331987.0,0.0373439579250767,19.64,20.4,17.5,17.5,1.0,0.8553875571356659
001268,联合精密,2026-07-21,17.36,18.53,15.75,18.49,5594620.0,96203220.0,0.0593042327961284,17.36,18.53,15.75,18.49,1.0,1.2884693528897344
001268,联合精密,2026-07-22,18.49,19.0,17.99,18.17,3717060.0,68507049.0,0.0394016736717019,18.49,19.0,17.99,18.17,1.0,0.9146523314227243
001268,联合精密,2026-07-23,18.18,18.86,18.01,18.41,2500430.0,45978676.0,0.0265051214935819,18.18,18.86,18.01,18.41,1.0,0.6363628497230516
001268,联合精密,2026-07-24,18.34,18.6,17.82,18.11,2428040.0,44105834.0,0.0257377711798677,18.34,18.6,17.82,18.11,1.0,0.6436951522706317
001268,联合精密,2026-07-27,18.05,18.49,17.83,18.18,3483120.0,63138103.0,0.0369218569512944,18.05,18.49,17.83,18.18,1.0,0.9804375252278742
001268,联合精密,2026-07-28,18.05,19.19,17.63,17.72,3205400.0,58836522.0,0.0339779623646842,18.05,19.19,17.63,17.72,1.0,0.9042913638397428
001268,联合精密,2026-07-29,17.7,17.9,16.7,17.25,3004980.0,51908228.0,0.0318534651982994,17.7,17.9,16.7,17.25,1.0,0.979838985786534
001268,联合精密,2026-07-30,17.37,17.49,16.23,16.23,3104040.0,51908267.0,0.0329035235223293,17.37,17.49,16.23,16.23,1.0,1.0614301629670968
001268,联合精密,2026-07-31,16.57,17.66,16.56,17.19,3958000.0,68385605.0,0.0419556919696201,16.57,17.66,16.56,17.19,1.0,1.2997862807196836
001268,联合精密,2026-08-03,17.56,17.97,17.17,17.91,3096580.0,54507327.0,0.0328244458411536,17.56,17.97,17.17,17.91,1.0,0.9240466138363789
001268,联合精密,2026-08-04,17.94,19.5,17.75,19.15,3257304.0,60585406.0,0.0345281564617007,17.94,19.5,17.75,19.15,1.0,0.9949612071598753
001268,联合精密,2026-08-05,19.1,19.76,18.78,19.62,3232540.0,62769391.0,0.0342656524809186,19.1,19.76,18.78,19.62,1.0,0.9842758961382395
001268,联合精密,2026-08-06,19.43,19.86,19.08,19.5,2949720.0,57375571.0,0.0312676967449792,19.43,19.86,19.08,19.5,1.0,0.8858835265523595
001268,联合精密,2026-08-07,19.56,19.8,18.88,19.55,2753360.0,53404400.0,0.0291862364935506,19.56,19.8,18.88,19.55,1.0,0.8346477392218717
001268,联合精密,2026-08-10,19.45,19.81,19.1,19.54,2441480.0,47457962.0,0.0258802382086882,19.45,19.81,19.1,19.54,1.0,0.7984170055483815
001268,联合精密,2026-08-11,19.31,19.55,18.84,19.35,2079390.0,40020044.0,0.022042002608567,19.31,19.55,18.84,19.35,1.0,0.7104457414186461
001268,联合精密,2026-08-12,19.35,19.74,19.26,19.55,1974760.0,38583028.0,0.0209329010292893,19.35,19.74,19.26,19.55,1.0,0.7337574657284329
001268,联合精密,2026-08-13,19.66,20.9,19.42,19.81,5265480.0,106546302.0,0.0558152746215754,19.66,20.9,19.42,19.81,1.0,2.158211810920991
001268,联合精密,2026-08-14,19.81,20.71,19.6,20.44,3476500.0,70460149.0,0.03685168345942,19.81,20.71,19.6,20.44,1.0,1.1975979832539527
001268,联合精密,2026-08-17,20.6,20.62,19.61,20.25,4064926.0,82078775.0,0.0430891316663214,20.6,20.62,19.61,20.25,1.0,1.3338463184187022
001268,联合精密,2026-08-18,20.25,20.72,19.92,20.62,3274538.0,66397724.0,0.034710840745532,20.25,20.72,19.92,20.62,1.0,0.9710358592012267
001268,联合精密,2026-08-19,20.3,20.89,19.6,19.71,3149020.0,63682696.0,0.0333803216589624,20.3,20.89,19.6,19.71,1.0,0.8720049906392285
001268,联合精密,2026-08-20,19.93,20.33,19.6,20.12,2028180.0,40625651.0,0.0214991650679495,19.93,20.33,19.6,20.12,1.0,0.5273351698638161
001268,联合精密,2026-08-21,20.04,20.56,19.67,20.38,2198020.0,44520246.0,0.0232995073428662,20.04,20.56,19.67,20.38,1.0,0.6871748454527197
001268,联合精密,2026-08-24,20.38,22.42,20.38,22.42,5869460.0,129573980.0,0.0622175987337055,20.38,22.42,20.38,22.42,1.0,1.9944227140725552
001268,联合精密,2026-08-25,23.39,24.66,22.13,22.32,13883943.0,325402833.0,0.1471729246669438,23.39,24.66,22.13,22.32,1.0,4.202360850253323
001268,联合精密,2026-08-26,22.09,24.55,22.08,24.55,14323583.0,334009012.0,0.15183320774363,22.09,24.55,22.08,24.55,1.0,2.6399391889518316
001268,联合精密,2026-08-27,23.71,26.8,23.05,25.95,15991263.0,405264841.0,0.1695109915697786,23.71,26.8,23.05,25.95,1.0,2.0874585993969275
001268,联合精密,2026-08-28,25.85,26.46,24.88,25.81,10135433.0,260335073.0,0.1074378739077117,25.85,26.46,24.88,25.81,1.0,0.9695959931633918
001268,联合精密,2026-08-31,25.48,26.3,25.2,25.92,6772660.0,175034124.0,0.0717917222776572,25.48,26.3,25.2,25.92,1.0,0.5624788862581528
001268,联合精密,2026-09-01,25.83,26.99,25.83,26.39,5526500.0,145707240.0,0.0585821454446957,25.83,26.99,25.83,26.39,1.0,0.4521994756662596
001268,联合精密,2026-09-02,26.31,26.31,25.52,25.73,3802140.0,98017756.0,0.0403035408452176,26.31,26.31,25.52,25.73,1.0,0.36039624990134966
001268,联合精密,2026-09-03,25.83,26.39,25.11,25.3,4911540.0,126048943.0,0.0520634308581273,25.83,26.39,25.11,25.3,1.0,0.5815502113810942
001268,联合精密,2026-09-04,25.8,25.8,24.45,24.76,3867840.0,96821365.0,0.0409999756512823,25.8,25.8,24.45,24.76,1.0,0.620875513708256
001268,联合精密,2026-09-07,24.81,26.22,24.6,26.02,3980724.0,102375891.0,0.0421965714906705,24.81,26.22,24.6,26.02,1.0,0.7999628627513395
001268,联合精密,2026-09-08,25.89,26.2,25.48,25.65,2557640.0,65994620.0,,25.89,26.2,25.48,25.65,1.0,0.578946453451586
001268,联合精密,2026-09-09,25.51,26.16,25.09,25.25,3431864.0,87469310.0,,25.51,26.16,25.09,25.25,1.0,0.8974594197328812
002017,东信和平,2026-03-19,20.18,20.4,19.93,19.99,10754171.0,218652823.0,0.0185389290339598,20.37,20.59,20.12,20.18,0.9905847373637264,0.7589260535778313
002017,东信和平,2026-03-20,20.09,20.27,19.11,19.12,14466603.0,285591712.0,0.0249387262281277,20.28,20.46,19.29,19.3,0.9906735751295336,1.1264827277356302
002017,东信和平,2026-03-23,18.63,18.96,17.93,18.08,17657887.0,329490627.0,0.0304401254157742,18.8,19.14,18.1,18.25,0.9906849315068492,1.4760131861365349
002017,东信和平,2026-03-24,18.44,18.74,18.18,18.74,13050334.0,242931625.0,0.0224972446407513,18.61,18.91,18.35,18.91,0.9910100475938656,1.0402512238860184
002017,东信和平,2026-03-25,18.81,19.12,18.78,19.1,9652835.0,184979103.0,0.0166403549879877,18.99,19.3,18.96,19.28,0.9906639004149378,0.7546367840506412
002017,东信和平,2026-03-26,19.12,19.23,18.67,18.73,7523969.0,143539568.0,0.0129704397805013,19.3,19.41,18.84,18.9,0.9910052910052912,0.5736321325586675
002017,东信和平,2026-03-27,18.59,19.15,18.5,18.98,7351735.0,140330382.0,0.0126735285724467,18.76,19.33,18.67,19.16,0.9906054279749478,0.5895383357111381
002017,东信和平,2026-03-30,18.71,19.07,18.6,19.02,7122240.0,135719827.0,0.0122779061187357,18.88,19.25,18.77,19.2,0.990625,0.6447011012231709
002017,东信和平,2026-03-31,19.02,19.26,18.8,18.81,8152024.0,156533643.0,0.0140531329117918,19.2,19.44,18.98,18.99,0.990521327014218,0.9118368037055364
002017,东信和平,2026-04-01,19.15,19.26,18.87,19.11,7629690.0,146510153.0,0.0131526903804219,19.33,19.44,19.05,19.29,0.9906687402799378,0.9584362689230707
002017,东信和平,2026-04-02,19.08,19.12,18.58,18.72,6592560.0,125200265.0,0.0113647999452605,19.26,19.3,18.75,18.89,0.9910005293806246,0.8725012809803625
002017,东信和平,2026-04-03,19.12,19.15,18.52,18.55,7994624.0,151196384.0,0.0137817937792873,19.3,19.33,18.69,18.72,0.9909188034188036,1.0848037853847547
002017,东信和平,2026-04-07,18.48,19.13,18.4,18.76,11426790.0,217907035.0,0.019698445272626,18.65,19.31,18.57,18.93,0.9910195456946648,1.523932135642295
002017,东信和平,2026-04-08,19.13,19.38,18.92,19.36,14001137.0,270830496.0,0.0241363174565244,19.31,19.56,19.1,19.54,0.9907881269191402,1.6749499374193817
002017,东信和平,2026-04-09,19.17,19.27,18.87,18.94,8768765.0,168241481.0,0.0151163220345362,19.35,19.45,19.05,19.12,0.9905857740585774,0.920222649266601
002017,东信和平,2026-04-10,19.04,20.26,19.03,19.56,30063526.0,596956271.0,0.0518259915175801,19.22,20.45,19.21,19.74,0.9908814589665652,3.0812973942455906
002017,东信和平,2026-04-13,19.12,19.26,18.89,19.05,19301762.0,371165011.0,0.0332739730424951,19.3,19.44,19.07,19.23,0.9906396255850234,1.3356725629543276
002017,东信和平,2026-04-14,19.18,19.27,18.83,19.02,11677641.0,224023285.0,0.020130882964671,19.36,19.45,19.01,19.2,0.990625,0.6987412816211391
002017,东信和平,2026-04-15,19.1,19.22,18.69,18.73,10486604.0,200409886.0,0.0180776749191768,19.28,19.4,18.86,18.9,0.9910052910052912,0.6255965748251602
002017,东信和平,2026-04-16,18.72,18.92,18.69,18.87,8530093.0,161891689.0,0.0147048795095482,18.89,19.1,18.86,19.05,0.9905511811023622,0.5311502991009847
002017,东信和平,2026-04-17,18.9,19.16,18.76,19.07,10358627.0,198744150.0,0.0178570575865178,19.08,19.34,18.94,19.25,0.9906493506493508,0.6469320128974873
002017,东信和平,2026-04-20,19.07,19.37,19.0,19.26,10384078.0,201846532.0,0.0179009321243918,19.25,19.55,19.18,19.44,0.9907407407407408,0.8602539118435578
002017,东信和平,2026-04-21,19.22,19.26,18.83,18.92,9176100.0,175373252.0,0.0158185197825586,19.4,19.44,19.01,19.1,0.9905759162303666,0.8919739029321728
002017,东信和平,2026-04-22,18.86,19.1,18.75,19.07,8876280.0,169658654.0,0.0153016652799697,19.04,19.28,18.92,19.25,0.9906493506493508,0.9069366448922911
002017,东信和平,2026-04-23,19.03,19.22,18.71,18.77,8945671.0,170345744.0,0.0154212872224323,19.21,19.4,18.88,18.95,0.9905013192612138,0.9451280880549462
002017,东信和平,2026-04-24,18.65,18.75,18.29,18.36,10817568.0,201252646.0,0.0186482180236891,18.82,18.92,18.46,18.53,0.9908256880733944,1.132948962936406
002017,东信和平,2026-04-27,18.7,19.16,18.57,19.07,16454620.0,315074754.0,0.0283658342852067,18.87,19.34,18.74,19.25,0.9906493506493508,1.7069215186145257
002017,东信和平,2026-04-28,19.08,19.08,18.43,18.56,11522444.0,216599993.0,0.019863341545692,19.26,19.26,18.6,18.73,0.9909236518953548,1.0615803626735456
002017,东信和平,2026-04-29,18.39,18.77,18.38,18.66,7175330.0,135217465.0,0.0123694270497691,18.56,18.95,18.55,18.83,0.9909718534253852,0.6336774156787244
002017,东信和平,2026-04-30,18.59,18.78,18.54,18.76,6729715.0,127038567.0,0.0116012390730791,18.76,18.96,18.71,18.93,0.9910195456946648,0.612732170454996
002017,东信和平,2026-05-06,18.76,19.68,18.76,19.5,22037348.0,432223230.0,0.0379898023444742,18.94,19.86,18.94,19.68,0.9908536585365854,2.0908427958676103
002017,东信和平,2026-05-07,19.5,19.79,19.45,19.74,13946415.0,276721079.0,0.024041983148971,19.68,19.97,19.63,19.92,0.9909638554216866,1.090936598538376
002017,东信和平,2026-05-08,19.6,20.08,19.55,19.99,14214693.0,285537222.0,0.0245044629443334,19.78,20.27,19.73,20.18,0.9905847373637264,1.1573361995616047
002017,东信和平,2026-05-11,20.0,20.11,19.73,19.87,12249682.0,245533105.0,0.0211170145319964,20.19,20.3,19.91,20.06,0.9905284147557328,0.955461231360827
002017,东信和平,2026-05-12,19.89,19.95,19.4,19.47,12566849.0,248421412.0,0.0216637732272891,20.08,20.14,19.58,19.65,0.9908396946564886,0.9083000161915982
002017,东信和平,2026-05-13,19.53,19.64,19.3,19.55,11259358.0,221204540.0,0.0194098121491603,19.71,19.82,19.48,19.73,0.9908768373035984,0.750473901968416
002017,东信和平,2026-05-14,19.73,19.77,18.96,18.98,10312510.0,200077910.0,0.0177775572893532,19.91,19.95,19.14,19.16,0.9906054279749478,0.8026924110415684
002017,东信和平,2026-05-15,19.01,19.1,18.31,18.46,13100255.0,246713260.0,0.0225833025875985,19.19,19.28,18.48,18.63,0.9908749329039184,1.080823978420111
002017,东信和平,2026-05-18,18.33,18.67,18.16,18.6,10582791.0,197274247.0,0.0182434900217068,18.5,18.84,18.33,18.77,0.9909429941395844,0.8894797821446758
002017,东信和平,2026-05-19,18.58,18.76,18.38,18.69,8999843.0,168780235.0,0.0155146733945164,18.75,18.94,18.55,18.86,0.9909862142099682,0.7782401065840902
002017,东信和平,2026-05-20,18.62,18.7,18.28,18.34,8997313.0,166976747.0,0.0155103119713573,18.79,18.87,18.45,18.51,0.990815775256618,0.8291727304206707
002017,东信和平,2026-05-21,18.48,18.62,17.56,17.56,14141280.0,258047409.0,0.0243779075457657,18.65,18.79,17.72,17.72,0.9909706546275396,1.3599290608268328
002017,东信和平,2026-05-22,17.69,17.97,17.42,17.86,11037340.0,197587786.0,0.0190270791661845,17.86,18.14,17.58,18.03,0.9905712701053798,0.9886283563736269
002017,东信和平,2026-05-25,17.74,18.0,17.23,17.56,11041755.0,195456183.0,0.0190346901081795,17.91,18.17,17.39,17.72,0.9909706546275396,1.0269763143054018
002017,东信和平,2026-05-26,17.52,17.64,17.06,17.44,11314843.0,197914890.0,0.0195054617791922,17.68,17.8,17.22,17.6,0.9909090909090909,1.0434671951402583
002017,东信和平,2026-05-27,17.29,17.47,16.6,16.66,13040971.0,222284950.0,0.0224811039272974,17.45,17.63,16.75,16.82,0.990487514863258,1.1534041346919353
002017,东信和平,2026-05-28,16.66,16.86,16.23,16.71,11907877.0,198676789.0,0.0205277828154418,16.82,17.02,16.38,16.87,0.990515708358032,0.9828842979871183
002017,东信和平,2026-05-29,16.79,16.86,16.08,16.15,11575431.0,190941853.0,0.0199546849168103,16.95,17.02,16.23,16.3,0.9907975460122698,0.9920190475648524
002017,东信和平,2026-06-01,16.14,16.65,16.1,16.47,10767895.0,178911722.0,0.0185625875997444,16.29,16.81,16.25,16.62,0.9909747292418772,0.9143796380614372
002017,东信和平,2026-06-02,16.47,16.5,15.95,16.11,8442867.0,137692194.0,0.0145545121196381,16.62,16.65,16.1,16.26,0.9907749077490774,0.7202948923334556
002017,东信和平,2026-06-03,16.16,16.6,16.11,16.25,8950973.0,148010039.0,0.0154304272483569,16.31,16.75,16.26,16.4,0.9908536585365856,0.8029933090028588
002017,东信和平,2026-06-04,16.15,16.23,15.94,16.05,6420243.0,104127427.0,0.0110677456549442,16.3,16.38,16.09,16.2,0.9907407407407408,0.6215739814564585
002017,东信和平,2026-06-05,16.03,16.63,15.91,16.33,12805134.0,211978124.0,0.0220745486096832,16.18,16.79,16.06,16.48,0.990898058252427,1.3871157715980114
002017,东信和平,2026-06-08,15.93,16.13,15.26,15.61,12167683.0,193450358.0,0.0209756578768107,16.08,16.28,15.4,15.76,0.990482233502538,1.2838599448727746
002017,东信和平,2026-06-09,15.73,15.8,15.47,15.71,7883407.0,124451015.0,0.0135900687202037,15.88,15.95,15.61,15.86,0.9905422446406054,0.8079430133908898
002017,东信和平,2026-06-10,15.51,15.75,15.29,15.55,8213803.0,128546556.0,0.0141596326593585,15.65,15.9,15.43,15.7,0.9904458598726116,0.8515694592124318
002017,东信和平,2026-06-11,15.55,15.8,15.16,15.54,10269494.0,160165174.0,0.0177034027523531,15.7,15.95,15.3,15.69,0.9904397705544932,1.0812208479758063
002017,东信和平,2026-06-12,15.6,16.59,15.59,16.23,25561050.0,415815131.0,0.0440642511620374,15.6,16.59,15.59,16.23,1.0,2.48941259113033
002017,东信和平,2026-06-15,16.3,16.4,15.92,16.37,20934480.0,338561223.0,0.0360885873102493,16.3,16.4,15.92,16.37,1.0,1.6330710094074248
002017,东信和平,2026-06-16,16.28,16.48,16.15,16.33,12879000.0,209794159.0,0.0222018849271011,16.28,16.48,16.15,16.33,1.0,0.8837911832349252
002017,东信和平,2026-06-17,16.33,16.42,16.01,16.13,12322088.0,199121292.0,0.0212418339807139,16.33,16.42,16.01,16.13,1.0,0.7913197988430887
002017,东信和平,2026-06-18,16.02,16.22,15.82,15.96,10006425.0,160199813.0,0.0172499026618268,16.02,16.22,15.82,15.96,1.0,0.6104001248711175
002017,东信和平,2026-06-22,15.92,16.34,15.46,16.28,16304712.0,259091660.0,0.0281074104816776,15.92,16.34,15.46,16.28,1.0,0.9978032274758726
002017,东信和平,2026-06-23,16.17,16.57,16.0,16.13,13426387.0,219300203.0,0.0231455158910418,16.17,16.57,16.0,16.13,1.0,0.926638899588325
002017,东信和平,2026-06-24,16.2,16.2,15.35,15.58,12737585.0,199325729.0,0.0219581020591016,16.2,16.2,15.35,15.58,1.0,0.9807404722478515
002017,东信和平,2026-06-25,15.58,15.7,15.26,15.41,10161204.0,156706250.0,0.0175167234978492,15.58,15.7,15.26,15.41,1.0,0.7840774347075538
002017,东信和平,2026-06-26,15.25,15.25,14.7,14.7,12501337.0,186132881.0,0.0215508382257094,15.25,15.25,14.7,14.7,1.0,0.997930465670928
002017,东信和平,2026-06-29,14.65,14.72,14.31,14.44,11277926.0,163238308.0,0.0194418212026059,14.65,14.72,14.31,14.44,1.0,0.865784882750171
002017,东信和平,2026-06-30,14.45,14.7,14.28,14.63,9627951.0,140176973.0,0.0165949831163026,14.45,14.7,14.28,14.63,1.0,0.8009351023141568
002017,东信和平,2026-07-01,14.56,14.86,14.44,14.63,10871481.0,159148743.0,0.018738363297051,14.56,14.86,14.44,14.63,1.0,0.9653927131002356
002017,东信和平,2026-07-02,14.64,14.89,14.32,14.36,11209228.0,163610405.0,0.0193205126829984,14.64,14.89,14.32,14.36,1.0,1.029504849007894
002017,东信和平,2026-07-03,14.37,14.58,14.25,14.32,8704480.0,125439467.0,0.015003264831343,14.37,14.58,14.25,14.32,1.0,0.7843580665291797
002017,东信和平,2026-07-06,14.33,14.38,13.81,13.88,10755003.0,150849894.0,0.0185375988308192,14.33,14.38,13.81,13.88,1.0,1.0403154579942306
002017,东信和平,2026-07-07,13.84,13.9,13.43,13.45,10261682.0,139573348.0,0.0176872981109757,13.84,13.9,13.43,13.45,1.0,1.0027412954970831
002017,东信和平,2026-07-08,13.5,13.78,13.35,13.59,12141296.0,165216865.0,0.0209270489775065,13.5,13.78,13.35,13.59,1.0,1.1718973718981671
002017,东信和平,2026-07-09,13.43,13.59,12.98,13.49,12093125.0,160883824.0,0.0208440202072422,13.43,13.59,12.98,13.49,1.0,1.1393197793271663
002017,东信和平,2026-07-10,13.45,14.13,13.29,13.67,11797993.0,162901638.0,0.020335323127554,13.45,14.13,13.29,13.67,1.0,1.093305983184021
002017,东信和平,2026-07-13,13.65,13.78,12.88,12.91,11556740.0,151885611.0,0.0199194932732312,13.65,13.78,12.88,12.91,1.0,1.0128766450807574
002017,东信和平,2026-07-14,12.91,13.06,12.59,12.92,10182861.0,130407105.0,0.0175514402151254,12.91,13.06,12.59,12.92,1.0,0.8800962703460328
002017,东信和平,2026-07-15,12.88,13.19,12.85,12.97,8051032.0,104794683.0,0.0138769651101062,12.88,13.19,12.85,12.97,1.0,0.696793421520783
002017,东信和平,2026-07-16,12.89,13.27,12.81,12.97,9635042.0,125804916.0,0.0166072053456511,12.89,13.27,12.81,12.97,1.0,0.8974224778919749
002017,东信和平,2026-07-17,13.03,13.11,12.3,12.39,11829945.0,149944078.0,0.0203903964137114,13.03,13.11,12.3,12.39,1.0,1.1547342724460887
002017,东信和平,2026-07-20,12.39,12.94,12.24,12.45,16373223.0,206505240.0,0.0282213068226519,12.39,12.94,12.24,12.45,1.0,1.5972124617749235
002017,东信和平,2026-07-21,12.48,12.99,12.34,12.84,22024815.0,280343732.0,0.0379625356490379,12.48,12.99,12.34,12.84,1.0,1.9639726193255138
002017,东信和平,2026-07-22,12.79,12.83,12.38,12.46,14885740.0,186962230.0,0.0256574429983775,12.79,12.83,12.38,12.46,1.0,1.0959248097930594
002017,东信和平,2026-07-23,12.38,12.71,12.3,12.64,11693802.0,146286105.0,0.0201557368494487,12.38,12.71,12.3,12.64,1.0,0.7822070371329881
002017,东信和平,2026-07-24,12.47,12.7,12.3,12.3,10882029.0,135556473.0,0.0187565441002053,12.47,12.7,12.3,12.3,1.0,0.7083960197910296
002017,东信和平,2026-07-27,12.31,12.96,12.21,12.93,15928639.0,203251584.0,0.0274550104451799,12.31,12.96,12.21,12.93,1.0,1.0498761600524462
002017,东信和平,2026-07-28,12.76,13.32,12.72,13.05,14593078.0,191498922.0,0.0251530032739975,12.76,13.32,12.72,13.05,1.0,0.9675179448657611
002017,东信和平,2026-07-29,13.05,13.39,12.92,13.3,14301084.0,188606277.0,0.024649714931539,13.05,13.39,12.92,13.3,1.0,1.0518087915959582
002017,东信和平,2026-07-30,13.26,13.66,13.17,13.38,15555068.0,209729461.0,0.0268111138946324,13.26,13.66,13.17,13.38,1.0,1.1539602168779923
002017,东信和平,2026-07-31,13.42,13.78,13.4,13.61,17144021.0,233587736.0,0.0295498740116706,13.42,13.78,13.4,13.61,1.0,1.202922083890718
002017,东信和平,2026-08-03,13.51,14.0,13.51,13.9,13598808.0,187829804.0,0.0234392540179984,13.51,14.0,13.51,13.9,1.0,0.8770947147960402
002017,东信和平,2026-08-04,13.96,14.25,13.94,14.02,14350023.0,202029332.0,0.0247340674462879,13.96,14.25,13.94,14.02,1.0,0.9542246342795321
002017,东信和平,2026-08-05,13.93,14.24,13.89,14.0,15734320.0,221016353.0,0.027120077236216,13.93,14.24,13.89,14.0,1.0,1.0496683851862794
002017,东信和平,2026-08-06,13.94,14.84,13.88,14.5,32356310.0,468980906.0,0.0557701652361812,13.94,14.84,13.88,14.5,1.0,2.1180519188753824
002017,东信和平,2026-08-07,14.24,14.26,13.65,13.97,27492399.0,380888129.0,0.0473866035703398,14.24,14.26,13.65,13.97,1.0,1.475175557401901
002017,东信和平,2026-08-10,13.9,13.97,13.6,13.84,14521964.0,200244709.0,0.0250304293608843,13.9,13.97,13.6,13.84,1.0,0.7013282674531299
002017,东信和平,2026-08-11,13.81,14.07,13.71,13.87,10546700.0,146681408.0,0.0181785624410333,13.81,14.07,13.71,13.87,1.0,0.5048441139485346
002017,东信和平,2026-08-12,13.83,13.99,13.8,13.95,8711364.0,121163253.0,0.0150151302701859,13.83,13.99,13.8,13.95,1.0,0.4327480115014061
002017,东信和平,2026-08-13,13.95,14.15,13.7,13.72,9875532.0,137209127.0,0.0170217200736176,13.95,14.15,13.7,13.72,1.0,0.5273771876256326
002017,东信和平,2026-08-14,13.72,13.96,13.56,13.68,8200077.0,112359707.0,0.0141338628922583,13.72,13.96,13.56,13.68,1.0,0.5762693066149656
002017,东信和平,2026-08-17,13.67,13.75,13.47,13.75,9818776.0,133789644.0,0.0169238939773123,13.67,13.75,13.47,13.75,1.0,0.9467414314088939
002017,东信和平,2026-08-18,13.73,13.74,13.35,13.52,9048500.0,122009018.0,0.0155962265208729,13.73,13.74,13.35,13.52,1.0,0.9594941717661366
002017,东信和平,2026-08-19,13.38,13.45,12.75,12.79,10784660.0,140266081.0,0.0185887163961537,13.38,13.45,12.75,12.79,1.0,1.1811233605003555
002017,东信和平,2026-08-20,12.87,13.5,12.81,13.21,11480122.0,151228234.0,0.0197874325246457,12.87,13.5,12.81,13.21,1.0,1.2026725866582912
002017,东信和平,2026-08-21,13.42,14.53,13.42,14.53,33064541.0,470577316.0,0.0569908903403536,13.42,14.53,13.42,14.53,1.0,3.3512173150422133
002017,东信和平,2026-08-24,15.24,15.98,15.09,15.98,43211396.0,684374142.0,0.0744802696910142,15.24,15.98,15.09,15.98,1.0,2.9119526085016374
002017,东信和平,2026-08-25,15.39,17.27,15.23,16.95,96852374.0,1577471794.0,0.1669372342364262,15.39,17.27,15.23,16.95,1.0,4.501025981051131
002017,东信和平,2026-08-26,16.0,16.76,15.66,16.48,73566044.0,1193480330.0,0.1268003189996689,16.0,16.76,15.66,16.48,1.0,1.8825139330795075
002017,东信和平,2026-08-27,16.37,17.18,16.2,16.75,71499446.0,1198601433.0,0.1232382777181766,16.37,17.18,16.2,16.75,1.0,1.3847117428265383
002017,东信和平,2026-08-28,16.66,16.77,16.19,16.19,53322203.0,876668370.0,0.0919075157849333,16.66,16.77,16.19,16.19,1.0,0.8378887777263768
002017,东信和平,2026-08-31,15.93,16.28,15.52,15.87,37407247.0,589901439.0,0.0644760897092605,15.93,16.28,15.52,15.87,1.0,0.5526235086772251
002017,东信和平,2026-09-01,15.88,16.9,15.66,16.5,52995573.0,873008337.0,0.0913445279451242,15.88,16.9,15.66,16.5,1.0,0.796572988411384
002017,东信和平,2026-09-02,16.14,17.29,15.88,16.92,75194702.0,1261233548.0,0.1296075156723806,16.14,17.29,15.88,16.92,1.0,1.3018901005241816
002017,东信和平,2026-09-03,16.55,17.07,16.35,16.47,50893265.0,842960770.0,0.0877209359923538,16.55,17.07,16.35,16.47,1.0,0.8762036064072367
002017,东信和平,2026-09-04,16.62,17.95,16.62,17.06,72670813.0,1258110945.0,0.1252572759025249,16.62,17.95,16.62,17.06,1.0,1.3466885526897723
002017,东信和平,2026-09-07,16.63,16.82,16.2,16.35,54047349.0,888089524.0,0.0931573960166518,16.63,16.82,16.2,16.35,1.0,0.9345526688190963
002017,东信和平,2026-09-08,16.49,17.99,16.36,17.12,63152503.0,1105313403.0,,16.49,17.99,16.36,17.12,1.0,1.0325727846995436
002017,东信和平,2026-09-09,17.14,17.26,16.4,16.44,51861782.0,859211626.0,,17.14,17.26,16.4,16.44,1.0,0.8207052561235295
002265,建设工业,2026-03-19,21.65,21.81,21.23,21.35,5790101.0,124649914.0,0.0056049124126855,21.75,21.91,21.32,21.45,0.9953379953379954,0.9949405663116665
002265,建设工业,2026-03-20,21.36,21.47,20.78,20.79,5915032.0,125079066.0,0.005725847662801,21.46,21.57,20.87,20.88,0.9956896551724138,1.1367443602410447
002265,建设工业,2026-03-23,20.51,21.06,19.98,20.08,9107917.0,187300787.0,0.0088166125335308,20.6,21.15,20.07,20.17,0.99553792761527,1.7134818841097752
002265,建设工业,2026-03-24,20.41,22.09,20.15,22.09,20361259.0,442501581.0,0.0197100315360655,20.5,22.19,20.24,22.19,0.9954934655250112,3.3479570486959185
002265,建设工业,2026-03-25,22.09,24.3,21.6,23.88,40581486.0,936418685.0,0.0392835417908294,22.19,24.41,21.7,23.99,0.9954147561483953,4.370190893027977
002265,建设工业,2026-03-26,23.14,23.8,22.29,22.65,31951777.0,731310931.0,0.0309298424180613,23.24,23.91,22.39,22.75,0.9956043956043956,1.9540986054872318
002265,建设工业,2026-03-27,22.45,24.92,22.4,24.92,22427834.0,550324822.0,0.0217105099161914,22.55,25.03,22.5,25.03,0.995605273671594,1.0391196991634468
002265,建设工业,2026-03-30,24.92,27.21,24.57,24.6,52604755.0,1357902224.0,0.0509222627145503,25.03,27.33,24.68,24.71,0.9955483609874544,2.1138246236910527
002265,建设工业,2026-03-31,24.57,24.84,23.52,23.54,31948275.0,772009907.0,0.0309264524248178,24.68,24.95,23.62,23.64,0.9957698815566836,0.9512542319625804
002265,建设工业,2026-04-01,23.86,23.99,22.91,23.04,22744010.0,530753574.0,0.0220165734523877,23.97,24.1,23.01,23.14,0.9956784788245462,0.6334880262654761
002265,建设工业,2026-04-02,22.91,24.39,22.81,23.47,33303779.0,785466292.0,0.0322386024538147,23.01,24.5,22.91,23.57,0.9957573186253712,1.0299501750565083
002265,建设工业,2026-04-03,22.91,23.12,21.75,22.1,22283586.0,496553205.0,0.0215708754943213,23.01,23.22,21.85,22.2,0.9954954954954957,0.6834254466912635
002265,建设工业,2026-04-07,22.56,23.06,22.28,22.53,17118782.0,389494341.0,0.0165712607987075,22.66,23.16,22.38,22.63,0.9955810870525852,0.5254886740078033
002265,建设工业,2026-04-08,22.33,22.78,21.9,22.63,20272031.0,456681381.0,0.0196236573735493,22.43,22.88,22.0,22.73,0.9956005279366476,0.7956154044344911
002265,建设工业,2026-04-09,22.23,22.56,22.05,22.1,13102540.0,292065949.0,0.0126834728934276,22.33,22.66,22.15,22.2,0.9954954954954957,0.5661204746664485
002265,建设工业,2026-04-10,22.31,23.26,22.26,22.39,15655654.0,357189060.0,0.0151549289784944,22.41,23.36,22.36,22.49,0.9955535793686084,0.7379123320036352
002265,建设工业,2026-04-13,22.05,23.04,22.04,23.01,16245337.0,370133465.0,0.0157257517614216,22.15,23.14,22.14,23.11,0.9956728688879274,0.9185152469746081
002265,建设工业,2026-04-14,22.89,23.07,22.42,22.62,12597165.0,286044350.0,0.0121942616325945,22.99,23.17,22.52,22.72,0.995598591549296,0.7644435520962458
002265,建设工业,2026-04-15,22.51,22.74,22.11,22.14,11497963.0,258468096.0,0.0111302161290966,22.61,22.84,22.21,22.24,0.9955035971223024,0.7382535223146867
002265,建设工业,2026-04-16,22.09,22.37,21.97,22.35,8757097.0,195186742.0,0.0084770130390456,22.19,22.47,22.07,22.45,0.9955456570155904,0.6336662047233073
002265,建设工业,2026-04-17,22.3,22.31,21.83,22.16,9736785.0,215548022.0,0.0094253670369739,22.4,22.41,21.93,22.26,0.9955076370170708,0.7518379473229562
002265,建设工业,2026-04-20,22.13,22.76,22.05,22.66,12443314.0,282209017.0,0.0120453313497542,22.23,22.86,22.15,22.76,0.9956063268892794,1.0574872191578841
002265,建设工业,2026-04-21,22.67,23.05,22.48,22.76,13090148.0,299361227.0,0.0126714772348687,22.77,23.15,22.58,22.86,0.9956255468066492,1.1893144836114862
002265,建设工业,2026-04-22,22.52,22.91,22.34,22.78,9754122.0,222534508.0,0.0094421495363636,22.62,23.01,22.44,22.88,0.9956293706293708,0.8783492183122913
002265,建设工业,2026-04-23,22.78,23.07,22.32,22.52,10492314.0,238630329.0,0.0101567314588111,22.88,23.17,22.42,22.62,0.995579133510168,0.975458162482964
002265,建设工业,2026-04-24,22.51,22.6,21.89,21.99,9449474.0,209708275.0,0.0091472452926035,22.61,22.7,21.99,22.09,0.9954730647351744,0.8510481434922904
002265,建设工业,2026-04-27,22.0,22.45,21.78,22.37,7528500.0,167577521.0,0.0072877110604638,22.1,22.55,21.88,22.47,0.995549621717846,0.6815666852051115
002265,建设工业,2026-04-28,22.18,22.44,21.78,21.87,6846000.0,151589295.0,0.0066270399043548,22.28,22.54,21.88,21.97,0.995448338643605,0.6803199980411236
002265,建设工业,2026-04-29,21.87,22.28,21.85,22.06,5006701.0,111201299.0,0.0048465684072704,21.97,22.38,21.95,22.16,0.9954873646209386,0.5680343114575063
002265,建设工业,2026-04-30,22.06,22.5,22.01,22.41,7064472.0,158109061.0,0.0068385243714866,22.16,22.6,22.11,22.51,0.9955575299866726,0.8982623370771738
002265,建设工业,2026-05-06,22.18,22.96,22.18,22.72,10367593.0,236600488.0,0.0100359994921282,22.28,23.06,22.28,22.82,0.9956178790534618,1.4441496785066794
002265,建设工业,2026-05-07,22.72,23.17,22.55,23.04,11134807.0,256512843.0,0.0107786751849678,22.82,23.27,22.65,23.14,0.9956784788245462,1.5123362051060614
002265,建设工业,2026-05-08,22.98,23.99,22.83,23.81,17675199.0,419601074.0,0.0171098815498704,23.08,24.1,22.93,23.92,0.995401337792642,2.186465329557044
002265,建设工业,2026-05-11,23.89,24.15,23.53,23.95,16638295.0,398896305.0,0.0161061415286924,24.0,24.26,23.63,24.06,0.9954280964256028,1.6232871882276516
002265,建设工业,2026-05-12,23.87,26.18,23.46,24.62,31025000.0,767506527.0,0.0300327071330134,23.98,26.3,23.56,24.73,0.9955519611807522,2.4669862767656285
002265,建设工业,2026-05-13,24.31,24.37,23.36,23.65,23883885.0,566494007.0,0.0231199910847243,24.42,24.48,23.46,23.76,0.9953703703703702,1.3751519531800305
002265,建设工业,2026-05-14,23.66,23.81,22.91,22.91,14404700.0,336615302.0,0.0139439850584663,23.77,23.92,23.01,23.01,0.9956540634506736,0.7176715775988378
002265,建设工业,2026-05-15,22.91,23.53,22.73,23.01,12439167.0,289351376.0,0.0120413169859676,23.01,23.63,22.83,23.11,0.9956728688879274,0.6001890200919394
002265,建设工业,2026-05-18,22.88,23.1,22.64,22.83,9137142.0,209823744.0,0.0088449028112411,22.98,23.2,22.74,22.93,0.9956389010030527,0.46432791796595074
002265,建设工业,2026-05-19,22.84,23.03,22.59,22.82,7030300.0,160994260.0,0.0068054453169129,22.94,23.13,22.69,22.92,0.9956369982547992,0.3867481680636573
002265,建设工业,2026-05-20,22.76,22.94,22.35,22.45,8658200.0,196444151.0,0.0083812791264804,22.86,23.04,22.45,22.55,0.9955654101995564,0.6471466395627763
002265,建设工业,2026-05-21,22.44,23.25,22.31,22.36,11944841.0,273250598.0,0.0115628013377408,22.54,23.35,22.41,22.46,0.995547640249332,1.1558887660418835
002265,建设工业,2026-05-22,22.4,22.5,21.94,22.13,8205473.0,182791624.0,0.0079430319902288,22.5,22.6,22.04,22.23,0.9955015744489428,0.833726006992531
002265,建设工业,2026-05-25,22.13,22.44,21.87,22.15,8209421.0,181945245.0,0.0079468537187626,22.23,22.54,21.97,22.25,0.995505617977528,0.9126455255336875
002265,建设工业,2026-05-26,21.95,22.1,21.27,21.6,9194460.0,199423807.0,0.0089003875721581,22.05,22.2,21.36,21.7,0.9953917050691246,1.043680864851906
002265,建设工业,2026-05-27,21.47,21.67,20.61,20.73,8604652.0,181305514.0,0.0083294437871876,21.57,21.77,20.7,20.82,0.9956772334293948,0.9309896186942919
002265,建设工业,2026-05-28,20.78,21.03,20.35,20.87,7645075.0,159552669.0,0.0074005575659926,20.87,21.12,20.44,20.96,0.995706106870229,0.8281267294219892
002265,建设工业,2026-05-29,20.83,21.35,20.26,20.36,7399748.0,153853063.0,0.0071630770198904,20.92,21.45,20.35,20.45,0.99559902200489,0.8838880146460931
002265,建设工业,2026-06-01,20.66,20.76,20.31,20.35,5910374.0,121591051.0,0.0057213386426616,20.75,20.85,20.4,20.44,0.99559686888454,0.7198405411728094
002265,建设工业,2026-06-02,20.41,20.47,19.61,19.95,7141800.0,142614219.0,0.006913379139486,20.5,20.56,19.7,20.04,0.9955089820359282,0.9214201187279588
002265,建设工业,2026-06-03,19.88,20.21,19.76,19.89,5590705.0,112270004.0,0.005411893825369,19.97,20.3,19.85,19.98,0.9954954954954957,0.7616422085013128
002265,建设工业,2026-06-04,19.81,20.07,19.66,19.94,5270566.0,105247084.0,0.0051019940403938,19.9,20.16,19.75,20.03,0.9955067398901648,0.7822685560445767
002265,建设工业,2026-06-05,19.94,20.29,19.59,19.85,6815576.0,136230298.0,0.0065975889750457,20.03,20.38,19.68,19.94,0.9954864593781344,1.0882914431626312
002265,建设工业,2026-06-08,19.38,19.98,18.93,19.47,6409152.0,125838714.0,0.0062041638996605,19.47,20.07,19.01,19.56,0.995398773006135,1.0428500146490185
002265,建设工业,2026-06-09,19.61,20.45,19.27,20.37,11474496.0,230675399.0,0.0111074996895063,19.7,20.54,19.36,20.46,0.995601173020528,1.8372245831350458
002265,建设工业,2026-06-10,20.17,21.79,20.01,20.6,17880090.0,377346371.0,0.0173082193870079,20.26,21.89,20.1,20.69,0.9956500724987916,2.5140384013214665
002265,建设工业,2026-06-11,20.59,20.59,19.7,19.79,11893791.0,238660761.0,0.0115133841032802,20.68,20.68,19.79,19.88,0.9954728370221329,1.242823492974277
002265,建设工业,2026-06-12,19.91,20.33,19.67,19.79,9833726.0,197222802.0,0.0095192075095664,20.0,20.42,19.76,19.88,0.9954728370221329,0.902622128846887
002265,建设工业,2026-06-15,19.7,20.06,19.51,19.7,7983100.0,158520337.0,0.0077277712913314,19.79,20.15,19.6,19.79,0.9954522486104092,0.6942882008750723
002265,建设工业,2026-06-16,19.64,19.66,19.23,19.48,7996298.0,156188718.0,0.0077405471710653,19.73,19.75,19.32,19.57,0.9954011241696474,0.6769043018441839
002265,建设工业,2026-06-17,19.28,19.55,19.03,19.26,7625672.0,147398275.0,0.0073817751448322,19.37,19.64,19.11,19.35,0.9953488372093025,0.685922186309552
002265,建设工业,2026-06-18,19.16,19.31,18.84,18.91,7250498.0,138455265.0,0.0070186005802578,19.25,19.4,18.92,18.99,0.9957872564507636,0.7997004450683567
002265,建设工业,2026-06-22,18.74,18.82,18.34,18.79,8425717.0,157313931.0,0.0081562317823256,18.82,18.9,18.42,18.87,0.9957604663487016,1.035372719910058
002265,建设工业,2026-06-23,18.81,19.29,18.55,18.6,6338996.0,120173367.0,0.0061362517448942,18.89,19.38,18.63,18.68,0.9957173447537474,0.8068722802729086
002265,建设工业,2026-06-24,18.79,18.79,18.02,18.17,6732611.0,123267930.0,0.0065172774989042,18.87,18.87,18.1,18.25,0.9956164383561644,0.8944095733418505
002265,建设工业,2026-06-25,18.16,18.25,17.8,17.84,7770151.0,139908583.0,0.0075216331784783,18.24,18.33,17.88,17.92,0.9955357142857142,1.0681062149267266
002265,建设工业,2026-06-26,17.72,17.82,17.17,17.19,7530126.0,131428724.0,0.0072892850550423,17.8,17.9,17.25,17.27,0.9953676896352056,1.0310164258021661
002265,建设工业,2026-06-29,17.1,17.18,16.66,17.03,7686666.0,130986661.0,0.0074408183338369,17.18,17.26,16.73,17.11,0.9953243717124488,1.0444520554478538
002265,建设工业,2026-06-30,16.96,17.42,16.93,17.32,7108928.0,123073873.0,0.006881558506162,17.04,17.5,17.01,17.4,0.9954022988505749,0.9857479016765788
002265,建设工业,2026-07-01,17.3,18.5,17.22,17.58,10712701.0,192398325.0,0.0103700696772454,17.38,18.58,17.3,17.66,0.9954699886749716,1.4544043656211516
002265,建设工业,2026-07-02,17.48,18.04,17.42,17.48,8449600.0,150525443.0,0.0081793509167158,17.56,18.12,17.5,17.56,0.9954441913439636,1.0352726873167726
002265,建设工业,2026-07-03,17.57,18.75,17.5,18.41,16306800.0,299032883.0,0.0157852489500926,17.65,18.83,17.58,18.49,0.995673336938886,1.965241967072857
002265,建设工业,2026-07-06,18.41,19.17,18.3,18.51,11634602.0,216894350.0,0.0112624849145905,18.49,19.26,18.38,18.59,0.9956966110812264,1.1573333927521097
002265,建设工业,2026-07-07,18.43,18.49,17.26,17.31,9690240.0,172287627.0,0.0093803107161518,18.51,18.57,17.34,17.39,0.995399654974123,0.8937253017659299
002265,建设工业,2026-07-08,17.6,17.6,16.75,16.77,6663657.0,113574453.0,0.0064505288997858,17.68,17.68,16.82,16.84,0.9958432304038004,0.5866520836561744
002265,建设工业,2026-07-09,16.7,17.14,16.48,17.07,7524929.0,127083833.0,0.0072842542740924,16.77,17.22,16.55,17.15,0.99533527696793,0.7133323925788538
002265,建设工业,2026-07-10,17.04,18.05,16.92,17.5,10114955.0,177691055.0,0.0097914417785208,17.04,18.05,16.92,17.5,1.0,0.9759658911574067
002265,建设工业,2026-07-13,17.4,17.41,16.33,16.36,9294800.0,155449523.0,0.0089975183323105,17.4,17.41,16.33,16.36,1.0,1.0185326970714699
002265,建设工业,2026-07-14,16.3,16.43,16.05,16.38,5745655.0,93386091.0,0.0055618879581735,16.3,16.43,16.05,16.38,1.0,0.663645569717335
002265,建设工业,2026-07-15,16.49,16.87,16.33,16.58,4792800.0,79660166.0,0.0046395087428559,16.49,16.87,16.33,16.58,1.0,0.6090891225182109
002265,建设工业,2026-07-16,16.4,16.89,16.32,16.73,5091000.0,84836185.0,0.0049281712172174,16.4,16.89,16.32,16.73,1.0,0.6792865684403967
002265,建设工业,2026-07-17,16.73,16.85,15.87,16.01,7144300.0,116366999.0,0.0069157991803509,16.73,16.85,15.87,16.01,1.0,1.019472185588659
002265,建设工业,2026-07-20,16.1,16.74,15.91,16.36,9586700.0,156822687.0,0.0092800823036925,16.1,16.74,15.91,16.36,1.0,1.4947196716534312
002265,建设工业,2026-07-21,16.23,16.44,16.0,16.31,8197203.0,133311180.0,0.0079350264950478,16.23,16.44,16.0,16.31,1.0,1.266546314011963
002265,建设工业,2026-07-22,16.32,16.51,16.1,16.39,6503831.0,106330824.0,0.0062958147192784,16.32,16.51,16.1,16.39,1.0,0.9341362805237033
002265,建设工业,2026-07-23,16.25,17.92,16.17,17.58,21471188.0,368324544.0,0.0207844609509064,16.25,17.92,16.17,17.58,1.0,2.939403665095293
002265,建设工业,2026-07-24,17.3,19.34,17.2,19.34,21037815.0,395112836.0,0.0203649488030142,17.3,19.34,17.2,19.34,1.0,1.9883302192822963
002265,建设工业,2026-07-27,18.93,20.72,17.84,19.81,43788128.0,859939752.0,0.0423876236624304,18.93,20.72,17.84,19.81,1.0,3.277714598543938
002265,建设工业,2026-07-28,19.02,19.65,18.33,18.43,29860569.0,558670141.0,0.0289055188912857,19.02,19.65,18.33,18.43,1.0,1.478272847828473
002265,建设工业,2026-07-29,18.38,19.09,18.05,18.45,20016596.0,368418602.0,0.0193763921182223,18.38,19.09,18.05,18.45,1.0,0.815928019029862
002265,建设工业,2026-07-30,18.27,19.22,18.17,18.28,24344638.0,453774853.0,0.0235660075201685,18.27,19.22,18.17,18.28,1.0,0.8938778725171452
002265,建设工业,2026-07-31,17.8,20.1,17.6,19.41,34617830.0,657910718.0,0.033510625301223,17.8,20.1,17.6,19.41,1.0,1.2448180929160837
002265,建设工业,2026-08-03,19.1,19.32,18.49,19.13,18975199.0,360589752.0,0.0183683027996019,19.1,19.32,18.49,19.13,1.0,0.621616895762495
002265,建设工业,2026-08-04,19.12,19.4,18.96,19.32,15617097.0,300018512.0,0.0151176051722437,19.12,19.4,18.96,19.32,1.0,0.6109266333034026
002265,建设工业,2026-08-05,19.21,19.39,19.03,19.23,15754619.0,302570150.0,0.0152507287161711,19.21,19.39,19.03,19.23,1.0,0.6935999973937091
002265,建设工业,2026-08-06,19.35,19.48,18.61,18.75,15779739.0,297611292.0,0.0152750452867813,19.35,19.48,18.61,18.75,1.0,0.7217925198608064
002265,建设工业,2026-08-07,18.75,19.04,18.47,18.98,11522983.0,216358612.0,0.0111544358980722,18.75,19.04,18.47,18.98,1.0,0.5718915092165244
002265,建设工业,2026-08-10,18.92,20.85,18.83,20.55,41382040.0,834756985.0,0.0400584911486429,18.92,20.85,18.83,20.55,1.0,2.6646640988160706
002265,建设工业,2026-08-11,20.19,20.44,19.67,19.75,26610082.0,528247164.0,0.0257589943429966,20.19,20.44,19.67,19.75,1.0,1.3297530820543173
002265,建设工业,2026-08-12,19.58,20.29,19.49,19.89,13810149.0,274540290.0,0.013368449971967,19.58,20.29,19.49,19.89,1.0,0.6218017011032282
002265,建设工业,2026-08-13,19.93,21.45,19.77,20.6,32787685.0,676814310.0,0.0317390150257694,19.93,21.45,19.77,20.6,1.0,1.5025749096560594
002265,建设工业,2026-08-14,20.59,20.73,20.02,20.35,20928172.0,425457394.0,0.0202588125867955,20.59,20.73,20.02,20.35,1.0,0.8297392863074898
002265,建设工业,2026-08-17,20.26,21.07,20.0,20.14,20819684.0,425503651.0,0.0201537944294564,20.26,21.07,20.0,20.14,1.0,0.7681512542735242
002265,建设工业,2026-08-18,20.21,20.29,19.4,19.49,17114973.0,335935225.0,0.0165675736244458,20.21,20.29,19.4,19.49,1.0,0.7444155566194623
002265,建设工业,2026-08-19,19.19,19.39,18.26,18.3,15696703.0,291315602.0,0.0151946650814792,19.19,19.39,18.26,18.3,1.0,0.7441970566788491
002265,建设工业,2026-08-20,18.52,18.93,18.34,18.67,10446200.0,194837702.0,0.0101120923530341,18.52,18.93,18.34,18.67,1.0,0.48656128644676466
002265,建设工业,2026-08-21,18.47,18.55,18.15,18.29,7084112.0,129677614.0,0.006857536212521,18.47,18.55,18.15,18.29,1.0,0.4166843713550988
002265,建设工业,2026-08-24,18.22,18.43,17.85,18.06,7620869.0,138142566.0,0.0073771257623226,18.22,18.43,17.85,18.06,1.0,0.5354616316491271
002265,建设工业,2026-08-25,18.01,18.82,17.98,18.22,14901257.0,273147107.0,0.0144246603511608,18.01,18.82,17.98,18.22,1.0,1.2854142955720764
002265,建设工业,2026-08-26,18.17,18.66,18.05,18.38,12589881.0,230845836.0,0.0121872106015307,18.17,18.66,18.05,18.38,1.0,1.1291547075137893
002265,建设工业,2026-08-27,18.39,18.9,18.3,18.56,11294385.0,210479753.0,0.0109331492974214,18.39,18.9,18.3,18.56,1.0,1.0727476690379083
002265,建设工业,2026-08-28,18.47,18.84,18.37,18.66,7950098.0,148302199.0,0.0076958248158825,18.47,18.84,18.37,18.66,1.0,0.7431317154910336
002265,建设工业,2026-08-31,18.66,19.18,18.6,19.08,13328098.0,252286110.0,0.0129018167243868,18.66,19.18,18.6,19.08,1.0,1.2259895736461277
002265,建设工业,2026-09-01,18.95,19.62,18.88,19.49,19398132.0,376995102.0,0.0187777088568424,18.95,19.62,18.88,19.49,1.0,1.6147961134407944
002265,建设工业,2026-09-02,19.3,21.44,19.26,21.44,17861910.0,377639477.0,0.0172906208498386,19.3,21.44,19.26,21.44,1.0,1.383344614208475
002265,建设工业,2026-09-03,21.71,22.13,20.78,20.92,43855208.0,934429457.0,0.0424525581989166,21.71,22.13,20.78,20.92,1.0,3.1400229660569963
002265,建设工业,2026-09-04,20.82,21.95,20.65,21.45,39996007.0,857315970.0,0.0387167885486206,20.82,21.95,20.65,21.45,1.0,1.9530550324480729
002265,建设工业,2026-09-07,21.45,21.6,20.76,20.8,25572353.0,536123562.0,0.0247544557083332,21.45,21.6,20.76,20.8,1.0,0.9510739247447297
002265,建设工业,2026-09-08,20.99,21.3,20.56,21.09,24864493.0,519081193.0,,20.99,21.3,20.56,21.09,1.0,0.8475552585595623
002265,建设工业,2026-09-09,20.94,22.25,20.76,21.67,36235004.0,780886384.0,,20.94,22.25,20.76,21.67,1.0,1.1907660501624413
002491,通鼎互联,2026-03-19,10.29,10.95,10.22,10.35,105461152.0,1113126346.0,0.0896421100461059,10.29,10.95,10.22,10.35,1.0,0.8242623314128392
002491,通鼎互联,2026-03-20,10.68,10.85,9.92,9.93,102855769.0,1067798637.0,0.087427531263596,10.68,10.85,9.92,9.93,1.0,0.8747081882874664
002491,通鼎互联,2026-03-23,9.68,9.93,9.34,9.42,102811953.0,989101934.0,0.0873902876092333,9.68,9.93,9.34,9.42,1.0,0.9559331607940691
002491,通鼎互联,2026-03-24,9.73,10.36,9.54,10.36,175002527.0,1781116308.0,0.1487523650763897,9.73,10.36,9.54,10.36,1.0,1.6436931833133874
002491,通鼎互联,2026-03-25,11.08,11.4,10.96,11.4,41281085.0,465162872.0,0.0350889734676201,11.08,11.4,10.96,11.4,1.0,0.3500723650436965
002491,通鼎互联,2026-03-26,11.61,11.93,10.84,10.86,246946296.0,2816747896.0,0.209904657987334,11.61,11.93,10.84,10.86,1.0,2.341111583012466
002491,通鼎互联,2026-03-27,10.72,11.79,10.5,11.22,195090513.0,2161280443.0,0.1658271780996405,10.72,11.79,10.5,11.22,1.0,1.4582987310031283
002491,通鼎互联,2026-03-30,10.9,11.88,10.9,11.65,205158206.0,2375101644.0,0.1743847296406706,10.9,11.88,10.9,11.65,1.0,1.347716987268761
002491,通鼎互联,2026-03-31,11.31,12.8,10.69,12.2,257217090.0,3021294000.0,0.2186348456303524,11.31,12.8,10.69,12.2,1.0,1.4894236056175134
002491,通鼎互联,2026-04-01,12.08,12.35,11.5,11.96,191986474.0,2266318430.0,0.1631887410984459,12.08,12.35,11.5,11.96,1.0,1.0150568706114929
002491,通鼎互联,2026-04-02,11.69,12.78,11.69,12.0,200183187.0,2457061681.0,0.1701559573181431,11.69,12.78,11.69,12.0,1.0,0.9129124701282562
002491,通鼎互联,2026-04-03,12.11,12.58,11.7,12.56,218811825.0,2659368154.0,0.1859903227307745,12.11,12.58,11.7,12.56,1.0,1.0423229361713549
002491,通鼎互联,2026-04-07,12.56,13.82,12.38,13.82,183578588.0,2501241115.0,0.1560420275667455,12.56,13.82,12.38,13.82,1.0,0.855161075415835
002491,通鼎互联,2026-04-08,14.87,15.2,14.51,15.2,74092755.0,1112951387.0,0.0629789336772005,14.87,15.2,14.51,15.2,1.0,0.3522264864461347
002491,通鼎互联,2026-04-09,15.59,16.66,14.4,16.14,379235622.0,5749294204.0,0.3223507492192711,15.59,16.66,14.4,16.14,1.0,2.1828952219989834
002491,通鼎互联,2026-04-10,15.5,15.78,14.53,14.59,308156465.0,4613556645.0,0.2619333775810545,15.5,15.78,14.53,14.59,1.0,1.4592096222583357
002491,通鼎互联,2026-04-13,14.18,15.55,13.88,14.82,263124485.0,3855359943.0,0.2236561387096828,14.18,15.55,13.88,14.82,1.0,1.1303809573647134
002491,通鼎互联,2026-04-14,14.53,15.5,14.14,15.09,272381754.0,4052677940.0,0.2315248288452164,14.53,15.5,14.14,15.09,1.0,1.1272325712676905
002491,通鼎互联,2026-04-15,15.02,15.5,14.1,14.2,214045217.0,3157491505.0,0.1819387000168234,15.02,15.5,14.1,14.2,1.0,0.8251607128823425
002491,通鼎互联,2026-04-16,13.95,15.62,13.73,15.62,260633872.0,3897876535.0,0.2215391145695685,13.95,15.62,13.73,15.62,1.0,0.9069036611412644
002491,通鼎互联,2026-04-17,15.62,15.97,15.0,15.13,211536548.0,3245787791.0,0.179806328254307,15.62,15.97,15.0,15.13,1.0,0.8022826444674503
002491,通鼎互联,2026-04-20,16.3,16.64,16.25,16.64,71773236.0,1187129427.0,0.0610073396493633,16.3,16.64,16.25,16.64,1.0,0.2937380324030475
002491,通鼎互联,2026-04-21,16.67,17.23,16.31,16.75,250326398.0,4203414151.0,0.2127777488810411,16.67,17.23,16.31,16.75,1.0,1.2147395870981093
002491,通鼎互联,2026-04-22,16.62,17.5,16.56,17.22,248664274.0,4262381507.0,0.2113649414188367,16.62,17.5,16.56,17.22,1.0,1.2330680747966178
002491,通鼎互联,2026-04-23,17.01,18.2,16.83,16.83,203209571.0,3524465040.0,0.1727283874729907,17.01,18.2,16.83,16.83,1.0,0.9742203585804302
002491,通鼎互联,2026-04-24,16.34,16.8,15.31,15.65,186022173.0,2969243379.0,0.1581190778485119,16.34,16.8,15.31,15.65,1.0,0.9437863030489491
002491,通鼎互联,2026-04-27,15.61,17.0,15.45,16.82,200059470.0,3229289328.0,0.1700507977146468,15.61,17.0,15.45,16.82,1.0,1.041981125556181
002491,通鼎互联,2026-04-28,16.35,17.36,16.24,16.56,144584139.0,2436955538.0,0.1228966975361645,16.35,17.36,16.24,16.56,1.0,0.6642770630476156
002491,通鼎互联,2026-04-29,16.51,16.94,16.27,16.57,108763987.0,1810016252.0,0.0924495238939475,16.51,16.94,16.27,16.57,1.0,0.5534839715935447
002491,通鼎互联,2026-04-30,16.95,16.98,15.27,15.8,143822917.0,2270495682.0,0.1222496578917131,16.95,16.98,15.27,15.8,1.0,0.853407324894183
002491,通鼎互联,2026-05-06,16.03,17.36,15.88,17.07,150571590.0,2512256393.0,0.1279860383148208,16.03,17.36,15.88,17.07,1.0,0.9611942141491744
002491,通鼎互联,2026-05-07,18.78,18.78,18.55,18.78,52973116.0,994719552.0,0.0450272143239733,18.78,18.78,18.55,18.78,1.0,0.35419207693776705
002491,通鼎互联,2026-05-08,20.04,20.66,20.03,20.66,115339493.0,2361947009.0,0.0980387121522061,20.04,20.66,20.03,20.66,1.0,0.960017222721424
002491,通鼎互联,2026-05-11,22.73,22.73,22.23,22.73,87318463.0,1981928924.0,0.0742208018863934,22.73,22.73,22.23,22.73,1.0,0.7639796880508235
002491,通鼎互联,2026-05-12,24.5,25.0,23.31,25.0,128005097.0,3125535774.0,0.1088044912664756,24.5,25.0,23.31,25.0,1.0,1.163628582808146
002491,通鼎互联,2026-05-13,25.01,27.45,25.01,26.95,285099761.0,7519035646.0,0.2423351505745025,25.01,27.45,25.01,26.95,1.0,2.668435231394683
002491,通鼎互联,2026-05-14,26.16,26.39,24.38,24.65,229747345.0,5730403742.0,0.1952855282985214,26.16,26.39,24.38,24.65,1.0,1.7177732995444106
002491,通鼎互联,2026-05-15,24.07,24.43,22.26,22.59,197609541.0,4542498567.0,0.1679683550250094,24.07,24.43,22.26,22.59,1.0,1.1685817071300262
002491,通鼎互联,2026-05-18,22.88,24.85,22.65,23.69,184824075.0,4422517820.0,0.1571006930620266,22.88,24.85,22.65,23.69,1.0,0.9960552812267528
002491,通鼎互联,2026-05-19,23.17,23.83,22.51,23.69,147885886.0,3417562299.0,0.1257031865826563,23.17,23.83,22.51,23.69,1.0,0.721193462639709
002491,通鼎互联,2026-05-20,23.46,24.88,22.81,24.15,180555208.0,4344874749.0,0.1534721508156249,23.46,24.88,22.81,24.15,1.0,0.8637628040255951
002491,通鼎互联,2026-05-21,23.93,23.93,21.74,21.74,152547276.0,3478020156.0,0.1296653738660629,23.93,23.93,21.74,21.74,1.0,0.8108850690301962
002491,通鼎互联,2026-05-22,22.58,22.83,22.02,22.8,121264973.0,2720704211.0,0.1030753775039747,22.58,22.83,22.02,22.8,1.0,0.7022346834239638
002491,通鼎互联,2026-05-25,23.21,23.76,21.99,23.58,142280449.0,3271423729.0,0.1209385581779664,23.21,23.76,21.99,23.58,1.0,0.9038529485545475
002491,通鼎互联,2026-05-26,23.42,23.55,21.22,21.75,137545438.0,3017799651.0,0.1169137929532178,23.42,23.55,21.22,21.75,1.0,0.9237017814229713
002491,通鼎互联,2026-05-27,21.61,22.22,20.81,21.24,127567660.0,2738253889.0,0.1084326692737457,21.61,22.22,20.81,21.24,1.0,0.8687606680346042
002491,通鼎互联,2026-05-28,20.89,23.36,20.61,23.12,180373305.0,3997745340.0,0.1533175330399371,20.89,23.36,20.61,23.12,1.0,1.3239266757501285
002491,通鼎互联,2026-05-29,23.0,24.86,22.01,23.93,238810644.0,5644851528.0,0.2029893436933955,23.0,24.86,22.01,23.93,1.0,1.6840615299602384
002491,通鼎互联,2026-06-01,23.61,24.7,22.48,23.2,184185870.0,4327614297.0,0.1565582180202029,23.61,24.7,22.48,23.2,1.0,1.1141476201040925
002491,通鼎互联,2026-06-02,22.52,25.2,22.52,25.09,242099099.0,5859436264.0,0.2057845345233958,22.52,25.2,22.52,25.09,1.0,1.3938046118182885
002491,通鼎互联,2026-06-03,25.01,26.5,24.0,24.39,271039650.0,6880695315.0,0.2303840387800622,25.01,26.5,24.0,24.39,1.0,1.3927515991079218
002491,通鼎互联,2026-06-04,23.52,26.83,23.52,26.83,226045916.0,5789024620.0,0.1921393090561424,23.52,26.83,23.52,26.83,1.0,1.0122892133506673
002491,通鼎互联,2026-06-05,26.42,28.58,24.65,24.82,297213504.0,7966036774.0,0.2526318471540757,26.42,28.58,24.65,24.82,1.0,1.2786883378017602
002491,通鼎互联,2026-06-08,22.36,26.68,22.36,25.1,249014098.0,6203215946.0,0.2116622922528649,22.36,26.68,22.36,25.1,1.0,1.0200612577402381
002491,通鼎互联,2026-06-09,25.8,26.76,24.78,26.6,225789738.0,5856339934.0,0.1919215574383013,25.8,26.76,24.78,26.6,1.0,0.8782775137464904
002491,通鼎互联,2026-06-10,25.81,25.98,23.94,24.29,173648897.0,4282524964.0,0.1476017778969351,25.81,25.98,23.94,24.29,1.0,0.6841403332189675
002491,通鼎互联,2026-06-11,24.16,24.86,23.5,24.06,120024132.0,2895040367.0,0.102020661114458,24.16,24.86,23.5,24.06,1.0,0.5121741363384152
002491,通鼎互联,2026-06-12,24.7,25.13,22.55,22.73,178855352.0,4282075990.0,0.1520272711066062,24.7,25.13,22.55,22.73,1.0,0.8391525212329285
002491,通鼎互联,2026-06-15,23.66,24.13,22.7,24.13,183794844.0,4341199353.0,0.1562258454350553,23.66,24.13,22.7,24.13,1.0,0.9700654147604061
002491,通鼎互联,2026-06-16,24.37,26.54,23.91,26.1,246822890.0,6355804818.0,0.2097997627342236,24.37,26.54,23.91,26.1,1.0,1.3990435485755355
002491,通鼎互联,2026-06-17,26.11,28.71,25.66,28.71,188273278.0,5178287809.0,0.1600325198914676,26.11,28.71,25.66,28.71,1.0,1.042319038265475
002491,通鼎互联,2026-06-18,30.01,31.58,30.01,31.58,55444166.0,1725393304.0,0.0471276098898157,30.01,31.58,30.01,31.58,1.0,0.30205899100944733
002491,通鼎互联,2026-06-22,34.28,34.74,32.53,34.0,279129314.0,9382468396.0,0.2372602632169432,34.28,34.74,32.53,34.0,1.0,1.6357970710246865
002491,通鼎互联,2026-06-23,34.59,35.5,32.58,33.68,172621898.0,5918668904.0,0.146728827472733,34.59,35.5,32.58,33.68,1.0,0.905235063541307
002491,通鼎互联,2026-06-24,33.68,37.05,33.68,37.05,47102070.0,1716471691.0,0.0400368179397413,33.68,37.05,33.68,37.05,1.0,0.24993363359751508
002491,通鼎互联,2026-06-25,39.55,39.71,37.0,38.5,206044635.0,7850118488.0,0.1751381953904669,39.55,39.71,37.0,38.5,1.0,1.3873738068688692
002491,通鼎互联,2026-06-26,37.32,38.11,34.65,36.15,186828860.0,6712947183.0,0.158804762799372,37.32,38.11,34.65,36.15,1.0,1.2285842397598818
002491,通鼎互联,2026-06-29,36.0,36.38,32.54,33.2,180107643.0,6044168902.0,0.1530917200103291,36.0,36.38,32.54,33.2,1.0,1.0098813204080783
002491,通鼎互联,2026-06-30,34.2,34.57,31.42,32.4,150609427.0,4869590508.0,0.128018207972938,34.2,34.57,31.42,32.4,1.0,0.9499713440725587
002491,通鼎互联,2026-07-01,31.82,32.59,29.19,29.59,178534613.0,5459576512.0,0.1517546522330372,31.82,32.59,29.19,29.59,1.0,1.1582737714886817
002491,通鼎互联,2026-07-02,27.96,28.81,26.63,26.63,134675008.0,3722794917.0,0.1144739311895867,27.96,28.81,26.63,26.63,1.0,0.7464319325316514
002491,通鼎互联,2026-07-03,26.32,27.04,25.36,25.47,141814995.0,3708112495.0,0.1205429293850986,26.32,27.04,25.36,25.47,1.0,0.8535302281717767
002491,通鼎互联,2026-07-06,26.23,26.37,23.55,24.13,131416213.0,3241954107.0,0.1117039512197992,26.23,26.37,23.55,24.13,1.0,0.8362558289926342
002491,通鼎互联,2026-07-07,24.0,24.35,22.7,23.16,104654364.0,2454150255.0,0.0889563449160958,24.0,24.35,22.7,23.16,1.0,0.7099540577325301
002491,通鼎互联,2026-07-08,23.89,23.9,22.32,22.61,104051878.0,2394163545.0,0.0884442310359415,23.89,23.9,22.32,22.61,1.0,0.7528042377803082
002491,通鼎互联,2026-07-09,22.95,23.45,21.7,23.3,145313796.0,3313846758.0,0.1235169147656679,22.95,23.45,21.7,23.3,1.0,1.1783235492137916
002491,通鼎互联,2026-07-10,23.34,24.3,22.0,22.08,146744768.0,3415920506.0,0.1247332428186221,23.34,24.3,22.0,22.08,1.0,1.1697447309654287
002491,通鼎互联,2026-07-13,21.67,21.85,19.87,19.87,133591346.0,2766900255.0,0.1135528170863615,21.67,21.85,19.87,19.87,1.0,1.0565909287447304
002491,通鼎互联,2026-07-14,19.88,20.86,19.12,20.86,120150384.0,2403556264.0,0.1021279819817677,19.88,20.86,19.12,20.86,1.0,0.9470262377151187
002491,通鼎互联,2026-07-15,21.76,21.93,20.33,20.37,117887221.0,2496146213.0,0.1002042905012161,21.76,21.93,20.33,20.37,1.0,0.9070310609041097
002491,通鼎互联,2026-07-16,19.89,20.41,18.7,19.0,118601272.0,2316249577.0,0.100811234775835,19.89,20.41,18.7,19.0,1.0,0.8935023585610165
002491,通鼎互联,2026-07-17,19.04,19.41,17.1,17.16,113538712.0,2031609810.0,0.0965080522203667,19.04,19.41,17.1,17.16,1.0,0.8912336716842938
002491,通鼎互联,2026-07-20,17.86,18.88,16.03,16.87,183010086.0,3181027138.0,0.1555588100782912,17.86,18.88,16.03,16.87,1.0,1.515563946661151
002491,通鼎互联,2026-07-21,17.05,17.35,15.18,17.23,220113768.0,3572070719.0,0.1870969878235512,17.05,17.35,15.18,17.23,1.0,1.6849197897066872
002491,通鼎互联,2026-07-22,16.66,17.66,16.25,16.46,172891187.0,2943659335.0,0.1469577328254102,16.66,17.66,16.25,16.46,1.0,1.1477855931687668
002491,通鼎互联,2026-07-23,16.65,17.62,16.22,16.57,164727792.0,2782081894.0,0.1400188365046955,16.65,17.62,16.22,16.57,1.0,1.0191596098780675
002491,通鼎互联,2026-07-24,16.12,16.57,15.63,15.71,95560809.0,1531604777.0,0.0812268113909244,16.12,16.57,15.63,15.71,1.0,0.5593051234648877
002491,通鼎互联,2026-07-27,15.81,17.28,15.6,16.57,190493046.0,3123969837.0,0.1619193357679161,15.81,17.28,15.6,16.57,1.0,1.1388988187618103
002491,通鼎互联,2026-07-28,15.88,16.62,15.25,15.5,146680566.0,2335095104.0,0.1246786710354874,15.88,16.62,15.25,15.5,1.0,0.8691804637116056
002491,通鼎互联,2026-07-29,15.45,15.5,14.18,14.83,129597037.0,1905683397.0,0.1101576492641628,15.45,15.5,14.18,14.83,1.0,0.8411531447774488
002491,通鼎互联,2026-07-30,14.65,15.18,13.44,13.8,120966186.0,1720689338.0,0.1028214147381432,14.65,15.18,13.44,13.8,1.0,0.8318867134968712
002491,通鼎互联,2026-07-31,14.6,15.18,13.9,13.96,202273537.0,2967059256.0,0.1719327683723793,14.6,15.18,13.9,13.96,1.0,1.4801275752679164
002491,通鼎互联,2026-08-03,13.66,14.01,13.5,13.86,102471069.0,1411018735.0,0.0871005413389646,13.66,14.01,13.5,13.86,1.0,0.6485425548311662
002491,通鼎互联,2026-08-04,14.17,14.79,13.98,14.6,134751565.0,1943726111.0,0.1145390047387198,14.17,14.79,13.98,14.6,1.0,0.959784848010201
002491,通鼎互联,2026-08-05,14.3,16.06,14.28,16.06,131526261.0,2006444575.0,0.1117974921622995,14.3,16.06,14.28,16.06,1.0,0.9530068146568844
002491,通鼎互联,2026-08-06,15.9,16.75,15.73,16.52,204843756.0,3330505310.0,0.1741174578505352,15.9,16.75,15.73,16.52,1.0,1.4801092869998622
002491,通鼎互联,2026-08-07,16.8,17.42,16.33,17.26,176753654.0,3001669314.0,0.1502408347768877,16.8,17.42,16.33,17.26,1.0,1.1390730562420128
002491,通鼎互联,2026-08-10,17.52,17.88,16.67,17.37,152412595.0,2626262257.0,0.1295509031078457,17.52,17.88,16.67,17.37,1.0,1.0156150165889068
002491,通鼎互联,2026-08-11,17.25,17.63,16.72,17.13,114480990.0,1968763822.0,0.0973089897405149,17.25,17.63,16.72,17.13,1.0,0.7152488490106755
002491,通鼎互联,2026-08-12,17.3,18.84,17.0,18.84,81505495.0,1472346436.0,0.0692797762908112,17.3,18.84,17.0,18.84,1.0,0.5224595633817619
002491,通鼎互联,2026-08-13,20.68,20.72,18.68,18.94,330377664.0,6541519674.0,0.280821442203385,20.68,20.72,18.68,18.94,1.0,2.2628715927113565
002491,通鼎互联,2026-08-14,18.82,19.95,18.06,19.65,292849108.0,5539239194.0,0.2489221210079591,18.82,19.95,18.06,19.65,1.0,1.7115061527013093
002491,通鼎互联,2026-08-17,19.58,20.48,19.03,20.3,266514304.0,5267941196.0,0.2265375035072328,19.58,20.48,19.03,20.3,1.0,1.3714862745335845
002491,通鼎互联,2026-08-18,20.01,20.37,19.21,19.47,179661919.0,3557325977.0,0.1527128637927767,20.01,20.37,19.21,19.47,1.0,0.8273802998724834
002491,通鼎互联,2026-08-19,18.32,19.03,17.52,17.52,149661401.0,2714801871.0,0.1272123846453467,18.32,19.03,17.52,17.52,1.0,0.6501881005326496
002491,通鼎互联,2026-08-20,17.91,19.27,17.18,19.27,224740728.0,4235345286.0,0.1910299098149646,17.91,19.27,17.18,19.27,1.0,0.9217754563968088
002491,通鼎互联,2026-08-21,20.06,21.2,19.47,21.2,358326052.0,7263185994.0,0.3045776081935283,20.06,21.2,19.47,21.2,1.0,1.6091126942387428
002491,通鼎互联,2026-08-24,22.0,22.24,20.25,20.81,298607634.0,6300785704.0,0.2538168755646282,22.0,22.24,20.25,20.81,1.0,1.2664624586473254
002491,通鼎互联,2026-08-25,20.66,22.04,19.6,21.4,285668349.0,6021230751.0,0.2428184665596519,20.66,22.04,19.6,21.4,1.0,1.1794751591170194
002491,通鼎互联,2026-08-26,21.72,23.45,20.28,22.48,339243502.0,7332403495.0,0.2883574159836875,21.72,23.45,20.28,22.48,1.0,1.287936330321276
002491,通鼎互联,2026-08-27,22.44,24.2,22.15,23.64,302119482.0,7083337235.0,0.256801950912092,22.44,24.2,22.15,23.64,1.0,1.0026624064570242
002491,通鼎互联,2026-08-28,23.08,23.55,22.16,22.23,247754141.0,5647315633.0,0.2105913406648483,23.08,23.55,22.16,22.23,1.0,0.7820694839473598
002491,通鼎互联,2026-08-31,21.12,22.44,21.12,22.22,158934694.0,3485370012.0,0.1350946957032594,21.12,22.44,21.12,22.22,1.0,0.5393492515237148
002491,通鼎互联,2026-09-01,22.0,22.09,21.13,21.15,135960767.0,2919208476.0,0.1155668280045057,22.0,22.09,21.13,21.15,1.0,0.5097049975778727
002491,通鼎互联,2026-09-02,20.74,21.99,20.71,21.46,149983210.0,3212548923.0,0.1274859227120546,20.74,21.99,20.71,21.46,1.0,0.6333683094818048
002491,通鼎互联,2026-09-03,21.51,21.71,20.65,21.06,128284979.0,2712707773.0,0.1090423982651895,21.51,21.71,20.65,21.06,1.0,0.6448086612806544
002491,通鼎互联,2026-09-04,21.2,21.6,20.2,20.38,145962014.0,3054631245.0,0.1240679009050402,21.2,21.6,20.2,20.38,1.0,0.8890172414353242
002491,通鼎互联,2026-09-07,20.67,21.29,20.4,21.1,121155613.0,2537370881.0,0.1029824279334307,20.67,21.29,20.4,21.1,1.0,0.8423813741126612
002491,通鼎互联,2026-09-08,21.12,21.99,20.9,21.45,178901817.0,3849028032.0,,21.12,21.99,20.9,21.45,1.0,1.312854731084782
002491,通鼎互联,2026-09-09,21.94,22.57,21.5,22.22,195698673.0,4320140679.0,,21.94,22.57,21.5,22.22,1.0,1.3509734536638154
002716,湖南白银,2026-03-19,12.61,12.8,12.16,12.25,164122382.0,2042117564.0,0.0705946978877897,12.61,12.8,12.16,12.25,1.0,1.0977592664011657
002716,湖南白银,2026-03-20,12.51,12.84,12.24,12.24,168747655.0,2120400576.0,0.0725841873535443,12.51,12.84,12.24,12.24,1.0,1.1314932939091407
002716,湖南白银,2026-03-23,11.95,12.04,11.03,11.13,221783468.0,2550048596.0,0.0953967199913432,11.95,12.04,11.03,11.13,1.0,1.4705929513246663
002716,湖南白银,2026-03-24,11.68,11.74,11.21,11.64,178445527.0,2047176747.0,0.0767555766281312,11.68,11.74,11.21,11.64,1.0,1.124488768251553
002716,湖南白银,2026-03-25,12.49,12.68,12.01,12.13,237322904.0,2914922009.0,0.102080767446654,12.49,12.68,12.01,12.13,1.0,1.4048580524096566
002716,湖南白银,2026-03-26,11.84,12.1,11.55,11.66,139885663.0,1647100595.0,0.0601696490020365,11.84,12.1,11.55,11.66,1.0,0.7207466041864083
002716,湖南白银,2026-03-27,11.39,11.92,11.37,11.8,136903090.0,1604934680.0,0.0588867414710986,11.39,11.92,11.37,11.8,1.0,0.7234476270622182
002716,湖南白银,2026-03-30,11.76,12.04,11.58,12.0,127726852.0,1515341471.0,0.0549397249736384,11.76,12.04,11.58,12.0,1.0,0.6984642524676896
002716,湖南白银,2026-03-31,12.16,12.56,11.96,12.04,227598860.0,2776473521.0,0.0978981206920659,12.16,12.56,11.96,12.04,1.0,1.3873173803909065
002716,湖南白银,2026-04-01,12.34,12.46,11.86,12.05,190554441.0,2306975455.0,0.0819640382356359,12.34,12.46,11.86,12.05,1.0,1.0958491536841224
002716,湖南白银,2026-04-02,11.87,11.91,11.41,11.55,159891240.0,1857845331.0,0.0687747377606552,11.87,11.91,11.41,11.55,1.0,0.9717836594640907
002716,湖南白银,2026-04-03,11.68,11.75,11.19,11.31,99809783.0,1132545535.0,0.0429316305994806,11.68,11.75,11.19,11.31,1.0,0.5922202761181746
002716,湖南白银,2026-04-07,11.31,11.45,11.23,11.35,81130996.0,921733167.0,0.0348972399873862,11.31,11.45,11.23,11.35,1.0,0.503555683878095
002716,湖南白银,2026-04-08,12.0,12.49,11.91,12.49,212542403.0,2605290166.0,0.0914218191649805,12.0,12.49,11.91,12.49,1.0,1.400174663457259
002716,湖南白银,2026-04-09,12.06,12.25,11.82,12.07,196138688.0,2360227791.0,0.0843660154985287,12.06,12.25,11.82,12.07,1.0,1.3182623887520817
002716,湖南白银,2026-04-10,12.26,12.4,11.9,11.92,164609009.0,1993965612.0,0.0708040129466525,12.26,12.4,11.9,11.92,1.0,1.0981062692819343
002716,湖南白银,2026-04-13,11.84,11.92,11.7,11.88,100847702.0,1192523911.0,0.0433780753643208,11.84,11.92,11.7,11.88,1.0,0.6685466268214139
002716,湖南白银,2026-04-14,12.09,12.17,11.83,12.08,128445721.0,1537526165.0,0.0552489353278721,12.09,12.17,11.83,12.08,1.0,0.8503311757359265
002716,湖南白银,2026-04-15,12.48,12.54,11.88,11.94,243444672.0,2976048704.0,0.1047139510333944,12.48,12.54,11.88,11.94,1.0,1.5166313849181776
002716,湖南白银,2026-04-16,12.13,12.18,11.74,12.05,166813423.0,1997214155.0,0.0717522074491526,12.13,12.18,11.74,12.05,1.0,1.000697459999414
002716,湖南白银,2026-04-17,11.86,12.19,11.75,12.08,141745401.0,1702746104.0,0.0609695864673631,11.86,12.19,11.75,12.08,1.0,0.8813252841991335
002716,湖南白银,2026-04-20,12.09,12.44,12.09,12.32,166459510.0,2049073778.0,0.0715999772596495,12.09,12.44,12.09,12.32,1.0,1.0652768873903622
002716,湖南白银,2026-04-21,12.39,12.43,12.02,12.34,115805579.0,1418303151.0,0.0498119742328963,12.39,12.43,12.02,12.34,1.0,0.6836957472986342
002716,湖南白银,2026-04-22,12.2,12.72,11.93,12.67,197040063.0,2445129972.0,0.0847537279788935,12.2,12.72,11.93,12.67,1.0,1.1809150346947321
002716,湖南白银,2026-04-23,12.69,12.71,11.6,11.79,301208339.0,3582815638.0,0.1295600967635721,12.69,12.71,11.6,11.79,1.0,1.9115503955977295
002716,湖南白银,2026-04-24,11.69,11.72,11.31,11.57,130746224.0,1502906373.0,0.0562384610238552,11.69,11.72,11.31,11.57,1.0,0.7088368848169371
002716,湖南白银,2026-04-27,11.46,11.56,11.28,11.4,86623868.0,988146721.0,0.037259913710805,11.46,11.56,11.28,11.4,1.0,0.475297363496421
002716,湖南白银,2026-04-28,11.32,11.34,10.92,11.01,122813274.0,1359543010.0,0.0528262255823239,11.32,11.34,10.92,11.01,1.0,0.7385717949978098
002716,湖南白银,2026-04-29,10.91,11.45,10.82,11.42,137337364.0,1546645946.0,0.0590735376987485,10.91,11.45,10.82,11.42,1.0,0.8190133606674121
002716,湖南白银,2026-04-30,11.41,11.68,11.25,11.56,108418191.0,1245465833.0,0.0466344038266863,11.41,11.68,11.25,11.56,1.0,0.6961226652244055
002716,湖南白银,2026-05-06,11.75,12.36,11.74,12.27,192664256.0,2325644149.0,0.0828715424450504,11.75,12.36,11.74,12.27,1.0,1.6440643307256935
002716,湖南白银,2026-05-07,12.58,12.65,12.18,12.49,177177363.0,2196482319.0,0.0762100955465065,12.58,12.65,12.18,12.49,1.0,1.3674111405268812
002716,湖南白银,2026-05-08,12.62,12.85,12.44,12.68,173014309.0,2188543636.0,0.0744194224168626,12.62,12.85,12.44,12.68,1.0,1.1715321029693773
002716,湖南白银,2026-05-11,12.59,12.75,12.3,12.43,149605279.0,1867267736.0,0.0643503911210811,12.59,12.75,12.3,12.43,1.0,0.9485360169425786
002716,湖南白银,2026-05-12,13.01,13.3,12.45,12.56,292073868.0,3734809668.0,0.1256310456935616,13.01,13.3,12.45,12.56,1.0,1.823457244182975
002716,湖南白银,2026-05-13,12.76,12.79,12.14,12.22,188928235.0,2328522326.0,0.0812645509391786,12.76,12.79,12.14,12.22,1.0,0.9594794527762254
002716,湖南白银,2026-05-14,12.22,12.39,11.79,11.8,156076237.0,1885314136.0,0.0671337733721051,12.22,12.39,11.79,11.8,1.0,0.7956585824765691
002716,湖南白银,2026-05-15,11.6,11.66,10.91,11.0,216556033.0,2408103240.0,0.0931482198778544,11.6,11.66,10.91,11.0,1.0,1.1282510187934887
002716,湖南白银,2026-05-18,10.62,10.83,10.42,10.72,138050635.0,1471007540.0,0.0593803401600796,10.62,10.83,10.42,10.72,1.0,0.6880242159726757
002716,湖南白银,2026-05-19,10.75,10.82,10.28,10.52,119879149.0,1255346122.0,0.0515641572073961,10.75,10.82,10.28,10.52,1.0,0.6044215049785244
002716,湖南白银,2026-05-20,10.4,10.41,10.01,10.28,121933302.0,1236788424.0,0.052447719270554,10.4,10.41,10.01,10.28,1.0,0.7439581874044635
002716,湖南白银,2026-05-21,10.46,10.61,9.85,9.88,130461226.0,1333357676.0,0.05611587355307,10.46,10.61,9.85,9.88,1.0,0.8668573497482157
002716,湖南白银,2026-05-22,9.95,10.22,9.78,10.17,107516329.0,1080114580.0,0.0462464818708224,9.95,10.22,9.78,10.17,1.0,0.7395737808813636
002716,湖南白银,2026-05-25,10.42,10.62,10.13,10.17,109285619.0,1124214118.0,0.0470075145313519,10.42,10.62,10.13,10.17,1.0,0.8844159136498112
002716,湖南白银,2026-05-26,10.05,10.28,9.91,10.28,131920178.0,1334711591.0,0.0567434191347128,10.05,10.28,9.91,10.28,1.0,1.1197219202542967
002716,湖南白银,2026-05-27,10.11,10.17,9.61,9.65,141961909.0,1392353337.0,0.0610627140265908,10.11,10.17,9.61,9.65,1.0,1.1808182992048661
002716,湖南白银,2026-05-28,9.65,9.72,9.33,9.65,116120479.0,1104225657.0,0.0499474235853488,9.65,9.72,9.33,9.65,1.0,0.9347288491990926
002716,湖南白银,2026-05-29,9.86,9.93,9.29,9.39,102542461.0,977562584.0,0.0441070496708088,9.86,9.93,9.29,9.39,1.0,0.8449381854796156
002716,湖南白银,2026-06-01,9.33,9.51,9.26,9.39,81904646.0,772300442.0,0.0352300135393865,9.33,9.51,9.26,9.39,1.0,0.6804625731870756
002716,湖南白银,2026-06-02,9.36,9.62,9.12,9.59,104375351.0,982189466.0,0.0448954388852156,9.36,9.62,9.12,9.59,1.0,0.9084812465373273
002716,湖南白银,2026-06-03,9.38,9.6,9.31,9.46,74339280.0,704403686.0,0.0319758886560384,9.38,9.6,9.31,9.46,1.0,0.6796363256214409
002716,湖南白银,2026-06-04,9.38,9.43,9.22,9.28,66316321.0,615833965.0,0.0285249372387532,9.38,9.43,9.22,9.28,1.0,0.6918295593679412
002716,湖南白银,2026-06-05,9.24,9.3,9.03,9.08,79916100.0,733422058.0,0.0343746713100373,9.24,9.3,9.03,9.08,1.0,0.9303862947746069
002716,湖南白银,2026-06-08,8.63,8.82,8.36,8.5,107975954.0,930215372.0,0.0464441824380533,8.63,8.82,8.36,8.5,1.0,1.3269694403487535
002716,湖南白银,2026-06-09,8.67,8.74,8.45,8.72,74188351.0,638004907.0,0.0319109688868536,8.67,8.74,8.45,8.72,1.0,0.8568307755859941
002716,湖南白银,2026-06-10,8.46,8.63,8.36,8.52,84564927.0,717467979.0,0.0363742921636854,8.46,8.63,8.36,8.52,1.0,1.049880389884981
002716,湖南白银,2026-06-11,8.46,8.79,8.43,8.68,92107185.0,795275543.0,0.0396184774991247,8.46,8.79,8.43,8.68,1.0,1.115202638439652
002716,湖南白银,2026-06-12,8.9,9.42,8.78,9.01,186424810.0,1698039941.0,0.0801877414912159,8.9,9.42,8.78,9.01,1.0,2.124487071603512
002716,湖南白银,2026-06-15,9.37,9.57,9.28,9.57,157610418.0,1486006035.0,0.0677936775416667,9.37,9.57,9.28,9.57,1.0,1.4452743950561515
002716,湖南白银,2026-06-16,9.43,9.46,9.23,9.3,116980267.0,1090635957.0,0.0503172480624731,9.43,9.46,9.23,9.3,1.0,0.9831998177979743
002716,湖南白银,2026-06-17,9.3,9.41,9.13,9.24,84360177.0,781429967.0,0.0362862221258491,9.3,9.41,9.13,9.24,1.0,0.6614537908057542
002716,湖南白银,2026-06-18,9.19,9.38,9.02,9.14,87906264.0,807041774.0,0.0378115164665614,9.19,9.38,9.02,9.14,1.0,0.6894794348956116
002716,湖南白银,2026-06-22,9.03,9.6,8.98,9.6,133824796.0,1241157271.0,0.0575626610361717,9.03,9.6,8.98,9.6,1.0,1.0565972941315667
002716,湖南白银,2026-06-23,9.46,9.49,8.64,8.66,171271980.0,1529204190.0,0.0736699866124509,9.46,9.49,8.64,8.66,1.0,1.4747486834969867
002716,湖南白银,2026-06-24,8.66,8.77,8.47,8.73,86119544.0,742098295.0,0.0370429865617854,8.66,8.77,8.47,8.73,1.0,0.7244930441603025
002716,湖南白银,2026-06-25,8.5,8.56,8.32,8.4,95608843.0,804930679.0,0.0411246613943619,8.5,8.56,8.32,8.4,1.0,0.8483741617074954
002716,湖南白银,2026-06-26,8.41,8.49,7.95,8.06,93062971.0,756155767.0,0.040029594027493,8.41,8.49,7.95,8.06,1.0,0.8096213868604056
002716,湖南白银,2026-06-29,7.99,8.17,7.9,8.05,85385824.0,685607457.0,0.0367273882801675,7.99,8.17,7.9,8.05,1.0,0.7362266874734843
002716,湖南白银,2026-06-30,7.9,8.1,7.84,8.09,73454968.0,584589014.0,0.031595495936149,7.9,8.1,7.84,8.09,1.0,0.6910817934453719
002716,湖南白银,2026-07-01,8.07,8.25,7.95,8.12,79470050.0,646141742.0,0.0341827885871594,8.07,8.25,7.95,8.12,1.0,0.9163302352005035
002716,湖南白银,2026-07-02,8.22,8.44,8.1,8.2,130378474.0,1075640194.0,0.0560802442311092,8.22,8.44,8.1,8.2,1.0,1.5267420370348719
002716,湖南白银,2026-07-03,8.5,8.69,8.35,8.44,189132498.0,1611910638.0,0.0813523609724084,8.5,8.69,8.35,8.44,1.0,2.047986586366382
002716,湖南白银,2026-07-06,8.41,9.28,8.31,8.61,272511736.0,2417864600.0,0.1172166251211342,8.41,9.28,8.31,8.61,1.0,2.442641441770508
002716,湖南白银,2026-07-07,8.18,8.2,7.77,7.78,202150014.0,1605876926.0,0.086951640164481,8.18,8.2,7.77,7.78,1.0,1.3568067056560156
002716,湖南白银,2026-07-08,7.86,8.03,7.68,7.76,133610940.0,1049887014.0,0.0574706384977943,7.86,8.03,7.68,7.76,1.0,0.7646771900494816
002716,湖南白银,2026-07-09,7.57,7.84,7.38,7.81,126630942.0,967736675.0,0.0544683024482663,7.57,7.84,7.38,7.81,1.0,0.6824378741862346
002716,湖南白银,2026-07-10,7.91,8.14,7.7,7.93,119593269.0,948955594.0,0.0514411584071519,7.91,8.14,7.7,7.93,1.0,0.6471244203405769
002716,湖南白银,2026-07-13,7.72,7.72,7.35,7.36,91277707.0,684859850.0,0.0392616660125629,7.72,7.72,7.35,7.36,1.0,0.5341020364917626
002716,湖南白银,2026-07-14,7.25,7.67,7.13,7.65,91688024.0,681181525.0,0.0394381573984966,7.25,7.67,7.13,7.65,1.0,0.6809229189159862
002716,湖南白银,2026-07-15,7.65,7.72,7.38,7.45,82376531.0,618065190.0,0.0354692761358929,7.65,7.72,7.38,7.45,1.0,0.7318443665836329
002716,湖南白银,2026-07-16,7.3,7.51,7.23,7.31,69434260.0,511860030.0,0.0298966575957341,7.3,7.51,7.23,7.31,1.0,0.6786435748302059
002716,湖南白银,2026-07-17,7.27,7.27,6.83,6.91,100150420.0,703325962.0,0.0431222686726836,7.27,7.27,6.83,6.91,1.0,1.1020805298211385
002716,湖南白银,2026-07-20,6.92,7.1,6.71,6.86,106780745.0,739384749.0,0.0459771209642387,6.92,7.1,6.71,6.86,1.0,1.227571054910643
002716,湖南白银,2026-07-21,6.92,7.34,6.73,7.33,156725216.0,1109016899.0,0.0674819623535914,6.92,7.34,6.73,7.33,1.0,1.7397289585386835
002716,湖南白银,2026-07-22,7.41,7.77,7.41,7.49,177606956.0,1350162460.0,0.0764731178837742,7.41,7.77,7.41,7.49,1.0,1.7227765961398604
002716,湖南白银,2026-07-23,7.58,7.93,7.5,7.78,176389721.0,1362829426.0,0.0759490069044314,7.58,7.93,7.5,7.78,1.0,1.4441658348297053
002716,湖南白银,2026-07-24,7.18,7.45,7.16,7.21,133913090.0,973537097.0,0.0576596308409816,7.18,7.45,7.16,7.21,1.0,0.9329932375206293
002716,湖南白银,2026-07-27,7.46,7.7,7.38,7.69,157092751.0,1190687741.0,0.0676402137420191,7.46,7.7,7.38,7.69,1.0,1.045311837018136
002716,湖南白银,2026-07-28,7.46,7.69,7.4,7.55,103928368.0,785407160.0,0.0447489586924302,7.46,7.69,7.4,7.55,1.0,0.6481525060975375
002716,湖南白银,2026-07-29,7.5,7.9,7.45,7.8,130937671.0,1009522760.0,0.0563784897580804,7.5,7.9,7.45,7.8,1.0,0.874163914505724
002716,湖南白银,2026-07-30,7.9,8.03,7.6,7.67,129376716.0,1012688505.0,0.0557063815343109,7.9,8.03,7.6,7.67,1.0,0.9211433162212724
002716,湖南白银,2026-07-31,7.73,8.09,7.7,7.99,178396882.0,1419552106.0,0.0768132402836956,7.73,8.09,7.7,7.99,1.0,1.361291600539347
002716,湖南白银,2026-08-03,7.98,8.07,7.75,8.04,116865632.0,930555319.0,0.0503194213434848,7.98,8.07,7.75,8.04,1.0,0.8350737653721412
002716,湖南白银,2026-08-04,8.04,8.23,8.01,8.21,97134247.0,792102718.0,0.041823579935589,8.04,8.23,8.01,8.21,1.0,0.7364175205702564
002716,湖南白银,2026-08-05,8.35,8.78,8.18,8.77,162326936.0,1393720965.0,0.0698939230310319,8.35,8.78,8.18,8.77,1.0,1.2434821781226877
002716,湖南白银,2026-08-06,9.0,9.18,8.48,8.62,278296081.0,2455050312.0,0.1198273394703379,9.0,9.18,8.48,8.62,1.0,2.034029476605505
002716,湖南白银,2026-08-07,8.53,9.1,8.42,9.09,226452434.0,1970674427.0,0.0975047603448009,8.53,9.1,8.42,9.09,1.0,1.3592260350870085
002716,湖南白银,2026-08-10,9.02,9.55,8.9,9.4,310082286.0,2852017990.0,0.1335136851900563,9.02,9.55,8.9,9.4,1.0,1.7596809003833986
002716,湖南白银,2026-08-11,9.67,10.34,9.58,9.59,479557769.0,4802019207.0,0.2064855939584751,9.67,10.34,9.58,9.59,1.0,2.2319712710431987
002716,湖南白银,2026-08-12,9.63,9.78,9.31,9.78,321190719.0,3049189924.0,0.1382966989044123,9.63,9.78,9.31,9.78,1.0,1.1024483424425084
002716,湖南白银,2026-08-13,9.69,9.88,9.06,9.06,300331781.0,2818916725.0,0.1293153613457395,9.69,9.88,9.06,9.06,1.0,0.9294863552809508
002716,湖南白银,2026-08-14,8.86,9.0,8.62,8.9,181374841.0,1604897850.0,0.0780954750271369,8.86,9.0,8.62,8.9,1.0,0.5537774208782599
002716,湖南白银,2026-08-17,9.28,9.5,9.26,9.49,232989061.0,2186685586.0,0.1003192686185267,9.28,9.5,9.26,9.49,1.0,0.7315026371914471
002716,湖南白银,2026-08-18,9.6,9.66,9.27,9.43,159288603.0,1504215042.0,0.0685856927515874,9.6,9.66,9.27,9.43,1.0,0.5255508782447915
002716,湖南白银,2026-08-19,8.91,9.34,8.91,9.1,132533980.0,1214819416.0,0.0570658205309581,8.91,9.34,8.91,9.1,1.0,0.5544542826177996
002716,湖南白银,2026-08-20,9.6,9.95,9.28,9.47,255591197.0,2456526010.0,0.1100511836835712,9.6,9.95,9.28,9.47,1.0,1.2696798738474162
002716,湖南白银,2026-08-21,9.65,10.42,9.4,10.42,424831682.0,4312985678.0,0.1829219081844299,9.65,10.42,9.4,10.42,1.0,2.208575276547122
002716,湖南白银,2026-08-24,11.04,11.46,10.8,11.46,588271885.0,6608849620.0,0.2532951761715632,11.04,11.46,10.8,11.46,1.0,2.440487198855322
002716,湖南白银,2026-08-25,11.55,11.7,10.51,10.77,474484280.0,5251667582.0,0.2043010763521995,11.55,11.7,10.51,10.77,1.0,1.5202787745748783
002716,湖南白银,2026-08-26,10.99,11.82,10.54,11.32,476582831.0,5336209913.0,0.2052046599821566,10.99,11.82,10.54,11.32,1.0,1.270404440610207
002716,湖南白银,2026-08-27,11.39,12.1,11.17,11.6,455086106.0,5303538947.0,0.1959487072758894,11.39,12.1,11.17,11.6,1.0,1.0250786607459865
002716,湖南白银,2026-08-28,11.61,12.0,11.18,11.65,400809028.0,4615192226.0,0.1725783535591081,11.61,12.0,11.18,11.65,1.0,0.8283722311967691
002716,湖南白银,2026-08-31,10.5,10.86,10.49,10.84,326917352.0,3465938108.0,0.1407624439987999,10.5,10.86,10.49,10.84,1.0,0.6824329778567408
002716,湖南白银,2026-09-01,10.85,11.07,10.73,10.85,204765326.0,2226962940.0,0.0881668334753029,10.85,11.07,10.73,10.85,1.0,0.47979587575577726
002716,湖南白银,2026-09-02,10.29,10.84,10.06,10.75,264072826.0,2750396918.0,0.1137031612241549,10.29,10.84,10.06,10.75,1.0,0.7082888134979255
002716,湖南白银,2026-09-03,11.0,11.7,10.92,11.59,351611431.0,3980537300.0,0.1513950974540971,11.0,11.7,10.92,11.59,1.0,1.0644243489221477
002716,湖南白银,2026-09-04,11.66,11.68,11.14,11.22,246611584.0,2804281076.0,0.1061847866743253,11.66,11.68,11.14,11.22,1.0,0.796458509542174
002716,湖南白银,2026-09-07,10.95,11.0,10.67,10.7,180022194.0,1946273480.0,0.0775130590237562,10.95,11.0,10.67,10.7,1.0,0.6457136589491448
002716,湖南白银,2026-09-08,10.86,11.04,10.57,10.61,180696814.0,1949845973.0,,10.86,11.04,10.57,10.61,1.0,0.724477687903335
002716,湖南白银,2026-09-09,10.57,10.82,10.36,10.8,214416887.0,2273881317.0,,10.57,10.82,10.36,10.8,1.0,0.8765915114412483
002837,英维克,2026-03-19,79.08,81.75,79.08,79.9,36387780.0,3802381170.0,0.0430387774774828,103.0,106.48,103.0,104.07,0.7677524742961469,0.8188995378379244
002837,英维克,2026-03-20,80.62,83.27,79.08,80.62,49695261.0,5276363355.0,0.0587786141354166,105.0,108.46,103.0,105.0,0.7678095238095238,1.078916808384795
002837,英维克,2026-03-23,77.29,78.62,74.94,75.24,43737877.0,4333128623.0,0.0517323330948058,100.66,102.4,97.6,98.0,0.7677551020408163,0.848964626127276
002837,英维克,2026-03-24,76.01,76.4,73.32,75.55,28382839.0,2762210378.0,0.0335706847711022,99.0,99.5,95.5,98.4,0.7677845528455284,0.5966989208267849
002837,英维克,2026-03-25,76.4,77.7,75.24,75.63,32376275.0,3225104187.0,0.0382940452886872,99.51,101.2,98.0,98.5,0.7678172588832487,0.7430868356335442
002837,英维克,2026-03-26,74.88,74.98,72.99,73.33,28113425.0,2706548598.0,0.033252026991064,97.52,97.65,95.07,95.51,0.767773008061983,0.7375753037967797
002837,英维克,2026-03-27,71.4,72.4,69.78,71.5,40213268.0,3710678411.0,0.0475634922793965,93.0,94.29,90.88,93.13,0.7677440137442285,1.1029077278816721
002837,英维克,2026-03-30,69.1,69.74,67.57,68.92,36809333.0,3293097405.0,0.043537382387207,90.0,90.83,88.01,89.77,0.7677397794363373,1.064938906174457
002837,英维克,2026-03-31,68.25,68.72,64.34,64.76,51803264.0,4449883619.0,0.0608677013138525,88.89,89.5,83.8,84.35,0.767753408417309,1.5613255457634263
002837,英维克,2026-04-01,66.72,67.11,65.5,66.94,34381443.0,2974977051.0,0.040397442973154,86.9,87.4,85.31,87.18,0.7678366597843541,0.908045859831969
002837,英维克,2026-04-02,66.09,66.51,63.34,63.55,34006687.0,2852007807.0,0.0399571128759313,86.08,86.63,82.5,82.77,0.7677902621722846,0.8887350175477322
002837,英维克,2026-04-03,64.5,65.64,63.57,64.21,28181021.0,2369641162.0,0.0331120828399424,84.01,85.49,82.8,83.63,0.7677866794212603,0.7144782245296537
002837,英维克,2026-04-07,64.5,66.3,64.27,65.14,26360378.0,2250238557.0,0.0309728671657494,84.01,86.35,83.71,84.84,0.7677982083922678,0.7117434165272054
002837,英维克,2026-04-08,68.24,70.46,67.53,70.25,44383453.0,3987109411.0,0.052149585796011,88.88,91.77,87.95,91.5,0.76775956284153,1.270037874344514
002837,英维克,2026-04-09,69.1,72.85,68.73,71.47,42179743.0,3923600842.0,0.0495602747815091,90.0,94.88,89.51,93.09,0.7677516381995918,1.2605041908822114
002837,英维克,2026-04-10,72.9,78.62,72.67,76.05,75955430.0,7546417862.0,0.0892459677136412,94.95,102.4,94.65,99.05,0.767794043412418,2.168776024379743
002837,英维克,2026-04-13,76.06,79.31,76.05,78.98,61006295.0,6226863424.0,0.0716810613000133,99.06,103.3,99.05,102.86,0.7678397822282714,1.4052862796823138
002837,英维克,2026-04-14,79.21,85.76,77.94,84.3,65768773.0,7079036226.0,0.0772768687073959,103.16,111.7,101.51,109.79,0.7678294926678203,1.3159792365376406
002837,英维克,2026-04-15,84.46,84.53,80.13,80.86,59069221.0,6308291479.0,0.0694050417492987,110.01,110.09,104.36,105.31,0.7678283163992023,1.020921337469596
002837,英维克,2026-04-16,82.08,82.08,80.0,81.52,36624006.0,3863268463.0,0.0430324054122292,106.9,106.91,104.2,106.18,0.7677528724806931,0.6024092180280258
002837,英维克,2026-04-17,81.14,86.48,80.17,84.97,57543019.0,6284630522.0,0.0676117878052885,105.68,112.63,104.41,110.67,0.7677780789735249,0.9641160232819961
002837,英维克,2026-04-20,86.91,93.47,85.75,92.96,84798684.0,10129168977.0,0.0996365975997143,113.2,121.74,111.68,121.08,0.7677568549719194,1.514201029748391
002837,英维克,2026-04-21,83.67,83.67,83.67,83.67,5979300.0,651564321.0,0.0070255466231996,108.97,108.97,108.97,108.97,0.7678260071579334,0.09840729294863138
002837,英维克,2026-04-22,75.3,83.67,75.3,80.0,159447742.0,16119273349.0,0.1839594616782359,98.07,108.97,98.07,104.2,0.7677543186180422,3.2671812213574594
002837,英维克,2026-04-23,76.78,79.08,76.23,77.3,93511975.0,9431084420.0,0.1078874643547392,100.0,103.0,99.29,100.68,0.7677791021056812,1.3576356460534211
002837,英维克,2026-04-24,76.12,76.76,72.17,73.1,69024622.0,6601387672.0,0.0796356984827274,99.14,99.97,94.0,95.21,0.7677764940657494,0.8600540539301266
002837,英维克,2026-04-27,72.33,75.2,72.3,73.71,43115816.0,4161043977.0,0.0497439612608491,94.21,97.94,94.16,96.0,0.7678124999999999,0.5222838131958086
002837,英维克,2026-04-28,73.55,74.47,70.76,71.28,34918839.0,3275130393.0,0.0402868723275428,95.8,96.99,92.16,92.84,0.7677725118483412,0.47050353407466333
002837,英维克,2026-04-29,70.84,73.55,70.84,72.56,29715448.0,2811636703.0,0.0342835699586615,92.27,95.8,92.27,94.5,0.7678306878306879,0.37142546286189604
002837,英维克,2026-04-30,72.96,74.0,71.45,72.63,29212287.0,2759327637.0,0.033703058591511,95.02,96.38,93.06,94.6,0.7677589852008456,0.5403944589208421
002837,英维克,2026-05-06,73.73,77.09,73.55,75.07,50908974.0,5003722385.0,0.0587351525594593,96.03,100.4,95.8,97.77,0.7678224404213971,1.235732619879937
002837,英维克,2026-05-07,75.63,79.47,74.48,78.72,58731478.0,5934172036.0,0.0677602011852081,98.5,103.5,97.01,102.53,0.7677752852823564,1.5630769040458983
002837,英维克,2026-05-08,77.55,80.1,76.02,78.53,44557274.0,4566607220.0,0.0514070129565689,101.0,104.32,99.01,102.28,0.7677942901838092,1.09484311790964
002837,英维克,2026-05-11,78.62,79.08,74.7,78.44,59957865.0,6020696208.0,0.069175119261183,102.4,103.0,97.29,102.16,0.7678151918559123,1.4066330864147667
002837,英维克,2026-05-12,78.44,78.78,76.46,76.77,44321054.0,4449667947.0,0.0511344791251545,102.16,102.6,99.58,99.99,0.7677767776777678,0.9105773194932488
002837,英维克,2026-05-13,76.01,82.31,75.09,81.68,69324481.0,7214498402.0,0.0799816544650917,99.0,107.2,97.8,106.38,0.7678134987779659,1.3410202109362723
002837,英维克,2026-05-14,83.61,85.45,78.46,78.47,54047989.0,5707114646.0,0.06235672475833,108.9,111.29,102.19,102.2,0.7678082191780822,0.9759754584882565
002837,英维克,2026-05-15,79.85,80.62,76.5,77.16,43686627.0,4454610604.0,0.0504025223854088,104.0,105.0,99.63,100.49,0.7678375957806747,0.8024474041077818
002837,英维克,2026-05-18,77.17,80.51,76.1,78.41,40061439.0,4081709103.0,0.0462200383652688,100.51,104.86,99.11,102.12,0.767822169996083,0.738220165212677
002837,英维克,2026-05-19,77.55,79.44,74.48,78.62,47508842.0,4754315360.0,0.0548123221417357,101.01,103.46,97.0,102.4,0.7677734375,0.944729191379994
002837,英维克,2026-05-20,77.55,84.83,76.01,83.24,70589360.0,7473100966.0,0.0814409818723629,101.0,110.48,99.0,108.41,0.7678258463241399,1.3861197116068829
002837,英维克,2026-05-21,83.23,84.04,77.03,77.19,67045947.0,7085719860.0,0.0773528440297858,108.4,109.45,100.33,100.53,0.7678304983586989,1.310032272431968
002837,英维克,2026-05-22,78.65,81.65,77.37,80.57,40176319.0,4161824521.0,0.0462018119809811,102.44,106.35,100.77,104.94,0.7677720602248904,0.7470710708378077
002837,英维克,2026-05-25,81.64,81.64,79.08,81.46,41109101.0,4305803633.0,0.0472744891115874,106.33,106.33,103.0,106.1,0.7677662582469368,0.7745271986458369
002837,英维克,2026-05-26,81.39,81.39,73.98,75.68,79674749.0,7898005628.0,0.0916240677233239,106.0,106.0,96.35,98.57,0.7677792431774375,1.4952309779099633
002837,英维克,2026-05-27,74.86,76.27,72.26,72.96,47545366.0,4588065885.0,0.0546760408911262,97.5,99.34,94.11,95.02,0.7678383498210902,0.7961501399304522
002837,英维克,2026-05-28,72.96,75.07,71.79,74.88,40656648.0,3892195359.0,0.0467541789150204,95.02,97.78,93.5,97.52,0.7678424938474159,0.73773234142867
002837,英维克,2026-05-29,74.88,75.07,67.58,69.87,64770454.0,5912464089.0,0.0744844827031264,97.52,97.77,88.02,91.0,0.7678021978021978,1.2997649406531326
002837,英维克,2026-06-01,68.51,70.59,65.66,66.06,65340955.0,4426359014.0,0.0578004194416234,68.51,70.59,65.66,66.06,1.0,1.193414557102569
002837,英维克,2026-06-02,66.3,68.0,64.4,67.49,51480891.0,3423665588.0,0.0455398469922653,66.3,68.0,64.4,67.49,1.0,0.8638076245522927
002837,英维克,2026-06-03,67.5,70.92,67.28,68.32,65287085.0,4494953456.0,0.0577527661957331,67.5,70.92,67.28,68.32,1.0,1.2099418262758497
002837,英维克,2026-06-04,67.49,69.89,67.18,69.22,47532052.0,3274875733.0,0.0420467154561952,67.49,69.89,67.18,69.22,1.0,0.8265407904546002
002837,英维克,2026-06-05,68.6,68.6,65.58,65.9,46884988.0,3137961310.0,0.0414743245169202,68.6,68.6,65.58,65.9,1.0,0.7962494337473718
002837,英维克,2026-06-08,62.4,65.8,62.2,63.38,40250880.0,2571262498.0,0.0356058118050838,62.4,65.8,62.2,63.38,1.0,0.7277956543184871
002837,英维克,2026-06-09,64.0,69.72,63.55,69.72,67823192.0,4600037503.0,0.0599961990985555,64.0,69.72,63.55,69.72,1.0,1.348717368501751
002837,英维克,2026-06-10,70.88,72.69,68.25,68.9,71581610.0,5059960533.0,0.0633208847698462,70.88,72.69,68.25,68.9,1.0,1.3365839863355269
002837,英维克,2026-06-11,68.9,69.5,66.21,67.14,38601892.0,2597139351.0,0.0341471217988817,68.9,69.5,66.21,67.14,1.0,0.7042271795293805
002837,英维克,2026-06-12,68.5,70.0,66.08,66.08,59717907.0,4102450246.0,0.052826287475839,68.5,70.0,66.08,66.08,1.0,1.1261471291055867
002837,英维克,2026-06-15,67.3,70.68,66.27,70.53,54168628.0,3748836696.0,0.0479174113536796,67.3,70.68,66.27,70.53,1.0,0.9743418341274495
002837,英维克,2026-06-16,70.56,75.14,70.41,73.19,70686505.0,5180308880.0,0.0625290774807685,70.56,75.14,70.41,73.19,1.0,1.2108281038612239
002837,英维克,2026-06-17,72.0,75.48,72.0,74.62,56203139.0,4162255100.0,0.0497171338884756,72.0,75.48,72.0,74.62,1.0,0.9533823849785835
002837,英维克,2026-06-18,75.03,76.13,73.54,74.37,55363608.0,4124748064.0,0.0489744871987503,75.03,76.13,73.54,74.37,1.0,0.9908366788028972
002837,英维克,2026-06-22,74.55,77.5,72.8,77.3,86194813.0,6527271978.0,0.0762476817960848,74.55,77.5,72.8,77.3,1.0,1.4553061895732369
002837,英维克,2026-06-23,85.03,85.03,79.0,81.48,135856597.0,11188878304.0,0.1201783520077354,85.03,85.03,79.0,81.48,1.0,2.1055419627650824
002837,英维克,2026-06-24,79.0,83.56,76.88,82.86,105250674.0,8531163920.0,0.0931044412147568,79.0,83.56,76.88,82.86,1.0,1.3016257774440403
002837,英维克,2026-06-25,85.0,89.69,84.1,86.99,103094332.0,8944337136.0,0.0911969473304144,85.0,89.69,84.1,86.99,1.0,1.1745460684128648
002837,英维克,2026-06-26,84.39,85.58,81.0,82.57,76072568.0,6335171405.0,0.0672935732023112,84.39,85.58,81.0,82.57,1.0,0.7830262294288753
002837,英维克,2026-06-29,80.91,82.82,75.2,76.7,71206425.0,5567001867.0,0.0629889972060938,80.91,82.82,75.2,76.7,1.0,0.7029692562575559
002837,英维克,2026-06-30,75.68,80.68,74.49,79.56,60539915.0,4755326362.0,0.0534219671311964,75.68,80.68,74.49,79.56,1.0,0.615893236607046
002837,英维克,2026-07-01,79.56,80.49,74.0,74.73,63325298.0,4855278029.0,0.055879860226583,79.56,80.49,74.0,74.73,1.0,0.7608215881975774
002837,英维克,2026-07-02,72.0,75.27,69.8,71.4,52477775.0,3790190469.0,0.046307728895363,72.0,75.27,69.8,71.4,1.0,0.7011273515609983
002837,英维克,2026-07-03,71.38,74.41,70.5,71.43,43283993.0,3140725060.0,0.0381949008576067,71.38,74.41,70.5,71.43,1.0,0.6687430944315244
002837,英维克,2026-07-06,71.01,76.99,71.0,74.06,65190701.0,4875197950.0,0.0575259394745046,71.01,76.99,71.0,74.06,1.0,1.1207567572206611
002837,英维克,2026-07-07,72.0,76.88,71.05,71.29,50510061.0,3705214636.0,0.0445713678081101,72.0,76.88,71.05,71.29,1.0,0.8867086594715001
002837,英维克,2026-07-08,72.0,74.79,70.5,72.12,54417692.0,3973570319.0,0.0480195611999054,72.0,74.79,70.5,72.12,1.0,0.9901765372227477
002837,英维克,2026-07-09,73.44,76.55,68.24,75.87,74503308.0,5418373285.0,0.065743621726945,73.44,76.55,68.24,75.87,1.0,1.4010690121960256
002837,英维克,2026-07-10,74.87,78.5,73.38,73.54,72001743.0,5495359760.0,0.0635361768832158,74.87,78.5,73.38,73.54,1.0,1.2504394537024799
002837,英维克,2026-07-13,72.72,74.81,66.4,66.98,58225858.0,4060756718.0,0.0513799841354536,72.72,74.81,66.4,66.98,1.0,0.9194809778888652
002837,英维克,2026-07-14,66.86,71.59,65.35,70.13,54344951.0,3728556556.0,0.0479553726837654,66.86,71.59,65.35,70.13,1.0,0.8774976719365919
002837,英维克,2026-07-15,70.0,70.89,67.02,67.74,36225798.0,2487925557.0,0.0319665693296292,70.0,70.89,67.02,67.74,1.0,0.5777758070124518
002837,英维克,2026-07-16,66.5,70.77,64.0,67.86,45715303.0,3115832113.0,0.040340350895086,66.5,70.77,64.0,67.86,1.0,0.7740441301552056
002837,英维克,2026-07-17,68.4,68.85,61.2,61.57,52406932.0,3358808508.0,0.0462452152228962,68.4,68.85,61.2,61.57,1.0,0.983194133022521
002837,英维克,2026-07-20,62.8,63.61,55.41,55.46,53608104.0,3137046265.0,0.0473051600725531,62.8,63.61,55.41,55.46,1.0,1.085540973013311
002837,英维克,2026-07-21,56.0,60.22,50.0,59.99,71776462.0,3973850731.0,0.0633373831753409,56.0,60.22,50.0,59.99,1.0,1.481141966642758
002837,英维克,2026-07-22,59.0,64.24,58.69,60.51,61234653.0,3775922104.0,0.0540350216853826,59.0,64.24,58.69,60.51,1.0,1.1788018376545795
002837,英维克,2026-07-23,61.65,63.77,60.15,61.11,36140148.0,2229447569.0,0.0318909895822049,61.65,63.77,60.15,61.11,1.0,0.6346133921195752
002837,英维克,2026-07-24,59.0,60.77,58.0,58.7,25558003.0,1515554908.0,0.0225530345757013,59.0,60.77,58.0,58.7,1.0,0.46441012385750047
002837,英维克,2026-07-27,58.72,61.38,58.02,61.26,31168879.0,1860988560.0,0.027504214854848,58.72,61.38,58.02,61.26,1.0,0.6276016655620991
002837,英维克,2026-07-28,59.16,59.98,55.13,55.13,47436242.0,2687967557.0,0.0418589514199265,59.16,59.98,55.13,55.13,1.0,1.0500405428776654
002837,英维克,2026-07-29,54.0,54.34,50.78,52.39,38984162.0,2035907749.0,0.0344006201693748,54.0,54.34,50.78,52.39,1.0,0.9671668992324893
002837,英维克,2026-07-30,51.03,52.0,47.15,47.15,46515545.0,2252530601.0,0.0410465048733499,51.03,52.0,47.15,47.15,1.0,1.297233831792138
002837,英维克,2026-07-31,49.6,50.35,47.33,47.45,55610192.0,2725033262.0,0.0490718536552871,49.6,50.35,47.33,47.45,1.0,1.466027679403351
002837,英维克,2026-08-03,46.56,48.2,45.82,46.45,38124156.0,1785668537.0,0.0336417289111919,46.56,48.2,45.82,46.45,1.0,0.8675819249862845
002837,英维克,2026-08-04,47.03,49.9,46.44,49.43,46666880.0,2261498600.0,0.0411800467423102,47.03,49.9,46.44,49.43,1.0,1.0293999835364402
002837,英维克,2026-08-05,48.45,53.0,48.35,52.33,54411936.0,2802380591.0,0.0480144819585023,48.45,53.0,48.35,52.33,1.0,1.204331801459786
002837,英维克,2026-08-06,51.6,53.83,50.77,52.93,40023736.0,2103992079.0,0.0353179668167635,51.6,53.83,50.77,52.93,1.0,0.8292369392321243
002837,英维克,2026-08-07,53.88,56.0,53.0,55.9,52720513.0,2897386040.0,0.0465219271058741,53.88,56.0,53.0,55.9,1.0,1.122492099836099
002837,英维克,2026-08-10,56.0,57.1,54.3,55.24,34719637.0,1914573807.0,0.0306374943972265,56.0,57.1,54.3,55.24,1.0,0.7484383052815278
002837,英维克,2026-08-11,55.33,55.83,54.08,54.68,26549970.0,1459715376.0,0.0234283715904498,55.33,55.83,54.08,54.68,1.0,0.5808535947037153
002837,英维克,2026-08-12,54.93,57.29,54.16,56.01,39515152.0,2215580906.0,0.0348691793063837,54.93,57.29,54.16,56.01,1.0,0.9479429494023466
002837,英维克,2026-08-13,56.82,57.87,55.37,55.45,43734406.0,2489256907.0,0.0385923567919512,56.82,57.87,55.37,55.45,1.0,1.1299186218119817
002837,英维克,2026-08-14,56.12,57.37,56.01,57.09,36490311.0,2071512774.0,0.0321999823562543,56.12,57.37,56.01,57.09,1.0,0.9250246038223607
002837,英维克,2026-08-17,57.65,58.69,56.45,58.69,41185569.0,2381342255.0,0.0363431979281375,57.65,58.69,56.45,58.69,1.0,1.1376633397911167
002837,英维克,2026-08-18,58.59,58.88,56.51,57.57,36898755.0,2120892831.0,0.0325604037731481,58.59,58.88,56.51,57.57,1.0,0.9840958713902358
002837,英维克,2026-08-19,55.75,56.2,52.1,52.59,43299801.0,2342044673.0,0.0382088502405288,55.75,56.2,52.1,52.59,1.0,1.0944010523525805
002837,英维克,2026-08-20,53.44,53.77,51.82,52.93,27855913.0,1471788637.0,0.0245807690462642,53.44,53.77,51.82,52.93,1.0,0.6908405584711409
002837,英维克,2026-08-21,52.92,55.32,52.52,54.12,36850706.0,1994156539.0,0.0325180041084197,52.92,55.32,52.52,54.12,1.0,0.9920485854468513
002837,英维克,2026-08-24,55.6,56.2,52.53,54.75,43754987.0,2386975918.0,0.0386105179919715,55.6,56.2,52.53,54.75,1.0,1.1756357693964619
002837,英维克,2026-08-25,53.54,60.23,53.01,60.23,96475886.0,5646530144.0,0.0851327857141037,53.54,60.23,53.01,60.23,1.0,2.5568695843693807
002837,英维克,2026-08-26,63.05,63.3,60.5,62.07,114953621.0,7142634838.0,0.1014380109829029,63.05,63.3,60.5,62.07,1.0,2.3153978922901
002837,英维克,2026-08-27,62.6,66.0,61.48,65.97,106628637.0,6845251646.0,0.0940918324886692,62.6,66.0,61.48,65.97,1.0,1.6666395636942875
002837,英维克,2026-08-28,65.03,66.54,64.1,64.48,82948504.0,5416634861.0,0.0731958783600855,65.03,66.54,64.1,64.48,1.0,1.040331430914312
002837,英维克,2026-08-31,62.98,68.66,62.89,68.21,91633079.0,6091485141.0,0.0808593691363512,62.98,68.66,62.89,68.21,1.0,1.0301369518978407
002837,英维克,2026-09-01,67.61,67.77,65.81,65.9,59459279.0,3944977420.0,0.052468386326321,67.61,67.77,65.81,65.9,1.0,0.6034762904941281
002837,英维克,2026-09-02,64.51,67.79,64.48,66.23,61396538.0,4087197933.0,0.0541778731437804,64.51,67.79,64.48,66.23,1.0,0.6737645139693526
002837,英维克,2026-09-03,66.98,70.62,65.5,68.49,89042800.0,6020923321.0,0.0785736407933459,66.98,70.62,65.5,68.49,1.0,1.1073156124350785
002837,英维克,2026-09-04,67.0,67.77,62.48,63.91,82200996.0,5339439195.0,0.0725362582102008,67.0,67.77,62.48,63.91,1.0,1.0689886761398897
002837,英维克,2026-09-07,63.01,65.71,62.63,64.47,55156583.0,3553405611.0,0.0486715774889196,63.01,65.71,62.63,64.47,1.0,0.7186849615617321
002837,英维克,2026-09-08,64.5,65.9,62.42,63.0,52646352.0,3357164724.0,,64.5,65.9,62.42,63.0,1.0,0.758033299425995
002837,英维克,2026-09-09,63.05,64.1,61.93,62.43,36898081.0,2317662601.0,,63.05,64.1,61.93,62.43,1.0,0.5419123295987386
002908,德生科技,2026-03-19,9.58,9.65,9.49,9.51,5097320.0,49106665.0,0.0158383203458352,9.65,9.72,9.55,9.57,0.9937304075235108,1.040999617119176
002908,德生科技,2026-03-20,9.57,9.59,9.04,9.05,8988688.0,83381616.0,0.027929523756163,9.64,9.66,9.1,9.11,0.9934138309549948,1.8216614063835792
002908,德生科技,2026-03-23,8.94,8.95,8.39,8.52,9080784.0,79558374.0,0.0282156831400295,9.0,9.01,8.45,8.58,0.9930069930069928,1.6252145080037768
002908,德生科技,2026-03-24,8.7,8.84,8.52,8.84,6303612.0,55197652.0,0.0195864937245162,8.76,8.9,8.58,8.9,0.993258426966292,0.9547458362855435
002908,德生科技,2026-03-25,8.94,9.03,8.83,8.98,5314300.0,48006402.0,0.0165125175217314,9.0,9.09,8.89,9.04,0.9933628318584072,0.7499027326357929
002908,德生科技,2026-03-26,8.98,9.03,8.75,8.81,4385860.0,39060284.0,0.0136276819332482,9.04,9.09,8.81,8.87,0.9932356257046224,0.6304293979330685
002908,德生科技,2026-03-27,8.74,8.94,8.66,8.91,3090304.0,27606897.0,0.0096021487208996,8.8,9.0,8.72,8.97,0.9933110367892976,0.4534795688957588
002908,德生科技,2026-03-30,8.84,9.04,8.65,9.04,4198329.0,37678371.0,0.0130449882721136,8.9,9.1,8.71,9.1,0.9934065934065932,0.7450487775271998
002908,德生科技,2026-03-31,9.04,9.12,8.9,8.9,3465832.0,31457152.0,0.0107689839917538,9.1,9.18,8.96,8.96,0.9933035714285714,0.743983285538784
002908,德生科技,2026-04-01,9.1,9.11,8.91,8.99,3704860.0,33456561.0,0.0115116884002713,9.16,9.17,8.97,9.05,0.9933701657458563,0.90562892255419
002908,德生科技,2026-04-02,8.99,9.01,8.74,8.8,3923300.0,34971065.0,0.0121904220674423,9.05,9.07,8.8,8.86,0.9932279909706548,1.0409290224532155
002908,德生科技,2026-04-03,8.9,8.91,8.62,8.63,4164784.0,36499284.0,0.0129407577242961,8.96,8.97,8.68,8.69,0.993095512082854,1.1328044824936592
002908,德生科技,2026-04-07,8.63,8.87,8.61,8.82,3836835.0,33895155.0,0.011921759246842,8.69,8.93,8.67,8.88,0.9932432432432432,0.985972733353703
002908,德生科技,2026-04-08,8.96,9.3,8.94,9.13,7091320.0,64901028.0,0.0220340488403373,9.02,9.36,9.0,9.19,0.9934711643090316,1.8567931657175043
002908,德生科技,2026-04-09,9.07,9.11,8.89,8.93,4980386.0,45034088.0,0.0154749846809525,9.13,9.17,8.95,8.99,0.993325917686318,1.0959826371074746
002908,德生科技,2026-04-10,9.01,9.1,8.98,9.04,4028484.0,36720197.0,0.0125172482991202,9.07,9.16,9.04,9.1,0.9934065934065932,0.8393855385913644
002908,德生科技,2026-04-13,8.99,9.05,8.93,9.04,2619050.0,23757369.0,0.0081378749817079,9.05,9.11,8.99,9.1,0.9934065934065932,0.5433305856834232
002908,德生科技,2026-04-14,9.1,9.14,8.94,9.04,5004514.0,45418674.0,0.0155499548600475,9.16,9.2,9.0,9.1,0.9934065934065932,1.109349476803921
002908,德生科技,2026-04-15,9.04,9.06,8.91,8.92,3971196.0,35896103.0,0.0123392438387426,9.1,9.12,8.97,8.98,0.9933184855233852,0.8369661900894775
002908,德生科技,2026-04-16,8.93,9.2,8.92,9.15,8340840.0,76213848.0,0.0259165396469824,8.99,9.26,8.98,9.21,0.993485342019544,2.0241190508662794
002908,德生科技,2026-04-17,9.09,9.19,9.06,9.1,5146398.0,47193389.0,0.0159908148107566,9.15,9.25,9.12,9.16,0.9934497816593886,1.0737731515212516
002908,德生科技,2026-04-20,9.12,9.14,9.07,9.12,3531888.0,32367216.0,0.0109742322572668,9.18,9.2,9.13,9.18,0.9934640522875816,0.7040683122612481
002908,德生科技,2026-04-21,9.1,9.1,8.88,8.91,4992567.0,44904319.0,0.0155128333112391,9.16,9.16,8.94,8.97,0.9933110367892976,0.9602997687694587
002908,德生科技,2026-04-22,8.9,8.96,8.84,8.93,4061254.0,36385633.0,0.0126190707779391,8.96,9.02,8.9,8.99,0.993325917686318,0.7815247180557944
002908,德生科技,2026-04-23,8.89,8.96,8.78,8.8,4469316.0,39787421.0,0.0138869952317623,8.95,9.02,8.84,8.86,0.9932279909706548,0.8570791786597809
002908,德生科技,2026-04-24,8.75,8.95,8.68,8.9,4594716.0,40767362.0,0.0142766363316673,8.81,9.01,8.74,8.96,0.9933035714285714,1.034779617504698
002908,德生科技,2026-04-27,8.44,8.62,8.02,8.46,16036170.0,132854569.0,0.0498273597851955,8.5,8.68,8.07,8.52,0.9929577464788734,3.7035477699248225
002908,德生科技,2026-04-28,8.43,8.45,8.15,8.27,8020994.0,67011725.0,0.0249227186961035,8.49,8.51,8.21,8.33,0.992797118847539,1.1742385369946025
002908,德生科技,2026-04-29,8.24,8.5,8.21,8.42,6682052.0,56655926.0,0.0207623771204337,8.3,8.56,8.27,8.48,0.9929245283018868,0.8985491811324966
002908,德生科技,2026-04-30,8.42,8.51,8.36,8.37,4729524.0,40142980.0,0.0146955098356226,8.48,8.57,8.42,8.43,0.99288256227758,0.5941128221495894
002908,德生科技,2026-05-06,8.44,8.56,8.41,8.51,5686402.0,48753237.0,0.0176687075740189,8.5,8.62,8.47,8.57,0.9929988331388564,0.7096744224961521
002908,德生科技,2026-05-07,8.51,8.64,8.45,8.52,6042796.0,51775684.0,0.0187760899516867,8.57,8.7,8.51,8.58,0.9930069930069928,0.7341483598817372
002908,德生科技,2026-05-08,8.52,8.66,8.47,8.63,5925486.0,51278558.0,0.0184115859849414,8.58,8.72,8.53,8.69,0.993095512082854,0.9507621647141459
002908,德生科技,2026-05-11,8.66,8.75,8.5,8.57,6754326.0,58214295.0,0.02098694586728,8.72,8.81,8.56,8.63,0.993047508690614,1.1618842603073116
002908,德生科技,2026-05-12,8.54,8.58,8.36,8.4,5301674.0,45127669.0,0.0164732861937617,8.6,8.64,8.42,8.46,0.9929078014184396,0.9097358844477214
002908,德生科技,2026-05-13,8.41,8.54,8.37,8.45,4501210.0,38375091.0,0.0139860958158163,8.47,8.6,8.43,8.51,0.9929494712103408,0.7575069628151274
002908,德生科技,2026-05-14,8.53,8.54,8.22,8.22,6217788.0,52055835.0,0.0193198226100166,8.59,8.6,8.28,8.28,0.992753623188406,1.0898651634124312
002908,德生科技,2026-05-15,8.22,8.29,8.03,8.06,7648932.0,62683496.0,0.0237666529312482,8.28,8.35,8.08,8.12,0.9926108374384238,1.3325440783507345
002908,德生科技,2026-05-18,8.08,8.22,8.01,8.2,5512360.0,44951724.0,0.0171279267422034,8.14,8.28,8.06,8.26,0.99273607748184,0.9059250399274519
002908,德生科技,2026-05-19,8.23,8.42,8.2,8.35,5342840.0,44755651.0,0.0166011966045966,8.29,8.48,8.26,8.41,0.9928656361474436,0.9154353010647261
002908,德生科技,2026-05-20,8.31,8.32,8.09,8.12,4598680.0,37752146.0,0.014288953216197,8.37,8.38,8.15,8.18,0.9926650366748164,0.7868219454931761
002908,德生科技,2026-05-21,8.14,8.27,7.89,7.89,5984858.0,48665474.0,0.018596065820536,8.2,8.33,7.94,7.94,0.9937027707808564,1.0205892785277246
002908,德生科技,2026-05-22,8.03,8.08,7.81,7.99,5454578.0,43655539.0,0.0169483873320382,8.08,8.14,7.86,8.04,0.9937810945273632,0.9376099907624089
002908,德生科技,2026-05-25,8.12,8.12,7.8,7.9,5619040.0,44736911.0,0.0174594013238451,8.18,8.18,7.85,7.95,0.9937106918238994,1.0446908071879273
002908,德生科技,2026-05-26,7.89,7.89,7.53,7.71,7605478.0,58827846.0,0.0236316332792923,7.94,7.94,7.58,7.76,0.993556701030928,1.408422060506972
002908,德生科技,2026-05-27,7.67,7.74,7.42,7.47,5643462.0,42746760.0,0.0175352850155666,7.72,7.79,7.47,7.52,0.9933510638297872,0.9642778568737183
002908,德生科技,2026-05-28,7.43,7.63,7.37,7.53,5810994.0,43831834.0,0.0180558380677937,7.48,7.68,7.42,7.58,0.9934036939313984,0.9586752628465587
002908,德生科技,2026-05-29,7.57,7.65,7.29,7.35,5508404.0,41310083.0,0.0171156347151601,7.62,7.7,7.34,7.4,0.9932432432432432,0.9139984559404082
002908,德生科技,2026-06-01,7.34,7.75,7.3,7.7,7469412.0,57368257.0,0.0232088509355947,7.39,7.8,7.35,7.75,0.9935483870967742,1.237174689368517
002908,德生科技,2026-06-02,7.72,7.75,7.5,7.56,4768520.0,36305996.0,0.0148166776532613,7.77,7.8,7.55,7.61,0.9934296977660972,0.7442033226428199
002908,德生科技,2026-06-03,7.55,7.56,7.31,7.38,4955942.0,37038120.0,0.0153990326311433,7.6,7.61,7.36,7.43,0.993270524899058,0.848597188733785
002908,德生科技,2026-06-04,7.36,7.42,7.19,7.27,4432538.0,32506152.0,0.0137727191522384,7.41,7.47,7.24,7.32,0.9931693989071038,0.7772762803230719
002908,德生科技,2026-06-05,7.33,7.56,7.23,7.42,5220868.0,38696834.0,0.01622220693763,7.33,7.56,7.23,7.42,1.0,0.9620238442007493
002908,德生科技,2026-06-08,7.3,7.47,7.15,7.27,5816284.0,42530153.0,0.0180722750807004,7.3,7.47,7.15,7.27,1.0,1.0832166238069554
002908,德生科技,2026-06-09,7.33,7.42,7.19,7.29,4138686.0,30202482.0,0.0128596663891659,7.33,7.42,7.19,7.29,1.0,0.8213584644563547
002908,德生科技,2026-06-10,7.22,7.33,7.01,7.17,5426866.0,38850101.0,0.0168622809990193,7.22,7.33,7.01,7.17,1.0,1.1046237880489904
002908,德生科技,2026-06-11,7.17,7.18,6.88,7.06,5505271.0,38551992.0,0.0171058999020341,7.17,7.18,6.88,7.06,1.0,1.099504250847665
002908,德生科技,2026-06-12,7.12,7.23,7.04,7.08,4372896.0,31229720.0,0.0135874003764765,7.12,7.23,7.04,7.08,1.0,0.8374636485594918
002908,德生科技,2026-06-15,7.22,7.3,7.09,7.16,4706920.0,33804205.0,0.014625275007694,7.22,7.3,7.09,7.16,1.0,0.9316942678114488
002908,德生科技,2026-06-16,7.12,7.18,7.02,7.15,4325096.0,30685389.0,0.0134388768950135,7.12,7.18,7.02,7.15,1.0,0.8954413173084158
002908,德生科技,2026-06-17,7.13,7.13,6.88,6.94,5680242.0,39466234.0,0.0176495673094622,7.13,7.13,6.88,6.94,1.0,1.166994815188974
002908,德生科技,2026-06-18,6.9,7.0,6.8,6.88,4554044.0,31388873.0,0.01415026087062,6.9,7.0,6.8,6.88,1.0,0.9259791158550533
002908,德生科技,2026-06-22,6.86,7.04,6.63,7.01,6387262.0,43645290.0,0.0198464098170764,6.86,7.04,6.63,7.01,1.0,1.3509895724888807
002908,德生科技,2026-06-23,6.94,7.15,6.94,7.06,4979492.0,35290016.0,0.0154722068568431,6.94,7.15,6.94,7.06,1.0,0.97052635649378
002908,德生科技,2026-06-24,7.06,7.09,6.68,6.77,5718410.0,38898160.0,0.0177681623772546,7.06,7.09,6.68,6.77,1.0,1.1028272782338255
002908,德生科技,2026-06-25,6.76,6.82,6.54,6.63,5502568.0,36528022.0,0.0170975011788041,6.76,6.82,6.54,6.63,1.0,1.0070788394349082
002908,德生科技,2026-06-26,6.56,6.61,6.34,6.4,5761302.0,37115490.0,0.0179014357907883,6.56,6.61,6.34,6.4,1.0,1.061334748323028
002908,德生科技,2026-06-29,6.39,6.45,6.17,6.37,6208454.0,39294586.0,0.0192908201377159,6.39,6.45,6.17,6.37,1.0,1.095002743303352
002908,德生科技,2026-06-30,6.38,6.45,6.26,6.33,4776422.0,30312604.0,0.0146854716907875,6.38,6.45,6.26,6.33,1.0,0.8477784310285619
002908,德生科技,2026-07-01,6.32,6.96,6.28,6.71,19551145.0,131478190.0,0.06011147809385,6.32,6.96,6.28,6.71,1.0,3.4953759688686254
002908,德生科技,2026-07-02,6.65,6.8,6.53,6.55,8472674.0,56340684.0,0.026049878794686,6.65,6.8,6.53,6.55,1.0,1.013480394003898
002908,德生科技,2026-07-03,6.68,6.77,6.48,6.65,8693105.0,57749494.0,0.0267276106220397,6.68,6.77,6.48,6.65,1.0,0.9708628079648967
002908,德生科技,2026-07-06,6.68,6.71,6.5,6.59,6322204.0,41742738.0,0.019438095684465,6.68,6.71,6.5,6.59,1.0,0.6626798150174626
002908,德生科技,2026-07-07,6.53,6.58,6.35,6.37,3829216.0,24597361.0,0.0117732150061093,6.53,6.58,6.35,6.37,1.0,0.4004153460537419
002908,德生科技,2026-07-08,6.43,6.47,6.3,6.41,4671747.0,29898775.0,0.0143636404645615,6.43,6.47,6.3,6.41,1.0,0.49839044878564515
002908,德生科技,2026-07-09,6.37,6.52,6.19,6.41,6049990.0,38250881.0,0.0186011530963026,6.37,6.52,6.19,6.41,1.0,0.9456375961871328
002908,德生科技,2026-07-10,6.35,6.62,6.27,6.48,7592351.0,49436203.0,0.0233432589660258,6.35,6.62,6.27,6.48,1.0,1.283955171607422
002908,德生科技,2026-07-13,6.41,6.46,6.13,6.18,7322520.0,45745901.0,0.022513643092094,6.41,6.46,6.13,6.18,1.0,1.2862092606954354
002908,德生科技,2026-07-14,6.13,6.27,6.1,6.24,5161370.0,31972440.0,0.015869023511884,6.13,6.27,6.1,6.24,1.0,0.8758231230865969
002908,德生科技,2026-07-15,6.2,6.41,6.18,6.34,5712870.0,36238277.0,0.0175646520885612,6.2,6.41,6.18,6.34,1.0,0.9274748491605521
002908,德生科技,2026-07-16,6.35,6.56,6.27,6.51,5508326.0,35606339.0,0.0169357660476041,6.35,6.56,6.27,6.51,1.0,0.8650253661370653
002908,德生科技,2026-07-17,6.49,6.64,6.32,6.46,8675594.0,56141907.0,0.0266737717244763,6.49,6.64,6.32,6.46,1.0,1.3859911276440942
002908,德生科技,2026-07-20,6.48,6.6,6.27,6.38,6764310.0,43544473.0,0.0207973841115193,6.48,6.6,6.27,6.38,1.0,1.0444978301876304
002908,德生科技,2026-07-21,6.39,6.47,6.19,6.4,7160582.0,45469029.0,0.0220157524294468,6.39,6.47,6.19,6.4,1.0,1.1250826852849574
002908,德生科技,2026-07-22,6.4,6.43,6.27,6.3,3936046.0,24950879.0,0.0121016719432742,6.4,6.43,6.27,6.3,1.0,0.5818820601530107
002908,德生科技,2026-07-23,6.25,6.46,6.24,6.43,4245876.0,26987781.0,0.0130542677762966,6.25,6.46,6.24,6.43,1.0,0.6624894390232593
002908,德生科技,2026-07-24,6.4,6.4,6.16,6.17,4187686.0,26185562.0,0.0128753582080702,6.4,6.4,6.16,6.17,1.0,0.6802076692635612
002908,德生科技,2026-07-27,6.13,6.37,6.12,6.33,3764498.0,23725107.0,0.0115742346067886,6.13,6.37,6.12,6.33,1.0,0.7158337294871551
002908,德生科技,2026-07-28,6.28,6.55,6.26,6.54,7354456.0,47712602.0,0.0226118327461733,6.28,6.55,6.26,6.54,1.0,1.5785693287671423
002908,德生科技,2026-07-29,6.57,6.66,6.53,6.59,4915798.0,32428349.0,0.0151139937732952,6.57,6.66,6.53,6.59,1.0,1.0464237870330249
002908,德生科技,2026-07-30,6.55,6.73,6.55,6.57,5594800.0,37181585.0,0.017201636918936,6.55,6.73,6.55,6.57,1.0,1.1432745223066862
002908,德生科技,2026-07-31,6.66,6.84,6.63,6.75,6145600.0,41422369.0,0.018895113292524,6.66,6.84,6.63,6.75,1.0,1.190212523895856
002908,德生科技,2026-08-03,6.76,6.84,6.68,6.81,9372424.0,63226039.0,0.0288162284082223,6.76,6.84,6.68,6.81,1.0,1.687195807245267
002908,德生科技,2026-08-04,6.83,7.03,6.83,6.89,7351646.0,50828636.0,0.0226031931880583,6.83,7.03,6.83,6.89,1.0,1.101103678935777
002908,德生科技,2026-08-05,6.99,7.58,6.85,7.58,10690266.0,78479674.0,0.0328680335845511,6.99,7.58,6.85,7.58,1.0,1.6012852263498905
002908,德生科技,2026-08-06,7.53,7.68,7.21,7.35,27954865.0,206022107.0,0.0859493525859501,7.53,7.68,7.21,7.35,1.0,3.5697935749075156
002908,德生科技,2026-08-07,7.23,7.29,6.98,7.16,17695026.0,125515488.0,0.0544046994571983,7.23,7.29,6.98,7.16,1.0,1.438273855425461
002908,德生科技,2026-08-10,7.19,7.29,7.0,7.29,12837227.0,92348207.0,0.0394690280081437,7.19,7.29,7.0,7.29,1.0,0.8784892092268354
002908,德生科技,2026-08-11,7.28,7.3,7.1,7.14,8882063.0,63769337.0,0.0273085763239286,7.28,7.3,7.1,7.14,1.0,0.5803067803159141
002908,德生科技,2026-08-12,7.19,7.31,7.11,7.21,8039998.0,57889397.0,0.0247195836178187,7.19,7.31,7.11,7.21,1.0,0.514991990655532
002908,德生科技,2026-08-13,7.23,7.28,7.1,7.1,7723004.0,55502809.0,0.0237449615234665,7.23,7.28,7.1,7.1,1.0,0.512073205305683
002908,德生科技,2026-08-14,7.09,7.16,6.98,7.15,6621170.0,46803888.0,0.0203572893255437,7.09,7.16,6.98,7.15,1.0,0.5999901988712101
002908,德生科技,2026-08-17,7.15,7.15,7.01,7.11,4456112.0,31582906.0,0.0137006543029445,7.15,7.15,7.01,7.11,1.0,0.5051884589014803
002908,德生科技,2026-08-18,7.09,7.12,6.99,7.08,5061952.0,35645447.0,0.0155633553308576,7.09,7.12,6.99,7.08,1.0,0.7085133571990664
002908,德生科技,2026-08-19,7.05,7.05,6.82,6.83,5203738.0,35866709.0,0.0159992871411436,7.05,7.05,6.82,6.83,1.0,0.8155757483582028
002908,德生科技,2026-08-20,6.9,6.99,6.84,6.94,4535384.0,31466702.0,0.0139443820790648,6.9,6.99,6.84,6.94,1.0,0.7801878044625097
002908,德生科技,2026-08-21,6.9,6.96,6.84,6.94,3743156.0,25852513.0,0.0115086170091758,6.9,6.96,6.84,6.94,1.0,0.7232213669214536
002908,德生科技,2026-08-24,6.87,6.99,6.8,6.86,4446800.0,30527177.0,0.0136720238527069,6.87,6.99,6.8,6.86,1.0,0.9666812780436047
002908,德生科技,2026-08-25,6.86,7.29,6.8,7.19,11439200.0,81663659.0,0.0351706879679512,6.86,7.29,6.8,7.19,1.0,2.487752832300249
002908,德生科技,2026-08-26,7.17,7.28,7.08,7.24,7914496.0,57102021.0,0.0243337182005383,7.17,7.28,7.08,7.24,1.0,1.3474565992599226
002908,德生科技,2026-08-27,7.18,7.26,7.15,7.17,5343200.0,38419642.0,0.0164280736371736,7.18,7.26,7.15,7.17,1.0,0.8328180435347247
002908,德生科技,2026-08-28,7.22,7.26,7.16,7.16,4870840.0,35067185.0,0.0149757669926057,7.22,7.26,7.16,7.16,1.0,0.7405451880891488
002908,德生科技,2026-08-31,7.09,7.27,7.09,7.27,5519800.0,39791176.0,0.0169710437308113,7.09,7.27,7.09,7.27,1.0,0.8113884017115506
002908,德生科技,2026-09-01,7.24,7.41,7.24,7.39,6080664.0,44761144.0,0.0186954626356698,7.24,7.41,7.24,7.39,1.0,0.8664991465915418
002908,德生科技,2026-09-02,7.35,7.49,7.29,7.46,6137870.0,45468597.0,0.0188713468212679,7.35,7.49,7.29,7.46,1.0,1.0323034747216522
002908,德生科技,2026-09-03,7.48,7.54,7.3,7.34,5167200.0,38366464.0,0.0158869482890409,7.48,7.54,7.3,7.34,1.0,0.924286430912809
002908,德生科技,2026-09-04,7.39,7.6,7.37,7.39,6763732.0,50730411.0,0.0207956070066828,7.39,7.6,7.37,7.39,1.0,1.2175332892623063
002908,德生科技,2026-09-07,7.35,7.44,7.31,7.35,5650224.0,41571323.0,0.0173720422103843,7.35,7.44,7.31,7.35,1.0,0.952201513849382
002908,德生科技,2026-09-08,7.34,7.43,7.31,7.36,3548106.0,26206090.0,,7.34,7.43,7.31,7.36,1.0,0.5953259916462218
002908,德生科技,2026-09-09,7.34,7.38,7.18,7.22,4415698.0,31972713.0,,7.34,7.38,7.18,7.22,1.0,0.8097107535915401
002957,科瑞技术,2026-03-19,25.89,26.44,25.35,25.58,10609821.0,274902089.0,0.0253412030823772,26.0,26.56,25.46,25.69,0.995718178279486,0.6602908709394725
002957,科瑞技术,2026-03-20,25.98,27.61,25.66,25.71,22645464.0,606170438.0,0.054087934388211,26.09,27.73,25.77,25.82,0.995739736638265,1.5460617980565832
002957,科瑞技术,2026-03-23,25.04,25.54,23.66,23.85,20040790.0,493890879.0,0.0478667575373115,25.15,25.65,23.76,23.95,0.9958246346555324,1.254242288528942
002957,科瑞技术,2026-03-24,24.4,24.8,23.79,24.77,12752678.0,310496684.0,0.0304593454538172,24.51,24.91,23.89,24.88,0.9955787781350482,0.7287216005541829
002957,科瑞技术,2026-03-25,26.07,27.06,25.32,26.47,27628718.0,730646020.0,0.0659902701227224,26.18,27.18,25.43,26.59,0.9954870251974426,1.6063836870638448
002957,科瑞技术,2026-03-26,26.65,26.98,25.8,25.94,13175219.0,348594834.0,0.0314685705191252,26.77,27.1,25.91,26.05,0.9957773512476008,0.703222389511348
002957,科瑞技术,2026-03-27,25.38,27.13,24.95,26.41,15414519.0,403566030.0,0.0368170637747953,25.49,27.25,25.06,26.53,0.995476818695816,0.8008135646912188
002957,科瑞技术,2026-03-30,25.92,27.68,25.83,27.53,20963143.0,569319851.0,0.050069766870517,26.03,27.8,25.94,27.65,0.9956600361663652,1.1775468980987311
002957,科瑞技术,2026-03-31,27.24,27.38,26.38,26.48,14649060.0,393739223.0,0.0349887905202104,27.36,27.5,26.5,26.6,0.9954887218045112,0.8144314097282397
002957,科瑞技术,2026-04-01,27.28,27.97,26.89,27.87,19348002.0,535422567.0,0.0462120565389597,27.4,28.09,27.01,27.99,0.9957127545551984,1.05346091439897
002957,科瑞技术,2026-04-02,27.91,30.28,27.78,29.05,32619106.0,956364511.0,0.0779096451779527,28.03,30.41,27.9,29.18,0.9955448937628512,1.9520723072186896
002957,科瑞技术,2026-04-03,31.06,31.74,29.63,30.49,27038618.0,826272201.0,0.064580835982513,31.2,31.88,29.76,30.62,0.9957544088830828,1.3126329023787153
002957,科瑞技术,2026-04-07,30.48,33.53,29.87,33.53,27903979.0,909435880.0,0.0666477218272948,30.61,33.68,30.0,33.68,0.9955463182897862,1.2172606521271205
002957,科瑞技术,2026-04-08,35.18,36.89,34.75,36.89,31052550.0,1131838923.0,0.0741679784961193,35.33,37.05,34.9,37.05,0.9956815114709852,1.2772649508244016
002957,科瑞技术,2026-04-09,38.71,39.73,36.62,37.41,63376331.0,2418311947.0,0.1513722497756525,38.88,39.9,36.78,37.57,0.9957412829385148,2.2968721046202094
002957,科瑞技术,2026-04-10,37.21,39.04,37.21,37.44,44667736.0,1698238540.0,0.1066873954995108,37.37,39.21,37.37,37.6,0.9957446808510636,1.2271990950916452
002957,科瑞技术,2026-04-13,37.49,41.18,37.49,41.18,28164758.0,1115824887.0,0.0672705837585771,37.65,41.36,37.65,41.36,0.9956479690522244,0.7257491261534383
002957,科瑞技术,2026-04-14,41.82,41.97,39.03,40.54,56518021.0,2294278652.0,0.1349914054134433,42.0,42.15,39.2,40.72,0.9955795677799608,1.447952206722101
002957,科瑞技术,2026-04-15,40.54,42.8,40.35,41.74,44338531.0,1853589176.0,0.1059011003527091,40.72,42.99,40.53,41.92,0.995706106870229,0.990675008346166
002957,科瑞技术,2026-04-16,41.64,42.01,39.97,41.61,35058303.0,1443081026.0,0.0837355857414104,41.82,42.19,40.14,41.79,0.9956927494615936,0.7394226741090075
002957,科瑞技术,2026-04-17,42.81,45.77,41.92,45.77,23582370.0,1052518535.0,0.0563257030758352,43.0,45.97,42.1,45.97,0.99564933652382,0.564854358940865
002957,科瑞技术,2026-04-20,49.25,49.25,46.51,47.75,43506333.0,2070748778.0,0.1039134232257578,49.47,49.47,46.71,47.96,0.9956213511259384,1.159167464408601
002957,科瑞技术,2026-04-21,48.14,51.33,47.75,49.83,36004956.0,1807837539.0,0.0859966348129774,48.35,51.55,47.96,50.05,0.9956043956043956,0.886806033222334
002957,科瑞技术,2026-04-22,49.42,50.28,48.39,49.64,34557282.0,1715555655.0,0.0825389138173944,49.64,50.5,48.6,49.86,0.99558764540714,0.9468241723693518
002957,科瑞技术,2026-04-23,49.29,49.62,46.27,46.83,35966189.0,1707674822.0,0.0859040411283248,49.51,49.84,46.47,47.03,0.9957473952796086,1.041235204526748
002957,科瑞技术,2026-04-24,47.76,49.61,45.84,46.25,27935705.0,1325531605.0,0.0667234983186222,47.97,49.83,46.04,46.45,0.9956942949407964,0.8045204122427321
002957,科瑞技术,2026-04-27,45.8,46.16,43.76,45.61,29689511.0,1344747924.0,0.0709124053711626,46.0,46.36,43.95,45.81,0.9956341410172452,0.8341134300008712
002957,科瑞技术,2026-04-28,45.33,45.6,43.79,44.09,23653114.0,1052477285.0,0.0564946727569316,45.53,45.8,43.98,44.28,0.9957091237579044,0.7204565664132108
002957,科瑞技术,2026-04-29,43.8,44.78,42.91,43.84,21748825.0,956846072.0,0.0519463420851383,43.99,44.98,43.1,44.03,0.9956847603906428,0.7163559607570137
002957,科瑞技术,2026-04-30,43.72,44.53,43.01,43.43,18049537.0,789863480.0,0.0431107162561821,43.91,44.72,43.2,43.62,0.995644199908299,0.6492950122849048
002957,科瑞技术,2026-05-06,44.41,44.88,43.37,43.9,28575913.0,1265948809.0,0.0682526137431861,44.6,45.08,43.56,44.09,0.9956906327965525,1.1800748983132114
002957,科瑞技术,2026-05-07,43.81,45.46,43.11,45.26,37882913.0,1703599737.0,0.0904820723822796,44.0,45.66,43.3,45.46,0.9956005279366476,1.5561895266803543
002957,科瑞技术,2026-05-08,43.61,45.65,42.96,45.09,32981249.0,1478821177.0,0.0787746116376,43.8,45.85,43.15,45.29,0.9955840141311548,1.269385433343077
002957,科瑞技术,2026-05-11,45.64,45.79,43.49,44.38,35591620.0,1591319276.0,0.0850093955827154,45.84,45.99,43.68,44.57,0.9957370428539376,1.2780817124512824
002957,科瑞技术,2026-05-12,45.15,45.59,42.32,43.17,32585819.0,1429353004.0,0.0778301402902639,45.35,45.79,42.51,43.36,0.995618081180812,1.0643309625310569
002957,科瑞技术,2026-05-13,42.37,44.75,42.02,43.99,25200223.0,1107428668.0,0.0601898909288097,42.56,44.95,42.2,44.18,0.9956994114984156,0.7517180752364576
002957,科瑞技术,2026-05-14,44.69,46.41,43.81,45.0,41330158.0,1864372050.0,0.0987157019241644,44.89,46.61,44.0,45.2,0.995575221238938,1.2582105152461045
002957,科瑞技术,2026-05-15,45.85,47.38,42.61,45.32,45400931.0,2059371463.0,0.1084386072677379,46.05,47.59,42.8,45.52,0.9956063268892794,1.3537236288192405
002957,科瑞技术,2026-05-18,45.37,47.26,44.8,47.04,43330585.0,2015877380.0,0.1034936549978752,45.57,47.47,45.0,47.25,0.9955555555555556,1.2029006019812996
002957,科瑞技术,2026-05-19,46.58,47.5,42.91,46.81,43132739.0,1980424745.0,0.1030211064350826,46.78,47.71,43.1,47.01,0.9957455860455224,1.1480772808544555
002957,科瑞技术,2026-05-20,46.55,47.15,45.01,46.11,28596940.0,1328133407.0,0.0683028360303683,46.75,47.36,45.21,46.31,0.9956812783416108,0.7207084973809473
002957,科瑞技术,2026-05-21,45.93,46.28,41.75,41.9,37628549.0,1664479342.0,0.0898745324642315,46.13,46.48,41.93,42.08,0.995722433460076,0.9323627707674867
002957,科瑞技术,2026-05-22,42.08,43.68,41.5,43.46,32050138.0,1370357938.0,0.0765506841139183,42.26,43.87,41.68,43.65,0.995647193585338,0.8089802468521541
002957,科瑞技术,2026-05-25,44.41,47.81,44.15,47.81,27294776.0,1270406639.0,0.0651926608096402,44.6,48.02,44.34,48.02,0.9956268221574344,0.7387390653744699
002957,科瑞技术,2026-05-26,48.34,52.59,44.57,52.59,77982681.0,3818246459.0,0.1862590288874096,48.55,52.82,44.77,52.82,0.9956455887921244,2.3112397337567074
002957,科瑞技术,2026-05-27,52.35,57.84,51.77,56.08,59541173.0,3343411341.0,0.1422121029898581,52.58,58.09,52.0,56.33,0.9955618675661282,1.4625465708984298
002957,科瑞技术,2026-05-28,55.81,61.69,55.67,61.69,40683739.0,2439388648.0,0.0971717517335526,56.05,61.96,55.91,61.96,0.9956423499031632,0.8674670465419441
002957,科瑞技术,2026-05-29,67.19,67.68,60.4,61.77,52972972.0,3333862009.0,0.1265241742842868,67.48,67.98,60.66,62.04,0.9956479690522244,1.114973962366981
002957,科瑞技术,2026-06-01,62.58,63.3,59.54,60.37,32780080.0,2009032234.0,0.0782941262002982,62.85,63.58,59.8,60.63,0.995711693880917,0.6341045894973788
002957,科瑞技术,2026-06-02,60.12,66.4,59.76,66.4,30933172.0,2003440837.0,0.0738828481304356,60.38,66.69,60.02,66.69,0.9956515219673115,0.585942877961978
002957,科瑞技术,2026-06-03,70.69,72.08,64.69,65.82,47440174.0,3236208883.0,0.1133092710609646,71.0,72.4,64.97,66.11,0.995613371653305,1.093539383796321
002957,科瑞技术,2026-06-04,65.17,65.81,63.55,64.37,31272895.0,2025608898.0,0.074694265168928,65.46,66.1,63.83,64.65,0.9956689868522814,0.7634606240217495
002957,科瑞技术,2026-06-05,64.34,65.01,58.79,59.94,38081992.0,2346812708.0,0.090957565924389,64.62,65.29,59.05,60.2,0.9956810631229236,0.974465961859954
002957,科瑞技术,2026-06-08,55.76,58.14,53.94,53.94,24979602.0,1399757548.0,0.0596629450392196,56.0,58.39,54.18,54.18,0.9955703211517164,0.6919238672403968
002957,科瑞技术,2026-06-09,55.36,55.78,53.07,55.54,27923189.0,1526462357.0,0.0666936042706661,55.6,56.02,53.3,55.78,0.9956973825743994,0.8083938114330482
002957,科瑞技术,2026-06-10,53.94,54.44,52.26,53.28,19328417.0,1036234581.0,0.0461652784206136,54.18,54.68,52.49,53.51,0.9957017379928986,0.5694950399254317
002957,科瑞技术,2026-06-11,52.77,53.49,51.01,51.64,16324047.0,852599565.0,0.0389894410238657,53.0,53.72,51.23,51.87,0.9955658376711009,0.5764706979170519
002957,科瑞技术,2026-06-12,52.78,53.96,49.78,50.13,19694052.0,1021677156.0,0.0470385854056254,53.01,54.2,50.0,50.35,0.995630585898709,0.7775773900075387
002957,科瑞技术,2026-06-15,51.03,54.74,50.53,54.66,22761718.0,1218388593.0,0.0543656031842387,51.25,54.98,50.75,54.9,0.9956284153005464,1.0513562918236512
002957,科瑞技术,2026-06-16,54.76,56.1,53.67,55.31,27316354.0,1509657946.0,0.0652441991419185,55.0,56.35,53.9,55.55,0.9956795679567958,1.2881254078802657
002957,科瑞技术,2026-06-17,56.25,58.19,55.76,57.11,37193142.0,2127328449.0,0.0888345773876577,56.5,58.44,56.0,57.36,0.9956415620641562,1.763969046765447
002957,科瑞技术,2026-06-18,58.8,62.82,56.5,60.15,51683900.0,3073322430.0,0.1234452688682758,58.8,62.82,56.5,60.15,1.0,2.0960413657264843
002957,科瑞技术,2026-06-22,61.8,62.5,55.07,57.45,46664409.0,2706230846.0,0.111456382269608,61.8,62.5,55.07,57.45,1.0,1.4706793037916128
002957,科瑞技术,2026-06-23,55.75,57.7,54.65,54.93,24452571.0,1365719541.0,0.0584041490989574,55.75,57.7,54.65,54.93,1.0,0.6586745457804026
002957,科瑞技术,2026-06-24,54.43,56.89,53.4,56.32,29332412.0,1618529106.0,0.0700594863370419,54.43,56.89,53.4,56.32,1.0,0.7829895125510825
002957,科瑞技术,2026-06-25,57.18,61.95,56.58,60.46,54054550.0,3223266582.0,0.1291074872117557,57.18,61.95,56.58,60.46,1.0,1.4275489390984886
002957,科瑞技术,2026-06-26,59.32,60.3,55.02,57.17,36465857.0,2098807148.0,0.087097481457032,59.32,60.3,55.02,57.17,1.0,0.8842872752894907
002957,科瑞技术,2026-06-29,57.12,57.55,51.86,53.45,25788734.0,1393033794.0,0.0615955297955929,57.12,57.55,51.86,53.45,1.0,0.6752045123113943
002957,科瑞技术,2026-06-30,53.85,56.48,52.5,54.84,19377745.0,1064987576.0,0.0462627790462912,53.85,56.48,52.5,54.84,1.0,0.5696182955738084
002957,科瑞技术,2026-07-01,54.96,55.69,50.88,51.33,21679984.0,1144688315.0,0.0517591860930737,54.96,55.69,50.88,51.33,1.0,0.656892383580495
002957,科瑞技术,2026-07-02,49.89,51.29,47.8,48.73,17834596.0,883301815.0,0.0425786372009679,49.89,51.29,47.8,48.73,1.0,0.5666566285521215
002957,科瑞技术,2026-07-03,48.46,49.73,47.32,48.1,15273258.0,741955388.0,0.0364636525132826,48.46,49.73,47.32,48.1,1.0,0.6303609907824645
002957,科瑞技术,2026-07-06,48.15,48.9,45.0,45.38,15449570.0,716859702.0,0.0368845829723845,48.15,48.9,45.0,45.38,1.0,0.7728315526381918
002957,科瑞技术,2026-07-07,45.23,45.93,43.65,44.46,11227658.0,502525085.0,0.026805113869613,45.23,45.93,43.65,44.46,1.0,0.6264374731358211
002957,科瑞技术,2026-07-08,44.4,45.65,42.95,44.25,14343176.0,638061648.0,0.034243157916985,44.4,45.65,42.95,44.25,1.0,0.88032678939952
002957,科瑞技术,2026-07-09,45.0,47.35,42.0,47.06,23330516.0,1041777790.0,0.0556996960556537,45.0,47.35,42.0,47.06,1.0,1.5736587253945722
002957,科瑞技术,2026-07-10,47.5,48.2,44.71,44.71,15839956.0,738799191.0,0.0378165975726781,47.5,48.2,44.71,44.71,1.0,0.9946699857925064
002957,科瑞技术,2026-07-13,44.42,46.58,41.7,41.73,17625616.0,769154175.0,0.0420797145675503,44.42,46.58,41.7,41.73,1.0,1.0989788913142688
002957,科瑞技术,2026-07-14,42.36,45.23,41.11,45.16,18534738.0,806513559.0,0.0442501688805843,42.36,45.23,41.11,45.16,1.0,1.1251323680639662
002957,科瑞技术,2026-07-15,45.91,46.0,42.12,42.22,12699435.0,553325829.0,0.0303188609106858,45.91,46.0,42.12,42.22,1.0,0.7080890066666146
002957,科瑞技术,2026-07-16,41.97,43.03,40.26,40.45,12329990.0,512376451.0,0.0294368412327121,41.97,43.03,40.26,40.45,1.0,0.7003267887618781
002957,科瑞技术,2026-07-17,40.13,40.97,36.41,36.41,16009592.0,609733358.0,0.0382215896285802,40.13,40.97,36.41,36.41,1.0,1.03918259617536
002957,科瑞技术,2026-07-20,37.35,37.79,32.77,32.77,15919996.0,553211025.0,0.0380076865169729,37.35,37.79,32.77,32.77,1.0,1.0310962248643192
002957,科瑞技术,2026-07-21,32.77,35.98,29.49,35.6,26122894.0,850750462.0,0.0623662698199242,32.77,35.98,29.49,35.6,1.0,1.730136180410482
002957,科瑞技术,2026-07-22,35.2,39.16,35.2,38.25,33836618.0,1275859422.0,0.0807821540745717,35.2,39.16,35.2,38.25,1.0,2.0363409568824653
002957,科瑞技术,2026-07-23,39.25,39.26,37.16,37.62,20237826.0,769147041.0,0.048316151988546,39.25,39.26,37.16,37.62,1.0,0.9709270153865285
002957,科瑞技术,2026-07-24,36.85,38.16,36.2,36.3,10490138.0,388263418.0,0.0250443452764552,36.85,38.16,36.2,36.3,1.0,0.4677796125437346
002957,科瑞技术,2026-07-27,36.36,38.06,36.07,37.92,11575509.0,432163597.0,0.0276355796412511,36.36,38.06,36.07,37.92,1.0,0.5429032685438785
002957,科瑞技术,2026-07-28,37.61,38.09,34.99,35.18,16410902.0,595229521.0,0.0391796843841396,37.61,38.09,34.99,35.18,1.0,0.8023871980658496
002957,科瑞技术,2026-07-29,35.12,35.69,32.64,34.16,16784649.0,569818547.0,0.0400719747347564,35.12,35.69,32.64,34.16,1.0,0.9067784394274407
002957,科瑞技术,2026-07-30,34.15,34.31,30.74,30.75,17344117.0,551723703.0,0.0414076587613277,34.15,34.31,30.74,30.75,1.0,1.1486318684066696
002957,科瑞技术,2026-07-31,32.92,33.83,32.9,33.83,9122397.0,307177106.0,0.0217789756642762,32.92,33.83,32.9,33.83,1.0,0.6282182647372303
002957,科瑞技术,2026-08-03,33.33,33.54,31.56,31.79,21044267.0,678009606.0,0.0502414638242044,33.33,33.54,31.56,31.79,1.0,1.477048263883888
002957,科瑞技术,2026-08-04,32.84,34.97,31.91,34.97,21700842.0,739767016.0,0.0518089828596917,32.84,34.97,31.91,34.97,1.0,1.3444324294158232
002957,科瑞技术,2026-08-05,34.05,38.47,34.05,38.47,8881485.0,329918021.0,0.0212038179962606,34.05,38.47,34.05,38.47,1.0,0.5163877917870673
002957,科瑞技术,2026-08-06,38.14,39.5,37.84,38.64,31454049.0,1217258915.0,0.0750939657322469,38.14,39.5,37.84,38.64,1.0,2.013881237765566
002957,科瑞技术,2026-08-07,38.63,41.5,38.0,41.31,31583862.0,1256803999.0,0.0754038836373662,38.63,41.5,38.0,41.31,1.0,1.7127343089772311
002957,科瑞技术,2026-08-10,41.0,41.75,38.44,39.21,34288656.0,1354322548.0,0.0818613577752359,41.0,41.75,38.44,39.21,1.0,1.495173070341166
002957,科瑞技术,2026-08-11,38.96,39.9,38.28,38.8,18298106.0,713807020.0,0.0436852293620138,38.96,39.9,38.28,38.8,1.0,0.7152788765416109
002957,科瑞技术,2026-08-12,39.0,42.13,38.81,40.75,26976195.0,1093994448.0,0.0644034560674974,39.0,42.13,38.81,40.75,1.0,1.0833277419097616
002957,科瑞技术,2026-08-13,42.16,42.3,39.65,39.68,24536733.0,1006494519.0,0.0585794403475143,42.16,42.3,39.65,39.68,1.0,0.8603290198766531
002957,科瑞技术,2026-08-14,40.47,41.57,39.95,41.28,20141605.0,822352061.0,0.0480864322320618,40.47,41.57,39.95,41.28,1.0,0.7422272155728943
002957,科瑞技术,2026-08-17,41.39,42.31,41.0,42.17,23321165.0,973250381.0,0.0556773713090507,41.39,42.31,41.0,42.17,1.0,0.9385432194666032
002957,科瑞技术,2026-08-18,43.41,44.68,42.9,43.78,36040655.0,1578749838.0,0.0860441118896245,43.41,44.68,42.9,43.78,1.0,1.5908645126811491
002957,科瑞技术,2026-08-19,41.65,42.08,39.4,39.4,25450903.0,1035779477.0,0.06076194634709,41.65,42.08,39.4,39.4,1.0,0.9712872636593692
002957,科瑞技术,2026-08-20,39.8,41.29,38.4,40.72,20390194.0,819492706.0,0.0486799181087899,39.8,41.29,38.4,40.72,1.0,0.7873205240012668
002957,科瑞技术,2026-08-21,40.8,43.84,39.91,42.41,23437939.0,997838000.0,0.055956159669634,40.8,43.84,39.91,42.41,1.0,0.9349406988843119
002957,科瑞技术,2026-08-24,43.16,43.3,39.86,40.86,17061576.0,699416900.0,0.0407331152654504,43.16,43.3,39.86,40.86,1.0,0.6631476395026477
002957,科瑞技术,2026-08-25,40.0,41.87,39.02,41.01,12936025.0,523555169.0,0.0308837001576963,40.0,41.87,39.02,41.01,1.0,0.5285132813668288
002957,科瑞技术,2026-08-26,41.72,42.07,39.33,40.45,12385709.0,501375849.0,0.0295698657815272,41.72,42.07,39.33,40.45,1.0,0.6237977722794942
002957,科瑞技术,2026-08-27,40.9,42.87,40.62,42.53,17653947.0,739886134.0,0.0421473525095895,40.9,42.87,40.62,42.53,1.0,1.0238749280649437
002957,科瑞技术,2026-08-28,42.29,43.83,40.73,40.8,17618389.0,743981644.0,0.0420624606969804,42.29,43.83,40.73,40.8,1.0,1.055306836296617
002957,科瑞技术,2026-08-31,40.11,41.85,40.01,41.72,14394624.0,592289055.0,0.034365985803118,40.11,41.85,40.01,41.72,1.0,0.9268240457364814
002957,科瑞技术,2026-09-01,42.4,42.42,39.05,39.37,17735747.0,704259034.0,0.0423426433097309,42.4,42.42,39.05,39.37,1.0,1.1825614005225906
002957,科瑞技术,2026-09-02,38.2,39.25,38.2,38.92,9784277.0,379182556.0,0.0233591599527555,38.2,39.25,38.2,38.92,1.0,0.6131389423747928
002957,科瑞技术,2026-09-03,39.35,40.2,38.61,39.22,10984620.0,431508291.0,0.0262248805507282,39.35,40.2,38.61,39.22,1.0,0.711559088770718
002957,科瑞技术,2026-09-04,39.69,40.49,36.9,37.2,14583676.0,560670394.0,0.0348173319687456,39.69,40.49,36.9,37.2,1.0,1.0340442819874176
002957,科瑞技术,2026-09-07,38.07,40.92,37.6,40.92,20211785.0,805040609.0,0.0482539812339435,38.07,40.92,37.6,40.92,1.0,1.4975476618210373
002957,科瑞技术,2026-09-08,41.5,42.75,40.23,41.33,22582487.0,937493477.0,,41.5,42.75,40.23,41.33,1.0,1.5404130048654092
002957,科瑞技术,2026-09-09,42.12,43.0,40.77,41.14,16446511.0,688398777.0,,42.12,43.0,40.77,41.14,1.0,1.0522824689851522
300802,矩子科技,2026-03-19,20.35,20.5,19.96,20.06,4443250.0,90716341.0,0.0228190378170709,20.54,20.69,20.15,20.25,0.9906172839506172,0.8267533879630958
300802,矩子科技,2026-03-20,20.11,20.36,19.12,19.16,6027735.0,119665476.0,0.0309564199440234,20.3,20.55,19.3,19.34,0.9906928645294726,1.180574219097493
300802,矩子科技,2026-03-23,18.41,18.71,17.2,17.39,9310585.0,168900543.0,0.0478160335821872,18.58,18.88,17.36,17.55,0.9908831908831908,1.768366887965175
300802,矩子科技,2026-03-24,17.84,17.88,17.15,17.77,6000802.0,105976740.0,0.0308181011130939,18.01,18.05,17.31,17.94,0.9905239687848384,1.0039606979164108
300802,矩子科技,2026-03-25,18.06,18.61,17.99,18.17,5530880.0,102103415.0,0.0284047397471853,18.23,18.78,18.16,18.34,0.9907306434023992,0.8948768249993917
300802,矩子科技,2026-03-26,18.16,18.3,17.53,17.71,4081955.0,73667773.0,0.020963548193908,18.33,18.47,17.69,17.87,0.9910464465584778,0.6517935281841694
300802,矩子科技,2026-03-27,17.42,17.87,17.27,17.83,3621764.0,64562616.0,0.0186001619716437,17.58,18.04,17.43,18.0,0.9905555555555554,0.5850621981673081
300802,矩子科技,2026-03-30,17.29,17.81,17.16,17.81,4289027.0,75520175.0,0.022027000351418,17.45,17.98,17.32,17.98,0.9905450500556172,0.7512487044588335
300802,矩子科技,2026-03-31,17.75,17.9,17.39,17.51,3789217.0,67330642.0,0.0194302081637592,17.91,18.07,17.55,17.67,0.990945104697227,0.8053791998683242
300802,矩子科技,2026-04-01,18.08,18.14,17.85,18.12,4311160.0,78301698.0,0.022106608364544,18.25,18.31,18.02,18.29,0.9907053034445052,1.011399558472795
300802,矩子科技,2026-04-02,18.21,18.21,17.57,17.72,3399612.0,61349352.0,0.0174324059128875,18.38,18.38,17.73,17.88,0.9910514541387024,0.8459640644214441
300802,矩子科技,2026-04-03,17.81,18.15,17.53,17.72,3571294.0,63898724.0,0.0183127505851431,17.98,18.32,17.69,17.88,0.9910514541387024,0.9199254228835729
300802,矩子科技,2026-04-07,17.63,18.0,17.63,17.95,3218564.0,58050170.0,0.0165040346088338,17.79,18.17,17.79,18.12,0.9906181015452538,0.8312273925365864
300802,矩子科技,2026-04-08,18.46,18.96,18.33,18.95,4237792.0,79926705.0,0.0217303946210295,18.63,19.14,18.5,19.13,0.9905906952430736,1.1585094178207178
300802,矩子科技,2026-04-09,18.83,19.05,18.57,18.63,3275256.0,62095042.0,0.0167947377702574,19.0,19.23,18.74,18.8,0.9909574468085104,0.8739412528973891
300802,矩子科技,2026-04-10,18.76,19.04,18.63,18.69,4170100.0,79168831.0,0.0213832860624483,18.93,19.22,18.8,18.86,0.9909862142099682,1.1778267927760333
300802,矩子科技,2026-04-13,18.62,18.81,18.47,18.55,3243656.0,60894618.0,0.0166327004475137,18.79,18.98,18.64,18.72,0.9909188034188036,0.8779448239230799
300802,矩子科技,2026-04-14,18.81,18.9,18.62,18.79,3079266.0,58250348.0,0.0157897474258102,18.98,19.08,18.79,18.96,0.9910337552742616,0.8484991872305924
300802,矩子科技,2026-04-15,18.98,18.98,18.58,18.65,2941294.0,55770336.0,0.0150822596570257,19.16,19.16,18.75,18.82,0.9909670563230604,0.8167506846302386
300802,矩子科技,2026-04-16,18.65,18.9,18.52,18.83,2739480.0,51901133.0,0.0140474052186652,18.82,19.08,18.69,19.0,0.9910526315789472,0.8197337430306414
300802,矩子科技,2026-04-17,18.84,19.25,18.74,19.09,3367140.0,64845403.0,0.0172658971804782,19.01,19.43,18.91,19.27,0.9906590555267256,1.0409244681953451
300802,矩子科技,2026-04-20,19.23,19.4,19.06,19.19,2972540.0,57702434.0,0.0152424817515336,19.41,19.58,19.24,19.37,0.9907072792978834,0.9669415508694517
300802,矩子科技,2026-04-21,19.11,19.36,18.94,19.13,2751620.0,53030694.0,0.0141096562660737,19.29,19.54,19.12,19.31,0.9906784049715174,0.911149345815684
300802,矩子科技,2026-04-22,19.05,20.07,18.95,19.57,5012379.0,98948128.0,0.0257022934726766,19.23,20.26,19.13,19.75,0.9908860759493672,1.6965725327398171
300802,矩子科技,2026-04-23,19.54,19.77,18.85,18.92,4262280.0,82229754.0,0.0218559632906291,19.72,19.95,19.03,19.1,0.9905759162303666,1.2652852116399305
300802,矩子科技,2026-04-24,18.83,19.6,18.68,19.12,7454975.0,144005883.0,0.0382273477886384,19.0,19.78,18.85,19.3,0.9906735751295336,2.029563226183833
300802,矩子科技,2026-04-27,18.74,20.01,18.68,19.9,9991182.0,196666038.0,0.0512324171621748,18.91,20.2,18.85,20.08,0.9910358565737052,2.2248315808009997
300802,矩子科技,2026-04-28,19.74,20.3,19.45,19.65,8182216.0,163447933.0,0.0419564675553925,19.92,20.49,19.63,19.83,0.9909228441754916,1.3881132865976873
300802,矩子科技,2026-04-29,19.52,19.97,19.5,19.82,5277704.0,105143131.0,0.027062817290935,19.7,20.16,19.68,20.0,0.991,0.7560523681724842
300802,矩子科技,2026-04-30,19.84,20.06,19.62,19.91,5883044.0,117938207.0,0.0301668575741518,20.02,20.25,19.8,20.09,0.991040318566451,0.8364115503035868
300802,矩子科技,2026-05-06,20.03,20.66,20.0,20.43,6461657.0,133006630.0,0.0331338481255658,20.22,20.85,20.19,20.62,0.9907856450048496,0.8782021456832306
300802,矩子科技,2026-05-07,20.43,22.03,20.34,21.86,12914225.0,278237479.0,0.0662210900097893,20.62,22.23,20.53,22.06,0.9909338168631008,1.8038741860323682
300802,矩子科技,2026-05-08,21.75,21.96,21.4,21.76,7711094.0,168906823.0,0.0395406654172392,21.95,22.16,21.6,21.96,0.9908925318761383,0.9957804527541962
300802,矩子科技,2026-05-11,21.82,22.27,21.35,22.16,8900467.0,196318604.0,0.0456394887293786,22.02,22.48,21.55,22.37,0.9906124273580688,1.163528972338328
300802,矩子科技,2026-05-12,22.05,22.09,21.63,21.68,5888560.0,129662369.0,0.0301951423169447,22.25,22.3,21.83,21.88,0.9908592321755028,0.7031874265040193
300802,矩子科技,2026-05-13,21.6,21.88,21.27,21.65,5964388.0,130193525.0,0.0305839703583689,21.8,22.08,21.47,21.85,0.9908466819221968,0.7121486737881837
300802,矩子科技,2026-05-14,21.7,22.47,21.48,21.65,7817110.0,173225034.0,0.0400842903795175,21.9,22.68,21.68,21.85,0.9908466819221968,0.9445806147669961
300802,矩子科技,2026-05-15,21.62,22.31,21.29,21.94,7696520.0,169733616.0,0.0394659333937688,21.82,22.52,21.49,22.14,0.99096657633243,1.0606638033435056
300802,矩子科技,2026-05-18,21.8,22.58,21.6,22.55,12572180.0,283398492.0,0.0644671641851736,22.0,22.79,21.8,22.76,0.9907732864674867,1.733278793461116
300802,矩子科技,2026-05-19,22.34,22.75,22.03,22.65,9984057.0,225947087.0,0.0511958818481068,22.55,22.96,22.23,22.86,0.9908136482939632,1.2499208162657438
300802,矩子科技,2026-05-20,22.43,23.85,22.37,23.1,15337893.0,359820603.0,0.078649086020533,22.64,24.07,22.58,23.31,0.9909909909909912,1.7415865216750006
300802,矩子科技,2026-05-21,23.18,23.22,21.73,21.85,13359100.0,304075081.0,0.0685023037425611,23.4,23.44,21.93,22.05,0.9909297052154196,1.2506703145760092
300802,矩子科技,2026-05-22,21.85,23.09,21.85,22.97,11203761.0,255318713.0,0.0574502353512632,22.05,23.3,22.05,23.18,0.9909404659188956,0.950280620358865
300802,矩子科技,2026-05-25,22.98,23.63,22.71,23.63,14260984.0,335478002.0,0.073126951488933,23.19,23.85,22.92,23.85,0.990775681341719,1.1416643494721033
300802,矩子科技,2026-05-26,23.43,24.07,22.58,23.09,16616030.0,389189109.0,0.085203070121154,23.65,24.29,22.79,23.3,0.9909871244635192,1.2951768701284316
300802,矩子科技,2026-05-27,22.9,23.54,22.42,22.83,13083413.0,302488603.0,0.0670886460401803,23.11,23.76,22.63,23.04,0.9908854166666666,0.9242600727392252
300802,矩子科技,2026-05-28,22.67,24.38,22.45,24.16,20619496.0,493854958.0,0.1057318964608787,22.88,24.61,22.66,24.38,0.9909762100082036,1.5045611938528112
300802,矩子科技,2026-05-29,24.0,24.0,21.95,22.16,18193245.0,416891943.0,0.0932906554373297,24.22,24.22,22.15,22.37,0.9906124273580688,1.2003404980945502
300802,矩子科技,2026-06-01,21.74,22.45,21.47,21.5,9736405.0,214700662.0,0.0499259809920272,21.94,22.66,21.67,21.7,0.9907834101382488,0.5881377525625212
300802,矩子科技,2026-06-02,21.4,21.97,21.14,21.5,10959730.0,238747283.0,0.0561989021263752,21.6,22.17,21.34,21.7,0.9907834101382488,0.7003148644635624
300802,矩子科技,2026-06-03,21.19,22.64,21.19,22.13,11735840.0,260596001.0,0.060178610561647,21.39,22.85,21.39,22.34,0.9905998209489704,0.8083392989577722
300802,矩子科技,2026-06-04,22.05,25.27,21.82,23.72,24845251.0,603627724.0,0.1274005681941277,22.25,25.5,22.02,23.94,0.9908103592314118,1.7436556979187061
300802,矩子科技,2026-06-05,23.5,24.45,23.12,24.13,25411549.0,613417275.0,0.130304410339542,23.72,24.68,23.33,24.35,0.990965092402464,1.683542494388302
300802,矩子科技,2026-06-08,23.07,24.36,23.07,23.36,18123260.0,432999332.0,0.0929317889173229,23.28,24.59,23.28,23.58,0.9906700593723496,1.095871839920231
300802,矩子科技,2026-06-09,23.84,25.0,23.38,24.85,23948992.0,584306234.0,0.1228047641167569,24.06,25.23,23.6,25.08,0.990829346092504,1.314785964148697
300802,矩子科技,2026-06-10,24.26,25.94,24.06,25.16,28790869.0,724604671.0,0.1476327636779639,24.49,26.18,24.28,25.39,0.9909413154785348,1.38331325996091
300802,矩子科技,2026-06-11,24.37,24.75,23.44,23.88,18902863.0,454390124.0,0.0969294086300739,24.6,24.98,23.66,24.1,0.9908713692946056,0.7803366631984511
300802,矩子科技,2026-06-12,24.46,25.42,22.94,23.15,20757081.0,501774506.0,0.1064373997852359,24.69,25.66,23.15,23.36,0.9910102739726028,0.9010907101127091
300802,矩子科技,2026-06-15,23.22,25.13,23.22,24.79,19671629.0,485439632.0,0.1008714587710979,23.44,25.36,23.44,25.02,0.9908073541167066,0.8899332008210232
300802,矩子科技,2026-06-16,24.47,25.42,24.37,25.17,18487352.0,464205088.0,0.0947987665411327,24.7,25.66,24.6,25.4,0.990944881889764,0.8248021525271105
300802,矩子科技,2026-06-17,24.77,26.94,24.52,26.78,32632772.0,859606205.0,0.1673331331830546,25.0,27.19,24.75,27.03,0.9907510173880874,1.530477209251525
300802,矩子科技,2026-06-18,26.23,27.82,25.65,27.72,30049114.0,809913151.0,0.1540847463094705,26.47,28.08,25.89,27.98,0.9907076483202288,1.3602830384760862
300802,矩子科技,2026-06-22,27.25,27.47,25.56,26.61,23170188.0,618899682.0,0.1188112414869449,27.5,27.73,25.8,26.86,0.990692479523455,0.9527376235000281
300802,矩子科技,2026-06-23,26.06,26.06,24.79,25.58,14292753.0,367428571.0,0.0732898554036875,26.3,26.3,25.02,25.82,0.9907048799380324,0.5762693092160212
300802,矩子科技,2026-06-24,25.13,26.04,24.28,26.04,14594946.0,370658693.0,0.0748394296021646,25.36,26.28,24.51,26.28,0.9908675799086756,0.615134364176182
300802,矩子科技,2026-06-25,25.76,25.83,24.55,24.56,13205191.0,335375288.0,0.067713094808822,26.0,26.07,24.78,24.79,0.990722065348931,0.5754408717542085
300802,矩子科技,2026-06-26,24.57,24.73,22.74,22.8,15939572.0,376125016.0,0.0817343535620231,24.8,24.96,22.95,23.01,0.9908735332464146,0.836176970937779
300802,矩子科技,2026-06-29,22.76,23.17,20.91,21.45,13558364.0,298862030.0,0.0695240823843078,22.97,23.39,21.1,21.65,0.9907621247113164,0.8348473849067733
300802,矩子科技,2026-06-30,21.4,23.26,21.2,22.97,13193484.0,300185014.0,0.066170298465948,21.6,23.48,21.4,23.18,0.9909404659188956,0.9214507456583892
300802,矩子科技,2026-07-01,22.99,24.63,22.98,23.81,13496660.0,324392532.0,0.0676908404552901,23.2,24.86,23.19,24.03,0.9908447773616312,0.9573245771830519
300802,矩子科技,2026-07-02,23.13,24.4,22.55,23.27,10746101.0,256628585.0,0.0538957496378684,23.34,24.63,22.76,23.49,0.990634312473393,0.7742898443279898
300802,矩子科技,2026-07-03,23.1,24.54,22.9,23.78,10469180.0,250181495.0,0.0525068863761637,23.31,24.77,23.11,24.0,0.9908333333333332,0.7820503548104967
300802,矩子科技,2026-07-06,23.76,24.97,23.27,23.99,12087319.0,295026715.0,0.0606224637770527,23.98,25.2,23.49,24.21,0.9909128459314333,0.9832878184584422
300802,矩子科技,2026-07-07,23.79,23.84,22.03,22.44,11020500.0,253952099.0,0.0552719641183466,24.01,24.06,22.23,22.65,0.990728476821192,0.9184860755827404
300802,矩子科技,2026-07-08,22.33,22.58,20.87,21.28,9590580.0,208561239.0,0.0481003759932973,22.54,22.79,21.06,21.48,0.9906890130353818,0.8293514189612686
300802,矩子科技,2026-07-09,21.2,21.66,20.23,21.64,9057224.0,191855829.0,0.0454253944866229,21.4,21.86,20.42,21.84,0.9908424908424908,0.8399745667518893
300802,矩子科技,2026-07-10,21.5,22.24,20.97,20.97,10662520.0,233458540.0,0.0534765593984985,21.7,22.45,21.16,21.16,0.9910207939508506,1.0208291259614708
300802,矩子科技,2026-07-13,20.82,20.96,18.41,18.5,10546847.0,206516449.0,0.0528964156749414,21.01,21.15,18.58,18.67,0.9908944831280128,1.0060302021763725
300802,矩子科技,2026-07-14,18.59,18.83,17.83,18.55,8319960.0,154250663.0,0.0417277374516654,18.76,19.0,18.0,18.72,0.9909188034188036,0.8176435591951526
300802,矩子科技,2026-07-15,18.5,18.98,17.67,17.8,6985420.0,126095195.0,0.0350345160012323,18.5,18.98,17.67,17.8,1.0,0.7249726016271082
300802,矩子科技,2026-07-16,17.53,17.85,17.07,17.15,6976118.0,121353256.0,0.0349878629627832,17.53,17.85,17.07,17.15,1.0,0.7653956858701592
300802,矩子科技,2026-07-17,17.14,17.28,15.91,16.05,8076728.0,133948080.0,0.0405078372314909,17.14,17.28,15.91,16.05,1.0,0.9285545366825884
300802,矩子科技,2026-07-20,16.4,16.8,15.66,15.9,8776118.0,142560783.0,0.0433689030812188,16.4,16.8,15.66,15.9,1.0,1.072742004396374
300802,矩子科技,2026-07-21,16.34,16.76,15.24,16.76,10299548.0,166636687.0,0.0508972303007276,16.34,16.76,15.24,16.76,1.0,1.3159218920342706
300802,矩子科技,2026-07-22,16.51,18.09,16.46,17.4,12584100.0,219223167.0,0.0621867907045422,16.51,18.09,16.46,17.4,1.0,1.5303936388278307
300802,矩子科技,2026-07-23,17.3,17.75,17.0,17.7,7627093.0,132371877.0,0.0376907713761873,17.3,17.75,17.0,17.7,1.0,0.8163847699203803
300802,矩子科技,2026-07-24,17.42,19.36,17.22,18.93,14589453.0,272875817.0,0.0720966346583987,17.42,19.36,17.22,18.93,1.0,1.5401549929062592
300802,矩子科技,2026-07-27,18.89,22.72,18.6,22.72,20318410.0,429813477.0,0.1004073958502457,18.89,22.72,18.6,22.72,1.0,1.8856533832531075
300802,矩子科技,2026-07-28,22.4,23.47,22.01,22.57,20693816.0,472507992.0,0.1022625380019474,22.4,23.47,22.01,22.57,1.0,1.5816461017725172
300802,矩子科技,2026-07-29,22.12,22.38,20.39,22.07,19597040.0,418021105.0,0.0968426049466026,22.12,22.38,20.39,22.07,1.0,1.2924612590853966
300802,矩子科技,2026-07-30,21.3,22.12,20.38,20.4,11866917.0,248705103.0,0.0586426906800783,21.3,22.12,20.38,20.4,1.0,0.7163779450782807
300802,矩子科技,2026-07-31,21.58,21.77,20.37,20.45,12706394.0,265763386.0,0.0627911304175468,21.58,21.77,20.37,20.45,1.0,0.7297020146961312
300802,矩子科技,2026-08-03,20.4,20.84,19.52,19.8,11052940.0,222169951.0,0.0546202641785954,20.4,20.84,19.52,19.8,1.0,0.6487793859535385
300802,矩子科技,2026-08-04,19.98,20.68,19.71,20.57,9078982.0,183704936.0,0.044865564755867,19.98,20.68,19.71,20.57,1.0,0.5979536338232699
300802,矩子科技,2026-08-05,20.55,21.42,20.4,21.25,11884004.0,250465589.0,0.0587271294315797,20.55,21.42,20.4,21.25,1.0,0.9240733993960059
300802,矩子科技,2026-08-06,20.9,21.89,20.65,21.58,10671350.0,229027069.0,0.0527345625817433,20.9,21.89,20.65,21.58,1.0,0.9428780600098919
300802,矩子科技,2026-08-07,21.45,22.6,21.12,22.57,12404768.0,269769309.0,0.0613005865619633,21.45,22.6,21.12,22.57,1.0,1.1196918348251705
300802,矩子科技,2026-08-10,22.57,23.3,21.45,23.13,13325232.0,296719491.0,0.0658492393952264,22.57,23.3,21.45,23.13,1.0,1.2093608289429232
300802,矩子科技,2026-08-11,22.57,22.99,22.26,22.48,8195820.0,185495271.0,0.0405012470492209,22.57,22.99,22.26,22.48,1.0,0.7143654552194242
300802,矩子科技,2026-08-12,22.7,23.1,22.24,22.92,7529300.0,170818229.0,0.0372075081453349,22.7,23.1,22.24,22.92,1.0,0.6665318252768613
300802,矩子科技,2026-08-13,22.84,23.44,22.49,22.49,7886768.0,180894294.0,0.0389740061626402,22.84,23.44,22.49,22.49,1.0,0.7565031739152872
300802,矩子科技,2026-08-14,22.49,23.88,22.49,23.18,9355562.0,217697056.0,0.046232338905235,22.49,23.88,22.49,23.18,1.0,0.948034457051988
300802,矩子科技,2026-08-17,23.25,24.02,22.69,23.94,9763869.0,228680826.0,0.0482500677815313,23.25,24.02,22.69,23.94,1.0,1.0545801818092977
300802,矩子科技,2026-08-18,23.71,23.77,22.8,23.16,7318222.0,169645345.0,0.0361644249364973,23.71,23.77,22.8,23.16,1.0,0.8563065886171217
300802,矩子科技,2026-08-19,22.65,23.09,21.8,21.95,6144444.0,137534164.0,0.0303639714420403,22.65,23.09,21.8,21.95,1.0,0.7340379604480088
300802,矩子科技,2026-08-20,22.03,22.6,21.99,22.35,4767492.0,106203960.0,0.0235594939002057,22.03,22.6,21.99,22.35,1.0,0.589032086765962
300802,矩子科技,2026-08-21,22.06,23.77,21.73,23.6,9024000.0,205751610.0,0.0445938604523,22.06,23.77,21.73,23.6,1.0,1.2080454218652847
300802,矩子科技,2026-08-24,23.48,23.85,22.94,23.54,8056098.0,188528074.0,0.0398107834665396,23.48,23.85,22.94,23.54,1.0,1.088131736464507
300802,矩子科技,2026-08-25,23.35,23.94,22.5,23.47,8433736.0,197714047.0,0.0416769554826617,23.35,23.94,22.5,23.47,1.0,1.1942331995553925
300802,矩子科技,2026-08-26,23.47,23.58,22.51,23.0,5748279.0,131752318.0,0.0284062446328553,23.47,23.58,22.51,23.0,1.0,0.7890401493228558
300802,矩子科技,2026-08-27,23.4,23.55,22.92,23.3,8118439.0,189120911.0,0.0401188537075033,23.4,23.55,22.92,23.3,1.0,1.1266344718461387
300802,矩子科技,2026-08-28,23.15,24.47,23.15,23.48,9276320.0,221095367.0,0.0458407490681382,23.15,24.47,23.15,23.48,1.0,1.1777793262014205
300802,矩子科技,2026-08-31,23.02,24.8,22.82,24.63,11345730.0,272158710.0,0.056067143212486,23.02,24.8,22.82,24.63,1.0,1.4313534986815994
300802,矩子科技,2026-09-01,24.61,24.63,23.57,23.58,7352000.0,175835797.0,0.0363313455280707,24.61,24.63,23.57,23.58,1.0,0.856427201917204
300802,矩子科技,2026-09-02,23.3,23.41,22.91,22.91,5141162.0,118815167.0,0.0254060572684693,23.3,23.41,22.91,22.91,1.0,0.6143723270089115
300802,矩子科技,2026-09-03,23.46,25.36,23.46,24.68,15487752.0,381666440.0,0.0765357548102649,23.46,25.36,23.46,24.68,1.0,1.8780476169815765
300802,矩子科技,2026-09-04,24.86,25.19,23.32,23.45,10500258.0,254955786.0,0.0518890780103221,24.86,25.19,23.32,23.45,1.0,1.080207577463794
300802,矩子科技,2026-09-07,23.6,26.26,23.36,25.5,16673768.0,421930494.0,0.0823966847746039,23.6,26.26,23.36,25.5,1.0,1.6731692449994182
300802,矩子科技,2026-09-08,25.76,26.16,24.98,25.14,11873581.0,302277271.0,,25.76,26.16,24.98,25.14,1.0,1.0763841824503844
300802,矩子科技,2026-09-09,25.15,25.49,24.6,24.64,9032200.0,225309397.0,,25.15,25.49,24.6,24.64,1.0,0.7567632838382117
301183,东田微,2026-03-19,139.88,142.86,139.28,139.9,2115901.0,298274938.0,0.0360466178853832,140.0,142.98,139.39,140.02,0.9991429795743464,0.5513225585898823
301183,东田微,2026-03-20,142.76,154.87,142.76,146.62,7981145.0,1199477231.0,0.1359672707290357,142.88,155.0,142.88,146.74,0.999182227068284,2.5109722870587263
301183,东田微,2026-03-23,142.97,145.64,133.88,135.56,5609655.0,783357001.0,0.0955664231236857,143.09,145.76,133.99,135.67,0.9991892091103414,1.3335790027268017
301183,东田微,2026-03-24,139.39,162.67,134.94,157.87,10969626.0,1643826316.0,0.1868792144658779,139.5,162.8,135.05,158.0,0.9991772151898736,2.409652734576818
301183,东田微,2026-03-25,160.15,161.17,153.67,155.87,9292048.0,1452547012.0,0.1582998938176408,160.28,161.3,153.8,156.0,0.9991666666666666,1.6049535394949874
301183,东田微,2026-03-26,151.37,166.86,150.98,158.14,8802771.0,1401691799.0,0.149964541143245,151.49,167.0,151.1,158.27,0.9991786188159472,1.2236820540266276
301183,东田微,2026-03-27,151.1,162.57,148.88,159.66,7505582.0,1183564071.0,0.1278655505911717,151.22,162.7,149.0,159.79,0.9991864321922524,0.8797959078654922
301183,东田微,2026-03-30,159.88,167.75,158.52,162.86,8098851.0,1327463943.0,0.1379725172905794,160.01,167.89,158.65,162.99,0.9992024050555248,0.960041732889309
301183,东田微,2026-03-31,156.91,163.81,153.4,159.87,7009867.0,1111766355.0,0.1194205197579462,157.04,163.94,153.53,160.0,0.9991875,0.7846477585579831
301183,东田微,2026-04-01,162.62,163.26,153.87,158.47,6470791.0,1023039597.0,0.1102367882964171,162.75,163.39,154.0,158.6,0.9991803278688524,0.794759400221852
301183,东田微,2026-04-02,155.2,166.85,155.15,159.99,7589015.0,1235640730.0,0.1292869202441144,155.33,166.99,155.28,160.12,0.9991881089183112,1.00151006145451
301183,东田微,2026-04-03,162.85,174.46,160.46,170.26,11677176.0,1965857165.0,0.1989330792189088,162.98,174.6,160.59,170.4,0.9991784037558684,1.592019175600354
301183,东田微,2026-04-07,167.36,176.35,160.47,173.94,12922646.0,2168857998.0,0.2201509817472919,167.5,176.5,160.6,174.08,0.9991957720588236,1.5818857309337335
301183,东田微,2026-04-08,179.73,194.94,172.91,191.12,14686691.0,2712762040.0,0.2502033594566559,179.88,195.1,173.05,191.28,0.999163529903806,1.607932275143397
301183,东田微,2026-04-09,188.54,196.84,185.85,195.74,10383444.0,1999469075.0,0.1768929823286986,188.7,197.0,186.0,195.9,0.9991832567636548,0.9732109163895638
301183,东田微,2026-04-10,193.84,194.55,184.98,186.18,10145986.0,1912325464.0,0.1728476334254053,194.0,194.71,185.13,186.33,0.999194976654323,0.8859734680531812
301183,东田微,2026-04-13,183.24,193.83,182.45,191.07,7686301.0,1450170766.0,0.1309442904460272,183.39,193.99,182.6,191.23,0.999163311195942,0.6424960148166519
301183,东田微,2026-04-14,188.84,201.43,185.35,192.84,8834754.0,1717440900.0,0.1505094054728276,189.0,201.6,185.5,193.0,0.9991709844559584,0.7912891391372779
301183,东田微,2026-04-15,193.82,195.72,184.3,186.45,6741984.0,1270945889.0,0.1148568487076512,193.98,195.88,184.45,186.6,0.9991961414790996,0.6515608814829785
301183,东田微,2026-04-16,185.09,189.53,183.56,186.23,5731205.0,1069185282.0,0.097637156302586,185.24,189.69,183.71,186.38,0.9991951926172336,0.6543596571364816
301183,东田微,2026-04-17,188.84,201.83,185.85,198.96,10996862.0,2151509850.0,0.1873432086152858,189.0,202.0,186.0,199.12,0.9991964644435516,1.4048029354962912
301183,东田微,2026-04-20,199.84,200.33,190.84,193.03,7961686.0,1552537006.0,0.1356357660237439,200.0,200.5,191.0,193.19,0.9991717997825976,0.9954320843239494
301183,东田微,2026-04-21,189.17,207.85,184.86,205.73,10376334.0,2024802260.0,0.1767718559370739,189.33,208.02,185.01,205.9,0.99917435648373,1.2884576905397591
301183,东田微,2026-04-22,202.76,217.6,201.83,213.89,9868641.0,2087549601.0,0.1681227671687034,202.93,217.78,202.0,214.07,0.9991591535479049,1.1802315634222875
301183,东田微,2026-04-23,216.11,216.82,187.85,189.83,12452898.0,2445002495.0,0.2121483263024375,216.29,217.0,188.0,189.99,0.9991578504131796,1.3856652253464181
301183,东田微,2026-04-24,187.85,190.53,178.95,184.85,7289428.0,1343627708.0,0.124183137925174,188.0,190.69,179.1,185.0,0.9991891891891892,0.705568432625249
301183,东田微,2026-04-27,182.77,186.81,179.78,184.96,6052337.0,1111506733.0,0.1031079805494524,182.92,186.96,179.93,185.11,0.9991896710064284,0.6311225094286141
301183,东田微,2026-04-28,183.11,192.06,177.74,177.98,6462628.0,1197447912.0,0.1100977229328682,183.26,192.22,177.89,178.13,0.9991579183742212,0.7018547800050036
301183,东田微,2026-04-29,176.73,181.8,174.87,177.04,4801811.0,858572089.0,0.0818039436981362,176.88,181.95,175.01,177.19,0.9991534510976916,0.5699352835683256
301183,东田微,2026-04-30,179.5,185.69,175.36,180.84,5797869.0,1047370952.0,0.098772848253538,179.65,185.84,175.5,180.99,0.999171224929554,0.7822462886445548
301183,东田微,2026-05-06,183.19,195.71,179.93,192.59,8391206.0,1590671832.0,0.1429530948184889,183.34,195.87,180.08,192.75,0.9991699092088198,1.3799476800361583
301183,东田微,2026-05-07,191.43,203.83,186.85,200.17,7512690.0,1479322420.0,0.127986642910675,191.59,204.0,187.0,200.33,0.9992013178255876,1.1922690169518035
301183,东田微,2026-05-08,195.84,240.2,193.19,240.2,13660039.0,2910978363.0,0.2327132536599932,196.0,240.4,193.35,240.4,0.9991680532445922,2.071824678388813
301183,东田微,2026-05-11,243.8,244.35,227.44,229.99,11978643.0,2796326671.0,0.2040688893319779,244.0,244.55,227.63,230.18,0.9991745590407508,1.4912306822978958
301183,东田微,2026-05-12,233.8,270.61,222.84,253.77,15122299.0,3674923340.0,0.2576244037889834,233.99,270.83,223.02,253.98,0.9991731632412002,1.5971859116581641
301183,东田微,2026-05-13,249.93,275.27,242.8,265.78,11691977.0,3096014870.0,0.1991852299534288,250.14,275.5,243.0,266.0,0.9991729323308268,1.0316776122182352
301183,东田微,2026-05-14,272.21,288.64,264.36,265.92,10600808.0,2935419731.0,0.1805960086281514,272.43,288.88,264.58,266.14,0.9991733674006164,0.8839067327347151
301183,东田微,2026-05-15,268.78,283.27,257.81,261.72,9672837.0,2600772226.0,0.1647870383380873,269.0,283.5,258.02,261.94,0.999160113002978,0.7670308701307389
301183,东田微,2026-05-18,264.53,267.38,249.42,251.09,8153962.0,2080682864.0,0.1389113916321868,264.75,267.6,249.63,251.3,0.9991643454038996,0.690235003343008
301183,东田微,2026-05-19,248.59,250.59,235.31,247.7,6557378.0,1602946345.0,0.1117118896848287,248.79,250.8,235.5,247.9,0.99919322307382,0.5935150689921269
301183,东田微,2026-05-20,247.8,253.91,243.48,250.29,7605512.0,1895233403.0,0.129567964137593,248.0,254.12,243.68,250.5,0.9991616766467064,0.8146965520163887
301183,东田微,2026-05-21,254.79,265.6,237.8,242.28,11038260.0,2802523608.0,0.1880484674564221,255.0,265.82,238.0,242.48,0.9991751897063677,1.2958594965444992
301183,东田微,2026-05-22,243.8,252.49,236.17,248.58,9025835.0,2207879893.0,0.1537646729887261,244.0,252.7,236.36,248.78,0.9991960768550529,1.0488339799789201
301183,东田微,2026-05-25,248.55,262.78,242.63,261.16,9749585.0,2468649847.0,0.1660945219252056,248.75,263.0,242.83,261.38,0.9991583135664552,1.1502320842429499
301183,东田微,2026-05-26,255.79,255.79,240.91,244.75,7302792.0,1817141509.0,0.1244108078404585,256.0,256.0,241.11,244.95,0.9991835068381304,0.8303048646131338
301183,东田微,2026-05-27,239.81,258.59,236.68,249.84,7587809.0,1885587066.0,0.1292663747549021,240.01,258.8,236.88,250.05,0.9991601679664068,0.8483309908612283
301183,东田微,2026-05-28,246.8,271.78,244.24,269.08,9893385.0,2581801352.0,0.1685443074548302,247.0,272.0,244.44,269.3,0.9991830672112884,1.1065366424302854
301183,东田微,2026-05-29,268.77,276.65,252.28,256.69,8280330.0,2196430423.0,0.141064204551572,268.99,276.88,252.49,256.9,0.999182561307902,0.9504640628019584
301183,东田微,2026-06-01,251.79,254.68,217.82,218.43,8306753.0,1925602514.0,0.1415143483836253,252.0,254.89,218.0,218.61,0.9991766158913132,0.9700999915891805
301183,东田微,2026-06-02,220.01,229.85,213.54,226.83,5509163.0,1231328690.0,0.0938544353111472,220.01,229.85,213.54,226.83,1.0,0.6658231383868761
301183,东田微,2026-06-03,233.64,238.49,218.5,220.6,11014423.0,2530220265.0,0.1876423788773563,233.64,238.49,218.5,220.6,1.0,1.391502709624473
301183,东田微,2026-06-04,217.55,230.0,214.1,225.9,7672747.0,1695925783.0,0.1307133836792085,217.55,230.0,214.1,225.9,1.0,0.8920957777608594
301183,东田微,2026-06-05,220.43,227.19,211.0,213.5,7484752.0,1638553080.0,0.127510689446651,220.43,227.19,211.0,213.5,1.0,0.9176220059643851
301183,东田微,2026-06-08,200.49,206.1,193.25,195.97,5819555.0,1161920612.0,0.0991422922660236,200.49,206.1,193.25,195.97,1.0,0.7276656217322878
301183,东田微,2026-06-09,199.0,211.89,196.05,210.79,6508882.0,1344479959.0,0.1108857088847962,199.0,211.89,196.05,210.79,1.0,0.8678361222635134
301183,东田微,2026-06-10,207.0,209.69,199.26,202.14,3918519.0,798214273.0,0.0667561275643871,207.0,209.69,199.26,202.14,1.0,0.5088938261588678
301183,东田微,2026-06-11,204.88,234.0,204.3,226.83,10841556.0,2421054026.0,0.1846974061711699,204.88,234.0,204.3,226.83,1.0,1.7261175205874453
301183,东田微,2026-06-12,229.76,235.96,221.28,221.29,7330972.0,1673310042.0,0.1248908840311735,229.76,235.96,221.28,221.29,1.0,1.0602082580343009
301183,东田微,2026-06-15,223.79,238.0,221.99,237.02,7497240.0,1741064590.0,0.1277234357727563,223.79,238.0,221.99,237.02,1.0,1.0890982560923923
301183,东田微,2026-06-16,236.0,258.88,234.68,253.9,9560415.0,2363816894.0,0.1628718103213178,236.0,258.88,234.68,253.9,1.0,1.324261052161736
301183,东田微,2026-06-17,245.0,260.0,243.0,256.0,8355137.0,2100467764.0,0.1423386211448587,245.0,260.0,243.0,256.0,1.0,1.0671026845283402
301183,东田微,2026-06-18,253.01,264.58,250.13,262.36,7107933.0,1834125696.0,0.1210911780872101,253.01,264.58,250.13,262.36,1.0,0.8154044756353744
301183,东田微,2026-06-22,262.34,264.29,244.9,250.02,7559174.0,1925506709.0,0.1287785471565656,262.34,264.29,244.9,250.02,1.0,0.9484130625604225
301183,东田微,2026-06-23,251.13,261.5,245.0,248.61,5196903.0,1304768874.0,0.0885347549948707,251.13,261.5,245.0,248.61,1.0,0.6483178762501373
301183,东田微,2026-06-24,246.13,262.88,244.5,258.9,7043601.0,1813562747.0,0.1199952142298262,246.13,262.88,244.5,258.9,1.0,0.9321972816942663
301183,东田微,2026-06-25,261.0,268.58,252.0,260.05,7745373.0,2024241477.0,0.1319506446240938,261.0,268.58,252.0,260.05,1.0,1.098237295629938
301183,东田微,2026-06-26,254.0,264.69,243.69,243.7,6346637.0,1601810604.0,0.1081216932154365,254.0,264.69,243.69,243.7,1.0,0.9157417727720072
301183,东田微,2026-06-29,243.79,247.17,220.0,237.67,6587735.0,1530483535.0,0.1122290533797023,243.79,247.17,220.0,237.67,1.0,0.9718806274860078
301183,东田微,2026-06-30,237.67,268.9,232.14,264.87,9032305.0,2339889498.0,0.1538734230763976,237.67,268.9,232.14,264.87,1.0,1.3718463976381223
301183,东田微,2026-07-01,262.0,266.23,248.0,250.99,5840388.0,1494359027.0,0.099496251915133,262.0,266.23,248.0,250.99,1.0,0.7944884447836333
301183,东田微,2026-07-02,247.45,248.49,227.32,227.55,5461279.0,1302827752.0,0.0930377898117087,247.45,248.49,227.32,227.55,1.0,0.7680597038099047
301183,东田微,2026-07-03,227.48,235.0,225.11,226.24,3969473.0,908271446.0,0.0676235355559115,227.48,235.0,225.11,226.24,1.0,0.5965840980843531
301183,东田微,2026-07-06,226.69,226.88,207.2,210.95,4185556.0,901103003.0,0.0713047034171182,226.69,226.88,207.2,210.95,1.0,0.6774678079633086
301183,东田微,2026-07-07,209.9,212.71,200.0,204.96,2725306.0,561671002.0,0.0464280339460021,209.9,212.71,200.0,204.96,1.0,0.47830845314653186
301183,东田微,2026-07-08,208.3,237.86,208.3,221.39,6932672.0,1540437944.0,0.1181042902897871,208.3,237.86,208.3,221.39,1.0,1.5626795092706238
301183,东田微,2026-07-09,225.8,228.8,208.98,224.98,5561877.0,1212279895.0,0.0947515670385228,225.8,228.8,208.98,224.98,1.0,1.1948544844726923
301183,东田微,2026-07-10,228.0,241.9,221.04,222.3,5550897.0,1283683810.0,0.0945645128828694,228.0,241.9,221.04,222.3,1.0,1.1873635394297573
301183,东田微,2026-07-13,217.69,223.0,201.01,202.29,4450600.0,937029470.0,0.0758199658607426,217.69,223.0,201.01,202.29,1.0,0.8916783684509745
301183,东田微,2026-07-14,204.95,214.68,198.0,212.3,4347200.0,898929933.0,0.0740584540488519,204.95,214.68,198.0,212.3,1.0,0.8618094700077933
301183,东田微,2026-07-15,212.32,221.0,201.12,202.5,3623910.0,762759354.0,0.0617365596733932,212.32,221.0,201.12,202.5,1.0,0.6750133720787717
301183,东田微,2026-07-16,198.68,205.5,187.55,199.0,4421002.0,880754010.0,0.0753157373635633,198.68,205.5,187.55,199.0,1.0,0.93926044862509
301183,东田微,2026-07-17,194.16,198.48,165.0,165.07,5557221.0,984711072.0,0.0946722478992949,194.16,198.48,165.0,165.07,1.0,1.2408051332860193
301183,东田微,2026-07-20,181.0,184.89,160.88,166.1,5992305.0,1039071181.0,0.1020842943709067,181.0,184.89,160.88,166.1,1.0,1.3375720811307785
301183,东田微,2026-07-21,172.82,184.98,142.0,182.33,7621925.0,1253278632.0,0.1298463338186179,172.82,184.98,142.0,182.33,1.0,1.5917718328211297
301183,东田微,2026-07-22,181.0,194.9,179.23,183.0,6484363.0,1220213190.0,0.1104669440724088,181.0,194.9,179.23,183.0,1.0,1.1912618522908445
301183,东田微,2026-07-23,184.61,191.9,179.58,181.22,4323938.0,800794683.0,0.0736621649988693,184.61,191.9,179.58,181.22,1.0,0.7188157815641123
301183,东田微,2026-07-24,175.8,187.3,173.24,180.5,3199067.0,579058011.0,0.054498977829108,175.8,187.3,173.24,180.5,1.0,0.5335379358708504
301183,东田微,2026-07-27,178.11,184.36,175.01,182.18,3449686.0,618360936.0,0.0587684974498453,178.11,184.36,175.01,182.18,1.0,0.6244544577037143
301183,东田微,2026-07-28,174.7,178.94,161.01,162.3,4174900.0,707862806.0,0.0711231688922874,174.7,178.94,161.01,162.3,1.0,0.8323504716838752
301183,东田微,2026-07-29,162.0,164.0,146.8,155.55,4988956.0,769952756.0,0.0849913435493522,162.0,164.0,146.8,155.55,1.0,1.153145018707048
301183,东田微,2026-07-30,152.62,154.95,133.0,135.0,5984496.0,846774834.0,0.1019512610465444,152.62,154.95,133.0,135.0,1.0,1.4859787033000247
301183,东田微,2026-07-31,147.0,152.01,143.66,143.66,5097256.0,752060621.0,0.0868363312594853,147.0,152.01,143.66,143.66,1.0,1.1692506871898813
301183,东田微,2026-08-03,143.12,147.73,139.78,142.33,3817588.0,545835989.0,0.065036038248861,143.12,147.73,139.78,142.33,1.0,0.8055582682367225
301183,东田微,2026-08-04,146.0,162.7,143.7,160.59,6400474.0,986102946.0,0.1090378196586012,146.0,162.7,143.7,160.59,1.0,1.3299301555786687
301183,东田微,2026-08-05,148.9,163.78,148.0,161.45,6685795.0,1050893233.0,0.1138985189978708,148.9,163.78,148.0,161.45,1.0,1.2716066594214945
301183,东田微,2026-08-06,158.0,168.88,157.01,164.3,4785412.0,781163630.0,0.081523788808158,158.0,168.88,157.01,164.3,1.0,0.8549772849324094
301183,东田微,2026-08-07,166.8,171.43,163.05,170.16,5072972.0,852572232.0,0.086422631522155,166.8,171.43,163.05,170.16,1.0,0.9469261130363121
301183,东田微,2026-08-10,188.88,190.86,175.01,179.91,8084512.0,1469672321.0,0.1377269185819359,188.88,190.86,175.01,179.91,1.0,1.5104325530885099
301183,东田微,2026-08-11,178.31,197.0,172.81,191.3,8255276.0,1533059361.0,0.1406360365997861,178.31,197.0,172.81,191.3,1.0,1.3302446263056062
301183,东田微,2026-08-12,189.17,206.0,188.62,200.69,8613642.0,1704379445.0,0.1467411230792834,189.17,206.0,188.62,200.69,1.0,1.3097023847518152
301183,东田微,2026-08-13,205.0,208.51,196.91,196.93,7984930.0,1616255137.0,0.1360304498270839,205.0,208.51,196.91,196.93,1.0,1.146870714637278
301183,东田微,2026-08-14,198.51,206.8,195.88,205.4,6490081.0,1314077393.0,0.1105643553348884,198.51,206.8,195.88,205.4,1.0,0.8537034429627459
301183,东田微,2026-08-17,204.26,217.11,204.21,215.69,5784148.0,1222145045.0,0.0985381530340814,204.26,217.11,204.21,215.69,1.0,0.7334994553804448
301183,东田微,2026-08-18,216.83,218.46,211.67,217.53,4766851.0,1027743184.0,0.0812075855127953,216.83,218.46,211.67,217.53,1.0,0.6419469287353611
301183,东田微,2026-08-19,214.68,218.37,204.69,205.38,5575016.0,1181368338.0,0.0949754016970956,214.68,218.37,204.69,205.38,1.0,0.8286375851926173
301183,东田微,2026-08-20,209.48,229.8,202.02,225.38,8232232.0,1792201320.0,0.1402434613754804,209.48,229.8,202.02,225.38,1.0,1.3450908476075278
301183,东田微,2026-08-21,227.23,268.88,226.55,242.41,11581632.0,2898747224.0,0.197303496798563,227.23,268.88,226.55,242.41,1.0,1.877189583824446
301183,东田微,2026-08-24,243.37,254.0,231.31,235.19,8511726.0,2060476390.0,0.1450048925394318,243.37,254.0,231.31,235.19,1.0,1.1841617496820176
301183,东田微,2026-08-25,235.21,239.88,226.0,233.35,4941136.0,1154137787.0,0.0841766869260968,235.21,239.88,226.0,233.35,1.0,0.6389269405536547
301183,东田微,2026-08-26,234.87,236.0,222.78,225.71,4399616.0,1000174786.0,0.0749514076574792,234.87,236.0,222.78,225.71,1.0,0.5663515297537376
301183,东田微,2026-08-27,232.52,238.68,223.82,236.0,5702004.0,1323534732.0,0.0971387562615867,232.52,238.68,223.82,236.0,1.0,0.7569097100005092
301183,东田微,2026-08-28,234.8,240.0,230.5,230.9,3887383.0,912584483.0,0.0662250587218872,234.8,240.0,230.5,230.9,1.0,0.5531890919980508
301183,东田微,2026-08-31,230.01,235.0,226.51,229.68,3115805.0,715695685.0,0.053080534923096,230.01,235.0,226.51,229.68,1.0,0.5677101392343414
301183,东田微,2026-09-01,228.0,230.68,219.99,224.5,3077429.0,690162727.0,0.0524267653167796,228.0,230.68,219.99,224.5,1.0,0.6979580915201454
301183,东田微,2026-09-02,220.41,227.0,217.7,220.88,2620001.0,579998809.0,0.0446340687491824,220.41,227.0,217.7,220.88,1.0,0.649085876852997
301183,东田微,2026-09-03,225.01,228.36,216.0,218.56,2407600.0,531699595.0,0.0410156270629407,225.01,228.36,216.0,218.56,1.0,0.6541459146419462
301183,东田微,2026-09-04,222.21,227.77,209.89,212.14,3214753.0,700104151.0,0.0547662029188693,222.21,227.77,209.89,212.14,1.0,1.063908728349035
301183,东田微,2026-09-07,215.88,246.98,214.24,242.75,6614275.0,1540575544.0,0.1126801116014837,215.88,246.98,214.24,242.75,1.0,2.29096140732196
301183,东田微,2026-09-08,242.87,244.99,234.8,235.69,3657299.0,876716085.0,,242.87,244.99,234.8,235.69,1.0,1.0196518267087125
301183,东田微,2026-09-09,238.69,241.85,232.58,234.0,3507174.0,831531178.0,,238.69,241.85,232.58,234.0,1.0,0.9471717725163455
301630,同宇新材,2026-03-19,134.89,134.89,129.28,129.9,970294.0,179896853.0,0.0970294,189.89,189.89,182.0,182.86,0.7103795253199169,1.0730178628775768
301630,同宇新材,2026-03-20,131.33,132.91,126.91,126.91,972000.0,177914008.0,0.0972,184.88,187.1,178.66,178.66,0.7103436695399082,1.0408209550238994
301630,同宇新材,2026-03-23,123.32,124.22,116.85,117.65,1112941.0,187920296.0,0.1112941,173.6,174.87,164.5,165.62,0.7103610675039247,1.1759826051012243
301630,同宇新材,2026-03-24,119.69,122.53,117.32,122.27,859317.0,144802023.0,0.0859317,168.49,172.49,165.15,172.12,0.7103764815245177,0.8707575349486767
301630,同宇新材,2026-03-25,122.82,125.95,122.82,124.94,775500.0,136157761.0,0.07755,172.9,177.3,172.9,175.88,0.7103707073004322,0.8452640362878227
301630,同宇新材,2026-03-26,124.31,126.59,121.33,122.11,542071.0,94387714.0,0.0542071,175.0,178.2,170.8,171.9,0.7103548574752763,0.577894445520007
301630,同宇新材,2026-03-27,120.51,124.72,119.75,123.71,543072.0,93650818.0,0.0543072,169.65,175.58,168.58,174.15,0.7103646281940855,0.6371349014707065
301630,同宇新材,2026-03-30,121.51,124.67,121.02,123.86,393900.0,68403962.0,0.03939,171.05,175.5,170.36,174.36,0.7103693507685248,0.5138405609745725
301630,同宇新材,2026-03-31,123.17,124.31,119.82,120.05,437462.0,74873016.0,0.0437462,173.39,175.0,168.68,169.0,0.7103550295857988,0.7024432697680693
301630,同宇新材,2026-04-01,122.91,127.51,122.91,125.37,784372.0,138639574.0,0.0784372,173.03,179.5,173.03,176.49,0.7103518612952575,1.456854649229849
301630,同宇新材,2026-04-02,124.32,125.33,120.5,121.13,537965.0,92737106.0,0.0537965,175.01,176.44,169.63,170.52,0.7103565564156696,0.9959079958102497
301630,同宇新材,2026-04-03,121.66,127.35,120.36,125.45,697742.0,121334213.0,0.0697742,171.27,179.28,169.43,176.6,0.7103624009060023,1.29366193866665
301630,同宇新材,2026-04-07,138.66,150.54,138.66,150.54,2495907.0,524207170.0,0.2495907,195.2,211.92,195.2,211.92,0.7103624009060022,4.376571354623856
301630,同宇新材,2026-04-08,161.25,172.53,153.44,163.03,4676066.0,1072404287.0,0.4676066,227.0,242.88,216.0,229.5,0.7103703703703704,4.720011192203895
301630,同宇新材,2026-04-09,162.93,170.7,159.77,166.15,2841706.0,667319278.0,0.2841706,229.37,240.3,224.91,233.9,0.7103463018383925,1.5457408204392231
301630,同宇新材,2026-04-10,168.19,174.04,160.61,169.06,2598598.0,613953392.0,0.2598598,236.77,245.0,226.1,238.0,0.7103361344537815,1.1549954815311696
301630,同宇新材,2026-04-13,166.51,176.87,164.89,174.03,2589394.0,623583252.0,0.2589394,234.4,248.99,232.13,244.99,0.7103555247152945,0.972723630221715
301630,同宇新材,2026-04-14,174.14,176.16,159.27,160.04,2623306.0,604427603.0,0.2623306,245.15,247.99,224.21,225.29,0.7103732966398864,0.8628347502060792
301630,同宇新材,2026-04-15,161.7,168.35,156.75,157.86,1999313.0,458896814.0,0.1999313,227.63,237.0,220.67,222.23,0.7103451379201728,0.6521312121348523
301630,同宇新材,2026-04-16,157.69,165.35,155.28,157.88,1537687.0,344378605.0,0.1537687,221.99,232.77,218.6,222.25,0.7103712035995501,0.6076701208166062
301630,同宇新材,2026-04-17,157.86,162.32,155.84,157.63,1718659.0,383646995.0,0.1718659,222.23,228.5,219.39,221.9,0.710365029292474,0.7572320536524507
301630,同宇新材,2026-04-20,156.28,156.28,152.02,153.71,1538253.0,333121848.0,0.1538253,220.0,220.0,214.0,216.38,0.7103706442369905,0.734715441073429
301630,同宇新材,2026-04-21,154.72,156.28,151.01,151.66,1418430.0,305811252.0,0.141843,217.8,220.0,212.58,213.5,0.7103512880562061,0.7531045792929504
301630,同宇新材,2026-04-22,151.01,154.85,150.9,153.96,1199344.0,259092638.0,0.1199344,212.58,217.99,212.43,216.74,0.7103441911968257,0.7302082645851817
301630,同宇新材,2026-04-23,155.43,155.76,150.51,152.09,1447645.0,311725510.0,0.1447645,218.8,219.27,211.88,214.1,0.7103689864549276,0.9765057694749036
301630,同宇新材,2026-04-24,155.78,169.19,153.66,162.66,2970743.0,669968300.0,0.2970743,219.3,238.17,216.32,228.98,0.710367717704603,2.0285500614490113
301630,同宇新材,2026-04-27,164.09,180.42,163.38,170.77,2463779.0,592586278.0,0.2463779,231.0,253.99,230.0,240.4,0.7103577371048253,1.4367038451019691
301630,同宇新材,2026-04-28,169.77,182.44,168.21,182.44,2363193.0,587260373.0,0.2363193,239.0,256.83,236.8,256.83,0.7103531518903555,1.2437935140860348
301630,同宇新材,2026-04-29,178.63,188.71,175.46,183.07,2288699.0,584272419.0,0.2288699,251.46,265.65,247.0,257.72,0.7103445599875833,1.095626549110439
301630,同宇新材,2026-04-30,179.44,180.91,175.46,176.95,1528386.0,381402474.0,0.1528386,252.6,254.67,247.01,249.1,0.7103572862304295,0.6625533994580746
301630,同宇新材,2026-05-06,176.18,181.5,174.78,178.63,1707101.0,427844740.0,0.1707101,248.01,255.5,246.05,251.47,0.7103431820893148,0.7348817887522816
301630,同宇新材,2026-05-07,176.88,190.78,176.79,187.38,1635922.0,426191218.0,0.1635922,249.0,268.57,248.88,263.79,0.7103377686796315,0.7902120709586309
301630,同宇新材,2026-05-08,183.98,185.89,180.36,184.34,1229468.0,316152619.0,0.1229468,259.0,261.68,253.9,259.5,0.7103660886319846,0.6455051667483785
301630,同宇新材,2026-05-11,186.82,187.46,181.56,183.27,1195789.0,309762339.0,0.1195789,263.0,263.89,255.59,258.0,0.7103488372093024,0.7126635481936155
301630,同宇新材,2026-05-12,182.7,186.25,178.45,185.4,1241992.0,320791732.0,0.1241992,257.2,262.2,251.21,260.99,0.7103720449059351,0.8510681453694057
301630,同宇新材,2026-05-13,183.21,198.6,181.13,192.44,2204620.0,594399577.0,0.220462,257.91,279.58,254.99,270.91,0.7103466095751356,1.572421155698381
301630,同宇新材,2026-05-14,190.52,194.17,183.27,186.33,1719960.0,454549332.0,0.171996,268.21,273.34,258.0,262.3,0.7103698055661457,1.1454501064294411
301630,同宇新材,2026-05-15,189.67,197.76,178.09,180.39,1555536.0,402993914.0,0.1555536,267.01,278.4,250.71,253.95,0.7103366804489073,1.0244803985969653
301630,同宇新材,2026-05-18,178.3,186.68,178.09,181.93,1212388.0,311761032.0,0.1212388,251.0,262.8,250.7,256.11,0.7103588301901527,0.7655997545812986
301630,同宇新材,2026-05-19,179.72,185.77,175.87,185.27,1159862.0,296233096.0,0.1159862,253.0,261.52,247.58,260.82,0.7103366306264858,0.7308983456542167
301630,同宇新材,2026-05-20,185.05,190.86,181.94,188.83,1213620.0,319094719.0,0.121362,260.5,268.68,256.12,265.82,0.7103679181400948,0.7727734545231335
301630,同宇新材,2026-05-21,188.87,194.07,175.23,175.32,1412240.0,370747240.0,0.141224,265.88,273.2,246.68,246.8,0.7103727714748784,1.029124521268797
301630,同宇新材,2026-05-22,179.48,191.35,178.82,187.9,1613917.0,420972465.0,0.1613917,252.66,269.37,251.74,264.51,0.7103701183320101,1.2313123107351236
301630,同宇新材,2026-05-25,191.65,194.19,185.06,186.54,1249110.0,330730733.0,0.124911,269.8,273.37,260.52,262.6,0.7103579588728103,0.9445741827733009
301630,同宇新材,2026-05-26,187.38,190.26,181.3,185.72,1392760.0,363494860.0,0.139276,263.78,267.84,255.22,261.45,0.7103461464907248,1.0473850043068251
301630,同宇新材,2026-05-27,193.58,205.29,186.26,192.86,2159292.0,588323836.0,0.2159292,272.51,289.0,262.21,271.5,0.7103499079189688,1.5688773341614297
301630,同宇新材,2026-05-28,190.38,205.21,190.38,203.52,2307657.0,648884937.0,0.2307657,268.0,288.88,268.0,286.5,0.7103664921465969,1.4741043516943668
301630,同宇新材,2026-05-29,199.85,204.37,179.3,181.09,2506892.0,674037645.0,0.2506892,281.34,287.7,252.41,254.93,0.7103518612952575,1.4369872021806003
301630,同宇新材,2026-06-01,180.82,184.54,172.13,173.89,1416928.0,354329253.0,0.1416928,254.55,259.79,242.31,244.8,0.7103349673202614,0.7367775508228149
301630,同宇新材,2026-06-02,174.95,184.54,170.49,182.22,1401076.0,352473606.0,0.1401076,246.29,259.78,240.0,256.52,0.7103539685014814,0.716038149424405
301630,同宇新材,2026-06-03,182.71,188.87,171.55,174.04,1760772.0,445998668.0,0.1760772,257.21,265.88,241.5,245.0,0.7103673469387755,0.8991012419007858
301630,同宇新材,2026-06-04,171.52,178.01,171.2,174.84,1117698.0,275208007.0,0.1117698,241.46,250.6,241.01,246.13,0.7103563157680901,0.5949426853643411
301630,同宇新材,2026-06-05,173.09,174.36,161.96,169.78,1368678.0,325669289.0,0.1368678,243.67,245.45,228.0,239.01,0.7103468474122422,0.8342173200610579
301630,同宇新材,2026-06-08,166.1,170.77,161.17,163.78,1101570.0,256274888.0,0.110157,233.82,240.4,226.88,230.56,0.7103573907009022,0.779579830695787
301630,同宇新材,2026-06-09,180.43,196.53,179.46,196.53,2384037.0,635202442.0,0.2384037,254.0,276.67,252.64,276.67,0.7103408392669968,1.7660072292576632
301630,同宇新材,2026-06-10,200.33,224.44,200.33,212.75,4215231.0,1265344760.0,0.4215231,282.02,315.96,282.02,299.5,0.7103505843071787,2.725568700935178
301630,同宇新材,2026-06-11,209.6,220.95,203.16,216.1,3454716.0,1036330372.0,0.3454716,295.06,311.04,286.0,304.22,0.7103412004470449,1.6956137369844198
301630,同宇新材,2026-06-12,209.55,215.71,197.0,198.2,2932744.0,849627016.0,0.2932744,295.0,303.66,277.33,279.01,0.7103688039855203,1.1708278799051313
301630,同宇新材,2026-06-15,201.77,232.57,201.57,227.78,3282219.0,1024425544.0,0.3282219,284.04,327.4,283.76,320.66,0.7103474084700305,1.164874209787442
301630,同宇新材,2026-06-16,223.23,248.68,218.08,237.61,3437513.0,1116018002.0,0.3437513,314.25,350.08,307.0,334.5,0.7103437967115097,1.0564645025888892
301630,同宇新材,2026-06-17,230.87,252.53,229.7,251.38,2972518.0,1013056104.0,0.2972518,325.0,355.5,323.36,353.88,0.7103537922459591,0.8579971751065079
301630,同宇新材,2026-06-18,248.75,292.8,247.06,285.78,3027525.0,1163461467.0,0.3027525,350.18,412.19,347.8,402.31,0.710347741791156,0.9414115677459357
301630,同宇新材,2026-06-22,290.53,316.11,284.14,292.67,3018098.0,1255763556.0,0.3018098,408.99,445.0,400.0,412.0,0.710364077669903,0.9640933833078242
301630,同宇新材,2026-06-23,284.89,289.82,272.54,274.54,2043704.0,800364320.0,0.2043704,401.05,407.99,383.67,386.49,0.7103417940955782,0.6492948570623235
301630,同宇新材,2026-06-24,272.64,288.43,270.65,283.96,2002713.0,793767309.0,0.2002713,383.81,406.04,381.0,399.75,0.7103439649781113,0.6906212675071545
301630,同宇新材,2026-06-25,284.76,287.76,272.0,279.99,2718307.0,763512593.0,0.1941647857142857,284.76,287.76,272.0,279.99,1.0,1.0403363818354971
301630,同宇新材,2026-06-26,274.0,279.99,261.0,265.88,2749716.0,743175345.0,0.1964082857142857,274.0,279.99,261.0,265.88,1.0,1.0732402486833494
301630,同宇新材,2026-06-29,269.69,269.77,233.43,242.22,2937604.0,726715744.0,0.2098288571428571,269.69,269.77,233.43,242.22,1.0,1.1719908609094183
301630,同宇新材,2026-06-30,241.98,253.0,238.0,250.16,2039449.0,504338975.0,0.1456749285714285,241.98,253.0,238.0,250.16,1.0,0.8189213754785962
301630,同宇新材,2026-07-01,250.16,254.31,241.68,244.5,1822493.0,449348097.0,0.1301780714285714,250.16,254.31,241.68,244.5,1.0,0.7320549054936584
301630,同宇新材,2026-07-02,235.56,244.99,231.11,232.28,1675500.0,398107379.0,0.1196785714285714,235.56,244.99,231.11,232.28,1.0,0.6828981357268095
301630,同宇新材,2026-07-03,230.0,233.28,223.17,224.32,1376140.0,313404542.0,0.0982957142857142,230.0,233.28,223.17,224.32,1.0,0.6129929525454526
301630,同宇新材,2026-07-06,230.01,262.0,229.68,232.8,2793517.0,676746857.0,0.1995369285714285,230.01,262.0,229.68,232.8,1.0,1.417858215244337
301630,同宇新材,2026-07-07,231.01,238.29,226.02,230.54,1996208.0,462997706.0,0.1425862857142857,231.01,238.29,226.02,230.54,1.0,1.028220686736583
301630,同宇新材,2026-07-08,235.0,236.4,218.0,219.7,1839415.0,416086471.0,0.1313867857142857,235.0,236.4,218.0,219.7,1.0,0.951698069239014
301630,同宇新材,2026-07-09,224.1,226.95,212.26,226.3,1783471.0,391590669.0,0.1273907857142857,224.1,226.95,212.26,226.3,1.0,0.9211401354023127
301630,同宇新材,2026-07-10,229.0,238.61,215.55,215.8,1906627.0,435332416.0,0.0908796121965519,229.0,238.61,215.55,215.8,1.0,0.9738867604253086
301630,同宇新材,2026-07-13,215.16,219.97,203.11,203.76,1685606.0,356523873.0,0.0803446188458367,215.16,219.97,203.11,203.76,1.0,0.8167298786984077
301630,同宇新材,2026-07-14,204.9,223.0,202.59,219.8,2048283.0,442712847.0,0.0976316629885079,204.9,223.0,202.59,219.8,1.0,1.1118284043113442
301630,同宇新材,2026-07-15,220.86,221.85,206.88,208.0,1291560.0,275203892.0,0.0615623674313741,220.86,221.85,206.88,208.0,1.0,0.6971304926634945
301630,同宇新材,2026-07-16,208.01,213.31,195.58,198.04,1422897.0,289465484.0,0.0678225618097494,208.01,213.31,195.58,198.04,1.0,0.8162981623528621
301630,同宇新材,2026-07-17,196.0,198.0,177.59,181.18,1369458.0,257855804.0,0.0652753852533639,196.0,198.0,177.59,181.18,1.0,0.81954663408248
301630,同宇新材,2026-07-20,186.0,187.0,151.5,154.39,2164713.0,361627535.0,0.1031813133648241,186.0,187.0,151.5,154.39,1.0,1.3844763823702921
301630,同宇新材,2026-07-21,158.96,170.84,140.6,170.67,2301229.0,364704648.0,0.1096883654199059,158.96,170.84,140.6,170.67,1.0,1.3867986531372942
301630,同宇新材,2026-07-22,165.04,171.99,161.0,161.87,1598640.0,265946310.0,0.0761993736802719,165.04,171.99,161.0,161.87,1.0,0.9348928292017048
301630,同宇新材,2026-07-23,163.15,167.53,159.38,162.12,1132070.0,184005879.0,0.0539602568196876,163.15,167.53,159.38,162.12,1.0,0.6390866278037204
301630,同宇新材,2026-07-24,159.6,170.84,157.01,160.44,1486503.0,243880456.0,0.070854349680882,159.6,170.84,157.01,160.44,1.0,0.8676651362170227
301630,同宇新材,2026-07-27,162.67,169.6,160.46,169.46,1504998.0,250052836.0,0.071735916147514,162.67,169.6,160.46,169.46,1.0,0.8666193336408252
301630,同宇新材,2026-07-28,164.97,167.79,155.34,156.16,1656538.0,267136151.0,0.0789590890241519,164.97,167.79,155.34,156.16,1.0,1.032311577079158
301630,同宇新材,2026-07-29,156.29,157.0,145.5,152.61,1564726.0,236765911.0,0.0745828586681411,156.29,157.0,145.5,152.61,1.0,1.0602921985827136
301630,同宇新材,2026-07-30,151.0,153.26,139.39,144.7,1473528.0,214436171.0,0.0702358946982082,151.0,153.26,139.39,144.7,1.0,1.0031049029692294
301630,同宇新材,2026-07-31,156.0,160.99,149.7,149.9,1880684.0,291448966.0,0.0896430358870718,156.0,160.99,149.7,149.9,1.0,1.223401189624179
301630,同宇新材,2026-08-03,148.6,148.88,141.31,142.0,1190200.0,171495928.0,0.0567310304723137,148.6,148.88,141.31,142.0,1.0,0.7364666973744362
301630,同宇新材,2026-08-04,143.82,154.47,142.11,153.7,1682769.0,251179411.0,0.0802093928893168,143.82,154.47,142.11,153.7,1.0,1.0834658824292953
301630,同宇新材,2026-08-05,151.4,165.57,150.96,164.81,1829596.0,292921111.0,0.0872079200369881,151.4,165.57,150.96,164.81,1.0,1.1740360864163293
301630,同宇新材,2026-08-06,160.99,169.87,159.6,166.2,1472782.0,243273219.0,0.0702003365157747,160.99,169.87,159.6,166.2,1.0,0.9140019638125767
301630,同宇新材,2026-08-07,166.02,177.6,164.0,175.33,1933692.0,332545818.0,0.092169668775054,166.02,177.6,164.0,175.33,1.0,1.2001517869035012
301630,同宇新材,2026-08-10,175.65,176.88,169.0,173.61,1354353.0,233233156.0,0.0645554035567715,175.65,176.88,169.0,173.61,1.0,0.8350884734923583
301630,同宇新材,2026-08-11,171.22,175.36,169.0,171.54,988158.0,170135317.0,0.0471006735082007,171.22,175.36,169.0,171.54,1.0,0.5972048031763315
301630,同宇新材,2026-08-12,169.44,177.88,169.44,175.63,1096244.0,191601439.0,0.0522526060906495,169.44,177.88,169.44,175.63,1.0,0.7232514899557054
301630,同宇新材,2026-08-13,177.8,181.28,172.2,172.2,1199682.0,212994734.0,0.0571829911771855,177.8,181.28,172.2,172.2,1.0,0.876290625193109
301630,同宇新材,2026-08-14,174.38,178.95,173.0,176.8,1265140.0,223263847.0,0.0603030548577911,174.38,178.95,173.0,176.8,1.0,0.962503931374445
301630,同宇新材,2026-08-17,176.44,184.85,176.44,184.35,1542378.0,279117508.0,0.0735176384791012,176.44,184.85,176.44,184.35,1.0,1.3063080230849875
301630,同宇新材,2026-08-18,184.18,188.99,178.82,181.77,1339855.0,244583681.0,0.0638643545903897,184.18,188.99,178.82,181.77,1.0,1.0997558606094096
301630,同宇新材,2026-08-19,175.0,179.5,165.1,167.11,1372408.0,236383943.0,0.0654159973688851,175.0,179.5,165.1,167.11,1.0,1.0649886028880546
301630,同宇新材,2026-08-20,168.24,171.8,165.67,167.25,900045.0,151221456.0,0.0429007564455163,168.24,171.8,165.67,167.25,1.0,0.6697298578770357
301630,同宇新材,2026-08-21,164.38,168.94,162.02,166.22,926974.0,153673013.0,0.0441843305671673,164.38,168.94,162.02,166.22,1.0,0.7219619347938714
301630,同宇新材,2026-08-24,166.22,166.22,156.08,161.93,1085695.0,174242091.0,0.0517497866985705,166.22,166.22,156.08,161.93,1.0,0.8925975802659143
301630,同宇新材,2026-08-25,160.0,165.34,154.6,164.01,1141563.0,182996014.0,0.0544127418409224,160.0,165.34,154.6,164.01,1.0,1.014726815771869
301630,同宇新材,2026-08-26,196.39,196.81,188.68,196.81,4477157.0,873589282.0,0.2134042431493301,196.39,196.81,188.68,196.81,1.0,4.125130719767224
301630,同宇新材,2026-08-27,203.87,213.54,191.01,208.63,5131914.0,1040226408.0,0.2446133166823167,203.87,213.54,191.01,208.63,1.0,3.0076502965386593
301630,同宇新材,2026-08-28,209.15,212.88,198.0,198.0,3048078.0,618777406.0,0.1452870155435969,209.15,212.88,198.0,198.0,1.0,1.1940788368026678
301630,同宇新材,2026-08-31,195.0,209.91,193.02,205.18,3079903.0,628441874.0,0.1468039581118891,195.0,209.91,193.02,205.18,1.0,1.0346072235192172
301630,同宇新材,2026-09-01,204.46,204.99,193.5,195.15,2196553.0,431495264.0,0.1046989709099749,204.46,204.99,193.5,195.15,1.0,0.6506911260195223
301630,同宇新材,2026-09-02,192.45,198.92,191.4,191.5,1758369.0,341961528.0,0.0838128762565718,192.45,198.92,191.4,191.5,1.0,0.4902441533645912
301630,同宇新材,2026-09-03,194.86,198.0,187.51,191.06,1580987.0,301389423.0,0.0753579412479682,194.86,198.0,187.51,191.06,1.0,0.5195550495283644
301630,同宇新材,2026-09-04,191.99,194.29,178.21,180.02,1940533.0,358477652.0,0.0924957458876914,191.99,194.29,178.21,180.02,1.0,0.8318549814855936
301630,同宇新材,2026-09-07,184.0,191.51,181.01,190.41,1816308.0,341273020.0,0.086574545870532,184.0,191.51,181.01,190.41,1.0,0.8602920802607342
301630,同宇新材,2026-09-08,189.0,191.11,183.68,184.68,1228131.0,229253942.0,,189.0,191.11,183.68,184.68,1.0,0.6608006241424766
301630,同宇新材,2026-09-09,187.25,194.88,185.12,191.0,1808240.0,346780408.0,,187.25,194.88,185.12,191.0,1.0,1.0861177022337418
600165,宁科生物,2026-03-18,3.7,3.74,3.69,3.7,4108100.0,15209945.0,0.005605162384983,3.7,3.74,3.69,3.7,1.0,0.8027755503969168
600165,宁科生物,2026-03-19,3.7,3.77,3.67,3.67,6307020.0,23334469.0,0.0086054067002594,3.7,3.77,3.67,3.67,1.0,1.2389174987279872
600165,宁科生物,2026-03-20,3.66,3.66,3.54,3.56,8702728.0,31299820.0,0.0118741519515929,3.66,3.66,3.54,3.56,1.0,1.5561553239967296
600165,宁科生物,2026-03-23,3.56,3.57,3.38,3.38,9393700.0,32280960.0,0.0128169260475196,3.56,3.57,3.38,3.38,1.0,1.5222773789455086
600165,宁科生物,2026-03-24,3.43,3.47,3.4,3.47,5523200.0,18986618.0,0.007535949194211,3.43,3.47,3.4,3.47,1.0,0.8393934239652902
600165,宁科生物,2026-03-25,3.47,3.52,3.46,3.51,4828903.0,16860129.0,0.006588638411025,3.47,3.52,3.46,3.51,1.0,0.7094077793671338
600165,宁科生物,2026-03-26,3.5,3.52,3.39,3.41,5146400.0,17696293.0,0.0070218367853939,3.5,3.52,3.39,3.41,1.0,0.7403709410332755
600165,宁科生物,2026-03-27,3.41,3.49,3.36,3.49,5264246.0,18089110.0,0.0071826278972025,3.41,3.49,3.36,3.49,1.0,0.7834881399220615
600165,宁科生物,2026-03-30,3.47,3.47,3.32,3.38,12270022.0,41250690.0,0.0167414293170358,3.47,3.47,3.32,3.38,1.0,2.034394367851467
600165,宁科生物,2026-03-31,3.39,3.4,3.22,3.35,15544778.0,51502478.0,0.0212095627975249,3.39,3.4,3.22,3.35,1.0,2.3529327890778524
600165,宁科生物,2026-04-01,3.35,3.47,3.34,3.37,7869553.0,26705917.0,0.0107373536336093,3.35,3.47,3.34,3.37,1.0,0.9139091848770027
600165,宁科生物,2026-04-02,3.38,3.4,3.28,3.29,5224500.0,17425414.0,0.0071283977703425,3.38,3.4,3.28,3.29,1.0,0.5667100676149271
600165,宁科生物,2026-04-03,3.28,3.33,3.24,3.28,4095500.0,13437019.0,0.0055879707280003,3.28,3.33,3.24,3.28,1.0,0.44349416529308544
600165,宁科生物,2026-04-07,3.28,3.35,3.25,3.33,4745890.0,15698517.0,0.0064753740442704,3.28,3.35,3.25,3.33,1.0,0.5272701065161408
600165,宁科生物,2026-04-08,3.35,3.45,3.35,3.42,6438393.0,21916386.0,0.0087846542838144,3.35,3.45,3.35,3.42,1.0,0.8589054210752919
600165,宁科生物,2026-04-09,3.41,3.45,3.35,3.36,5335774.0,18103954.0,0.0072802219321756,3.41,3.45,3.35,3.36,1.0,0.9402630648883711
600165,宁科生物,2026-04-10,3.36,3.53,3.36,3.53,8758020.0,30602120.0,0.0119495933085683,3.36,3.53,3.36,3.53,1.0,1.6946595744738489
600165,宁科生物,2026-04-13,3.54,3.71,3.53,3.71,11245400.0,41039874.0,0.0153434174153717,3.54,3.71,3.53,3.71,1.0,1.914203367196307
600165,宁科生物,2026-04-14,3.84,3.89,3.62,3.67,17590135.0,65421035.0,0.0240002831111156,3.84,3.89,3.62,3.67,1.0,2.408058657723086
600165,宁科生物,2026-04-15,3.64,3.72,3.6,3.64,9407100.0,34284297.0,0.012835209238279,3.64,3.72,3.6,3.64,1.0,0.9527581604838886
600165,宁科生物,2026-04-16,3.64,3.67,3.56,3.6,6238700.0,22480829.0,0.0085121897157308,3.64,3.67,3.56,3.6,1.0,0.5960188839020713
600165,宁科生物,2026-04-17,3.61,3.62,3.53,3.57,4839850.0,17263132.0,0.0066035746863416,3.61,3.62,3.53,3.57,1.0,0.4545368740849697
600165,宁科生物,2026-04-20,3.59,3.65,3.53,3.63,5695897.0,20556730.0,0.0077715799550005,3.59,3.65,3.53,3.63,1.0,0.5774290500116734
600165,宁科生物,2026-04-21,3.65,3.65,3.55,3.59,5345595.0,19144199.0,0.0072936218737016,3.65,3.65,3.55,3.59,1.0,0.6106225253121412
600165,宁科生物,2026-04-22,3.59,3.64,3.55,3.61,4191800.0,15033858.0,0.0057193641063684,3.59,3.64,3.55,3.61,1.0,0.6647922605861324
600165,宁科生物,2026-04-23,3.6,3.69,3.55,3.57,5294053.0,19133417.0,0.0072232970813044,3.6,3.69,3.55,3.57,1.0,1.0060209771706594
600165,宁科生物,2026-04-24,3.5,3.52,3.39,3.41,11867812.0,40499270.0,0.0161926470666368,3.5,3.52,3.39,3.41,1.0,2.3392046302320773
600165,宁科生物,2026-04-27,3.42,3.45,3.32,3.41,5839700.0,19808549.0,0.0079677872446108,3.42,3.45,3.32,3.41,1.0,0.9013229971381216
600165,宁科生物,2026-04-28,3.4,3.47,3.35,3.43,5194100.0,17654569.0,0.0070869194868286,3.4,3.47,3.35,3.43,1.0,0.7981355273801006
600165,宁科生物,2026-04-29,3.41,3.49,3.38,3.46,4165000.0,14388735.0,0.0056827977248495,3.41,3.49,3.38,3.46,1.0,0.6429956774943639
600165,宁科生物,2026-04-30,3.42,3.43,3.33,3.38,8489203.0,28559084.0,0.0115828147645104,3.42,3.43,3.33,3.38,1.0,1.3116545967148698
600165,宁科生物,2026-05-06,3.37,3.37,3.27,3.29,9094900.0,30017518.0,0.012409238181929,3.37,3.37,3.27,3.29,1.0,1.2789609800815984
600165,宁科生物,2026-05-07,3.27,3.3,3.24,3.24,6432300.0,20989960.0,0.0087763408896878,3.27,3.3,3.24,3.24,1.0,0.981044906242745
600165,宁科生物,2026-05-08,3.28,3.32,3.24,3.25,6861302.0,22485637.0,0.0093616786062678,3.28,3.32,3.24,3.25,1.0,1.027894920415132
600165,宁科生物,2026-05-11,3.26,3.27,3.09,3.1,18828100.0,59152507.0,0.0256893838759279,3.26,3.27,3.09,3.1,1.0,2.6864507177742127
600165,宁科生物,2026-05-12,3.12,3.13,2.96,3.02,13172905.0,39683646.0,0.0179733384306505,3.12,3.13,2.96,3.02,1.0,1.325087180461115
600165,宁科生物,2026-05-13,3.02,3.07,2.98,2.99,8659160.0,26117429.0,0.0118147070221148,3.02,3.07,2.98,2.99,1.0,0.796032219964781
600165,宁科生物,2026-05-14,3.0,3.07,2.85,3.04,14962700.0,44507840.0,0.0204153655504457,3.0,3.07,2.85,3.04,1.0,1.3866223650333813
600165,宁科生物,2026-05-15,3.02,3.02,2.94,2.96,10231300.0,30357349.0,0.0139597619117054,3.02,3.02,2.94,2.96,1.0,0.8187114025221781
600165,宁科生物,2026-05-18,2.95,3.03,2.86,2.99,7848600.0,23268530.0,0.0107087649995808,2.95,3.03,2.86,2.99,1.0,0.5959076392510633
600165,宁科生物,2026-05-19,3.0,3.14,2.95,3.14,8115202.0,25168339.0,0.0110725213594945,3.0,3.14,2.95,3.14,1.0,0.7394306644058783
600165,宁科生物,2026-05-20,3.2,3.3,3.16,3.2,13865300.0,44684516.0,0.0189180540922825,3.2,3.3,3.16,3.2,1.0,1.3916244029493408
600165,宁科生物,2026-05-21,3.19,3.19,3.05,3.05,8369100.0,26020739.0,0.0114189441630344,3.19,3.19,3.05,3.05,1.0,0.7605078317830936
600165,宁科生物,2026-05-22,3.03,3.12,3.03,3.08,4172900.0,12884217.0,0.0056935766208942,3.03,3.12,3.03,3.08,1.0,0.43082210508792756
600165,宁科生物,2026-05-25,3.07,3.09,2.99,3.0,4848303.0,14704290.0,0.0066151081051095,3.07,3.09,2.99,3.0,1.0,0.5721237790794301
600165,宁科生物,2026-05-26,3.01,3.02,2.87,2.97,5925400.0,17580633.0,0.0080847178004378,3.01,3.02,2.87,2.97,1.0,0.7525119184126411
600165,宁科生物,2026-05-27,2.96,2.99,2.92,2.97,4211127.0,12420407.0,0.0057457341979958,2.96,2.99,2.92,2.97,1.0,0.5663008875796062
600165,宁科生物,2026-05-28,2.96,3.07,2.95,3.02,5537477.0,16685018.0,0.0075554289788731,2.96,3.07,2.95,3.02,1.0,1.0058326730684208
600165,宁科生物,2026-05-29,3.01,3.11,3.01,3.03,5339500.0,16290990.0,0.0072853057507405,3.01,3.11,3.01,3.03,1.0,1.0810802274303672
600165,宁科生物,2026-06-01,3.03,3.06,2.99,3.04,3727700.0,11296270.0,0.0050861380741708,3.03,3.06,2.99,3.04,1.0,0.7206959668363467
600165,宁科生物,2026-06-02,3.04,3.04,2.96,2.99,4636000.0,13838710.0,0.0063254382358709,3.04,3.04,2.96,2.99,1.0,0.9368986246586868
600165,宁科生物,2026-06-03,2.99,2.99,2.93,2.95,4499100.0,13299475.0,0.0061386495183362,2.99,2.99,2.93,2.95,1.0,0.9592225826209362
600165,宁科生物,2026-06-04,2.95,2.96,2.88,2.91,4409400.0,12848597.0,0.0060162612936258,2.95,2.96,2.88,2.91,1.0,0.9286944860518276
600165,宁科生物,2026-06-05,2.92,2.93,2.87,2.89,4016300.0,11614032.0,0.0054799088841088,2.92,2.93,2.87,2.89,1.0,0.888102177191454
600165,宁科生物,2026-06-08,2.85,2.87,2.75,2.78,6673700.0,18705853.0,0.0091057112068015,2.85,2.87,2.75,2.78,1.0,1.567442515912347
600165,宁科生物,2026-06-09,2.79,2.79,2.65,2.7,6377500.0,17259051.0,0.0087015708259851,2.79,2.79,2.65,2.7,1.0,1.3157894736842106
600165,宁科生物,2026-06-10,2.71,2.84,2.63,2.84,8883200.0,24243261.0,0.0121203910562745,2.71,2.84,2.63,2.84,1.0,1.7098860486603018
600165,宁科生物,2026-06-11,2.92,2.96,2.77,2.79,10108460.0,29032165.0,0.013792156900296,2.92,2.96,2.77,2.79,1.0,1.6647606562560728
600165,宁科生物,2026-06-12,2.77,2.87,2.75,2.83,5435434.0,15300544.0,0.0074161997524057,2.77,2.87,2.75,2.83,1.0,0.7536828367604792
600165,宁科生物,2026-06-15,2.83,2.94,2.8,2.85,6267342.0,17831124.0,0.0085512693537705,2.83,2.94,2.8,2.85,1.0,0.8361295740942745
600165,宁科生物,2026-06-16,2.85,2.92,2.8,2.83,6648900.0,18911164.0,0.0090718736597244,2.85,2.92,2.8,2.83,1.0,0.8967565114484445
600165,宁科生物,2026-06-17,2.8,2.8,2.72,2.73,5017600.0,13780693.0,0.0068460998473481,2.8,2.8,2.72,2.73,1.0,0.671820000227082
600165,宁科生物,2026-06-18,2.7,2.75,2.67,2.69,3949103.0,10671619.0,0.0053882241401192,2.7,2.75,2.67,2.69,1.0,0.5898103444032177
600165,宁科生物,2026-06-22,2.68,2.73,2.63,2.73,4140900.0,11086628.0,0.005649915269827,2.68,2.73,2.63,2.73,1.0,0.7578963598096359
600165,宁科生物,2026-06-23,2.71,2.87,2.7,2.77,5725298.0,15939930.0,0.0078116951857108,2.71,2.87,2.7,2.77,1.0,1.100010010050398
600165,宁科生物,2026-06-24,2.75,2.81,2.72,2.76,4907300.0,13510903.0,0.0066956046278881,2.75,2.81,2.72,2.76,1.0,0.9629028968556814
600165,宁科生物,2026-06-25,2.76,2.76,2.64,2.66,5920500.0,15823836.0,0.0080780321560556,2.76,2.76,2.64,2.66,1.0,1.2469355251035996
600165,宁科生物,2026-06-26,2.67,2.67,2.58,2.6,5362854.0,14035923.0,0.0073171703505163,2.67,2.67,2.58,2.6,1.0,1.0881045368438005
600165,宁科生物,2026-06-29,2.6,2.62,2.5,2.55,5713600.0,14553060.0,0.0077957342330613,2.6,2.62,2.5,2.55,1.0,1.0963718871335646
600165,宁科生物,2026-06-30,2.55,2.59,2.51,2.53,4281651.0,10926432.0,0.0058419583580792,2.55,2.59,2.51,2.53,1.0,0.7748317815648983
600165,宁科生物,2026-07-01,2.55,2.65,2.53,2.62,7070100.0,18460544.0,0.0096465661931473,2.55,2.65,2.53,2.62,1.0,1.3499819845829273
600165,宁科生物,2026-07-02,2.66,2.75,2.63,2.75,6679804.0,18200378.0,0.0091140396095176,2.66,2.75,2.63,2.75,1.0,1.178149760280055
600165,宁科生物,2026-07-03,2.86,2.89,2.78,2.89,13016812.0,37291329.0,0.017760362453396,2.86,2.89,2.78,2.89,1.0,2.2359502499810278
600165,宁科生物,2026-07-06,2.98,3.03,2.82,2.86,12403750.0,36117905.0,0.0169238901031459,2.98,3.03,2.82,2.86,1.0,1.6870356801092825
600165,宁科生物,2026-07-07,2.87,2.88,2.7,2.72,7372000.0,20288154.0,0.0100584837521226,2.87,2.88,2.7,2.72,1.0,0.848290084462398
600165,宁科生物,2026-07-08,2.71,2.84,2.67,2.79,5123603.0,14268304.0,0.0069907321660101,2.71,2.84,2.67,2.79,1.0,0.550422382002707
600165,宁科生物,2026-07-09,2.79,2.84,2.73,2.74,4640801.0,12853632.0,0.0063319888029482,2.79,2.84,2.73,2.74,1.0,0.5203161971881359
600165,宁科生物,2026-07-10,2.74,2.75,2.69,2.71,5676080.0,15383194.0,0.0077445412989349,2.74,2.75,2.69,2.71,1.0,0.666880247055206
600165,宁科生物,2026-07-13,2.68,2.78,2.67,2.68,6033800.0,16371592.0,0.0082326206271782,2.68,2.78,2.67,2.68,1.0,0.8566787692289869
600165,宁科生物,2026-07-14,2.6,2.7,2.6,2.68,4024026.0,10709926.0,0.0054904503715571,2.6,2.7,2.6,2.68,1.0,0.6974946929039456
600165,宁科生物,2026-07-15,2.6,2.64,2.49,2.54,11063600.0,28298785.0,0.0150953663646208,2.6,2.64,2.49,2.54,1.0,2.169477114365619
600165,宁科生物,2026-07-16,2.54,2.54,2.29,2.3,17543000.0,41013652.0,0.0239359713054107,2.54,2.54,2.29,2.3,1.0,2.7900675440315537
600165,宁科生物,2026-07-17,2.27,2.36,2.2,2.21,10059700.0,22855071.0,0.0137256279166072,2.27,2.36,2.2,2.21,1.0,1.1343691025988745
600165,宁科生物,2026-07-20,2.29,2.33,2.15,2.19,9922229.0,22248412.0,0.0135380601168394,2.29,2.33,2.15,2.19,1.0,1.0182049237784174
600165,宁科生物,2026-07-21,2.2,2.27,2.15,2.25,7980700.0,17736639.0,0.0108890045144554,2.2,2.27,2.15,2.25,1.0,0.7584406421623128
600165,宁科生物,2026-07-22,2.25,2.26,2.15,2.2,5193966.0,11430670.0,0.007086736654921,2.25,2.26,2.15,2.2,1.0,0.45908050116786986
600165,宁科生物,2026-07-23,2.2,2.23,2.15,2.23,4103900.0,9034400.0,0.0055994318326554,2.2,2.23,2.15,2.23,1.0,0.40472709890483344
600165,宁科生物,2026-07-24,2.23,2.29,2.21,2.21,5449589.0,12247584.0,0.0074355130781669,2.23,2.29,2.21,2.21,1.0,0.7312824212346078
600165,宁科生物,2026-07-27,2.32,2.43,2.3,2.43,8920750.0,21294604.0,0.0121716249229175,2.32,2.43,2.3,2.43,1.0,1.3661018504407176
600165,宁科生物,2026-07-28,2.48,2.54,2.4,2.41,10719420.0,26500229.0,0.0146257612455478,2.48,2.54,2.4,2.41,1.0,1.6934898695547287
600165,宁科生物,2026-07-29,2.41,2.44,2.36,2.39,6591414.0,15828773.0,0.0089934387713665,2.41,2.44,2.36,2.39,1.0,0.9583991334091843
600165,宁科生物,2026-07-30,2.41,2.42,2.29,2.3,6313715.0,14929358.0,0.008614541473553,2.41,2.42,2.29,2.3,1.0,0.8821715970790391
600165,宁科生物,2026-07-31,2.3,2.35,2.28,2.33,6086015.0,14084174.0,0.008303863672365,2.3,2.35,2.28,2.33,1.0,0.8008991893856879
600165,宁科生物,2026-08-03,2.32,2.38,2.31,2.37,5551200.0,12997449.0,0.0075741528763949,2.32,2.38,2.31,2.37,1.0,0.7184844916225216
600165,宁科生物,2026-08-04,2.29,2.41,2.29,2.37,5287100.0,12483136.0,0.0072138102883678,2.29,2.41,2.29,2.37,1.0,0.749693066971919
600165,宁科生物,2026-08-05,2.37,2.4,2.35,2.4,6557100.0,15593883.0,0.0089466201588502,2.37,2.4,2.35,2.4,1.0,1.099098595334194
600165,宁科生物,2026-08-06,2.41,2.49,2.38,2.47,7394350.0,17992997.0,0.0100889784770087,2.41,2.49,2.38,2.47,1.0,1.2408655374217197
600165,宁科生物,2026-08-07,2.45,2.46,2.39,2.42,5466600.0,13201934.0,0.0074587231795108,2.45,2.46,2.39,2.42,1.0,0.8852574179133699
600165,宁科生物,2026-08-10,2.41,2.44,2.4,2.41,3728170.0,9000918.0,0.0050867793502646,2.41,2.44,2.4,2.41,1.0,0.61609711680358
600165,宁科生物,2026-08-11,2.41,2.47,2.39,2.44,4425100.0,10777704.0,0.0060376826439932,2.41,2.47,2.39,2.44,1.0,0.7781539405176743
600165,宁科生物,2026-08-12,2.42,2.57,2.42,2.52,5909282.0,14851291.0,0.0080627261236721,2.42,2.57,2.42,2.52,1.0,1.0716356706896877
600165,宁科生物,2026-08-13,2.53,2.59,2.45,2.46,6874702.0,17304358.0,0.0093799617970273,2.53,2.59,2.45,2.46,1.0,1.276710213998164
600165,宁科生物,2026-08-14,2.46,2.47,2.42,2.43,3402850.0,8273618.0,0.004642907139977,2.46,2.47,2.42,2.43,1.0,0.6443850962060311
600165,宁科生物,2026-08-17,2.67,2.67,2.67,2.67,1671200.0,4462104.0,0.0022802140594882,2.67,2.67,2.67,2.67,1.0,0.34330173774113704
600165,宁科生物,2026-08-18,2.94,2.94,2.94,2.94,1319800.0,3880212.0,0.0018007578480807,2.94,2.94,2.94,2.94,1.0,0.29614326243337225
600165,宁科生物,2026-08-19,3.2,3.2,2.94,3.05,50349102.0,154852610.0,0.0686971818232457,3.2,3.2,2.94,3.05,1.0,13.126900045125014
600165,宁科生物,2026-08-20,2.97,3.36,2.97,3.23,40866815.0,130580026.0,0.0557593861473824,2.97,3.36,2.97,3.23,1.0,3.211908364304034
600165,宁科生物,2026-08-21,3.2,3.34,3.11,3.31,29052850.0,94448903.0,0.0396402088548369,3.2,3.34,3.11,3.31,1.0,1.4882142890475296
600165,宁科生物,2026-08-24,3.28,3.44,3.2,3.27,21411300.0,70814284.0,0.0292139464408334,3.28,3.44,3.2,3.27,1.0,0.8685437479368269
600165,宁科生物,2026-08-26,3.3,3.6,3.28,3.41,52322338.0,180208301.0,0.0713894990024513,3.3,3.6,3.28,3.41,1.0,1.8294540791426053
600165,宁科生物,2026-08-27,3.35,3.4,3.16,3.22,37764677.0,122309169.0,0.0515267756387223,3.35,3.4,3.16,3.22,1.0,0.9733043515620334
600165,宁科生物,2026-08-28,3.16,3.28,3.16,3.16,19436499.0,61902347.0,0.0265194939486772,3.16,3.28,3.16,3.16,1.0,0.5356828193104124
600165,宁科生物,2026-08-31,3.1,3.23,3.09,3.18,19251553.0,60939728.0,0.0262671504413495,3.1,3.23,3.09,3.18,1.0,0.6016574190370078
600165,宁科生物,2026-09-01,3.21,3.25,3.15,3.22,14952029.0,47802540.0,0.020400805854282,3.21,3.25,3.15,3.22,1.0,0.49778249846072914
600165,宁科生物,2026-09-02,3.22,3.25,3.15,3.16,11975450.0,38208217.0,0.0163395102074549,3.22,3.25,3.15,3.16,1.0,0.4166037696886327
600165,宁科生物,2026-09-03,3.17,3.23,3.16,3.18,11321900.0,36121595.0,0.0154477953327669,3.17,3.23,3.16,3.18,1.0,0.5475854720663746
600165,宁科生物,2026-09-04,3.19,3.23,3.12,3.14,14359800.0,45529463.0,0.0195927584079939,3.19,3.23,3.12,3.14,1.0,0.9332128596807451
600165,宁科生物,2026-09-07,3.12,3.17,3.11,3.14,10903500.0,34277860.0,0.0148769231675623,3.12,3.17,3.11,3.14,1.0,0.7586549494096442
600165,宁科生物,2026-09-08,3.16,3.34,3.14,3.34,27434529.0,89498435.0,,3.16,3.34,3.14,3.34,1.0,2.15976789453331
600165,宁科生物,2026-09-09,3.32,3.35,3.23,3.25,21293703.0,69915575.0,,3.32,3.35,3.23,3.25,1.0,1.400990383876851
600228,返利科技,2026-03-11,5.85,6.01,5.78,5.9,6820900.0,40223170.0,0.01639492905221785,5.85,6.01,5.78,5.9,1.0,1.2112303816335501
600228,返利科技,2026-03-12,5.89,6.08,5.88,6.04,6997900.0,41925662.0,0.016820371800571082,5.89,6.08,5.88,6.04,1.0,1.1235179000890285
600228,返利科技,2026-03-13,5.99,6.05,5.92,5.97,5421200.0,32431592.0,0.013030566256342038,5.99,6.05,5.92,5.97,1.0,0.7775517097990907
600228,返利科技,2026-03-16,5.97,5.97,5.81,5.84,5555900.0,32592551.0,0.013354335398732887,5.97,5.97,5.81,5.84,1.0,0.783649051603965
600228,返利科技,2026-03-17,5.84,5.88,5.7,5.71,4047000.0,23398959.0,0.009727496059805251,5.84,5.88,5.7,5.71,1.0,0.631956617325955
600228,返利科技,2026-03-18,5.67,5.78,5.64,5.75,3146300.0,18021887.0,0.007562545305897026,5.67,5.78,5.64,5.75,1.0,0.5454201900641059
600228,返利科技,2026-03-19,5.7,5.8,5.57,5.58,4918350.0,27830495.0,0.011821900233689933,5.7,5.8,5.57,5.58,1.0,0.977092215207225
600228,返利科技,2026-03-20,5.62,5.69,5.43,5.43,4130482.0,22928344.0,0.009928156011884485,5.62,5.69,5.43,5.43,1.0,0.8944793460018408
600228,返利科技,2026-03-23,5.26,5.38,5.16,5.16,5942300.0,30898728.0,0.014283098551070112,5.26,5.38,5.16,5.16,1.0,1.3630358924145078
600228,返利科技,2026-03-24,5.1,5.24,4.91,5.2,8168111.0,41231131.0,0.019633127642340483,5.1,5.24,4.91,5.2,1.0,1.840955630507015
600228,返利科技,2026-03-25,5.2,5.36,5.2,5.26,3710501.0,19574522.0,0.008918676515296133,5.2,5.36,5.2,5.26,1.0,0.7052697980801993
600228,返利科技,2026-03-26,5.27,5.51,5.26,5.34,5075800.0,27227894.0,0.012200351989216578,5.27,5.51,5.26,5.34,1.0,0.9445196053970593
600228,返利科技,2026-03-27,5.32,5.5,5.21,5.46,5955100.0,31982852.0,0.014313865032306956,5.32,5.5,5.21,5.46,1.0,1.101686693779606
600228,返利科技,2026-03-30,5.34,5.62,5.34,5.56,4936601.0,27241236.0,0.011865768909397249,5.34,5.62,5.34,5.56,1.0,0.8555096990095457
600228,返利科技,2026-03-31,5.62,5.76,5.5,5.51,6372601.0,35961702.0,0.015317383523155672,5.62,5.76,5.5,5.51,1.0,1.144253239222293
600228,返利科技,2026-04-01,5.61,5.65,5.47,5.56,4702000.0,26121592.0,0.011301874591846872,5.61,5.65,5.47,5.56,1.0,0.9024743112472292
600228,返利科技,2026-04-02,5.53,5.58,5.35,5.36,4387700.0,23806035.0,0.010546413259601557,5.53,5.58,5.35,5.36,1.0,0.8112719935750556
600228,返利科技,2026-04-03,5.39,5.44,5.18,5.28,5144700.0,27134863.0,0.012365962188999277,5.39,5.44,5.18,5.28,1.0,0.976075663954188
600228,返利科技,2026-04-07,5.3,5.47,5.25,5.39,4960301.0,26565024.0,0.011922734972312343,5.3,5.47,5.25,5.39,1.0,0.9709478326510098
600228,返利科技,2026-04-08,5.49,5.66,5.45,5.66,5914700.0,33131816.0,0.014216758325903169,5.49,5.66,5.45,5.66,1.0,1.1566922469957917
600228,返利科技,2026-04-09,5.75,5.94,5.61,5.94,14519896.0,85326443.0,0.03490047717538474,5.75,5.94,5.61,5.94,1.0,2.8913266389747805
600228,返利科技,2026-04-10,5.92,6.24,5.91,6.22,15164900.0,93645731.0,0.03645082900848546,5.92,6.24,5.91,6.22,1.0,2.1709237906385943
600228,返利科技,2026-04-13,6.25,6.53,6.1,6.21,19804902.0,125352202.0,0.047603683264104066,6.25,6.53,6.1,6.21,1.0,2.166625091618446
600228,返利科技,2026-04-14,6.28,6.44,6.17,6.17,11311931.0,71392738.0,0.02718971194249787,6.28,6.44,6.17,6.17,1.0,0.9369657421798789
600228,返利科技,2026-04-15,6.24,6.39,6.16,6.32,9764800.0,61372743.0,0.023470979373557282,6.24,6.39,6.16,6.32,1.0,0.7318148455080614
600228,返利科技,2026-04-16,6.44,6.44,6.26,6.33,7456431.0,47320311.0,0.01792251128557196,6.44,6.44,6.26,6.33,1.0,0.5283270746207095
600228,返利科技,2026-04-17,6.35,6.38,6.01,6.24,12115902.0,74747784.0,0.029122161839878074,6.35,6.38,6.01,6.24,1.0,0.9539635031838828
600228,返利科技,2026-04-20,6.2,6.52,6.06,6.11,12204300.0,75579329.0,0.029334638043657334,6.2,6.52,6.06,6.11,1.0,1.009387870433513
600228,返利科技,2026-04-21,6.11,6.34,6.11,6.26,7046600.0,43873517.0,0.016937428647151885,6.11,6.34,6.11,6.26,1.0,0.6666179280471154
600228,返利科技,2026-04-22,6.36,6.45,6.19,6.22,7472400.0,46845447.0,0.01796089487454627,6.36,6.45,6.19,6.22,1.0,0.7689547753456083
600228,返利科技,2026-04-23,6.21,6.3,6.08,6.21,7632531.0,47346884.0,0.01834579076571323,6.21,6.3,6.08,6.21,1.0,0.8243251582714076
600228,返利科技,2026-04-24,6.11,6.24,6.02,6.08,6690100.0,40670170.0,0.01608053407207885,6.11,6.24,6.02,6.08,1.0,0.7198031543174859
600228,返利科技,2026-04-27,6.14,6.16,5.96,6.09,6838074.0,41267043.0,0.016436209016964846,6.14,6.16,5.96,6.09,1.0,0.8329783042319103
600228,返利科技,2026-04-28,6.09,6.09,5.9,5.96,5689173.0,33948603.0,0.013674674559192098,6.09,6.09,5.9,5.96,1.0,0.7972561712603846
600228,返利科技,2026-04-29,5.96,6.12,5.92,6.06,4963100.0,30026359.0,0.011929462736451554,5.96,6.12,5.92,6.06,1.0,0.7230143640232738
600228,返利科技,2026-04-30,6.05,6.17,6.03,6.17,6330200.0,38703255.0,0.01521546715042728,6.05,6.17,6.03,6.17,1.0,0.9949084301381657
600228,返利科技,2026-05-06,6.23,6.26,6.07,6.15,7559000.0,46573631.0,0.018169049349164294,6.23,6.26,6.07,6.15,1.0,1.2387479033138824
600228,返利科技,2026-05-07,6.19,6.36,6.15,6.33,9856800.0,61826861.0,0.0236921134574471,6.19,6.36,6.15,6.33,1.0,1.5705771660757244
600228,返利科技,2026-05-08,6.4,6.65,6.37,6.65,8292600.0,54465952.0,0.019932353305050908,6.4,6.65,6.37,6.65,1.0,1.2053802817368187
600228,返利科技,2026-05-11,6.89,6.98,6.63,6.81,16838269.0,114555744.0,0.040472991191361725,6.89,6.98,6.63,6.81,1.0,2.2753372142361026
600228,返利科技,2026-05-12,6.8,6.94,6.64,6.72,10530601.0,71367922.0,0.02531168266243668,6.8,6.94,6.64,6.72,1.0,1.0772581402462584
600228,返利科技,2026-05-13,6.8,6.8,6.64,6.7,6519700.0,43585443.0,0.015670955290613367,6.8,6.8,6.64,6.7,1.0,0.6141706233195491
600228,返利科技,2026-05-14,6.68,6.7,6.47,6.61,10375301.0,68398787.0,0.024938398714305286,6.68,6.7,6.47,6.61,1.0,0.9968971695091103
600228,返利科技,2026-05-15,6.61,6.72,6.5,6.57,7292201.0,48009977.0,0.017527762909515174,6.61,6.72,6.5,6.57,1.0,0.6937491103616908
600228,返利科技,2026-05-18,6.66,6.67,6.44,6.53,6091701.0,39743246.0,0.014642203477887746,6.66,6.67,6.44,6.53,1.0,0.5907840496459854
600228,返利科技,2026-05-19,6.53,6.67,6.48,6.67,5431400.0,35757730.0,0.013055083296077649,6.53,6.67,6.48,6.67,1.0,0.665457732590918
600228,返利科技,2026-05-20,6.66,6.66,6.5,6.57,5295900.0,34727525.0,0.012729391248609495,6.66,6.66,6.5,6.57,1.0,0.7415086900830833
600228,返利科技,2026-05-21,6.56,6.57,6.24,6.28,11188101.0,71463870.0,0.026892070272844872,6.56,6.57,6.24,6.28,1.0,1.6220985061895086
600228,返利科技,2026-05-22,6.3,6.51,6.15,6.5,5906700.0,37543730.0,0.014197529275130141,6.3,6.51,6.15,6.5,1.0,0.8366595793690318
600228,返利科技,2026-05-25,6.48,6.59,6.42,6.49,4435001.0,28866858.0,0.010660107425928428,6.48,6.59,6.42,6.49,1.0,0.6538637278120571
600228,返利科技,2026-05-26,6.49,6.54,6.25,6.33,5977220.0,38113718.0,0.014367033357694377,6.49,6.54,6.25,6.33,1.0,0.9264967448098715
600228,返利科技,2026-05-27,6.33,6.36,6.17,6.21,4693401.0,29180967.0,0.011281205765897214,6.33,6.36,6.17,6.21,1.0,0.7153937383992803
600228,返利科技,2026-05-28,6.18,6.36,6.16,6.32,4612801.0,28939021.0,0.011087473079358963,6.18,6.36,6.16,6.32,1.0,0.7162640378978873
600228,返利科技,2026-05-29,6.36,6.4,6.06,6.12,5967200.0,37045502.0,0.01434294897160116,6.36,6.4,6.06,6.12,1.0,1.1643261185517042
600228,返利科技,2026-06-01,6.2,6.33,6.13,6.32,5726100.0,35767323.0,0.013763433453929046,6.2,6.33,6.13,6.32,1.0,1.1146507912227788
600228,返利科技,2026-06-02,6.3,6.48,6.27,6.36,5581535.0,35627031.0,0.013415952488303708,6.3,6.48,6.27,6.36,1.0,1.0345094930362555
600228,返利科技,2026-06-03,6.31,6.43,6.04,6.12,10777600.0,66291270.0,0.025905377201422556,6.31,6.43,6.04,6.12,1.0,2.0273099202262124
600228,返利科技,2026-06-04,6.1,6.12,5.82,6.03,8579772.0,51084239.0,0.02062260892612489,6.1,6.12,5.82,6.03,1.0,1.3132879248140132
600228,返利科技,2026-06-05,6.07,6.33,6.07,6.33,11477201.0,72039556.0,0.027586960095155152,6.07,6.33,6.07,6.33,1.0,1.5665451169786193
600228,返利科技,2026-06-09,6.38,6.88,6.1,6.47,41238800.0,265442782.0,0.09912287237734045,6.38,6.88,6.1,6.47,1.0,4.892814348977633
600228,返利科技,2026-06-10,6.46,7.12,6.38,6.84,69580461.0,484559888.0,0.16724577717245687,6.46,7.12,6.38,6.84,1.0,4.4801071041124665
600228,返利科技,2026-06-11,6.55,7.52,6.29,7.45,64148346.0,451017006.0,0.1541889752799664,6.55,7.52,6.29,7.45,1.0,2.2642643756469027
600228,返利科技,2026-06-12,7.52,7.64,7.03,7.48,44812100.0,326305502.0,0.10771176826824781,7.52,7.64,7.03,7.48,1.0,1.1488833869043584
600228,返利科技,2026-06-15,7.34,8.11,7.33,8.11,49090400.0,382765201.0,0.11799522425852822,7.34,8.11,7.33,8.11,1.0,1.061382347981579
600228,返利科技,2026-06-16,8.1,8.92,7.84,8.92,53860000.0,458450907.0,0.12945958432940718,8.1,8.92,7.84,8.92,1.0,1.0015988873021129
600228,返利科技,2026-06-25,9.81,9.81,9.81,9.81,2339600.0,22951476.0,0.005623535898571872,9.81,9.81,9.81,9.81,1.0,0.04155723359513905
600228,返利科技,2026-06-26,10.79,10.79,10.79,10.79,594435.0,6413954.0,0.0014288025995330702,10.79,10.79,10.79,10.79,1.0,0.013872433199042208
600228,返利科技,2026-06-29,11.87,11.87,9.71,10.19,99791119.0,1040408505.0,0.23986106174352778,11.87,11.87,9.71,10.19,1.0,3.3109958035863265
600228,返利科技,2026-06-30,9.96,10.45,9.17,9.3,78980369.0,770538722.0,0.18983969069668022,9.96,10.45,9.17,9.3,1.0,1.9200232469046858
600228,返利科技,2026-07-01,9.0,9.17,8.37,8.37,75125005.0,647264278.0,0.18057281693361746,9.0,9.17,8.37,8.37,1.0,1.5945670665906402
600228,返利科技,2026-07-02,8.12,8.32,7.53,7.53,57336300.0,448711798.0,0.1378153279796916,8.12,8.32,7.53,7.53,1.0,1.1162282857589265
600228,返利科技,2026-07-03,7.32,7.42,7.07,7.21,51797200.0,375551030.0,0.12450137358758205,7.32,7.42,7.07,7.21,1.0,0.8305432519831142
600228,返利科技,2026-07-06,7.21,7.29,6.83,6.92,45220200.0,318519931.0,0.10869269022080688,7.21,7.29,6.83,6.92,1.0,0.6228163081831093
600228,返利科技,2026-07-07,6.86,6.91,6.54,6.58,30277901.0,202409455.0,0.07277691195371225,6.86,6.91,6.54,6.58,1.0,0.4907928401548661
600228,返利科技,2026-07-08,6.58,6.6,6.28,6.4,27063001.0,173474285.0,0.06504947753743652,6.58,6.6,6.28,6.4,1.0,0.5209299855111288
600228,返利科技,2026-07-09,6.41,7.04,6.39,7.04,20587000.0,141214309.0,0.049483558533039464,6.41,7.04,6.39,7.04,1.0,0.4862429132699378
600228,返利科技,2026-07-10,7.04,7.06,6.53,6.81,49292800.0,336737722.0,0.11848171924308581,7.04,7.06,6.53,6.81,1.0,1.4088060507049227
600228,返利科技,2026-07-13,6.81,6.98,6.4,6.4,32540301.0,216480330.0,0.07821488751232442,6.81,6.98,6.4,6.4,1.0,0.9435203777813689
600228,返利科技,2026-07-14,6.45,6.8,6.25,6.76,31629800.0,207154796.0,0.07602637876758787,6.45,6.8,6.25,6.76,1.0,0.9899099093663051
600228,返利科技,2026-07-15,6.74,7.13,6.63,6.96,29680300.0,205586403.0,0.07134049945733575,6.74,7.13,6.63,6.96,1.0,0.9211025197721285
600228,返利科技,2026-07-16,7.15,7.17,6.52,6.55,26038601.0,174442040.0,0.06258719758595035,7.15,7.17,6.52,6.55,1.0,0.7951679299532528
600228,返利科技,2026-07-17,6.61,6.7,6.12,6.18,23717101.0,151591286.0,0.05700716741475246,6.61,6.7,6.12,6.18,1.0,0.7009353464623813
600228,返利科技,2026-07-20,6.11,6.41,5.65,5.77,25293901.0,153170233.0,0.06079721332211616,6.11,6.41,5.65,5.77,1.0,0.8806694308806639
600228,返利科技,2026-07-21,5.9,5.94,5.29,5.9,30810149.0,172315894.0,0.07405623993069255,5.9,5.94,5.29,5.9,1.0,1.1297380502508134
600228,返利科技,2026-07-22,5.92,6.19,5.77,5.82,19704000.0,117102781.0,0.047361152053966564,5.92,6.19,5.77,5.82,1.0,0.7268700177273062
600228,返利科技,2026-07-23,5.78,5.95,5.6,5.83,19522700.0,112373968.0,0.04692537369082283,5.78,5.95,5.6,5.83,1.0,0.7774019049701542
600228,返利科技,2026-07-24,5.71,5.8,5.65,5.69,11928400.0,68167470.0,0.02867147615512255,5.71,5.8,5.65,5.69,1.0,0.5009918238675304
600228,返利科技,2026-07-27,5.65,5.92,5.63,5.91,20113600.0,116972016.0,0.048345679453545565,5.65,5.92,5.63,5.91,1.0,0.9376169771996142
600228,返利科技,2026-07-28,5.79,6.37,5.73,6.05,26030600.0,159127845.0,0.06256796613154599,5.79,6.37,5.73,6.05,1.0,1.2750241727353333
600228,返利科技,2026-07-29,6.13,6.66,6.13,6.66,35788892.0,230320599.0,0.0860233026722994,6.13,6.66,6.13,6.66,1.0,1.839113539357426
600228,返利科技,2026-07-30,6.67,7.33,6.66,7.33,24161946.0,171806560.0,0.05807641080114338,6.67,7.33,6.66,7.33,1.0,1.0654900640823017
600228,返利科技,2026-07-31,7.33,8.06,7.0,7.74,86983152.0,659891510.0,0.2090754307757453,7.33,8.06,7.0,7.74,1.0,3.684994839753778
600228,返利科技,2026-08-03,7.35,7.48,6.97,7.12,63021637.0,448206607.0,0.15148078220903802,7.35,7.48,6.97,7.12,1.0,1.632023715366298
600228,返利科技,2026-08-04,7.2,7.83,7.06,7.83,39944169.0,297549754.0,0.09601105672342354,7.2,7.83,7.06,7.83,1.0,0.8463241585704915
600228,返利科技,2026-08-05,7.83,8.18,7.67,7.73,64774219.0,508153802.0,0.15569334324177475,7.83,8.18,7.67,7.73,1.0,1.2960038390747626
600228,返利科技,2026-08-06,7.73,7.99,7.62,7.77,44235028.0,344917273.0,0.10632469991978626,7.73,7.99,7.62,7.77,1.0,0.7930689798752728
600228,返利科技,2026-08-07,7.7,7.96,7.56,7.94,37900038.0,294991167.0,0.09109771937520862,7.7,7.96,7.56,7.94,1.0,0.6338685034585353
600228,返利科技,2026-08-10,8.05,8.28,7.91,8.25,38228700.0,312111919.0,0.09188770166085422,8.05,8.28,7.91,8.25,1.0,0.7649561996557712
600228,返利科技,2026-08-11,8.06,8.39,7.97,8.24,30376601.0,250146377.0,0.07301415036762447,8.06,8.39,7.97,8.24,1.0,0.6747891927495949
600228,返利科技,2026-08-12,8.28,8.4,8.1,8.33,26602701.0,219753704.0,0.06394308602858345,8.28,8.4,8.1,8.33,1.0,0.6171902675765991
600228,返利科技,2026-08-13,8.23,8.53,8.2,8.2,26889300.0,223486508.0,0.06463196436889582,8.23,8.53,8.2,8.2,1.0,0.7581153383452236
600228,返利科技,2026-08-14,8.18,8.38,7.99,8.36,27146902.0,222248324.0,0.06525114461104999,8.18,8.38,7.99,8.36,1.0,0.848354791398407
600228,返利科技,2026-08-17,8.36,8.49,8.19,8.45,21049700.0,175333323.0,0.05059571875712444,8.36,8.49,8.19,8.45,1.0,0.7052099658087895
600228,返利科技,2026-08-18,8.58,8.84,8.29,8.82,31755500.0,273443530.0,0.07632851522785908,8.58,8.84,8.29,8.82,1.0,1.2022659655301786
600228,返利科技,2026-08-19,8.75,9.2,8.28,8.38,32733600.0,282979931.0,0.07867950704799634,8.75,9.2,8.28,8.38,1.0,1.2264910649517422
600228,返利科技,2026-08-20,8.38,8.67,8.14,8.2,23202700.0,193817457.0,0.05577073704641545,8.38,8.67,8.14,8.2,1.0,0.8311911039772008
600228,返利科技,2026-08-21,8.18,8.76,8.05,8.21,36692788.0,308780314.0,0.08819593543199146,8.18,8.76,8.05,8.21,1.0,1.3501074212352575
600228,返利科技,2026-08-24,8.32,8.51,8.08,8.2,22810800.0,188208931.0,0.05482875392167177,8.32,8.51,8.08,8.2,1.0,0.7842304697775259
600228,返利科技,2026-08-25,8.25,8.5,8.08,8.32,24081500.0,200919086.0,0.05788304827383251,8.25,8.5,8.08,8.32,1.0,0.8180113632364623
600228,返利科技,2026-08-26,8.4,8.56,8.29,8.43,14834400.0,124894967.0,0.035656428848424765,8.4,8.56,8.29,8.43,1.0,0.5316174176822266
600228,返利科技,2026-08-27,8.5,8.6,8.4,8.57,16805690.0,143038983.0,0.04039468328571992,8.5,8.6,8.4,8.57,1.0,0.6908973714565964
600228,返利科技,2026-08-28,8.55,8.57,8.26,8.31,18163600.0,152070154.0,0.04365859832762013,8.55,8.57,8.26,8.31,1.0,0.7881784309328643
600228,返利科技,2026-08-31,8.2,8.86,8.2,8.86,30677088.0,265997559.0,0.07373641034007881,8.2,8.86,8.2,8.86,1.0,1.5862647458286532
600228,返利科技,2026-09-01,9.03,9.3,8.93,9.14,29348700.0,267782777.0,0.07054345530279377,9.03,9.3,8.93,9.14,1.0,1.4034076419031345
600228,返利科技,2026-09-02,9.17,9.95,9.07,9.75,50260000.0,484367284.0,0.12080651148154484,9.17,9.95,9.07,9.75,1.0,2.288092455469924
600228,返利科技,2026-09-03,9.89,10.73,9.89,10.28,65457291.0,685484328.0,0.15733519651297895,9.89,10.73,9.89,10.28,1.0,2.2531842570075242
600228,返利科技,2026-09-04,10.4,10.79,10.07,10.3,51380300.0,539561858.0,0.12349929967917266,10.4,10.79,10.07,10.3,1.0,1.3248718472456538
600228,返利科技,2026-09-07,10.21,10.47,9.51,9.92,43396400.0,431598191.0,0.10430894737082595,10.21,10.47,9.51,9.92,1.0,0.95534859051212
600228,返利科技,2026-09-08,10.02,10.19,9.85,10.06,25096132.0,251375628.0,0.060321849554324805,10.02,10.19,9.85,10.06,1.0,0.5231790031908873
600228,返利科技,2026-09-09,10.15,10.23,9.9,9.92,17553200.0,175770984.0,0.04219142175363814,10.15,10.23,9.9,9.92,1.0,0.3725368401798406
600487,亨通光电,2026-03-19,42.77,44.29,42.76,43.0,90545645.0,3945107464.0,0.0370302404489565,42.88,44.4,42.87,43.11,0.9974483878450476,0.6416911587973341
600487,亨通光电,2026-03-20,44.39,45.29,42.78,42.87,128651148.0,5679526220.0,0.0526141587977455,44.5,45.4,42.89,42.98,0.9974406700791064,0.9966941024626266
600487,亨通光电,2026-03-23,41.93,42.86,40.82,41.26,106727762.0,4453621103.0,0.0436482029526544,42.03,42.97,40.92,41.36,0.9975822050290136,0.8295896044623016
600487,亨通光电,2026-03-24,42.69,44.29,41.5,44.26,138690856.0,5946857916.0,0.0567200746734048,42.8,44.4,41.6,44.37,0.9975208474194276,1.110354607588837
600487,亨通光电,2026-03-25,45.97,48.48,45.89,48.05,180209572.0,8519398088.0,0.0736998867517431,46.08,48.6,46.0,48.17,0.997508822918829,1.4954984973386942
600487,亨通光电,2026-03-26,47.69,49.76,47.05,47.76,138967101.0,6746968966.0,0.0568330499443062,47.81,49.88,47.17,47.88,0.9974937343358397,1.0775567375930906
600487,亨通光电,2026-03-27,46.76,50.09,46.41,48.83,139297170.0,6744220350.0,0.0569680374904742,46.88,50.21,46.52,48.95,0.9975485188968334,1.004672813039866
600487,亨通光电,2026-03-30,47.98,53.72,47.98,53.72,135108699.0,6944960560.0,0.0552550883117094,48.1,53.85,48.1,53.85,0.9975858867223768,0.9597254302742135
600487,亨通光电,2026-03-31,53.18,54.53,51.21,52.53,176089922.0,9334560461.0,0.0720150831362237,53.31,54.66,51.34,52.66,0.9975313330801368,1.2023509421545313
600487,亨通光电,2026-04-01,54.53,54.57,50.46,51.83,128739639.0,6686306032.0,0.0526503487548391,54.66,54.7,50.58,51.96,0.997498075442648,0.8363274316125202
600487,亨通光电,2026-04-02,51.9,55.66,51.9,53.26,146987529.0,7954717996.0,0.0601131456059313,52.03,55.8,52.03,53.39,0.9975650870949616,1.0233013854416506
600487,亨通光电,2026-04-03,54.32,58.59,53.88,57.91,169832639.0,9806984504.0,0.0694560567573496,54.45,58.73,54.01,58.05,0.997588285960379,1.1692871789254462
600487,亨通光电,2026-04-07,58.21,61.35,57.86,58.56,166875408.0,9947552532.0,0.068246644918789,58.35,61.5,58.0,58.7,0.9976149914821124,1.1025672250590384
600487,亨通光电,2026-04-08,60.65,60.72,56.41,58.42,195107878.0,11309217308.0,0.0797928120764469,60.8,60.87,56.55,58.56,0.9976092896174864,1.2371696782064665
600487,亨通光电,2026-04-09,57.07,60.65,55.97,59.39,194181874.0,11401581735.0,0.07941410638854,57.21,60.8,56.11,59.54,0.997480685253611,1.2023003829964032
600487,亨通光电,2026-04-10,59.06,59.06,55.57,55.84,208927553.0,11924256297.0,0.0854446122063861,59.21,59.21,55.71,55.98,0.9974991068238658,1.1966269437692085
600487,亨通光电,2026-04-13,54.86,55.81,52.97,53.36,203511870.0,10991182404.0,0.0832297730091467,55.0,55.95,53.1,53.49,0.9975696391848944,1.0883856639711702
600487,亨通光电,2026-04-14,53.38,54.28,52.02,52.54,156956401.0,8321295205.0,0.0641900918485128,53.51,54.41,52.15,52.67,0.9975318017846972,0.810219173823587
600487,亨通光电,2026-04-15,52.73,53.86,51.6,52.0,130152540.0,6872018676.0,0.0532281795689061,52.86,53.99,51.73,52.13,0.997506234413965,0.6788072297021813
600487,亨通光电,2026-04-16,51.68,53.31,50.77,53.01,142840210.0,7505347572.0,0.0584170262642608,51.81,53.44,50.89,53.14,0.9975536319156943,0.7991237396177258
600487,亨通光电,2026-04-17,52.46,55.96,52.46,55.51,213417354.0,11580699229.0,0.087280795609773,52.59,56.1,52.59,55.65,0.9974842767295596,1.266739368190908
600487,亨通光电,2026-04-20,58.21,60.84,57.36,60.74,221872593.0,13239760047.0,0.0907387149080827,58.35,60.99,57.5,60.89,0.9975365413039908,1.309943668121175
600487,亨通光电,2026-04-21,59.35,60.25,57.13,59.65,183209207.0,10811839421.0,0.0749266404549069,59.5,60.4,57.27,59.8,0.9974916387959868,1.0587201122989476
600487,亨通光电,2026-04-22,59.55,65.62,59.4,65.62,203696367.0,13095647409.0,0.0833052263152898,59.7,65.78,59.55,65.78,0.9975676497415628,1.1424465330870799
600487,亨通光电,2026-04-23,66.61,70.13,65.87,69.35,273438882.0,18775907731.0,0.1118276593927167,66.77,70.3,66.03,69.52,0.997554660529344,1.41672931486513
600487,亨通光电,2026-04-24,67.83,71.12,66.39,69.37,221203009.0,15309618265.0,0.0904648767072418,68.0,71.3,66.55,69.54,0.9975553638193844,1.00947454914849
600487,亨通光电,2026-04-27,69.37,74.31,68.73,71.2,249512238.0,17920805105.0,0.1020424358134205,69.54,74.49,68.9,71.38,0.9974782852339592,1.1306312414342572
600487,亨通光电,2026-04-28,69.83,71.42,67.51,68.12,176584323.0,12142025886.0,0.0722172771556953,70.0,71.6,67.68,68.29,0.9975106164885048,0.7806145092590219
600487,亨通光电,2026-04-29,66.84,68.03,65.19,67.21,123763734.0,8317628140.0,0.0506153645366455,67.0,68.2,65.35,67.38,0.9974769961412882,0.5503375202755972
600487,亨通光电,2026-04-30,67.53,67.83,63.14,65.54,160934768.0,10576815341.0,0.065817115286296,67.7,68.0,63.3,65.7,0.9975646879756468,0.7703898094091687
600487,亨通光电,2026-05-06,67.33,72.09,67.33,71.62,191574699.0,13541236056.0,0.0783478561327435,67.5,72.27,67.5,71.8,0.9974930362116992,1.0277633868324139
600487,亨通光电,2026-05-07,74.37,76.44,71.62,75.77,190890446.0,14195232326.0,0.0780680187853159,74.55,76.63,71.8,75.96,0.9974986835176408,1.0577174349066896
600487,亨通光电,2026-05-08,74.07,79.29,74.07,77.08,163302292.0,12666073983.0,0.0667853560336966,74.25,79.49,74.25,77.27,0.9975410896855184,0.9677196141876347
600487,亨通光电,2026-05-11,79.11,79.7,73.65,74.81,238897082.0,18066147740.0,0.0977011803164479,79.3,79.9,73.83,74.99,0.9975996799573278,1.438331608685037
600487,亨通光电,2026-05-12,75.31,78.31,74.48,74.92,177002325.0,13523270711.0,0.0723882264550034,75.5,78.5,74.66,75.1,0.9976031957390148,0.9359267050716378
600487,亨通光电,2026-05-13,73.16,76.81,73.15,75.24,152332907.0,11489160886.0,0.0622992323319197,73.34,77.0,73.33,75.43,0.9974811083123424,0.792025366947142
600487,亨通光电,2026-05-14,76.69,77.01,73.5,73.82,143096362.0,10748420520.0,0.0585217841479943,76.88,77.2,73.68,74.0,0.9975675675675676,0.7756530554419504
600487,亨通光电,2026-05-15,73.8,74.33,67.8,69.63,158376933.0,11115658480.0,0.064771043494784,73.98,74.51,67.97,69.8,0.99756446991404,0.9053928959442012
600487,亨通光电,2026-05-18,68.84,72.77,68.84,71.62,129168578.0,9263930935.0,0.0528257709334313,69.01,72.95,69.01,71.8,0.9974930362116992,0.7425994305620259
600487,亨通光电,2026-05-19,70.23,75.92,66.36,75.28,194173310.0,13790836807.0,0.0794106039895101,70.4,76.11,66.52,75.47,0.9974824433549756,1.2774944713630552
600487,亨通光电,2026-05-20,74.52,77.94,73.82,75.59,171065316.0,13006915425.0,0.0699601817840794,74.7,78.13,74.0,75.78,0.9974927421483242,1.1005966443281099
600487,亨通光电,2026-05-21,75.8,75.81,69.21,69.73,163020418.0,11822591674.0,0.0666700786838439,75.99,76.0,69.38,69.9,0.9975679542203147,1.0241513531543383
600487,亨通光电,2026-05-22,70.49,73.12,69.52,72.87,131991938.0,9418532411.0,0.0539804338625425,70.66,73.3,69.69,73.05,0.9975359342915812,0.8089678905997283
600487,亨通光电,2026-05-25,72.92,73.56,69.5,73.23,146251848.0,10447795702.0,0.0598122758697476,73.1,73.74,69.67,73.41,0.9975480179812016,0.9263252103862235
600487,亨通光电,2026-05-26,71.83,71.9,67.5,69.24,159662162.0,11077089473.0,0.0652966605899184,72.01,72.08,67.67,69.41,0.997550785189454,0.98984254029214
600487,亨通光电,2026-05-27,68.47,71.42,67.85,68.52,133268843.0,9318643453.0,0.0545026467108852,68.64,71.6,68.02,68.69,0.9975251128257387,0.8631494749706383
600487,亨通光电,2026-05-28,67.33,70.81,65.46,70.31,160320211.0,10896059959.0,0.0655657813488152,67.5,70.98,65.62,70.48,0.9975879682179342,1.0918091607977245
600487,亨通光电,2026-05-29,70.32,77.34,69.31,76.93,323928166.0,24318139898.0,0.1324761436639995,70.49,77.53,69.48,77.12,0.997536307053942,2.214151601270954
600487,亨通光电,2026-06-01,75.06,80.61,73.22,75.37,237217082.0,18218873693.0,0.0970141146496867,75.24,80.81,73.4,75.56,0.9974854420328216,1.2844328537599925
600487,亨通光电,2026-06-02,74.43,82.92,74.43,82.92,191393332.0,15481292596.0,0.0782736828953724,74.61,83.12,74.61,83.12,0.9975938402309912,0.9433852482356444
600487,亨通光电,2026-06-03,89.78,91.21,87.9,91.21,69916280.0,6333266041.0,0.0285934973426559,90.0,91.43,88.12,91.43,0.9975937875970686,0.33416706397796964
600487,亨通光电,2026-06-04,92.77,98.75,92.17,97.63,265385062.0,25729176064.0,0.1085339074830295,93.0,98.99,92.4,97.87,0.9975477674466128,1.3501821008237602
600487,亨通光电,2026-06-05,95.76,102.71,94.77,95.88,250990648.0,24741726780.0,0.102647057689847,96.0,102.96,95.0,96.12,0.9975031210986266,1.153619401733999
600487,亨通光电,2026-06-08,92.32,102.08,92.32,95.24,244205900.0,23688740828.0,0.0998723151848311,92.55,102.33,92.55,95.47,0.9975908662407038,1.2031004116135682
600487,亨通光电,2026-06-09,99.53,104.76,97.46,104.76,172943017.0,17494277102.0,0.0707281007659504,99.77,105.02,97.7,105.02,0.9975242810893163,0.8461909314649148
600487,亨通光电,2026-06-10,105.74,109.72,104.16,106.62,212989149.0,22674388390.0,0.0871056736134424,106.0,109.99,104.42,106.88,0.9975673652694612,1.0612939312827916
600487,亨通光电,2026-06-11,104.84,107.73,97.76,102.15,224922901.0,23106596441.0,0.0919861922294202,105.1,108.0,98.0,102.4,0.99755859375,0.9808992517504649
600487,亨通光电,2026-06-12,104.82,105.23,96.76,96.76,215530121.0,21531247168.0,0.0881448489833243,105.08,105.49,97.0,97.0,0.9975257731958764,0.9743221657878959
600487,亨通光电,2026-06-15,98.7,99.67,92.65,99.04,220543981.0,21446293512.0,0.0901953555690071,98.94,99.92,92.88,99.28,0.9975825946817084,1.030010353495489
600487,亨通光电,2026-06-16,97.97,108.39,97.94,107.24,225899315.0,23769931050.0,0.0923855139770065,98.21,108.66,98.18,107.5,0.9975813953488372,1.0788662771511717
600487,亨通光电,2026-06-17,103.85,111.14,103.74,110.73,216953138.0,23269773515.0,0.0887268169142275,104.11,111.41,104.0,111.0,0.9975675675675676,0.9862533168646731
600487,亨通光电,2026-06-18,110.76,116.37,108.51,110.74,198467805.0,22505074474.0,0.0811669135553301,111.03,116.66,108.78,111.01,0.997567786685884,0.8989803995518751
600487,亨通光电,2026-06-22,114.92,121.69,114.89,119.84,181255520.0,21613245292.0,0.0741276456565155,115.2,121.99,115.17,120.13,0.9975859485557312,0.8411753705486262
600487,亨通光电,2026-06-23,120.9,124.85,115.36,117.02,183423327.0,21913201658.0,0.0750142086100063,121.2,125.16,115.64,117.31,0.9975279174835904,0.8792055054917236
600487,亨通光电,2026-06-24,114.68,120.25,113.38,118.73,164810573.0,19383070424.0,0.0674021941830587,114.96,120.55,113.66,119.02,0.9975634347168544,0.8191387655359793
600487,亨通光电,2026-06-25,121.7,124.46,116.86,122.7,161583190.0,19622701344.0,0.0660822989135416,122.0,124.77,117.15,123.0,0.997560975609756,0.8550186151360899
600487,亨通光电,2026-06-26,119.21,119.71,110.43,110.54,198822735.0,22720438835.0,0.0813120684464632,119.5,120.0,110.7,110.81,0.9975633968053426,1.1175587508297753
600487,亨通光电,2026-06-29,108.92,112.12,102.0,108.04,148882549.0,15897938406.0,0.0608881474986847,108.92,112.12,102.0,108.04,1.0,0.8365171805680138
600487,亨通光电,2026-06-30,112.0,113.44,107.8,109.34,126872267.0,13975574951.0,0.0518866539999158,112.0,113.44,107.8,109.34,1.0,0.7397606805767145
600487,亨通光电,2026-07-01,107.61,109.55,100.0,101.93,173351553.0,18064810011.0,0.0708951787774003,107.61,109.55,100.0,101.93,1.0,1.082133342168606
600487,亨通光电,2026-07-02,96.8,98.9,91.93,93.84,153584987.0,14660074216.0,0.062811292558133,96.8,98.9,91.93,93.84,1.0,0.9486266492698874
600487,亨通光电,2026-07-03,93.0,95.0,89.22,89.42,172639294.0,15934708533.0,0.0706038878817208,93.0,95.0,89.22,89.42,1.0,1.0769573232618315
600487,亨通光电,2026-07-06,91.5,92.63,82.61,84.6,198775807.0,17132304683.0,0.0812928764121717,91.5,92.63,82.61,84.6,1.0,1.28187765439171
600487,亨通光电,2026-07-07,84.6,85.24,78.55,80.89,170351427.0,13866392537.0,0.0696682242711161,84.6,85.24,78.55,80.89,1.0,1.0321527608965009
600487,亨通光电,2026-07-08,81.78,82.5,76.7,76.96,161693443.0,12790253122.0,0.0658992479208057,81.78,82.5,76.7,76.96,1.0,0.9306600204156296
600487,亨通光电,2026-07-09,78.18,80.58,74.0,80.06,238197174.0,18587446731.0,0.0970788569543991,78.18,80.58,74.0,80.06,1.0,1.3896422339141747
600487,亨通光电,2026-07-10,80.8,86.39,77.39,77.79,259314841.0,21320396181.0,0.1056855038741634,80.8,86.39,77.39,77.79,1.0,1.3769068836619935
600487,亨通光电,2026-07-13,75.08,76.33,70.01,70.01,160105457.0,11589705828.0,0.0652520535685352,75.08,76.33,70.01,70.01,1.0,0.7784711030075858
600487,亨通光电,2026-07-14,69.0,74.39,68.2,74.38,222459127.0,15911827997.0,0.0906647102716404,69.0,74.39,68.2,74.38,1.0,1.1239142764108527
600487,亨通光电,2026-07-15,75.88,77.0,70.4,71.05,214913792.0,15902878109.0,0.0875895583509126,75.88,77.0,70.4,71.05,1.0,1.0314838368139598
600487,亨通光电,2026-07-16,68.5,69.82,63.95,64.85,205642671.0,13703536039.0,0.0838110507630521,68.5,69.82,63.95,64.85,1.0,0.9390158703228292
600487,亨通光电,2026-07-17,64.08,65.2,58.37,58.39,206526234.0,12574511954.0,0.0841711527938479,64.08,65.2,58.37,58.39,1.0,0.9719468079564723
600487,亨通光电,2026-07-20,60.39,60.89,54.52,56.56,233169654.0,13526623920.0,0.0950298574355578,60.39,60.89,54.52,56.56,1.0,1.1547084728889594
600487,亨通光电,2026-07-21,57.0,60.26,50.9,59.96,335881880.0,18720185558.0,0.1368909145080565,57.0,60.26,50.9,59.96,1.0,1.551114432722399
600487,亨通光电,2026-07-22,57.61,59.38,55.05,55.12,261473881.0,15032868893.0,0.1065654351168355,57.61,59.38,55.05,55.12,1.0,1.092995561131132
600487,亨通光电,2026-07-23,56.11,58.18,55.0,55.67,183746677.0,10358384696.0,0.0748871914505971,56.11,58.18,55.0,55.67,1.0,0.7393076239376389
600487,亨通光电,2026-07-24,55.0,55.66,52.3,52.43,144395460.0,7755244212.0,0.0588493388515376,55.0,55.66,52.3,52.43,1.0,0.5913976818477388
600487,亨通光电,2026-07-27,52.87,55.83,51.32,55.55,156117915.0,8419560601.0,0.0636269040635387,52.87,55.83,51.32,55.55,1.0,0.6736958963359319
600487,亨通光电,2026-07-28,53.4,54.72,50.0,50.01,170244442.0,8845444753.0,0.0693842649543756,53.4,54.72,50.0,50.01,1.0,0.7869912770959091
600487,亨通光电,2026-07-29,50.01,51.0,47.27,49.75,174294429.0,8549584188.0,0.0710348643382296,50.01,51.0,47.27,49.75,1.0,0.951411265577094
600487,亨通光电,2026-07-30,49.7,50.5,45.6,47.2,176301508.0,8468141359.0,0.0718528628554462,49.7,50.5,45.6,47.2,1.0,1.0635963869369074
600487,亨通光电,2026-07-31,50.5,51.26,47.58,47.61,216925691.0,10766686297.0,0.0884095212914793,50.5,51.26,47.58,47.61,1.0,1.3205375268790698
600487,亨通光电,2026-08-03,47.33,48.5,46.33,47.37,153426594.0,7274093461.0,0.0625300381268447,47.33,48.5,46.33,47.37,1.0,0.858201939930717
600487,亨通光电,2026-08-04,48.5,50.86,48.2,50.27,225754445.0,11177252487.0,0.0920077392394872,48.5,50.86,48.2,50.27,1.0,1.26658608244558
600487,亨通光电,2026-08-05,48.15,55.3,48.08,54.41,347605671.0,18223584577.0,0.1416690242158244,48.15,55.3,48.08,54.41,1.0,1.8358756297873617
600487,亨通光电,2026-08-06,53.87,57.18,53.68,56.15,288933861.0,16026986041.0,0.117756934266992,53.87,57.18,53.68,56.15,1.0,1.2898672894963128
600487,亨通光电,2026-08-07,56.1,60.29,55.8,59.52,281966629.0,16505374914.0,0.1149173921039262,56.1,60.29,55.8,59.52,1.0,1.143745118500185
600487,亨通光电,2026-08-10,60.99,61.75,57.2,59.62,259599086.0,15376912700.0,0.1058013498316599,60.99,61.75,57.2,59.62,1.0,1.0002375225709246
600487,亨通光电,2026-08-11,57.99,59.27,56.36,57.62,191626365.0,11052134546.0,0.0780986111805276,57.99,59.27,56.36,57.62,1.0,0.6824982798922046
600487,亨通光电,2026-08-12,58.23,59.88,57.15,59.3,176170446.0,10351502294.0,0.0717994476577069,58.23,59.88,57.15,59.3,1.0,0.6430838145830864
600487,亨通光电,2026-08-13,60.14,60.8,57.21,57.25,216352692.0,12846078955.0,0.0881759917032734,60.14,60.8,57.21,57.25,1.0,0.9027511655177843
600487,亨通光电,2026-08-14,58.1,62.98,57.25,62.98,318281407.0,19196727611.0,0.1297177236090883,58.1,62.98,57.25,62.98,1.0,1.4136852816357681
600487,亨通光电,2026-08-17,63.8,65.5,63.2,65.06,298765151.0,19242714010.0,0.1217637424904481,63.8,65.5,63.2,65.06,1.0,1.2855311481993792
600487,亨通光电,2026-08-18,65.07,67.56,64.53,65.41,259648751.0,17095703551.0,0.1058215911357429,65.07,67.56,64.53,65.41,1.0,1.080792550983898
600487,亨通光电,2026-08-19,62.01,63.27,58.87,58.91,230701040.0,14023209580.0,0.0940237572314402,62.01,63.27,58.87,58.91,1.0,0.9088311021057828
600487,亨通光电,2026-08-20,59.8,62.37,58.08,62.02,195134067.0,11843644349.0,0.0795281986730167,59.8,62.37,58.08,62.02,1.0,0.7370508342449481
600487,亨通光电,2026-08-21,60.89,63.3,59.48,62.18,166256614.0,10263631641.0,0.0677589988881596,60.89,63.3,59.48,62.18,1.0,0.6382062635840974
600487,亨通光电,2026-08-24,62.2,62.23,59.3,60.43,148191168.0,8947601123.0,0.0603963051223157,62.2,62.23,59.3,60.43,1.0,0.6440262656586773
600487,亨通光电,2026-08-25,58.2,66.37,57.0,64.6,260143443.0,16273223193.0,0.1060232061805313,58.2,66.37,57.0,64.6,1.0,1.300806138107601
600487,亨通光电,2026-08-26,64.7,65.8,63.5,64.83,211074741.0,13678454901.0,0.0860249273495824,64.7,65.8,63.5,64.83,1.0,1.0549239571594962
600487,亨通光电,2026-08-27,66.18,71.31,66.13,71.3,275480915.0,19124123705.0,0.1122740958335299,66.18,71.31,66.13,71.3,1.0,1.4043684019737386
600487,亨通光电,2026-08-28,71.0,72.21,68.67,68.7,260227051.0,18323439306.0,0.106057281182077,71.0,72.21,68.67,68.7,1.0,1.226159430232543
600487,亨通光电,2026-08-31,66.0,68.2,65.66,67.38,190889164.0,12738482840.0,0.0777981599651591,66.0,68.2,65.66,67.38,1.0,0.8262760891270786
600487,亨通光电,2026-09-01,67.67,69.0,65.07,67.34,163716785.0,10951774272.0,0.0667238745328235,67.67,69.0,65.07,67.34,1.0,0.6833974448585151
600487,亨通光电,2026-09-02,65.39,68.77,64.19,66.9,149995287.0,10035464271.0,0.0611315859293404,65.39,68.77,64.19,66.9,1.0,0.6809371341482203
600487,亨通光电,2026-09-03,67.77,67.96,64.6,65.29,130676289.0,8617932992.0,0.0532579986325225,67.77,67.96,64.6,65.29,1.0,0.6280646597606468
600487,亨通光电,2026-09-04,65.7,66.49,61.22,62.22,159942100.0,10163899615.0,0.0651854763267939,65.7,66.49,61.22,62.22,1.0,0.893027820775759
600487,亨通光电,2026-09-07,62.99,64.64,62.22,64.0,140685365.0,8934349208.0,0.057337264733512,62.99,64.64,62.22,64.0,1.0,0.8845692471435171
600487,亨通光电,2026-09-08,63.9,65.5,62.66,63.11,150600604.0,9697410995.0,,63.9,65.5,62.66,63.11,1.0,1.0107208380295536
600487,亨通光电,2026-09-09,64.51,67.5,64.5,66.62,218400786.0,14492707429.0,,64.51,67.5,64.5,66.62,1.0,1.4920131980662459
600547,山东黄金,2026-03-19,41.17,42.01,40.16,40.24,69059136.0,2859521916.0,0.0191064375258002,41.59,42.44,40.57,40.65,0.9899138991389916,1.437963570242607
600547,山东黄金,2026-03-20,40.23,40.72,39.07,39.29,63080416.0,2540217540.0,0.0174523183638656,40.64,41.14,39.47,39.69,0.9899218946837994,1.1701518318381663
600547,山东黄金,2026-03-23,37.45,37.96,36.23,36.67,84115608.0,3147871877.0,0.0232720781388968,37.83,38.35,36.6,37.04,0.9900107991360692,1.459469179445355
600547,山东黄金,2026-03-24,37.13,38.35,36.33,38.28,61458870.0,2315657603.0,0.0170036888393923,37.51,38.74,36.7,38.67,0.9899146625290924,1.0174779065410784
600547,山东黄金,2026-03-25,39.7,40.5,38.89,39.16,68275552.0,2730028653.0,0.0188896450837081,40.11,40.91,39.29,39.56,0.9898887765419614,1.0826369989496183
600547,山东黄金,2026-03-26,39.08,39.25,37.22,37.65,50156288.0,1929375508.0,0.0138766286215635,39.48,39.65,37.6,38.03,0.9900078885090716,0.7248236740261156
600547,山东黄金,2026-03-27,36.68,38.55,36.65,38.19,65728953.0,2502503811.0,0.0181850832036294,37.05,38.94,37.02,38.58,0.989891135303266,1.0047633573546275
600547,山东黄金,2026-03-30,37.73,40.32,37.71,40.28,73602644.0,2930426716.0,0.0203634797765167,38.12,40.73,38.1,40.69,0.9899238142049644,1.116086910823683
600547,山东黄金,2026-03-31,40.47,41.08,39.73,39.84,58121370.0,2368819541.0,0.0160803101391092,40.88,41.5,40.14,40.25,0.9898136645962734,0.9103588428110696
600547,山东黄金,2026-04-01,41.13,41.41,40.17,40.71,49314632.0,2030216363.0,0.0136437695284202,41.55,41.83,40.58,41.13,0.9897884755652808,0.7805793584748126
600547,山东黄金,2026-04-02,40.29,40.45,38.67,39.63,44985441.0,1801009501.0,0.0124460218853168,40.7,40.86,39.06,40.03,0.9900074943792156,0.7575247895094409
600547,山东黄金,2026-04-03,39.62,40.09,39.3,39.78,27382716.0,1100213764.0,0.0075759151191919,40.02,40.5,39.7,40.19,0.9897984573276936,0.4692790176239466
600547,山东黄金,2026-04-07,39.47,39.69,38.61,39.3,27202998.0,1081424825.0,0.0075261929399387,39.87,40.1,39.0,39.7,0.9899244332493702,0.5367456137316092
600547,山东黄金,2026-04-08,41.26,42.55,41.07,42.06,66363712.0,2805728837.0,0.0183607005640528,41.68,42.98,41.49,42.49,0.9898799717580608,1.6029327913527165
600547,山东黄金,2026-04-09,40.99,41.12,40.54,40.85,42755062.0,1763021855.0,0.0118289478891644,41.41,41.54,40.95,41.27,0.9898231160649382,0.9931512546749296
600547,山东黄金,2026-04-10,41.06,41.18,39.71,39.79,49376455.0,2003618050.0,0.0136608739602967,41.48,41.6,40.12,40.2,0.9898009950248756,1.1830100100326357
600547,山东黄金,2026-04-13,39.57,39.57,38.7,39.1,38496222.0,1521775978.0,0.0106506641007257,39.97,39.97,39.1,39.5,0.989873417721519,0.903323907290949
600547,山东黄金,2026-04-14,39.6,39.77,38.56,39.0,35267811.0,1390340315.0,0.0097574668113894,40.0,40.18,38.95,39.4,0.9898477157360408,0.7865451432296614
600547,山东黄金,2026-04-15,39.6,39.87,38.16,38.39,48346933.0,1900507747.0,0.0133760383988666,40.0,40.28,38.55,38.78,0.9899432697266632,1.0407966636869792
600547,山东黄金,2026-04-16,38.49,39.03,38.01,38.85,40042221.0,1561061984.0,0.0110783922047734,38.88,39.43,38.4,39.25,0.9898089171974522,0.934507023053873
600547,山东黄金,2026-04-17,38.11,38.51,37.91,38.05,44760790.0,1723114480.0,0.0123838681929131,38.5,38.9,38.3,38.44,0.9898543184183144,1.0580264207131784
600547,山东黄金,2026-04-20,38.06,38.74,37.5,37.73,51918925.0,1994619227.0,0.0143642934791308,38.45,39.14,37.88,38.12,0.989769150052466,1.2546016888941245
600547,山东黄金,2026-04-21,37.74,37.75,36.98,37.42,39441464.0,1487684013.0,0.010912182102048,38.13,38.14,37.36,37.8,0.98994708994709,0.8950271920226809
600547,山东黄金,2026-04-22,37.1,37.1,36.45,36.87,54793053.0,2036278520.0,0.0151594720790072,37.48,37.48,36.82,37.25,0.9897986577181208,1.220279090673301
600547,山东黄金,2026-04-23,36.59,36.75,35.34,35.48,66501584.0,2401705796.0,0.018398845303578,36.96,37.13,35.7,35.84,0.989955357142857,1.4396996303021679
600547,山东黄金,2026-04-24,35.29,35.59,34.53,35.48,54807380.0,1939828625.0,0.0151634358982249,35.65,35.95,34.88,35.84,0.989955357142857,1.0645690084559527
600547,山东黄金,2026-04-27,35.07,35.57,34.9,35.28,33670348.0,1195909741.0,0.0093155002769503,35.43,35.93,35.26,35.64,0.98989898989899,0.629440759610904
600547,山东黄金,2026-04-28,34.98,35.13,34.35,34.44,36674736.0,1283850626.0,0.0101467176212459,35.34,35.49,34.7,34.79,0.9899396378269616,0.7358086055489321
600547,山东黄金,2026-04-29,34.12,35.11,33.98,35.04,42776085.0,1503264844.0,0.0118347642758059,34.47,35.47,34.33,35.4,0.9898305084745764,0.8678553090385104
600547,山东黄金,2026-04-30,34.2,34.68,33.56,34.03,77654536.0,2669268798.0,0.0214845077221789,34.55,35.03,33.9,34.38,0.9898196625945316,1.6562404970354216
600547,山东黄金,2026-05-06,34.28,35.35,34.02,35.29,80521836.0,2826347671.0,0.0222777972344851,34.63,35.71,34.37,35.65,0.9899018232819076,1.6394011012606997
600547,山东黄金,2026-05-07,35.99,36.13,34.91,35.61,76917712.0,2750270553.0,0.0212806522652629,36.36,36.5,35.27,35.97,0.9899916597164304,1.4175895534563654
600547,山东黄金,2026-05-08,35.15,36.58,35.14,36.13,90946714.0,3302842679.0,0.0251620250392044,35.51,36.95,35.5,36.5,0.9898630136986302,1.4456872858900702
600547,山东黄金,2026-05-11,35.64,35.67,34.75,35.02,64245215.0,2278926125.0,0.0177745807119438,36.0,36.03,35.1,35.38,0.989824759751272,0.8709635860134961
600547,山东黄金,2026-05-12,35.59,35.62,34.39,34.48,52307425.0,1841084288.0,0.0144717789098604,35.95,35.98,34.74,34.83,0.9899511915015792,0.6701165716640735
600547,山东黄金,2026-05-13,34.48,34.82,33.99,34.4,46070984.0,1597259866.0,0.0127463566521907,34.83,35.18,34.34,34.75,0.9899280575539569,0.6312150300709788
600547,山东黄金,2026-05-14,34.15,34.34,33.22,33.25,51597444.0,1756308885.0,0.0142753500460385,34.5,34.69,33.56,33.59,0.9898779398630544,0.7806249575438506
600547,山东黄金,2026-05-15,32.67,32.67,31.18,31.58,72672715.0,2337721558.0,0.0201061983888386,33.0,33.0,31.5,31.9,0.9899686520376176,1.1907009731453237
600547,山东黄金,2026-05-18,30.68,31.16,30.53,30.94,57960207.0,1803659593.0,0.0160357215304279,30.99,31.48,30.84,31.26,0.9897632757517594,1.0101335482756
600547,山东黄金,2026-05-19,31.03,31.1,30.16,30.54,41483687.0,1276197848.0,0.0114771993962587,31.35,31.42,30.47,30.85,0.9899513776337114,0.7391730176648966
600547,山东黄金,2026-05-20,29.91,30.39,29.72,30.14,46610242.0,1409837488.0,0.0128955519633989,30.22,30.7,30.02,30.45,0.9898193760262726,0.8638403841499928
600547,山东黄金,2026-05-21,30.69,30.86,29.3,29.3,46779256.0,1424344585.0,0.0129423126907845,31.0,31.18,29.6,29.6,0.9898648648648648,0.8652432812226515
600547,山东黄金,2026-05-22,29.44,29.96,29.2,29.75,43724494.0,1307595841.0,0.0120971584839727,29.74,30.27,29.5,30.05,0.9900166389351082,0.8234178583319743
600547,山东黄金,2026-05-25,30.04,30.53,29.59,29.76,48280866.0,1465750535.0,0.0133577597889515,30.35,30.84,29.89,30.06,0.9900199600798404,1.0204873491302673
600547,山东黄金,2026-05-26,29.66,31.23,29.28,31.14,81350286.0,2498782546.0,0.0225070026529869,29.96,31.55,29.58,31.46,0.9898283534647172,1.792815755231505
600547,山东黄金,2026-05-27,30.7,31.02,29.49,29.6,52653636.0,1593707703.0,0.0145675643370375,31.01,31.34,29.79,29.9,0.9899665551839466,0.9869652210051104
600547,山东黄金,2026-05-28,29.1,29.47,28.22,28.67,54915141.0,1589879678.0,0.0151932498943661,29.4,29.77,28.51,28.96,0.989986187845304,1.0065514739479267
600547,山东黄金,2026-05-29,29.35,29.6,28.58,28.58,49321304.0,1440755767.0,0.0136456154558175,29.65,29.9,28.87,28.87,0.9899549705576722,0.8778393753255124
600547,山东黄金,2026-06-01,28.66,29.58,28.58,29.11,57625015.0,1695971685.0,0.0159429847054675,28.95,29.88,28.87,29.41,0.9897993879632778,1.0055976375056295
600547,山东黄金,2026-06-02,29.23,29.77,28.51,29.63,45971856.0,1357233744.0,0.0127189311289542,29.53,30.07,28.8,29.93,0.989976612094888,0.7769049506440737
600547,山东黄金,2026-06-03,28.9,29.59,28.79,29.09,41235177.0,1213412491.0,0.0114084446874026,29.2,29.89,29.08,29.39,0.9897924464103436,0.7915017754900829
600547,山东黄金,2026-06-04,29.0,29.06,28.26,28.42,37901296.0,1093524258.0,0.0104860672477985,29.3,29.36,28.55,28.71,0.98989898989899,0.7608609090512303
600547,山东黄金,2026-06-05,28.35,28.53,27.67,27.77,41062091.0,1164041424.0,0.0113605573688356,28.64,28.82,27.95,28.05,0.9900178253119428,0.8847504532639225
600547,山东黄金,2026-06-08,26.58,26.97,25.88,26.19,62930927.0,1684005989.0,0.0174109595747939,26.85,27.25,26.14,26.46,0.9897959183673468,1.4059921955065795
600547,山东黄金,2026-06-09,26.72,27.12,26.06,27.02,49094475.0,1319647960.0,0.013582859180999,26.99,27.4,26.33,27.3,0.9897435897435896,1.0714575807360924
600547,山东黄金,2026-06-10,26.19,26.56,25.84,26.34,54420306.0,1438802028.0,0.0150563449957429,26.46,26.83,26.1,26.61,0.9898534385569336,1.1717202780009364
600547,山东黄金,2026-06-11,26.13,27.17,26.08,26.68,54260295.0,1460181442.0,0.0150120751083389,26.4,27.45,26.35,26.95,0.9899814471243042,1.1055070106509297
600547,山东黄金,2026-06-12,27.32,28.61,26.92,27.51,82780901.0,2320019237.0,0.0229028077224418,27.6,28.9,27.19,27.79,0.9899244332493704,1.5811877554489129
600547,山东黄金,2026-06-15,28.53,29.02,28.01,28.37,80617268.0,2313457826.0,0.0223042001936238,28.82,29.32,28.3,28.66,0.9898813677599442,1.3281836372089388
600547,山东黄金,2026-06-16,28.19,28.44,27.88,27.96,53347522.0,1517200903.0,0.014759540233015,28.48,28.73,28.16,28.25,0.9897345132743364,0.8305100569631819
600547,山东黄金,2026-06-17,28.13,28.37,27.68,27.97,37758058.0,1066944975.0,0.0104464379089906,28.42,28.66,27.96,28.26,0.9897381457891012,0.5801322592582655
600547,山东黄金,2026-06-18,27.57,27.81,26.52,26.64,63584227.0,1743828558.0,0.0175917066324404,27.85,28.09,26.79,26.91,0.9899665551839464,1.029657245323552
600547,山东黄金,2026-06-22,26.63,27.05,25.9,27.01,74677530.0,1994680245.0,0.0206608660949085,26.9,27.33,26.16,27.29,0.989739831440088,1.1738502495297087
600547,山东黄金,2026-06-23,26.73,26.82,24.5,24.61,107012329.0,2729892183.0,0.0296068630011369,27.0,27.09,24.75,24.86,0.98994368463395,1.7260910263591962
600547,山东黄金,2026-06-24,24.4,24.74,23.96,24.51,59422628.0,1462685119.0,0.0164403262951461,24.65,24.99,24.2,24.76,0.989903069466882,0.8832672424378946
600547,山东黄金,2026-06-25,23.87,23.97,23.36,23.69,77625325.0,1853371639.0,0.0214764259797927,24.11,24.21,23.6,23.93,0.989970748015044,1.1333660872449456
600547,山东黄金,2026-06-26,24.0,24.01,22.59,22.77,59805054.0,1388374250.0,0.0165461312458081,24.24,24.26,22.82,23.0,0.99,0.7821293033018167
600547,山东黄金,2026-06-29,22.8,23.53,22.47,23.31,63851458.0,1489608221.0,0.0176656408387191,23.03,23.77,22.7,23.55,0.989808917197452,0.8433847753453634
600547,山东黄金,2026-06-30,22.59,23.06,22.32,22.86,55053410.0,1259072857.0,0.0152315044709981,22.82,23.3,22.55,23.09,0.9900389779125164,0.748584384753447
600547,山东黄金,2026-07-01,22.77,23.38,22.49,22.97,51431539.0,1191702886.0,0.0142294494787664,23.0,23.62,22.72,23.2,0.9900862068965516,0.8144141931535358
600547,山东黄金,2026-07-02,23.56,24.52,23.33,23.94,108237488.0,2619607041.0,0.0299458250161362,23.8,24.77,23.57,24.18,0.9900744416873448,1.758433543247906
600547,山东黄金,2026-07-03,25.13,26.21,24.85,25.82,156231178.0,4058133109.0,0.0432241324600293,25.39,26.48,25.1,26.08,0.990030674846626,2.308523896975636
600547,山东黄金,2026-07-06,25.53,27.05,25.29,25.54,110631444.0,2917146855.0,0.0306081554969797,25.79,27.33,25.55,25.8,0.989922480620155,1.2721958743107857
600547,山东黄金,2026-07-07,25.06,25.31,24.48,24.52,58465136.0,1468552896.0,0.0161754191135756,25.32,25.57,24.73,24.77,0.9899071457408156,0.6070073698029739
600547,山东黄金,2026-07-08,24.15,25.44,24.07,24.4,59549646.0,1482954423.0,0.0164754680826375,24.4,25.7,24.32,24.65,0.9898580121703854,0.6139179458684453
600547,山东黄金,2026-07-09,23.91,24.5,23.34,24.21,69347589.0,1659673023.0,0.0191862431756078,23.98,24.57,23.41,24.28,0.9971169686985172,0.7031585349079257
600547,山东黄金,2026-07-10,24.43,25.89,23.91,24.89,78924803.0,1969727409.0,0.0218359496671895,24.5,25.96,23.98,24.96,0.9971955128205128,0.8687853400440253
600547,山东黄金,2026-07-13,24.28,24.47,23.81,23.89,53078505.0,1281254036.0,0.0146851118980894,24.35,24.54,23.88,23.96,0.9970784641068448,0.7041109468357438
600547,山东黄金,2026-07-14,23.24,25.23,23.16,25.19,74897621.0,1824274822.0,0.0207217581822565,23.31,25.3,23.23,25.26,0.9972288202692005,1.1725997175795462
600547,山东黄金,2026-07-15,25.13,25.42,24.37,24.62,53999886.0,1341840618.0,0.0149400283296237,25.2,25.49,24.44,24.69,0.9971648440664236,0.8040527285312972
600547,山东黄金,2026-07-16,24.32,25.43,24.23,24.69,55990084.0,1393073903.0,0.015490651982821,24.39,25.5,24.3,24.76,0.997172859450727,0.8476965115022933
600547,山东黄金,2026-07-17,24.24,24.48,23.19,23.69,84995541.0,2014235611.0,0.0235155272444777,24.31,24.55,23.26,23.76,0.997053872053872,1.3410852326181826
600547,山东黄金,2026-07-20,23.58,24.48,23.47,24.35,69191207.0,1669122029.0,0.0191429773155606,23.65,24.55,23.54,24.42,0.9971334971334972,1.0711985430021833
600547,山东黄金,2026-07-21,24.53,26.01,24.33,25.8,96524499.0,2428276746.0,0.0267052184066228,24.6,26.08,24.4,25.87,0.9972941631233088,1.4233530512021437
600547,山东黄金,2026-07-22,26.14,27.57,26.14,27.32,132895302.0,3610969030.0,0.0367678475608985,26.21,27.65,26.21,27.4,0.997080291970803,1.8421798393876778
600547,山东黄金,2026-07-23,27.18,28.01,26.92,27.34,105713042.0,2906878377.0,0.0292473921572853,27.26,28.09,27.0,27.42,0.9970824215900802,1.2023868481267463
600547,山东黄金,2026-07-24,26.34,26.78,25.8,25.87,82228481.0,2166534872.0,0.0227499709099742,26.41,26.86,25.87,25.94,0.997301464919044,0.8402328714445443
600547,山东黄金,2026-07-27,26.43,26.56,25.88,26.37,52219678.0,1373146117.0,0.0144475021425754,26.5,26.64,25.95,26.44,0.9973524962178516,0.5366293942883631
600547,山东黄金,2026-07-28,25.81,26.58,25.69,26.52,49936819.0,1313355943.0,0.0138159086215717,25.88,26.66,25.76,26.6,0.9969924812030074,0.531716772903006
600547,山东黄金,2026-07-29,26.15,27.59,26.08,27.25,60919938.0,1647029898.0,0.0168545837218789,26.22,27.67,26.15,27.33,0.9970728137577756,0.7201051982565341
600547,山东黄金,2026-07-30,27.77,28.52,27.48,27.61,80047105.0,2245625126.0,0.022146454464818,27.85,28.6,27.56,27.69,0.9971108703503068,1.1402138149296626
600547,山东黄金,2026-07-31,27.62,28.65,27.61,28.12,73270619.0,2070273272.0,0.0202716191584009,27.7,28.73,27.69,28.2,0.997163120567376,1.1260206525657328
600547,山东黄金,2026-08-03,27.92,28.1,26.94,27.59,50022526.0,1379025803.0,0.013839620986595,28.0,28.18,27.02,27.67,0.9971087820744488,0.7905096313740735
600547,山东黄金,2026-08-04,27.39,27.7,26.89,27.0,55830227.0,1517046786.0,0.0154464247022544,27.47,27.78,26.97,27.08,0.9970457902511078,0.8884589247535385
600547,山东黄金,2026-08-05,27.31,28.91,27.03,28.87,97632030.0,2766424275.0,0.0270116365445414,27.39,28.99,27.11,28.95,0.9972366148531951,1.5250695651102204
600547,山东黄金,2026-08-06,30.44,30.63,29.27,29.88,121465056.0,3653816645.0,0.0336054668281953,30.53,30.72,29.35,29.96,0.9973297730307076,1.7021328832759572
600547,山东黄金,2026-08-07,29.73,30.4,29.52,30.39,78236744.0,2355801923.0,0.0216455859143391,29.81,30.49,29.6,30.48,0.9970472440944882,0.9823295416932096
600547,山东黄金,2026-08-10,30.51,31.81,29.97,31.38,98890866.0,3082883293.0,0.0273599159002117,30.6,31.9,30.05,31.47,0.9971401334604384,1.2263660321256276
600547,山东黄金,2026-08-11,32.11,32.46,29.91,29.97,120441012.0,3785538789.0,0.0333221468528387,32.2,32.55,29.99,30.05,0.9973377703826954,1.3321502086594907
600547,山东黄金,2026-08-12,30.09,31.31,30.09,30.93,82663560.0,2551468540.0,0.0228703432490126,30.18,31.4,30.18,31.02,0.9970986460348162,0.7999714198179377
600547,山东黄金,2026-08-13,31.26,31.4,29.31,29.42,88205074.0,2663348560.0,0.0244035015995507,31.35,31.49,29.39,29.5,0.9972881355932204,0.8790667689504004
600547,山东黄金,2026-08-14,28.42,29.42,28.32,29.26,57100554.0,1655674404.0,0.0157978832473314,28.5,29.5,28.4,29.34,0.9972733469665984,0.6094792127293991
600547,山东黄金,2026-08-17,30.1,30.36,29.68,30.01,52655396.0,1584081284.0,0.0145680512723222,30.19,30.45,29.76,30.1,0.9970099667774086,0.5885901018621762
600547,山东黄金,2026-08-18,30.31,30.88,29.93,30.52,60193410.0,1831714069.0,0.016653576836378,30.4,30.97,30.01,30.61,0.9970597843841882,0.7504185175733696
600547,山东黄金,2026-08-19,29.66,32.88,29.62,32.51,176763187.0,5668465653.0,0.0489046777138488,29.74,32.97,29.7,32.6,0.9972392638036808,2.5932196966102676
600547,山东黄金,2026-08-20,34.13,35.76,33.9,35.3,175550996.0,6193506561.0,0.0485693035265604,34.23,35.86,34.0,35.4,0.9971751412429378,2.0182097427595376
600547,山东黄金,2026-08-21,35.85,37.2,34.8,37.05,149358676.0,5440377565.0,0.0413227326204927,,,,,,1.4299167345862394
600547,山东黄金,2026-08-24,37.8,38.14,35.9,36.5,182867165.0,6744296982.0,0.0505934517279902,,,,,,1.4878821644148217
600547,山东黄金,2026-08-25,36.9,37.5,34.24,34.97,137178903.0,4807756269.0,0.037952981920123,,,,,,0.9209933161131584
600547,山东黄金,2026-08-26,35.27,35.59,34.4,34.49,96309249.0,3367814504.0,0.0266456656679754,,,,,,0.5860230660112323
600547,山东黄金,2026-08-27,34.4,35.93,34.26,34.89,99829219.0,3506436425.0,0.0276195279372295,34.4,35.93,34.26,34.89,1.0,0.6733706601648226
600547,山东黄金,2026-08-28,34.5,35.79,34.05,35.49,89992216.0,3144157267.0,0.0248979462009534,,,,,,0.67608093942967
600547,山东黄金,2026-08-31,33.67,38.09,33.6,37.85,194958580.0,7041882533.0,0.0539387566170642,,,,,,1.608100107408936
600547,山东黄金,2026-09-01,38.0,38.45,36.85,36.89,105927867.0,3978086210.0,0.0293068273121282,,,,,,0.8566498540106788
600547,山东黄金,2026-09-02,35.8,38.2,34.68,37.89,131884679.0,4811912149.0,0.0364882407437551,35.8,38.2,34.68,37.89,1.0,1.1233460834041655
600547,山东黄金,2026-09-03,38.45,38.61,37.34,37.5,103291866.0,3918527964.0,0.0285775307795964,,,,,,0.829530197358076
600547,山东黄金,2026-09-04,38.0,38.75,37.2,37.9,107074735.0,4065543784.0,0.0296241287303264,,,,,,0.8551540952918645
600547,山东黄金,2026-09-07,37.04,37.65,36.38,36.45,62314162.0,2296222586.0,0.0172403205743205,,,,,,0.48445425749374516
600547,山东黄金,2026-09-08,36.88,36.98,35.82,36.01,60995142.0,2208894763.0,,36.88,36.98,35.82,36.01,1.0,0.5974137263374004
600547,山东黄金,2026-09-09,35.7,36.48,35.4,36.25,61229651.0,2204473216.0,,35.7,36.48,35.4,36.25,1.0,0.657590581164835
600654,中安科,2026-03-19,3.51,3.6,3.49,3.52,57935925.0,205332482.0,0.0250004556086062,3.51,3.6,3.49,3.52,1.0,1.5223196294452292
600654,中安科,2026-03-20,3.5,3.54,3.39,3.39,55040155.0,189653485.0,0.0237508756746062,3.5,3.54,3.39,3.39,1.0,1.2841238863616276
600654,中安科,2026-03-23,3.33,3.34,3.13,3.17,70977883.0,230194234.0,0.0306283090005786,3.33,3.34,3.13,3.17,1.0,1.5494018822559243
600654,中安科,2026-03-24,3.27,3.33,3.18,3.33,57118683.0,186077356.0,0.0246478001130309,3.27,3.33,3.18,3.33,1.0,1.0971801639067449
600654,中安科,2026-03-25,3.33,3.38,3.3,3.35,48549172.0,162376603.0,0.0209498928241948,3.33,3.38,3.3,3.35,1.0,0.8813942069253408
600654,中安科,2026-03-26,3.35,3.4,3.29,3.3,35592800.0,118513349.0,0.0153589714220667,3.35,3.4,3.29,3.3,1.0,0.6144702813791466
600654,中安科,2026-03-27,3.25,3.35,3.23,3.34,41009399.0,136027134.0,0.0176963371040528,3.25,3.35,3.23,3.34,1.0,0.7671655106454744
600654,中安科,2026-03-30,3.28,3.41,3.24,3.39,49393776.0,164457115.0,0.021314355544154,3.28,3.41,3.24,3.39,1.0,0.9752058908183723
600654,中安科,2026-03-31,3.37,3.43,3.35,3.35,35299177.0,119737704.0,0.0152320239368698,3.37,3.43,3.35,3.35,1.0,0.7618620697067816
600654,中安科,2026-04-01,3.4,3.42,3.35,3.37,32888800.0,110929502.0,0.014191916963246,3.4,3.42,3.35,3.37,1.0,0.783647595824417
600654,中安科,2026-04-02,3.36,3.41,3.29,3.31,34334518.0,114806364.0,0.0148157618529431,3.36,3.41,3.29,3.31,1.0,0.884071975216572
600654,中安科,2026-04-03,3.31,3.64,3.28,3.64,117793574.0,415392402.0,0.0508293589614696,3.31,3.64,3.28,3.64,1.0,3.052822727011911
600654,中安科,2026-04-07,3.85,4.0,3.75,4.0,258629762.0,1026629250.0,0.1116018859468298,3.85,4.0,3.75,4.0,1.0,4.7945925370280795
600654,中安科,2026-04-08,4.0,4.4,3.9,4.4,262460768.0,1096759667.0,0.113255011601694,4.0,4.4,3.9,4.4,1.0,2.7399838458975956
600654,中安科,2026-04-09,4.84,4.84,4.44,4.48,674548593.0,3131369814.0,0.2910759170152295,4.84,4.84,4.44,4.48,1.0,4.776529547652878
600654,中安科,2026-04-10,4.48,4.51,4.05,4.08,528535460.0,2216904323.0,0.2280694753366213,4.48,4.51,4.05,4.08,1.0,1.9607817066539937
600654,中安科,2026-04-13,3.99,4.49,3.96,4.49,306109373.0,1333705958.0,0.1320899152078313,3.99,4.49,3.96,4.49,1.0,0.8309301434899887
600654,中安科,2026-04-14,4.46,4.66,4.35,4.52,568037907.0,2576579164.0,0.245115261369223,4.46,4.66,4.35,4.52,1.0,1.39891246572014
600654,中安科,2026-04-15,4.5,4.73,4.38,4.41,388576393.0,1750639389.0,0.1676754367241637,4.5,4.73,4.38,4.41,1.0,0.8304007027974319
600654,中安科,2026-04-16,4.39,4.76,4.32,4.68,469122892.0,2132653030.0,0.2024322300850703,4.39,4.76,4.32,4.68,1.0,0.9512560266834041
600654,中安科,2026-04-17,4.48,4.55,4.33,4.47,346273257.0,1539126260.0,0.1494211193456973,4.48,4.55,4.33,4.47,1.0,0.7659618001961416
600654,中安科,2026-04-20,4.39,4.48,4.22,4.27,306208943.0,1312826200.0,0.1321328808731043,4.39,4.48,4.22,4.27,1.0,0.7367451572289561
600654,中安科,2026-04-21,4.27,4.28,4.03,4.08,231071132.0,943419021.0,0.099710002126781,4.27,4.28,4.03,4.08,1.0,0.5559353668084722
600654,中安科,2026-04-22,4.03,4.18,3.96,4.11,248370061.0,1009477060.0,0.1071747002587009,4.03,4.18,3.96,4.11,1.0,0.7131936474212346
600654,中安科,2026-04-23,4.04,4.09,3.87,3.89,204379628.0,803561469.0,0.0881922937156455,4.04,4.09,3.87,3.89,1.0,0.6382689554786981
600654,中安科,2026-04-24,3.86,3.86,3.71,3.75,155554450.0,585239289.0,0.067123635938782,3.86,3.86,3.71,3.75,1.0,0.5820328456774476
600654,中安科,2026-04-27,3.76,3.79,3.65,3.78,125662622.0,467201804.0,0.0542249488217198,3.76,3.79,3.65,3.78,1.0,0.5484652305098889
600654,中安科,2026-04-28,3.73,3.83,3.67,3.69,149114790.0,553825620.0,0.0643448443747378,3.73,3.83,3.67,3.69,1.0,0.7725851548504946
600654,中安科,2026-04-29,3.81,4.06,3.81,4.06,220469944.0,882218400.0,0.0951354606473788,3.81,4.06,3.81,4.06,1.0,1.2482988901214176
600654,中安科,2026-04-30,4.06,4.06,3.89,3.92,232837937.0,917756840.0,0.1004723999597894,4.06,4.06,3.89,3.92,1.0,1.3613364821949583
600654,中安科,2026-05-06,3.96,4.08,3.95,4.03,202129639.0,813303762.0,0.0872213961135373,3.96,4.08,3.95,4.03,1.0,1.1437332951648373
600654,中安科,2026-05-07,4.01,4.17,4.0,4.14,199294855.0,820367983.0,0.085998152360748,4.01,4.17,4.0,4.14,1.0,1.0712301434008802
600654,中安科,2026-05-08,4.14,4.25,4.08,4.18,198562102.0,828914005.0,0.0856819605346379,4.14,4.25,4.08,4.18,1.0,0.9890056421088762
600654,中安科,2026-05-11,4.18,4.29,4.12,4.15,202835224.0,847471203.0,0.0875258646174205,4.18,4.29,4.12,4.15,1.0,0.9628609492841763
600654,中安科,2026-05-12,4.09,4.14,4.02,4.05,165597657.0,674231389.0,0.0714574018344271,4.09,4.14,4.02,4.05,1.0,0.7994790561317523
600654,中安科,2026-05-13,4.05,4.13,3.98,4.11,119408349.0,486589143.0,0.0515261540015539,4.05,4.13,3.98,4.11,1.0,0.6165115006252605
600654,中安科,2026-05-14,4.11,4.16,3.9,3.91,116403500.0,465275824.0,0.0502295251341251,4.11,4.16,3.9,3.91,1.0,0.6571284762040502
600654,中安科,2026-05-15,3.95,4.02,3.84,3.88,96632448.0,378396872.0,0.0416980758790589,3.95,4.02,3.84,3.88,1.0,0.6018412160199453
600654,中安科,2026-05-18,3.87,3.9,3.81,3.87,76208712.0,292987702.0,0.0328849855446211,3.87,3.9,3.81,3.87,1.0,0.5436666679422112
600654,中安科,2026-05-19,3.89,4.09,3.84,3.98,131517700.0,520440716.0,0.0567514861471719,3.89,4.09,3.84,3.98,1.0,1.1451244881969367
600654,中安科,2026-05-20,3.93,3.95,3.72,3.75,126892948.0,481098073.0,0.054755849445328,3.93,3.95,3.72,3.75,1.0,1.1745633915888616
600654,中安科,2026-05-21,3.75,3.79,3.55,3.55,120643262.0,443276194.0,0.052059033971417,3.75,3.79,3.55,3.55,1.0,1.1014525034056641
600654,中安科,2026-05-22,3.59,3.61,3.52,3.58,78502600.0,279653179.0,0.0338748260988215,3.59,3.61,3.52,3.58,1.0,0.7112094695826872
600654,中安科,2026-05-25,3.59,3.63,3.5,3.53,65852640.0,233060993.0,0.0284162145986031,3.59,3.63,3.5,3.53,1.0,0.6168689649098195
600654,中安科,2026-05-26,3.5,3.51,3.38,3.45,71465500.0,245167923.0,0.0308382319128962,3.5,3.51,3.38,3.45,1.0,0.6826924978288973
600654,中安科,2026-05-27,3.41,3.47,3.31,3.34,69087100.0,233054299.0,0.0298119234034528,3.41,3.47,3.31,3.34,1.0,0.7455062452392265
600654,中安科,2026-05-28,3.35,3.44,3.33,3.41,73257107.0,247813658.0,0.0316113321103729,3.35,3.44,3.33,3.41,1.0,0.9031797304794402
600654,中安科,2026-05-29,3.42,3.43,3.26,3.28,74076400.0,246996782.0,0.0319648669983764,3.42,3.43,3.26,3.28,1.0,1.0341101302691131
600654,中安科,2026-06-01,3.29,3.36,3.25,3.33,63227008.0,210796826.0,0.0272832224760555,3.29,3.36,3.25,3.33,1.0,0.8936963866160808
600654,中安科,2026-06-02,3.35,3.36,3.19,3.24,63532834.0,206113084.0,0.0274151901123694,3.35,3.36,3.19,3.24,1.0,0.9047345611114527
600654,中安科,2026-06-03,3.22,3.29,3.21,3.24,50539977.0,164573544.0,0.0218086143887392,3.22,3.29,3.21,3.24,1.0,0.7363469735421904
600654,中安科,2026-06-04,3.21,3.28,3.15,3.18,59204801.0,189406045.0,0.0255475912656438,3.21,3.28,3.15,3.18,1.0,0.9118718914274377
600654,中安科,2026-06-05,3.18,3.23,3.11,3.18,63990175.0,203091258.0,0.0276125383128477,3.18,3.23,3.11,3.18,1.0,1.0301687946030957
600654,中安科,2026-06-08,3.12,3.17,2.99,3.02,76796200.0,235907654.0,0.0331384937575356,3.12,3.17,2.99,3.02,1.0,1.2778291217989317
600654,中安科,2026-06-09,3.05,3.08,3.01,3.05,52706400.0,160569039.0,0.022743452246103,3.05,3.08,3.01,3.05,1.0,0.8391028927490499
600654,中安科,2026-06-10,3.02,3.09,2.97,3.04,62932600.0,190350564.0,0.0271561818455273,3.02,3.09,2.97,3.04,1.0,1.0376782060367042
600654,中安科,2026-06-11,3.0,3.01,2.83,2.85,84904031.0,244989456.0,0.0366371213846924,3.0,3.01,2.83,2.85,1.0,1.344992295666939
600654,中安科,2026-06-12,2.88,2.93,2.83,2.87,69925074.0,201684260.0,0.0301735193700237,2.88,2.93,2.83,2.87,1.0,1.0243048616795705
600654,中安科,2026-06-15,2.89,3.0,2.88,2.93,55124600.0,162032117.0,0.0237869349393153,2.89,3.0,2.88,2.93,1.0,0.7936980450668548
600654,中安科,2026-06-16,2.92,2.97,2.85,2.95,52676707.0,153423083.0,0.0227306393556847,2.92,2.97,2.85,2.95,1.0,0.8089356148197485
600654,中安科,2026-06-17,2.95,2.96,2.87,2.9,41993502.0,122092740.0,0.0181207065438662,2.95,2.96,2.87,2.9,1.0,0.6449366244344735
600654,中安科,2026-06-18,2.89,2.92,2.84,2.86,46059224.0,132372411.0,0.0198751150057025,2.89,2.92,2.84,2.86,1.0,0.7560014477392606
600654,中安科,2026-06-22,2.86,2.87,2.76,2.87,60994893.0,171325825.0,0.0263200377222057,2.86,2.87,2.76,2.87,1.0,1.147473435524787
600654,中安科,2026-06-23,2.85,2.94,2.83,2.89,65775613.0,190932326.0,0.0283829765118401,2.85,2.94,2.83,2.89,1.0,1.2804338726337519
600654,中安科,2026-06-24,2.89,2.89,2.72,2.76,75450100.0,209612509.0,0.0325576352456949,2.89,2.89,2.72,2.76,1.0,1.4102825645877999
600654,中安科,2026-06-25,2.77,2.8,2.69,2.71,52811411.0,143868652.0,0.0227887657690113,2.77,2.8,2.69,2.71,1.0,0.9096841696777023
600654,中安科,2026-06-26,2.68,2.72,2.61,2.61,58274246.0,154072306.0,0.0251460454722512,2.68,2.72,2.61,2.61,1.0,0.9677173903574299
600654,中安科,2026-06-29,2.6,2.63,2.53,2.6,56385725.0,145417638.0,0.0243311257057852,2.6,2.63,2.53,2.6,1.0,0.8998499496960263
600654,中安科,2026-06-30,2.63,2.68,2.59,2.66,56787240.0,150606973.0,0.0245043843086986,2.63,2.68,2.59,2.66,1.0,0.9197890249015787
600654,中安科,2026-07-01,2.65,2.78,2.65,2.75,64112259.0,175409962.0,0.0276652190427782,2.65,2.78,2.65,2.75,1.0,1.0695761299866342
600654,中安科,2026-07-02,2.74,2.89,2.69,2.7,72045142.0,199694584.0,0.0310883544814427,2.74,2.89,2.69,2.7,1.0,1.2491750510690431
600654,中安科,2026-07-03,2.69,2.75,2.67,2.72,51608397.0,139902751.0,0.0222696506053805,2.69,2.75,2.67,2.72,1.0,0.8388755400065329
600654,中安科,2026-07-06,2.69,2.75,2.65,2.67,41350500.0,111155139.0,0.0178432433651792,2.69,2.75,2.65,2.67,1.0,0.687025154017796
600654,中安科,2026-07-07,2.65,2.67,2.56,2.57,41345500.0,107823635.0,0.0178410858044042,2.65,2.67,2.56,2.57,1.0,0.7230673025109609
600654,中安科,2026-07-08,2.57,2.63,2.52,2.61,50456899.0,130554726.0,0.0217727652219264,2.57,2.63,2.52,2.61,1.0,0.9327916063029352
600654,中安科,2026-07-09,2.62,2.64,2.52,2.6,55678017.0,143677668.0,0.024025741101597,2.62,2.64,2.52,2.6,1.0,1.0840463625760035
600654,中安科,2026-07-10,2.56,2.74,2.55,2.67,74805756.0,200188198.0,0.0322795929776959,2.56,2.74,2.55,2.67,1.0,1.5556057590299304
600654,中安科,2026-07-13,2.66,2.69,2.5,2.53,75557181.0,193665603.0,0.0326038419987641,2.66,2.69,2.5,2.53,1.0,1.432979342873817
600654,中安科,2026-07-14,2.51,2.58,2.46,2.56,51391345.0,129897253.0,0.0221759900291142,2.51,2.58,2.46,2.56,1.0,0.8627243898909505
600654,中安科,2026-07-15,2.55,2.65,2.55,2.65,65009813.0,169940244.0,0.0280525245035439,2.55,2.65,2.55,2.65,1.0,1.055733903987109
600654,中安科,2026-07-16,2.62,2.72,2.59,2.67,59389438.0,158627643.0,0.0256272643754059,2.62,2.72,2.59,2.67,1.0,0.9209317857339925
600654,中安科,2026-07-17,2.66,2.71,2.52,2.55,62709139.0,163075196.0,0.0270597557078597,2.66,2.71,2.52,2.55,1.0,0.9613438558091596
600654,中安科,2026-07-20,2.55,2.65,2.53,2.59,63754183.0,165670405.0,0.0275107048963657,2.55,2.65,2.53,2.59,1.0,1.0150100149362735
600654,中安科,2026-07-21,2.59,2.68,2.54,2.68,75779064.0,198776913.0,0.0326995872102512,2.59,2.68,2.54,2.68,1.0,1.2535662813145072
600654,中安科,2026-07-22,2.66,2.94,2.64,2.82,153343820.0,429224875.0,0.0661697222235823,2.66,2.94,2.64,2.82,1.0,2.347279137595064
600654,中安科,2026-07-23,2.76,2.84,2.76,2.81,89373795.0,249494157.0,0.0385658788806577,2.76,2.84,2.76,2.81,1.0,1.0768559106085753
600654,中安科,2026-07-24,2.76,2.81,2.7,2.79,80310120.0,221515075.0,0.0346547929492206,2.76,2.81,2.7,2.79,1.0,0.9024420152318365
600654,中安科,2026-07-27,2.79,2.83,2.74,2.82,73451767.0,206039822.0,0.0316953302664645,2.79,2.83,2.74,2.82,1.0,0.793968469653586
600654,中安科,2026-07-28,2.8,2.89,2.76,2.88,97361984.0,278035669.0,0.0420128795305664,2.8,2.89,2.76,2.88,1.0,1.0308122605869259
600654,中安科,2026-07-29,2.86,2.91,2.82,2.9,77946285.0,224241721.0,0.0336347694143147,2.86,2.91,2.82,2.9,1.0,0.7891832420899527
600654,中安科,2026-07-30,2.87,2.98,2.8,2.81,93964737.0,270584883.0,0.0405469261565413,2.87,2.98,2.8,2.81,1.0,1.1227876131969703
600654,中安科,2026-07-31,2.84,2.92,2.83,2.89,84008939.0,242805641.0,0.0362508783068523,2.84,2.92,2.83,2.89,1.0,0.9929315570666177
600654,中安科,2026-08-03,2.88,2.93,2.87,2.93,50475325.0,146641098.0,0.0217807162648944,2.88,2.93,2.87,2.93,1.0,0.5914147814035372
600654,中安科,2026-08-04,2.95,3.0,2.95,2.96,65759426.0,195622617.0,0.0283759916245872,2.95,3.0,2.95,2.96,1.0,0.8143435534919284
600654,中安科,2026-08-05,2.97,3.02,2.94,2.98,69877300.0,208305151.0,0.0301529043083309,2.97,3.02,2.94,2.98,1.0,0.9388205730954173
600654,中安科,2026-08-06,2.97,3.0,2.91,2.97,68605550.0,202885957.0,0.0296041287252142,2.97,3.0,2.91,2.97,1.0,0.9421620364700536
600654,中安科,2026-08-07,3.1,3.23,2.91,2.99,158325078.0,478237897.0,0.0683191955977554,3.1,3.23,2.91,2.99,1.0,2.337063372713576
600654,中安科,2026-08-10,2.91,2.99,2.85,2.97,99525443.0,292487613.0,0.0429464383859028,2.91,2.99,2.85,2.97,1.0,1.2047840097415212
600654,中安科,2026-08-11,2.95,3.04,2.93,3.01,86723996.0,260614918.0,0.0374224584038604,2.95,3.04,2.93,3.01,1.0,0.9383829023415831
600654,中安科,2026-08-12,2.98,3.06,2.97,3.03,67211600.0,203033677.0,0.029002622356757,2.98,3.06,2.97,3.03,1.0,0.695689628101666
600654,中安科,2026-08-13,3.03,3.08,2.95,2.95,72047300.0,217634907.0,0.0310892856846731,3.03,3.08,2.95,2.95,1.0,0.7498808258886805
600654,中安科,2026-08-14,2.96,2.98,2.87,2.93,62617445.0,182931418.0,0.0270201886323194,2.96,2.98,2.87,2.93,1.0,0.6470971495546782
600654,中安科,2026-08-17,2.92,2.96,2.87,2.95,45991166.0,134172532.0,0.0198457471514578,2.92,2.96,2.87,2.95,1.0,0.5924775922642646
600654,中安科,2026-08-18,2.93,2.97,2.88,2.91,54347898.0,158123589.0,0.0234517785855053,2.93,2.97,2.88,2.91,1.0,0.8121529815160551
600654,中安科,2026-08-19,2.89,2.92,2.79,2.8,56263300.0,159844820.0,0.0242782978302097,2.89,2.92,2.79,2.8,1.0,0.9308476392082311
600654,中安科,2026-08-20,2.8,2.87,2.8,2.85,36902898.0,104815091.0,0.0159240490415928,2.8,2.87,2.8,2.85,1.0,0.6334889326621497
600654,中安科,2026-08-21,2.84,2.86,2.79,2.85,30902699.0,87431615.0,0.0133348902406955,2.84,2.86,2.79,2.85,1.0,0.6032791735252119
600654,中安科,2026-08-24,2.85,2.9,2.83,2.87,39487897.0,113086400.0,0.0170395075307464,2.85,2.9,2.83,2.87,1.0,0.8798238891355552
600654,中安科,2026-08-25,2.86,3.04,2.84,2.97,67954603.0,200430748.0,0.0293232371824558,2.86,3.04,2.84,2.97,1.0,1.5592735148630945
600654,中安科,2026-08-26,2.95,3.02,2.93,3.0,57362008.0,171838491.0,0.0247524036870015,2.95,3.02,2.93,3.0,1.0,1.238859268772846
600654,中安科,2026-08-27,3.1,3.3,3.05,3.3,101254249.0,326401385.0,0.0436924391885335,3.1,3.3,3.05,3.3,1.0,2.1764800157757547
600654,中安科,2026-08-28,3.63,3.63,3.62,3.63,116595253.0,423233989.0,0.0503122688843821,3.63,3.63,3.62,3.63,1.0,1.9631378188016426
600654,中安科,2026-08-31,3.41,3.49,3.28,3.36,273177767.0,916902253.0,0.1178795269352784,3.41,3.49,3.28,3.36,1.0,3.5695139716424245
600654,中安科,2026-09-01,3.34,3.58,3.34,3.49,223156274.0,771806983.0,0.0962946446947104,3.34,3.58,3.34,3.49,1.0,1.8103227860395077
600654,中安科,2026-09-02,3.4,3.46,3.3,3.32,148294573.0,495322008.0,0.0639909107695031,3.4,3.46,3.3,3.32,1.0,0.9610227990284919
600654,中安科,2026-09-03,3.37,3.39,3.21,3.23,98938959.0,323069950.0,0.0426933634111919,3.37,3.39,3.21,3.23,1.0,0.5735737357537777
600654,中安科,2026-09-04,3.25,3.35,3.23,3.26,101287596.0,333676271.0,0.0437068288243662,3.25,3.35,3.23,3.26,1.0,0.5887698987819313
600654,中安科,2026-09-07,3.22,3.25,3.18,3.22,69924514.0,223732549.0,0.0301732777232169,3.22,3.25,3.18,3.22,1.0,0.41382544941261995
600654,中安科,2026-09-08,3.2,3.26,3.17,3.25,65507719.0,211864653.0,,3.2,3.26,3.17,3.25,1.0,0.510501273191335
600654,中安科,2026-09-09,3.23,3.24,3.16,3.2,56581228.0,180178060.0,,3.23,3.24,3.16,3.2,1.0,0.584573148568339
600801,华新建材,2026-03-19,21.02,21.27,20.3,20.43,12300128.0,256686394.0,0.0091675855653228,21.25,21.5,20.52,20.65,0.9893462469733656,1.0983172864894755
600801,华新建材,2026-03-20,20.42,20.64,20.12,20.15,9816979.0,202146615.0,0.0073168340179449,20.64,20.87,20.34,20.37,0.9891998036327933,0.8163740689369793
600801,华新建材,2026-03-23,19.91,20.06,19.15,19.29,16122183.0,317637513.0,0.0120162564285748,20.13,20.28,19.36,19.5,0.9892307692307692,1.3010998922670527
600801,华新建材,2026-03-24,19.58,19.76,19.2,19.67,9758297.0,192139942.0,0.0072730968912952,19.8,19.98,19.41,19.89,0.9889391654097536,0.8378680121053904
600801,华新建材,2026-03-25,19.89,20.36,19.81,20.22,8972936.0,182772197.0,0.0066877481723902,20.11,20.58,20.03,20.44,0.9892367906066536,0.7797847076671173
600801,华新建材,2026-03-26,20.36,20.36,19.71,19.75,7065003.0,142483153.0,0.005265719147131,20.58,20.58,19.93,19.97,0.9889834752128192,0.6200577621518413
600801,华新建材,2026-03-27,19.73,20.67,19.29,20.18,13338404.0,273478503.0,0.0099414380057544,19.95,20.9,19.5,20.4,0.9892156862745098,1.289098423481733
600801,华新建材,2026-03-30,19.83,21.18,19.59,20.85,16601120.0,346374694.0,0.012373219862443,20.05,21.41,19.81,21.08,0.9890891840607212,1.5021782920816855
600801,华新建材,2026-03-31,20.99,21.27,20.8,20.97,13346360.0,284055045.0,0.0099473678067091,21.22,21.5,21.03,21.2,0.9891509433962264,1.1972887783354886
600801,华新建材,2026-04-01,22.78,23.07,21.82,22.51,37267000.0,848954276.0,0.0277760045475044,23.03,23.32,22.06,22.76,0.9890158172231986,3.1409809849914763
600801,华新建材,2026-04-02,22.29,22.88,22.06,22.65,22562435.0,515576786.0,0.0168163334092567,22.53,23.13,22.3,22.9,0.9890829694323144,1.2875473132557969
600801,华新建材,2026-04-03,22.68,23.15,22.3,22.78,15217903.0,348106364.0,0.0113422744769227,22.93,23.4,22.54,23.03,0.9891445940078158,0.7379069932373481
600801,华新建材,2026-04-07,22.68,23.54,22.68,23.11,13458367.0,315316822.0,0.0100308493571788,22.93,23.8,22.93,23.36,0.9892979452054794,0.640906249296989
600801,华新建材,2026-04-08,23.29,23.63,22.99,23.32,17884360.0,420628170.0,0.0133296499500685,23.55,23.89,23.24,23.58,0.9889737065309584,0.8779576535831649
600801,华新建材,2026-04-09,23.16,23.48,23.04,23.4,12004478.0,282900566.0,0.00894723040541,23.41,23.74,23.29,23.66,0.9890109890109888,0.5641728858798987
600801,华新建材,2026-04-10,23.4,23.62,22.89,22.94,11267972.0,264447992.0,0.008398294510241,23.66,23.88,23.14,23.19,0.9892194911599828,0.6944603265009517
600801,华新建材,2026-04-13,22.94,23.34,22.61,22.85,13820631.0,321711547.0,0.0103008535569104,23.19,23.6,22.86,23.1,0.9891774891774892,0.9895475754470517
600801,华新建材,2026-04-14,22.81,22.95,22.21,22.32,17297661.0,393057437.0,0.0128923688678238,23.06,23.2,22.45,22.57,0.9889233495790872,1.263787299771488
600801,华新建材,2026-04-15,22.45,22.78,22.36,22.55,11120053.0,253847727.0,0.0082880468697907,22.7,23.03,22.61,22.8,0.9890350877192984,0.7692865656557635
600801,华新建材,2026-04-16,22.57,23.0,22.33,22.89,9066393.0,209279010.0,0.0067574039551738,22.82,23.25,22.58,23.14,0.9891961970613656,0.6919770245499234
600801,华新建材,2026-04-17,22.71,22.94,22.6,22.76,7640540.0,175546862.0,0.0056946809183832,22.96,23.19,22.85,23.01,0.989135158626684,0.6105329304100782
600801,华新建材,2026-04-20,22.66,22.91,22.39,22.48,8639900.0,197117561.0,0.0064395283143259,22.91,23.16,22.64,22.73,0.989001319841619,0.7328746502815714
600801,华新建材,2026-04-21,22.55,23.01,22.31,22.73,7583909.0,174018591.0,0.0056524724520852,22.8,23.26,22.56,22.98,0.9891209747606614,0.7052890262425162
600801,华新建材,2026-04-22,22.57,22.71,22.36,22.49,5737763.0,130438191.0,0.0042764947857488,22.82,22.96,22.61,22.74,0.9890061565523308,0.6512666797500476
600801,华新建材,2026-04-23,22.4,23.0,22.31,22.75,8726200.0,200096770.0,0.0065038498103532,22.65,23.25,22.56,23.0,0.9891304347826086,1.1283342865207744
600801,华新建材,2026-04-24,22.63,23.13,22.6,22.85,9168903.0,212042597.0,0.0068338071597828,22.88,23.38,22.85,23.1,0.9891774891774892,1.196100548336175
600801,华新建材,2026-04-27,22.86,23.02,22.3,22.33,8415480.0,191498741.0,0.0062722626116787,23.11,23.27,22.54,22.58,0.9889282550930026,1.055717768730081
600801,华新建材,2026-04-28,22.35,22.58,21.98,22.14,9433157.0,211848612.0,0.0070307621147214,22.6,22.83,22.22,22.38,0.9892761394101878,1.1900858278187805
600801,华新建材,2026-04-29,22.51,22.63,22.04,22.29,10553543.0,238297963.0,0.0078658131419294,22.76,22.88,22.28,22.53,0.9893475366178428,1.2720781838594422
600801,华新建材,2026-04-30,22.37,22.37,20.77,21.28,23505922.0,507951619.0,0.0175195372947992,22.62,22.62,21.0,21.51,0.98930729893073,2.5385854716355603
600801,华新建材,2026-05-06,21.29,21.44,20.78,21.18,25424392.0,541065520.0,0.0189494198032987,21.52,21.68,21.01,21.41,0.9892573563755256,2.081339122637071
600801,华新建材,2026-05-07,21.26,21.64,21.09,21.26,16420878.0,354411199.0,0.0122388811012964,21.49,21.88,21.32,21.49,0.9892973476035368,1.0617062214494206
600801,华新建材,2026-05-08,21.12,21.17,20.57,20.73,17530131.0,368682336.0,0.0130656344319196,21.35,21.4,20.8,20.96,0.989026717557252,1.0271012436070017
600801,华新建材,2026-05-11,20.77,20.9,20.38,20.47,16026188.0,333093413.0,0.011944709012455,21.0,21.13,20.6,20.69,0.9893668438859352,0.8576128315954347
600801,华新建材,2026-05-12,20.52,21.2,20.44,21.15,19853204.0,420839146.0,0.014797077430073,20.75,21.43,20.66,21.38,0.9892422825070158,1.003624689332239
600801,华新建材,2026-05-13,20.96,21.11,20.73,20.89,13061094.0,275513477.0,0.0097347520954029,21.19,21.34,20.96,21.12,0.9891098484848484,0.685587233389925
600801,华新建材,2026-05-14,21.07,21.08,20.21,20.25,11057855.0,229076744.0,0.008241689182538,21.3,21.31,20.43,20.47,0.9892525647288716,0.6670078154580273
600801,华新建材,2026-05-15,20.39,20.39,19.65,19.78,10486722.0,211390285.0,0.007816009819959,20.61,20.61,19.87,20.0,0.989,0.6763142449137911
600801,华新建材,2026-05-18,19.66,19.87,18.74,18.98,15435172.0,297675742.0,0.01150421036476,19.88,20.09,18.95,19.19,0.9890568004168836,1.0949250339749288
600801,华新建材,2026-05-19,19.09,19.12,18.66,18.75,7981139.0,151935718.0,0.0059485376649117,19.3,19.33,18.86,18.96,0.9889240506329112,0.5709455484814036
600801,华新建材,2026-05-20,18.69,18.89,18.43,18.75,7903264.0,148945137.0,0.0058904955269844,18.9,19.1,18.63,18.96,0.9889240506329112,0.6810577411850564
600801,华新建材,2026-05-21,18.85,19.05,18.43,18.43,10450960.0,198022495.0,0.0077893555286389,19.06,19.26,18.63,18.63,0.9892646269457864,0.9884732474286166
600801,华新建材,2026-05-22,18.43,18.86,18.18,18.43,11495277.0,215493867.0,0.0085677104737924,18.63,19.07,18.38,18.63,0.9892646269457864,1.0998737457651098
600801,华新建材,2026-05-25,18.44,18.65,18.1,18.35,8750660.0,162102404.0,0.0065220804452643,18.64,18.85,18.3,18.55,0.9892183288409704,0.8214143060468129
600801,华新建材,2026-05-26,18.48,19.2,18.27,19.04,17563545.0,335958414.0,0.0130905387015402,18.68,19.41,18.47,19.25,0.989090909090909,1.8852570666769712
600801,华新建材,2026-05-27,18.86,19.25,18.35,18.75,15474269.0,292506181.0,0.011533350312966,19.07,19.46,18.55,18.96,0.9889240506329112,1.3776039814751542
600801,华新建材,2026-05-28,18.79,18.79,18.05,18.31,11824027.0,219284212.0,0.008812735871463,19.0,19.0,18.25,18.51,0.989195029713668,0.9275971299218726
600801,华新建材,2026-05-29,18.62,18.74,18.4,18.44,10523808.0,197541524.0,0.0078436509207895,18.82,18.95,18.6,18.64,0.9892703862660944,0.8081836243897005
600801,华新建材,2026-06-01,18.57,18.85,18.43,18.65,13652340.0,257548649.0,0.0101754221677107,18.77,19.06,18.63,18.85,0.989389920424403,1.0643222390611844
600801,华新建材,2026-06-02,18.65,19.04,18.58,18.71,15055767.0,286620597.0,0.011221430559427,18.85,19.25,18.78,18.92,0.9889006342494714,1.0903972738835135
600801,华新建材,2026-06-03,18.66,19.32,18.14,18.83,16202483.0,309393158.0,0.0120761059781807,18.87,19.53,18.34,19.04,0.988970588235294,1.217678612202207
600801,华新建材,2026-06-04,18.7,18.92,18.45,18.74,9817300.0,185294124.0,0.0073170732670785,18.91,19.13,18.65,18.95,0.9889182058047492,0.7298193497691925
600801,华新建材,2026-06-05,18.79,19.84,18.74,19.5,19420967.0,383684646.0,0.0144749206458511,19.0,20.06,18.95,19.71,0.989345509893455,1.4881579786628696
600801,华新建材,2026-06-08,19.54,19.55,17.93,18.25,24153805.0,452829128.0,0.0180024203053515,19.75,19.76,18.13,18.45,0.989159891598916,1.6287375137825792
600801,华新建材,2026-06-09,19.11,19.11,17.76,18.11,22349650.0,407884808.0,0.016657739556045,19.32,19.32,17.96,18.31,0.9890770070999454,1.3201160652407207
600801,华新建材,2026-06-10,17.94,18.22,17.85,18.15,10740863.0,196275486.0,0.0080054273092044,18.14,18.42,18.05,18.35,0.989100817438692,0.5840967900043292
600801,华新建材,2026-06-11,17.93,18.69,17.9,18.57,14145048.0,261392407.0,0.0105426494639404,18.13,18.9,18.1,18.77,0.9893446989877464,0.8177974791109678
600801,华新建材,2026-06-12,18.44,19.09,18.16,18.82,13843424.0,262519743.0,0.0103178417360407,18.64,19.3,18.36,19.03,0.9889647924330004,0.7622163438162923
600801,华新建材,2026-06-15,18.94,19.17,18.45,19.11,12983747.0,246647620.0,0.0096771034887607,19.15,19.38,18.65,19.32,0.9891304347826086,0.7616638502623228
600801,华新建材,2026-06-16,19.15,19.32,18.76,19.06,10333769.0,197962669.0,0.0077020102164612,19.15,19.32,18.76,19.06,1.0,0.697636228163984
600801,华新建材,2026-06-17,19.05,19.54,18.63,19.0,19748673.0,375284465.0,0.0147191679248444,19.05,19.54,18.63,19.0,1.0,1.5914323355427016
600801,华新建材,2026-06-18,18.86,19.28,18.43,18.61,13939018.0,261346233.0,0.0103890902770747,18.86,19.28,18.43,18.61,1.0,0.9808658435510657
600801,华新建材,2026-06-22,18.45,18.94,18.13,18.91,12133007.0,225639441.0,0.0090430262056753,18.45,18.94,18.13,18.91,1.0,0.8562626284197362
600801,华新建材,2026-06-23,18.82,18.88,17.35,17.39,16437100.0,295155019.0,0.012250971753771,18.82,18.88,17.35,17.39,1.0,1.1887130899852287
600801,华新建材,2026-06-24,17.47,17.67,17.22,17.5,11480003.0,199668979.0,0.0085563263888524,17.47,17.67,17.22,17.5,1.0,0.7907256637675283
600801,华新建材,2026-06-25,17.4,17.73,17.18,17.29,13901131.0,241962022.0,0.010360852171397,17.4,17.73,17.18,17.29,1.0,0.9426054758535585
600801,华新建材,2026-06-26,17.12,17.56,16.87,16.98,12207767.0,209332836.0,0.0090987466580855,17.12,17.56,16.87,16.98,1.0,0.8990808975997572
600801,华新建材,2026-06-29,16.98,17.11,16.6,16.87,13001591.0,219771356.0,0.0096904030574178,16.98,17.11,16.6,16.87,1.0,0.9826017191793445
600801,华新建材,2026-06-30,16.66,16.99,15.31,15.6,34465684.0,545169632.0,0.0256881153706187,16.66,16.99,15.31,15.6,1.0,2.571007175671774
600801,华新建材,2026-07-01,15.44,17.05,14.88,16.74,38346050.0,619389473.0,0.0285802468451668,15.44,17.05,14.88,16.74,1.0,2.254160238757971
600801,华新建材,2026-07-02,16.83,17.17,16.35,16.46,22345540.0,370138268.0,0.0166546762727464,16.83,17.17,16.35,16.46,1.0,0.998261980554121
600801,华新建材,2026-07-03,16.48,18.11,16.4,18.11,17636660.0,311811061.0,0.0131450330953065,16.48,18.11,16.4,18.11,1.0,0.7326224763022363
600801,华新建材,2026-07-06,17.65,18.6,17.65,17.95,41046183.0,739426698.0,0.0305927218629269,17.65,18.6,17.65,17.95,1.0,1.6314643545547427
600801,华新建材,2026-07-07,18.12,18.17,17.16,17.75,25531882.0,449180175.0,0.0190295347234375,18.12,18.17,17.16,17.75,1.0,0.8298187266719252
600801,华新建材,2026-07-08,17.92,18.1,17.13,17.21,19661840.0,345139118.0,0.01465444917091,17.92,18.1,17.13,17.21,1.0,0.6784328205433973
600801,华新建材,2026-07-09,17.09,17.45,16.62,16.9,13314347.0,225038485.0,0.0099235077365779,17.09,17.45,16.62,16.9,1.0,0.5274174044237339
600801,华新建材,2026-07-10,17.03,17.29,16.54,17.2,16234966.0,277321970.0,0.0121003163507816,17.03,17.29,16.54,17.2,1.0,0.6926717150217246
600801,华新建材,2026-07-13,17.75,18.9,17.6,18.89,41378983.0,765190896.0,0.030840765824432,17.75,18.9,17.6,18.89,1.0,1.786823666086077
600801,华新建材,2026-07-14,18.5,19.02,18.3,18.98,25893028.0,482851671.0,0.0192987056504859,18.5,19.02,18.3,18.98,1.0,1.1149060465001563
600801,华新建材,2026-07-15,18.79,19.81,18.61,19.31,19279474.0,373648032.0,0.014369462460018,18.79,19.81,18.61,19.31,1.0,0.8275648316008998
600801,华新建材,2026-07-16,19.31,19.68,18.89,18.96,13204200.0,252274493.0,0.0098414124894989,19.31,19.68,18.89,18.96,1.0,0.5686524221823178
600801,华新建材,2026-07-17,18.95,20.18,18.89,19.96,27779805.0,549813239.0,0.0207049665926633,18.95,20.18,18.89,19.96,1.0,1.1975019003902305
600801,华新建材,2026-07-20,19.69,21.94,19.44,21.0,35115077.0,714860882.0,0.0261721238210204,19.69,21.94,19.44,21.0,1.0,1.3766786405885922
600801,华新建材,2026-07-21,20.51,20.79,19.99,20.6,24054860.0,491670172.0,0.0179286741822411,20.51,20.79,19.99,20.6,1.0,0.9917764412147861
600801,华新建材,2026-07-22,20.54,21.21,20.17,20.77,17676107.0,366555537.0,0.0131744339070538,20.54,21.21,20.17,20.77,1.0,0.7399983853765013
600801,华新建材,2026-07-23,20.62,21.78,20.28,21.66,18072236.0,382724272.0,0.013469678517712,20.62,21.78,20.28,21.66,1.0,0.7668772165239446
600801,华新建材,2026-07-24,21.38,21.73,21.0,21.2,12782900.0,271583720.0,0.0095274073182787,21.38,21.73,21.0,21.2,1.0,0.5209087004088124
600801,华新建材,2026-07-27,20.92,21.17,20.39,20.85,12287902.0,254734214.0,0.0091584732291649,20.92,21.17,20.39,20.85,1.0,0.5704627377341641
600801,华新建材,2026-07-28,20.84,21.42,20.65,21.3,12150424.0,256091784.0,0.0090560075208121,20.84,21.42,20.65,21.3,1.0,0.7157918375596862
600801,华新建材,2026-07-29,21.26,22.78,21.05,22.6,24760876.0,551014807.0,0.0184548851363456,21.26,22.78,21.05,22.6,1.0,1.6966576847946024
600801,华新建材,2026-07-30,22.61,22.9,22.2,22.47,13983857.0,314817831.0,0.010422509878006,22.61,22.9,22.2,22.47,1.0,0.8733978288596927
600801,华新建材,2026-07-31,21.9,22.52,21.55,22.3,13588516.0,301519512.0,0.0101278525829778,21.9,22.52,21.55,22.3,1.0,0.8943819165107887
600801,华新建材,2026-08-03,22.2,23.13,21.06,21.2,31366792.0,678835270.0,0.0233784355390191,22.2,23.13,21.06,21.2,1.0,2.042864953597735
600801,华新建材,2026-08-04,21.22,21.5,20.51,21.46,16622220.0,350258216.0,0.0123889462073582,21.22,21.5,20.51,21.46,1.0,0.8670912551128469
600801,华新建材,2026-08-05,21.4,22.0,21.0,21.93,13992817.0,303971260.0,0.0104291879846619,21.4,22.0,21.0,21.93,1.0,0.6973934229811667
600801,华新建材,2026-08-06,21.93,23.12,21.81,23.01,23844840.0,542397305.0,0.0177721411510053,21.93,23.12,21.81,23.01,1.0,1.3313077146285108
600801,华新建材,2026-08-07,22.91,23.6,22.65,22.85,14603274.0,336402761.0,0.0108841764840865,22.91,23.6,22.65,22.85,1.0,0.7344589259678992
600801,华新建材,2026-08-10,22.8,24.1,22.5,24.02,18198059.0,430055151.0,0.0135634574701412,22.8,24.1,22.5,24.02,1.0,0.9060076335998717
600801,华新建材,2026-08-11,23.81,24.55,23.63,24.38,14749046.0,356332289.0,0.0109928239130424,23.81,24.55,23.63,24.38,1.0,0.8451089550557458
600801,华新建材,2026-08-12,24.14,24.18,23.14,23.28,13837503.0,325400474.0,0.0103134286702473,24.14,24.18,23.14,23.28,1.0,0.8102717692206904
600801,华新建材,2026-08-13,23.41,23.5,22.8,22.8,11702112.0,269444127.0,0.0087218696468029,23.41,23.5,22.8,22.8,1.0,0.6864800117494781
600801,华新建材,2026-08-14,22.92,23.06,22.46,22.86,7399943.0,169081167.0,0.0055153581028597,22.92,23.06,22.46,22.86,1.0,0.5062213440597628
600801,华新建材,2026-08-17,23.1,23.21,22.55,22.87,7619122.0,174316168.0,0.0056787175603078,23.1,23.21,22.55,22.87,1.0,0.5781991114043824
600801,华新建材,2026-08-18,22.76,23.0,22.41,22.78,6997653.0,158979880.0,0.0052155215485512,22.76,23.0,22.41,22.78,1.0,0.6326108037781196
600801,华新建材,2026-08-19,22.76,23.28,22.6,22.98,8692833.0,199460425.0,0.0064789805709795,22.76,23.28,22.6,22.98,1.0,0.9139511450556964
600801,华新建材,2026-08-20,22.95,23.75,22.55,22.77,12161929.0,280003976.0,0.0090645824780751,,,,,,1.4337953453982695
600801,华新建材,2026-08-21,22.72,23.22,22.32,23.18,9803323.0,224449129.0,0.0073066558678899,,,,,,1.1433385318164897
600801,华新建材,2026-08-24,23.0,24.06,23.0,23.59,12896350.0,305117293.0,0.0096119643718627,,,,,,1.4242285895527893
600801,华新建材,2026-08-25,23.25,23.8,23.02,23.3,6840673.0,159254942.0,0.0050985205236802,,,,,,0.6765964840067537
600801,华新建材,2026-08-26,23.4,24.43,23.1,23.88,9362858.0,224342247.0,0.0069783665544754,,,,,,0.92894512697542
600801,华新建材,2026-08-27,23.86,23.97,23.6,23.94,4615240.0,109972224.0,0.0034398510002904,23.86,23.97,23.6,23.94,1.0,0.4518973836805634
600801,华新建材,2026-08-28,24.06,24.33,23.72,23.97,5993100.0,144386613.0,0.0044668036829808,,,,,,0.6885701152366568
600801,华新建材,2026-08-31,24.18,24.18,22.93,23.35,15891726.0,371006807.0,0.0118444912025034,,,,,,2.0010624500150738
600801,华新建材,2026-09-01,23.46,24.45,23.35,24.06,12591203.0,303128374.0,0.0093845308660893,23.46,24.45,23.35,24.06,1.0,1.474255552758237
600801,华新建材,2026-09-02,23.75,24.21,22.91,23.36,10399700.0,242168999.0,0.0077511501997123,,,,,,1.07314904259858
600801,华新建材,2026-09-03,23.33,24.21,23.21,23.89,7566656.0,180379694.0,0.0056396133701505,,,,,,0.7644481561878491
600801,华新建材,2026-09-04,24.07,24.97,23.82,24.8,15279078.0,377638454.0,0.0113878696973106,,,,,,1.4567489636483923
600801,华新建材,2026-09-07,24.6,25.18,24.4,24.44,12126040.0,299956898.0,0.0090378335305557,,,,,,0.9822097501597442
600801,华新建材,2026-09-08,24.43,25.56,24.32,25.01,12308200.0,309928193.0,,24.43,25.56,24.32,25.01,1.0,1.0617349505786284
600801,华新建材,2026-09-09,25.05,25.27,24.82,25.1,5235900.0,131193975.0,,25.05,25.27,24.82,25.1,1.0,0.4538773918867849
601212,白银有色,2026-03-19,8.56,8.68,8.2,8.24,145188602.0,1217972691.0,0.01960743055501802,8.56,8.68,8.2,8.24,1.0,1.0252879804196429
601212,白银有色,2026-03-20,8.35,8.53,8.1,8.13,129488027.0,1076918893.0,0.017487099277316537,8.35,8.53,8.1,8.13,1.0,0.9071637031402174
601212,白银有色,2026-03-23,7.8,8.0,7.46,7.49,189617381.0,1464084884.0,0.025607448372441066,7.8,8.0,7.46,7.49,1.0,1.4076498459392004
601212,白银有色,2026-03-24,7.87,8.0,7.59,7.87,181117907.0,1410362107.0,0.02445961139410043,7.87,8.0,7.59,7.87,1.0,1.3099587666185455
601212,白银有色,2026-03-25,8.3,8.36,8.07,8.12,205912505.0,1689154614.0,0.02780807230444509,8.3,8.36,8.07,8.12,1.0,1.3687334721843625
601212,白银有色,2026-03-26,8.1,8.2,7.86,7.9,124290408.0,995024322.0,0.016785171218294783,8.1,8.2,7.86,7.9,1.0,0.7299826293483215
601212,白银有色,2026-03-27,7.76,8.07,7.75,8.03,115205430.0,917222144.0,0.015558263094826065,7.76,8.07,7.75,8.03,1.0,0.6936524047263113
601212,白银有色,2026-03-30,8.0,8.22,7.92,8.18,113983430.0,921332428.0,0.015393234436872377,8.0,8.22,7.92,8.18,1.0,0.6983049653915636
601212,白银有色,2026-03-31,8.28,8.47,8.08,8.12,147562833.0,1214664329.0,0.01992806570690185,8.28,8.47,8.08,8.12,1.0,0.9963599192923447
601212,白银有色,2026-04-01,8.34,8.36,7.97,8.08,127879958.0,1035140928.0,0.01726993277243362,8.34,8.36,7.97,8.08,1.0,0.9044424982500221
601212,白银有色,2026-04-02,8.0,8.0,7.78,7.89,118425740.0,933317042.0,0.015993159524854573,8.0,8.0,7.78,7.89,1.0,0.9414977444764742
601212,白银有色,2026-04-03,7.93,7.95,7.67,7.74,59882259.0,464270662.0,0.00808697940916948,7.93,7.95,7.67,7.74,1.0,0.48055171052452855
601212,白银有色,2026-04-07,7.74,7.87,7.72,7.83,62359084.0,487095112.0,0.008421469675729334,7.74,7.87,7.72,7.83,1.0,0.5491925781750482
601212,白银有色,2026-04-08,8.16,8.59,8.13,8.54,246549527.0,2065606847.0,0.033296020916470014,8.16,8.59,8.13,8.54,1.0,2.3885372032235135
601212,白银有色,2026-04-09,8.14,8.25,7.96,8.13,184549198.0,1495050847.0,0.024923000386554244,8.14,8.25,7.96,8.13,1.0,1.5001644262141292
601212,白银有色,2026-04-10,8.25,8.26,8.03,8.04,116861932.0,947797060.0,0.015781970379570416,8.25,8.26,8.03,8.04,1.0,0.8698115519449005
601212,白银有色,2026-04-13,7.94,8.09,7.91,8.02,87018720.0,696450947.0,0.011751704237682223,7.94,8.09,7.91,8.02,1.0,0.6491977045726512
601212,白银有色,2026-04-14,8.12,8.17,7.95,8.04,86963637.0,699202564.0,0.011744265388610158,8.12,8.17,7.95,8.04,1.0,0.6235396573085333
601212,白银有色,2026-04-15,8.2,8.34,7.87,7.9,178537386.0,1442018199.0,0.02411111718996679,8.2,8.34,7.87,7.9,1.0,1.2365060852296021
601212,白银有色,2026-04-16,7.95,8.05,7.85,8.04,112665540.0,897076558.0,0.015215256026045385,7.95,8.05,7.85,8.04,1.0,0.8614483934909738
601212,白银有色,2026-04-17,7.95,8.13,7.93,8.06,95492112.0,768352910.0,0.01289601889404516,7.95,8.13,7.93,8.06,1.0,0.8203124208746536
601212,白银有色,2026-04-20,8.07,8.29,8.07,8.16,116499066.0,954257316.0,0.01573296605142228,8.07,8.29,8.07,8.16,1.0,1.0389135270916352
601212,白银有色,2026-04-21,8.15,8.18,8.0,8.08,73245501.0,590983388.0,0.009891658536150124,8.15,8.18,8.0,8.08,1.0,0.6205586736512874
601212,白银有色,2026-04-22,8.0,8.24,7.91,8.22,116312369.0,945746763.0,0.015707752994667794,8.0,8.24,7.91,8.22,1.0,1.008885995957894
601212,白银有色,2026-04-23,8.21,8.27,7.65,7.76,194814666.0,1524393136.0,0.026309331325430285,8.21,8.27,7.65,7.76,1.0,1.8942934578899968
601212,白银有色,2026-04-24,7.62,7.71,7.48,7.67,89509830.0,678991641.0,0.012088123664944914,7.62,7.71,7.48,7.67,1.0,0.7504634160219882
601212,白银有色,2026-04-27,7.6,7.7,7.54,7.63,61062683.0,465123784.0,0.008246393311408697,7.6,7.7,7.54,7.63,1.0,0.517146032126566
601212,白银有色,2026-04-28,7.6,7.61,7.38,7.46,77016196.0,575025745.0,0.010400883360538567,7.6,7.61,7.38,7.46,1.0,0.7198514702021291
601212,白银有色,2026-04-29,7.38,7.68,7.37,7.66,88474084.0,669388024.0,0.011948248237481003,7.38,7.68,7.37,7.66,1.0,0.8211574005900968
601212,白银有色,2026-04-30,7.6,7.73,7.48,7.63,79729817.0,605593576.0,0.010767352453685002,7.6,7.73,7.48,7.63,1.0,0.7803223218740603
601212,白银有色,2026-05-06,7.67,8.05,7.67,7.99,153527940.0,1209275997.0,0.020733641486574635,7.67,8.05,7.67,7.99,1.0,1.9394998304794018
601212,白银有色,2026-05-07,8.18,8.23,7.89,8.03,132422651.0,1060744222.0,0.0178834143839603,8.18,8.23,7.89,8.03,1.0,1.439969157308903
601212,白银有色,2026-05-08,8.01,8.2,7.96,8.11,145833129.0,1180500162.0,0.019694472638344465,8.01,8.2,7.96,8.11,1.0,1.3727520389829946
601212,白银有色,2026-05-11,8.1,8.2,7.97,8.05,130195338.0,1054833613.0,0.017582620214375358,8.1,8.2,7.97,8.05,1.0,1.0849835350186332
601212,白银有色,2026-05-12,8.44,8.54,7.86,7.88,298462451.0,2415951858.0,0.040306757559818426,8.44,8.54,7.86,7.88,1.0,2.3255284649133143
601212,白银有色,2026-05-13,7.92,8.14,7.68,7.77,191632225.0,1497196085.0,0.02587954902817432,7.92,8.14,7.68,7.77,1.0,1.113569156041262
601212,白银有色,2026-05-14,7.76,7.78,7.48,7.49,143293954.0,1089992831.0,0.01935156212888493,7.76,7.78,7.48,7.49,1.0,0.7973658936296796
601212,白银有色,2026-05-15,7.35,7.36,6.92,6.97,193489047.0,1367138773.0,0.026130309128598938,7.35,7.36,6.92,6.97,1.0,1.0638080570416195
601212,白银有色,2026-05-18,6.68,6.89,6.64,6.83,126848828.0,858553246.0,0.017130680726545087,6.68,6.89,6.64,6.83,1.0,0.6626914875454931
601212,白银有色,2026-05-19,6.83,6.85,6.58,6.71,109644256.0,731325396.0,0.01480723765958307,6.83,6.85,6.58,6.71,1.0,0.5748202206040189
601212,白银有色,2026-05-20,6.64,6.68,6.46,6.63,109429178.0,717999556.0,0.014778191805495212,6.64,6.68,6.46,6.63,1.0,0.7153091198603921
601212,白银有色,2026-05-21,6.69,6.81,6.35,6.36,107813547.0,710743465.0,0.014560004067624203,6.69,6.81,6.35,6.36,1.0,0.7896053600512525
601212,白银有色,2026-05-22,6.35,6.73,6.3,6.66,133677009.0,875688447.0,0.018052812925149722,6.35,6.73,6.3,6.66,1.0,1.0326937212065292
601212,白银有色,2026-05-25,6.79,6.93,6.61,6.66,88809199.0,596545179.0,0.011993504848536772,6.79,6.93,6.61,6.66,1.0,0.7559351471285055
601212,白银有色,2026-05-26,6.62,6.74,6.45,6.74,113812378.0,753629745.0,0.015370134206102906,6.62,6.74,6.45,6.74,1.0,1.0358384817355912
601212,白银有色,2026-05-27,6.66,6.72,6.31,6.36,110022555.0,710059768.0,0.014858326183539881,6.66,6.72,6.31,6.36,1.0,0.9938061786322575
601212,白银有色,2026-05-28,6.3,6.44,6.18,6.37,97252968.0,611574668.0,0.01313381897794835,6.3,6.44,6.18,6.37,1.0,0.8775210260794936
601212,白银有色,2026-05-29,6.49,6.55,6.22,6.27,90107622.0,571430244.0,0.012168854279916642,6.49,6.55,6.22,6.27,1.0,0.8288439470173514
601212,白银有色,2026-06-01,6.27,6.36,6.22,6.28,70224898.0,442576740.0,0.009483732137376898,6.27,6.36,6.22,6.28,1.0,0.7022423480232652
601212,白银有色,2026-06-02,6.28,6.42,6.13,6.41,99334842.0,626398559.0,0.013414971901228772,6.28,6.42,6.13,6.41,1.0,1.0316849646060196
601212,白银有色,2026-06-03,6.34,6.47,6.29,6.38,79828658.0,511313712.0,0.010780700733211026,6.34,6.47,6.29,6.38,1.0,0.8548010962839706
601212,白银有色,2026-06-04,6.33,6.33,6.15,6.19,83775670.0,519745612.0,0.011313736816097358,6.33,6.33,6.15,6.19,1.0,0.9590825886470057
601212,白银有色,2026-06-05,6.17,6.21,6.0,6.04,93731503.0,572200916.0,0.012658252166998365,6.17,6.21,6.0,6.04,1.0,1.1072262238941613
601212,白银有色,2026-06-08,5.75,5.91,5.57,5.66,117388989.0,673535775.0,0.015853148374149056,5.75,5.91,5.57,5.66,1.0,1.3749145806902738
601212,白银有色,2026-06-09,5.76,5.78,5.54,5.72,89204763.0,504656913.0,0.012046924976241186,5.76,5.78,5.54,5.72,1.0,0.9408600873533086
601212,白银有色,2026-06-10,5.58,5.64,5.42,5.54,115061361.0,635321053.0,0.015538806864283732,5.58,5.64,5.42,5.54,1.0,1.2400735501275417
601212,白银有色,2026-06-11,5.48,5.65,5.45,5.56,109534976.0,607288856.0,0.014792479613968358,5.48,5.65,5.45,5.56,1.0,1.0971880195291837
601212,白银有色,2026-06-12,5.68,5.99,5.63,5.76,232923059.0,1351915613.0,0.031455793644220534,5.68,5.99,5.63,5.76,1.0,2.218646199259412
601212,白银有色,2026-06-15,5.99,6.1,5.88,6.03,192478889.0,1153472248.0,0.025993889309399935,5.99,6.1,5.88,6.03,1.0,1.4491422853143092
601212,白银有色,2026-06-16,6.0,6.15,5.9,6.05,144037489.0,866165567.0,0.019451975044753666,6.0,6.15,5.9,6.05,1.0,0.9742755349136494
601212,白银有色,2026-06-17,6.05,6.1,5.86,5.91,106614138.0,634142185.0,0.014398026279074633,6.05,6.1,5.86,5.91,1.0,0.6713434173307158
601212,白银有色,2026-06-18,5.9,6.07,5.77,5.84,113515597.0,669850873.0,0.015330054525140423,5.9,6.07,5.77,5.84,1.0,0.722487597709402
601212,白银有色,2026-06-22,5.77,6.13,5.66,6.11,144924417.0,857596028.0,0.019571752898715652,5.77,6.13,5.66,6.11,1.0,0.9177436388055941
601212,白银有色,2026-06-23,6.08,6.08,5.5,5.51,200639629.0,1143727294.0,0.027095980937967015,6.08,6.08,5.5,5.51,1.0,1.4299319912995776
601212,白银有色,2026-06-24,5.49,5.56,5.35,5.55,119814630.0,652561682.0,0.01618072634379508,5.49,5.56,5.35,5.55,1.0,0.844084480031435
601212,白银有色,2026-06-25,5.36,5.45,5.27,5.33,112944480.0,604544643.0,0.015252926315611343,5.36,5.45,5.27,5.33,1.0,0.8238008329849654
601212,白银有色,2026-06-26,5.34,5.38,5.0,5.04,117335167.0,600162087.0,0.015845879820607006,5.34,5.38,5.0,5.04,1.0,0.8479950457473145
601212,白银有色,2026-06-29,5.03,5.19,4.97,5.09,125848946.0,639275588.0,0.016995648660610513,5.03,5.19,4.97,5.09,1.0,0.9045313039401385
601212,白银有色,2026-06-30,5.0,5.1,4.95,5.08,92414434.0,464649369.0,0.012480384630580686,5.0,5.1,4.95,5.08,1.0,0.6829498687915312
601212,白银有色,2026-07-01,5.07,5.17,5.02,5.07,108481236.0,553351414.0,0.014650174132763679,5.07,5.17,5.02,5.07,1.0,0.9543395313138184
601212,白银有色,2026-07-02,5.13,5.27,5.06,5.12,153092812.0,788871296.0,0.020674878319734972,5.13,5.27,5.06,5.12,1.0,1.374202365759425
601212,白银有色,2026-07-03,5.29,5.45,5.15,5.18,209033630.0,1102218892.0,0.028229573998435026,5.29,5.45,5.15,5.18,1.0,1.75019443080773
601212,白银有色,2026-07-06,5.18,5.7,5.13,5.25,386804265.0,2092539782.0,0.05223714299812796,5.18,5.7,5.13,5.25,1.0,2.8075229791407494
601212,白银有色,2026-07-07,5.04,5.11,4.88,4.89,245441629.0,1222514399.0,0.03314640150559475,5.04,5.11,4.88,4.89,1.0,1.2920341808953575
601212,白银有色,2026-07-08,4.85,4.97,4.77,4.8,142629602.0,693582862.0,0.019261842718926787,4.85,4.97,4.77,4.8,1.0,0.6466388903349356
601212,白银有色,2026-07-09,4.69,4.86,4.59,4.84,159337770.0,756326455.0,0.02151824741770317,4.69,4.86,4.59,4.84,1.0,0.7006926051519184
601212,白银有色,2026-07-10,4.88,5.06,4.77,4.94,143719139.0,709734590.0,0.019408982513444698,4.88,5.06,4.77,4.94,1.0,0.6285568738600801
601212,白银有色,2026-07-13,4.83,4.83,4.56,4.58,139521300.0,649260280.0,0.018842072745461354,4.83,4.83,4.56,4.58,1.0,0.6471709142095974
601212,白银有色,2026-07-14,4.53,4.8,4.48,4.79,143986189.0,669034552.0,0.019445047082271648,4.53,4.8,4.48,4.79,1.0,0.8667085178556191
601212,白银有色,2026-07-15,4.8,4.83,4.66,4.69,102135127.0,483157918.0,0.01379314479438576,4.8,4.83,4.66,4.69,1.0,0.7003289042422182
601212,白银有色,2026-07-16,4.64,4.88,4.61,4.73,132035120.0,625468082.0,0.017831079096852734,4.64,4.88,4.61,4.73,1.0,0.9585829175648117
601212,白银有色,2026-07-17,4.68,4.69,4.4,4.47,148513804.0,675774278.0,0.020056492440030226,4.68,4.69,4.4,4.47,1.0,1.1227283467282787
601212,白银有色,2026-07-20,4.51,4.68,4.39,4.48,146155428.0,662300007.0,0.019737998474211746,4.51,4.68,4.39,4.48,1.0,1.096947493509149
601212,白银有色,2026-07-21,4.47,4.67,4.38,4.66,148727067.0,678148895.0,0.020085293181995183,4.47,4.67,4.38,4.66,1.0,1.105242220039679
601212,白银有色,2026-07-22,4.68,4.9,4.65,4.8,167134976.0,803848864.0,0.022571244506057048,4.68,4.9,4.65,4.8,1.0,1.233347314641476
601212,白银有色,2026-07-23,4.8,5.16,4.76,4.98,187861488.0,930882154.0,0.025370318531769808,4.8,5.16,4.76,4.98,1.0,1.264947412547534
601212,白银有色,2026-07-24,4.73,4.79,4.6,4.62,157092428.0,736295679.0,0.021215018467697404,4.73,4.79,4.6,4.62,1.0,0.983804183104801
601212,白银有色,2026-07-27,4.75,4.88,4.71,4.87,169941546.0,819017063.0,0.022950266175904087,4.75,4.88,4.71,4.87,1.0,1.0529589322353508
601212,白银有色,2026-07-28,4.76,4.87,4.72,4.78,104000200.0,497743276.0,0.014045019175871568,4.76,4.87,4.72,4.78,1.0,0.6259359643100666
601212,白银有色,2026-07-29,4.76,4.97,4.7,4.9,122451998.0,594289139.0,0.0165368976216756,4.76,4.97,4.7,4.9,1.0,0.7789263680075534
601212,白银有色,2026-07-30,4.94,5.01,4.76,4.81,129169296.0,631253090.0,0.017444055292718964,4.94,5.01,4.76,4.81,1.0,0.8711789553635335
601212,白银有色,2026-07-31,4.85,5.05,4.85,4.99,151214224.0,752425430.0,0.020421178764507556,4.85,5.05,4.85,4.99,1.0,1.1075442231717392
601212,白银有色,2026-08-03,4.99,5.08,4.87,5.07,114954807.0,576267502.0,0.015524416959521378,4.99,5.08,4.87,5.07,1.0,0.8492809459982095
601212,白银有色,2026-08-04,5.05,5.16,5.05,5.15,104333591.0,534719806.0,0.01409004296417258,5.05,5.16,5.05,5.15,1.0,0.8389770091784529
601212,白银有色,2026-08-05,5.21,5.47,5.16,5.47,194011922.0,1036552181.0,0.02620092235243489,5.21,5.47,5.16,5.47,1.0,1.5592707257375393
601212,白银有色,2026-08-06,5.66,5.68,5.3,5.44,279386877.0,1533869858.0,0.03773063941176912,5.66,5.68,5.3,5.44,1.0,2.0137911602496033
601212,白银有色,2026-08-07,5.42,5.64,5.33,5.63,239057279.0,1313412221.0,0.032284207796587694,5.42,5.64,5.33,5.63,1.0,1.416381540848241
601212,白银有色,2026-08-10,5.68,5.99,5.55,5.9,281853633.0,1628183671.0,0.03806376988000088,5.68,5.99,5.55,5.9,1.0,1.5125049853260413
601212,白银有色,2026-08-11,5.99,6.48,5.81,5.83,503127779.0,3104358634.0,0.06794640110277357,5.99,6.48,5.81,5.83,1.0,2.289768563118223
601212,白银有色,2026-08-12,5.89,5.94,5.65,5.78,292389675.0,1676900829.0,0.039486641296861504,5.89,5.94,5.65,5.78,1.0,0.9763001025171342
601212,白银有色,2026-08-13,5.75,5.84,5.49,5.49,228817207.0,1289303661.0,0.030901306536760258,5.75,5.84,5.49,5.49,1.0,0.7169288800934206
601212,白银有色,2026-08-14,5.44,5.49,5.31,5.44,128958799.0,696907651.0,0.01741562809352643,5.44,5.49,5.31,5.44,1.0,0.4172760668378242
601212,白银有色,2026-08-17,5.58,5.68,5.51,5.67,157669592.0,884604759.0,0.021292963312492152,5.58,5.68,5.51,5.67,1.0,0.5493150937943613
601212,白银有色,2026-08-18,5.69,5.73,5.52,5.6,120659061.0,676814887.0,0.016294765062833123,5.69,5.73,5.52,5.6,1.0,0.4601924547603497
601212,白银有色,2026-08-19,5.47,5.58,5.38,5.4,112033835.0,611553119.0,0.015129945528195438,5.47,5.58,5.38,5.4,1.0,0.603309201238486
601212,白银有色,2026-08-20,5.66,5.84,5.45,5.54,223177223.0,1262755911.0,0.030139637968511265,5.66,5.84,5.45,5.54,1.0,1.4915501928443744
601212,白银有色,2026-08-21,5.64,6.09,5.56,6.09,336471144.0,2015909278.0,0.04543975559284928,5.64,6.09,5.56,6.09,1.0,2.265803496359878
601212,白银有色,2026-08-24,6.53,6.7,6.47,6.7,218580014.0,1457887765.0,0.02951879408012942,6.53,6.7,6.47,6.7,1.0,1.1504079813909074
601212,白银有色,2026-08-25,7.13,7.13,6.45,6.58,688699669.0,4646263147.0,0.09300751400017886,7.13,7.13,6.45,6.58,1.0,3.406297229413245
601212,白银有色,2026-08-26,6.56,7.24,6.42,7.24,583391917.0,4031968824.0,0.07878591253972082,6.56,7.24,6.42,7.24,1.0,1.847390752563986
601212,白银有色,2026-08-27,7.0,7.54,7.0,7.2,698986430.0,5109731812.0,0.09439672051615294,7.0,7.54,7.0,7.2,1.0,1.704578898050599
601212,白银有色,2026-08-28,7.2,7.68,6.94,7.63,694349822.0,5083451431.0,0.09377055587155611,7.2,7.68,6.94,7.63,1.0,1.3743355429851822
601212,白银有色,2026-08-31,6.9,7.07,6.87,6.87,375843931.0,2587142467.0,0.050756971794572996,6.9,7.07,6.87,6.87,1.0,0.6516000480708817
601212,白银有色,2026-09-01,6.78,6.91,6.67,6.74,354511403.0,2396688510.0,0.04787605651912336,6.78,6.91,6.67,6.74,1.0,0.5828341396740201
601212,白银有色,2026-09-02,6.45,6.68,6.25,6.66,387790420.0,2499480896.0,0.05237032126014459,6.45,6.68,6.25,6.66,1.0,0.7162513080410139
601212,白银有色,2026-09-03,6.67,7.33,6.67,7.33,588615515.0,4162293835.0,0.07949134901077612,6.67,7.33,6.67,7.33,1.0,1.1718489592873476
601212,白银有色,2026-09-04,7.54,7.55,7.23,7.3,519143326.0,3820946025.0,0.07010926871963462,7.54,7.55,7.23,7.3,1.0,1.081048119651537
601212,白银有色,2026-09-07,7.08,7.2,6.93,7.0,319071891.0,2257902915.0,0.04309002124588802,7.08,7.2,6.93,7.0,1.0,0.7167240943675756
601212,白银有色,2026-09-08,7.19,7.35,7.03,7.11,384023181.0,2757113302.0,0.05186156316164967,7.19,7.35,7.03,7.11,1.0,0.8851998927285474
601212,白银有色,2026-09-09,6.99,7.14,6.74,7.09,431801744.0,3000128698.0,0.05831396261406022,6.99,7.14,6.74,7.09,1.0,0.9819727036314608
603009,北特科技,2026-03-19,48.24,48.27,46.48,47.73,7665805.0,364713487.0,0.0226524876098881,48.37,48.4,46.6,47.86,0.9972837442540744,0.8840282499531796
603009,北特科技,2026-03-20,47.97,48.25,46.59,46.68,5156700.0,245866079.0,0.0152380712603451,48.1,48.38,46.71,46.8,0.9974358974358974,0.6404729894331085
603009,北特科技,2026-03-23,46.29,47.51,44.6,44.89,7551448.0,348335629.0,0.0223145621701457,46.41,47.64,44.72,45.01,0.997333925794268,1.025876027948036
603009,北特科技,2026-03-24,45.86,45.87,43.56,44.61,6472542.0,287347664.0,0.0191263901781326,45.98,45.99,43.68,44.73,0.9973172367538564,0.9007926757102835
603009,北特科技,2026-03-25,44.99,46.34,44.98,45.56,5995100.0,274178710.0,0.0177155469608267,45.11,46.46,45.1,45.68,0.9973730297723292,0.9325713183491818
603009,北特科技,2026-03-26,45.58,46.31,44.72,44.85,4423645.0,202019720.0,0.0130718904998292,45.7,46.43,44.84,44.97,0.9973315543695798,0.6734820583470443
603009,北特科技,2026-03-27,44.36,45.58,43.88,45.11,4405400.0,198210452.0,0.0130179764443005,44.48,45.7,44.0,45.23,0.997346893654654,0.7441696099942449
603009,北特科技,2026-03-30,44.53,46.03,44.38,45.4,4182150.0,189157612.0,0.0123582717089325,44.65,46.15,44.5,45.52,0.9973637961335676,0.724856216875025
603009,北特科技,2026-03-31,45.42,46.15,43.98,43.98,4983073.0,224746277.0,0.0147250027090002,45.54,46.27,44.1,44.1,0.9972789115646258,0.9778847048630986
603009,北特科技,2026-04-01,44.68,46.72,44.58,46.6,8097155.0,371876030.0,0.0239271287637558,44.8,46.84,44.7,46.72,0.9974315068493153,1.687654922797466
603009,北特科技,2026-04-02,46.49,47.79,45.68,46.9,5744500.0,268365541.0,0.0169750228547428,46.61,47.92,45.8,47.02,0.9974478945129732,1.1008406862285742
603009,北特科技,2026-04-03,46.9,47.77,45.88,46.88,4878427.0,228564628.0,0.0144157733171198,47.02,47.9,46.0,47.0,0.9974468085106384,0.8898251725011691
603009,北特科技,2026-04-07,46.49,47.02,45.78,46.24,4455242.0,207404090.0,0.0131652597742902,46.61,47.14,45.9,46.36,0.9974115616911132,0.7988512228932049
603009,北特科技,2026-04-08,47.47,48.25,47.16,47.77,6319822.0,302430142.0,0.0186751019040659,47.6,48.38,47.29,47.9,0.9972860125260962,1.1221913662201721
603009,北特科技,2026-04-09,47.87,50.32,47.35,49.67,9492672.0,470110667.0,0.0280508876582083,48.0,50.45,47.48,49.8,0.9973895582329318,1.609192237936371
603009,北特科技,2026-04-10,49.76,50.84,49.34,49.57,5777400.0,289455167.0,0.017072242499955,49.89,50.98,49.47,49.7,0.99738430583501,0.935136937656534
603009,北特科技,2026-04-13,49.06,50.17,48.67,48.67,4982418.0,245283732.0,0.0147230671811092,49.19,50.3,48.8,48.8,0.9973360655737706,0.8056021875616338
603009,北特科技,2026-04-14,48.96,49.62,48.67,48.9,5550410.0,273473811.0,0.0164014860480796,49.09,49.75,48.8,49.03,0.9973485621048336,0.8944324132027939
603009,北特科技,2026-04-15,49.87,51.02,49.27,49.68,7676291.0,385914691.0,0.0226834737861706,50.0,51.16,49.4,49.81,0.9973900823127886,1.1948381896154379
603009,北特科技,2026-04-16,50.75,51.94,50.37,51.06,8972442.0,460017821.0,0.0265136057120471,50.88,52.08,50.5,51.2,0.997265625,1.3400028095063587
603009,北特科技,2026-04-17,50.86,51.24,50.37,50.98,5683001.0,289700472.0,0.0167932930383021,51.0,51.38,50.5,51.12,0.9972613458528952,0.8621329112892848
603009,北特科技,2026-04-20,51.04,51.86,50.51,50.67,5214903.0,266667793.0,0.0154100613822381,51.18,52.0,50.64,50.8,0.9974409448818898,0.7933930475020479
603009,北特科技,2026-04-21,50.38,51.53,49.86,50.84,5297762.0,268563498.0,0.0156549100929564,50.51,51.67,49.99,50.98,0.9972538250294234,0.800337564858883
603009,北特科技,2026-04-22,50.57,51.51,50.57,51.14,5276977.0,269874094.0,0.0155934903262168,50.7,51.65,50.7,51.28,0.9972698907956318,0.8033298158386153
603009,北特科技,2026-04-23,50.86,50.88,47.47,48.07,12060004.0,586661609.0,0.0356373650497503,51.0,51.02,47.6,48.2,0.9973029045643153,1.9806159187928034
603009,北特科技,2026-04-24,48.02,48.36,46.28,46.37,7362255.0,346333212.0,0.0217554960200966,48.15,48.49,46.4,46.49,0.99741879974188,1.0977742079234007
603009,北特科技,2026-04-27,46.37,47.16,46.08,46.68,4567600.0,214109109.0,0.0134972781602095,46.49,47.29,46.2,46.8,0.9974358974358974,0.6485875329480223
603009,北特科技,2026-04-28,46.65,46.68,45.18,45.3,4954914.0,226961092.0,0.0146417927397137,46.77,46.8,45.3,45.42,0.997357992073976,0.7167614100415691
603009,北特科技,2026-04-29,45.44,45.93,45.13,45.34,4914128.0,223866293.0,0.0145212699296948,45.56,46.05,45.25,45.46,0.9973603167619888,0.7179831539883261
603009,北特科技,2026-04-30,45.18,46.16,44.68,45.82,6660900.0,304198407.0,0.0196829888994963,45.3,46.28,44.8,45.94,0.9973878972572922,0.9836261371862011
603009,北特科技,2026-05-06,45.83,46.53,45.34,45.36,8246990.0,379923508.0,0.0243698918500889,45.95,46.65,45.46,45.48,0.9973614775725594,1.448884192673616
603009,北特科技,2026-05-07,45.36,49.86,45.09,49.07,14680244.0,703673320.0,0.0433801858148145,45.48,49.99,45.21,49.2,0.9973577235772356,2.501359367394239
603009,北特科技,2026-05-08,48.78,52.16,48.55,51.02,16811365.0,857867218.0,0.0496776577760335,48.91,52.3,48.68,51.16,0.9972634870992964,2.1303304879193585
603009,北特科技,2026-05-11,51.02,53.14,49.87,52.23,12585423.0,654844167.0,0.0371899805138143,51.16,53.28,50.0,52.37,0.997326713767424,1.2263236625234073
603009,北特科技,2026-05-12,52.75,52.86,51.6,52.36,8342850.0,436734934.0,0.0246531585731903,52.89,53.0,51.74,52.5,0.9973333333333332,0.7072019184835067
603009,北特科技,2026-05-13,51.88,52.41,51.16,51.97,6117705.0,318324798.0,0.0180778452769736,52.02,52.55,51.3,52.11,0.9973133755517176,0.5042047495048039
603009,北特科技,2026-05-14,51.98,52.36,49.61,49.62,7178600.0,364781178.0,0.0212127946844907,52.12,52.5,49.74,49.75,0.9973869346733668,0.613161591372053
603009,北特科技,2026-05-15,49.62,53.05,49.32,51.71,10699014.0,552485585.0,0.0316156335926911,49.75,53.19,49.45,51.85,0.9972999035679846,1.0481842179344076
603009,北特科技,2026-05-18,50.69,53.21,50.53,52.52,11085000.0,579815820.0,0.0327562239263338,50.82,53.35,50.66,52.66,0.9973414356247629,1.2337615389259167
603009,北特科技,2026-05-19,52.76,53.21,51.5,51.95,7046410.0,368155517.0,0.0208221726510381,52.9,53.35,51.64,52.09,0.9973123440199654,0.8113652414451833
603009,北特科技,2026-05-20,51.93,51.95,50.38,51.06,7074810.0,361357406.0,0.0209060947763884,52.07,52.09,50.51,51.2,0.997265625,0.8397055940422052
603009,北特科技,2026-05-21,51.41,56.17,50.86,55.68,27029738.0,1496686904.0,0.0798729950922991,51.55,56.32,51.0,55.83,0.9973132724341752,3.1368770476647923
603009,北特科技,2026-05-22,54.85,59.5,54.24,58.64,27759667.0,1584270165.0,0.0820299385090176,55.0,59.66,54.38,58.8,0.997278911564626,2.205424592863885
603009,北特科技,2026-05-25,59.28,60.42,58.08,59.43,15501894.0,919185565.0,0.0458081651913659,59.44,60.58,58.23,59.59,0.9973149857358616,0.9689213628870329
603009,北特科技,2026-05-26,58.94,60.44,56.86,57.74,19486900.0,1145022773.0,0.0575838755101556,59.1,60.6,57.01,57.89,0.9974088789082745,1.1542659922280012
603009,北特科技,2026-05-27,56.9,57.63,55.21,55.48,12552277.0,705627971.0,0.0370920339375164,57.05,57.78,55.36,55.63,0.9973036131583676,0.6480065580616086
603009,北特科技,2026-05-28,55.36,55.36,51.76,52.3,13079918.0,691953969.0,0.0386512154213879,55.51,55.51,51.9,52.44,0.9973302822273074,0.6391017862557388
603009,北特科技,2026-05-29,52.63,52.8,47.9,48.26,12315223.0,611466482.0,0.0363915383212212,52.63,52.8,47.9,48.26,1.0,0.6967148444790906
603009,北特科技,2026-06-01,48.11,49.98,47.78,47.91,8852400.0,430435140.0,0.0261588810722127,48.11,49.98,47.78,47.91,1.0,0.6068590455451676
603009,北特科技,2026-06-02,48.39,49.69,47.35,47.85,9187749.0,442910370.0,0.0271498388473567,48.39,49.69,47.35,47.85,1.0,0.6930309175964935
603009,北特科技,2026-06-03,47.75,51.33,47.11,48.74,13970294.0,695807241.0,0.0412822804312781,47.75,51.33,47.11,48.74,1.0,1.2476246735279637
603009,北特科技,2026-06-04,48.14,51.68,47.95,50.45,9991813.0,503779934.0,0.0295258515162881,48.14,51.68,47.95,50.45,1.0,0.8702823230576314
603009,北特科技,2026-06-05,49.85,52.4,47.7,50.3,13498005.0,669931665.0,0.0398866643517162,49.85,52.4,47.7,50.3,1.0,1.2425102608315086
603009,北特科技,2026-06-08,48.53,51.28,48.51,49.63,12219853.0,612652586.0,0.0361097195502826,48.53,51.28,48.51,49.63,1.0,1.100882480534641
603009,北特科技,2026-06-09,49.68,50.3,47.05,48.1,11673018.0,559010602.0,0.0344938197116938,49.68,50.3,47.05,48.1,1.0,0.9914618053624435
603009,北特科技,2026-06-10,47.8,47.8,44.25,45.06,10750807.0,489735013.0,0.031768682136292,47.8,47.8,44.25,45.06,1.0,0.87614378912921
603009,北特科技,2026-06-11,44.95,45.05,43.0,43.36,6973589.0,304383015.0,0.020606986274625,44.95,45.05,43.0,43.36,1.0,0.5997909535665978
603009,北特科技,2026-06-12,43.95,45.41,42.67,42.67,10052004.0,439851240.0,0.0297037161869556,43.95,45.41,42.67,42.67,1.0,0.911907320352152
603009,北特科技,2026-06-15,42.97,43.48,42.69,43.24,8971555.0,386706706.0,0.0265109846231321,42.97,43.48,42.69,43.24,1.0,0.8681712385684714
603009,北特科技,2026-06-16,43.27,44.91,41.86,43.47,10136467.0,439044049.0,0.0299533047247536,43.27,44.91,41.86,43.47,1.0,1.0467021181090268
603009,北特科技,2026-06-17,43.18,43.34,42.38,42.87,6409327.0,274409657.0,0.0189395895741179,43.18,43.34,42.38,42.87,1.0,0.6835241564884814
603009,北特科技,2026-06-18,42.88,44.19,42.24,42.67,9408723.0,404702340.0,0.027802817992679,42.88,44.19,42.24,42.67,1.0,1.1057912967090993
603009,北特科技,2026-06-22,42.67,42.68,39.74,40.74,12896174.0,523453688.0,0.0381082510903892,42.67,42.68,39.74,40.74,1.0,1.4336066753944745
603009,北特科技,2026-06-23,40.3,44.28,39.34,42.4,16786758.0,703766083.0,0.0496049439824245,40.3,44.28,39.34,42.4,1.0,1.755120200753432
603009,北特科技,2026-06-24,42.14,44.17,40.9,43.55,12522854.0,536935790.0,0.0370050888426509,42.14,44.17,40.9,43.55,1.0,1.1253979311668296
603009,北特科技,2026-06-25,43.6,47.38,43.0,45.7,13547865.0,619209096.0,0.0400340008717854,43.6,47.38,43.0,45.7,1.0,1.1674396191248024
603009,北特科技,2026-06-26,45.7,47.01,43.3,43.59,9337058.0,415983699.0,0.0275910476013682,45.7,47.01,43.3,43.59,1.0,0.7164455058067712
603009,北特科技,2026-06-29,43.13,47.85,42.38,46.9,15493688.0,703377326.0,0.0457839164251467,43.13,47.85,42.38,46.9,1.0,1.190161256347661
603009,北特科技,2026-06-30,46.89,49.08,46.86,47.97,10652396.0,513369874.0,0.0314778771969312,46.89,49.08,46.86,47.97,1.0,0.7868721860226705
603009,北特科技,2026-07-01,48.85,50.8,48.46,49.65,11583097.0,576499593.0,0.0342281027598056,48.85,50.8,48.46,49.65,1.0,0.9408911814646364
603009,北特科技,2026-07-02,50.49,51.63,49.65,50.5,12588533.0,640387785.0,0.0371991705775411,50.49,51.63,49.65,50.5,1.0,1.0384161580611666
603009,北特科技,2026-07-03,49.99,54.08,49.98,53.34,14454483.0,759770985.0,0.0427130610633636,49.99,54.08,49.98,53.34,1.0,1.2115110422348105
603009,北特科技,2026-07-06,52.65,55.6,51.83,52.9,14621922.0,786734133.0,0.0432078440473962,52.65,55.6,51.83,52.9,1.0,1.1287190088673384
603009,北特科技,2026-07-07,52.88,54.0,50.5,50.57,10835496.0,562167568.0,0.0320189385050874,52.88,54.0,50.5,50.57,1.0,0.8478421687014913
603009,北特科技,2026-07-08,50.31,50.99,46.6,46.65,10686166.0,515873813.0,0.0315776676959833,50.31,50.99,46.6,46.65,1.0,0.8337685075436932
603009,北特科技,2026-07-09,46.9,47.43,45.13,46.38,8979711.0,416921695.0,0.0265350856391306,46.9,47.43,45.13,46.38,1.0,0.7105708330563759
603009,北特科技,2026-07-10,47.98,50.87,47.07,48.15,10516581.0,515420338.0,0.0310765432724788,47.98,50.87,47.07,48.15,1.0,0.8825925834293451
603009,北特科技,2026-07-13,47.98,47.98,45.83,46.0,9491056.0,443361328.0,0.0280461123710757,47.98,47.98,45.83,46.0,1.0,0.8529005348610051
603009,北特科技,2026-07-14,46.0,46.73,44.64,45.2,5447150.0,247299816.0,0.0160963522923166,46.0,46.73,44.64,45.2,1.0,0.539225575793309
603009,北特科技,2026-07-15,45.22,47.2,44.2,45.78,5920700.0,271114296.0,0.0174956946324442,45.22,47.2,44.2,45.78,1.0,0.6560962843986515
603009,北特科技,2026-07-16,45.78,46.4,44.23,44.61,5994093.0,270868545.0,0.017712571271382,45.78,46.4,44.23,44.61,1.0,0.74266678111702
603009,北特科技,2026-07-17,44.97,47.84,42.02,42.02,15312533.0,692015966.0,0.0452486026005752,44.97,47.84,42.02,42.02,1.0,2.0487965077477455
603009,北特科技,2026-07-20,42.5,43.2,39.6,41.28,10483285.0,433968441.0,0.0309781534455188,42.5,43.2,39.6,41.28,1.0,1.243110723706747
603009,北特科技,2026-07-21,42.29,42.62,40.72,42.36,7494619.0,314205481.0,0.0221466322243172,42.29,42.62,40.72,42.36,1.0,0.8682817211022602
603009,北特科技,2026-07-22,41.8,42.69,41.08,42.19,7012195.0,293678350.0,0.0207210671750219,41.8,42.69,41.08,42.19,1.0,0.7755955450287499
603009,北特科技,2026-07-23,42.19,42.58,40.65,41.25,6468137.0,267863445.0,0.0191133733836901,42.19,42.58,40.65,41.25,1.0,0.6985523274054483
603009,北特科技,2026-07-24,39.6,40.68,38.7,38.99,6770709.0,267044669.0,0.020007474979165,39.6,40.68,38.7,38.99,1.0,0.7238184388201955
603009,北特科技,2026-07-27,38.34,39.69,37.54,39.14,7001935.0,270158681.0,0.0202140325632842,38.34,39.69,37.54,39.14,1.0,0.9157897242521341
603009,北特科技,2026-07-28,38.0,40.36,38.0,38.77,6195002.0,242272557.0,0.0178844808124626,38.0,40.36,38.0,38.77,1.0,0.8914288888194996
603009,北特科技,2026-07-29,39.0,39.05,36.3,37.29,8789102.0,328378097.0,0.0253734423455839,39.0,39.05,36.3,37.29,1.0,1.3138465350581132
603009,北特科技,2026-07-30,36.85,37.3,35.0,35.54,7160044.0,256868015.0,0.0206704807414733,36.85,37.3,35.0,35.54,1.0,1.0163331973972378
603009,北特科技,2026-07-31,36.96,39.09,36.96,39.09,11784415.0,454702360.0,0.0340206740778449,36.96,39.09,36.96,39.09,1.0,1.6405160850668399
603009,北特科技,2026-08-03,39.83,40.58,39.05,39.28,8295205.0,328580824.0,0.0239476007688043,39.83,40.58,39.05,39.28,1.0,1.0133281300413204
603009,北特科技,2026-08-04,39.67,40.45,38.8,40.02,6935001.0,276555216.0,0.0200207993990816,39.67,40.45,38.8,40.02,1.0,0.8212200531226868
603009,北特科技,2026-08-05,39.95,40.59,39.8,40.45,6379104.0,257284053.0,0.0184159687258703,39.95,40.59,39.8,40.45,1.0,0.7423818307179628
603009,北特科技,2026-08-06,40.08,41.24,39.7,40.5,5982877.0,242841934.0,0.0172720927143888,40.08,41.24,39.7,40.5,1.0,0.7376474674893966
603009,北特科技,2026-08-07,40.5,41.5,39.7,41.36,6699034.0,272690044.0,0.019339581332667,40.5,41.5,39.7,41.36,1.0,0.8506363753784544
603009,北特科技,2026-08-10,41.65,41.84,39.86,40.0,5641100.0,227021441.0,0.0162854095464671,41.65,41.84,39.86,40.0,1.0,0.8225283083387436
603009,北特科技,2026-08-11,39.98,44.0,39.55,44.0,11068810.0,467213307.0,0.0319547790399091,39.98,44.0,39.55,44.0,1.0,1.7493392887012835
603009,北特科技,2026-08-12,45.54,47.74,43.88,46.31,19067003.0,881918064.0,0.0550449296553364,45.54,47.74,43.88,46.31,1.0,2.6651537526636506
603009,北特科技,2026-08-13,46.07,50.0,45.56,48.5,18695229.0,900008378.0,0.0539716475208718,46.07,50.0,45.56,48.5,1.0,1.928980880757651
603009,北特科技,2026-08-14,48.49,49.69,47.28,47.99,13928414.0,670398465.0,0.0402102296223692,48.49,49.69,47.28,47.99,1.0,1.1384785213218722
603009,北特科技,2026-08-17,47.89,48.66,46.72,48.45,11415833.0,543913150.0,0.0329566069949256,47.89,48.66,46.72,48.45,1.0,0.8344839331422979
603009,北特科技,2026-08-18,48.45,48.83,47.66,48.06,7665582.0,368634065.0,0.0221299289645684,48.45,48.83,47.66,48.06,1.0,0.5167207370098685
603009,北特科技,2026-08-19,47.3,47.7,43.25,43.25,11585427.0,516258726.0,0.0334462114597682,47.3,47.7,43.25,43.25,1.0,0.8185028693738339
603009,北特科技,2026-08-20,43.5,46.39,42.39,45.0,12457531.0,551375799.0,0.0359639067332277,43.5,46.39,42.39,45.0,1.0,0.9841551222114983
603009,北特科技,2026-08-21,45.19,45.66,43.84,44.85,7438327.0,334254419.0,0.0214738617531234,45.19,45.66,43.84,44.85,1.0,0.6518811254566758
603009,北特科技,2026-08-24,45.16,45.54,43.8,45.3,7005357.0,313524314.0,0.0202239116066388,45.16,45.54,43.8,45.3,1.0,0.6927396084465426
603009,北特科技,2026-08-25,44.27,45.25,43.95,44.65,4832047.0,215679225.0,0.013949737523316,44.27,45.25,43.95,44.65,1.0,0.523490157267394
603009,北特科技,2026-08-26,44.9,46.19,44.63,44.64,6994167.0,316886210.0,0.0201916069616538,44.9,46.19,44.63,44.64,1.0,0.80729209048778
603009,北特科技,2026-08-27,44.65,47.04,44.27,46.91,8769758.0,406756954.0,0.0253175977474972,44.65,47.04,44.27,46.91,1.0,1.1322411823413323
603009,北特科技,2026-08-28,46.91,47.74,45.8,46.09,5312723.0,247089323.0,0.015337411118742,46.91,47.74,45.8,46.09,1.0,0.7581014779368839
603009,北特科技,2026-08-31,45.5,48.25,45.24,47.76,8884800.0,420872674.0,0.0256497149028472,45.5,48.25,45.24,47.76,1.0,1.3496970837865845
603009,北特科技,2026-09-01,47.68,48.25,46.75,46.89,5144392.0,242701503.0,0.014851452835009,47.68,48.25,46.75,46.89,1.0,0.7392749707955467
603009,北特科技,2026-09-02,46.5,46.7,45.9,46.19,3261900.0,150898395.0,0.0094168473169455,46.5,46.7,45.9,46.19,1.0,0.4645808218803481
603009,北特科技,2026-09-03,46.3,47.68,46.2,46.53,4420600.0,207130822.0,0.0127619225755815,46.3,47.68,46.2,46.53,1.0,0.7045101302296681
603009,北特科技,2026-09-04,47.5,47.6,44.11,44.4,5678033.0,258564128.0,0.0163920321964431,47.5,47.6,44.11,44.4,1.0,1.0505376342096582
603009,北特科技,2026-09-07,44.66,48.84,44.64,48.84,14251530.0,682690390.0,0.0411430399591858,44.66,48.84,44.64,48.84,1.0,2.6016197679969406
603009,北特科技,2026-09-08,50.03,50.03,48.35,48.66,11464736.0,562839841.0,,50.03,50.03,48.35,48.66,1.0,1.7499964510811685
603009,北特科技,2026-09-09,48.63,49.04,47.43,48.0,5770435.0,278088032.0,,48.63,49.04,47.43,48.0,1.0,0.7383454054156279
603082,北自科技,2026-03-19,36.4,36.4,35.44,35.54,1139675.0,41277146.0,0.0281006437868772,36.88,36.88,35.91,36.01,0.986948069980561,0.8350115257124278
603082,北自科技,2026-03-20,35.61,35.92,34.72,34.72,1045000.0,37197584.0,0.0257662691182018,36.08,36.4,35.18,35.18,0.9869243888573052,0.8522254174558928
603082,北自科技,2026-03-23,34.32,34.32,32.33,32.76,1581779.0,53408409.0,0.0390014769373398,34.78,34.78,32.76,33.2,0.986746987951807,1.4366993732499702
603082,北自科技,2026-03-24,33.46,33.5,32.6,33.3,843924.0,28214041.0,0.0208083951189563,33.9,33.94,33.03,33.74,0.9869590989922938,0.7246422357810071
603082,北自科技,2026-03-25,33.54,33.99,33.41,33.84,765366.0,26213196.0,0.0188714127559059,33.99,34.44,33.85,34.29,0.9868766404199476,0.7031068709288679
603082,北自科技,2026-03-26,33.78,34.15,33.15,33.26,847920.0,28871438.0,0.0209069233595269,34.23,34.6,33.59,33.7,0.9869436201780414,0.7886536263631602
603082,北自科技,2026-03-27,32.93,33.79,32.93,33.7,766600.0,25974991.0,0.0189018391445105,33.37,34.24,33.37,34.15,0.9868228404099562,0.7539355415599837
603082,北自科技,2026-03-30,33.36,33.83,33.16,33.83,676902.0,23057021.0,0.016690180955645,33.8,34.28,33.6,34.28,0.9868728121353558,0.704286196759648
603082,北自科技,2026-03-31,33.78,34.25,33.57,33.69,700100.0,24067162.0,0.0172621674733522,34.23,34.7,34.02,34.14,0.9868189806678382,0.8974002694892624
603082,北自科技,2026-04-01,34.11,35.01,34.11,34.59,1167800.0,40945423.0,0.0287941139485512,34.56,35.48,34.56,35.05,0.9868758915834523,1.5542118902666249
603082,北自科技,2026-04-02,35.21,35.7,34.83,35.14,1803011.0,64576501.0,0.0444563317216059,35.68,36.17,35.29,35.61,0.9868014602639708,2.167433778870691
603082,北自科技,2026-04-03,35.03,35.35,34.35,34.41,732000.0,25729691.0,0.018048716741171,35.5,35.82,34.81,34.87,0.9868081445368512,0.7156246474424338
603082,北自科技,2026-04-07,34.39,34.88,34.2,34.61,640136.0,22455306.0,0.0157836521035878,34.85,35.34,34.65,35.07,0.9868833761049328,0.6300783119378607
603082,北自科技,2026-04-08,35.15,35.53,35.14,35.42,1080500.0,38670994.0,0.0266415825667149,35.62,36.0,35.61,35.89,0.9869044302033994,1.071276948241807
603082,北自科技,2026-04-09,35.18,35.3,35.01,35.25,713100.0,25392416.0,0.017582704792526,35.65,35.77,35.48,35.72,0.986842105263158,0.6574232217997152
603082,北自科技,2026-04-10,35.53,36.39,35.31,35.64,915200.0,33237051.0,0.0225658272698357,36.0,36.87,35.78,36.11,0.98698421489892,0.9209565308919935
603082,北自科技,2026-04-13,35.35,38.59,35.35,37.64,3662194.0,137571492.0,0.090297680542645,35.82,39.1,35.82,38.14,0.9868904037755636,4.486953483220517
603082,北自科技,2026-04-14,37.09,37.39,36.25,36.79,2822472.0,105054146.0,0.0695928929479324,37.58,37.89,36.73,37.28,0.9868562231759656,2.0128509954886016
603082,北自科技,2026-04-15,36.87,36.87,36.18,36.19,1343600.0,49700433.0,0.0331287647724554,37.36,37.36,36.66,36.67,0.986910280883556,0.7307363729849004
603082,北自科技,2026-04-16,36.44,36.57,36.2,36.46,747215.0,27536408.0,0.0184238686881886,36.92,37.06,36.68,36.94,0.9870059556036818,0.39507734625867363
603082,北自科技,2026-04-17,36.51,37.1,36.45,36.97,1258289.0,46935610.0,0.0310252756004526,37.0,37.59,36.93,37.46,0.9869193806727176,0.6629076459318357
603082,北自科技,2026-04-20,36.91,37.11,36.4,36.61,1323700.0,49163102.0,0.0326380961069509,37.4,37.6,36.88,37.1,0.9867924528301886,0.6730379091640337
603082,北自科技,2026-04-21,36.5,36.81,36.32,36.73,1041836.0,38709949.0,0.0256882552660583,36.98,37.3,36.8,37.22,0.9868350349274584,0.6949950875724924
603082,北自科技,2026-04-22,36.8,36.8,36.42,36.6,708400.0,26224907.0,0.0174668182232862,37.29,37.29,36.9,37.09,0.986788891884605,0.6198115716825556
603082,北自科技,2026-04-23,36.45,36.6,35.86,36.02,1065138.0,38973311.0,0.0262628060823189,36.93,37.09,36.34,36.5,0.9868493150684932,1.0484797536736332
603082,北自科技,2026-04-24,36.19,36.24,35.77,35.94,838900.0,30560238.0,0.020684519773454,36.67,36.72,36.25,36.42,0.986820428336079,0.7771387620213797
603082,北自科技,2026-04-27,35.85,36.47,35.64,36.44,863700.0,31625131.0,0.0212960063515702,36.33,36.95,36.11,36.92,0.9869989165763812,0.8675216061795421
603082,北自科技,2026-04-28,34.54,34.93,33.41,33.71,2658889.0,91504450.0,0.065559473233901,35.0,35.39,33.85,34.16,0.9868266978922716,2.942567841249197
603082,北自科技,2026-04-29,33.71,33.71,33.11,33.51,1289879.0,43678370.0,0.031804181286045,34.16,34.16,33.55,33.96,0.9867491166077738,1.0512415022786372
603082,北自科技,2026-04-30,33.38,33.59,33.31,33.51,810079.0,27458920.0,0.0199738885368457,33.82,34.04,33.75,33.96,0.9867491166077738,0.6030509017635062
603082,北自科技,2026-05-06,33.51,34.2,33.49,33.72,1196079.0,40932954.0,0.0294913812446217,33.96,34.65,33.93,34.17,0.986830553116769,0.9255504223744311
603082,北自科技,2026-05-07,33.75,34.83,33.62,34.34,1476370.0,51186144.0,0.0364024370698944,34.2,35.29,34.07,34.8,0.9867816091954024,1.0826008054995244
603082,北自科技,2026-05-08,34.29,35.57,33.91,35.23,1877138.0,66345347.0,0.0462840601722518,34.75,36.04,34.36,35.7,0.9868347338935572,1.262995041510929
603082,北自科技,2026-05-11,35.24,36.44,34.89,35.28,1788234.0,64468172.0,0.0440919794165727,35.71,36.92,35.35,35.75,0.9868531468531468,1.3446288430261017
603082,北自科技,2026-05-12,35.38,35.43,34.39,34.52,1097721.0,38606455.0,0.0270661958877527,35.85,35.9,34.85,34.98,0.9868496283590624,0.7678625890121574
603082,北自科技,2026-05-13,34.05,34.62,34.05,34.49,771300.0,26928102.0,0.0190177257137503,34.5,35.08,34.5,34.95,0.9868383404864092,0.5186575504516012
603082,北自科技,2026-05-14,35.33,37.95,34.44,37.95,4855286.0,180477792.0,0.1197154121740073,35.8,38.45,34.9,38.45,0.9869960988296488,3.4627372227530726
603082,北自科技,2026-05-15,38.5,41.75,38.49,41.75,12828902.0,527492850.0,0.316318604232572,39.01,42.3,39.0,42.3,0.9869976359338062,6.173868316817103
603082,北自科技,2026-05-18,45.92,45.92,41.9,45.92,21118866.0,970337676.0,0.5207218993562132,46.53,46.53,42.46,46.53,0.98689017837954,4.947853338689423
603082,北自科技,2026-05-19,50.51,50.51,50.5,50.51,5161844.0,264182367.0,0.1272741259810291,51.18,51.18,51.17,51.18,0.9869089488081282,0.6345685584027861
603082,北自科技,2026-05-20,45.46,50.63,45.46,45.46,22827542.0,1083661315.0,0.5628522396928759,46.06,51.3,46.06,46.06,0.9869735128093792,2.5513502510874977
603082,北自科技,2026-05-21,43.42,45.27,41.11,42.24,19554658.0,843461653.0,0.4821536655908119,44.0,45.87,41.66,42.8,0.9869158878504674,1.463837673844525
603082,北自科技,2026-05-22,41.15,44.31,39.14,42.17,16487209.0,699994440.0,0.406520444116784,41.7,44.9,39.66,42.73,0.9868944535455184,1.0115868450685572
603082,北自科技,2026-05-25,41.05,41.89,39.49,40.34,12210376.0,501796769.0,0.3010677837803185,41.6,42.45,40.01,40.88,0.9867906066536204,0.7169911295132776
603082,北自科技,2026-05-26,40.35,42.15,40.03,41.43,11776130.0,491264954.0,0.290360703110938,40.89,42.71,40.56,41.98,0.9868985231062412,0.7722900306865164
603082,北自科技,2026-05-27,39.38,40.14,37.28,37.49,11135675.0,432756590.0,0.2745691855146719,39.9,40.67,37.78,37.99,0.9868386417478284,0.6719903461328017
603082,北自科技,2026-05-28,36.86,37.87,35.75,37.55,6142651.0,231881060.0,0.1514576064738675,37.35,38.37,36.23,38.05,0.9868593955321944,0.43158386661759324
603082,北自科技,2026-05-29,37.55,37.59,34.62,35.19,7281947.0,265587952.0,0.179548905365055,38.05,38.09,35.08,35.66,0.9868199663488504,0.6304493203971787
603082,北自科技,2026-06-01,34.71,35.69,34.54,34.82,4463939.0,158648716.0,0.1100660800011835,35.17,36.16,35.0,35.28,0.9869614512471656,0.4597564546970253
603082,北自科技,2026-06-02,34.87,35.49,33.98,34.43,4196160.0,147086774.0,0.1034635290172572,35.33,35.96,34.43,34.89,0.9868157065061622,0.5142309836520488
603082,北自科技,2026-06-03,34.13,35.1,33.95,34.45,3899198.0,136536062.0,0.0961414210652194,34.58,35.57,34.4,34.91,0.9868232598109428,0.5868685034592629
603082,北自科技,2026-06-04,34.15,36.88,34.05,36.74,7941304.0,286929800.0,0.1958064842233997,34.6,37.37,34.5,37.23,0.9868385710448564,1.5281203991934236
603082,北自科技,2026-06-05,36.38,38.49,35.09,37.1,7960849.0,294393031.0,0.1962883997544191,36.86,39.0,35.56,37.59,0.9869646182495344,1.432706784129375
603082,北自科技,2026-06-08,35.54,36.78,35.36,35.45,4486443.0,163371714.0,0.1106209547573902,36.01,37.27,35.83,35.92,0.9869153674832962,0.7881613550961036
603082,北自科技,2026-06-09,35.45,36.14,34.85,35.74,4459364.0,159929726.0,0.1099532755215512,35.92,36.62,35.31,36.21,0.9870201601767468,0.7827852832510542
603082,北自科技,2026-06-10,35.44,35.44,32.83,33.23,4752416.0,163821111.0,0.1171789757106682,35.91,35.91,33.27,33.67,0.9869319869319868,0.8265888405386022
603082,北自科技,2026-06-11,32.37,32.96,31.7,31.98,3754306.0,122562932.0,0.0925688600460094,32.8,33.4,32.12,32.4,0.987037037037037,0.6341652551981096
603082,北自科技,2026-06-12,32.28,33.34,32.18,32.38,3149650.0,104279488.0,0.0776600282565975,32.71,33.78,32.61,32.81,0.9868942395611094,0.619683459632954
603082,北自科技,2026-06-15,32.37,33.64,32.35,33.55,3055606.0,102729636.0,0.0753412119762605,32.8,34.09,32.78,34.0,0.9867647058823528,0.7415735005505971
603082,北自科技,2026-06-16,33.8,35.18,32.99,35.04,4098843.0,141784193.0,0.101064011302639,34.25,35.65,33.43,35.51,0.9867642917488032,1.0690026290282653
603082,北自科技,2026-06-17,34.54,38.15,34.35,36.81,7071050.0,262632565.0,0.1743488777495321,35.0,38.66,34.81,37.3,0.98686327077748,1.8795165825032303
603082,北自科技,2026-06-18,36.45,40.49,36.28,40.49,10669096.0,421601014.0,0.2630648792190724,36.93,41.03,36.76,41.03,0.9868388983670484,2.5246973951765437
603082,北自科技,2026-06-22,42.36,44.54,42.36,44.54,6013979.0,269640404.0,0.148284977402119,42.92,45.13,42.92,45.13,0.9869266563261688,1.0722305057597379
603082,北自科技,2026-06-23,43.25,48.99,42.82,46.38,16529012.0,789707831.0,0.4075511688516627,43.82,49.64,43.39,47.0,0.986808510638298,2.6738554810066617
603082,北自科技,2026-06-24,46.29,48.1,44.21,46.33,10214408.0,472644517.0,0.2518537659436495,46.9,48.74,44.8,46.95,0.9867944621938232,1.1507382050102317
603082,北自科技,2026-06-25,46.33,47.25,42.91,44.41,9385648.0,421597718.0,0.231419265279151,46.95,47.88,43.48,45.0,0.9868888888888888,0.9293172569082319
603082,北自科技,2026-06-26,45.16,48.85,42.5,42.9,13378983.0,609388603.0,0.3298817956993754,45.16,48.85,42.5,42.9,1.0,1.2666578404137094
603082,北自科技,2026-06-29,43.54,44.67,41.0,42.41,9293631.0,393989908.0,0.2291504281638882,43.54,44.67,41.0,42.41,1.0,0.836931844891118
603082,北自科技,2026-06-30,42.41,43.5,41.08,42.04,6098850.0,256363549.0,0.1503776176187036,42.41,43.5,41.08,42.04,1.0,0.5185948592422918
603082,北自科技,2026-07-01,42.5,43.09,41.55,42.04,6423533.0,271303000.0,0.1583832344188042,42.5,43.09,41.55,42.04,1.0,0.6639788247299238
603082,北自科技,2026-07-02,41.0,43.19,41.0,41.1,5559475.0,233378296.0,0.1370784009625982,41.0,43.19,41.0,41.1,1.0,0.623530121648083
603082,北自科技,2026-07-03,41.41,41.98,39.74,39.8,5801649.0,236351661.0,0.1430496167113364,41.41,41.98,39.74,39.8,1.0,0.7117806605370817
603082,北自科技,2026-07-06,39.89,40.98,37.54,39.0,6232631.0,244482283.0,0.1536762178568874,39.89,40.98,37.54,39.0,1.0,0.9392960598349382
603082,北自科技,2026-07-07,39.0,39.9,37.63,38.0,3931711.0,151940681.0,0.0969430849004731,39.0,39.9,37.63,38.0,1.0,0.6527581657382497
603082,北自科技,2026-07-08,37.91,37.99,35.37,36.48,4732400.0,171628505.0,0.116685446866008,37.91,37.99,35.37,36.48,1.0,0.8466135048342877
603082,北自科技,2026-07-09,37.8,37.99,35.7,37.82,4330500.0,159741400.0,0.1067759123601655,37.8,37.99,35.7,37.82,1.0,0.8246100425678157
603082,北自科技,2026-07-10,37.82,38.75,37.0,37.45,4372010.0,165855447.0,0.1077994126770044,37.82,38.75,37.0,37.45,1.0,0.8733926724919614
603082,北自科技,2026-07-13,36.8,37.26,34.87,35.11,3403849.0,121887709.0,0.0839277410255714,36.8,37.26,34.87,35.11,1.0,0.7211773068061648
603082,北自科技,2026-07-14,35.28,35.52,33.9,34.9,2699944.0,93758010.0,0.0665717547445687,35.28,35.52,33.9,34.9,1.0,0.6499477383034664
603082,北自科技,2026-07-15,34.81,35.68,34.52,34.93,2561280.0,89645595.0,0.0631527557579598,34.81,35.68,34.52,34.93,1.0,0.6554375692183867
603082,北自科技,2026-07-16,34.93,35.56,34.1,34.79,2614286.0,91459800.0,0.0644597096918156,34.93,35.56,34.1,34.79,1.0,0.7526338005697165
603082,北自科技,2026-07-17,34.76,35.45,33.0,33.5,4656973.0,160096252.0,0.1148256646834447,34.76,35.45,33.0,33.5,1.0,1.4877206588126572
603082,北自科技,2026-07-20,34.16,34.25,30.15,30.49,5851050.0,185686461.0,0.1442676831809137,34.16,34.25,30.15,30.49,1.0,1.8357580652812706
603082,北自科技,2026-07-21,30.51,31.11,28.07,31.11,5090413.0,151461099.0,0.1255128720390365,30.51,31.11,28.07,31.11,1.0,1.3845034575236435
603082,北自科技,2026-07-22,30.33,31.27,30.0,30.44,2855423.0,87001744.0,0.0704053564251705,30.33,31.27,30.0,30.44,1.0,0.6872587669915503
603082,北自科技,2026-07-23,30.44,33.48,30.21,33.48,4651600.0,149602861.0,0.1146931841437585,30.44,33.48,30.21,33.48,1.0,1.1039415192937014
603082,北自科技,2026-07-24,33.49,35.68,33.0,33.9,7496428.0,258575775.0,0.1848373026538024,33.49,35.68,33.0,33.9,1.0,1.622220099587721
603082,北自科技,2026-07-27,33.28,37.29,33.28,37.29,4348963.0,155583913.0,0.1072311493235429,33.28,37.29,33.28,37.29,1.0,0.8381147457262722
603082,北自科技,2026-07-28,37.73,39.73,36.92,38.49,10090870.0,387730784.0,0.2488077244562577,37.73,39.73,36.92,38.49,1.0,2.0641781738258014
603082,北自科技,2026-07-29,37.76,37.76,35.59,36.79,7121887.0,259172958.0,0.1756023512645197,37.76,37.76,35.59,36.79,1.0,1.2094247027607383
603082,北自科技,2026-07-30,36.5,38.5,36.11,37.27,6676201.0,251450263.0,0.1646131977542662,36.5,38.5,36.11,37.27,1.0,0.9902478357298904
603082,北自科技,2026-07-31,37.63,38.0,35.86,36.52,6046196.0,221985607.0,0.1490793428491822,37.63,38.0,35.86,36.52,1.0,0.845992185278092
603082,北自科技,2026-08-03,36.52,36.88,35.38,35.73,4277399.0,153506804.0,0.105466616038208,36.52,36.88,35.38,35.73,1.0,0.623816416213957
603082,北自科技,2026-08-04,35.9,36.5,35.55,36.1,5030048.0,181495764.0,0.1240244693258113,35.9,36.5,35.55,36.1,1.0,0.7351173120579455
603082,北自科技,2026-08-05,35.9,36.8,35.66,36.8,4798934.0,174524411.0,0.1183259568655395,35.9,36.8,35.66,36.8,1.0,0.8230958909438345
603082,北自科技,2026-08-06,36.52,37.36,36.26,37.25,5550202.0,205371856.0,0.1368497592271598,36.52,37.36,36.26,37.25,1.0,1.0343747300007478
603082,北自科技,2026-08-07,37.02,39.74,36.72,38.95,8048641.0,307125181.0,0.1984530622409503,37.02,39.74,36.72,38.95,1.0,1.5657141587685908
603082,北自科技,2026-08-10,38.95,41.41,38.9,40.03,9219745.0,369092695.0,0.2273286419820055,38.95,41.41,38.9,40.03,1.0,1.6639001005730905
603082,北自科技,2026-08-11,39.1,43.0,38.52,41.43,8287920.0,340154610.0,0.2043528967943802,39.1,43.0,38.52,41.43,1.0,1.2693012067973206
603082,北自科技,2026-08-12,41.41,42.4,40.6,41.28,5054695.0,210025870.0,0.124632183426248,41.41,42.4,40.6,41.28,1.0,0.7038898170366487
603082,北自科技,2026-08-13,41.1,41.87,40.58,40.59,3480828.0,143468755.0,0.0858257904327007,41.1,41.87,40.58,40.59,1.0,0.48129316936718064
603082,北自科技,2026-08-14,40.78,41.1,39.52,40.15,3060859.0,122720083.0,0.0754707337099235,40.78,41.1,39.52,40.15,1.0,0.44891387317471293
603082,北自科技,2026-08-17,40.85,44.17,40.66,44.17,4940126.0,211372436.0,0.1218072880323693,40.85,44.17,40.66,44.17,1.0,0.8487008696763031
603082,北自科技,2026-08-18,45.0,45.11,43.11,43.61,5759590.0,251827096.0,0.1420125798569417,45.0,45.11,43.11,43.61,1.0,1.1600649972680137
603082,北自科技,2026-08-19,43.0,43.0,39.4,39.7,5414457.0,221186901.0,0.1335027331970638,43.0,43.0,39.4,39.7,1.0,1.2142162722822623
603082,北自科技,2026-08-20,40.5,40.7,39.16,39.44,2652156.0,105671158.0,0.0653934595592858,40.5,40.7,39.16,39.44,1.0,0.5853134685683968
603082,北自科技,2026-08-21,39.22,41.36,38.51,40.9,4089518.0,164449715.0,0.1008340874179239,39.22,41.36,38.51,40.9,1.0,0.9367945151707129
603082,北自科技,2026-08-24,40.36,43.37,40.26,41.87,5272471.0,223228373.0,0.1300018245970476,40.36,43.37,40.26,41.87,1.0,1.1534184228657112
603082,北自科技,2026-08-25,40.87,44.5,40.01,43.4,7545690.0,321925640.0,0.1860519418397362,40.87,44.5,40.01,43.4,1.0,1.627054407691639
603082,北自科技,2026-08-26,43.4,43.8,41.26,41.78,4858800.0,204217488.0,0.1198020558770517,43.4,43.8,41.26,41.78,1.0,0.9727603088808282
603082,北自科技,2026-08-27,41.59,41.99,40.03,40.55,5384096.0,218853637.0,0.1327541306164918,41.59,41.99,40.03,40.55,1.0,1.1024563821851632
603082,北自科技,2026-08-28,40.31,44.61,40.16,44.61,6956718.0,304034128.0,0.1715298259975491,40.31,44.61,40.16,44.61,1.0,1.2811364031885144
603082,北自科技,2026-08-31,43.77,44.82,42.57,44.6,8536514.0,375849748.0,0.2104824086653565,43.77,44.82,42.57,44.6,1.0,1.4219098517461737
603082,北自科技,2026-09-01,44.43,46.0,43.33,45.6,7785840.0,349833722.0,0.1919732523935508,44.43,46.0,43.33,45.6,1.0,1.1696836993700284
603082,北自科技,2026-09-02,44.79,47.18,44.6,44.82,8144570.0,373610349.0,0.2008183564325675,44.79,47.18,44.6,44.82,1.0,1.2148108368816533
603082,北自科技,2026-09-03,44.99,46.84,44.0,45.48,6006651.0,271770433.0,0.1481042929809724,44.99,46.84,44.0,45.48,1.0,0.8159494886645846
603082,北自科技,2026-09-04,45.04,45.79,43.43,43.85,4411530.0,196503720.0,0.1087738461272927,45.04,45.79,43.43,43.85,1.0,0.5892994211934168
603082,北自科技,2026-09-07,43.85,47.13,43.8,46.91,7180765.0,329612185.0,0.1770540894397747,43.85,47.13,43.8,46.91,1.0,1.0292021480227735
603082,北自科技,2026-09-08,46.58,49.26,45.53,48.31,7154060.0,338951262.0,,46.58,49.26,45.53,48.31,1.0,1.0668352830874532
603082,北自科技,2026-09-09,48.1,49.25,47.12,47.52,4563658.0,218734412.0,,48.1,49.25,47.12,47.52,1.0,0.6936161497126718
603118,共进股份,2026-03-19,12.63,12.93,12.6,12.68,35756741.0,457230500.0,0.0454182809588732,12.66,12.96,12.63,12.71,0.9976396538158928,1.136127502154899
603118,共进股份,2026-03-20,12.87,12.94,12.17,12.23,35622682.0,448527997.0,0.0452479989601009,12.9,12.97,12.2,12.26,0.9975530179445352,1.1305035526049327
603118,共进股份,2026-03-23,11.81,11.95,11.0,11.01,49902212.0,569029611.0,0.0633858853379635,11.84,11.98,11.03,11.04,0.9972826086956522,1.4924128852913277
603118,共进股份,2026-03-24,11.21,11.62,10.73,11.6,46561972.0,520733683.0,0.0591431060871904,11.24,11.65,10.76,11.63,0.997420464316423,1.2496934207270773
603118,共进股份,2026-03-25,11.72,12.76,11.72,12.76,62945940.0,785598442.0,0.0799540536465664,11.75,12.79,11.75,12.79,0.9976544175136828,1.551637413863594
603118,共进股份,2026-03-26,12.97,13.55,12.84,13.06,98423229.0,1302945133.0,0.1250173741393692,13.0,13.59,12.87,13.09,0.9977081741787625,2.1323155723339586
603118,共进股份,2026-03-27,13.12,13.27,12.74,13.04,48634615.0,635111801.0,0.0617757811987572,13.15,13.3,12.77,13.07,0.9977046671767406,0.8286524930386931
603118,共进股份,2026-03-30,12.83,13.17,12.68,13.06,42237837.0,548246526.0,0.0536505815214281,12.86,13.2,12.71,13.09,0.9977081741787625,0.68910687918941
603118,共进股份,2026-03-31,12.93,13.35,12.66,13.13,48356357.0,632312914.0,0.0614223373537755,12.96,13.38,12.69,13.16,0.9977203647416414,0.8091662572477835
603118,共进股份,2026-04-01,13.05,13.41,13.05,13.34,80339666.0,1067911571.0,0.1020475977531073,13.08,13.44,13.08,13.37,0.9977561705310396,1.3363307786454903
603118,共进股份,2026-04-02,13.22,13.4,12.99,13.03,56380716.0,742631210.0,0.0716148935371498,13.25,13.43,13.02,13.06,0.9977029096477794,0.8865123726624013
603118,共进股份,2026-04-03,13.29,13.33,12.81,13.22,53228085.0,699264955.0,0.067610415597797,13.32,13.36,12.84,13.25,0.9977358490566038,0.9644544491525615
603118,共进股份,2026-04-07,13.25,13.79,13.17,13.67,80664641.0,1100188432.0,0.1024603816210389,13.28,13.83,13.2,13.71,0.9970824215900802,1.4376537370906308
603118,共进股份,2026-04-08,13.73,13.92,13.52,13.92,87255249.0,1197750909.0,0.110831784535913,13.77,13.96,13.55,13.96,0.997134670487106,1.3677680557917982
603118,共进股份,2026-04-09,13.63,14.43,13.54,14.37,96135062.0,1360078553.0,0.122110940029873,13.67,14.47,13.58,14.41,0.9972241498959056,1.34316236850189
603118,共进股份,2026-04-10,14.18,14.22,13.7,13.75,85838479.0,1195314101.0,0.109032200566163,14.22,14.26,13.74,13.79,0.9970993473531544,1.1486059098699894
603118,共进股份,2026-04-13,13.55,14.43,13.52,14.14,77860300.0,1100548546.0,0.0988983023073093,13.59,14.47,13.55,14.18,0.997179125528914,0.9657174934815437
603118,共进股份,2026-04-14,14.13,14.24,13.77,13.88,64439598.0,902342060.0,0.0818513009012999,14.17,14.28,13.81,13.92,0.9971264367816092,0.753232448134976
603118,共进股份,2026-04-15,13.86,13.99,13.54,13.62,49591123.0,681243267.0,0.0629907394938493,13.9,14.03,13.57,13.66,0.9970717423133236,0.6025232802239051
603118,共进股份,2026-04-16,13.61,13.98,13.42,13.76,42654287.0,586072068.0,0.0541795571097046,13.65,14.02,13.45,13.8,0.9971014492753624,0.5704510581561886
603118,共进股份,2026-04-17,13.74,15.14,13.74,15.14,71226841.0,1066308354.0,0.0904724699700958,13.78,15.18,13.78,15.18,0.9973649538866932,1.11158622705212
603118,共进股份,2026-04-20,14.99,14.99,14.61,14.81,99175012.0,1472168858.0,0.1259722903470322,15.03,15.03,14.65,14.85,0.9973063973063974,1.6217142784969603
603118,共进股份,2026-04-21,14.84,14.87,14.13,14.4,68104806.0,981311524.0,0.0865068551285912,14.88,14.91,14.17,14.44,0.997229916897507,1.0410813475017573
603118,共进股份,2026-04-22,14.27,15.45,14.27,15.12,98833735.0,1486621042.0,0.1255387996474519,14.31,15.49,14.31,15.16,0.9973614775725592,1.494075839023701
603118,共进股份,2026-04-23,15.12,15.24,14.46,14.53,70110903.0,1034823430.0,0.0890550033833987,15.16,15.28,14.5,14.57,0.997254632807138,0.9225247944983734
603118,共进股份,2026-04-24,14.44,15.28,14.03,15.07,93758520.0,1392778909.0,0.1190922518259743,14.48,15.32,14.07,15.11,0.99735274652548,1.1505487979830875
603118,共进股份,2026-04-27,14.89,14.89,14.29,14.69,60905260.0,894036669.0,0.0773619779988681,14.93,14.93,14.33,14.73,0.997284453496266,0.7082287369442273
603118,共进股份,2026-04-28,14.48,14.83,13.68,13.94,66000928.0,936172922.0,0.0838345052601512,14.52,14.87,13.72,13.98,0.9971387696709584,0.8424648946750902
603118,共进股份,2026-04-29,13.76,15.34,13.73,14.61,97396048.0,1455355060.0,0.1237126468642069,13.8,15.38,13.77,14.65,0.9972696245733788,1.2499192973671631
603118,共进股份,2026-04-30,14.56,15.02,14.19,14.6,65686525.0,962337824.0,0.0834351499668847,14.6,15.06,14.23,14.64,0.9972677595628414,0.8461015053136581
603118,共进股份,2026-05-06,14.67,15.25,14.67,15.0,68726316.0,1036783802.0,0.087296298321939,14.71,15.29,14.71,15.04,0.9973404255319148,0.8954632306567404
603118,共进股份,2026-05-07,15.96,16.08,15.1,15.29,116727015.0,1796345528.0,0.1482668782023679,16.0,16.12,15.14,15.33,0.9973907371167644,1.627015735945774
603118,共进股份,2026-05-08,15.29,15.83,14.84,15.69,107977750.0,1676576464.0,0.1371535450282502,15.33,15.87,14.88,15.73,0.9974570883661792,1.302390302437589
603118,共进股份,2026-05-11,15.8,16.05,15.15,15.9,107316569.0,1686448837.0,0.1363137116546587,15.84,16.09,15.19,15.94,0.997490589711418,1.1753927627321308
603118,共进股份,2026-05-12,15.67,16.34,15.46,15.84,84782374.0,1342371824.0,0.1076907339707574,15.71,16.38,15.5,15.88,0.9974811083123424,0.9088353571004955
603118,共进股份,2026-05-13,15.28,16.17,15.27,16.05,80413469.0,1274772807.0,0.1021413424651773,15.32,16.21,15.31,16.09,0.9975139838408952,0.8280998602055555
603118,共进股份,2026-05-14,17.65,17.65,16.96,17.65,95735327.0,1689806208.0,0.1216031958666369,17.7,17.7,17.0,17.7,0.9971751412429378,0.9627113807454001
603118,共进股份,2026-05-15,16.84,16.84,15.89,15.89,138760372.0,2256749407.0,0.1762536904986328,16.88,16.88,15.93,15.93,0.9974890144381672,1.4568767863662166
603118,共进股份,2026-05-18,15.15,15.93,14.69,15.59,72517038.0,1120879474.0,0.0921112806726231,15.19,15.97,14.73,15.63,0.9974408189379398,0.7151467247434232
603118,共进股份,2026-05-19,15.39,15.57,14.84,15.48,69127830.0,1052313248.0,0.0878063021743852,15.43,15.61,14.88,15.52,0.9974226804123713,0.7319628753886683
603118,共进股份,2026-05-20,15.47,16.01,15.03,15.54,66101358.0,1032030959.0,0.0839620716386615,15.51,16.05,15.07,15.58,0.9974326059050064,0.7239160404662374
603118,共进股份,2026-05-21,15.54,15.54,13.98,13.98,94857256.0,1393970650.0,0.1204878683992976,15.58,15.58,14.02,14.02,0.9971469329529244,1.0724588809620437
603118,共进股份,2026-05-22,13.98,14.26,13.76,14.18,54429600.0,765476886.0,0.0691365822539333,14.02,14.3,13.8,14.22,0.9971870604781996,0.6166069050140205
603118,共进股份,2026-05-25,14.07,14.54,13.87,14.14,45566111.0,647683046.0,0.0578781615360641,14.11,14.58,13.91,14.18,0.997179125528914,0.6381216937202474
603118,共进股份,2026-05-26,13.94,13.96,13.12,13.38,58646961.0,786730235.0,0.0744934822802247,13.98,14.0,13.15,13.41,0.9977628635346756,0.8883691546427283
603118,共进股份,2026-05-27,13.27,13.35,12.77,12.87,42967141.0,561476404.0,0.0545769448602019,13.3,13.38,12.8,12.9,0.9976744186046512,0.6721991256318036
603118,共进股份,2026-05-28,12.75,13.47,12.68,13.36,43014811.0,564739325.0,0.0546374953855787,12.78,13.5,12.71,13.39,0.9977595220313666,0.7254568128779254
603118,共进股份,2026-05-29,13.55,13.63,12.59,12.76,40460169.0,528971456.0,0.0513925842202871,13.59,13.67,12.62,12.79,0.9976544175136828,0.8269847969188908
603118,共进股份,2026-06-01,12.76,12.97,12.51,12.56,27931825.0,356613207.0,0.0354790576564033,12.79,13.0,12.54,12.59,0.9976171564733916,0.6054887522085834
603118,共进股份,2026-06-02,12.53,12.78,12.26,12.65,29866614.0,376424432.0,0.0379366303529233,12.56,12.81,12.29,12.68,0.9976340694006308,0.7010254162517485
603118,共进股份,2026-06-03,13.14,13.46,12.78,12.95,52471549.0,694231168.0,0.0666494621204233,13.17,13.49,12.81,12.98,0.99768875192604,1.4239955903303811
603118,共进股份,2026-06-04,13.21,13.71,13.15,13.22,45489780.0,607488098.0,0.0577812057535482,13.24,13.75,13.18,13.25,0.9977358490566038,1.1739602960939868
603118,共进股份,2026-06-05,12.96,13.67,12.88,13.38,50937665.0,682572410.0,0.0647011197233821,12.99,13.71,12.91,13.41,0.9977628635346756,1.2979737375004865
603118,共进股份,2026-06-08,12.86,12.98,12.23,12.32,42475107.0,538697280.0,0.0539519623302416,12.89,13.01,12.26,12.35,0.9975708502024292,1.0274705975666374
603118,共进股份,2026-06-09,12.43,12.59,12.18,12.58,29557779.0,367053755.0,0.0375443475439298,12.46,12.62,12.21,12.61,0.9976209357652656,0.6680004401540648
603118,共进股份,2026-06-10,12.39,12.41,11.91,12.08,31338863.0,380636251.0,0.0398066838548188,12.42,12.44,11.94,12.11,0.9975227085053676,0.7092426633947079
603118,共进股份,2026-06-11,12.02,12.17,11.8,11.88,22926346.0,274300779.0,0.0291210886357999,12.05,12.2,11.83,11.91,0.9974811083123426,0.573734696847676
603118,共进股份,2026-06-12,12.09,12.4,12.08,12.13,26243446.0,321656629.0,0.0333344754142168,12.12,12.43,12.11,12.16,0.997532894736842,0.7403541474925828
603118,共进股份,2026-06-15,12.35,12.72,12.22,12.69,31420746.0,395200753.0,0.0399106917983771,12.38,12.75,12.25,12.72,0.997641509433962,1.029907846545224
603118,共进股份,2026-06-16,12.69,13.02,12.57,12.9,28704039.0,369792861.0,0.0364599253594296,12.72,13.05,12.6,12.93,0.9976798143851509,1.0143688990055495
603118,共进股份,2026-06-17,12.7,13.43,12.68,13.29,40066573.0,529283933.0,0.0508926378266186,12.73,13.46,12.71,13.32,0.9977477477477475,1.4245037666717104
603118,共进股份,2026-06-18,13.41,13.41,13.03,13.17,31304148.0,413384394.0,0.039762588795275,13.44,13.44,13.06,13.2,0.9977272727272728,1.0479347541177877
603118,共进股份,2026-06-22,13.12,13.34,12.65,13.09,34707749.0,451444686.0,0.0440858493097022,13.15,13.37,12.68,13.12,0.9977134146341464,1.1001641813874863
603118,共进股份,2026-06-23,13.02,13.15,12.63,12.74,28550196.0,368026573.0,0.036264513685934,13.05,13.18,12.66,12.77,0.9976507439310884,0.8588940090252745
603118,共进股份,2026-06-24,12.72,12.91,12.5,12.63,26064455.0,331344352.0,0.0331071207029161,12.75,12.94,12.53,12.66,0.9976303317535544,0.7978945490433162
603118,共进股份,2026-06-25,12.75,12.78,12.19,12.33,28879230.0,358570122.0,0.0366824533034462,12.78,12.81,12.22,12.36,0.9975728155339806,0.8985832691618455
603118,共进股份,2026-06-26,12.19,12.19,11.58,11.61,30341747.0,360047033.0,0.0385401452002868,12.22,12.22,11.61,11.64,0.997422680412371,1.0147349288400078
603118,共进股份,2026-06-29,11.5,11.55,10.7,11.01,30047336.0,334186220.0,0.0381661837837421,11.5,11.55,10.7,11.01,1.0,1.0113993840331232
603118,共进股份,2026-06-30,11.12,12.11,10.91,12.11,31517231.0,367770332.0,0.0400332472303253,11.12,12.11,10.91,12.11,1.0,1.0952384536643267
603118,共进股份,2026-07-01,12.11,12.42,12.01,12.05,37793019.0,461549674.0,0.0480047651777335,12.11,12.42,12.01,12.05,1.0,1.2867898964030635
603118,共进股份,2026-07-02,11.95,12.22,11.61,11.79,30013287.0,357470311.0,0.0381229346786749,11.95,12.22,11.61,11.79,1.0,0.9463223285735033
603118,共进股份,2026-07-03,12.24,12.58,12.0,12.2,38687753.0,474217088.0,0.0491412580196135,12.24,12.58,12.0,12.2,1.0,1.2111676898168724
603118,共进股份,2026-07-06,12.01,13.42,11.85,13.42,71862296.0,914664347.0,0.0912796261291742,12.01,13.42,11.85,13.42,1.0,2.138012719442321
603118,共进股份,2026-07-07,12.93,13.93,12.81,13.51,95181545.0,1283759158.0,0.1208997809087142,12.93,13.93,12.81,13.51,1.0,2.2675922876735903
603118,共进股份,2026-07-08,13.31,14.72,13.26,14.44,107579168.0,1523248424.0,0.1366472654078242,13.31,14.72,13.26,14.44,1.0,1.9664398973597443
603118,共进股份,2026-07-09,13.3,13.95,13.0,13.42,102746089.0,1373126523.0,0.1305082791976875,13.3,13.95,13.0,13.42,1.0,1.4963427307126977
603118,共进股份,2026-07-10,13.46,14.43,13.41,14.2,93560672.0,1311391074.0,0.1188409449171273,13.46,14.43,13.41,14.2,1.0,1.124373649600112
603118,共进股份,2026-07-13,13.66,14.83,13.6,14.8,110067202.0,1598951661.0,0.1398075709638375,13.66,14.83,13.6,14.8,1.0,1.1686158851244421
603118,共进股份,2026-07-14,14.66,14.98,13.38,14.26,83844039.0,1178692210.0,0.1064988590551004,14.66,14.98,13.38,14.26,1.0,0.8233974521114723
603118,共进股份,2026-07-15,13.96,13.97,12.86,12.87,75248216.0,1003797541.0,0.0955804282035095,13.96,13.97,12.86,12.87,1.0,0.7558120107432511
603118,共进股份,2026-07-16,12.3,14.16,12.2,13.59,104305792.0,1412056395.0,0.1324894169380201,12.3,14.16,12.2,13.59,1.0,1.1204442767960445
603118,共进股份,2026-07-17,13.31,14.95,12.9,14.95,122615677.0,1784261519.0,0.1557466679625097,13.31,14.95,12.9,14.95,1.0,1.3127288174653586
603118,共进股份,2026-07-20,16.45,16.45,13.47,13.57,177041169.0,2647492033.0,0.2248780322269686,16.45,16.45,13.47,13.57,1.0,1.7843980661332663
603118,共进股份,2026-07-21,13.13,14.93,12.73,14.93,133315517.0,1852146213.0,0.169337625240607,13.13,14.93,12.73,14.93,1.0,1.1838589687915206
603118,共进股份,2026-07-22,15.98,16.42,15.81,16.42,111083827.0,1813065200.0,0.1410988899875655,15.98,16.42,15.81,16.42,1.0,0.9067677104142182
603118,共进股份,2026-07-23,17.06,17.64,16.0,16.6,213987945.0,3587251375.0,0.2718078979239726,17.06,17.64,16.0,16.6,1.0,1.6502197147642133
603118,共进股份,2026-07-24,15.75,17.88,15.75,15.77,170066899.0,2803980558.0,0.216019301104268,15.75,17.88,15.75,15.77,1.0,1.1217480034985035
603118,共进股份,2026-07-27,14.93,16.76,14.3,16.2,141975976.0,2218093511.0,0.1803381568632961,14.93,16.76,14.3,16.2,1.0,0.8812960544476484
603118,共进股份,2026-07-28,15.5,17.82,15.36,17.31,215652474.0,3662996256.0,0.273922185850442,15.5,17.82,15.36,17.31,1.0,1.3995588703351962
603118,共进股份,2026-07-29,17.4,17.8,15.7,16.64,194212638.0,3218130418.0,0.2466892650660739,17.4,17.8,15.7,16.64,1.0,1.1387202509183043
603118,共进股份,2026-07-30,15.81,16.08,14.98,14.98,84843970.0,1291276454.0,0.1077689733280283,15.81,16.08,14.98,14.98,1.0,0.45327673248183326
603118,共进股份,2026-07-31,14.98,15.67,14.15,14.51,165029629.0,2468692958.0,0.2096209510945257,14.98,15.67,14.15,14.51,1.0,1.0228027807560682
603118,共进股份,2026-08-03,13.75,14.61,13.1,13.18,135851483.0,1862239450.0,0.1725588141148993,13.75,14.61,13.1,13.18,1.0,0.8472557956269547
603118,共进股份,2026-08-04,13.35,13.69,12.88,13.63,108608022.0,1449045621.0,0.1379541177307935,13.35,13.69,12.88,13.63,1.0,0.6825625983017081
603118,共进股份,2026-08-05,13.2,14.99,13.12,14.4,153271487.0,2207720738.0,0.1946857365874114,13.2,14.99,13.12,14.4,1.0,1.113008749097747
603118,共进股份,2026-08-06,13.95,14.94,13.95,14.78,120036671.0,1741086122.0,0.1524708095977158,13.95,14.94,13.95,14.78,1.0,0.9267743980524066
603118,共进股份,2026-08-07,14.6,15.01,14.44,14.7,102997519.0,1510155795.0,0.1308276460656436,14.6,15.01,14.44,14.7,1.0,0.7542320408031143
603118,共进股份,2026-08-10,14.7,14.88,14.35,14.68,64246391.0,936164192.0,0.0816058889995491,14.7,14.88,14.35,14.68,1.0,0.5174774042014489
603118,共进股份,2026-08-11,14.59,14.93,14.32,14.69,67129482.0,983973170.0,0.0852679967142315,14.59,14.93,14.32,14.69,1.0,0.6112013893799165
603118,共进股份,2026-08-12,14.63,14.75,14.3,14.51,62830498.0,909595100.0,0.0798074189968802,14.63,14.75,14.3,14.51,1.0,0.6187983195371193
603118,共进股份,2026-08-13,14.76,15.96,14.76,15.96,109355440.0,1724498043.0,0.1389034895070893,14.76,15.96,14.76,15.96,1.0,1.3104603221928848
603118,共进股份,2026-08-14,16.36,17.56,16.27,17.56,112627950.0,1949605839.0,0.1430602379820334,16.36,17.56,16.27,17.56,1.0,1.3851354733391557
603118,共进股份,2026-08-17,19.26,19.32,18.89,19.32,104778986.0,2022067463.0,0.1330904688638668,19.26,19.32,18.89,19.32,1.0,1.2587886082089366
603118,共进股份,2026-08-18,20.15,20.58,18.15,19.01,228907449.0,4393371028.0,0.2907586805033758,20.15,20.58,18.15,19.01,1.0,2.5059803400558742
603118,共进股份,2026-08-19,18.45,19.4,17.11,17.11,128324283.0,2293372621.0,0.1629977502463093,18.45,19.4,17.11,17.11,1.0,1.0373825059425232
603118,共进股份,2026-08-20,17.44,18.04,16.83,17.0,118499382.0,2052256040.0,0.1505181421631477,17.44,18.04,16.83,17.0,1.0,0.8662310143759309
603118,共进股份,2026-08-21,17.17,18.49,17.1,17.79,149380884.0,2648535363.0,0.1897438851990694,17.17,18.49,17.1,17.79,1.0,1.0775694971586107
603118,共进股份,2026-08-24,17.36,17.63,16.01,16.01,112605624.0,1849921612.0,0.1430318794540376,17.36,17.63,16.01,16.01,1.0,0.7713865938094667
603118,共进股份,2026-08-25,15.69,16.5,15.41,16.25,102235730.0,1642200423.0,0.1298600202176006,15.69,16.5,15.41,16.25,1.0,0.6929191261748117
603118,共进股份,2026-08-26,16.8,17.88,16.3,17.88,126463633.0,2171553465.0,0.1606343490497034,16.8,17.88,16.3,17.88,1.0,1.0348128706788826
603118,共进股份,2026-08-27,17.86,18.32,17.49,18.22,163396346.0,2945440777.0,0.2075463518971506,17.86,18.32,17.49,18.22,1.0,1.3411055602161794
603118,共进股份,2026-08-28,18.14,18.47,17.7,17.73,117590492.0,2120362552.0,0.1493636683429326,18.14,18.47,17.7,17.73,1.0,0.8988968736937851
603118,共进股份,2026-08-31,17.44,18.7,17.26,18.6,142082714.0,2566774776.0,0.1804737356754979,17.44,18.7,17.26,18.6,1.0,1.1416083924933451
603118,共进股份,2026-09-01,18.53,18.68,17.9,17.91,110822379.0,2012017445.0,0.1407667982368063,18.53,18.68,17.9,17.91,1.0,0.8501661896532761
603118,共进股份,2026-09-02,17.51,18.06,17.5,17.62,75713983.0,1345225744.0,0.0961720463397197,17.51,18.06,17.5,17.62,1.0,0.5732819342156705
603118,共进股份,2026-09-03,17.98,18.14,16.98,17.19,72248185.0,1256796870.0,0.0917697830766695,17.98,18.14,16.98,17.19,1.0,0.5925810703339076
603118,共进股份,2026-09-04,17.36,17.5,16.16,16.26,82514028.0,1377660836.0,0.1048094765334552,17.36,17.5,16.16,16.26,1.0,0.7957642404086105
603118,共进股份,2026-09-07,17.0,17.89,17.0,17.89,36543009.0,646068504.0,0.0464170000796391,17.0,17.89,17.0,17.89,1.0,0.3779936235802458
603118,共进股份,2026-09-08,18.61,18.61,17.92,18.04,127655089.0,2323957009.0,,18.61,18.61,17.92,18.04,1.0,1.6892673332641968
603118,共进股份,2026-09-09,18.04,18.49,17.66,17.85,89327425.0,1612997602.0,,18.04,18.49,17.66,17.85,1.0,1.1316600340836995
603216,梦天家居,2026-03-19,34.85,35.39,33.63,33.86,2484400.0,85807373.0,0.0111563159549149,35.17,35.71,33.93,34.17,0.9909277143693298,0.9157322835806592
603216,梦天家居,2026-03-20,34.41,34.69,33.0,33.32,2342500.0,79593565.0,0.0105191072791773,34.72,35.0,33.3,33.62,0.9910767400356932,0.9171959059976977
603216,梦天家居,2026-03-23,32.7,32.84,30.72,31.02,4677837.0,150238620.0,0.0210060487673447,33.0,33.14,31.0,31.3,0.9910543130990416,1.8826566587515596
603216,梦天家居,2026-03-24,31.79,32.59,31.34,32.35,4383500.0,140712585.0,0.0196843145179397,32.08,32.88,31.62,32.64,0.9911151960784312,1.5441017076035324
603216,梦天家居,2026-03-25,32.66,32.98,32.06,32.49,2229600.0,73010709.0,0.0100121244779738,32.96,33.28,32.35,32.78,0.9911531421598536,0.7087438507029934
603216,梦天家居,2026-03-26,32.47,33.01,31.42,31.63,2388705.0,76968329.0,0.0107265930216893,32.76,33.31,31.7,31.92,0.9909147869674184,0.7410128914940634
603216,梦天家居,2026-03-27,31.71,32.95,31.25,32.15,3436800.0,112429378.0,0.0154331132965108,32.0,33.25,31.53,32.44,0.9910604192355116,1.0725157722356973
603216,梦天家居,2026-03-30,31.71,32.4,31.54,31.94,2671000.0,85854920.0,0.0119942520993309,32.0,32.69,31.83,32.23,0.991002171889544,0.7802439315367061
603216,梦天家居,2026-03-31,32.36,32.56,31.61,31.63,2624500.0,84871148.0,0.0117854416453365,32.65,32.85,31.9,31.92,0.9909147869674184,0.8684872966566631
603216,梦天家居,2026-04-01,32.33,32.56,31.71,32.41,1859900.0,60310105.0,0.0083519691050339,32.62,32.85,32.0,32.7,0.9911314984709478,0.6965601933395528
603216,梦天家居,2026-04-02,32.51,32.51,31.44,31.65,1578800.0,50724840.0,0.0070896762315326,32.8,32.8,31.72,31.94,0.990920475892298,0.6081240098436896
603216,梦天家居,2026-04-03,31.69,31.89,31.07,31.4,1533600.0,48592975.0,0.0068867034891553,31.98,32.18,31.35,31.68,0.991161616161616,0.6300221838797141
603216,梦天家居,2026-04-07,31.11,31.86,30.82,31.41,1784700.0,56496852.0,0.0080142799407247,31.39,32.15,31.1,31.69,0.991164405175134,0.86907614094548
603216,梦天家居,2026-04-08,31.89,33.07,31.89,32.9,2766200.0,91057457.0,0.0124217522115945,32.18,33.37,32.18,33.2,0.9909638554216866,1.474284496082716
603216,梦天家居,2026-04-09,33.03,36.19,32.21,36.19,5864095.0,205955553.0,0.0263329965422785,33.33,36.52,32.5,36.52,0.9909638554216866,3.078846921202957
603216,梦天家居,2026-04-10,36.19,36.87,33.07,33.33,12637095.0,432025577.0,0.0567474740670887,36.52,37.2,33.37,33.63,0.991079393398751,4.670927033623252
603216,梦天家居,2026-04-13,33.35,33.35,30.75,30.84,10348298.0,327106478.0,0.0464695226548116,33.65,33.65,31.03,31.12,0.9910025706940874,2.104536826096807
603216,梦天家居,2026-04-14,30.69,30.71,29.36,29.88,7995795.0,240809500.0,0.0359054964300148,30.97,30.99,29.63,30.15,0.991044776119403,1.1969613945802067
603216,梦天家居,2026-04-15,29.99,32.87,29.63,32.87,11090795.0,356901801.0,0.0498037406259823,30.26,33.17,29.9,33.17,0.990955682845945,1.399946954775715
603216,梦天家居,2026-04-16,32.21,32.21,30.15,30.59,11839656.0,366316203.0,0.0531665364407921,32.5,32.5,30.42,30.87,0.9909297052154196,1.234942082662666
603216,梦天家居,2026-04-17,30.52,30.52,29.53,30.03,6585300.0,198938003.0,0.0295716017782567,30.8,30.8,29.8,30.3,0.9910891089108912,0.6107493782557788
603216,梦天家居,2026-04-20,30.32,31.21,29.85,30.63,6353256.0,196006546.0,0.0285295971978984,30.59,31.49,30.12,30.91,0.9909414428987382,0.6637355525020098
603216,梦天家居,2026-04-21,30.33,31.17,30.13,30.51,4070800.0,125385859.0,0.0182801203466702,30.6,31.45,30.4,30.79,0.9909061383566092,0.46401668472138546
603216,梦天家居,2026-04-22,30.49,30.81,30.04,30.35,3573100.0,109145254.0,0.0160451749068211,30.77,31.09,30.31,30.62,0.9911822338340954,0.4473106242100769
603216,梦天家居,2026-04-23,30.18,30.18,29.14,29.34,4082100.0,121160276.0,0.0183308635322645,30.45,30.45,29.4,29.61,0.9908814589665652,0.6295240729536681
603216,梦天家居,2026-04-24,29.17,29.41,28.57,29.16,3349423.0,97854518.0,0.0150407427365395,29.43,29.68,28.83,29.42,0.991162474507138,0.6789951945617833
603216,梦天家居,2026-04-27,29.16,29.96,28.43,29.72,3467700.0,102380746.0,0.0155718712111006,29.42,30.23,28.69,29.99,0.9909969989996664,0.8091259381877903
603216,梦天家居,2026-04-28,29.73,29.73,28.84,29.19,2284600.0,67022652.0,0.0102591045848488,30.0,30.0,29.1,29.45,0.9911714770797964,0.6160235252713364
603216,梦天家居,2026-04-29,28.8,29.81,28.8,29.31,1998500.0,59336145.0,0.0089743589743589,29.06,30.08,29.06,29.58,0.9908722109533468,0.5963206968248287
603216,梦天家居,2026-04-30,29.35,29.68,28.99,29.33,1697700.0,50151312.0,0.0076236023171224,29.62,29.95,29.25,29.6,0.9908783783783782,0.5591041634406013
603216,梦天家居,2026-05-06,29.36,29.82,29.09,29.63,2399800.0,71395526.0,0.0107764156450671,29.63,30.09,29.35,29.9,0.9909698996655518,0.937574011032884
603216,梦天家居,2026-05-07,29.49,29.83,29.36,29.56,2049600.0,61115816.0,0.0092038259463828,29.76,30.1,29.63,29.83,0.9909487093530004,0.8649342099710507
603216,梦天家居,2026-05-08,29.29,31.69,29.29,29.95,7656500.0,236414401.0,0.0343818761507027,29.56,31.98,29.56,30.22,0.9910655195234944,3.670351479358018
603216,梦天家居,2026-05-11,30.21,30.42,29.62,29.69,4319231.0,130741306.0,0.0193957115272351,30.48,30.7,29.89,29.96,0.9909879839786382,1.3666636080014682
603216,梦天家居,2026-05-12,29.57,29.93,28.66,28.8,4431081.0,130209172.0,0.019897979253671,29.84,30.2,28.92,29.06,0.9910529938059188,1.2225134693359994
603216,梦天家居,2026-05-13,29.24,31.68,29.0,31.68,7987400.0,247495132.0,0.0358677982846109,29.5,31.97,29.26,31.97,0.990928995933688,1.9148731322830819
603216,梦天家居,2026-05-14,31.53,31.59,28.51,28.51,9181081.0,273357563.0,0.0412280793928779,31.82,31.88,28.77,28.77,0.9909628084810568,1.7359601936362274
603216,梦天家居,2026-05-15,28.54,28.94,27.37,27.7,6091831.0,172354737.0,0.0273556558444474,28.8,29.2,27.62,27.95,0.9910554561717352,0.9071895515550676
603216,梦天家居,2026-05-18,27.33,28.58,27.08,28.47,4812131.0,135105686.0,0.0216091023395751,27.58,28.84,27.33,28.73,0.9909502262443438,0.7516459223037951
603216,梦天家居,2026-05-19,28.44,28.44,26.88,27.41,3480400.0,96216096.0,0.0156289011630517,28.7,28.7,27.12,27.66,0.9909616775126536,0.5353881013024926
603216,梦天家居,2026-05-20,27.41,27.93,26.61,27.4,3312000.0,90709029.0,0.0148726929812744,27.66,28.18,26.85,27.65,0.9909584086799276,0.5248338477772035
603216,梦天家居,2026-05-21,27.15,30.15,27.13,27.66,15843002.0,469406610.0,0.071143751403296,27.4,30.42,27.38,27.91,0.9910426370476532,2.947267342358423
603216,梦天家居,2026-05-22,27.95,28.14,24.9,25.88,13265798.0,345716910.0,0.0595706946876824,28.2,28.39,25.13,26.11,0.9911911145155112,1.9776460281119226
603216,梦天家居,2026-05-25,25.87,26.23,25.17,25.68,6614450.0,171777171.0,0.0297025012349005,26.1,26.47,25.4,25.91,0.9911231184870706,0.8123199253826713
603216,梦天家居,2026-05-26,25.52,26.31,25.07,25.32,3514000.0,90652641.0,0.0157797835556154,25.75,26.55,25.3,25.55,0.9909980430528376,0.41325958793997036
603216,梦天家居,2026-05-27,25.32,25.45,24.49,24.7,3085600.0,77156275.0,0.0138560330504288,25.55,25.68,24.71,24.92,0.9911717495987158,0.3625915850455648
603216,梦天家居,2026-05-28,24.68,25.07,24.43,24.78,2520500.0,63000312.0,0.0113184247159728,24.9,25.3,24.65,25.0,0.9912,0.29777058964601866
603216,梦天家居,2026-05-29,25.07,25.07,24.01,24.28,2234200.0,54862612.0,0.0100327809960034,25.3,25.3,24.23,24.5,0.9910204081632652,0.3852022741244347
603216,梦天家居,2026-06-01,24.28,24.92,24.03,24.62,2554500.0,63540187.0,0.0114711033274956,24.5,25.15,24.25,24.84,0.9911433172302738,0.7108173913043478
603216,梦天家居,2026-06-02,24.57,24.7,23.82,24.07,2352800.0,57205828.0,0.0105653599173739,24.79,24.92,24.04,24.29,0.9909427748044464,0.8457954676176234
603216,梦天家居,2026-06-03,24.21,24.21,23.43,23.64,2537200.0,60803812.0,0.0113934168575149,24.43,24.43,23.64,23.85,0.9911949685534592,0.9951677178449276
603216,梦天家居,2026-06-04,23.41,23.57,22.84,23.05,2829500.0,66077556.0,0.0127060038618707,23.62,23.78,23.05,23.26,0.9909716251074806,1.159707193914355
603216,梦天家居,2026-06-05,23.05,23.75,22.67,23.36,3051898.0,71449719.0,0.0137046926220306,23.26,23.96,22.88,23.57,0.9910903691132796,1.2199589069570362
603216,梦天家居,2026-06-08,22.79,25.51,22.79,24.01,7909107.0,195982990.0,0.0355162198572005,23.0,25.74,23.0,24.23,0.9909203466776724,2.967569990405149
603216,梦天家居,2026-06-09,24.01,24.18,22.59,22.79,4774200.0,111789275.0,0.0214387713862319,24.23,24.4,22.79,23.0,0.9908695652173912,1.2778562463916259
603216,梦天家居,2026-06-10,22.59,23.18,22.4,22.7,3573791.0,82383948.0,0.0160482778750729,22.79,23.39,22.6,22.91,0.9908336970755128,0.8467934530081526
603216,梦天家居,2026-06-11,22.68,22.96,21.88,22.15,3251100.0,73011699.0,0.0145992186447527,22.89,23.17,22.08,22.35,0.9910514541387024,0.7342639716808224
603216,梦天家居,2026-06-12,22.55,22.84,21.96,22.66,3846200.0,87120804.0,0.0172715434011406,22.75,23.05,22.16,22.87,0.990817665063402,0.8524343158823438
603216,梦天家居,2026-06-15,22.39,23.11,22.27,22.68,4410400.0,101260169.0,0.0198051102429386,22.59,23.32,22.47,22.89,0.9908256880733944,0.9442332874518967
603216,梦天家居,2026-06-16,22.79,22.88,22.34,22.55,3078400.0,70236764.0,0.0138237011091652,23.0,23.09,22.54,22.75,0.9912087912087912,0.7751933689943099
603216,梦天家居,2026-06-17,22.5,22.5,21.61,21.75,2676500.0,59068751.0,0.0120189501100184,22.7,22.7,21.81,21.95,0.9908883826879272,0.7369262293479625
603216,梦天家居,2026-06-18,21.75,23.09,21.47,22.18,4623409.0,103897205.0,0.0207616372535812,21.95,23.3,21.66,22.38,0.9910634495084898,1.3391403960006025
603216,梦天家居,2026-06-22,22.18,22.59,21.71,22.1,3454795.0,77012465.0,0.0155139206969329,22.38,22.79,21.91,22.3,0.9910313901345292,0.9269685728006507
603216,梦天家居,2026-06-23,22.07,22.85,21.88,22.48,2833900.0,63764214.0,0.0127257622704207,22.07,22.85,21.88,22.48,1.0,0.7766874170663707
603216,梦天家居,2026-06-24,22.24,22.71,21.3,21.49,2899800.0,63041525.0,0.013021689343931,22.24,22.71,21.3,21.49,1.0,0.8699223927707703
603216,梦天家居,2026-06-25,21.48,22.76,21.21,21.86,3748200.0,82579350.0,0.0168314697561632,21.48,22.76,21.21,21.86,1.0,1.1366169824562766
603216,梦天家居,2026-06-26,21.48,21.69,20.57,20.75,4714700.0,98594250.0,0.0211715838160671,21.48,21.69,20.57,20.75,1.0,1.3424464912052914
603216,梦天家居,2026-06-29,20.65,20.96,20.15,20.65,3580100.0,73767013.0,0.0160766087386052,20.65,20.96,20.15,20.65,1.0,1.014112482327884
603216,梦天家居,2026-06-30,20.65,20.76,20.2,20.57,2279500.0,46578477.0,0.0102362027931204,20.65,20.76,20.2,20.57,1.0,0.6411482446123297
603216,梦天家居,2026-07-01,20.76,21.37,20.44,20.98,2965700.0,61855154.0,0.0133176164174412,20.76,21.37,20.44,20.98,1.0,0.8610057890061141
603216,梦天家居,2026-07-02,20.95,21.5,20.6,20.99,2033500.0,43061403.0,0.0091315281332794,20.95,21.5,20.6,20.99,1.0,0.588117907011719
603216,梦天家居,2026-07-03,21.02,21.88,20.83,21.57,2688300.0,57754855.0,0.0120719385693115,21.02,21.88,20.83,21.57,1.0,0.8631007801714451
603216,梦天家居,2026-07-06,21.42,22.02,21.24,21.25,2680500.0,57530008.0,0.0120369122996093,21.42,22.02,21.24,21.25,1.0,0.9893261288393826
603216,梦天家居,2026-07-07,21.39,21.5,20.26,20.36,1932200.0,39724221.0,0.0086766356818896,21.39,21.5,20.26,20.36,1.0,0.7638663767542992
603216,梦天家居,2026-07-08,20.36,20.36,19.88,20.0,1717900.0,34549708.0,0.0077143113745565,20.36,20.36,19.88,20.0,1.0,0.6983219785044146
603216,梦天家居,2026-07-09,19.58,20.11,19.4,19.99,2011000.0,39740996.0,0.0090304908168305,19.58,20.11,19.4,19.99,1.0,0.9097571568166191
603216,梦天家居,2026-07-10,19.85,20.72,19.66,20.36,3008300.0,61150032.0,0.0135089137365844,19.85,20.72,19.66,20.36,1.0,1.3637023001115152
603216,梦天家居,2026-07-13,19.81,20.27,19.51,19.6,2288500.0,45311132.0,0.0102766177197,19.81,20.27,19.51,19.6,1.0,1.0081586621908563
603216,梦天家居,2026-07-14,19.58,19.79,19.18,19.6,2546600.0,49682758.0,0.0114356280030535,19.58,19.79,19.18,19.6,1.0,1.1619927175827485
603216,梦天家居,2026-07-15,19.6,20.25,19.37,19.92,2330500.0,46308916.0,0.0104652207104045,19.6,20.25,19.37,19.92,1.0,1.006930342282865
603216,梦天家居,2026-07-16,19.8,20.64,19.67,19.99,2526500.0,50984008.0,0.0113453680003592,19.8,20.64,19.67,19.99,1.0,1.036733990430779
603216,梦天家居,2026-07-17,19.99,20.8,19.35,19.48,5080900.0,102056977.0,0.022816022273115,19.99,20.8,19.35,19.48,1.0,2.0002913294069478
603216,梦天家居,2026-07-20,19.6,19.99,18.18,18.57,5792900.0,110912655.0,0.0260132920202972,19.6,19.99,18.18,18.57,1.0,1.960637649766466
603216,梦天家居,2026-07-21,18.62,19.16,17.29,18.38,6700191.0,121593478.0,0.0300875252593291,18.62,19.16,17.29,18.38,1.0,1.8329168809568102
603216,梦天家居,2026-07-22,18.26,18.86,18.04,18.35,3690400.0,67814210.0,0.0165719161165746,18.26,18.86,18.04,18.35,1.0,0.8226118944098367
603216,梦天家居,2026-07-23,18.13,18.83,18.06,18.81,3064500.0,56872712.0,0.0137612825003367,18.13,18.83,18.06,18.81,1.0,0.6440490185928723
603216,梦天家居,2026-07-24,18.37,18.9,18.33,18.6,2780700.0,51774810.0,0.0124868651488616,18.37,18.9,18.33,18.6,1.0,0.5714810428473702
603216,梦天家居,2026-07-27,18.5,19.44,18.37,19.3,2873000.0,55116699.0,0.0129013426736719,18.5,19.44,18.37,19.3,1.0,0.6521041127682076
603216,梦天家居,2026-07-28,18.96,20.32,18.95,20.05,3895000.0,76608151.0,0.0174906821141497,18.96,20.32,18.95,20.05,1.0,1.0191644254207395
603216,梦天家居,2026-07-29,20.05,20.48,19.58,20.04,5027900.0,100577625.0,0.0225780232610355,20.05,20.48,19.58,20.04,1.0,1.5419600579013224
603216,梦天家居,2026-07-30,19.77,20.1,18.58,19.21,4626700.0,89247579.0,0.0207764156450671,19.77,20.1,18.58,19.21,1.0,1.3113411295214017
603216,梦天家居,2026-07-31,19.32,20.9,19.29,20.15,5178013.0,103823864.0,0.0232521128025506,19.32,20.9,19.29,20.15,1.0,1.3482091619669536
603216,梦天家居,2026-08-03,20.55,20.6,19.51,19.75,3758000.0,74287328.0,0.016875477120661,20.55,20.6,19.51,19.75,1.0,0.8698827204579797
603216,梦天家居,2026-08-04,19.75,20.41,19.75,20.23,2983000.0,60166337.0,0.0133953028874219,19.75,20.41,19.75,20.23,1.0,0.6633130259779887
603216,梦天家居,2026-08-05,20.42,21.15,20.22,20.96,4352600.0,90448579.0,0.0195455566033499,20.42,21.15,20.22,20.96,1.0,1.0087786408331327
603216,梦天家居,2026-08-06,20.88,21.54,20.43,21.05,4583900.0,96234597.0,0.0205842202164443,20.88,21.54,20.43,21.05,1.0,1.0967153186001186
603216,梦天家居,2026-08-07,21.0,21.19,20.23,20.65,4458200.0,91805965.0,0.02001975840855,21.0,21.19,20.23,20.65,1.0,1.0688300978259322
603216,梦天家居,2026-08-10,20.88,21.84,20.72,21.36,5119600.0,109106324.0,0.0229898064574071,20.88,21.84,20.72,21.36,1.0,1.2712744031744614
603216,梦天家居,2026-08-11,21.36,21.36,20.7,20.8,3747370.0,78494150.0,0.0168277426018231,21.36,21.36,20.7,20.8,1.0,0.8715908509440721
603216,梦天家居,2026-08-12,20.7,21.44,20.57,21.2,3252562.0,68670939.0,0.0146057838250482,20.7,21.44,20.57,21.2,1.0,0.7305296502912855
603216,梦天家居,2026-08-13,21.2,21.55,20.85,20.85,2600100.0,55057908.0,0.011675872288832,21.2,21.55,20.85,20.85,1.0,0.6143429769499819
603216,梦天家居,2026-08-14,20.85,20.95,20.42,20.57,2216300.0,45664926.0,0.009952400197584,20.85,20.95,20.42,20.57,1.0,0.5778286096155186
603216,梦天家居,2026-08-17,20.88,20.96,20.26,20.88,2936300.0,60502392.0,0.013185594323948,20.88,20.96,20.26,20.88,1.0,0.8668846804533699
603216,梦天家居,2026-08-18,21.35,21.8,20.92,21.43,5808900.0,123822555.0,0.0260851407786609,21.35,21.8,20.92,21.43,1.0,1.968767335889623
603216,梦天家居,2026-08-19,21.0,21.3,19.7,19.79,5017000.0,102115465.0,0.0225290762944002,21.0,21.3,19.7,19.79,1.0,1.491897128147094
603216,梦天家居,2026-08-20,20.05,21.33,19.83,21.14,4952607.0,102652544.0,0.0222399164758184,20.05,21.33,19.83,21.14,1.0,1.3328794957639434
603216,梦天家居,2026-08-21,21.07,21.28,20.49,21.06,5143739.0,107478711.0,0.0230982037810409,21.07,21.28,20.49,21.06,1.0,1.2287307594385715
603216,梦天家居,2026-08-24,21.07,21.27,20.31,20.55,3079000.0,63438525.0,0.0138263954376038,21.07,21.27,20.31,20.55,1.0,0.645261450551094
603216,梦天家居,2026-08-25,20.19,21.0,20.15,20.92,2461937.0,50766937.0,0.0110554447887197,20.19,21.0,20.15,20.92,1.0,0.5128769148068396
603216,梦天家居,2026-08-26,20.92,21.26,20.71,20.71,2111294.0,44272807.0,0.0094808657775382,20.92,21.26,20.71,20.71,1.0,0.5111031934635543
603216,梦天家居,2026-08-27,20.65,20.8,20.26,20.59,2344157.0,48116662.0,0.0105265481162153,20.65,20.8,20.26,20.59,1.0,0.660378857414879
603216,梦天家居,2026-08-28,20.49,20.9,20.3,20.59,2379200.0,49152551.0,0.0106839103686739,20.49,20.9,20.3,20.59,1.0,0.7857265662302568
603216,梦天家居,2026-08-31,20.78,22.65,20.52,22.65,7333600.0,163320099.0,0.0329318783959764,20.78,22.65,20.52,22.65,1.0,2.9629299230064867
603216,梦天家居,2026-09-01,23.0,23.48,21.82,21.9,13434700.0,300858344.0,0.0603291571242534,23.0,23.48,21.82,21.9,1.0,4.039250788986871
603216,梦天家居,2026-09-02,21.9,24.09,21.47,24.09,11297800.0,259540018.0,0.0507333063900489,21.9,24.09,21.47,24.09,1.0,2.0464840878788646
603216,梦天家居,2026-09-03,24.09,24.48,23.08,23.18,14962308.0,351332084.0,0.0671889532534015,24.09,24.48,23.08,23.18,1.0,2.0335048707024947
603216,梦天家居,2026-09-04,23.22,23.26,21.75,22.1,12378995.0,276740616.0,0.0555884637837352,23.22,23.26,21.75,22.1,1.0,1.2527417842207622
603216,梦天家居,2026-09-07,21.99,22.53,21.6,22.16,10239943.0,226247246.0,0.0459829493915308,21.99,22.53,21.6,22.16,1.0,0.8618406530916695
603216,梦天家居,2026-09-08,22.29,22.66,21.5,21.76,10328089.0,225569993.0,,22.29,22.66,21.5,21.76,1.0,0.8287167489497422
603216,梦天家居,2026-09-09,21.54,23.6,20.93,22.81,15638822.0,343701593.0,,21.54,23.6,20.93,22.81,1.0,1.3206872786531556
603333,福华尚纬,2026-03-19,8.15,8.15,7.88,7.92,13642000.0,109353506.0,0.0219491464374036,8.15,8.15,7.88,7.92,1.0,1.0119277215678129
603333,福华尚纬,2026-03-20,7.93,7.99,7.61,7.63,15397500.0,119781246.0,0.024773638929037,7.93,7.99,7.61,7.63,1.0,1.196228936348734
603333,福华尚纬,2026-03-23,7.5,7.72,7.23,7.32,16528700.0,123282139.0,0.0265936707755398,7.5,7.72,7.23,7.32,1.0,1.2137605597396341
603333,福华尚纬,2026-03-24,7.6,7.86,7.48,7.85,18487900.0,141578280.0,0.0297459041504233,7.6,7.86,7.48,7.85,1.0,1.2731205394402316
603333,福华尚纬,2026-03-25,7.87,8.01,7.8,7.89,11695600.0,92600558.0,0.0188175074822825,7.87,8.01,7.8,7.89,1.0,0.7804819453990964
603333,福华尚纬,2026-03-26,7.96,7.96,7.68,7.72,7869000.0,61273396.0,0.0126607413367489,7.96,7.96,7.68,7.72,1.0,0.5193942842206841
603333,福华尚纬,2026-03-27,7.61,7.89,7.6,7.84,7299500.0,56664133.0,0.0117444505512262,7.61,7.89,7.6,7.84,1.0,0.5215515578311686
603333,福华尚纬,2026-03-30,7.8,7.84,7.63,7.78,7854900.0,60760030.0,0.0126380552962294,7.8,7.84,7.63,7.78,1.0,0.6346809263631471
603333,福华尚纬,2026-03-31,7.78,7.89,7.7,7.71,6373000.0,49592627.0,0.0102537685270175,7.78,7.89,7.7,7.71,1.0,0.5988884900266694
603333,福华尚纬,2026-04-01,7.89,7.9,7.69,7.74,6299700.0,48764769.0,0.0101358332950968,7.89,7.9,7.69,7.74,1.0,0.7665360654141925
603333,福华尚纬,2026-04-02,7.84,8.35,7.72,8.14,25482670.0,204313798.0,0.0410000627067903,7.84,8.35,7.72,8.14,1.0,3.569391334067307
603333,福华尚纬,2026-04-03,8.16,8.17,7.5,7.59,21351296.0,163814556.0,0.0343529337730795,8.16,8.17,7.5,7.59,1.0,2.002568759910238
603333,福华尚纬,2026-04-07,7.48,7.73,7.45,7.67,10464008.0,80049820.0,0.0168359510272807,7.48,7.73,7.45,7.67,1.0,0.776704627086609
603333,福华尚纬,2026-04-08,7.71,7.93,7.71,7.81,9934000.0,77677739.0,0.0159832004624811,7.71,7.93,7.71,7.81,1.0,0.7098688230443514
603333,福华尚纬,2026-04-09,7.84,7.84,7.67,7.81,8449878.0,65358994.0,0.0135953386307136,7.84,7.84,7.67,7.81,1.0,0.5745740264256733
603333,福华尚纬,2026-04-10,7.82,8.2,7.82,7.96,14260300.0,114946922.0,0.0229439534482705,7.82,8.2,7.82,7.96,1.0,0.9421215009378998
603333,福华尚纬,2026-04-13,7.94,8.04,7.8,7.97,9195400.0,72889824.0,0.0147948380846284,7.94,8.04,7.8,7.97,1.0,0.7132697715442392
603333,福华尚纬,2026-04-14,8.01,8.07,7.84,7.9,9493100.0,75174702.0,0.0152738192380088,8.01,8.07,7.84,7.9,1.0,0.9074999178832596
603333,福华尚纬,2026-04-15,7.95,7.95,7.73,7.76,7771400.0,60724814.0,0.0125037088860606,7.95,7.95,7.73,7.76,1.0,0.7569642090365907
603333,福华尚纬,2026-04-16,7.74,7.86,7.66,7.84,5983150.0,46429716.0,0.0096265236407382,7.74,7.86,7.66,7.84,1.0,0.6084137186034158
603333,福华尚纬,2026-04-17,7.84,7.88,7.69,7.76,5887900.0,45587453.0,0.0094732721968031,7.84,7.88,7.69,7.76,1.0,0.6303509277171766
603333,福华尚纬,2026-04-20,7.77,7.95,7.72,7.92,8694975.0,68245947.0,0.0139896847635657,7.77,7.95,7.72,7.92,1.0,1.134197691421684
603333,福华尚纬,2026-04-21,7.94,7.98,7.71,7.94,9218530.0,72109639.0,0.0148320528447147,7.94,7.98,7.71,7.94,1.0,1.2183983700992782
603333,福华尚纬,2026-04-22,7.95,8.45,7.87,8.3,23226814.0,191815922.0,0.0373705279108882,7.95,8.45,7.87,8.3,1.0,3.092294417756119
603333,福华尚纬,2026-04-23,8.27,8.29,8.05,8.12,11648300.0,94850290.0,0.0187414046655042,8.27,8.29,8.05,8.12,1.0,1.098660553361676
603333,福华尚纬,2026-04-24,8.1,8.2,7.96,8.01,8774000.0,70715143.0,0.0141168311715129,8.1,8.2,7.96,8.01,1.0,0.7476585310045403
603333,福华尚纬,2026-04-27,7.98,8.14,7.91,8.12,7611600.0,61296049.0,0.0122466004268393,7.98,8.14,7.91,8.12,1.0,0.6181998202513119
603333,福华尚纬,2026-04-28,8.07,8.09,7.86,7.92,8512300.0,67571218.0,0.0136957718237143,8.07,8.09,7.86,7.92,1.0,0.7037373020072804
603333,福华尚纬,2026-04-29,7.93,8.08,7.86,8.02,7541201.0,60384851.0,0.0121333327270851,7.93,8.08,7.86,8.02,1.0,0.6308198713218643
603333,福华尚纬,2026-04-30,8.5,8.82,8.32,8.44,43592001.0,373786104.0,0.070136872412289,8.5,8.82,8.32,8.44,1.0,4.943816148291436
603333,福华尚纬,2026-05-06,8.44,8.56,8.31,8.55,29631200.0,250391785.0,0.0476747945987388,8.44,8.56,8.31,8.55,1.0,1.9486236040614011
603333,福华尚纬,2026-05-07,8.55,8.61,8.44,8.52,13435803.0,114559125.0,0.0216173880333607,8.55,8.61,8.44,8.52,1.0,0.6933655932993852
603333,福华尚纬,2026-05-08,8.52,8.7,8.47,8.54,11393300.0,97493039.0,0.0183311252093,8.52,8.7,8.47,8.54,1.0,0.5546208808752158
603333,福华尚纬,2026-05-11,8.54,8.65,8.49,8.55,14659401.0,125475384.0,0.0235860826296453,8.54,8.65,8.49,8.55,1.0,0.6941431198822314
603333,福华尚纬,2026-05-12,8.5,8.65,8.45,8.51,13388701.0,114535047.0,0.0215416037865131,8.5,8.65,8.45,8.51,1.0,0.5939356963857481
603333,福华尚纬,2026-05-13,8.55,9.12,8.52,9.01,32408500.0,286859056.0,0.0521433010054681,8.55,9.12,8.52,9.01,1.0,1.9639514301603576
603333,福华尚纬,2026-05-14,9.01,9.05,8.74,8.77,19959800.0,176819069.0,0.0321141015291958,9.01,9.05,8.74,8.77,1.0,1.1701726567189659
603333,福华尚纬,2026-05-15,9.07,9.65,8.8,9.65,45790800.0,426188584.0,0.0736746059731611,9.07,9.65,8.8,9.65,1.0,2.4937887283415865
603333,福华尚纬,2026-05-18,9.9,9.95,9.11,9.18,71107267.0,667350962.0,0.1144072581840317,9.9,9.95,9.11,9.18,1.0,2.817084361001839
603333,福华尚纬,2026-05-19,9.14,10.1,9.14,10.1,30681095.0,302645772.0,0.0493640116562742,9.14,10.1,9.14,10.1,1.0,0.8398643228448498
603333,福华尚纬,2026-05-20,10.26,10.5,9.8,10.17,81620075.0,824343672.0,0.1313217254366566,10.26,10.5,9.8,10.17,1.0,2.0410380352814883
603333,福华尚纬,2026-05-21,9.98,10.36,9.5,9.66,59508974.0,588561086.0,0.0957463117332977,9.98,10.36,9.5,9.66,1.0,1.194196580555896
603333,福华尚纬,2026-05-22,9.56,9.66,9.35,9.52,36374700.0,345831807.0,0.0585246750415354,9.56,9.66,9.35,9.52,1.0,0.6299561047122417
603333,福华尚纬,2026-05-25,9.55,9.67,8.89,9.17,37133000.0,341444417.0,0.0597447335185537,9.55,9.67,8.89,9.17,1.0,0.6647699404585043
603333,福华尚纬,2026-05-26,8.9,9.05,8.5,8.66,33396001.0,291922741.0,0.053732129920296,8.9,9.05,8.5,8.66,1.0,0.6806679949461809
603333,福华尚纬,2026-05-27,8.67,8.8,8.38,8.5,21908700.0,187431174.0,0.0352497628319268,8.67,8.8,8.38,8.5,1.0,0.44164933864580386
603333,福华尚纬,2026-05-28,8.42,8.75,8.38,8.59,17159300.0,146121010.0,0.0276082677366471,8.42,8.75,8.38,8.59,1.0,0.45558556483564333
603333,福华尚纬,2026-05-29,8.59,9.0,8.47,8.71,26512000.0,232190333.0,0.0426561919328871,8.59,9.0,8.47,8.71,1.0,0.9081212254969886
603333,福华尚纬,2026-06-01,8.6,8.88,8.46,8.83,16702100.0,145906231.0,0.0268726608057586,8.6,8.88,8.46,8.83,1.0,0.6135560424839207
603333,福华尚纬,2026-06-02,8.8,9.13,8.67,8.94,23075300.0,205753107.0,0.037126751120585,8.8,9.13,8.67,8.94,1.0,0.9973927563005206
603333,福华尚纬,2026-06-03,8.86,9.05,8.55,8.67,25371092.0,223251619.0,0.0408205405061457,8.86,9.05,8.55,8.67,1.0,1.2040488850332298
603333,福华尚纬,2026-06-04,8.56,8.75,8.5,8.61,16488614.0,142122207.0,0.0265291748450244,8.56,8.75,8.5,8.61,1.0,0.7576109867954903
603333,福华尚纬,2026-06-05,8.61,9.08,8.3,8.79,27314884.0,238007507.0,0.0439479833482403,8.61,9.08,8.3,8.79,1.0,1.2628344796488655
603333,福华尚纬,2026-06-08,8.58,8.85,8.43,8.55,16556200.0,143057592.0,0.026637916599248,8.58,8.85,8.43,8.55,1.0,0.7597933732096128
603333,福华尚纬,2026-06-09,8.7,8.76,8.35,8.46,16125800.0,136892635.0,0.0259454292347371,8.7,8.76,8.35,8.46,1.0,0.74103388882001
603333,福华尚纬,2026-06-10,8.38,8.75,8.32,8.74,20131301.0,172209333.0,0.0323900361841702,8.38,8.75,8.32,8.74,1.0,0.9882178953762344
603333,福华尚纬,2026-06-11,8.61,8.98,8.61,8.9,23544161.0,207790329.0,0.0378811198896648,8.61,8.98,8.61,8.9,1.0,1.218429985452116
603333,福华尚纬,2026-06-12,8.9,8.93,8.42,8.51,24133600.0,206524245.0,0.0388294913107847,8.9,8.93,8.42,8.51,1.0,1.163936234258652
603333,福华尚纬,2026-06-15,8.49,8.67,8.45,8.53,16905300.0,144992208.0,0.0271995972194868,8.49,8.67,8.45,8.53,1.0,0.8411345080620205
603333,福华尚纬,2026-06-16,8.46,8.59,8.12,8.32,21077900.0,175639586.0,0.033913056274223,8.46,8.59,8.12,8.32,1.0,1.0451143464049573
603333,福华尚纬,2026-06-17,8.21,8.34,8.06,8.1,20520389.0,167272142.0,0.033016055058898,8.21,8.34,8.06,8.1,1.0,0.9698435694663566
603333,福华尚纬,2026-06-18,8.1,8.42,7.92,8.0,23235100.0,188506275.0,0.0373838595798063,8.1,8.42,7.92,8.0,1.0,1.094123403026991
603333,福华尚纬,2026-06-22,8.0,8.04,7.72,7.96,19334400.0,151616995.0,0.0311078710511169,8.0,8.04,7.72,7.96,1.0,0.9131001219780938
603333,福华尚纬,2026-06-23,7.89,8.13,7.87,7.98,11199026.0,89752401.0,0.018018550185478,7.89,8.13,7.87,7.98,1.0,0.5540063191301099
603333,福华尚纬,2026-06-24,7.98,7.99,7.66,7.71,14039100.0,108701643.0,0.0225880561317514,7.98,7.99,7.66,7.71,1.0,0.7360579253905041
603333,福华尚纬,2026-06-25,7.64,7.67,7.48,7.57,14032202.0,105819771.0,0.0225769576702264,7.64,7.67,7.48,7.57,1.0,0.794323409169786
603333,福华尚纬,2026-06-26,7.57,7.67,7.26,7.57,17495040.0,130055750.0,0.0281484529312589,7.57,7.67,7.26,7.57,1.0,1.068858551364502
603333,福华尚纬,2026-06-29,7.57,7.71,7.3,7.49,14767761.0,109514335.0,0.0237604272644464,7.57,7.71,7.3,7.49,1.0,0.9702894889245918
603333,福华尚纬,2026-06-30,7.43,8.2,7.27,8.06,29013400.0,224731830.0,0.0466807920573938,7.43,8.2,7.27,8.06,1.0,2.0279694461568987
603333,福华尚纬,2026-07-01,7.92,8.52,7.85,8.14,28777984.0,236991349.0,0.0463020220634261,7.92,8.52,7.85,8.14,1.0,1.6104526166780508
603333,福华尚纬,2026-07-02,8.01,8.79,8.01,8.58,34047000.0,288395393.0,0.0547795476289607,8.01,8.79,8.01,8.58,1.0,1.6355164676817922
603333,福华尚纬,2026-07-03,8.58,8.66,7.95,7.96,32105084.0,261798278.0,0.0516551231565126,8.58,8.66,7.95,7.96,1.0,1.2935043287459342
603333,福华尚纬,2026-07-06,7.99,8.12,7.75,7.77,15906601.0,125489070.0,0.0255927514052449,7.99,8.12,7.75,7.77,1.0,0.5733710642849253
603333,福华尚纬,2026-07-07,8.0,8.55,7.84,8.25,42905600.0,354851303.0,0.0690324950435908,8.0,8.55,7.84,8.25,1.0,1.5339856571683208
603333,福华尚纬,2026-07-08,8.22,8.26,7.9,7.93,27835383.0,223526515.0,0.044785434511671,8.22,8.26,7.9,7.93,1.0,0.9052612265010866
603333,福华尚纬,2026-07-09,7.97,8.16,7.84,8.1,16964900.0,135568090.0,0.0272954899865056,7.97,8.16,7.84,8.1,1.0,0.5551353684878425
603333,福华尚纬,2026-07-10,8.07,8.08,7.89,7.92,14272100.0,113464876.0,0.022962938928989,8.07,8.08,7.89,7.92,1.0,0.5258014938788175
603333,福华尚纬,2026-07-13,7.93,8.0,7.7,7.76,10467217.0,81802937.0,0.0168411141126727,7.93,8.0,7.7,7.76,1.0,0.44396038247036607
603333,福华尚纬,2026-07-14,7.76,7.85,7.63,7.85,8455384.0,65556146.0,0.0136041974490895,7.76,7.85,7.63,7.85,1.0,0.37597798749968875
603333,福华尚纬,2026-07-15,7.79,8.2,7.79,7.98,12599200.0,101239903.0,0.020271344802385,7.79,8.2,7.79,7.98,1.0,0.8076929665117951
603333,福华尚纬,2026-07-16,7.9,8.0,7.8,7.9,7302800.0,57770575.0,0.0117497600500712,7.9,8.0,7.8,7.9,1.0,0.581814811917774
603333,福华尚纬,2026-07-17,7.88,8.2,7.86,7.97,18913429.0,152171815.0,0.0304305543728512,7.88,8.2,7.86,7.97,1.0,1.781036170213287
603333,福华尚纬,2026-07-20,7.97,8.08,7.85,7.98,13501800.0,107443614.0,0.0217235731834435,7.97,8.08,7.85,7.98,1.0,1.1692293623457537
603333,福华尚纬,2026-07-21,8.0,8.1,7.85,8.1,13461483.0,107285568.0,0.021658705588009,8.0,8.1,7.85,8.1,1.0,1.1075287317331575
603333,福华尚纬,2026-07-22,8.08,8.38,8.02,8.28,17607901.0,144545177.0,0.0283300394006968,8.08,8.38,8.02,8.28,1.0,1.338419411435116
603333,福华尚纬,2026-07-23,8.25,8.42,8.15,8.4,16389900.0,136340450.0,0.0263703500362411,8.25,8.42,8.15,8.4,1.0,1.1576846296106342
603333,福华尚纬,2026-07-24,8.3,8.45,8.2,8.27,16389100.0,136563311.0,0.026369062885006,8.3,8.45,8.2,8.27,1.0,1.0259280078490118
603333,福华尚纬,2026-07-27,8.17,8.38,8.15,8.35,13649984.0,113010863.0,0.0219619922067304,8.17,8.38,8.15,8.35,1.0,0.8823498079849428
603333,福华尚纬,2026-07-28,8.25,8.6,8.25,8.53,20846100.0,177154632.0,0.0335401042038381,8.25,8.6,8.25,8.53,1.0,1.3449379992105124
603333,福华尚纬,2026-07-29,8.5,8.74,8.47,8.59,19426702.0,167038899.0,0.0312563793427505,8.5,8.74,8.47,8.59,1.0,1.1443225046810028
603333,福华尚纬,2026-07-30,8.46,8.65,8.15,8.17,19278001.0,161160997.0,0.0310171284979778,8.46,8.65,8.15,8.17,1.0,1.1117418619265813
603333,福华尚纬,2026-07-31,8.38,8.38,8.22,8.25,10482700.0,86844858.0,0.01686602531589,8.38,8.38,8.22,8.25,1.0,0.5850381304755972
603333,福华尚纬,2026-08-03,8.38,8.5,8.35,8.47,13014212.0,109841007.0,0.0209390738128878,8.38,8.5,8.35,8.47,1.0,0.7775854273376538
603333,福华尚纬,2026-08-04,8.5,8.62,8.45,8.59,13478260.0,115200344.0,0.0216856987583492,8.5,8.62,8.45,8.59,1.0,0.8114768720608387
603333,福华尚纬,2026-08-05,8.77,8.89,8.4,8.65,19547071.0,167872505.0,0.0314500457265303,8.77,8.89,8.4,8.65,1.0,1.2914312424538228
603333,福华尚纬,2026-08-06,8.6,9.2,8.55,9.17,40791001.0,366906318.0,0.0656302341502183,8.6,9.2,8.55,9.17,1.0,2.6906906130803483
603333,福华尚纬,2026-08-07,9.0,9.18,8.85,9.16,25163100.0,226762549.0,0.040485894056519,9.0,9.18,8.85,9.16,1.0,1.2928918493355332
603333,福华尚纬,2026-08-10,9.2,9.29,8.92,9.24,21174400.0,192887535.0,0.034068318891963,9.2,9.29,8.92,9.24,1.0,0.9453393622945244
603333,福华尚纬,2026-08-11,9.18,9.55,8.87,9.45,33407900.0,310167138.0,0.0537512746859799,9.18,9.55,8.87,9.45,1.0,1.3902136720866298
603333,福华尚纬,2026-08-12,9.44,9.7,9.32,9.5,21986442.0,209647825.0,0.0353748449710806,9.44,9.7,9.32,9.5,1.0,0.7847621737987762
603333,福华尚纬,2026-08-13,9.5,9.51,9.15,9.16,23295000.0,217123134.0,0.0374802350285382,9.5,9.51,9.15,9.16,1.0,0.817237416461023
603333,福华尚纬,2026-08-14,9.28,9.28,8.97,9.09,14002700.0,127207730.0,0.0225294907505521,9.28,9.28,8.97,9.09,1.0,0.559987750470415
603333,福华尚纬,2026-08-17,9.13,9.13,8.88,8.99,15019100.0,134609115.0,0.0241648163948108,9.13,9.13,8.88,8.99,1.0,0.6595051068689756
603333,福华尚纬,2026-08-18,9.04,9.09,8.79,8.91,13898800.0,124115023.0,0.0223623219838869,9.04,9.09,8.79,8.91,1.0,0.6451885915386544
603333,福华尚纬,2026-08-19,8.8,8.94,8.68,8.68,16682600.0,146749853.0,0.0268412864944018,8.8,8.94,8.68,8.68,1.0,0.9457037287186617
603333,福华尚纬,2026-08-20,8.8,9.0,8.55,8.95,16857200.0,147713243.0,0.0271222072514734,8.8,9.0,8.55,8.95,1.0,1.0167410148833147
603333,福华尚纬,2026-08-21,9.56,9.85,9.4,9.85,18605641.0,182185418.0,0.0299353422423956,,,,,,1.216684780618464
603333,福华尚纬,2026-08-24,10.5,10.84,9.15,9.51,64682646.0,635694370.0,0.104070434614627,,,,,,3.9896360797663153
603333,福华尚纬,2026-08-25,9.34,9.93,9.25,9.75,40444812.0,388335146.0,0.0650732371515365,,,,,,1.5469201832978705
603333,福华尚纬,2026-08-26,9.82,10.18,9.58,10.07,33572139.0,331768584.0,0.0540155252256172,,,,,,1.0673211727342802
603333,福华尚纬,2026-08-27,9.98,10.27,9.91,10.22,24904311.0,252028668.0,0.0400695183302773,9.98,10.27,9.91,10.22,1.0,0.7149736558005694
603333,福华尚纬,2026-08-28,10.22,10.38,10.08,10.29,24957800.0,254946259.0,0.0401555788707985,,,,,,0.6848653140566195
603333,福华尚纬,2026-08-31,10.19,10.29,9.92,10.11,21249501.0,214540854.0,0.0341891518231018,,,,,,0.5634627842891622
603333,福华尚纬,2026-09-01,10.07,10.26,9.99,10.06,16749000.0,169430758.0,0.0269481200469193,,,,,,0.5770400965108432
603333,福华尚纬,2026-09-02,9.95,10.44,9.95,10.31,20487800.0,210102622.0,0.0329636213443951,9.95,10.44,9.95,10.31,1.0,0.8435862578786509
603333,福华尚纬,2026-09-03,10.31,10.37,10.11,10.2,11869900.0,121203910.0,0.0190979455576409,,,,,,0.5477652962740239
603333,福华尚纬,2026-09-04,10.16,10.28,9.8,9.92,15846100.0,158465399.0,0.0254954089841476,,,,,,0.831257728861891
603333,福华尚纬,2026-09-07,9.9,9.94,9.68,9.9,11720600.0,115332973.0,0.0188577309583809,,,,,,0.6798310407050504
603333,福华尚纬,2026-09-08,9.89,9.98,9.82,9.95,7826450.0,77488085.0,,9.89,9.98,9.82,9.95,1.0,0.5103758278620747
603333,福华尚纬,2026-09-09,9.95,9.99,9.63,9.79,11062300.0,108020520.0,,9.95,9.99,9.63,9.79,1.0,0.8163956614566459
603559,中通国脉,2026-03-18,7.3,7.32,7.18,7.32,3002900.0,21750163.0,0.0074833597668208,7.3,7.32,7.18,7.32,1.0,0.9325114372315059
603559,中通国脉,2026-03-19,7.3,7.3,6.99,7.08,3193100.0,22783885.0,0.007957346588776,7.3,7.3,6.99,7.08,1.0,1.0298566508949474
603559,中通国脉,2026-03-20,7.01,7.23,6.93,7.09,2710582.0,19212428.0,0.0067548903671346,7.01,7.23,6.93,7.09,1.0,0.9960582934254497
603559,中通国脉,2026-03-23,7.0,7.07,6.74,6.74,3065800.0,21001044.0,0.0076401093519994,7.0,7.07,6.74,6.74,1.0,1.1430488884746237
603559,中通国脉,2026-03-24,6.78,6.85,6.55,6.72,3387700.0,22502883.0,0.0084422984055609,6.78,6.85,6.55,6.72,1.0,1.2197181222310434
603559,中通国脉,2026-03-25,6.73,6.87,6.72,6.85,1953700.0,13278783.0,0.0048687069088007,6.73,6.87,6.72,6.85,1.0,0.6359666569488366
603559,中通国脉,2026-03-26,6.85,6.98,6.71,6.73,2035400.0,13881291.0,0.0050723069264334,6.85,6.98,6.71,6.73,1.0,0.7111371612175965
603559,中通国脉,2026-03-27,6.72,6.82,6.6,6.77,1699702.0,11441058.0,0.0042357326459039,6.72,6.82,6.6,6.77,1.0,0.6461181788558845
603559,中通国脉,2026-03-30,6.77,6.82,6.67,6.82,2475578.0,16723271.0,0.006169249993282,6.77,6.82,6.67,6.82,1.0,1.0194022517311792
603559,中通国脉,2026-03-31,6.82,7.16,6.82,7.16,3636581.0,25695503.0,0.0090625208778797,6.82,7.16,6.82,7.16,1.0,1.573994033974834
603559,中通国脉,2026-04-01,7.29,7.48,7.17,7.3,7577204.0,55512321.0,0.018882727882578,7.29,7.48,7.17,7.3,1.0,3.2104182023819923
603559,中通国脉,2026-04-02,7.35,7.35,7.16,7.19,2580800.0,18685215.0,0.0064314678764564,7.35,7.35,7.16,7.19,1.0,0.7405679313539899
603559,中通国脉,2026-04-03,7.2,7.32,7.09,7.09,3191000.0,22959853.0,0.0079521132957891,7.2,7.32,7.09,7.09,1.0,0.8878753401875863
603559,中通国脉,2026-04-07,7.27,7.4,7.19,7.27,3044600.0,22231537.0,0.0075872780132747,7.27,7.4,7.19,7.27,1.0,0.7822245772259345
603559,中通国脉,2026-04-08,7.32,7.36,7.21,7.25,3217500.0,23330649.0,0.0080181524691951,7.32,7.36,7.21,7.25,1.0,0.8031628265040986
603559,中通国脉,2026-04-09,7.26,7.26,7.09,7.16,2395100.0,17138379.0,0.0059686952537588,7.26,7.26,7.09,7.16,1.0,0.6106489466375784
603559,中通国脉,2026-04-10,7.16,7.33,7.13,7.27,2844848.0,20601512.0,0.007089487184362,7.16,7.33,7.13,7.27,1.0,0.985809134382147
603559,中通国脉,2026-04-13,7.27,7.4,7.22,7.28,2871600.0,20960675.0,0.0071561543529263,7.27,7.4,7.22,7.28,1.0,0.9771968348568656
603559,中通国脉,2026-04-14,7.28,7.3,7.12,7.17,3003800.0,21560587.0,0.0074856026066723,7.28,7.3,7.12,7.17,1.0,1.0448982749542775
603559,中通国脉,2026-04-15,7.22,7.24,7.08,7.11,2296082.0,16335235.0,0.0057219380132943,7.22,7.24,7.08,7.11,1.0,0.8009859589664245
603559,中通国脉,2026-04-16,7.11,7.14,7.05,7.12,2287795.0,16227911.0,0.0057012864423503,7.11,7.14,7.05,7.12,1.0,0.8529273164755734
603559,中通国脉,2026-04-17,7.1,7.16,7.08,7.16,1744174.0,12444353.0,0.0043465588391005,7.1,7.16,7.08,7.16,1.0,0.6555012073323123
603559,中通国脉,2026-04-20,7.17,7.24,7.15,7.18,2003800.0,14416211.0,0.0049935583272022,7.17,7.24,7.15,7.18,1.0,0.8209972736400547
603559,中通国脉,2026-04-21,7.2,7.2,7.03,7.03,4256500.0,30107822.0,0.0106073864755645,7.2,7.2,7.03,7.03,1.0,1.8774837016418375
603559,中通国脉,2026-04-22,7.01,7.08,7.0,7.03,2322950.0,16333461.0,0.0057888942589951,7.01,7.08,7.0,7.03,1.0,0.9226585753765524
603559,中通国脉,2026-04-23,7.03,7.03,6.69,6.77,4513118.0,30679323.0,0.0112468898944736,7.03,7.03,6.69,6.77,1.0,1.7887592756019537
603559,中通国脉,2026-04-24,6.76,7.11,6.66,7.11,4040300.0,28072629.0,0.0100686065023431,6.76,7.11,6.66,7.11,1.0,1.3612373456441147
603559,中通国脉,2026-04-27,7.17,7.21,7.06,7.11,3552500.0,25314081.0,0.0088529873028175,7.17,7.21,7.06,7.11,1.0,1.0365200516226374
603559,中通国脉,2026-04-28,6.95,7.47,6.92,7.28,7092700.0,50707846.0,0.0176753224609976,6.95,7.47,6.92,7.28,1.0,1.8979289035142364
603559,中通国脉,2026-04-29,7.35,7.62,7.27,7.28,6606900.0,48802611.0,0.0164646873500311,7.35,7.62,7.27,7.28,1.0,1.5349485688031654
603559,中通国脉,2026-04-30,7.35,7.64,7.21,7.64,8703653.0,65651894.0,0.0216898886691429,7.35,7.64,7.21,7.64,1.0,1.686393778260913
603559,中通国脉,2026-05-06,7.8,8.02,7.75,8.02,4464679.0,35593757.0,0.0111261777616203,7.8,8.02,7.75,8.02,1.0,0.7442110800377637
603559,中通国脉,2026-05-07,8.39,8.42,8.07,8.36,15956589.0,133524812.0,0.0397645263373057,8.39,8.42,8.07,8.36,1.0,2.6226762657413936
603559,中通国脉,2026-05-08,8.46,8.55,8.23,8.33,8790578.0,73380244.0,0.0219065096181358,8.46,8.55,8.23,8.33,1.0,1.0263486659897494
603559,中通国脉,2026-05-11,8.47,8.75,8.46,8.75,4070404.0,35507481.0,0.0101436270033322,8.47,8.75,8.46,8.75,1.0,0.4571186741307448
603559,中通国脉,2026-05-12,9.1,9.19,9.01,9.19,9011873.0,82691185.0,0.0224579865569611,9.1,9.19,9.01,9.19,1.0,1.0732022364744662
603559,中通国脉,2026-05-13,9.53,9.65,9.2,9.65,12566498.0,120496915.0,0.0313162694538726,9.53,9.65,9.2,9.65,1.0,1.4856080595405656
603559,中通国脉,2026-05-14,9.65,9.85,9.35,9.59,12034753.0,116565730.0,0.0299911373684858,9.65,9.85,9.35,9.59,1.0,1.1940200462965846
603559,中通国脉,2026-05-15,10.0,10.07,10.0,10.07,6795741.0,68397704.0,0.0169352874838105,10.0,10.07,10.0,10.07,1.0,0.7311319770196333
603559,中通国脉,2026-05-18,10.07,10.5,9.58,9.59,15968443.0,158555187.0,0.0397940670301946,10.07,10.5,9.58,9.59,1.0,1.7950433268136667
603559,中通国脉,2026-05-19,9.55,9.8,9.12,9.39,11658469.0,108923111.0,0.0290534209788296,9.55,9.8,9.12,9.39,1.0,1.033968223527097
603559,中通国脉,2026-05-20,9.29,9.75,9.29,9.66,7733869.0,73699170.0,0.0192731439996212,9.29,9.75,9.29,9.66,1.0,0.6551471925679466
603559,中通国脉,2026-05-21,9.47,9.93,9.42,9.42,6405400.0,62008880.0,0.0159625404277178,9.47,9.93,9.42,9.42,1.0,0.5909991968264264
603559,中通国脉,2026-05-22,9.56,9.58,9.35,9.44,3630800.0,34323279.0,0.0090481143699,9.56,9.58,9.35,9.44,1.0,0.37383199124614547
603559,中通国脉,2026-05-25,9.39,9.78,9.39,9.57,5765496.0,55463097.0,0.0143678713251078,9.39,9.78,9.39,9.57,1.0,0.6350087465067337
603559,中通国脉,2026-05-26,9.59,9.69,9.19,9.29,6465600.0,60518868.0,0.0161125614933419,9.59,9.69,9.19,9.29,1.0,0.9185647772005904
603559,中通国脉,2026-05-27,9.28,9.72,9.06,9.57,6342486.0,59518910.0,0.0158057559539193,9.28,9.72,9.06,9.57,1.0,1.0570399516152122
603559,中通国脉,2026-05-28,9.51,9.73,9.38,9.4,6317300.0,60282705.0,0.0157429913266965,9.51,9.73,9.38,9.4,1.0,1.1040454624925138
603559,中通国脉,2026-05-29,9.51,9.58,9.27,9.34,3974300.0,37423063.0,0.009904131579898,9.51,9.58,9.27,9.34,1.0,0.6967155723845458
603559,中通国脉,2026-06-01,9.35,9.52,9.23,9.46,3466369.0,32666536.0,0.0086383450369825,9.35,9.52,9.23,9.46,1.0,0.6004412166879807
603559,中通国脉,2026-06-02,9.55,9.93,9.38,9.93,9892152.0,97089786.0,0.0246516808032488,9.55,9.93,9.38,9.93,1.0,1.8618029662288962
603559,中通国脉,2026-06-03,9.94,9.95,9.43,9.43,9037400.0,86198552.0,0.0225216009712832,9.94,9.95,9.43,9.43,1.0,1.50660461092962
603559,中通国脉,2026-06-04,9.19,9.4,8.96,8.96,3752600.0,33870525.0,0.0093516453631395,9.19,9.4,8.96,8.96,1.0,0.5740111035033828
603559,中通国脉,2026-06-05,8.51,8.51,8.51,8.51,1900900.0,16176659.0,0.0047371269708447,8.51,8.51,8.51,8.51,1.0,0.3155248972199516
603559,中通国脉,2026-06-08,8.15,8.92,8.15,8.52,7922795.0,67268770.0,0.0197439559571644,8.15,8.92,8.15,8.52,1.0,1.4122920754763528
603559,中通国脉,2026-06-09,8.46,8.53,8.23,8.4,4445500.0,37280400.0,0.0110783828443844,8.46,8.53,8.23,8.4,1.0,0.6838000560329961
603559,中通国脉,2026-06-10,8.4,8.56,8.25,8.35,4647500.0,38966394.0,0.0115817757888373,8.4,8.56,8.25,8.35,1.0,0.8587653845578185
603559,中通国脉,2026-06-11,8.31,8.42,8.08,8.22,3362600.0,27529096.0,0.0083797480941462,8.31,8.42,8.08,8.22,1.0,0.7416639996965058
603559,中通国脉,2026-06-12,8.24,8.63,8.24,8.6,5141552.0,43190887.0,0.0128129752491981,8.24,8.63,8.24,8.6,1.0,1.1538857041930635
603559,中通国脉,2026-06-15,8.5,8.85,8.5,8.59,4472200.0,38701817.0,0.0111449204266462,8.5,8.85,8.5,8.59,1.0,0.876216553271055
603559,中通国脉,2026-06-16,8.55,8.73,8.38,8.6,3774002.0,32287057.0,0.0094049800948087,8.55,8.73,8.38,8.6,1.0,0.855032354370894
603559,中通国脉,2026-06-17,8.58,8.8,8.57,8.71,2534600.0,22046141.0,0.0063163354307449,8.58,8.8,8.57,8.71,1.0,0.59225565330056
603559,中通国脉,2026-06-18,8.71,8.85,8.55,8.72,4236831.0,36938773.0,0.0105583704566316,8.71,8.85,8.55,8.72,1.0,1.0984809712276213
603559,中通国脉,2026-06-22,8.72,8.73,8.28,8.28,5548252.0,46147715.0,0.0138264896576586,8.72,8.73,8.28,8.28,1.0,1.3761101949309955
603559,中通国脉,2026-06-23,8.13,8.39,7.99,8.25,5403127.0,44338033.0,0.0134648317316005,8.13,8.39,7.99,8.25,1.0,1.3136140263353606
603559,中通国脉,2026-06-24,8.26,8.35,8.1,8.25,3586300.0,29449499.0,0.0089372183994636,8.26,8.35,8.1,8.25,1.0,0.8341469423466139
603559,中通国脉,2026-06-25,8.25,8.33,7.84,7.84,4952600.0,39131914.0,0.0123420984985036,8.25,8.33,7.84,7.84,1.0,1.1620851363571731
603559,中通国脉,2026-06-26,7.8,7.97,7.45,7.82,5138346.0,39589565.0,0.0128049857552381,7.8,7.97,7.45,7.82,1.0,1.0828006444948415
603559,中通国脉,2026-06-29,7.73,7.98,7.46,7.8,4301700.0,33121581.0,0.0107200268769966,7.73,7.98,7.46,7.8,1.0,0.8733130655893295
603559,中通国脉,2026-06-30,7.79,8.19,7.72,8.19,6086286.0,48969006.0,0.015167294209519,7.79,8.19,7.72,8.19,1.0,1.3014855440747277
603559,中通国脉,2026-07-02,8.92,9.01,8.54,9.01,16159546.0,142837857.0,0.0402703041681342,8.92,9.01,8.54,9.01,1.0,3.357446543627753
603559,中通国脉,2026-07-03,9.08,9.91,9.08,9.91,14473238.0,141382279.0,0.0360679499633095,9.08,9.91,9.08,9.91,1.0,1.9751418167534143
603559,中通国脉,2026-07-06,9.9,10.0,8.97,8.98,27087320.0,255330958.0,0.0675028008521764,9.9,10.0,8.97,8.98,1.0,2.9341246483143224
603559,中通国脉,2026-07-07,8.82,8.89,8.08,8.21,19726844.0,164299177.0,0.0491601687421993,8.82,8.89,8.08,8.21,1.0,1.448201234243979
603559,中通国脉,2026-07-08,8.3,8.5,8.01,8.05,11615900.0,95857832.0,0.0289473371458969,8.3,8.5,8.01,8.05,1.0,0.6952861420401848
603559,中通国脉,2026-07-09,7.99,8.18,7.79,7.98,10567400.0,83911933.0,0.0263344287188725,7.99,8.18,7.79,7.98,1.0,0.5932552257929142
603559,中通国脉,2026-07-10,8.05,8.78,8.01,8.78,7945500.0,68745569.0,0.0198005378225298,8.05,8.78,8.01,8.78,1.0,0.4759454401138258
603559,中通国脉,2026-07-13,9.0,9.5,8.5,8.6,23744300.0,212942585.0,0.0591718469850222,9.0,9.5,8.5,8.6,1.0,1.5429805901420692
603559,中通国脉,2026-07-14,8.56,8.84,8.15,8.31,14690652.0,123559447.0,0.0366097552782862,8.56,8.84,8.15,8.31,1.0,0.9980070093531592
603559,中通国脉,2026-07-15,8.38,8.4,7.91,8.14,11627400.0,94395158.0,0.0289759956551108,8.38,8.4,7.91,8.14,1.0,0.8479261753353288
603559,中通国脉,2026-07-16,8.19,8.34,7.86,8.06,8882700.0,71569284.0,0.0221360817212492,8.19,8.34,7.86,8.06,1.0,0.6476607625153167
603559,中通国脉,2026-07-17,8.0,8.15,7.53,7.55,11578518.0,91487645.0,0.0288541795466417,8.0,8.15,7.53,7.55,1.0,0.8654823180409693
603559,中通国脉,2026-07-20,7.66,7.85,7.15,7.34,9643700.0,72102826.0,0.0240325274179259,7.66,7.85,7.15,7.34,1.0,0.6837217684810908
603559,中通国脉,2026-07-21,7.39,7.56,6.62,7.56,10387700.0,73740079.0,0.0258866083618517,7.39,7.56,6.62,7.56,1.0,0.9205204901478954
603559,中通国脉,2026-07-22,7.45,7.8,7.39,7.61,6954500.0,52663529.0,0.0173309219415749,7.45,7.8,7.39,7.61,1.0,0.6671620873193098
603559,中通国脉,2026-07-23,7.56,7.89,7.51,7.86,6253300.0,48419852.0,0.0155835004928104,7.56,7.89,7.51,7.86,1.0,0.6589757464299518
603559,中通国脉,2026-07-24,7.64,8.0,7.63,7.82,6384300.0,50137850.0,0.015909958293421,7.64,8.0,7.63,7.82,1.0,0.7122517929181491
603559,中通国脉,2026-07-27,7.79,7.95,7.69,7.85,6375600.0,49908487.0,0.0158882775081896,7.79,7.95,7.69,7.85,1.0,0.8045225686776787
603559,中通国脉,2026-07-28,7.82,8.49,7.79,7.89,8376200.0,67844335.0,0.0208738612936975,7.82,8.49,7.79,7.89,1.0,1.1519884253783481
603559,中通国脉,2026-07-29,7.89,8.68,7.72,8.68,12461300.0,106725661.0,0.0310541113797609,7.89,8.68,7.72,8.68,1.0,1.8141940781332346
603559,中通国脉,2026-07-30,8.85,9.16,8.51,8.72,28163000.0,251040166.0,0.0701834430427168,8.85,9.16,8.51,8.72,1.0,3.533564027733515
603559,中通国脉,2026-07-31,8.41,8.72,7.9,8.49,20216000.0,168614365.0,0.0503791671537678,8.41,8.72,7.9,8.49,1.0,1.6366474310399544
603559,中通国脉,2026-08-03,8.25,8.39,8.1,8.36,11884500.0,98017651.0,0.0296167002393626,8.25,8.39,8.1,8.36,1.0,0.7860940495104647
603559,中通国脉,2026-08-04,8.46,9.2,8.26,9.2,16815400.0,148089451.0,0.0419047213770018,8.46,9.2,8.26,9.2,1.0,1.0366949852652865
603559,中通国脉,2026-08-05,9.37,9.38,8.93,9.07,25373786.0,231809056.0,0.0632325982497989,9.37,9.38,8.93,9.07,1.0,1.4168935293868006
603559,中通国脉,2026-08-06,9.07,9.72,8.92,9.44,22348300.0,207952977.0,0.055692953170882,9.07,9.72,8.92,9.44,1.0,1.0906644263089404
603559,中通国脉,2026-08-07,9.12,9.16,8.74,8.88,18544700.0,164973039.0,0.0462142135494894,9.12,9.16,8.74,8.88,1.0,0.9594932990428836
603559,中通国脉,2026-08-10,9.0,9.12,8.72,9.11,12278026.0,110101436.0,0.0305973844564853,9.0,9.12,8.72,9.11,1.0,0.6464385837366169
603559,中通国脉,2026-08-11,9.02,9.08,8.87,8.93,8239800.0,73549229.0,0.0205339464539778,9.02,9.08,8.87,8.93,1.0,0.43203553280691115
603559,中通国脉,2026-08-12,8.94,9.03,8.77,8.9,8069615.0,71839330.0,0.0201098378982762,8.94,9.03,8.77,8.9,1.0,0.4649219956183016
603559,中通国脉,2026-08-13,8.98,9.79,8.92,9.17,25463201.0,240327494.0,0.0634554243890477,8.98,9.79,8.92,9.17,1.0,1.8324006463919826
603559,中通国脉,2026-08-14,8.9,9.08,8.72,8.77,16954100.0,150445200.0,0.0422503679185643,8.9,9.08,8.72,8.77,1.0,1.1677126612338296
603559,中通国脉,2026-08-17,8.77,9.65,8.77,9.47,39620698.0,375597016.0,0.098736533799513,8.77,9.65,8.77,9.47,1.0,2.790003659192227
603559,中通国脉,2026-08-18,9.27,9.64,9.17,9.53,32574479.0,306283769.0,0.0811770440486694,9.27,9.64,9.17,9.53,1.0,1.6560922994884237
603559,中通国脉,2026-08-19,9.41,9.65,9.03,9.07,21916043.0,203494055.0,0.054615749586771,9.41,9.65,9.03,9.07,1.0,0.8932046423433614
603559,中通国脉,2026-08-20,9.07,9.16,8.72,8.86,15434557.0,137412490.0,0.0384635994780054,9.07,9.16,8.72,8.86,1.0,0.5652502820271524
603559,中通国脉,2026-08-21,8.68,9.08,8.33,9.02,14014956.0,122304274.0,0.0349258909268253,8.68,9.08,8.33,9.02,1.0,0.5539513686641767
603559,中通国脉,2026-08-24,9.0,9.22,8.62,9.04,11612884.0,103523848.0,0.02893982114035,9.0,9.22,8.62,9.04,1.0,0.4699261536430024
603559,中通国脉,2026-08-25,8.82,9.1,8.81,9.04,8353400.0,75298640.0,0.0208170426841256,8.82,9.1,8.81,9.04,1.0,0.43710857226664107
603559,中通国脉,2026-08-26,9.01,9.04,8.72,8.72,8565200.0,75831999.0,0.0213448576625174,9.01,9.04,8.72,8.72,1.0,0.6003770546224519
603559,中通国脉,2026-08-27,8.73,8.79,8.59,8.71,6995943.0,60647374.0,0.017434199732649,8.73,8.79,8.59,8.71,1.0,0.6032961972006103
603559,中通国脉,2026-08-28,8.73,9.58,8.7,9.58,28195643.0,266944404.0,0.0702647908441316,8.73,9.58,8.7,9.58,1.0,2.8456082744344373
603559,中通国脉,2026-08-31,9.46,10.54,9.46,10.54,43232767.0,435460499.0,0.1077379696880144,9.46,10.54,9.46,10.54,1.0,3.3922382427588627
603559,中通国脉,2026-09-01,10.54,11.58,10.2,10.92,60170733.0,652061234.0,0.1499481309641737,10.54,11.58,10.2,10.92,1.0,3.155489268304916
603559,中通国脉,2026-09-02,10.5,11.32,10.5,10.69,45768784.0,500394661.0,0.1140578363455033,10.5,11.32,10.5,10.69,1.0,1.5550657464745619
603559,中通国脉,2026-09-03,10.82,11.18,10.62,10.78,35240779.0,383076324.0,0.0878215817110206,10.82,11.18,10.62,10.78,1.0,0.9557398366610551
603559,中通国脉,2026-09-04,10.9,11.1,10.4,10.57,28846279.0,310572669.0,0.0718862045659489,10.9,11.1,10.4,10.57,1.0,0.6783889414199247
603559,中通国脉,2026-09-07,10.71,10.8,10.33,10.79,24225600.0,256366164.0,0.0603712678967312,10.71,10.8,10.33,10.79,1.0,0.5679844965478699
603559,中通国脉,2026-09-08,10.98,10.99,10.58,10.8,22368539.0,240880838.0,,10.98,10.99,10.58,10.8,1.0,0.5757603228895636
603559,中通国脉,2026-09-09,10.84,10.86,10.1,10.18,23094400.0,240405781.0,,10.84,10.86,10.1,10.18,1.0,0.7380761522751479
603848,好太太,2026-03-19,16.03,16.2,15.69,15.83,2417800.0,38978853.0,0.0060083520865297,16.26,16.43,15.92,16.06,0.9856787048567872,1.5024108293881948
603848,好太太,2026-03-20,15.85,16.01,15.43,15.45,2327200.0,36956973.0,0.0057832066241095,16.08,16.24,15.65,15.67,0.9859604339502234,1.3131254654367344
603848,好太太,2026-03-23,15.35,15.38,14.63,14.77,3533300.0,53647211.0,0.0087804245294629,15.57,15.6,14.84,14.98,0.9859813084112148,1.756916506860343
603848,好太太,2026-03-24,14.98,15.17,14.76,15.17,2604600.0,39475919.0,0.006472559287193,15.2,15.39,14.97,15.39,0.9857050032488628,1.0601767319415218
603848,好太太,2026-03-25,15.24,15.36,15.12,15.34,1823690.0,28274036.0,0.0045319594741845,15.46,15.58,15.34,15.56,0.98586118251928,0.6827998053090718
603848,好太太,2026-03-26,15.3,15.42,14.94,15.06,1629900.0,25010643.0,0.0040503817792351,15.52,15.64,15.16,15.28,0.9856020942408378,0.6413601131381432
603848,好太太,2026-03-27,15.01,15.35,14.94,15.27,2000200.0,30777218.0,0.0049705955180233,15.23,15.57,15.16,15.49,0.9857972885732732,0.8391022838919378
603848,好太太,2026-03-30,15.13,15.35,15.02,15.25,1940500.0,30015761.0,0.0048222380775543,15.35,15.57,15.24,15.47,0.9857789269553976,0.8370220390641917
603848,好太太,2026-03-31,15.25,15.5,15.0,15.03,1575200.0,24384988.0,0.0039144495850366,15.47,15.72,15.22,15.25,0.9855737704918032,0.7876874333050968
603848,好太太,2026-04-01,15.19,15.28,15.0,15.25,1602200.0,24626070.0,0.0039815459148969,15.41,15.5,15.22,15.47,0.9857789269553976,0.8931388518187767
603848,好太太,2026-04-02,15.27,15.3,14.92,15.03,1346700.0,20594368.0,0.0033466158304779,15.49,15.52,15.14,15.25,0.9855737704918032,0.769718792866941
603848,好太太,2026-04-03,14.93,15.09,14.59,14.64,1237400.0,18470072.0,0.0030749999470063,15.15,15.31,14.8,14.85,0.985858585858586,0.7309091768263869
603848,好太太,2026-04-07,14.63,14.93,14.61,14.88,1235500.0,18566692.0,0.0030702783534235,14.84,15.15,14.82,15.1,0.985430463576159,0.8020643988574396
603848,好太太,2026-04-08,15.3,15.44,15.03,15.34,2154600.0,33322555.0,0.0053542871228542,15.52,15.66,15.25,15.56,0.98586118251928,1.5396598542232385
603848,好太太,2026-04-09,15.28,15.3,14.94,15.02,1753500.0,26814917.0,0.0043575338670402,15.5,15.52,15.16,15.24,0.9855643044619422,1.1572118684335568
603848,好太太,2026-04-10,15.11,15.32,15.04,15.21,1373600.0,21214544.0,0.0034134636554128,15.33,15.54,15.26,15.43,0.9857420609202852,0.8887508573055373
603848,好太太,2026-04-13,15.18,15.2,15.08,15.12,1092200.0,16754938.0,0.002714170795313,15.4,15.42,15.3,15.34,0.9856584093872228,0.7042271683903747
603848,好太太,2026-04-14,15.38,15.38,14.97,15.16,1908200.0,29249286.0,0.0047419709866473,15.6,15.6,15.19,15.38,0.9856957087126136,1.2538439298762059
603848,好太太,2026-04-15,15.17,15.27,15.06,15.11,1196600.0,18370999.0,0.0029736099374396,15.39,15.49,15.28,15.33,0.9856490541422048,0.7224013233358689
603848,好太太,2026-04-16,15.1,15.41,15.1,15.37,1743800.0,27036749.0,0.0043334288892756,15.32,15.63,15.32,15.59,0.9858883899935856,1.1904534345516855
603848,好太太,2026-04-17,15.43,15.43,15.14,15.3,1260500.0,19462279.0,0.0031324045847757,15.65,15.65,15.36,15.52,0.9858247422680412,0.861656458492836
603848,好太太,2026-04-20,15.4,15.44,15.04,15.32,1244200.0,19292807.0,0.0030918982819341,15.62,15.66,15.26,15.54,0.985842985842986,0.8638718009248331
603848,好太太,2026-04-21,15.27,15.46,15.27,15.43,1209200.0,18857917.0,0.003004921558041,15.49,15.68,15.49,15.65,0.9859424920127796,0.8222158758652578
603848,好太太,2026-04-22,15.29,15.47,15.0,15.1,2166050.0,33219086.0,0.0053827409368135,15.51,15.69,15.22,15.32,0.9856396866840732,1.6275566175255098
603848,好太太,2026-04-23,15.03,15.31,14.9,15.12,1804100.0,27646846.0,0.004483277359297,15.25,15.53,15.12,15.34,0.9856584093872228,1.1832103623544843
603848,好太太,2026-04-24,15.02,15.32,14.91,15.24,1669197.0,25600869.0,0.004148036759773,15.24,15.54,15.13,15.46,0.9857697283311772,1.086144025611494
603848,好太太,2026-04-27,15.29,15.67,15.1,15.57,2285950.0,35679990.0,0.0056806983423784,15.51,15.9,15.32,15.8,0.9854430379746836,1.4123449058768303
603848,好太太,2026-04-28,15.46,15.64,15.39,15.63,1942100.0,30527050.0,0.0048262141563609,15.68,15.87,15.61,15.86,0.9854981084489282,1.0630579877578372
603848,好太太,2026-04-29,15.55,15.87,15.54,15.69,2500400.0,39763530.0,0.0062136171549172,15.77,16.1,15.76,15.92,0.9855527638190954,1.2670008108521427
603848,好太太,2026-04-30,15.67,15.92,15.56,15.87,2471987.0,39601904.0,0.0061430094504609,15.9,16.15,15.78,16.1,0.9857142857142857,1.211550825559583
603848,好太太,2026-05-06,15.89,16.2,15.89,16.15,3476087.0,56540172.0,0.0086382474064889,16.12,16.43,16.12,16.38,0.985958485958486,1.598989901591903
603848,好太太,2026-05-07,16.21,16.45,16.1,16.34,3142600.0,51876140.0,0.0078095157858914,16.44,16.69,16.33,16.58,0.9855247285886612,1.2395353805191391
603848,好太太,2026-05-08,16.37,16.76,16.19,16.66,4364000.0,73067127.0,0.0108447549448323,16.61,17.0,16.42,16.9,0.9857988165680476,1.6123342535904734
603848,好太太,2026-05-11,16.83,17.81,16.46,17.69,9873695.0,173378089.0,0.0245366183948251,17.07,18.07,16.7,17.95,0.985515320334262,3.0942178644862444
603848,好太太,2026-05-12,17.58,17.99,16.99,17.27,7465015.0,132555848.0,0.0185509299574926,17.83,18.25,17.24,17.52,0.985730593607306,1.5999864799806622
603848,好太太,2026-05-13,17.19,17.22,16.31,16.37,6889593.0,116231598.0,0.0171209779456078,17.44,17.47,16.55,16.61,0.9855508729680916,1.216322944803888
603848,好太太,2026-05-14,16.59,16.59,15.92,15.94,3699904.0,60454962.0,0.0091944436753907,16.83,16.83,16.15,16.17,0.9857761286332714,0.5829392325541377
603848,好太太,2026-05-15,16.02,16.29,15.85,16.05,3262500.0,53101365.0,0.0081074731914563,16.25,16.53,16.08,16.28,0.9858722358722358,0.505152837649034
603848,好太太,2026-05-18,15.89,15.96,15.3,15.71,3138300.0,49776117.0,0.0077988300740988,16.12,16.19,15.52,15.94,0.9855708908406524,0.5030825367312128
603848,好太太,2026-05-19,15.83,16.2,15.73,16.13,2900000.0,47198536.0,0.0072066428368501,16.06,16.43,15.96,16.36,0.9859413202933984,0.5929182175226388
603848,好太太,2026-05-20,15.97,16.17,15.53,15.56,2884300.0,46048896.0,0.0071676275635609,16.2,16.4,15.75,15.78,0.9860583016476552,0.7250520190824702
603848,好太太,2026-05-21,15.43,15.99,15.21,15.27,2586594.0,41099861.0,0.0064278134903239,15.65,16.22,15.43,15.49,0.9857972885732732,0.8141622123607901
603848,好太太,2026-05-22,15.3,15.53,15.13,15.28,1477701.0,22894011.0,0.0036721597678125,15.52,15.75,15.35,15.5,0.9858064516129031,0.5001799387395921
603848,好太太,2026-05-25,15.33,15.42,14.86,15.01,2148000.0,32854641.0,0.0053378857977772,15.55,15.64,15.07,15.23,0.9855548260013132,0.8269875131815573
603848,好太太,2026-05-26,14.8,15.1,14.68,14.82,1743801.0,26178883.0,0.0043334313743248,15.01,15.32,14.89,15.03,0.9860279441117764,0.7267899766558761
603848,好太太,2026-05-27,14.81,14.83,14.34,14.4,1978800.0,29095891.0,0.0049174154639858,15.02,15.04,14.55,14.61,0.9856262833675564,0.9126972852283255
603848,好太太,2026-05-28,14.29,14.46,14.1,14.32,1387800.0,20069894.0,0.0034487513548208,14.5,14.67,14.3,14.53,0.9855471438403304,0.6984471704585534
603848,好太太,2026-05-29,14.22,14.45,14.19,14.26,1642200.0,23875365.0,0.0040809478850604,14.43,14.66,14.4,14.47,0.985487214927436,0.9398928721299271
603848,好太太,2026-06-01,14.09,14.63,13.98,14.57,2289900.0,33459387.0,0.0056905142869321,14.29,14.84,14.18,14.78,0.9857916102841678,1.2863738077911817
603848,好太太,2026-06-02,14.54,14.65,14.24,14.3,2042700.0,29787246.0,0.0050762101113219,14.75,14.86,14.45,14.51,0.9855272226051,1.1294994603815913
603848,好太太,2026-06-03,14.29,14.55,13.92,14.29,2099400.0,30186822.0,0.0052171124040286,14.5,14.76,14.12,14.5,0.9855172413793104,1.1237073672040594
603848,好太太,2026-06-04,14.3,14.32,14.06,14.08,1220500.0,17535196.0,0.0030330026146122,14.51,14.53,14.26,14.28,0.9859943977591036,0.6449482139082646
603848,好太太,2026-06-05,14.07,14.53,14.07,14.41,1431698.0,20851353.0,0.0035578400469767,14.27,14.74,14.27,14.62,0.9856361149110808,0.7701690210550098
603848,好太太,2026-06-08,14.29,14.3,13.81,13.92,1764000.0,25145113.0,0.0043836268842081,14.5,14.51,14.01,14.12,0.9858356940509916,0.9709167501633055
603848,好太太,2026-06-09,14.05,14.13,13.8,13.83,1590100.0,22460235.0,0.0039514768189225,14.25,14.33,14.0,14.03,0.985744832501782,0.9289814400012713
603848,好太太,2026-06-10,13.89,13.95,13.59,13.75,1436100.0,19718900.0,0.0035687792337932,13.89,13.95,13.59,13.75,1.0,0.8858583184322929
603848,好太太,2026-06-11,13.73,13.79,13.35,13.57,1417700.0,19171948.0,0.003523054327518,13.73,13.79,13.35,13.57,1.0,0.9524483909621603
603848,好太太,2026-06-12,13.56,14.07,13.56,13.99,1817100.0,25200061.0,0.0045155829996001,13.56,14.07,13.56,13.99,1.0,1.1892641471449152
603848,好太太,2026-06-15,13.99,14.35,13.79,13.94,2271200.0,31837587.0,0.0056440438658806,13.99,14.35,13.79,13.94,1.0,1.4150778816199376
603848,好太太,2026-06-16,13.9,13.98,13.63,13.95,1587700.0,21931834.0,0.0039455127007127,13.9,13.98,13.63,13.95,1.0,0.9304165396966785
603848,好太太,2026-06-17,13.95,14.01,13.65,13.69,1400503.0,19287292.0,0.0034803189354955,13.95,14.01,13.65,13.69,1.0,0.8209471499917935
603848,好太太,2026-06-18,13.61,13.93,13.42,13.76,1862403.0,25555938.0,0.0046281631859579,13.61,13.93,13.42,13.76,1.0,1.0962788386385396
603848,好太太,2026-06-22,13.76,13.76,13.36,13.5,2088715.0,28133650.0,0.0051905596527487,13.76,13.76,13.36,13.5,1.0,1.1683280929456021
603848,好太太,2026-06-23,13.44,14.38,13.44,13.96,3048219.0,42708254.0,0.0075749743522415,13.44,14.38,13.44,13.96,1.0,1.6547484121690836
603848,好太太,2026-06-24,13.96,15.01,13.6,14.53,4516686.0,65063750.0,0.0112241871752418,13.96,15.01,13.6,14.53,1.0,2.261160405865709
603848,好太太,2026-06-25,14.4,15.29,14.03,14.24,6820000.0,100174029.0,0.0169480359128682,14.4,15.29,14.03,14.24,1.0,2.640028750764718
603848,好太太,2026-06-26,14.11,15.03,13.75,14.79,5547600.0,80158017.0,0.0137860592419688,14.11,15.03,13.75,14.79,1.0,1.5127598825546849
603848,好太太,2026-06-29,14.66,14.71,13.31,13.31,5645300.0,76821417.0,0.0140288485540931,14.66,14.71,13.31,13.31,1.0,1.2817863860403738
603848,好太太,2026-06-30,13.3,13.66,12.95,13.66,3924401.0,51897747.0,0.0097523297777853,13.3,13.66,12.95,13.66,1.0,0.7671496830943859
603848,好太太,2026-07-01,13.93,13.99,13.34,13.71,3247603.0,44575648.0,0.0080704534127182,13.93,13.99,13.34,13.71,1.0,0.6138210848897748
603848,好太太,2026-07-02,13.7,14.36,13.53,13.83,4563150.0,63754232.0,0.0113396525037836,13.7,14.36,13.53,13.83,1.0,0.9059295997316488
603848,好太太,2026-07-03,13.71,14.66,13.71,14.54,6429100.0,91221211.0,0.0159766301594459,13.71,14.66,13.71,14.54,1.0,1.4020160629419314
603848,好太太,2026-07-06,14.5,14.65,14.23,14.43,2664700.0,38421557.0,0.0066219107473636,14.5,14.65,14.23,14.43,1.0,0.5595862904445837
603848,好太太,2026-07-07,14.43,14.6,14.24,14.33,1867700.0,26856871.0,0.0046413264918568,14.43,14.6,14.24,14.33,1.0,0.4483422451266636
603848,好太太,2026-07-08,14.3,14.66,14.1,14.21,2192620.0,31447231.0,0.0054487686954945,14.3,14.66,14.1,14.21,1.0,0.5840055533025258
603848,好太太,2026-07-09,14.21,14.53,13.93,14.4,1913700.0,27218618.0,0.0047556387575448,14.21,14.53,13.93,14.4,1.0,0.5400662743187862
603848,好太太,2026-07-10,14.26,14.59,14.2,14.33,2002200.0,28901527.0,0.0049755656165314,14.26,14.59,14.2,14.33,1.0,0.6643960440196393
603848,好太太,2026-07-13,14.26,14.34,13.62,13.63,2241900.0,31198941.0,0.0055712319227359,14.26,14.34,13.62,13.63,1.0,1.0534333497479542
603848,好太太,2026-07-14,13.63,13.8,13.43,13.53,1348400.0,18267955.0,0.0033508404142098,13.63,13.8,13.43,13.53,1.0,0.659808262185216
603848,好太太,2026-07-15,13.54,13.66,13.3,13.4,2072000.0,27908460.0,0.0051490220544667,13.54,13.66,13.3,13.4,1.0,1.0681711795867952
603848,好太太,2026-07-16,13.45,13.79,13.26,13.53,2546200.0,34419391.0,0.0063274324107544,13.45,13.79,13.26,13.53,1.0,1.3291641435760373
603848,好太太,2026-07-17,13.5,13.7,12.95,13.01,2978700.0,39712621.0,0.0074022162131467,13.5,13.7,12.95,13.01,1.0,1.4586169410520335
603848,好太太,2026-07-20,13.0,13.25,12.44,12.83,4443485.0,57009143.0,0.0110422790847934,13.0,13.25,12.44,12.83,1.0,1.9859683388157894
603848,好太太,2026-07-21,12.8,13.25,12.5,12.67,3705600.0,47486261.0,0.009208598515942,12.8,13.25,12.5,12.67,1.0,1.3838447626128882
603848,好太太,2026-07-22,12.64,12.68,12.34,12.34,1803200.0,22466212.0,0.0044810408149683,12.64,12.68,12.34,12.34,1.0,0.5725904095551977
603848,好太太,2026-07-23,12.34,12.53,12.26,12.52,1742300.0,21627345.0,0.0043297013153944,12.34,12.53,12.26,12.52,1.0,0.5628607527790099
603848,好太太,2026-07-24,12.45,12.48,12.18,12.27,1961200.0,24131289.0,0.0048736785971139,12.45,12.48,12.18,12.27,1.0,0.6682893435246436
603848,好太太,2026-07-27,12.27,12.64,12.22,12.58,1626200.0,20322774.0,0.004041187096995,12.27,12.64,12.22,12.58,1.0,0.5954253087610855
603848,好太太,2026-07-28,12.5,12.85,12.48,12.75,1671800.0,21298145.0,0.0041545053429813,12.5,12.85,12.48,12.75,1.0,0.7712321815749412
603848,好太太,2026-07-29,12.68,13.25,12.68,13.2,2612200.0,34119183.0,0.0064914456615241,12.68,13.25,12.68,13.2,1.0,1.4834122684475337
603848,好太太,2026-07-30,13.2,13.29,12.74,12.82,2317100.0,30045480.0,0.0057581076266432,13.2,13.29,12.74,12.82,1.0,1.205103134069089
603848,好太太,2026-07-31,12.71,13.04,12.71,12.9,1922152.0,24798865.0,0.0047766423938403,12.71,13.04,12.71,12.9,1.0,0.9432948912990136
603848,好太太,2026-08-03,12.9,13.55,12.88,13.44,3075725.0,41077222.0,0.0076433281170244,12.9,13.55,12.88,13.44,1.0,1.515217274784885
603848,好太太,2026-08-04,13.49,13.49,13.3,13.4,1410100.0,18883841.0,0.003504167953187,13.49,13.49,13.3,13.4,1.0,0.6078553306899394
603848,好太太,2026-08-05,13.4,13.47,13.28,13.42,1491000.0,19936364.0,0.0037052084378425,13.4,13.47,13.28,13.42,1.0,0.6575653042613319
603848,好太太,2026-08-06,13.41,13.44,13.18,13.4,1387600.0,18487678.0,0.00344825434497,13.41,13.44,13.18,13.4,1.0,0.6791256565509441
603848,好太太,2026-08-07,13.34,13.4,13.12,13.27,1041425.0,13775839.0,0.0025879924194367,13.34,13.4,13.12,13.27,1.0,0.560715212935832
603848,好太太,2026-08-10,13.27,13.48,13.22,13.43,1194225.0,16012907.0,0.0029677079454611,13.27,13.48,13.22,13.43,1.0,0.7103535038098467
603848,好太太,2026-08-11,13.43,13.48,13.27,13.4,1113700.0,14922437.0,0.0027675993542758,13.43,13.48,13.27,13.4,1.0,0.8534949841746687
603848,好太太,2026-08-12,13.43,13.5,13.34,13.45,1083900.0,14555828.0,0.002693544886504,13.43,13.5,13.34,13.45,1.0,0.8701900304273477
603848,好太太,2026-08-13,13.46,13.71,13.38,13.48,2131800.0,28887141.0,0.005297627999861,13.46,13.71,13.38,13.48,1.0,1.8311758591958218
603848,好太太,2026-08-14,13.6,13.65,13.31,13.47,1874700.0,25280526.0,0.0046587218366354,13.6,13.65,13.31,13.47,1.0,1.4277880594968813
603848,好太太,2026-08-17,13.5,13.97,13.21,13.91,3371200.0,46382194.0,0.0083775980453755,13.5,13.97,13.21,13.91,1.0,2.278353546241886
603848,好太太,2026-08-18,13.91,14.0,13.23,13.33,4199000.0,56525295.0,0.0104347218179081,13.91,14.0,13.23,13.33,1.0,2.1926205967437054
603848,好太太,2026-08-19,13.28,14.66,13.27,14.66,8921565.0,129214263.0,0.0221705284485319,13.28,14.66,13.27,14.66,1.0,3.5233578977299653
603848,好太太,2026-08-20,14.47,14.61,13.58,13.66,12480447.0,172750841.0,0.0310145255080129,14.47,14.61,13.58,13.66,1.0,3.044269112532207
603848,好太太,2026-08-21,13.68,13.69,13.0,13.03,6912555.0,90881461.0,0.0171780396465801,13.68,13.69,13.0,13.03,1.0,1.120461425766054
603848,好太太,2026-08-24,13.13,13.19,12.68,12.79,4171059.0,53664640.0,0.0103652870566997,13.13,13.19,12.68,12.79,1.0,0.5811740396698131
603848,好太太,2026-08-25,12.72,13.56,12.69,13.34,5555400.0,73419821.0,0.0138054426261507,12.72,13.56,12.69,13.34,1.0,0.7571836768896049
603848,好太太,2026-08-26,13.39,13.8,13.39,13.69,4439900.0,60571503.0,0.0110333701832175,13.39,13.8,13.39,13.69,1.0,0.5835673307023843
603848,好太太,2026-08-27,13.65,13.84,13.5,13.71,3281900.0,44900839.0,0.0081556831469856,13.65,13.84,13.5,13.71,1.0,0.48896938174716736
603848,好太太,2026-08-28,13.72,13.93,13.63,13.76,3000599.0,41425492.0,0.0074566363067619,13.72,13.93,13.63,13.76,1.0,0.615865914825342
603848,好太太,2026-08-31,14.0,14.04,13.8,13.92,3385700.0,47042266.0,0.0084136312595598,14.0,14.04,13.8,13.92,1.0,0.8278457408232772
603848,好太太,2026-09-01,13.85,14.1,13.84,14.06,3341500.0,46659608.0,0.0083037920825292,13.85,14.1,13.84,14.06,1.0,0.8496707529010987
603848,好太太,2026-09-02,13.98,14.01,13.78,13.88,1976900.0,27492695.0,0.0049126938704031,13.98,14.01,13.78,13.88,1.0,0.5664600086225478
603848,好太太,2026-09-03,13.98,13.99,13.62,13.65,2529300.0,34797554.0,0.0062854350783603,13.98,13.99,13.62,13.65,1.0,0.8438538990734322
603848,好太太,2026-09-04,13.71,13.88,13.5,13.56,2473300.0,33923267.0,0.0061462723201315,13.71,13.88,13.5,13.56,1.0,0.8688001172404186
603848,好太太,2026-09-07,13.71,13.95,13.56,13.88,2360400.0,32575476.0,0.0058657102593451,13.71,13.95,13.56,13.88,1.0,0.8610387620652673
603848,好太太,2026-09-08,13.88,13.98,13.75,13.98,2025600.0,28094751.0,,13.88,13.98,13.75,13.98,1.0,0.7986499913258789
603848,好太太,2026-09-09,14.03,14.04,13.72,13.85,1713100.0,23674179.0,,14.03,14.04,13.72,13.85,1.0,0.7536404029739123
603955,大千生态,2026-03-19,26.76,26.91,26.2,26.38,1090330.0,28849659.0,0.0080336722664308,26.76,26.91,26.2,26.38,1.0,0.6757252551795088
603955,大千生态,2026-03-20,26.32,26.88,25.53,25.53,983100.0,25594073.0,0.0072435897435897,26.32,26.88,25.53,25.53,1.0,0.6394079801445969
603955,大千生态,2026-03-23,25.07,26.3,24.5,24.95,2447930.0,62143656.0,0.0180366195107574,25.07,26.3,24.5,24.95,1.0,1.6384898153701166
603955,大千生态,2026-03-24,25.2,25.55,24.85,25.39,902300.0,22715842.0,0.0066482463896257,25.2,25.55,24.85,25.39,1.0,0.6561847760477648
603955,大千生态,2026-03-25,25.3,25.39,24.9,25.19,1607300.0,40384724.0,0.0118427645151783,25.3,25.39,24.9,25.19,1.0,1.2530286918857563
603955,大千生态,2026-03-26,25.16,25.37,24.48,24.93,1428900.0,35555486.0,0.0105282935455349,25.16,25.37,24.48,24.93,1.0,1.0161485771502043
603955,大千生态,2026-03-27,24.92,25.12,24.74,24.9,1159900.0,28942954.0,0.0085462717359269,24.92,25.12,24.74,24.9,1.0,0.7869565630372629
603955,大千生态,2026-03-30,24.53,25.05,24.53,25.0,684950.0,17024031.0,0.005046787503684,24.53,25.05,24.53,25.0,1.0,0.45382987491933163
603955,大千生态,2026-03-31,25.24,25.6,24.51,24.58,1316700.0,32996470.0,0.0097015915119363,25.24,25.6,24.51,24.58,1.0,1.138354068143896
603955,大千生态,2026-04-01,25.0,25.0,24.48,24.76,836430.0,20634002.0,0.0061629089301503,25.0,25.0,24.48,24.76,1.0,0.674785204308015
603955,大千生态,2026-04-02,24.88,25.23,24.41,24.53,1335250.0,33124416.0,0.0098382699675803,24.88,25.23,24.41,24.53,1.0,1.230218836605932
603955,大千生态,2026-04-03,24.6,24.7,23.78,23.84,1042300.0,25004024.0,0.0076797819039198,24.6,24.7,23.78,23.84,1.0,0.9771751827691662
603955,大千生态,2026-04-07,24.09,24.45,23.51,24.44,1487350.0,35936341.0,0.0109589596227527,24.09,24.45,23.51,24.44,1.0,1.4258584293747831
603955,大千生态,2026-04-08,24.91,26.58,24.66,26.08,2135150.0,55129264.0,0.015732021809608,24.91,26.58,24.66,26.08,1.0,1.7739609141197368
603955,大千生态,2026-04-09,26.34,26.34,25.05,25.06,1336800.0,33947176.0,0.0098496905393457,26.34,26.34,25.05,25.06,1.0,0.9776961243212882
603955,大千生态,2026-04-10,25.06,25.91,25.06,25.44,1006300.0,25695157.0,0.0074145299145299,25.06,25.91,25.06,25.44,1.0,0.685784771393718
603955,大千生态,2026-04-13,25.45,25.7,25.12,25.53,901600.0,22920331.0,0.0066430887120542,25.45,25.7,25.12,25.53,1.0,0.643274019321052
603955,大千生态,2026-04-14,25.77,26.4,25.48,25.98,1480500.0,38579031.0,0.0109084880636604,25.77,26.4,25.48,25.98,1.0,1.0779502562907735
603955,大千生态,2026-04-15,25.98,26.19,25.31,25.73,1248000.0,32030130.0,0.0091954022988505,25.98,26.19,25.31,25.73,1.0,0.9095745843870939
603955,大千生态,2026-04-16,25.97,26.81,25.73,26.37,1779600.0,46934006.0,0.0131122900088417,25.97,26.81,25.73,26.37,1.0,1.4896537869148865
603955,大千生态,2026-04-17,26.18,26.79,25.93,26.18,1159400.0,30264863.0,0.0085425876805187,26.18,26.79,25.93,26.18,1.0,0.9035224438902744
603955,大千生态,2026-04-20,26.18,27.65,26.04,27.02,2258400.0,61007442.0,0.0166401414677276,26.18,27.65,26.04,27.02,1.0,1.7189569347399187
603955,大千生态,2026-04-21,27.02,27.27,26.57,26.72,1185700.0,31809828.0,0.0087363689949896,27.02,27.27,26.57,26.72,1.0,0.7479907644557716
603955,大千生态,2026-04-22,26.72,26.75,26.16,26.22,1147300.0,30189200.0,0.0084534335396404,26.72,26.75,26.16,26.22,1.0,0.7517264876623292
603955,大千生态,2026-04-23,26.22,26.53,25.58,25.78,1264000.0,32599334.0,0.0093132920719127,26.22,26.53,25.58,25.78,1.0,0.8392648464888983
603955,大千生态,2026-04-24,25.71,25.88,25.35,25.53,1480200.0,37908871.0,0.0109062776304155,25.71,25.88,25.35,25.53,1.0,1.0550550265153675
603955,大千生态,2026-04-27,25.53,25.6,24.86,25.06,1952800.0,49220102.0,0.0143884468022399,25.53,25.6,24.86,25.06,1.0,1.3310431321227985
603955,大千生态,2026-04-28,25.05,25.49,24.82,25.35,1756500.0,44298114.0,0.0129420866489832,25.05,25.49,24.82,25.35,1.0,1.249288762446657
603955,大千生态,2026-04-29,25.88,26.98,25.05,26.53,3834210.0,100790110.0,0.0282508841732979,25.88,26.98,25.05,26.53,1.0,2.522241079886328
603955,大千生态,2026-04-30,26.45,26.51,25.82,25.99,1968680.0,51313902.0,0.0145054524020041,26.45,26.51,25.82,25.99,1.0,0.9568115741987284
603955,大千生态,2026-05-06,26.05,26.6,25.96,26.15,2150330.0,56387810.0,0.0158438697318007,26.05,26.6,25.96,26.15,1.0,0.9780993942172721
603955,大千生态,2026-05-07,26.31,28.15,25.84,26.67,4103950.0,110422950.0,0.0302383583849101,26.31,28.15,25.84,26.67,1.0,1.7594610770228047
603955,大千生态,2026-05-08,26.24,26.95,26.24,26.66,2324200.0,61868386.0,0.0171249631594459,26.24,26.95,26.24,26.66,1.0,0.8412681061586096
603955,大千生态,2026-05-11,26.83,26.83,25.85,25.85,2850700.0,74544430.0,0.0210042735042735,26.83,26.83,25.85,25.85,1.0,0.991108635686308
603955,大千生态,2026-05-12,25.81,26.5,25.57,26.17,2204300.0,57425666.0,0.0162415266725611,25.81,26.5,25.57,26.17,1.0,0.8226313754584688
603955,大千生态,2026-05-13,26.15,26.4,25.81,25.83,1624700.0,42227001.0,0.0119709696433834,26.15,26.4,25.81,25.83,1.0,0.5958493356061695
603955,大千生态,2026-05-14,25.83,25.99,24.88,24.92,1939800.0,48861380.0,0.0142926613616268,25.83,25.99,24.88,24.92,1.0,0.7399382812589402
603955,大千生态,2026-05-15,25.0,25.64,24.71,24.92,1648800.0,41461600.0,0.0121485411140583,25.0,25.64,24.71,24.92,1.0,0.753310123632775
603955,大千生态,2026-05-18,24.92,24.92,24.22,24.51,1378010.0,33672633.0,0.010153330386089,24.92,24.92,24.22,24.51,1.0,0.6710020159130528
603955,大千生态,2026-05-19,24.51,24.87,23.93,24.16,1326460.0,32234588.0,0.0097735042735042,24.51,24.87,23.93,24.16,1.0,0.7540466209847867
603955,大千生态,2026-05-20,23.93,24.07,23.42,23.54,1582200.0,37437276.0,0.011657824933687,23.93,24.07,23.42,23.54,1.0,0.9991449612706608
603955,大千生态,2026-05-21,23.62,23.91,22.72,22.75,1587000.0,37035248.0,0.0116931918656056,23.62,23.91,22.72,22.75,1.0,1.007584501864698
603955,大千生态,2026-05-22,22.9,23.01,22.41,22.79,1603900.0,36388687.0,0.0118177129384025,22.9,23.01,22.41,22.79,1.0,1.0660727128190608
603955,大千生态,2026-05-25,22.8,24.4,22.65,22.94,3696900.0,86419060.0,0.0272391688770999,22.8,24.4,22.65,22.94,1.0,2.471992906786563
603955,大千生态,2026-05-26,22.91,24.29,22.32,23.33,3895100.0,90353704.0,0.0286995284409077,22.91,24.29,22.32,23.33,1.0,1.988014037723831
603955,大千生态,2026-05-27,23.33,23.38,22.67,22.67,2164448.0,49601834.0,0.0159478927203065,23.33,23.38,22.67,22.67,1.0,0.8752246241437595
603955,大千生态,2026-05-28,23.25,24.94,22.61,24.94,5690296.0,137898990.0,0.0419267315060418,23.25,24.94,22.61,24.94,1.0,2.19747549845729
603955,大千生态,2026-05-29,25.23,25.45,23.55,23.69,5446566.0,133271815.0,0.0401309018567639,25.23,25.45,23.55,23.69,1.0,1.5971731038428814
603955,大千生态,2026-06-01,23.88,25.3,23.88,24.49,3920640.0,96655491.0,0.0288877099911582,23.88,25.3,23.88,24.49,1.0,0.9382524836897552
603955,大千生态,2026-06-02,24.26,25.02,23.81,24.64,2857700.0,69617576.0,0.0210558502799882,24.26,25.02,23.81,24.64,1.0,0.6766333365692652
603955,大千生态,2026-06-03,24.64,25.19,23.66,23.76,2955630.0,72004317.0,0.0217774093722369,24.64,25.19,23.66,23.76,1.0,0.7359764736935156
603955,大千生态,2026-06-04,23.87,24.18,22.81,23.0,1995700.0,46820953.0,0.0147045387562628,23.87,24.18,22.81,23.0,1.0,0.4781074372118946
603955,大千生态,2026-06-05,23.01,24.55,22.63,23.06,2904000.0,67993692.0,0.0213969938107869,23.01,24.55,22.63,23.06,1.0,0.8453540112047832
603955,大千生态,2026-06-08,22.6,24.73,22.5,23.97,4287600.0,103561535.0,0.0315915119363395,22.6,24.73,22.5,23.97,1.0,1.4649776850236476
603955,大千生态,2026-06-09,24.06,24.6,23.51,23.85,1759330.0,42023811.0,0.0129629384025935,24.06,24.6,23.51,23.85,1.0,0.5864187037477759
603955,大千生态,2026-06-10,23.95,23.95,23.12,23.42,1470840.0,34432872.0,0.0108373121131741,23.95,23.95,23.12,23.42,1.0,0.5289931277360659
603955,大千生态,2026-06-11,23.23,23.75,22.9,23.09,1328500.0,30793864.0,0.0097885352195697,23.23,23.75,22.9,23.09,1.0,0.5349318339404081
603955,大千生态,2026-06-12,23.8,25.4,23.6,24.91,5266100.0,130254126.0,0.0388012083701738,23.8,25.4,23.6,24.91,1.0,2.2408421253298862
603955,大千生态,2026-06-15,24.71,25.21,24.33,24.36,2726560.0,67186927.0,0.0200895962275272,24.71,25.21,24.33,24.36,1.0,0.9660177560537316
603955,大千生态,2026-06-16,24.18,24.39,23.2,24.22,3212890.0,76638523.0,0.0236729295608605,24.18,24.39,23.2,24.22,1.0,1.2799002177458485
603955,大千生态,2026-06-17,24.12,24.36,22.9,22.91,3622300.0,84366006.0,0.0266895078101974,24.12,24.36,22.9,22.91,1.0,1.2932268657590313
603955,大千生态,2026-06-18,23.1,23.11,21.46,21.62,3989300.0,87632484.0,0.0293936044798113,23.1,23.11,21.46,21.62,1.0,1.2345919715777387
603955,大千生态,2026-06-22,21.6,21.78,20.7,21.54,3008082.0,63574168.0,0.022163881520778,21.6,21.78,20.7,21.54,1.0,0.7992926665302663
603955,大千生态,2026-06-23,21.08,21.84,21.08,21.28,1680570.0,36095477.0,0.0123826259946949,21.08,21.84,21.08,21.28,1.0,0.5074450762274254
603955,大千生态,2026-06-24,21.43,21.43,20.42,20.6,2064630.0,42944989.0,0.0152124226348364,21.43,21.43,20.42,20.6,1.0,0.6654454655285177
603955,大千生态,2026-06-25,20.87,22.25,20.15,21.1,3850300.0,81987499.0,0.0283694370763336,20.87,22.25,20.15,21.1,1.0,1.3401780815185256
603955,大千生态,2026-06-26,20.87,20.99,19.82,19.89,2943900.0,59303850.0,0.0216909814323607,20.87,20.99,19.82,19.89,1.0,1.0086766959398425
603955,大千生态,2026-06-29,19.84,20.75,19.32,19.79,2239870.0,44526370.0,0.0165036103743,19.84,20.75,19.32,19.79,1.0,0.8266739162303371
603955,大千生态,2026-06-30,19.95,19.96,18.84,19.36,1966500.0,37910264.0,0.0144893899204244,19.95,19.96,18.84,19.36,1.0,0.7694101462759609
603955,大千生态,2026-07-01,19.45,20.08,19.25,19.69,1887990.0,37194406.0,0.0139109195402298,19.45,20.08,19.25,19.69,1.0,0.7225262529467593
603955,大千生态,2026-07-02,19.8,20.06,19.5,19.57,1541500.0,30448070.0,0.01135794282346,19.8,20.06,19.5,19.57,1.0,0.5980109492449117
603955,大千生态,2026-07-03,19.73,20.28,19.57,20.14,2026600.0,40615782.0,0.0149322133804892,19.73,20.28,19.57,20.14,1.0,0.9577721989912815
603955,大千生态,2026-07-06,20.05,20.27,19.54,19.57,1180400.0,23409366.0,0.0086973180076628,20.05,20.27,19.54,19.57,1.0,0.6108175350790586
603955,大千生态,2026-07-07,19.82,20.05,19.19,19.68,1390390.0,27132510.0,0.0102445475979958,19.82,20.05,19.19,19.68,1.0,0.8080853284730076
603955,大千生态,2026-07-08,19.61,19.79,19.2,19.27,978000.0,18970265.0,0.0072060123784261,19.61,19.79,19.2,19.27,1.0,0.6092030776590656
603955,大千生态,2026-07-09,19.5,19.5,18.61,18.91,1811900.0,34230275.0,0.013350279988211,19.5,19.5,18.61,18.91,1.0,1.2729577104606085
603955,大千生态,2026-07-10,18.93,19.63,18.52,19.05,2048230.0,39301261.0,0.0150915856174476,18.93,19.63,18.52,19.05,1.0,1.38632028795404
603955,大千生态,2026-07-13,19.0,19.04,17.85,17.92,2040400.0,37366063.0,0.0150338933097553,19.0,19.04,17.85,17.92,1.0,1.376988818883184
603955,大千生态,2026-07-14,17.9,18.07,17.61,17.69,1728100.0,30716525.0,0.0127328323017978,17.9,18.07,17.61,17.69,1.0,1.0449369446070345
603955,大千生态,2026-07-15,17.99,18.28,17.61,18.17,2069532.0,37337914.0,0.0152485411140583,17.99,18.28,17.61,18.17,1.0,1.2022893978247002
603955,大千生态,2026-07-16,18.17,18.48,17.68,18.37,1727400.0,31439556.0,0.0127276746242263,18.17,18.48,17.68,18.37,1.0,0.8905811224848585
603955,大千生态,2026-07-17,18.68,19.6,17.89,18.04,2781100.0,51431827.0,0.0204914529914529,18.68,19.6,17.89,18.04,1.0,1.4464311310299864
603955,大千生态,2026-07-20,18.04,19.55,17.75,18.05,3624300.0,67654578.0,0.0267042440318302,18.04,19.55,17.75,18.05,1.0,1.7514564300385869
603955,大千生态,2026-07-21,18.04,18.18,16.5,17.32,3227600.0,55089065.0,0.0237813144709696,18.04,18.18,16.5,17.32,1.0,1.3526752426064705
603955,大千生态,2026-07-22,17.32,17.53,16.83,16.95,1674900.0,28626739.0,0.012340848806366,17.32,17.53,16.83,16.95,1.0,0.6235697991620509
603955,大千生态,2026-07-23,16.8,17.24,16.72,17.17,1614100.0,27556391.0,0.0118928676687297,16.8,17.24,16.72,17.17,1.0,0.6191265256649252
603955,大千生态,2026-07-24,17.01,17.06,16.76,16.93,1112700.0,18810068.0,0.0081984969053934,17.01,17.06,16.76,16.93,1.0,0.4305448073053707
603955,大千生态,2026-07-27,16.8,18.62,16.8,18.62,2818440.0,51095958.0,0.0207665782493368,16.8,18.62,16.8,18.62,1.0,1.2522392834293026
603955,大千生态,2026-07-28,18.26,19.3,18.26,18.85,3618600.0,68335564.0,0.0266622458001768,18.26,19.3,18.26,18.85,1.0,1.731762084431657
603955,大千生态,2026-07-29,18.73,19.56,18.73,19.17,2556240.0,49140462.0,0.0188346595932802,18.73,19.56,18.73,19.17,1.0,1.179214558149748
603955,大千生态,2026-07-30,19.17,20.22,18.98,19.0,3664340.0,72041394.0,0.0269992631889183,19.17,20.22,18.98,19.0,1.0,1.5632743121207364
603955,大千生态,2026-07-31,19.0,19.93,19.0,19.4,2989242.0,58370311.0,0.0220250663129973,19.0,19.93,19.0,19.4,1.0,1.0853930772850595
603955,大千生态,2026-08-03,19.43,19.8,19.32,19.37,1898880.0,37074106.0,0.0139911582670203,19.43,19.8,19.32,19.37,1.0,0.6067925952181339
603955,大千生态,2026-08-04,19.38,19.95,19.26,19.88,2311700.0,45338445.0,0.017032861774241,19.38,19.95,19.26,19.88,1.0,0.7848348597726862
603955,大千生态,2026-08-05,19.81,20.54,19.81,20.51,1811172.0,36822401.0,0.0133449160035366,19.81,20.54,19.81,20.51,1.0,0.6747830653657022
603955,大千生态,2026-08-06,20.54,21.14,20.3,20.71,1752200.0,36177721.0,0.0129104037724727,20.54,21.14,20.3,20.71,1.0,0.6911849423455035
603955,大千生态,2026-08-07,20.71,21.0,20.07,20.33,1694200.0,34471875.0,0.0124830533451223,20.71,21.0,20.07,20.33,1.0,0.7870340346926759
603955,大千生态,2026-08-10,20.29,20.69,20.1,20.64,1197200.0,24576111.0,0.0088211022693781,20.29,20.69,20.1,20.64,1.0,0.6322247467087558
603955,大千生态,2026-08-11,20.85,21.11,20.3,20.87,1406380.0,29209320.0,0.0103623636899498,20.85,21.11,20.3,20.87,1.0,0.8021356824045067
603955,大千生态,2026-08-12,20.85,21.57,20.7,21.5,1670650.0,35530967.0,0.0123095343353964,20.85,21.57,20.7,21.5,1.0,1.0625987132674704
603955,大千生态,2026-08-13,21.5,21.54,20.35,20.4,2084100.0,43514293.0,0.0153558797524314,21.5,21.54,20.35,20.4,1.0,1.3496955559326118
603955,大千生态,2026-08-14,20.4,20.59,19.84,20.05,1855700.0,37291425.0,0.0136730032419687,20.4,20.59,19.84,20.05,1.0,1.152246561018711
603955,大千生态,2026-08-17,20.2,20.53,19.71,19.75,2638280.0,52768189.0,0.0194391394046566,20.2,20.53,19.71,19.75,1.0,1.6059595594367198
603955,大千生态,2026-08-18,19.84,19.86,19.01,19.7,3147000.0,61166443.0,0.0231874447391688,19.84,19.86,19.01,19.7,1.0,1.629706963462871
603955,大千生态,2026-08-19,19.56,19.56,18.63,18.71,2082100.0,39450486.0,0.0153411435307987,19.56,19.56,18.63,18.71,1.0,0.9135439326835578
603955,大千生态,2026-08-20,18.79,19.22,18.63,18.92,2050800.0,38793735.0,0.0151105216622458,18.79,19.22,18.63,18.92,1.0,0.8684546182915819
603955,大千生态,2026-08-21,18.77,18.87,18.32,18.75,1448060.0,26953442.0,0.0106694665487768,18.77,18.87,18.32,18.75,1.0,0.6149459651363867
603955,大千生态,2026-08-24,18.75,19.95,18.69,19.14,3353083.0,64974005.0,0.0247058871205422,18.75,19.95,18.69,19.14,1.0,1.4750185637466744
603955,大千生态,2026-08-25,19.14,20.12,19.02,20.1,2748683.0,54009552.0,0.0202526009431181,19.14,20.12,19.02,20.1,1.0,1.1376016954827493
603955,大千生态,2026-08-26,20.47,22.11,20.47,21.19,5840600.0,124034977.0,0.043034188034188,20.47,22.11,20.47,21.19,1.0,2.499673449501426
603955,大千生态,2026-08-27,21.35,21.57,19.82,19.86,5996300.0,121324768.0,0.0441814028882994,21.35,21.57,19.82,19.86,1.0,1.9416528195364797
603955,大千生态,2026-08-28,19.88,21.0,19.55,20.75,4800950.0,97590927.0,0.0353739316239316,19.88,21.0,19.55,20.75,1.0,1.2382054607879638
603955,大千生态,2026-08-31,20.59,21.0,20.45,20.5,3085800.0,63953829.0,0.022736516357206,20.59,21.0,20.45,20.5,1.0,0.6785074998627945
603955,大千生态,2026-09-01,20.47,20.7,20.28,20.33,1903500.0,38919459.0,0.014025198938992,20.47,20.7,20.28,20.33,1.0,0.42352077997420207
603955,大千生态,2026-09-02,20.45,21.08,20.2,20.76,2673520.0,55307461.0,0.0196987916298261,20.45,21.08,20.2,20.76,1.0,0.6180934612281322
603955,大千生态,2026-09-03,20.76,21.59,20.76,21.14,3538400.0,74920094.0,0.0260713233127026,20.76,21.59,20.76,21.14,1.0,0.9583928988351615
603955,大千生态,2026-09-04,21.36,21.95,21.1,21.17,3176600.0,68403409.0,0.0234055408193339,21.36,21.95,21.1,21.17,1.0,0.9925528850149699
603955,大千生态,2026-09-07,21.63,21.8,21.18,21.73,2269500.0,48819229.0,0.0167219274977895,21.63,21.8,21.18,21.73,1.0,0.7892364767398674
603955,大千生态,2026-09-08,21.8,22.28,21.6,22.2,2356550.0,51887189.0,,21.8,22.28,21.6,22.2,1.0,0.8688369740265103
603955,大千生态,2026-09-09,22.29,22.5,21.91,22.4,2229400.0,49535975.0,,22.29,22.5,21.91,22.4,1.0,0.7953865156048313
605167,利柏特,2026-03-19,16.94,17.01,16.09,16.58,12713382.0,211437553.0,0.0283104683011557,17.0,17.07,16.15,16.64,0.9963942307692306,1.2294870033792518
605167,利柏特,2026-03-20,16.79,17.67,16.59,17.37,13706178.0,236793533.0,0.0305212505845413,16.85,17.73,16.65,17.43,0.9965576592082616,1.2151371173910408
605167,利柏特,2026-03-23,17.13,17.48,16.34,16.46,8672241.0,146254535.0,0.019311557218251,17.19,17.54,16.4,16.52,0.9963680387409202,0.6900910140456038
605167,利柏特,2026-03-24,16.94,17.14,16.25,16.63,5653300.0,94470112.0,0.0125889059612087,17.0,17.2,16.31,16.69,0.9964050329538644,0.4288164600469626
605167,利柏特,2026-03-25,16.7,16.96,16.32,16.44,5396000.0,89898264.0,0.0120159440621729,16.76,17.02,16.38,16.5,0.9963636363636365,0.45270962229939543
605167,利柏特,2026-03-26,16.44,16.88,16.24,16.33,5038400.0,83445524.0,0.0112196316832565,16.5,16.94,16.3,16.39,0.99633923123856,0.5459774356056221
605167,利柏特,2026-03-27,16.12,16.57,16.11,16.4,3724100.0,61128851.0,0.0082929164718195,16.18,16.63,16.17,16.46,0.9963547995139732,0.48407534953032305
605167,利柏特,2026-03-30,16.28,17.15,16.28,16.95,7550700.0,127484897.0,0.0168140824370365,16.34,17.21,16.34,17.01,0.9964726631393296,1.3254264028056975
605167,利柏特,2026-03-31,17.06,17.37,16.31,16.36,5064400.0,85053822.0,0.0112767932501627,17.12,17.43,16.37,16.42,0.9963459196102312,0.925427135678392
605167,利柏特,2026-04-01,16.65,17.02,16.45,16.73,3242382.0,54420440.0,0.0072197439878463,16.71,17.08,16.51,16.79,0.9964264443120906,0.6055184958317148
605167,利柏特,2026-04-02,16.73,17.24,16.67,16.98,4232268.0,72258369.0,0.0094239023803964,16.79,17.3,16.73,17.04,0.9964788732394368,0.8595189062282823
605167,利柏特,2026-04-03,16.99,17.22,16.23,16.26,4766300.0,78533599.0,0.0106130202330485,17.05,17.28,16.29,16.32,0.9963235294117648,1.0007411653302596
605167,利柏特,2026-04-07,16.32,16.43,15.7,15.82,5418278.0,86596944.0,0.0120647659698889,16.38,16.49,15.75,15.87,0.9968494013862634,1.0899314251459906
605167,利柏特,2026-04-08,16.14,16.59,16.09,16.55,4000106.0,65761800.0,0.0089069521247799,16.2,16.65,16.15,16.61,0.996387718242023,0.8801644702157596
605167,利柏特,2026-04-09,16.71,17.31,16.26,17.24,7493200.0,127211474.0,0.0166849512641417,16.77,17.37,16.32,17.3,0.9965317919075144,1.7297854126077932
605167,利柏特,2026-04-10,17.34,17.9,17.14,17.33,5800838.0,102119015.0,0.0129166042973871,17.4,17.96,17.2,17.39,0.996549741230592,1.1194141199943557
605167,利柏特,2026-04-13,17.29,17.92,17.19,17.79,4805110.0,85262147.0,0.0106994376459777,17.35,17.98,17.25,17.85,0.9966386554621848,0.8743328747239408
605167,利柏特,2026-04-14,18.14,19.57,17.99,19.57,8683982.0,165020172.0,0.0193364405659377,18.2,19.64,18.05,19.64,0.9964358452138492,1.5778998639848951
605167,利柏特,2026-04-15,19.57,20.08,17.62,17.62,21070142.0,389655692.0,0.0469164432283333,19.64,20.15,17.68,17.68,0.9966063348416292,3.4223403283527434
605167,利柏特,2026-04-16,17.87,18.01,17.34,17.72,9943900.0,177096463.0,0.0221418735487508,17.93,18.07,17.4,17.78,0.996625421822272,1.0389989633310759
605167,利柏特,2026-04-17,17.81,18.39,17.54,18.34,8492500.0,154170267.0,0.0189100716130257,17.87,18.45,17.6,18.4,0.9967391304347828,0.8441182338444367
605167,利柏特,2026-04-20,18.34,18.37,17.84,18.26,6715100.0,122044572.0,0.0149523723154111,18.4,18.43,17.9,18.32,0.9967248908296944,0.6335521903559074
605167,利柏特,2026-04-21,18.29,18.7,18.1,18.42,6057699.0,111923356.0,0.0134885512982224,18.35,18.76,18.16,18.48,0.9967532467532468,0.551646494355478
605167,利柏特,2026-04-22,18.12,18.38,17.64,17.91,6880100.0,123533073.0,0.0153197743544042,18.18,18.44,17.7,17.97,0.996661101836394,0.6580132676117705
605167,利柏特,2026-04-23,18.03,18.14,17.5,17.59,5599200.0,100147868.0,0.0124676211923053,18.09,18.2,17.56,17.65,0.996600566572238,0.7350095889136736
605167,利柏特,2026-04-24,17.46,17.72,17.0,17.12,5139500.0,89180612.0,0.0114440168448802,17.52,17.78,17.06,17.18,0.9965075669383004,0.7615292746551826
605167,利柏特,2026-04-27,17.12,17.44,16.87,17.13,2858100.0,48937462.0,0.0063640713190684,17.18,17.5,16.93,17.19,0.9965095986038394,0.4702121793591709
605167,利柏特,2026-04-28,17.12,17.12,16.79,16.91,3048200.0,51723895.0,0.006787363001569,17.18,17.18,16.85,16.97,0.9964643488509136,0.5743821491329113
605167,利柏特,2026-04-29,16.91,17.46,16.69,17.31,4166382.0,71665759.0,0.0092771954062079,16.97,17.52,16.75,17.37,0.9965457685664938,0.8855184462552763
605167,利柏特,2026-04-30,17.0,17.54,17.0,17.43,3703817.0,64236582.0,0.0082472116233785,17.06,17.6,17.06,17.49,0.9965694682675816,0.8898536867950433
605167,利柏特,2026-05-06,17.46,18.23,17.37,17.96,5718634.0,102670433.0,0.0127335623748817,17.52,18.29,17.43,18.02,0.9966703662597116,1.5115865675399962
605167,利柏特,2026-05-07,17.97,18.86,17.93,18.78,5938669.0,110266781.0,0.0132235096939718,18.03,18.92,17.99,18.84,0.996815286624204,1.5231157951063992
605167,利柏特,2026-05-08,18.78,19.57,18.36,19.28,7876010.0,152092695.0,0.0175373462613961,18.84,19.64,18.42,19.35,0.9963824289405684,1.7443555022120685
605167,利柏特,2026-05-11,19.28,20.19,18.95,19.72,8054482.0,158872987.0,0.0179347461202032,19.35,20.26,19.02,19.79,0.9964628600303184,1.4696076181768234
605167,利柏特,2026-05-12,19.65,20.08,19.0,19.13,6538600.0,126513486.0,0.0145593634676396,19.72,20.15,19.07,19.2,0.9963541666666668,1.044784781301775
605167,利柏特,2026-05-13,19.23,19.48,18.99,19.03,5634682.0,108666405.0,0.012546628217442,19.3,19.55,19.06,19.1,0.9963350785340314,0.8255606840394364
605167,利柏特,2026-05-14,19.38,19.43,18.77,19.05,4422407.0,84305346.0,0.009847280903379,19.45,19.5,18.83,19.12,0.9963389121338913,0.649543130614921
605167,利柏特,2026-05-15,19.06,20.18,18.9,19.46,7241459.0,141407092.0,0.0161244048599104,19.13,20.25,18.97,19.53,0.996415770609319,1.1131738767610007
605167,利柏特,2026-05-18,19.19,19.83,18.99,19.2,5388000.0,104304021.0,0.0119973465823941,19.26,19.9,19.06,19.27,0.9963674104826156,0.844735750414764
605167,利柏特,2026-05-19,19.43,19.61,18.95,19.22,4116470.0,79283251.0,0.009166057402752,19.5,19.68,19.02,19.29,0.9963711767755312,0.7042684608474866
605167,利柏特,2026-05-20,19.22,19.37,18.46,18.58,7189770.0,135190531.0,0.0160093100478285,19.29,19.44,18.52,18.64,0.9967811158798282,1.3412239621672455
605167,利柏特,2026-05-21,18.44,18.44,16.74,16.86,16230543.0,279151085.0,0.0361402096494899,18.5,18.5,16.8,16.92,0.9964539007092196,2.861711392150096
605167,利柏特,2026-05-22,16.46,16.94,15.78,16.38,12631693.0,205155613.0,0.0281267258432446,16.52,17.0,15.83,16.44,0.9963503649635036,1.5724265416714862
605167,利柏特,2026-05-25,16.41,16.5,15.65,15.83,8132116.0,130059442.0,0.0181076121195681,16.47,16.56,15.7,15.88,0.9968513853904282,0.8925312835874312
605167,利柏特,2026-05-26,15.75,15.88,15.25,15.83,7114176.0,110667216.0,0.015840986473673,15.8,15.93,15.3,15.88,0.9968513853904282,0.7364481164123206
605167,利柏特,2026-05-27,15.65,17.41,15.65,17.41,10588000.0,182853680.0,0.0235760775082385,15.7,17.47,15.7,17.47,0.996565540927304,1.0320030500817006
605167,利柏特,2026-05-28,16.94,17.16,16.39,16.46,20554033.0,344350273.0,0.045767234143832,17.0,17.22,16.45,16.52,0.9963680387409202,1.8789156964405493
605167,利柏特,2026-05-29,16.55,16.56,14.87,14.96,15335709.0,238082730.0,0.0341477015515481,16.61,16.62,14.92,15.01,0.9966688874083944,1.2991955542948157
605167,利柏特,2026-06-01,15.1,15.56,14.76,15.26,9005825.0,137347844.0,0.0200530816231236,15.15,15.61,14.81,15.31,0.9967341606792944,0.7295233652421356
605167,利柏特,2026-06-02,15.25,15.65,14.83,15.44,7433535.0,114071639.0,0.0161479109616441,15.3,15.7,14.88,15.49,0.9967721110393802,0.5937542348771265
605167,利柏特,2026-06-03,15.29,15.54,14.85,15.07,5310213.0,80799333.0,0.0115354063324333,15.34,15.59,14.9,15.12,0.9966931216931216,0.42200076220929567
605167,利柏特,2026-06-04,15.04,15.43,14.56,14.76,5477421.0,81729846.0,0.0118986332353906,15.09,15.48,14.61,14.81,0.9966239027683996,0.4751462608464379
605167,利柏特,2026-06-05,14.86,14.86,14.35,14.57,5044636.0,73710324.0,0.0109584918833239,14.91,14.91,14.4,14.62,0.9965800273597812,0.592612269009325
605167,利柏特,2026-06-08,14.39,14.41,13.93,14.23,5342978.0,76097005.0,0.0116065819309417,14.44,14.46,13.98,14.28,0.996498599439776,0.8278134696016284
605167,利柏特,2026-06-09,14.36,14.58,14.11,14.52,5099663.0,73376835.0,0.0110780273528531,14.41,14.63,14.16,14.57,0.9965682910089224,0.8912757666063601
605167,利柏特,2026-06-10,14.45,14.5,14.11,14.27,3783044.0,53860004.0,0.0082179283040951,14.45,14.5,14.11,14.27,1.0,0.7198966344738522
605167,利柏特,2026-06-11,14.08,14.53,13.89,14.13,7222137.0,102407507.0,0.015688689866772,14.08,14.53,13.89,14.13,1.0,1.4591506974656514
605167,利柏特,2026-06-12,14.1,14.3,13.6,13.62,8575644.0,118737764.0,0.0186289209307224,14.1,14.3,13.6,13.62,1.0,1.618506670841943
605167,利柏特,2026-06-15,13.5,14.1,13.25,13.85,13661267.0,186163670.0,0.0296764491105842,13.5,14.1,13.25,13.85,1.0,2.2750982514810247
605167,利柏特,2026-06-16,13.74,13.78,13.3,13.41,9943536.0,134516348.0,0.0199281474191848,13.74,13.78,13.3,13.41,1.0,1.29669807759191
605167,利柏特,2026-06-17,13.36,14.68,13.12,14.14,28190095.0,391246516.0,0.056496639517454,13.36,14.68,13.12,14.14,1.0,3.2638283041756395
605167,利柏特,2026-06-18,14.05,15.38,14.03,14.22,27749009.0,408574656.0,0.0556126454500982,14.05,15.38,14.03,14.22,1.0,2.0526637951426663
605167,利柏特,2026-06-22,14.77,15.33,14.06,15.15,23623096.0,346119538.0,0.0473437758545407,14.77,15.33,14.06,15.15,1.0,1.340400384019206
605167,利柏特,2026-06-23,15.29,16.67,15.25,16.67,16392391.0,268262444.0,0.0321477679345956,15.29,16.67,15.25,16.67,1.0,0.7944590093404186
605167,利柏特,2026-06-24,16.97,16.97,15.52,16.29,30553495.0,494035411.0,0.0599196704648411,16.97,16.97,15.52,16.29,1.0,1.4425890176508978
605167,利柏特,2026-06-25,16.2,16.5,15.31,15.35,17487885.0,274139783.0,0.0342961846534099,16.2,16.5,15.31,15.35,1.0,0.6911765703261055
605167,利柏特,2026-06-26,15.57,16.4,15.35,15.36,17883487.0,282863679.0,0.035072015420896,15.57,16.4,15.35,15.36,1.0,0.7721321066644321
605167,利柏特,2026-06-29,15.37,15.88,14.58,15.06,15268534.0,229040228.0,0.0299437274119122,15.37,15.88,14.58,15.06,1.0,0.7206193590782224
605167,利柏特,2026-06-30,14.98,16.29,14.8,16.1,22497956.0,348784916.0,0.044121633536605,14.98,16.29,14.8,16.1,1.0,1.1527270281313085
605167,利柏特,2026-07-01,15.98,16.9,15.87,16.8,17836128.0,293776113.0,0.0349791378082515,15.98,16.9,15.87,16.8,1.0,0.8600585678515135
605167,利柏特,2026-07-02,16.49,17.91,16.49,17.5,17343772.0,303869382.0,0.0340135589351509,16.49,17.91,16.49,17.5,1.0,0.953226960804951
605167,利柏特,2026-07-03,17.5,18.15,17.31,17.6,10456605.0,184615758.0,0.0205068626610805,17.5,18.15,17.31,17.6,1.0,0.5756148387165603
605167,利柏特,2026-07-06,17.58,17.58,16.1,16.18,10916710.0,181987508.0,0.0214091928193562,17.58,17.58,16.1,16.18,1.0,0.6544555144572446
605167,利柏特,2026-07-07,16.18,16.52,15.8,16.16,8965463.0,144787160.0,0.0175825249623562,16.18,16.52,15.8,16.16,1.0,0.5670670583741259
605167,利柏特,2026-07-08,16.17,16.29,15.6,15.93,6626293.0,104637894.0,0.012995085929236,16.17,16.29,15.6,15.93,1.0,0.5056796933540082
605167,利柏特,2026-07-09,15.77,16.6,15.38,16.18,10382916.0,165748526.0,0.0203623482414737,15.77,16.6,15.38,16.18,1.0,0.9559139383617508
605167,利柏特,2026-07-10,15.78,16.42,15.78,16.05,9603184.0,154399139.0,0.0188331849005567,15.78,16.42,15.78,16.05,1.0,1.014106893287776
605167,利柏特,2026-07-13,15.67,16.0,14.95,15.0,7525433.0,115485667.0,0.0147584250333796,15.67,16.0,14.95,15.0,1.0,0.809280916828001
605167,利柏特,2026-07-14,15.0,15.45,14.85,15.2,4629374.0,70070173.0,0.0090788489021797,15.0,15.45,14.85,15.2,1.0,0.537009368357018
605167,利柏特,2026-07-15,15.23,15.23,14.7,14.83,4225459.0,62928517.0,0.0082867151807901,15.23,15.23,14.7,14.83,1.0,0.5449786159433748
605167,利柏特,2026-07-16,14.8,15.06,14.3,14.46,3711258.0,54317134.0,0.0072782952120536,14.8,15.06,14.3,14.46,1.0,0.5102596723576944
605167,利柏特,2026-07-17,14.4,14.5,13.3,13.76,9708267.0,134299398.0,0.0190392673383091,14.4,14.5,13.3,13.76,1.0,1.634679654031284
605167,利柏特,2026-07-20,13.73,13.99,13.2,13.32,6977299.0,94685593.0,0.0136834577129282,13.73,13.99,13.2,13.32,1.0,1.170695962263628
605167,利柏特,2026-07-21,13.3,13.46,11.99,13.4,14158362.0,179413240.0,0.0277665250853275,13.3,13.46,11.99,13.4,1.0,2.4200957231243345
605167,利柏特,2026-07-22,13.27,13.33,12.7,12.86,6519641.0,84734662.0,0.012785926463374,13.27,13.33,12.7,12.86,1.0,0.8405792374005125
605167,利柏特,2026-07-23,12.88,13.04,12.62,12.71,4870834.0,62186617.0,0.0095523856818653,12.88,13.04,12.62,12.71,1.0,0.5929220347051005
605167,利柏特,2026-07-24,12.65,12.82,12.22,12.25,4447814.0,55346887.0,0.0087227843874786,12.65,12.82,12.22,12.25,1.0,0.5265629065480102
605167,利柏特,2026-07-27,12.3,13.4,12.16,13.38,7590425.0,98482685.0,0.0148858834214577,12.3,13.4,12.16,13.38,1.0,1.0264557884672858
605167,利柏特,2026-07-28,13.14,13.65,13.1,13.15,5728070.0,76387196.0,0.0112335451901506,13.14,13.65,13.1,13.15,1.0,0.7619733442420474
605167,利柏特,2026-07-29,13.09,13.26,12.67,12.94,4689192.0,60579047.0,0.009196160353713,13.09,13.26,12.67,12.94,1.0,0.8041339538681632
605167,利柏特,2026-07-30,12.9,13.26,12.69,12.8,4948800.0,63945960.0,0.0097052878957515,12.9,13.26,12.69,12.8,1.0,0.9055001338452449
605167,利柏特,2026-07-31,12.9,13.45,12.9,13.09,5128555.0,67662110.0,0.0100578125533858,12.9,13.45,12.9,13.09,1.0,0.9357208198815214
605167,利柏特,2026-08-03,14.38,14.4,14.38,14.4,3359700.0,48370468.0,0.006588840879275,14.38,14.4,14.38,14.4,1.0,0.5981297802581175
605167,利柏特,2026-08-04,15.84,15.84,15.84,15.84,2275643.0,36046185.0,0.0044628537146281,15.84,15.84,15.84,15.84,1.0,0.47698766642532664
605167,利柏特,2026-08-05,17.25,17.25,14.88,15.87,34420978.0,531424190.0,0.0675043447185844,17.25,17.25,14.88,15.87,1.0,8.43573266986539
605167,利柏特,2026-08-06,15.04,15.24,14.8,14.87,22404303.0,336338650.0,0.0439379669250425,15.04,15.24,14.8,14.87,1.0,2.2344564360291477
605167,利柏特,2026-08-07,14.85,15.29,14.16,15.04,22331054.0,328858920.0,0.0437943154068813,14.85,15.29,14.16,15.04,1.0,1.651969614840269
605167,利柏特,2026-08-10,14.7,15.37,14.5,14.96,12324824.0,183693225.0,0.0241707010152902,14.7,15.37,14.5,14.96,1.0,0.7267708512620779
605167,利柏特,2026-08-11,15.7,15.88,14.9,15.13,13473277.0,204154505.0,0.0264229777287843,15.7,15.88,14.9,15.13,1.0,0.7185226411626113
605167,利柏特,2026-08-12,14.91,15.15,14.74,15.02,9011887.0,134579266.0,0.0176735689094287,14.91,15.15,14.74,15.02,1.0,0.4293237781774179
605167,利柏特,2026-08-13,14.87,14.88,14.28,14.3,11070645.0,161083162.0,0.0217110808512492,14.87,14.88,14.28,14.3,1.0,0.6958700725982143
605167,利柏特,2026-08-14,14.44,14.74,14.13,14.39,6579838.0,94970442.0,0.0129039811868344,14.44,14.74,14.13,14.39,1.0,0.4823101648255672
605167,利柏特,2026-08-17,14.34,14.64,14.05,14.6,7944202.0,114752143.0,0.0155796895231177,14.34,14.64,14.05,14.6,1.0,0.7571607582402378
605167,利柏特,2026-08-18,14.43,15.28,14.4,14.53,7314674.0,107543105.0,0.0143450972020628,14.43,15.28,14.4,14.53,1.0,0.7606798016358163
605167,利柏特,2026-08-19,14.48,15.16,14.31,14.73,10560196.0,155328341.0,0.0207100190784764,14.48,15.16,14.31,14.73,1.0,1.2595279252911518
605167,利柏特,2026-08-20,14.6,15.5,14.5,15.4,17797780.0,270765620.0,0.0349039320249856,14.6,15.5,14.5,15.4,1.0,2.0471546120037347
605167,利柏特,2026-08-21,15.25,15.38,14.35,14.63,11380062.0,166726383.0,0.0223178907980727,15.25,15.38,14.35,14.63,1.0,1.1335470526044646
605167,利柏特,2026-08-24,14.52,15.31,14.5,14.87,9880081.0,147870052.0,0.0193762185859895,14.52,15.31,14.5,14.87,1.0,0.8982395812245029
605167,利柏特,2026-08-25,14.51,14.84,14.08,14.5,7839500.0,113212101.0,0.0153743542795716,14.51,14.84,14.08,14.5,1.0,0.6884872133359065
605167,利柏特,2026-08-26,14.51,15.1,14.48,14.51,6263856.0,91868925.0,0.0122842963582142,14.51,15.1,14.48,14.51,1.0,0.5450848911786615
605167,利柏特,2026-08-27,14.3,14.89,14.3,14.81,7557482.0,110884882.0,0.0148212775979955,14.3,14.89,14.3,14.81,1.0,0.7108070142556201
605167,利柏特,2026-08-28,14.88,15.79,14.64,14.7,17680708.0,268800260.0,0.0346743374839795,14.88,15.79,14.64,14.7,1.0,2.0596812547224865
605167,利柏特,2026-08-31,14.3,14.61,14.16,14.34,10832071.0,155030801.0,0.0212432039205911,14.3,14.61,14.16,14.34,1.0,1.1003365451532108
605167,利柏特,2026-09-01,14.45,14.69,14.26,14.58,6424754.0,93178388.0,0.0125998398054844,14.45,14.69,14.26,14.58,1.0,0.6402522265835449
605167,利柏特,2026-09-02,14.45,15.65,14.45,15.34,19329394.0,295524908.0,0.0379076409675906,14.45,15.65,14.45,15.34,1.0,1.9821412599975912
605167,利柏特,2026-09-03,15.5,16.72,15.5,16.52,22582676.0,363575204.0,0.0442877812876817,15.5,16.72,15.5,16.52,1.0,1.8263559947657566
605167,利柏特,2026-09-04,16.58,16.59,15.97,16.05,11522034.0,186718124.0,0.0225963177163429,16.58,16.59,15.97,16.05,1.0,0.74964824476712
605167,利柏特,2026-09-07,16.15,16.45,15.9,16.34,10936477.0,177590297.0,0.0214479586668011,16.15,16.45,15.9,16.34,1.0,0.773541751021549
605167,利柏特,2026-09-08,16.3,16.55,16.11,16.48,5357128.0,88029232.0,,16.3,16.55,16.11,16.48,1.0,0.3783531782143555
605167,利柏特,2026-09-09,16.5,16.55,16.27,16.49,4719447.0,77534264.0,,16.5,16.55,16.27,16.49,1.0,0.3384197665235208
688112,鼎阳科技,2026-03-19,40.62,40.64,39.27,39.46,1376888.0,55398618.0,0.008627286286036,41.0,41.02,39.64,39.83,0.9907105197087624,1.0835476078091655
688112,鼎阳科技,2026-03-20,39.63,40.0,38.46,38.46,929682.0,36876629.0,0.0058251889543481,40.0,40.38,38.82,38.82,0.990726429675425,0.7717780609889975
688112,鼎阳科技,2026-03-23,38.09,38.14,35.44,35.66,2074051.0,76960604.0,0.0129955608218238,38.45,38.5,35.77,36.0,0.9905555555555554,1.7410486361813247
688112,鼎阳科技,2026-03-24,37.25,37.35,35.79,37.31,1659615.0,61055828.0,0.0103987933147792,37.6,37.7,36.13,37.66,0.9907063197026024,1.257617931305401
688112,鼎阳科技,2026-03-25,38.15,39.63,37.76,38.43,1941223.0,75848625.0,0.0121632889283934,38.51,40.0,38.12,38.79,0.9907192575406032,1.4069963390406417
688112,鼎阳科技,2026-03-26,37.95,38.87,37.45,37.75,1357549.0,52068565.0,0.0085061122402998,38.31,39.24,37.8,38.11,0.9905536604565732,0.8504391239747019
688112,鼎阳科技,2026-03-27,37.25,38.44,37.05,38.26,857500.0,32833847.0,0.0053729119509182,37.6,38.8,37.4,38.62,0.9906784049715174,0.5384872370675147
688112,鼎阳科技,2026-03-30,37.58,39.38,37.05,38.92,1554466.0,60368318.0,0.0097399521267592,37.93,39.75,37.4,39.29,0.9905828455077628,0.9850939259598744
688112,鼎阳科技,2026-03-31,38.62,39.28,37.87,37.92,1315825.0,51075790.0,0.0082446785630518,38.98,39.65,38.23,38.28,0.9905956112852664,0.8926472042790894
688112,鼎阳科技,2026-04-01,38.64,39.13,38.46,38.78,1024029.0,40083419.0,0.0064163471162528,39.0,39.5,38.82,39.15,0.9905491698595148,0.7286841376075329
688112,鼎阳科技,2026-04-02,38.79,39.85,38.34,39.1,1724397.0,68367133.0,0.0108047034978747,39.16,40.23,38.7,39.47,0.9906257917405624,1.4112725880528743
688112,鼎阳科技,2026-04-03,39.03,40.69,38.63,39.83,1449539.0,58079602.0,0.0090825019433493,39.4,41.07,38.99,40.21,0.9905496145237502,1.1191247915256701
688112,鼎阳科技,2026-04-07,40.39,40.82,39.26,40.44,1635769.0,66106310.0,0.0102493793691446,40.77,41.2,39.63,40.82,0.9906908378245958,1.1571234827940584
688112,鼎阳科技,2026-04-08,41.53,48.29,41.42,48.03,5801121.0,268892158.0,0.0363485858304638,41.92,48.74,41.81,48.48,0.9907178217821784,4.056978199634411
688112,鼎阳科技,2026-04-09,47.55,48.8,47.1,47.27,4859835.0,234792228.0,0.030450688689202,48.0,49.26,47.54,47.72,0.9905699916177704,2.08848111987644
688112,鼎阳科技,2026-04-10,47.65,47.81,45.97,46.08,3334746.0,157341268.0,0.020894806573384,48.1,48.26,46.4,46.51,0.9907546764136744,1.0777645505903075
688112,鼎阳科技,2026-04-13,46.08,50.03,45.6,49.03,5887402.0,285467972.0,0.036889204158204,46.51,50.5,46.03,49.49,0.9907051929682764,1.7233764279746924
688112,鼎阳科技,2026-04-14,50.41,52.51,48.05,48.4,5847142.0,290429010.0,0.0366369435924384,50.88,53.0,48.5,48.86,0.9905853458862056,1.3586078601792948
688112,鼎阳科技,2026-04-15,48.4,49.85,47.42,49.04,4408375.0,216650873.0,0.0276219367016083,48.86,50.32,47.87,49.5,0.9907070707070706,0.8566523227177851
688112,鼎阳科技,2026-04-16,49.2,51.2,48.34,49.96,4022163.0,202635006.0,0.025202014753634,49.66,51.68,48.8,50.43,0.990680150703946,0.8263303543913714
688112,鼎阳科技,2026-04-17,49.99,54.88,49.99,53.65,4978699.0,266077982.0,0.031195465139504,50.46,55.4,50.46,54.16,0.9905834564254062,1.0593054127885533
688112,鼎阳科技,2026-04-20,53.36,54.45,51.13,51.78,4640385.0,242269191.0,0.0290756618348241,53.86,54.96,51.61,52.27,0.9906255978572794,0.9227699286754049
688112,鼎阳科技,2026-04-21,51.57,53.35,51.12,52.72,3653777.0,193429044.0,0.0228937867163734,52.06,53.85,51.6,53.22,0.9906050357008644,0.7644920040219672
688112,鼎阳科技,2026-04-22,52.12,54.03,51.62,53.56,2874470.0,153379816.0,0.018010815411727,52.61,54.54,52.11,54.06,0.9907510173880874,0.6622165495828557
688112,鼎阳科技,2026-04-23,53.92,54.16,51.55,53.31,3891444.0,207385565.0,0.0243829574039989,54.43,54.67,52.04,53.81,0.990708046831444,0.9646855791226097
688112,鼎阳科技,2026-04-24,53.02,59.14,53.02,53.84,6764175.0,376887399.0,0.0423828766129473,53.52,59.7,53.52,54.35,0.9906163753449864,1.6877715828437616
688112,鼎阳科技,2026-04-27,55.13,62.41,54.09,61.1,7279014.0,431874020.0,0.0456087478851325,55.65,63.0,54.6,61.68,0.9905966277561608,1.6676434852220128
688112,鼎阳科技,2026-04-28,60.93,61.42,58.25,59.91,4192421.0,251949019.0,0.0262688150369453,61.5,62.0,58.8,60.47,0.9907392095253844,0.8568944049106237
688112,鼎阳科技,2026-04-29,59.7,63.4,58.53,61.01,4798361.0,298189451.0,0.0300655057279533,60.26,64.0,59.08,61.58,0.9907437479701202,0.9596137019487292
688112,鼎阳科技,2026-04-30,62.22,62.35,59.33,61.01,3487386.0,212007912.0,0.0218512162295801,62.81,62.94,59.89,61.58,0.9907437479701202,0.6476011604649362
688112,鼎阳科技,2026-05-06,61.42,62.27,58.94,60.87,4905386.0,299598448.0,0.0307361015315067,62.0,62.86,59.5,61.44,0.99072265625,0.924799209934846
688112,鼎阳科技,2026-05-07,60.69,63.11,59.76,62.58,3734170.0,233305489.0,0.023397512093015,61.26,63.7,60.32,63.17,0.9906601234763336,0.7570521447725963
688112,鼎阳科技,2026-05-08,61.96,62.41,59.83,61.45,3746222.0,230207758.0,0.0234730273522948,62.54,63.0,60.39,62.03,0.9906496856359828,0.8869852641316839
688112,鼎阳科技,2026-05-11,61.67,62.59,59.62,60.75,3322007.0,204274012.0,0.0208149867187569,62.25,63.18,60.18,61.32,0.9907045009784736,0.8035224783851216
688112,鼎阳科技,2026-05-12,60.71,61.33,56.37,56.7,6166839.0,359924506.0,0.0386400967492579,61.28,61.91,56.9,57.23,0.9907391228376726,1.6063516704279424
688112,鼎阳科技,2026-05-13,56.3,56.91,55.56,56.5,3445412.0,195307843.0,0.0215882161056992,56.83,57.45,56.08,57.03,0.9907066456251096,0.7875362794807353
688112,鼎阳科技,2026-05-14,57.1,63.84,56.12,61.72,6788820.0,408310596.0,0.0425372969220207,57.64,64.44,56.65,62.3,0.9906902086677368,1.662732400506499
688112,鼎阳科技,2026-05-15,62.1,70.11,61.42,67.21,7645488.0,508056428.0,0.0479049957385445,62.69,70.77,62.0,67.84,0.9907134433962262,1.628827446920019
688112,鼎阳科技,2026-05-18,62.44,72.32,62.44,70.2,7674374.0,535610660.0,0.0480859892482987,63.03,73.0,63.03,70.86,0.9906858594411516,1.4020416707254593
688112,鼎阳科技,2026-05-19,69.15,70.64,66.15,70.14,3945887.0,274205731.0,0.0247240856201433,69.8,71.31,66.77,70.8,0.990677966101695,0.621968937672798
688112,鼎阳科技,2026-05-20,69.15,74.89,68.24,74.84,4964240.0,362290145.0,0.0311048681320424,69.8,75.6,68.88,75.55,0.9906022501654534,0.8413971520863013
688112,鼎阳科技,2026-05-21,75.28,75.28,69.35,70.04,4401651.0,320066377.0,0.0275798055529693,75.99,75.99,70.0,70.7,0.9906647807637908,0.7095132182541245
688112,鼎阳科技,2026-05-22,71.18,76.08,70.04,72.34,3654622.0,269518802.0,0.0228990813059926,71.85,76.8,70.7,73.02,0.9906874828814024,0.6382138780733482
688112,鼎阳科技,2026-05-25,73.9,74.47,71.02,72.28,4180886.0,306152988.0,0.0261965391893023,74.6,75.17,71.69,72.96,0.9906798245614036,0.8483674254712941
688112,鼎阳科技,2026-05-26,72.12,72.97,66.55,68.33,3171879.0,220085862.0,0.0198743167183283,72.8,73.66,67.18,68.97,0.9907206031607946,0.7499494261343985
688112,鼎阳科技,2026-05-27,68.36,72.2,66.23,69.6,3826587.0,270387771.0,0.0239765772869135,69.0,72.88,66.85,70.26,0.9906063193851408,0.9391191245709207
688112,鼎阳科技,2026-05-28,69.21,75.78,68.29,74.36,4055166.0,301542845.0,0.0254088045065391,69.86,76.49,68.93,75.06,0.9906741273647748,1.054077005556097
688112,鼎阳科技,2026-05-29,75.51,79.07,68.17,68.36,5049136.0,369058355.0,0.0316368083454361,76.22,79.82,68.81,69.0,0.9907246376811594,1.336518232169384
688112,鼎阳科技,2026-06-01,67.73,69.84,64.05,64.05,5004007.0,335734329.0,0.0313540396650478,68.37,70.5,64.65,64.65,0.9907192575406032,1.2335072862118432
688112,鼎阳科技,2026-06-02,63.69,65.99,62.21,64.2,3690129.0,238056237.0,0.0231215605883731,64.29,66.61,62.8,64.8,0.9907407407407408,0.8741574683958113
688112,鼎阳科技,2026-06-03,63.87,77.03,63.31,72.7,7239082.0,528872197.0,0.0453585424973494,64.47,77.76,63.91,73.39,0.990598174138166,1.6737742499719654
688112,鼎阳科技,2026-06-04,72.2,74.07,69.23,71.08,7979697.0,573296516.0,0.0499990779895118,72.88,74.77,69.88,71.75,0.9906620209059234,1.5935478034565724
688112,鼎阳科技,2026-06-05,70.23,75.39,67.87,70.5,5165149.0,374658519.0,0.0323637210383363,70.89,76.1,68.51,71.16,0.990725126475548,0.8917098101926552
688112,鼎阳科技,2026-06-08,66.92,73.75,65.38,69.9,5321930.0,379135856.0,0.0333460773165601,67.55,74.44,66.0,70.56,0.9906462585034014,0.9151107859175219
688112,鼎阳科技,2026-06-09,70.54,71.32,67.87,70.04,4261312.0,300151108.0,0.0267004713368994,71.2,71.99,68.51,70.7,0.9906647807637908,0.7248118595235464
688112,鼎阳科技,2026-06-10,68.66,73.0,68.07,71.34,4826849.0,341967632.0,0.0302440054546679,68.66,73.0,68.07,71.34,1.0,0.8053561614259872
688112,鼎阳科技,2026-06-11,70.73,74.5,69.9,72.61,4291401.0,309857950.0,0.0268890025878512,70.73,74.5,69.9,72.61,1.0,0.7786991129756529
688112,鼎阳科技,2026-06-12,74.0,76.69,70.0,70.16,5585135.0,409951834.0,0.0349952636606317,74.0,76.69,70.0,70.16,1.0,1.170071439881297
688112,鼎阳科技,2026-06-15,70.56,74.66,70.0,73.47,4871951.0,354515958.0,0.0305266049588199,70.56,74.66,70.0,73.47,1.0,1.0030110397792167
688112,鼎阳科技,2026-06-16,75.5,80.23,71.23,79.96,6595675.0,502205600.0,0.0413270915823587,75.5,80.23,71.23,79.96,1.0,1.3835156268616293
688112,鼎阳科技,2026-06-17,77.76,79.95,75.0,77.32,6072142.0,467915306.0,0.0380467455620671,77.76,79.95,75.0,77.32,1.0,1.16008930644674
688112,鼎阳科技,2026-06-18,77.2,80.86,76.11,78.01,4949815.0,388404030.0,0.0310144841613228,77.2,80.86,76.11,78.01,1.0,0.9027137647729614
688112,鼎阳科技,2026-06-22,78.88,78.88,66.8,68.75,9349401.0,663755721.0,0.0585813508651043,78.88,78.88,66.8,68.75,1.0,1.6650925932719967
688112,鼎阳科技,2026-06-23,69.88,71.98,66.01,69.26,5714975.0,397549783.0,0.0358088133839055,69.88,71.98,66.01,69.26,1.0,0.8974807424759534
688112,鼎阳科技,2026-06-24,68.99,71.59,66.0,71.13,4830840.0,330207762.0,0.0302690122087158,68.99,71.59,66.0,71.13,1.0,0.7390671956264132
688112,鼎阳科技,2026-06-25,73.42,76.42,71.52,73.91,5617566.0,412882120.0,0.0351984693836407,73.42,76.42,71.52,73.91,1.0,0.9084863612853608
688112,鼎阳科技,2026-06-26,73.98,74.88,68.5,69.9,4355418.0,311323309.0,0.02729011944425,73.98,74.88,68.5,69.9,1.0,0.7148796276299095
688112,鼎阳科技,2026-06-29,69.79,74.3,67.33,70.3,4751956.0,334176579.0,0.0297747419039505,69.79,74.3,67.33,70.3,1.0,0.7954875084538071
688112,鼎阳科技,2026-06-30,70.5,75.34,69.22,73.46,3973063.0,288365512.0,0.0248943646349283,70.5,75.34,69.22,73.46,1.0,0.7860989907108038
688112,鼎阳科技,2026-07-01,74.0,80.06,72.18,79.47,6091327.0,472259938.0,0.0381669546766774,74.0,80.06,72.18,79.47,1.0,1.2944382773092584
688112,鼎阳科技,2026-07-02,76.02,84.85,74.3,80.3,7071060.0,571160767.0,0.0443057525127229,76.02,84.85,74.3,80.3,1.0,1.426230559680314
688112,鼎阳科技,2026-07-03,80.44,88.77,77.88,84.91,6788753.0,568848024.0,0.042536877114323,80.44,88.77,77.88,84.91,1.0,1.2934494016345193
688112,鼎阳科技,2026-07-06,87.55,91.17,76.88,77.37,8288313.0,701733935.0,0.0519327999657737,87.55,91.17,76.88,77.37,1.0,1.4451574564083007
688112,鼎阳科技,2026-07-07,75.93,79.19,72.5,74.13,5942565.0,450958738.0,0.0372348437406512,75.93,79.19,72.5,74.13,1.0,0.9224000075001902
688112,鼎阳科技,2026-07-08,74.64,76.5,66.15,71.98,6072975.0,432224659.0,0.038051964962248,74.64,76.5,66.15,71.98,1.0,0.8883289160985172
688112,鼎阳科技,2026-07-09,72.08,72.98,67.68,72.6,4227674.0,299471168.0,0.0264897028095467,72.08,72.98,67.68,72.6,1.0,0.6187383403174589
688112,鼎阳科技,2026-07-10,72.93,74.98,69.02,69.02,4550972.0,326711168.0,0.0285154190636668,72.93,74.98,69.02,69.02,1.0,0.7265216019780155
688112,鼎阳科技,2026-07-13,68.68,69.69,61.8,63.41,4590451.0,299163653.0,0.0287627860501511,68.68,69.69,61.8,63.41,1.0,0.7892119243260354
688112,鼎阳科技,2026-07-14,63.35,67.13,62.0,65.95,2850113.0,184681234.0,0.0178581996491748,63.35,67.13,62.0,65.95,1.0,0.5613854159112064
688112,鼎阳科技,2026-07-15,66.0,66.64,62.75,63.82,2222516.0,142813134.0,0.0139258108192501,66.0,66.64,62.75,63.82,1.0,0.4984966704699427
688112,鼎阳科技,2026-07-16,63.0,65.47,60.58,61.68,2525743.0,158760133.0,0.0158257664718928,63.0,65.47,60.58,61.68,1.0,0.6847902956588771
688112,鼎阳科技,2026-07-17,60.96,62.8,55.02,55.53,3856314.0,224431596.0,0.0241628403231408,60.96,62.8,55.02,55.53,1.0,1.151840270445367
688112,鼎阳科技,2026-07-20,56.53,57.0,48.21,49.51,4974232.0,256701006.0,0.0311674758710669,56.53,57.0,48.21,49.51,1.0,1.5500746425536909
688112,鼎阳科技,2026-07-21,50.0,53.3,45.0,53.04,4668083.0,233840419.0,0.0292492115901787,50.0,53.3,45.0,53.04,1.0,1.4206909426415055
688112,鼎阳科技,2026-07-22,52.99,54.16,50.95,51.37,3577388.0,187269515.0,0.0224151495490046,52.99,54.16,50.95,51.37,1.0,0.9802734581370807
688112,鼎阳科技,2026-07-23,51.72,52.75,49.3,50.29,2367328.0,119626795.0,0.0148331718984762,51.72,52.75,49.3,50.29,1.0,0.6038559802793219
688112,鼎阳科技,2026-07-24,50.0,50.62,48.21,48.8,1995672.0,98363628.0,0.012504454739257,50.0,50.62,48.21,48.8,1.0,0.5132018178970749
688112,鼎阳科技,2026-07-27,49.26,51.34,48.05,50.98,2402351.0,119003774.0,0.0150526185401753,49.26,51.34,48.05,50.98,1.0,0.6831574758442999
688112,鼎阳科技,2026-07-28,50.49,51.24,46.8,47.43,2093403.0,101570777.0,0.0131168163227849,50.49,51.24,46.8,47.43,1.0,0.6972979227919697
688112,鼎阳科技,2026-07-29,47.44,47.93,44.68,46.79,2710575.0,125267772.0,0.0169838843281168,47.44,47.93,44.68,46.79,1.0,1.0897973825001355
688112,鼎阳科技,2026-07-30,46.57,46.57,43.17,43.58,2764512.0,122582572.0,0.0173218420562762,46.57,46.57,43.17,43.58,1.0,1.194759004606058
688112,鼎阳科技,2026-07-31,45.87,49.35,45.66,45.7,3071833.0,144972883.0,0.0192474498389796,45.87,49.35,45.66,45.7,1.0,1.28351216432055
688112,鼎阳科技,2026-08-03,46.07,46.07,43.88,44.67,2301800.0,102720522.0,0.0144225874386281,46.07,46.07,43.88,44.67,1.0,0.8824110761336211
688112,鼎阳科技,2026-08-04,45.5,48.38,44.56,47.8,2082562.0,98133880.0,0.0130488889309949,45.5,48.38,44.56,47.8,1.0,0.8045673804830938
688112,鼎阳科技,2026-08-05,48.58,51.2,47.0,50.54,2462968.0,122883067.0,0.0154324317223664,48.58,51.2,47.0,50.54,1.0,0.95232939781222
688112,鼎阳科技,2026-08-06,49.9,52.46,49.9,51.48,2072369.0,106002349.0,0.0129850217688775,49.9,52.46,49.9,51.48,1.0,0.8169434331926669
688112,鼎阳科技,2026-08-07,51.71,53.35,50.6,52.7,2210370.0,115872048.0,0.0138497065760363,51.71,53.35,50.6,52.7,1.0,0.9216378691229778
688112,鼎阳科技,2026-08-10,52.69,53.11,50.0,50.81,3104050.0,158253881.0,0.0194493146836708,52.69,53.11,50.0,50.81,1.0,1.3944432869194254
688112,鼎阳科技,2026-08-11,50.8,50.9,49.12,50.11,2354779.0,117900858.0,0.0147545425432901,50.8,50.9,49.12,50.11,1.0,0.9867231172750244
688112,鼎阳科技,2026-08-12,50.61,53.2,50.0,51.58,2788854.0,145124292.0,0.0174743638320304,50.61,53.2,50.0,51.58,1.0,1.142548147672308
688112,鼎阳科技,2026-08-13,52.8,54.3,51.14,51.3,3446682.0,183375531.0,0.0215961736545944,52.8,54.3,51.14,51.3,1.0,1.3753255875979278
688112,鼎阳科技,2026-08-14,51.5,52.58,51.05,52.52,1754702.0,91035610.0,0.0109945881587173,51.5,52.58,51.05,52.52,1.0,0.6309728304782507
688112,鼎阳科技,2026-08-17,52.73,58.4,52.3,58.19,4053195.0,226440222.0,0.0253964546412851,52.73,58.4,52.3,58.19,1.0,1.506868469017219
688112,鼎阳科技,2026-08-18,61.95,69.83,61.06,69.83,5055085.0,331862557.0,0.0316740835095131,61.95,69.83,61.06,69.83,1.0,1.7554558163194152
688112,鼎阳科技,2026-08-19,69.0,71.0,65.65,67.84,10396662.0,715169273.0,0.0651432647340612,69.0,71.0,65.65,67.84,1.0,3.0402231351278513
688112,鼎阳科技,2026-08-20,69.3,73.5,66.02,70.5,7746526.0,545043356.0,0.0485380782781327,69.3,73.5,66.02,70.5,1.0,1.56772115773102
688112,鼎阳科技,2026-08-21,70.49,73.25,68.85,71.11,5471980.0,388097205.0,0.0342862585856391,70.49,73.25,68.85,71.11,1.0,0.9432441442630999
688112,鼎阳科技,2026-08-24,70.9,71.5,66.0,68.21,4308748.0,294874501.0,0.0269976951868163,70.9,71.5,66.0,68.21,1.0,0.658357884535884
688112,鼎阳科技,2026-08-25,68.16,69.85,65.13,68.95,3481409.0,236024007.0,0.0218137656234802,68.16,69.85,65.13,68.95,1.0,0.527822082906635
688112,鼎阳科技,2026-08-26,70.3,70.66,65.5,66.3,2959469.0,197573843.0,0.0185434010011335,70.3,70.66,65.5,66.3,1.0,0.47117312111879117
688112,鼎阳科技,2026-08-27,66.71,69.88,64.99,69.68,4030679.0,274616804.0,0.0252553741917378,66.71,69.88,64.99,69.68,1.0,0.8408412887579223
688112,鼎阳科技,2026-08-28,68.65,72.28,68.46,69.55,3007489.0,211247497.0,0.018844284070385,68.65,72.28,68.46,69.55,1.0,0.7425060925223993
688112,鼎阳科技,2026-08-31,66.73,71.7,66.73,71.2,2948666.0,205621364.0,0.0184757117092318,66.73,71.7,66.73,71.2,1.0,0.8288453306801282
688112,鼎阳科技,2026-09-01,71.69,71.74,68.0,68.59,2682075.0,185489809.0,0.0168053094119638,71.69,71.74,68.0,68.59,1.0,0.8163264001706385
688112,鼎阳科技,2026-09-02,68.0,68.99,66.36,66.5,2298672.0,154786170.0,0.014402988058357,68.0,68.99,66.36,66.5,1.0,0.735416048933549
688112,鼎阳科技,2026-09-03,67.74,67.74,65.02,66.18,2494228.0,165043783.0,0.0156283002093468,67.74,67.74,65.02,66.18,1.0,0.8332101225976328
688112,鼎阳科技,2026-09-04,67.0,69.49,63.89,64.61,2676212.0,176130267.0,0.0167685731055286,67.0,69.49,63.89,64.61,1.0,0.9962720932639324
688112,鼎阳科技,2026-09-07,65.97,69.93,65.83,69.57,3506448.0,240271988.0,0.021970654652447,65.97,69.93,65.83,69.57,1.0,1.3383539494679826
688112,鼎阳科技,2026-09-08,69.17,71.6,68.11,69.82,3961819.0,277921075.0,,69.17,71.6,68.11,69.82,1.0,1.4504044807171959
688112,鼎阳科技,2026-09-09,71.5,74.3,70.51,71.13,4639667.0,335087928.0,,71.5,74.3,70.51,71.13,1.0,1.5530391911459167
688485,九州一轨,2026-03-19,25.81,25.81,23.8,24.35,4168374.0,102111341.0,0.046963372689720354,25.81,25.81,23.8,24.35,1.0,1.0539827948195426
688485,九州一轨,2026-03-20,24.13,26.12,24.13,24.61,4198894.0,106549834.0,0.04730722910339395,24.13,26.12,24.13,24.61,1.0,1.089468792326957
688485,九州一轨,2026-03-23,24.5,24.5,22.3,22.92,4435693.0,103598806.0,0.04997514702284002,24.5,24.5,22.3,22.92,1.0,1.0836286482775805
688485,九州一轨,2026-03-24,22.94,25.82,22.94,25.82,7802498.0,194659645.0,0.0879075681512258,22.94,25.82,22.94,25.82,1.0,1.8408639966735385
688485,九州一轨,2026-03-25,25.89,27.08,25.6,26.25,3838200.0,100857808.0,0.04324343666323719,25.89,27.08,25.6,26.25,1.0,0.7519416244728847
688485,九州一轨,2026-03-26,26.34,26.86,25.84,26.15,4296664.0,113561062.0,0.048408763885991184,26.34,26.86,25.84,26.15,1.0,0.8788913312855494
688485,九州一轨,2026-03-27,26.14,29.2,25.5,28.73,6815775.0,191750491.0,0.07679056185799997,26.14,29.2,25.5,28.73,1.0,1.3869015844042327
688485,九州一轨,2026-03-30,26.78,30.17,22.98,26.82,18032007.0,442563281.0,0.2031592810733025,26.78,30.17,22.98,26.82,1.0,3.316068951845298
688485,九州一轨,2026-03-31,26.31,26.32,24.07,24.7,8507298.0,210318353.0,0.09584826278940244,26.31,26.32,24.07,24.7,1.0,1.0429407825555306
688485,九州一轨,2026-04-01,24.33,25.8,24.01,24.82,6634269.0,164373321.0,0.07474560765681255,24.33,25.8,24.01,24.82,1.0,0.7995032483051797
688485,九州一轨,2026-04-02,24.5,26.68,24.47,26.08,7872743.0,202438570.0,0.08869898996572455,24.5,26.68,24.47,26.08,1.0,0.8888520851944834
688485,九州一轨,2026-04-03,27.81,31.3,26.15,31.3,21129336.0,628378188.0,0.23805562582779882,27.81,31.3,26.15,31.3,1.0,2.2073142979207847
688485,九州一轨,2026-04-07,31.2,34.37,29.68,33.51,19155320.0,616315436.0,0.2158151912834247,31.2,34.37,29.68,33.51,1.0,1.5404196880730792
688485,九州一轨,2026-04-08,34.18,40.21,34.18,40.21,14629940.0,559292275.0,0.16482957734796527,34.18,40.21,34.18,40.21,1.0,1.155622352504147
688485,九州一轨,2026-04-09,41.25,43.99,38.71,39.7,25909340.0,1063783024.0,0.29190998470019225,41.25,43.99,38.71,39.7,1.0,1.8660861327210976
688485,九州一轨,2026-04-10,38.9,41.6,38.0,40.5,18625272.0,738479136.0,0.20984335627835055,38.9,41.6,38.0,40.5,1.0,1.0499419036872846
688485,九州一轨,2026-04-13,40.49,44.37,38.8,44.3,15103306.0,639567527.0,0.17016279933731704,40.49,44.37,38.8,44.3,1.0,0.7593477265299086
688485,九州一轨,2026-04-14,44.31,45.98,42.05,42.81,13673024.0,599474870.0,0.1540483943877135,44.31,45.98,42.05,42.81,1.0,0.7317790024227178
688485,九州一轨,2026-04-15,41.56,43.66,41.1,42.01,10064318.0,422580998.0,0.11339057318317909,41.56,43.66,41.1,42.01,1.0,0.5722206652419065
688485,九州一轨,2026-04-16,42.13,43.79,40.64,43.32,11968571.0,507498497.0,0.13484501641080648,42.13,43.79,40.64,43.32,1.0,0.7177531440381715
688485,九州一轨,2026-04-17,44.03,49.58,43.15,43.5,15145298.0,701290857.0,0.17063590610412507,44.03,49.58,43.15,43.5,1.0,1.090617773809273
688485,九州一轨,2026-04-20,44.36,46.34,41.0,43.14,14168088.0,605947557.0,0.15962607890864752,44.36,46.34,41.0,43.14,1.0,1.0740801877148156
688485,九州一轨,2026-04-21,42.8,47.56,41.2,45.68,14439807.0,648360317.0,0.16268742625029156,42.8,47.56,41.2,45.68,1.0,1.1104246909829034
688485,九州一轨,2026-04-22,44.8,49.69,43.8,47.55,14066232.0,663703532.0,0.1584785088276797,44.8,49.69,43.8,47.55,1.0,1.0690887473736466
688485,九州一轨,2026-04-23,46.98,48.59,44.1,44.75,12239856.0,563809183.0,0.13790147405115516,46.98,48.59,44.1,44.75,1.0,0.8769313278461242
688485,九州一轨,2026-04-24,43.94,46.8,43.41,44.63,10590650.0,478476357.0,0.11932054152923582,43.94,46.8,43.41,44.63,1.0,0.7558349050142265
688485,九州一轨,2026-04-27,44.32,49.6,43.06,48.0,13508696.0,637216501.0,0.1521969777184424,44.32,49.6,43.06,48.0,1.0,1.0311252335388246
688485,九州一轨,2026-04-28,48.5,50.0,47.2,48.3,15389429.0,751406710.0,0.17338643068232132,48.5,50.0,47.2,48.3,1.0,1.186627481267284
688485,九州一轨,2026-04-29,48.0,55.58,47.47,54.2,15203050.0,807094564.0,0.17128657437419315,48.0,55.58,47.47,54.2,1.0,1.1553371575528624
688485,九州一轨,2026-04-30,54.3,56.91,52.58,55.2,12694268.0,691870872.0,0.14302114903969534,54.3,56.91,52.58,55.2,1.0,0.9483004020173945
688485,九州一轨,2026-05-06,56.65,57.59,52.02,56.1,13240302.0,714409380.0,0.1491730917980128,56.65,57.59,52.02,56.1,1.0,0.9824209573924993
688485,九州一轨,2026-05-07,55.09,61.68,53.0,59.96,14114558.0,813454492.0,0.15902297819357714,55.09,61.68,53.0,59.96,1.0,1.0076681557396154
688485,九州一轨,2026-05-08,58.49,64.71,58.49,63.99,10990011.0,674738040.0,0.1238199793149862,58.49,64.71,58.49,63.99,1.0,0.7778709649116561
688485,九州一轨,2026-05-11,65.27,67.0,61.87,63.42,10777577.0,690061359.0,0.12142657193024384,65.27,67.0,61.87,63.42,1.0,0.8134979506791359
688485,九州一轨,2026-05-12,63.42,63.87,60.18,60.39,8216904.0,504596489.0,0.09257651182635097,63.42,63.87,60.18,60.39,1.0,0.6646182886842452
688485,九州一轨,2026-05-13,59.89,60.58,57.11,59.3,8992992.0,529844009.0,0.10132037933536521,59.89,60.58,57.11,59.3,1.0,0.7841902364016949
688485,九州一轨,2026-05-14,60.71,62.88,58.58,59.21,7692485.0,467224987.0,0.0866680964724095,60.71,62.88,58.58,59.21,1.0,0.7244480255628517
688485,九州一轨,2026-05-15,58.83,60.66,53.58,56.18,11059998.0,622985468.0,0.12460849434853057,58.83,60.66,53.58,56.18,1.0,1.1849159359844441
688485,九州一轨,2026-05-18,55.5,57.53,53.72,54.39,7893064.0,435558472.0,0.08892793839895721,55.5,57.53,53.72,54.39,1.0,0.844359374236467
688485,九州一轨,2026-05-19,54.99,57.86,52.62,55.55,9220307.0,511993703.0,0.10388144488825557,54.99,57.86,52.62,55.55,1.0,1.0512158091756136
688485,九州一轨,2026-05-20,54.63,60.0,52.0,59.8,10787958.0,605559333.0,0.12154353043058282,54.63,60.0,52.0,59.8,1.0,1.2024337407163797
688485,九州一轨,2026-05-21,61.0,61.0,54.66,54.86,10194468.0,589281255.0,0.11485692024214432,61.0,61.0,54.66,54.86,1.0,1.0925653835103548
688485,九州一轨,2026-05-22,55.0,58.91,54.0,56.05,7688390.0,436805646.0,0.0866219597747033,55.0,58.91,54.0,56.05,1.0,0.7820430938000291
688485,九州一轨,2026-05-25,56.5,56.97,50.13,55.19,10042093.0,534754455.0,0.11314017315716679,56.5,56.97,50.13,55.19,1.0,1.0966770033505235
688485,九州一轨,2026-05-26,55.0,59.4,52.88,58.76,8853170.0,505858591.0,0.09974506179038914,55.0,59.4,52.88,58.76,1.0,0.9234900908797775
688485,九州一轨,2026-05-27,58.0,59.96,53.94,54.21,8091992.0,455479158.0,0.09116917918071545,58.0,59.96,53.94,54.21,1.0,0.8506053231757866
688485,九州一轨,2026-05-28,53.25,56.86,53.09,55.89,6023424.0,331572332.0,0.06786346574952394,53.25,56.86,53.09,55.89,1.0,0.6712066894059304
688485,九州一轨,2026-05-29,56.0,61.19,52.9,53.31,8559110.0,484317413.0,0.0964320074979626,56.0,61.19,52.9,53.31,1.0,1.051511767996462
688485,九州一轨,2026-06-01,52.92,53.55,50.0,50.65,5891008.0,303306015.0,0.06637158859116868,52.92,53.55,50.0,50.65,1.0,0.7085684269410172
688485,九州一轨,2026-06-02,50.35,54.69,49.0,52.73,5870312.0,303645241.0,0.06613841518561858,50.35,54.69,49.0,52.73,1.0,0.7844087812341123
688485,九州一轨,2026-06-03,54.0,57.5,51.6,54.98,8931143.0,486948087.0,0.10062355183440524,54.0,57.5,51.6,54.98,1.0,1.2967799600451226
688485,九州一轨,2026-06-04,53.7,55.7,50.5,52.6,7042804.0,372700961.0,0.07934840516533624,53.7,55.7,50.5,52.6,1.0,0.9982713818515704
688485,九州一轨,2026-06-05,51.85,54.39,50.1,52.2,5096905.0,264741158.0,0.05742475341202568,51.85,54.39,50.1,52.2,1.0,0.70216179768012
688485,九州一轨,2026-06-08,50.0,51.0,46.47,46.64,6527390.0,315757191.0,0.07354144547997703,50.0,51.0,46.47,46.64,1.0,0.9940539419688712
688485,九州一轨,2026-06-09,48.0,48.5,45.88,47.36,5276475.0,249462936.0,0.05944789548946237,48.0,48.5,45.88,47.36,1.0,0.7882735238576486
688485,九州一轨,2026-06-10,47.35,56.83,44.78,56.83,12975838.0,675421279.0,0.14619348358746972,47.35,56.83,44.78,56.83,1.0,1.973528471743194
688485,九州一轨,2026-06-11,55.82,55.88,51.6,52.41,10388671.0,552595919.0,0.11704492637270308,55.82,55.88,51.6,52.41,1.0,1.406938848321853
688485,九州一轨,2026-06-12,52.7,54.6,48.73,48.8,6801698.0,351528742.0,0.07663196203050052,52.7,54.6,48.73,48.8,1.0,0.8446108122087023
688485,九州一轨,2026-06-15,49.28,51.88,48.01,51.13,5855038.0,295193097.0,0.06596632924648194,49.28,51.88,48.01,51.13,1.0,0.6975253699826867
688485,九州一轨,2026-06-16,50.96,52.5,50.05,52.14,5658466.0,290742297.0,0.06375163255746993,50.96,52.5,50.05,52.14,1.0,0.685082130442068
688485,九州一轨,2026-06-17,51.5,56.99,51.5,56.58,8204979.0,455099968.0,0.09244215770665709,51.5,56.99,51.5,56.58,1.0,0.9842893344438016
688485,九州一轨,2026-06-18,57.88,67.9,56.71,67.9,13117050.0,835967303.0,0.14778446169650236,57.88,67.9,56.71,67.9,1.0,1.7769517729784714
688485,九州一轨,2026-06-22,71.47,73.0,67.99,72.27,11873496.0,835060346.0,0.13377384509593043,71.47,73.0,67.99,72.27,1.0,1.49777061873974
688485,九州一轨,2026-06-23,72.87,74.0,69.0,69.99,9816471.0,698343424.0,0.11059818194596546,72.87,74.0,69.0,69.99,1.0,1.0978175124313256
688485,九州一轨,2026-06-24,70.0,71.0,66.81,70.2,6967131.0,478789212.0,0.07849582828486697,70.0,71.0,66.81,70.2,1.0,0.7157453118073956
688485,九州一轨,2026-06-25,70.2,71.96,66.83,67.06,7318236.0,503055760.0,0.08245158536621913,70.2,71.96,66.83,67.06,1.0,0.7321292346703054
688485,九州一轨,2026-06-26,65.8,65.99,62.0,62.91,5843507.0,373103937.0,0.06583641416436954,65.8,65.99,62.0,62.91,1.0,0.5951541281841191
688485,九州一轨,2026-06-29,62.21,63.22,58.0,61.15,5410980.0,326791991.0,0.06096330856027387,62.21,63.22,58.0,61.15,1.0,0.6469548020233272
688485,九州一轨,2026-06-30,61.0,64.5,59.62,64.06,5310072.0,332302494.0,0.05982641920932449,61.0,64.5,59.62,64.06,1.0,0.750936642877901
688485,九州一轨,2026-07-01,65.27,68.88,63.31,65.01,6334970.0,416707313.0,0.07137352768446348,65.27,68.88,63.31,65.01,1.0,1.0267399020665398
688485,九州一轨,2026-07-02,63.39,66.98,61.0,61.62,5241777.0,335395068.0,0.05905696725087631,63.39,66.98,61.0,61.62,1.0,0.8673336694490807
688485,九州一轨,2026-07-03,61.62,64.36,60.2,60.66,3751626.0,231441805.0,0.04226804265414879,61.62,64.36,60.2,60.66,1.0,0.6665692772041212
688485,九州一轨,2026-07-06,60.73,64.96,60.5,61.46,4726608.0,294457718.0,0.053252767880764475,60.73,64.96,60.5,61.46,1.0,0.907238451520523
688485,九州一轨,2026-07-07,61.71,61.99,55.01,56.98,6543664.0,378866993.0,0.07372479801196012,61.71,61.99,55.01,56.98,1.0,1.2898975610261885
688485,九州一轨,2026-07-08,56.9,56.99,50.49,50.51,6203011.0,329160888.0,0.06988679935903902,56.9,56.99,50.49,50.51,1.0,1.1660389091248822
688485,九州一轨,2026-07-09,51.52,52.68,48.5,52.36,5629639.0,286046502.0,0.06342685048548537,51.52,52.68,48.5,52.36,1.0,1.0635330392327924
688485,九州一轨,2026-07-10,53.0,55.24,51.95,52.13,4778441.0,255439631.0,0.053836749187774424,53.0,55.24,51.95,52.13,1.0,0.889689336793157
688485,九州一轨,2026-07-13,50.98,52.91,49.17,49.22,4415531.0,222855736.0,0.04974798997786993,50.98,52.91,49.17,49.22,1.0,0.7918427445602283
688485,九州一轨,2026-07-14,49.13,53.5,48.7,52.22,4290168.0,219341571.0,0.048335576098860654,49.13,53.5,48.7,52.22,1.0,0.7780419833149355
688485,九州一轨,2026-07-15,52.98,58.88,51.48,55.98,6955075.0,387892530.0,0.07835999824151019,52.98,58.88,51.48,55.98,1.0,1.3736091739908574
688485,九州一轨,2026-07-16,55.1,57.44,52.58,52.99,4436888.0,243627097.0,0.049988610601291526,55.1,57.44,52.58,52.99,1.0,0.8509940636439178
688485,九州一轨,2026-07-17,53.58,53.58,47.06,47.22,5075671.0,253541077.0,0.0571855185795242,53.58,53.58,47.06,47.22,1.0,1.0201901399105802
688485,九州一轨,2026-07-20,48.99,49.94,41.02,44.8,5464554.0,242907139.0,0.03635956501814447,48.99,49.94,41.02,44.8,1.0,1.0853854751772443
688485,九州一轨,2026-07-21,44.0,49.55,39.89,49.48,5206808.0,232635285.0,0.03464459753037389,44.0,49.55,39.89,49.48,1.0,0.9928184942649699
688485,九州一轨,2026-07-22,48.54,48.99,44.5,44.53,4075557.0,190369507.0,0.027117579902523396,48.54,48.99,44.5,44.53,1.0,0.7508673128512197
688485,九州一轨,2026-07-23,44.78,53.0,42.12,50.2,5801473.0,285005701.0,0.038601326795290096,44.78,53.0,42.12,50.2,1.0,1.1957126612534699
688485,九州一轨,2026-07-24,49.19,50.2,47.68,48.28,3177602.0,154844971.0,0.021142846519731695,49.19,50.2,47.68,48.28,1.0,0.6200425748250775
688485,九州一轨,2026-07-27,47.8,52.0,47.72,50.83,3812667.0,191246810.0,0.025368385723525438,47.8,52.0,47.72,50.83,1.0,0.8034788763750004
688485,九州一轨,2026-07-28,50.0,52.5,48.0,49.19,3374984.0,168813997.0,0.022456169375066528,50.0,52.5,48.0,49.19,1.0,0.7644667120622365
688485,九州一轨,2026-07-29,50.94,54.5,47.97,52.54,4770760.0,244974031.0,0.031743259999985896,50.94,54.5,47.97,52.54,1.0,1.1784145098653152
688485,九州一轨,2026-07-30,51.94,52.75,48.28,49.0,3705590.0,186687441.0,0.024655926272406856,51.94,52.75,48.28,49.0,1.0,0.8849176066314742
688485,九州一轨,2026-07-31,52.99,57.82,50.08,51.0,5526862.0,298066582.0,0.03677414446546086,52.99,57.82,50.08,51.0,1.0,1.4666644870927383
688485,九州一轨,2026-08-03,51.05,51.89,46.68,46.72,4805203.0,232965239.0,0.031972433780301714,51.05,51.89,46.68,46.72,1.0,1.1337912476712253
688485,九州一轨,2026-08-04,47.0,53.19,47.0,51.89,6610498.0,335245815.0,0.04398434562698328,47.0,53.19,47.0,51.89,1.0,1.4899650860537648
688485,九州一轨,2026-08-05,50.0,55.45,50.0,54.0,5476104.0,291036190.0,0.036436415384333475,50.0,55.45,50.0,54.0,1.0,1.0771711599154536
688485,九州一轨,2026-08-06,53.0,56.7,52.13,54.97,5962239.0,329292349.0,0.0396710173555274,53.0,56.7,52.13,54.97,1.0,1.141130827184865
688485,九州一轨,2026-08-07,54.97,62.09,53.56,61.78,8228931.0,483126858.0,0.0547529316618199,54.97,62.09,53.56,61.78,1.0,1.449730146035507
688485,九州一轨,2026-08-10,61.78,64.44,60.15,62.5,6528104.0,406072980.0,0.043436119733322974,61.78,64.44,60.15,62.5,1.0,1.0501092639941962
688485,九州一轨,2026-08-11,61.99,65.62,58.0,64.5,6537178.0,404000773.0,0.043496495510188686,61.99,65.62,58.0,64.5,1.0,0.9963425454635016
688485,九州一轨,2026-08-12,62.76,68.49,62.76,66.01,6463707.0,428147416.0,0.043007640682978986,62.76,68.49,62.76,66.01,1.0,0.9873514002389547
688485,九州一轨,2026-08-13,65.78,66.1,59.66,60.08,10127162.0,632466161.0,0.06738321282730154,65.78,66.1,59.66,60.08,1.0,1.5016480201057179
688485,九州一轨,2026-08-14,60.7,72.1,60.13,72.1,18415258.0,1278614815.0,0.12252981132163854,60.7,72.1,60.13,72.1,1.0,2.4304102073739737
688485,九州一轨,2026-08-17,71.2,80.5,71.2,80.12,14831560.0,1132639853.0,0.09868491923412429,71.2,80.5,71.2,80.12,1.0,1.5426591718998708
688485,九州一轨,2026-08-18,82.0,92.88,81.72,89.99,14568184.0,1263312276.0,0.09693249135140618,82.0,92.88,81.72,89.99,1.0,1.2920814976674446
688485,九州一轨,2026-08-19,87.4,89.88,83.98,86.0,16143738.0,1403746251.0,0.10741577289690789,87.4,89.88,83.98,86.0,1.0,1.2532815525466616
688485,九州一轨,2026-08-20,86.48,88.51,82.1,84.59,9261688.0,782599873.0,0.06162459864314058,86.48,88.51,82.1,84.59,1.0,0.6250641316346529
688485,九州一轨,2026-08-21,82.96,85.0,81.5,83.12,5855619.0,486666879.0,0.038961598650499585,82.96,85.0,81.5,83.12,1.0,0.39986238539878516
688485,九州一轨,2026-08-24,84.54,86.0,78.67,81.35,6378381.0,516196033.0,0.042439906107615985,84.54,86.0,78.67,81.35,1.0,0.5257416780385101
688485,九州一轨,2026-08-25,80.85,88.39,78.5,85.65,7882479.0,661419432.0,0.05244774005429508,80.85,88.39,78.5,85.65,1.0,0.7549166682788199
688485,九州一轨,2026-08-26,86.38,88.25,82.23,87.15,6384638.0,545528314.0,0.04248153837958521,86.38,88.25,82.23,87.15,1.0,0.7012709595523298
688485,九州一轨,2026-08-27,87.6,89.78,85.1,89.76,5486707.0,482629889.0,0.03650696468586611,87.6,89.78,85.1,89.76,1.0,0.7670968482477815
688485,九州一轨,2026-08-28,88.87,89.65,82.91,83.0,7600401.0,650555560.0,0.05057087446175301,88.87,89.65,82.91,83.0,1.0,1.1880146958417679
688485,九州一轨,2026-08-31,83.0,96.6,81.17,88.9,8701625.0,779653731.0,0.05789810109864618,83.0,96.6,81.17,88.9,1.0,1.2897943609811824
688485,九州一轨,2026-09-01,88.53,91.2,86.7,90.09,6445051.0,576169120.0,0.04288350904387751,88.53,91.2,86.7,90.09,1.0,0.8937594038138055
688485,九州一轨,2026-09-02,91.88,92.61,85.0,88.6,5932244.0,525729961.0,0.03947143928333354,91.88,92.61,85.0,88.6,1.0,0.8568045071494015
688485,九州一轨,2026-09-03,89.69,100.95,89.0,99.83,10729320.0,1053387880.0,0.0713897983514259,89.69,100.95,89.0,99.83,1.0,1.570173741003783
688485,九州一轨,2026-09-04,100.0,102.0,94.02,95.47,8469933.0,824419558.0,0.05635648940660618,100.0,102.0,94.02,95.47,1.0,1.0746289119688244
688485,九州一轨,2026-09-07,96.0,102.63,93.29,101.45,8377438.0,831764843.0,0.05574105437451513,96.0,102.63,93.29,101.45,1.0,1.039947616293321
688485,九州一轨,2026-09-08,103.0,104.0,94.01,97.0,8057022.0,778143599.0,0.053609098795916445,103.0,104.0,94.01,97.0,1.0,1.008287633679403
688485,九州一轨,2026-09-09,97.0,104.98,96.08,97.31,7228234.0,726110183.0,0.04809458266664809,97.0,104.98,96.08,97.31,1.0,0.8694896643423847
000059,华锦股份,2026-03-19,5.86,5.93,5.66,5.72,39240956.0,227922185.0,0.024534598830289474,5.86,5.93,5.66,5.72,1.0,0.6696839437069336
000059,华锦股份,2026-03-20,5.68,5.74,5.57,5.57,30423300.0,171624411.0,0.01902154118247134,5.68,5.74,5.57,5.57,1.0,0.6057362399429175
000059,华锦股份,2026-03-23,5.44,5.5,5.22,5.26,52012435.0,277966634.0,0.03251970280518923,5.44,5.5,5.22,5.26,1.0,1.3531590778791796
000059,华锦股份,2026-03-24,5.35,5.41,5.16,5.35,37024441.0,195462659.0,0.02314876851753361,5.35,5.41,5.16,5.35,1.0,0.9453116796217557
000059,华锦股份,2026-03-25,5.33,5.41,5.25,5.34,32326152.0,172787921.0,0.020211260170291463,5.33,5.41,5.25,5.34,1.0,0.8151538028574298
000059,华锦股份,2026-03-26,5.34,5.46,5.33,5.36,28741909.0,154828033.0,0.017970286119728746,5.34,5.46,5.33,5.36,1.0,0.7522985302979024
000059,华锦股份,2026-03-27,5.33,5.61,5.3,5.52,44819010.0,245947459.0,0.028022162108403584,5.33,5.61,5.3,5.52,1.0,1.2413296319954645
000059,华锦股份,2026-03-30,5.48,5.57,5.31,5.42,37470822.0,203056597.0,0.023427859036135232,5.48,5.57,5.31,5.42,1.0,0.9611651768984547
000059,华锦股份,2026-03-31,5.41,5.49,5.34,5.35,25652000.0,138417115.0,0.016038384212519838,5.41,5.49,5.34,5.35,1.0,0.7110452401619329
000059,华锦股份,2026-04-01,5.39,5.5,5.36,5.41,28770124.0,156249808.0,0.01798792696685787,5.39,5.5,5.36,5.41,1.0,0.8511372763250018
000059,华锦股份,2026-04-02,5.43,5.5,5.3,5.33,25677900.0,138477981.0,0.016054577653620113,5.43,5.5,5.3,5.33,1.0,0.7759836858449937
000059,华锦股份,2026-04-03,5.32,5.33,5.11,5.13,26557941.0,137126424.0,0.01660480514780264,5.32,5.33,5.11,5.13,1.0,0.8177216746839162
000059,华锦股份,2026-04-07,5.13,5.36,5.06,5.35,28804946.0,152174337.0,0.018009698704541027,5.13,5.36,5.06,5.35,1.0,0.9992780276434298
000059,华锦股份,2026-04-08,5.32,5.45,5.26,5.43,31100953.0,167048124.0,0.01944522975165763,5.32,5.45,5.26,5.43,1.0,1.1479508586671374
000059,华锦股份,2026-04-09,5.41,5.48,5.28,5.32,26895131.0,144203892.0,0.016815626244505413,5.41,5.48,5.28,5.32,1.0,0.9543245769568416
000059,华锦股份,2026-04-10,5.33,5.42,5.29,5.32,18171738.0,97118195.0,0.01136150459431026,5.33,5.42,5.29,5.32,1.0,0.6534862971707699
000059,华锦股份,2026-04-13,5.3,5.39,5.23,5.37,24832543.0,132197732.0,0.01552603561546546,5.3,5.39,5.23,5.37,1.0,0.943982709011323
000059,华锦股份,2026-04-14,5.38,5.38,5.24,5.32,25823456.0,136402734.0,0.01614558354214489,5.38,5.38,5.24,5.32,1.0,0.9946995158002434
000059,华锦股份,2026-04-15,5.32,5.32,5.24,5.27,18677494.0,98489019.0,0.011677718107712225,5.32,5.32,5.24,5.27,1.0,0.736355909036994
000059,华锦股份,2026-04-16,5.26,5.33,5.23,5.28,18740590.0,99055286.0,0.011717167581058285,5.26,5.33,5.23,5.28,1.0,0.8190791389278996
000059,华锦股份,2026-04-17,5.3,5.31,5.2,5.24,22863101.0,119888844.0,0.014294682602824205,5.3,5.31,5.2,5.24,1.0,1.0759529544225557
000059,华锦股份,2026-04-20,5.25,5.39,5.23,5.29,25055306.0,132682294.0,0.01566531358920371,5.25,5.39,5.23,5.29,1.0,1.1292564448003295
000059,华锦股份,2026-04-21,5.28,5.33,5.2,5.29,17983200.0,94925945.0,0.011243625096311662,5.28,5.33,5.2,5.29,1.0,0.8088884749108418
000059,华锦股份,2026-04-22,5.28,5.33,5.22,5.24,19606811.0,102964857.0,0.012258754405124759,5.28,5.33,5.22,5.24,1.0,0.9488419298505258
000059,华锦股份,2026-04-23,5.23,5.34,5.14,5.29,29660857.0,156551081.0,0.018544839413636695,5.23,5.34,5.14,5.29,1.0,1.4225966063868922
000059,华锦股份,2026-04-24,5.28,5.46,5.26,5.44,33491813.0,180033156.0,0.020940065681735016,5.28,5.46,5.26,5.44,1.0,1.4540255202613719
000059,华锦股份,2026-04-27,5.46,5.5,5.37,5.49,26381740.0,144019654.0,0.016494639104740492,5.46,5.5,5.37,5.49,1.0,1.0485756024061021
000059,华锦股份,2026-04-28,5.5,5.6,5.4,5.53,45922853.0,252370520.0,0.028712317189656528,5.5,5.6,5.4,5.53,1.0,1.8062168007829118
000059,华锦股份,2026-04-29,5.51,5.64,5.49,5.61,37565512.0,209996351.0,0.023487062006706087,5.51,5.64,5.49,5.61,1.0,1.2112899858415946
000059,华锦股份,2026-04-30,5.61,5.75,5.59,5.69,35669000.0,202894180.0,0.022301306973193907,5.61,5.75,5.59,5.69,1.0,1.0307602568505794
000059,华锦股份,2026-05-06,5.69,5.69,5.41,5.48,57047336.0,312368070.0,0.035667670866548984,5.69,5.69,5.41,5.48,1.0,1.5932258136552704
000059,华锦股份,2026-05-07,5.45,5.45,5.16,5.2,51745850.0,271553160.0,0.032353026029292825,5.45,5.45,5.16,5.2,1.0,1.2771301412022928
000059,华锦股份,2026-05-08,5.2,5.24,5.15,5.2,30009881.0,155769430.0,0.01876305947489471,5.2,5.24,5.15,5.2,1.0,0.6582541886463787
000059,华锦股份,2026-05-11,5.2,5.23,5.16,5.17,28027306.0,145505827.0,0.017523495324725656,5.2,5.23,5.16,5.17,1.0,0.660904216417223
000059,华锦股份,2026-05-12,5.17,5.23,5.07,5.14,41136295.0,211302837.0,0.025719620469731745,5.17,5.23,5.07,5.14,1.0,1.0157141326062278
000059,华锦股份,2026-05-13,5.14,5.2,5.08,5.1,24762411.0,126402226.0,0.015482187028158723,5.14,5.2,5.08,5.1,1.0,0.5953456685664646
000059,华锦股份,2026-05-14,5.1,5.15,5.07,5.08,22493242.0,114724709.0,0.01406343588730657,5.1,5.15,5.07,5.08,1.0,0.6401701627015391
000059,华锦股份,2026-05-15,5.09,5.11,4.99,5.0,25958173.0,130530612.0,0.016229812569353606,5.09,5.11,4.99,5.0,1.0,0.8863732275684071
000059,华锦股份,2026-05-18,5.02,5.03,4.89,4.97,31639500.0,155934406.0,0.01978194516185956,5.02,5.03,4.89,4.97,1.0,1.1111136317978272
000059,华锦股份,2026-05-19,4.97,5.0,4.84,4.91,23646117.0,115952203.0,0.01478424721581931,4.97,5.0,4.84,4.91,1.0,0.8098560992907845
000059,华锦股份,2026-05-20,4.87,4.98,4.85,4.86,19863431.0,97180606.0,0.012419200770188567,4.87,4.98,4.85,4.86,1.0,0.7728994980935442
000059,华锦股份,2026-05-21,4.84,4.86,4.73,4.75,24939224.0,119760655.0,0.01559273571160517,4.84,4.86,4.73,4.75,1.0,1.008864505628915
000059,华锦股份,2026-05-22,4.74,4.76,4.62,4.71,19643940.0,92149997.0,0.012281968547001674,4.74,4.76,4.62,4.71,1.0,0.7792341941892927
000059,华锦股份,2026-05-25,4.71,4.73,4.55,4.58,24836557.0,114723633.0,0.01552854528622131,4.71,4.73,4.55,4.58,1.0,1.037171058027392
000059,华锦股份,2026-05-26,4.57,4.59,4.51,4.57,23671504.0,107627514.0,0.01480011991424451,4.57,4.59,4.51,4.57,1.0,1.0480677068758852
000059,华锦股份,2026-05-27,4.56,4.62,4.45,4.52,22465586.0,101723003.0,0.014046144543404283,4.56,4.62,4.45,4.52,1.0,0.9944515257520682
000059,华锦股份,2026-05-28,4.52,4.59,4.45,4.5,17634700.0,79575946.0,0.011025732655251972,4.52,4.59,4.45,4.5,1.0,0.7630316139478789
000059,华锦股份,2026-05-29,4.48,4.51,4.41,4.43,20137138.0,89635833.0,0.012590330429772856,4.48,4.51,4.41,4.43,1.0,0.9301021972866034
000059,华锦股份,2026-06-01,4.4,4.58,4.39,4.56,27868000.0,125451321.0,0.017423892532141855,4.4,4.58,4.39,4.56,1.0,1.2813405540469105
000059,华锦股份,2026-06-02,4.57,4.83,4.56,4.79,48775077.0,231736269.0,0.030495611450227642,4.57,4.83,4.56,4.79,1.0,2.181804325486562
000059,华锦股份,2026-06-03,4.75,4.96,4.66,4.86,51907683.0,252208434.0,0.032454208776535334,4.75,4.96,4.66,4.86,1.0,1.8960948645271252
000059,华锦股份,2026-06-04,4.86,4.89,4.56,4.6,32930799.0,154234568.0,0.02058930324291533,4.86,4.89,4.56,4.6,1.0,0.9899676711399132
000059,华锦股份,2026-06-05,4.61,4.73,4.58,4.63,24475999.0,114087322.0,0.015303113829223895,4.61,4.73,4.58,4.63,1.0,0.6738292754076967
000059,华锦股份,2026-06-08,4.64,4.66,4.4,4.44,26299801.0,118356539.0,0.01644340843407194,4.64,4.66,4.4,4.44,1.0,0.7071452562309943
000059,华锦股份,2026-06-09,4.43,4.44,4.14,4.26,31390444.0,133993570.0,0.019626228031872292,4.43,4.44,4.14,4.26,1.0,0.8511999870881921
000059,华锦股份,2026-06-10,4.24,4.29,4.17,4.24,19921101.0,83955491.0,0.01245525774888559,4.24,4.29,4.17,4.24,1.0,0.5964232712791613
000059,华锦股份,2026-06-11,4.27,4.31,4.16,4.23,16882100.0,71287474.0,0.010555185019264819,4.27,4.31,4.16,4.23,1.0,0.625178938913573
000059,华锦股份,2026-06-12,4.23,4.33,4.12,4.28,22865734.0,96850507.0,0.014296328831797836,4.23,4.33,4.12,4.28,1.0,0.9609918748465205
000059,华锦股份,2026-06-15,4.28,4.38,4.22,4.25,20587500.0,88249047.0,0.012871909986560586,4.28,4.38,4.22,4.25,1.0,0.8771150241506459
000059,华锦股份,2026-06-16,4.24,4.47,4.16,4.36,31390138.0,136800160.0,0.01962603671168014,4.24,4.47,4.16,4.36,1.0,1.4057776751645694
000059,华锦股份,2026-06-17,4.31,4.32,4.06,4.13,45446327.0,188102538.0,0.028414379131210588,4.31,4.32,4.06,4.13,1.0,2.0352763984972473
000059,华锦股份,2026-06-18,4.09,4.11,3.99,4.02,26146167.0,105446417.0,0.01634735194256616,4.09,4.11,3.99,4.02,1.0,0.9530445467147368
000059,华锦股份,2026-06-22,3.98,4.11,3.9,4.11,27389749.0,109689346.0,0.017124875953004874,3.98,4.11,3.9,4.11,1.0,0.9352131328263529
000059,华锦股份,2026-06-23,4.1,4.19,4.03,4.05,26808834.0,110072720.0,0.01676167082417219,4.1,4.19,4.03,4.05,1.0,0.8879456522624047
000059,华锦股份,2026-06-24,4.03,4.09,3.96,3.99,20388409.0,81617091.0,0.012747432442850357,4.03,4.09,3.96,3.99,1.0,0.648563793071583
000059,华锦股份,2026-06-25,3.99,4.0,3.85,3.95,23685199.0,92861429.0,0.0148086824306873,3.99,4.0,3.85,3.95,1.0,0.8101410002221515
000059,华锦股份,2026-06-26,3.95,3.96,3.81,3.83,22543880.0,87157046.0,0.01409509625296046,3.95,3.96,3.81,3.83,1.0,0.9059708053694133
000059,华锦股份,2026-06-29,3.82,3.85,3.69,3.82,25594699.0,96969554.0,0.016002557943466292,3.82,3.85,3.69,3.82,1.0,1.0592423171913943
000059,华锦股份,2026-06-30,3.8,3.81,3.69,3.75,25537150.0,95338442.0,0.015966576617524986,3.8,3.81,3.69,3.75,1.0,1.0727999888355857
000059,华锦股份,2026-07-01,3.74,4.13,3.7,4.06,50585805.0,199796611.0,0.03162773180608167,3.74,4.13,3.7,4.06,1.0,2.1480292920884985
000059,华锦股份,2026-07-02,4.04,4.23,3.97,4.15,53105064.0,219093066.0,0.03320284656410633,4.04,4.23,3.97,4.15,1.0,1.794735947295301
000059,华锦股份,2026-07-03,4.15,4.38,4.03,4.07,48791632.0,203920591.0,0.030505962122714708,4.15,4.38,4.03,4.07,1.0,1.3754458999095196
000059,华锦股份,2026-07-06,4.07,4.32,4.04,4.27,49374500.0,208846164.0,0.030870388324538464,4.07,4.32,4.04,4.27,1.0,1.212451381742004
000059,华锦股份,2026-07-07,4.27,4.27,4.11,4.12,31077100.0,129517144.0,0.019430316155110722,4.27,4.27,4.11,4.12,1.0,0.6833311205089
000059,华锦股份,2026-07-08,4.12,4.18,4.03,4.05,25499100.0,103880012.0,0.015942786639383463,4.12,4.18,4.03,4.05,1.0,0.547345792018662
000059,华锦股份,2026-07-09,4.04,4.14,3.97,4.02,26425301.0,106719199.0,0.016521874722028873,4.04,4.14,3.97,4.02,1.0,0.635689970347283
000059,华锦股份,2026-07-10,4.01,4.12,3.91,4.06,28342560.0,114250267.0,0.017720601389614697,4.01,4.12,3.91,4.06,1.0,0.7822191947498701
000059,华锦股份,2026-07-13,4.39,4.39,4.16,4.27,72387936.0,311076492.0,0.04525906478712367,4.39,4.39,4.16,4.27,1.0,2.2520092125513744
000059,华锦股份,2026-07-14,4.29,4.49,4.27,4.42,54192227.0,237817303.0,0.033882572819198944,4.29,4.49,4.27,4.42,1.0,1.4747629124174817
000059,华锦股份,2026-07-15,4.38,4.51,4.32,4.44,40518732.0,180385409.0,0.025333501934356868,4.38,4.51,4.32,4.44,1.0,0.9794366780753501
000059,华锦股份,2026-07-16,4.45,4.48,4.31,4.38,34244297.0,150143324.0,0.021410540791113382,4.45,4.48,4.31,4.38,1.0,0.7717311420914271
000059,华锦股份,2026-07-17,4.38,4.49,4.37,4.41,36328471.0,161120065.0,0.022713627621681925,4.38,4.49,4.37,4.41,1.0,0.790829876987755
000059,华锦股份,2026-07-20,4.41,4.56,4.4,4.51,41409225.0,185833403.0,0.025890264326083025,4.41,4.56,4.4,4.51,1.0,0.8711435027069255
000059,华锦股份,2026-07-21,4.45,4.5,4.37,4.39,33958621.0,150138522.0,0.021231927761006728,4.45,4.5,4.37,4.39,1.0,0.8214750592947165
000059,华锦股份,2026-07-22,4.39,4.56,4.38,4.53,40386264.0,181076751.0,0.025250679048037513,4.39,4.56,4.38,4.53,1.0,1.0829777339238333
000059,华锦股份,2026-07-23,4.56,4.64,4.51,4.63,29116598.0,133816790.0,0.0182045526931813,4.56,4.64,4.51,4.63,1.0,0.7813311292641312
000059,华锦股份,2026-07-24,4.62,4.66,4.49,4.5,26536603.0,120496770.0,0.0165914640031618,4.62,4.66,4.49,4.5,1.0,0.732249537399946
000059,华锦股份,2026-07-27,4.45,4.58,4.37,4.55,24243380.0,109198953.0,0.015157673594656135,4.45,4.58,4.37,4.55,1.0,0.7071862879874475
000059,华锦股份,2026-07-28,4.54,4.57,4.46,4.56,21087088.0,95294651.0,0.013184267085109018,4.54,4.57,4.46,4.56,1.0,0.6835738970478924
000059,华锦股份,2026-07-29,4.56,4.66,4.54,4.62,27444792.0,126775276.0,0.01715929045410458,4.56,4.66,4.54,4.62,1.0,0.9706728799256062
000059,华锦股份,2026-07-30,4.58,4.69,4.56,4.66,21678100.0,100543258.0,0.013553785155053262,4.58,4.69,4.56,4.66,1.0,0.8439756978789927
000059,华锦股份,2026-07-31,4.6,4.66,4.59,4.63,21213400.0,97987452.0,0.013263241059327472,4.6,4.66,4.59,4.63,1.0,0.8766594961269638
000059,华锦股份,2026-08-03,4.61,4.69,4.57,4.63,24521789.0,113764597.0,0.015331743082813917,4.61,4.69,4.57,4.63,1.0,1.060018842059724
000059,华锦股份,2026-08-04,4.63,4.64,4.53,4.55,19325352.0,88379439.0,0.012082777967339337,4.63,4.64,4.53,4.55,1.0,0.8333832347943707
000059,华锦股份,2026-08-05,4.53,4.56,4.48,4.53,16925700.0,76578188.0,0.01058244502049926,4.53,4.56,4.48,4.53,1.0,0.7411626868847077
000059,华锦股份,2026-08-06,4.52,4.6,4.51,4.58,20090712.0,91605031.0,0.012561303530293265,4.52,4.6,4.51,4.58,1.0,0.9690271411651573
000059,华锦股份,2026-08-07,4.57,4.61,4.53,4.59,16827900.0,76898286.0,0.010521297586537602,4.57,4.61,4.53,4.59,1.0,0.8242751916781842
000059,华锦股份,2026-08-10,4.57,4.7,4.56,4.66,21786960.0,101528555.0,0.013621847626025307,4.57,4.7,4.56,4.66,1.0,1.1150903856450982
000059,华锦股份,2026-08-11,4.68,4.7,4.62,4.64,15614982.0,72669462.0,0.009762945609994599,4.68,4.7,4.62,4.64,1.0,0.8222165733272068
000059,华锦股份,2026-08-12,4.63,4.69,4.6,4.67,19440752.0,90494647.0,0.012154929438496548,4.63,4.69,4.6,4.67,1.0,1.0652904172920896
000059,华锦股份,2026-08-13,4.66,4.67,4.54,4.56,19183852.0,87951297.0,0.011994308009204627,4.66,4.67,4.54,4.56,1.0,1.0230154004040857
000059,华锦股份,2026-08-14,4.55,4.6,4.52,4.57,13182102.0,60180589.0,0.008241837541112825,4.55,4.6,4.52,4.57,1.0,0.7098261078419444
000059,华锦股份,2026-08-17,4.56,4.61,4.5,4.6,15998480.0,73218154.0,0.010002719829109401,4.56,4.61,4.5,4.6,1.0,0.8966888501661856
000059,华锦股份,2026-08-18,4.61,4.66,4.58,4.61,18189979.0,83942478.0,0.011372909403542311,4.61,4.66,4.58,4.61,1.0,1.0902626688548505
000059,华锦股份,2026-08-19,4.6,5.07,4.58,5.07,82289595.0,403313485.0,0.05144987296517431,4.6,5.07,4.58,5.07,1.0,4.784547770796184
000059,华锦股份,2026-08-20,4.9,5.11,4.78,4.87,105893631.0,520862289.0,0.06620780990319668,4.9,5.11,4.78,4.87,1.0,3.5572016778801063
000059,华锦股份,2026-08-21,4.87,4.88,4.67,4.71,68802745.0,325766286.0,0.04301749801910292,4.87,4.88,4.67,4.71,1.0,1.4604465900605539
000059,华锦股份,2026-08-24,4.71,4.8,4.58,4.66,48330072.0,224992892.0,0.030217381247261307,4.71,4.8,4.58,4.66,1.0,0.829916143392124
000059,华锦股份,2026-08-25,4.65,4.83,4.62,4.76,49527357.0,235794937.0,0.030965959012811236,4.65,4.83,4.62,4.76,1.0,0.7654781307285835
000059,华锦股份,2026-08-26,4.65,4.81,4.63,4.8,34064140.0,161913243.0,0.02129790134059978,4.65,4.81,4.63,4.8,1.0,0.47998835542664736
000059,华锦股份,2026-08-27,4.77,5.12,4.75,5.06,53415158.0,263444053.0,0.03339672644536304,4.77,5.12,4.75,5.06,1.0,0.8710377013321905
000059,华锦股份,2026-08-28,5.15,5.57,5.15,5.57,98089558.0,539433634.0,0.06132847413224111,5.15,5.57,5.15,5.57,1.0,1.9298371328952788
000059,华锦股份,2026-08-31,5.67,6.12,5.57,5.78,188181939.0,1098897257.0,0.11765687819815107,5.67,6.12,5.57,5.78,1.0,3.319768648133676
000059,华锦股份,2026-09-01,5.86,6.18,5.76,6.01,150813758.0,900898799.0,0.09429319333143565,5.86,6.18,5.76,6.01,1.0,1.7814970757101585
000059,华锦股份,2026-09-02,6.2,6.25,5.85,5.88,117881341.0,703796791.0,0.0737028784673736,6.2,6.25,5.85,5.88,1.0,1.1236113870622135
000059,华锦股份,2026-09-03,5.85,6.22,5.82,5.84,107998023.0,648253155.0,0.06752353762149362,5.85,6.22,5.82,5.84,1.0,0.8875843357392996
000059,华锦股份,2026-09-04,5.78,5.97,5.69,5.75,87098613.0,505626950.0,0.054456612337111146,5.78,5.97,5.69,5.75,1.0,0.6568873398657191
000059,华锦股份,2026-09-07,5.75,5.76,5.57,5.59,52911638.0,297207675.0,0.03308191094486842,5.75,5.76,5.57,5.59,1.0,0.4057804794124249
000059,华锦股份,2026-09-08,5.59,6.15,5.58,6.15,88482464.0,521373765.0,0.055321836648310266,5.59,6.15,5.58,6.15,1.0,0.8562210798651009
000059,华锦股份,2026-09-09,6.15,6.15,5.87,5.96,80940797.0,481332650.0,0.05060656481964654,6.15,6.15,5.87,5.96,1.0,0.8906884989295304
000988,华工科技,2026-03-19,113.05,122.31,113.05,119.79,124060235.0,14849466686.0,0.1234447816602023,113.24,122.51,113.24,119.99,0.9983331944328696,0.8821546736271245
000988,华工科技,2026-03-20,122.89,125.55,115.81,115.89,146654161.0,17808423998.0,0.1459266209209192,123.09,125.76,116.0,116.08,0.9983631977946243,1.187647211133218
000988,华工科技,2026-03-23,111.12,117.89,111.12,113.15,95536247.0,10955313748.0,0.0950622989836361,111.3,118.08,111.3,113.34,0.9983236280218812,0.7910477129276327
000988,华工科技,2026-03-24,113.35,114.96,105.38,111.82,116869724.0,12862573675.0,0.1162899422354641,113.54,115.15,105.55,112.0,0.9983928571428572,1.011386987821001
000988,华工科技,2026-03-25,113.47,118.25,113.31,115.55,103475355.0,11968326898.0,0.1029620216758974,113.66,118.44,113.5,115.74,0.9983583894936928,0.8896814044581893
000988,华工科技,2026-03-26,106.0,109.45,104.43,105.18,138712095.0,14813860874.0,0.1380239549030698,106.17,109.63,104.6,105.35,0.9983863312766968,1.1823483346167327
000988,华工科技,2026-03-27,103.01,111.06,103.01,109.32,98008151.0,10598647402.0,0.0975219400569017,103.18,111.24,103.18,109.5,0.9983561643835616,0.8150398765345886
000988,华工科技,2026-03-30,108.82,110.32,105.4,106.77,59360359.0,6361153264.0,0.0590658767978815,109.0,110.5,105.57,106.95,0.9983169705469844,0.5370990783211163
000988,华工科技,2026-03-31,105.63,106.47,101.94,103.33,58170384.0,6069808841.0,0.0578818051728672,105.8,106.65,102.11,103.5,0.9983574879227052,0.5632018875343155
000988,华工科技,2026-04-01,106.43,106.62,103.02,104.57,51706384.0,5419923283.0,0.0514498725826094,106.61,106.8,103.19,104.74,0.9983769333587932,0.5648176544542518
000988,华工科技,2026-04-02,103.88,105.23,99.71,100.17,59441756.0,6052846908.0,0.0591468699935883,104.05,105.4,99.87,100.34,0.9983057604145904,0.7321181970502111
000988,华工科技,2026-04-03,102.23,105.67,101.49,103.37,68514590.0,7132630457.0,0.0681746943578519,102.4,105.84,101.66,103.54,0.998358122464748,1.0486273232380567
000988,华工科技,2026-04-07,104.71,108.32,103.09,104.03,57104235.0,6020707756.0,0.0568209452565351,104.88,108.5,103.26,104.2,0.9983685220729368,0.9607249180738232
000988,华工科技,2026-04-08,107.82,110.28,105.94,110.23,91563231.0,9947471319.0,0.0911089928122227,108.0,110.46,106.11,110.41,0.9983697128883254,1.5522488303100603
000988,华工科技,2026-04-09,108.03,117.66,107.59,114.74,111230878.0,12664832660.0,0.1106790701193061,108.21,117.85,107.77,114.93,0.9983468198033584,1.6938874242319155
000988,华工科技,2026-04-10,116.81,117.49,113.71,115.73,100429803.0,11621090186.0,0.0999315784264968,117.0,117.68,113.9,115.92,0.99836093857833,1.2946833645353109
000988,华工科技,2026-04-13,114.67,124.99,114.67,124.95,111746110.0,13451654272.0,0.1111917460927504,114.86,125.2,114.86,125.16,0.9983221476510068,1.3028798246850102
000988,华工科技,2026-04-14,119.8,124.14,117.81,120.43,141224435.0,17012737637.0,0.1405238313764312,120.0,124.34,118.0,120.63,0.9983420376357458,1.4957862339017567
000988,华工科技,2026-04-15,120.19,120.19,110.42,112.12,134789233.0,15472057250.0,0.1341205539214973,120.39,120.39,110.6,112.3,0.9983971504897596,1.211709603571256
000988,华工科技,2026-04-16,109.72,113.61,107.67,112.14,80253292.0,8907485303.0,0.0798551615548081,109.9,113.8,107.85,112.32,0.998397435897436,0.6694240311206996
000988,华工科技,2026-04-17,112.81,117.39,112.6,116.49,95400783.0,11075499101.0,0.0949275070101821,113.0,117.58,112.79,116.68,0.9983716146726088,0.8391413414730243
000988,华工科技,2026-04-20,114.99,118.01,113.51,114.79,92799711.0,10751370615.0,0.0923393387294879,115.18,118.2,113.7,114.98,0.998347538702383,0.8235483606399717
000988,华工科技,2026-04-21,112.81,116.89,112.37,116.09,69662361.0,7999112332.0,0.0693167713536831,113.0,117.08,112.56,116.28,0.9983660130718954,0.6397293400020196
000988,华工科技,2026-04-22,115.29,121.13,115.04,120.75,105952174.0,12675264449.0,0.1054265533662238,115.48,121.33,115.23,120.95,0.9983464241422076,1.1202259318766896
000988,华工科技,2026-04-23,121.73,123.3,115.81,117.46,100627972.0,11974918343.0,0.1001287643252405,121.93,123.5,116.0,117.65,0.9983850403739906,1.1330235376101057
000988,华工科技,2026-04-24,114.81,117.16,112.84,115.13,69397026.0,7975591681.0,0.0690527526603297,115.0,117.35,113.03,115.32,0.998352410683316,0.7470994917630377
000988,华工科技,2026-04-27,115.91,121.05,115.81,118.59,90173686.0,10739392372.0,0.0897263412387187,116.1,121.25,116.0,118.79,0.998316356595673,1.0283487077630304
000988,华工科技,2026-04-28,118.31,119.05,114.19,115.4,65553798.0,7635978964.0,0.0652285906205724,118.5,119.25,114.38,115.59,0.9983562591919716,0.7520859297294514
000988,华工科技,2026-04-29,114.2,120.3,114.2,118.84,83280637.0,9870030169.0,0.0828674881277434,114.39,120.5,114.39,119.04,0.9983198924731184,0.9645556961516764
000988,华工科技,2026-04-30,118.91,120.77,114.81,119.33,92020793.0,10868659755.0,0.0915642848821274,119.11,120.97,115.0,119.53,0.9983267798878942,1.1248574837285976
000988,华工科技,2026-05-06,122.81,129.23,121.46,124.98,108885994.0,13650478456.0,0.1083458189095329,123.01,129.44,121.66,125.19,0.9983225497244188,1.3596271260548205
000988,华工科技,2026-05-07,125.58,134.3,123.6,133.28,106679141.0,13847031202.0,0.106149913938523,125.79,134.52,123.8,133.5,0.9983520599250936,1.2124974518935832
000988,华工科技,2026-05-08,130.57,136.67,129.07,136.47,105704852.0,14026678243.0,0.1051804583117547,130.79,136.9,129.28,136.69,0.9983905186919306,1.1579769502965844
000988,华工科技,2026-05-11,139.75,148.54,139.7,147.32,105384736.0,15301697344.0,0.1048619303827537,139.98,148.78,139.93,147.56,0.9983735429655732,1.061123661090626
000988,华工科技,2026-05-12,146.74,150.25,143.76,143.92,99043120.0,14464324795.0,0.0985517746548297,146.98,150.5,144.0,144.16,0.9983351831298556,0.9547695711937172
000988,华工科技,2026-05-13,139.77,143.38,136.57,141.87,97617673.0,13639583875.0,0.0971333991884025,140.0,143.62,136.8,142.1,0.998381421534131,0.9284579944529087
000988,华工科技,2026-05-14,143.64,145.96,137.12,137.17,90553443.0,12872865366.0,0.0901042142932792,143.88,146.2,137.35,137.4,0.9983260553129548,0.8801345872214542
000988,华工科技,2026-05-15,137.87,142.74,130.05,133.76,88667163.0,12078422227.0,0.0882272919841282,138.1,142.98,130.26,133.98,0.9983579638752051,0.8896897708736027
000988,华工科技,2026-05-18,137.3,147.14,136.8,147.14,67680539.0,9779315770.0,0.0673447810210887,137.53,147.38,137.03,147.38,0.9983715565205592,0.703150856438299
000988,华工科技,2026-05-19,150.81,159.43,147.04,158.14,142273311.0,21806295984.0,0.1415675039827956,151.06,159.69,147.28,158.4,0.9983585858585856,1.603759236438362
000988,华工科技,2026-05-20,158.15,170.6,158.15,163.15,130642619.0,21573382999.0,0.1299945109564882,158.41,170.88,158.41,163.42,0.998347815444866,1.3418727544791507
000988,华工科技,2026-05-21,163.74,165.53,152.74,153.71,121181854.0,19322031698.0,0.1205806800882532,164.01,165.8,152.99,153.96,0.998376201610808,1.1656201751356474
000988,华工科技,2026-05-22,155.29,158.88,153.35,156.05,90811175.0,14169395950.0,0.0903606677045342,155.55,159.14,153.6,156.31,0.9983366387307274,0.8248879980823387
000988,华工科技,2026-05-25,156.74,171.66,155.24,171.66,109061811.0,17898491776.0,0.1085207636948394,157.0,171.94,155.5,171.94,0.998371524950564,0.9868248618072724
000988,华工科技,2026-05-26,171.66,175.51,165.69,170.04,111606179.0,19018159065.0,0.1110525092797418,171.94,175.8,165.96,170.32,0.9983560356975104,0.9394921824183369
000988,华工科技,2026-05-27,166.68,170.71,158.74,159.62,107028921.0,17594636620.0,0.1064979587066882,166.95,170.99,159.0,159.88,0.9983737803352516,0.950010915782511
000988,华工科技,2026-05-28,157.75,166.83,155.45,165.36,81595556.0,13287162036.0,0.0811907666857378,158.01,167.1,155.71,165.63,0.9983698605325124,0.7559484618149451
000988,华工科技,2026-05-29,166.07,166.07,150.03,151.67,105753234.0,16580104668.0,0.1052286002923522,166.34,166.34,150.28,151.92,0.9983543970510796,1.0573131758956476
000988,华工科技,2026-06-01,154.65,154.67,142.35,142.83,85015892.0,12563483270.0,0.0845941346603715,154.9,154.92,142.58,143.07,0.9983224994757812,0.8253237706375885
000988,华工科技,2026-06-02,144.56,151.11,140.99,149.0,77533040.0,11402516967.0,0.077148404516981,144.8,151.36,141.22,149.25,0.998324958123953,0.7895425094099124
000988,华工科技,2026-06-03,153.73,160.42,150.45,154.14,101486014.0,15917615250.0,0.1009825496444871,153.98,160.68,150.7,154.39,0.9983807241401644,1.1105285230653534
000988,华工科技,2026-06-04,149.76,160.83,149.76,158.1,76405397.0,11919691502.0,0.0760263556676809,150.01,161.09,150.01,158.36,0.9983581712553674,0.8463463668083956
000988,华工科技,2026-06-05,156.04,165.6,155.6,156.94,92174142.0,14874960217.0,0.0917168731294639,156.3,165.87,155.86,157.2,0.998346055979644,1.0328940929600159
000988,华工科技,2026-06-08,145.76,154.53,145.76,148.61,68750999.0,10296122701.0,0.0684099305508794,146.0,154.78,146.0,148.85,0.9983876385623112,0.7945989025309682
000988,华工科技,2026-06-09,152.37,155.53,148.77,155.27,64927925.0,9936018965.0,0.0646058225286691,152.62,155.79,149.02,155.53,0.9983282967916158,0.7797284571375297
000988,华工科技,2026-06-10,152.55,152.88,146.77,148.75,52402339.0,7870619671.0,0.0521423750030693,152.8,153.13,147.01,149.0,0.9983221476510068,0.6489542518249729
000988,华工科技,2026-06-11,147.77,152.25,146.89,150.25,49133785.0,7371418282.0,0.0488900360495393,148.01,152.5,147.13,150.5,0.9983388704318936,0.692686994487764
000988,华工科技,2026-06-12,155.01,155.58,151.01,151.01,62781325.0,9597729331.0,0.0624698716471333,155.01,155.58,151.01,151.01,1.0,0.9588179285944047
000988,华工科技,2026-06-15,152.98,160.99,147.01,160.98,76912614.0,12015771018.0,0.0765310564029273,152.98,160.99,147.01,160.98,1.0,1.2904958074774957
000988,华工科技,2026-06-16,161.0,166.66,159.08,164.0,77630263.0,12580328073.0,0.077245145201112,161.0,166.66,159.08,164.0,1.0,1.267813776591712
000988,华工科技,2026-06-17,161.65,172.8,161.0,170.51,77190322.0,12974799619.0,0.0768073867147737,161.65,172.8,161.0,170.51,1.0,1.2104096324608287
000988,华工科技,2026-06-18,169.11,181.57,168.72,177.55,78077370.0,13779668935.0,0.0776900341374722,169.11,181.57,168.72,177.55,1.0,1.1360068994257733
000988,华工科技,2026-06-22,180.91,181.05,169.46,174.67,90596604.0,15897953729.0,0.0901471611748584,180.91,181.05,169.46,174.67,1.0,1.215761875914563
000988,华工科技,2026-06-23,172.79,172.79,162.51,163.66,76612426.0,12737958749.0,0.076232357612642,172.79,172.79,162.51,163.66,1.0,0.9566814878213983
000988,华工科技,2026-06-24,162.0,168.0,161.3,167.89,54883659.0,9095336036.0,0.0546113853642788,162.0,168.0,161.3,167.89,1.0,0.6858622950559086
000988,华工科技,2026-06-25,168.78,174.34,165.4,173.58,60896098.0,10442079152.0,0.0605939971141299,168.78,174.34,165.4,173.58,1.0,0.8068692563674298
000988,华工科技,2026-06-26,171.0,171.87,160.0,160.94,66793200.0,11014260997.0,0.0664618440420189,171.0,171.87,160.0,160.94,1.0,0.9249440677986333
000988,华工科技,2026-06-29,172.0,177.03,169.26,177.03,114137364.0,19961381256.0,0.1135711372644992,172.0,177.03,169.26,177.03,1.0,1.63155005463446
000988,华工科技,2026-06-30,179.0,187.66,173.03,184.61,109049716.0,19722408183.0,0.1085087286972096,179.0,187.66,173.03,184.61,1.0,1.4605286829736093
000988,华工科技,2026-07-01,184.0,187.66,171.8,173.55,90533254.0,16190807303.0,0.0900841254493644,184.0,187.66,171.8,173.55,1.0,1.115600918579372
000988,华工科技,2026-07-02,164.84,164.84,156.2,156.2,80944836.0,12989369286.0,0.0805432748579017,164.84,164.84,156.2,156.2,1.0,0.9168902322457703
000988,华工科技,2026-07-03,151.69,159.86,149.9,153.95,57738731.0,8970631282.0,0.0574522935703947,151.69,159.86,149.9,153.95,1.0,0.6256114825699228
000988,华工科技,2026-07-06,156.09,156.78,145.5,149.7,48655998.0,7319944325.0,0.0484146193143132,156.09,156.78,145.5,149.7,1.0,0.5377495407582703
000988,华工科技,2026-07-07,149.09,155.6,148.01,153.59,48745255.0,7401491989.0,0.0485034335171611,149.09,155.6,148.01,153.59,1.0,0.6299097440783592
000988,华工科技,2026-07-08,153.0,154.87,145.5,147.5,44056241.0,6587710760.0,0.0438376813570783,153.0,154.87,145.5,147.5,1.0,0.674430542995609
000988,华工科技,2026-07-09,150.0,159.68,147.0,159.0,60212650.0,9223138725.0,0.0599139396473993,150.0,159.68,147.0,159.0,1.0,1.074684478331436
000988,华工科技,2026-07-10,165.98,168.98,157.8,158.07,73761429.0,12113923352.0,0.0733955041907627,165.98,168.98,157.8,158.07,1.0,1.4217213848215486
000988,华工科技,2026-07-13,155.01,162.47,152.18,154.24,56219267.0,8884642595.0,0.0559403675151156,155.01,162.47,152.18,154.24,1.0,1.0205668578162606
000988,华工科技,2026-07-14,152.26,160.0,142.5,159.84,72954948.0,11072337983.0,0.0725930240813377,152.26,160.0,142.5,159.84,1.0,1.2889801715891345
000988,华工科技,2026-07-15,154.36,154.36,145.0,145.21,61125706.0,9199482241.0,0.0608224660463985,154.36,154.36,145.0,145.21,1.0,0.9948698511237798
000988,华工科技,2026-07-16,135.02,140.0,130.69,130.69,63124802.0,8439029396.0,0.0628116446839996,135.02,140.0,130.69,130.69,1.0,0.9733250584382344
000988,华工科技,2026-07-17,128.8,130.0,117.62,117.62,63908461.0,7683106995.0,0.0635914160116217,128.8,130.0,117.62,117.62,1.0,0.9766376206533338
000988,华工科技,2026-07-20,118.0,119.4,105.86,105.86,66576104.0,7337077132.0,0.0662458250386751,118.0,119.4,105.86,105.86,1.0,1.0489937289382254
000988,华工科技,2026-07-21,104.9,114.15,95.27,113.15,101968137.0,10547171704.0,0.1014622808691487,104.9,114.15,95.27,113.15,1.0,1.5558627127067748
000988,华工科技,2026-07-22,113.16,119.51,112.49,113.51,82355920.0,9560339199.0,0.0819473585780737,113.16,119.51,112.49,113.51,1.0,1.1544039651339275
000988,华工科技,2026-07-23,113.9,117.0,111.19,111.91,47164705.0,5354167919.0,0.0469307245048572,113.9,117.0,111.19,111.91,1.0,0.6239816592670565
000988,华工科技,2026-07-24,108.03,112.0,107.36,108.19,37565540.0,4110523621.0,0.0373791802284398,108.03,112.0,107.36,108.19,1.0,0.5188992834270355
000988,华工科技,2026-07-27,107.52,111.85,105.86,111.76,38941104.0,4270607454.0,0.0387479201606157,107.52,111.85,105.86,111.76,1.0,0.5801188346445584
000988,华工科技,2026-07-28,107.63,109.52,100.58,100.58,51513316.0,5372428066.0,0.0512577623781948,107.63,109.52,100.58,100.58,1.0,0.8362676032901607
000988,华工科技,2026-07-29,100.61,101.62,93.9,100.26,64335166.0,6303668030.0,0.0640160041607439,100.61,101.62,93.9,100.26,1.0,1.24902966264521
000988,华工科技,2026-07-30,98.01,99.8,90.23,91.1,73503993.0,6868311593.0,0.0731393453110744,98.01,99.8,90.23,91.1,1.0,1.5344030741237453
000988,华工科技,2026-07-31,98.48,99.92,95.37,95.37,59078794.0,5775364519.0,0.0587857086203171,98.48,99.92,95.37,95.37,1.0,1.1110921119090897
000988,华工科技,2026-08-03,95.0,95.83,92.16,93.17,36878634.0,3462177055.0,0.0366956819165828,95.0,95.83,92.16,93.17,1.0,0.6416523901551247
000988,华工科技,2026-08-04,95.71,101.8,95.2,100.65,58069625.0,5738890737.0,0.0577815460305619,95.71,101.8,95.2,100.65,1.0,1.0176587701549216
000988,华工科技,2026-08-05,93.17,102.41,93.17,100.43,105803381.0,10345950821.0,0.1052784985169196,93.17,102.41,93.17,100.43,1.0,1.8125321919756852
000988,华工科技,2026-08-06,97.32,106.27,97.03,103.01,80435006.0,8235225740.0,0.0800359740855485,97.32,106.27,97.03,103.01,1.0,1.206521131404168
000988,华工科技,2026-08-07,105.0,108.56,102.85,106.6,88354712.0,9405076396.0,0.0879163910296482,105.0,108.56,102.85,106.6,1.0,1.298320393631513
000988,华工科技,2026-08-10,107.5,107.82,101.19,103.68,61677061.0,6386160275.0,0.0613710858164018,107.5,107.82,101.19,103.68,1.0,0.8345082311463499
000988,华工科技,2026-08-11,103.41,105.83,101.21,103.8,43770798.0,4546090606.0,0.0435536544179754,103.41,105.83,101.21,103.8,1.0,0.5549883585801519
000988,华工科技,2026-08-12,103.21,108.28,102.77,106.32,49609102.0,5257336477.0,0.0493629950382465,103.21,108.28,102.77,106.32,1.0,0.6526809933996641
000988,华工科技,2026-08-13,108.67,111.68,106.99,107.04,71111374.0,7779217187.0,0.0707585959109862,108.67,111.68,106.99,107.04,1.0,1.0979172956101242
000988,华工科技,2026-08-14,107.51,109.98,106.84,109.79,51867531.0,5633782978.0,0.0516102201446642,107.51,109.98,106.84,109.79,1.0,0.8245426129297292
000988,华工科技,2026-08-17,110.14,113.8,108.99,113.66,66343535.0,7430024206.0,0.0660144097957011,110.14,113.8,108.99,113.66,1.0,1.1930751229051866
000988,华工科技,2026-08-18,113.9,114.58,110.23,111.95,50375587.0,5662086781.0,0.0501256775647694,113.9,114.58,110.23,111.95,1.0,0.8909651579113211
000988,华工科技,2026-08-19,107.48,108.85,100.76,102.35,56958602.0,5989031153.0,0.0566760347307125,107.48,108.85,100.76,102.35,1.0,0.9843967930703844
000988,华工科技,2026-08-20,104.07,105.85,102.18,104.18,36968607.0,3848939577.0,0.0367852085674094,104.07,105.85,102.18,104.18,1.0,0.6230874921726425
000988,华工科技,2026-08-21,103.71,108.0,103.5,106.78,34757473.0,3698670968.0,0.0345850438341131,103.71,108.0,103.5,106.78,1.0,0.6620121454767216
000988,华工科技,2026-08-24,106.31,107.37,100.85,103.35,34230338.0,3543796487.0,0.0340605239105417,106.31,107.37,100.85,103.35,1.0,0.6974288385521522
000988,华工科技,2026-08-25,101.06,106.49,100.02,105.27,34894224.0,3612940036.0,0.0347211164228585,101.06,106.49,100.02,105.27,1.0,0.8179972032242376
000988,华工科技,2026-08-26,105.6,106.88,101.63,103.8,31059395.0,3231822845.0,0.0309053117163044,105.6,106.88,101.63,103.8,1.0,0.7850845180925924
000988,华工科技,2026-08-27,102.01,106.73,99.0,104.9,66066742.0,6863227831.0,0.0657389899446097,102.01,106.73,99.0,104.9,1.0,1.9215498743683013
000988,华工科技,2026-08-28,104.95,107.58,102.79,102.93,45689477.0,4808850912.0,0.0454628149981646,104.95,107.58,102.79,102.93,1.0,1.1365079475475257
000988,华工科技,2026-08-31,101.04,104.79,100.88,104.75,35026540.0,3598366793.0,0.0348527760132998,101.04,104.79,100.88,104.75,1.0,0.8263308227129149
000988,华工科技,2026-09-01,104.68,105.71,100.6,101.53,35298071.0,3598856619.0,0.0351229599687709,104.68,105.71,100.6,101.53,1.0,0.8296200050938162
000988,华工科技,2026-09-02,100.03,101.0,98.54,99.3,28416552.0,2826600120.0,0.0282755796583473,100.03,101.0,98.54,99.3,1.0,0.6666163555002347
000988,华工科技,2026-09-03,101.05,101.68,97.86,98.98,23837560.0,2369405989.0,0.0237193036875351,101.05,101.68,97.86,98.98,1.0,0.5662198687107662
000988,华工科技,2026-09-04,99.58,100.86,94.61,95.6,36468805.0,3550871232.0,0.0362878860469149,99.58,100.86,94.61,95.6,1.0,1.0836511295657765
000988,华工科技,2026-09-07,97.32,102.08,96.66,101.91,49175383.0,4915324371.0,0.048931427685042,97.32,102.08,96.66,101.91,1.0,1.5459335840793451
000988,华工科技,2026-09-08,102.0,103.44,100.22,100.53,32543418.0,3312872786.0,0.0323819725916745,102.0,103.44,100.22,100.53,1.0,0.9394948003847031
000988,华工科技,2026-09-09,108.57,110.58,108.1,108.79,101230737.0,11116402001.0,0.1007285390541648,108.57,110.58,108.1,108.79,1.0,2.9696584318634947
002104,恒宝股份,2026-03-19,16.36,16.92,16.34,16.64,23290391.0,389935948.0,0.038837346623529265,16.42,16.98,16.4,16.7,0.9964071856287426,0.6250600660830641
002104,恒宝股份,2026-03-20,16.88,16.9,15.94,15.94,26351600.0,429557703.0,0.04394199407320357,16.94,16.96,16.0,16.0,0.99625,0.8411989652431691
002104,恒宝股份,2026-03-23,15.44,15.59,14.87,14.98,28735427.0,440081888.0,0.04791708901641547,15.49,15.65,14.92,15.03,0.9966733200266135,1.0386807794159207
002104,恒宝股份,2026-03-24,15.23,15.52,14.98,15.47,26394732.0,403664649.0,0.04401391783071224,15.28,15.57,15.03,15.52,0.996778350515464,0.9980812293829566
002104,恒宝股份,2026-03-25,15.55,15.79,15.53,15.73,18228015.0,286745981.0,0.030395699961150966,15.6,15.85,15.58,15.79,0.9962001266624446,0.7089563831474065
002104,恒宝股份,2026-03-26,15.68,15.79,15.36,15.45,14269505.0,222642756.0,0.023794779221662014,15.74,15.85,15.41,15.5,0.996774193548387,0.5800604007319827
002104,恒宝股份,2026-03-27,15.26,15.78,15.14,15.71,14720290.0,230604966.0,0.02454647520210681,15.31,15.84,15.19,15.77,0.9961953075459734,0.6457441268776581
002104,恒宝股份,2026-03-30,15.45,15.69,15.38,15.65,12645303.0,197477227.0,0.02108637917545285,15.5,15.75,15.43,15.71,0.9961807765754296,0.6177603289812228
002104,恒宝股份,2026-03-31,15.65,15.76,15.34,15.36,13901132.0,216703952.0,0.023180507443753717,15.71,15.82,15.39,15.41,0.9967553536664503,0.8057894328336165
002104,恒宝股份,2026-04-01,15.65,15.71,15.42,15.52,12023007.0,187169453.0,0.020048684039530237,15.71,15.77,15.47,15.57,0.9967886962106615,0.8149617067184786
002104,恒宝股份,2026-04-02,15.44,15.51,15.14,15.23,12678262.0,194630532.0,0.021141339184813143,15.49,15.56,15.19,15.28,0.9967277486910996,0.9383070741311066
002104,恒宝股份,2026-04-03,15.69,15.94,15.06,15.08,26834637.0,413756318.0,0.044747471121699224,15.75,16.0,15.11,15.13,0.9966953073364176,2.0339133701716015
002104,恒宝股份,2026-04-07,14.97,15.53,14.97,15.3,26760756.0,412635903.0,0.044624272588626376,15.02,15.58,15.02,15.35,0.9967426710097721,1.7136240830689233
002104,恒宝股份,2026-04-08,15.51,15.81,15.43,15.75,30574594.0,479138107.0,0.05098394891917779,15.56,15.87,15.48,15.81,0.9962049335863378,1.6580979150108515
002104,恒宝股份,2026-04-09,15.57,15.66,15.29,15.34,20076469.0,310261367.0,0.033478046183490005,15.62,15.72,15.34,15.39,0.9967511371020142,0.9220279868912323
002104,恒宝股份,2026-04-10,15.4,16.87,15.32,16.24,73586728.0,1196541750.0,0.12270782668386145,15.45,16.93,15.37,16.3,0.9963190184049079,3.1467567020345517
002104,恒宝股份,2026-04-13,15.82,15.9,15.52,15.66,47215656.0,742018674.0,0.07873336253261352,15.88,15.96,15.57,15.72,0.9961832061068702,1.3275265880635643
002104,恒宝股份,2026-04-14,15.78,15.83,15.3,15.44,30867485.0,479330665.0,0.05147235245391931,15.84,15.89,15.35,15.49,0.9967721110393802,0.7786395861854561
002104,恒宝股份,2026-04-15,15.55,15.57,15.14,15.19,23962300.0,367962489.0,0.039957772756884814,15.6,15.62,15.19,15.24,0.9967191601049868,0.5921853898933206
002104,恒宝股份,2026-04-16,15.24,15.34,15.13,15.25,18586822.0,284150526.0,0.030994020179559864,15.29,15.39,15.18,15.3,0.9967320261437908,0.4748595205082363
002104,恒宝股份,2026-04-17,15.24,15.3,14.98,15.15,19714703.0,299343427.0,0.03287479175385816,15.29,15.35,15.03,15.2,0.9967105263157895,0.5075379832449032
002104,恒宝股份,2026-04-20,15.11,15.2,15.07,15.14,16400108.0,249190717.0,0.027347616407956195,15.16,15.25,15.12,15.19,0.9967083607636604,0.5842701295017664
002104,恒宝股份,2026-04-21,15.12,15.14,14.75,14.81,25180312.0,375064756.0,0.04198884017158035,15.17,15.19,14.8,14.86,0.996635262449529,1.1494561313905385
002104,恒宝股份,2026-04-22,14.75,14.85,14.57,14.81,15900438.0,235026843.0,0.026514403389446592,14.8,14.9,14.62,14.86,0.996635262449529,0.7655907171360339
002104,恒宝股份,2026-04-23,14.78,14.82,14.35,14.4,22894200.0,332303241.0,0.038176687590534816,14.83,14.87,14.4,14.45,0.9965397923875433,1.1951153898520148
002104,恒宝股份,2026-04-24,14.3,14.79,14.25,14.4,17384242.0,253357192.0,0.028988686035426182,14.35,14.84,14.3,14.45,0.9965397923875433,0.8684325862262775
002104,恒宝股份,2026-04-27,14.11,14.61,13.5,14.36,36996648.0,517376196.0,0.0616917632209948,14.16,14.66,13.55,14.41,0.996530187369882,1.8922316342281502
002104,恒宝股份,2026-04-28,14.15,14.2,13.86,13.93,17285171.0,242359099.0,0.028822953813718636,14.2,14.25,13.91,13.98,0.9964234620886981,0.7302204521551281
002104,恒宝股份,2026-04-29,13.85,14.25,13.81,14.16,15167766.0,215437828.0,0.025292189407631078,13.9,14.3,13.86,14.21,0.9964813511611541,0.6865684418672744
002104,恒宝股份,2026-04-30,14.17,14.37,14.07,14.18,13583793.0,193588700.0,0.022650920737441044,14.22,14.42,14.12,14.23,0.9964862965565706,0.6189755421374705
002104,恒宝股份,2026-05-06,14.35,15.59,14.33,15.15,89082930.0,1363189357.0,0.14854543105073884,14.4,15.65,14.38,15.2,0.9967105263157895,4.435622453509653
002104,恒宝股份,2026-05-07,15.15,15.2,14.71,14.73,58691120.0,875046382.0,0.09786720889457316,15.2,15.25,14.76,14.78,0.9966170500676591,1.7049842830697948
002104,恒宝股份,2026-05-08,14.65,14.93,14.6,14.83,23923482.0,355768234.0,0.03989231097275978,14.7,14.98,14.65,14.88,0.9966397849462365,0.6171865672280974
002104,恒宝股份,2026-05-11,14.86,14.99,14.63,14.74,22606407.0,334654974.0,0.037696093654793796,14.91,15.04,14.68,14.79,0.9966193373901285,0.563893976451108
002104,恒宝股份,2026-05-12,14.74,14.74,14.32,14.36,20768690.0,301371982.0,0.03463170787500107,14.79,14.79,14.37,14.41,0.996530187369882,0.49951697005381734
002104,恒宝股份,2026-05-13,14.33,14.36,14.15,14.28,18487799.0,263997887.0,0.030828331214907485,14.38,14.41,14.2,14.33,0.9965108164689462,0.42980362229170505
002104,恒宝股份,2026-05-14,14.35,14.36,13.83,13.83,21028318.0,295387466.0,0.035064636531173934,14.4,14.41,13.88,13.88,0.9963976945244957,0.7277367856965519
002104,恒宝股份,2026-05-15,13.83,13.89,13.49,13.54,22538559.0,308540158.0,0.03758295738496151,13.88,13.94,13.54,13.59,0.9963208241353936,1.0550308077457806
002104,恒宝股份,2026-05-18,13.43,13.75,13.3,13.63,17370292.0,235875735.0,0.028964892742270605,13.48,13.8,13.35,13.68,0.9963450292397662,0.8237849473506881
002104,恒宝股份,2026-05-19,13.5,13.7,13.46,13.7,14882751.0,203130690.0,0.02481692803004812,13.55,13.75,13.51,13.75,0.9963636363636363,0.7426992534796962
002104,恒宝股份,2026-05-20,13.63,13.84,13.48,13.74,18286352.0,251466302.0,0.030492419144560468,13.68,13.89,13.53,13.79,0.9963741841914432,0.969504521681836
002104,恒宝股份,2026-05-21,13.75,13.85,13.18,13.2,21026823.0,285736238.0,0.03506214362462696,13.8,13.9,13.23,13.25,0.9962264150943396,1.117184994853478
002104,恒宝股份,2026-05-22,13.44,13.48,13.01,13.12,16395934.0,216407573.0,0.02734015465712078,13.49,13.53,13.06,13.17,0.9962034927866362,0.8711531190387923
002104,恒宝股份,2026-05-25,13.27,13.88,12.77,12.86,43429704.0,580842372.0,0.07241885848485222,13.32,13.93,12.82,12.91,0.9961270333075135,2.4686585657886133
002104,恒宝股份,2026-05-26,12.88,13.19,12.61,12.9,24564468.0,316507246.0,0.04096115257538207,12.93,13.24,12.65,12.95,0.9961389961389963,1.077185189285774
002104,恒宝股份,2026-05-27,12.78,12.91,12.29,12.42,23763490.0,298141038.0,0.039625524949840805,12.83,12.96,12.33,12.46,0.9967897271268057,0.9605036264155354
002104,恒宝股份,2026-05-28,12.38,12.48,12.0,12.4,23744635.0,291605908.0,0.03959408431242057,12.42,12.52,12.04,12.44,0.9967845659163987,0.9190493104067111
002104,恒宝股份,2026-05-29,12.38,12.44,11.89,11.93,21294376.0,258268001.0,0.03550828718674282,12.42,12.48,11.93,11.97,0.996658312447786,0.8072275055758709
002104,恒宝股份,2026-06-01,11.86,12.45,11.85,12.15,29500008.0,361321114.0,0.04919114587228152,11.9,12.49,11.89,12.19,0.996718621821165,1.0782428897229102
002104,恒宝股份,2026-06-02,12.13,12.22,11.64,11.78,21942801.0,260021988.0,0.03658953329224334,12.17,12.26,11.68,11.82,0.9966159052453468,0.8929494944764532
002104,恒宝股份,2026-06-03,11.82,12.1,11.68,11.78,19925122.0,237740253.0,0.03322506159405129,11.86,12.14,11.72,11.82,0.9966159052453468,0.8285197152387898
002104,恒宝股份,2026-06-04,11.67,12.0,11.61,11.73,16001086.0,189270694.0,0.026681747189387938,11.71,12.04,11.65,11.77,0.9966015293118098,0.6872908833907861
002104,恒宝股份,2026-06-05,11.72,11.98,11.63,11.79,22118557.0,262745917.0,0.03688260572239077,11.76,12.02,11.67,11.83,0.996618765849535,1.0177556760076505
002104,恒宝股份,2026-06-08,11.53,11.84,11.08,11.29,22059503.0,252796600.0,0.03678413341254117,11.57,11.88,11.12,11.33,0.996469549867608,1.0073975609323482
002104,恒宝股份,2026-06-09,11.37,11.41,11.08,11.29,21999816.0,247940889.0,0.03668460557771215,11.41,11.45,11.12,11.33,0.996469549867608,1.0779249328562293
002104,恒宝股份,2026-06-10,11.18,11.48,11.14,11.3,21961100.0,248855435.0,0.03662004680187754,11.22,11.52,11.18,11.34,0.9964726631393299,1.0754271102417412
002104,恒宝股份,2026-06-11,11.19,11.28,10.91,11.1,21222400.0,234603225.0,0.03538826749334805,11.23,11.32,10.95,11.14,0.9964093357271094,1.0189354410025222
002104,恒宝股份,2026-06-12,11.32,11.48,11.08,11.32,23969669.0,272349271.0,0.0399693276113452,11.36,11.52,11.12,11.36,0.9964788732394367,1.095892804055428
002104,恒宝股份,2026-06-15,11.4,11.67,11.3,11.54,19891113.0,229755890.0,0.03316835172197361,11.44,11.71,11.34,11.58,0.9965457685664939,0.8942841472982782
002104,恒宝股份,2026-06-16,11.47,11.68,11.36,11.59,17113336.0,198025996.0,0.028536419635457957,11.51,11.72,11.4,11.63,0.996560619088564,0.7846979485308778
002104,恒宝股份,2026-06-17,11.7,11.7,11.22,11.3,30032211.0,343551748.0,0.050078592255572874,11.74,11.74,11.26,11.34,0.9964726631393299,1.4416713619545332
002104,恒宝股份,2026-06-18,11.29,11.33,11.06,11.07,20669078.0,231631978.0,0.03446560526165162,11.33,11.37,11.1,11.11,0.9963996399639965,0.9208461230991932
002104,恒宝股份,2026-06-22,11.0,11.46,10.84,11.42,32453162.0,363109818.0,0.054115518407953776,11.04,11.5,10.88,11.46,0.9965095986038394,1.4530129270090775
002104,恒宝股份,2026-06-23,11.51,11.94,11.16,11.23,29549501.0,340176053.0,0.049273675252702605,11.55,11.98,11.2,11.27,0.9964507542147294,1.229601011660393
002104,恒宝股份,2026-06-24,11.23,11.31,10.59,10.72,28156604.0,306151148.0,0.04695102505165644,11.27,11.35,10.63,10.76,0.996282527881041,1.084470505962195
002104,恒宝股份,2026-06-25,10.64,10.78,10.42,10.61,22762419.0,241867062.0,0.037956243043560954,10.68,10.82,10.46,10.65,0.996244131455399,0.8079770393636668
002104,恒宝股份,2026-06-26,10.52,10.69,10.25,10.26,23983396.0,251742147.0,0.0399922173291849,10.56,10.73,10.29,10.3,0.9961165048543689,0.8976442413339293
002104,恒宝股份,2026-06-29,10.26,10.28,9.96,10.09,23131330.0,234634754.0,0.03857140066707378,10.3,10.32,10.0,10.13,0.9960513326752221,0.8447944247971745
002104,恒宝股份,2026-06-30,10.15,10.37,10.01,10.27,20535311.0,211743674.0,0.03379621370500023,10.19,10.41,10.05,10.31,0.9961202715809893,0.8047808391775566
002104,恒宝股份,2026-07-01,10.31,10.89,10.16,10.66,31257079.0,331112893.0,0.05144168119382633,10.35,10.93,10.2,10.7,0.9962616822429907,1.3180959265427254
002104,恒宝股份,2026-07-02,10.6,10.75,10.29,10.35,22275290.0,235322734.0,0.03665980326184759,10.64,10.79,10.33,10.39,0.996150144369586,0.9154012958132863
002104,恒宝股份,2026-07-03,10.46,10.51,10.19,10.24,17197503.0,178334246.0,0.028302979515644183,10.5,10.55,10.23,10.28,0.9961089494163425,0.7095709504232818
002104,恒宝股份,2026-07-06,10.24,10.87,10.09,10.1,38020904.0,399322087.0,0.06257332050346344,10.28,10.91,10.13,10.14,0.9960552268244575,1.661803450250271
002104,恒宝股份,2026-07-07,10.35,10.42,9.65,9.76,26998628.0,267829710.0,0.044433288671878554,10.39,10.46,9.68,9.79,0.9969356486210419,1.0441428241230628
002104,恒宝股份,2026-07-08,9.85,10.73,9.67,10.39,86683895.0,909706740.0,0.1426609726145273,9.88,10.77,9.7,10.43,0.9961649089165868,3.192790997447031
002104,恒宝股份,2026-07-09,10.34,10.34,9.37,9.63,77637123.0,756091356.0,0.1277721481963136,10.38,10.38,9.4,9.66,0.9968944099378882,2.0305120323019255
002104,恒宝股份,2026-07-10,9.63,10.44,9.46,10.02,67493105.0,680208260.0,0.11107751911787553,9.66,10.48,9.49,10.06,0.9960238568588469,1.3688171902614967
002104,恒宝股份,2026-07-13,10.03,10.23,9.47,9.47,37377016.0,363757160.0,0.06151363475290016,10.07,10.27,9.5,9.5,0.996842105263158,0.6295953199781205
002104,恒宝股份,2026-07-14,9.48,9.56,9.2,9.49,27173900.0,254995770.0,0.044721744491637155,9.51,9.59,9.23,9.52,0.9968487394957984,0.4587244906404886
002104,恒宝股份,2026-07-15,9.4,9.79,9.38,9.49,25880030.0,247986122.0,0.04259234372305427,9.43,9.82,9.41,9.52,0.9968487394957984,0.436624206541447
002104,恒宝股份,2026-07-16,9.41,9.74,9.23,9.54,25746983.0,246575860.0,0.04237338016098261,9.44,9.77,9.26,9.57,0.9968652037617554,0.5465031134545119
002104,恒宝股份,2026-07-17,9.46,9.64,8.98,9.06,31564379.0,293330547.0,0.051947423545210564,9.49,9.67,9.01,9.09,0.9966996699669968,0.8592639327113496
002104,恒宝股份,2026-07-20,9.07,9.59,9.0,9.17,40338429.0,375950261.0,0.06638741273545742,9.1,9.62,9.03,9.2,0.9967391304347827,1.365161731465573
002104,恒宝股份,2026-07-21,9.12,9.9,9.07,9.5,54492853.0,519170609.0,0.08968221155175897,9.15,9.93,9.1,9.53,0.9968520461699896,1.8079465005379662
002104,恒宝股份,2026-07-22,9.35,9.53,9.16,9.21,40107795.0,373976155.0,0.06600784429592227,9.38,9.56,9.19,9.24,0.9967532467532468,1.1264799617603767
002104,恒宝股份,2026-07-23,9.17,9.44,9.1,9.41,32492007.0,302408412.0,0.05347407751829829,9.2,9.47,9.13,9.44,0.9968220338983051,0.8450437660639101
002104,恒宝股份,2026-07-24,9.3,9.39,9.04,9.04,27207400.0,249980951.0,0.04477687748471028,9.3,9.39,9.04,9.04,1.0,0.6836186008924233
002104,恒宝股份,2026-07-27,9.03,9.65,8.88,9.62,42172023.0,400241294.0,0.06940507020712688,9.03,9.65,8.88,9.62,1.0,1.0833423620377152
002104,恒宝股份,2026-07-28,9.57,10.1,9.54,9.99,52551832.0,523284608.0,0.08648775491451138,9.57,10.1,9.54,9.99,1.0,1.337386781240233
002104,恒宝股份,2026-07-29,9.94,10.19,9.78,10.08,44003290.0,440438309.0,0.072418897992979,9.94,10.19,9.78,10.08,1.0,1.1310093791347673
002104,恒宝股份,2026-07-30,9.99,10.4,9.93,10.12,38576054.0,393507286.0,0.06348696471553944,9.99,10.4,9.93,10.12,1.0,0.9720486903385793
002104,恒宝股份,2026-07-31,10.0,10.44,9.96,10.27,39579478.0,405613871.0,0.06513836078841734,10.0,10.44,9.96,10.27,1.0,0.9676632456589696
002104,恒宝股份,2026-08-03,10.32,10.51,10.17,10.49,30273600.0,314671034.0,0.04982310982383929,10.32,10.51,10.17,10.49,1.0,0.6979257269127124
002104,恒宝股份,2026-08-04,10.59,10.8,10.49,10.6,40881027.0,434482878.0,0.06728039935562137,10.59,10.8,10.49,10.6,1.0,0.997174812266312
002104,恒宝股份,2026-08-05,10.58,10.87,10.52,10.69,33772013.0,360652939.0,0.05558066145655384,10.58,10.87,10.52,10.69,1.0,0.8735039691935764
002104,恒宝股份,2026-08-06,10.6,11.76,10.58,11.76,28324263.0,326119666.0,0.046614967038221676,10.6,11.76,10.58,11.76,1.0,0.7735396267857255
002104,恒宝股份,2026-08-07,11.83,12.0,10.87,11.16,117875683.0,1316731172.0,0.1939952004277346,11.83,12.0,10.87,11.16,1.0,3.4101551566908825
002104,恒宝股份,2026-08-10,10.93,10.98,10.67,10.82,71056445.0,767086128.0,0.11694192507420975,10.93,10.98,10.67,10.82,1.0,1.4147535339010262
002104,恒宝股份,2026-08-11,10.76,11.19,10.61,10.9,58869609.0,641799422.0,0.09688530582730424,10.76,11.19,10.61,10.9,1.0,1.008354008952866
002104,恒宝股份,2026-08-12,10.89,10.89,10.63,10.71,42036485.0,450905020.0,0.06918200705443597,10.89,10.89,10.63,10.71,1.0,0.6782309540009861
002104,恒宝股份,2026-08-13,10.75,10.88,10.41,10.41,48832141.0,519731065.0,0.08036603258205847,10.75,10.88,10.41,10.41,1.0,0.7674088445719802
002104,恒宝股份,2026-08-14,10.47,10.86,10.2,10.3,37006229.0,386246238.0,0.060903407973717905,10.47,10.86,10.2,10.3,1.0,0.5463458430816399
002104,恒宝股份,2026-08-17,10.3,10.31,10.03,10.17,30082272.0,304538035.0,0.049508229665669284,10.3,10.31,10.03,10.17,1.0,0.5834399908962308
002104,恒宝股份,2026-08-18,10.18,10.18,9.82,9.98,31996342.0,318356533.0,0.052658331398549287,10.18,10.18,9.82,9.98,1.0,0.737832026397335
002104,恒宝股份,2026-08-19,9.83,9.9,9.4,9.4,31075317.0,297838057.0,0.051142544385260426,9.83,9.9,9.4,9.4,1.0,0.8179718212990362
002104,恒宝股份,2026-08-20,9.59,10.1,9.48,10.01,58828709.0,578656152.0,0.09681799420292542,9.59,10.1,9.48,10.01,1.0,1.643330709514707
002104,恒宝股份,2026-08-21,10.06,11.0,10.05,10.74,102365800.0,1086133424.0,0.16846964006940596,10.06,11.0,10.05,10.74,1.0,2.70824944722009
002104,恒宝股份,2026-08-24,10.59,11.8,10.54,11.51,117064879.0,1308231371.0,0.19266081083622225,10.59,11.8,10.54,11.51,1.0,2.301269844627315
002104,恒宝股份,2026-08-25,11.22,11.89,10.95,11.33,112850494.0,1288630412.0,0.18572494041793897,11.22,11.89,10.95,11.33,1.0,1.6530944810303176
002104,恒宝股份,2026-08-26,11.61,11.68,11.13,11.42,81899489.0,931535704.0,0.1347869838725265,11.61,11.68,11.13,11.42,1.0,0.969947421107958
002104,恒宝股份,2026-08-27,11.24,11.95,11.24,11.82,80671854.0,948424774.0,0.1327665900829346,11.24,11.95,11.24,11.82,1.0,0.8527511181168543
002104,恒宝股份,2026-08-28,11.84,11.95,11.57,11.66,60808156.0,712294592.0,0.10007569085186936,11.84,11.95,11.57,11.66,1.0,0.6144068589518902
002104,恒宝股份,2026-08-31,11.43,11.52,11.03,11.16,53859873.0,603219022.0,0.0886404777620447,11.43,11.52,11.03,11.16,1.0,0.5940931204710385
002104,恒宝股份,2026-09-01,11.33,12.28,11.22,12.28,40226113.0,485144585.0,0.06620256744441261,11.33,12.28,11.22,12.28,1.0,0.5156005898394704
002104,恒宝股份,2026-09-02,12.32,13.51,11.93,13.51,139664533.0,1771733395.0,0.22985443971494063,12.32,13.51,11.93,13.51,1.0,2.199680588899294
002104,恒宝股份,2026-09-03,13.38,14.73,13.0,13.05,193698957.0,2636373728.0,0.3187821867030721,13.38,14.73,13.0,13.05,1.0,2.581066065122862
002104,恒宝股份,2026-09-04,13.93,14.36,13.73,14.05,204777929.0,2906303643.0,0.33701552659959055,13.93,14.36,13.73,14.05,1.0,2.0970274254719685
002104,恒宝股份,2026-09-07,13.63,14.18,13.34,13.53,168642613.0,2302222623.0,0.27754543326456804,13.63,14.18,13.34,13.53,1.0,1.3337179918671827
002104,恒宝股份,2026-09-08,13.24,13.9,13.05,13.28,123752266.0,1667192142.0,0.20366665146751536,13.24,13.9,13.05,13.28,1.0,0.8283171709803219
002104,恒宝股份,2026-09-09,13.08,13.19,12.68,12.88,97409231.0,1253271864.0,0.16031231217855593,13.08,13.19,12.68,12.88,1.0,0.5864236833150428
002300,太阳电缆,2026-03-19,9.86,9.94,9.6,9.68,38236122.0,376781774.0,0.05293698754344574,9.97,10.05,9.71,9.79,0.9887640449438203,0.5126331683616882
002300,太阳电缆,2026-03-20,9.68,9.84,9.37,9.39,36254606.0,349952126.0,0.050193626493150456,9.79,9.95,9.47,9.49,0.9894625922023182,0.585404380798374
002300,太阳电缆,2026-03-23,9.21,9.54,8.95,8.98,36918333.0,343521429.0,0.05111254049628207,9.31,9.64,9.05,9.08,0.9889867841409692,0.6879337112920869
002300,太阳电缆,2026-03-24,9.26,9.63,9.12,9.5,57191290.0,541867992.0,0.07917995989037781,9.36,9.74,9.22,9.6,0.9895833333333334,1.2313291999010223
002300,太阳电缆,2026-03-25,9.49,9.85,9.35,9.82,65473146.0,638426416.0,0.09064598952352448,9.59,9.96,9.45,9.93,0.9889224572004028,1.4713755781916922
002300,太阳电缆,2026-03-26,9.69,9.69,9.16,9.21,50613029.0,478681878.0,0.07007251639455114,9.8,9.8,9.26,9.31,0.9892588614393126,1.0811354050903081
002300,太阳电缆,2026-03-27,9.0,9.33,8.93,9.27,26099408.0,242718380.0,0.0361340001004105,9.1,9.43,9.03,9.37,0.9893276414087514,0.5295062936882019
002300,太阳电缆,2026-03-30,9.16,9.49,8.88,9.48,40054564.0,372864188.0,0.0554545765788212,9.26,9.59,8.98,9.58,0.989561586638831,0.8475534624261484
002300,太阳电缆,2026-03-31,9.36,9.83,9.29,9.49,43841171.0,425013734.0,0.060697042527405744,9.46,9.94,9.39,9.59,0.9895724713242962,0.9155266231810655
002300,太阳电缆,2026-04-01,9.59,9.64,9.21,9.31,32398494.0,305561588.0,0.044854932550544784,9.7,9.75,9.31,9.41,0.9893730074388948,0.7165230255779029
002300,太阳电缆,2026-04-02,9.29,9.97,9.25,9.49,58250902.0,566554174.0,0.0806469671157676,9.39,10.08,9.35,9.59,0.9895724713242962,1.5090386049153348
002300,太阳电缆,2026-04-03,9.33,9.38,8.92,8.95,42366615.0,387297380.0,0.05865555535451428,9.43,9.48,9.02,9.05,0.9889502762430937,1.0557629729459022
002300,太阳电缆,2026-04-07,8.86,9.15,8.75,9.12,28960956.0,265388304.0,0.04009574420277977,8.96,9.25,8.85,9.22,0.9891540130151842,0.6675746365528771
002300,太阳电缆,2026-04-08,9.25,9.5,9.22,9.5,32018832.0,304199773.0,0.044329299680016754,9.35,9.6,9.32,9.6,0.9895833333333334,0.7778428157774899
002300,太阳电缆,2026-04-09,9.45,9.47,9.28,9.37,22567181.0,213497221.0,0.031243717118793722,9.55,9.57,9.38,9.47,0.9894403379091867,0.5816409715140275
002300,太阳电缆,2026-04-10,9.48,9.49,9.32,9.34,20633734.0,195947924.0,0.028566906438178347,9.58,9.59,9.42,9.44,0.989406779661017,0.5601985064590574
002300,太阳电缆,2026-04-13,9.43,9.46,9.26,9.35,19159652.0,180503183.0,0.026526075506840236,9.53,9.56,9.36,9.45,0.9894179894179894,0.6537018985226327
002300,太阳电缆,2026-04-14,9.36,9.48,9.3,9.39,19559386.0,184809772.0,0.027079497576648775,9.46,9.58,9.4,9.49,0.9894625922023182,0.7929029391880703
002300,太阳电缆,2026-04-15,9.37,9.82,9.35,9.82,67954519.0,661725661.0,0.09408139051925418,9.47,9.93,9.45,9.93,0.9889224572004028,2.9820626488162043
002300,太阳电缆,2026-04-16,9.73,9.73,9.42,9.61,45443064.0,439037588.0,0.06291482470173118,9.84,9.84,9.52,9.72,0.9886831275720164,1.5160375010362006
002300,太阳电缆,2026-04-17,9.52,9.59,9.33,9.37,34496093.0,327699748.0,0.04775900771104731,9.62,9.7,9.43,9.47,0.9894403379091867,0.9984376877257358
002300,太阳电缆,2026-04-20,9.47,10.31,9.35,10.31,70486049.0,717673788.0,0.09758623267024061,9.57,10.42,9.45,10.42,0.989443378119002,1.8885650256391429
002300,太阳电缆,2026-04-21,10.51,10.57,10.07,10.23,94003651.0,973298251.0,0.1301457847117817,10.63,10.69,10.18,10.34,0.9893617021276596,1.975371989180879
002300,太阳电缆,2026-04-22,9.89,10.14,9.83,10.11,57815638.0,585490728.0,0.08004435461897438,10.0,10.25,9.94,10.22,0.9892367906066535,0.9253955626627198
002300,太阳电缆,2026-04-23,10.09,10.77,9.78,10.47,100474089.0,1042020410.0,0.13910394986793007,10.2,10.89,9.89,10.59,0.9886685552407932,1.6621326552200728
002300,太阳电缆,2026-04-24,10.36,10.59,10.11,10.21,66439000.0,695493461.0,0.09198319106207976,10.47,10.71,10.22,10.32,0.9893410852713179,0.9298006199809044
002300,太阳电缆,2026-04-27,10.05,10.35,10.0,10.19,39612151.0,408702180.0,0.05484206646416945,10.16,10.46,10.11,10.3,0.9893203883495144,0.5088678779332305
002300,太阳电缆,2026-04-28,9.98,9.99,9.55,9.66,48813129.0,479926749.0,0.06758059831040422,10.09,10.1,9.65,9.77,0.9887410440122826,0.6810921480539752
002300,太阳电缆,2026-04-29,9.49,9.74,9.3,9.58,30910639.0,299686833.0,0.042795033233311366,9.59,9.85,9.4,9.69,0.9886480908152735,0.4935373380037893
002300,太阳电缆,2026-04-30,9.56,9.61,9.25,9.27,37744812.0,355876601.0,0.052256780713109484,9.66,9.72,9.35,9.37,0.9893276414087514,0.6593003110075406
002300,太阳电缆,2026-05-06,9.4,9.52,9.33,9.5,33111277.0,316776369.0,0.045841763401021196,9.5,9.62,9.43,9.6,0.9895833333333334,0.7406790633619722
002300,太阳电缆,2026-05-07,9.58,9.81,9.51,9.81,41015224.0,401270608.0,0.056784587149806574,9.69,9.92,9.61,9.92,0.9889112903225807,1.0782583461656285
002300,太阳电缆,2026-05-08,9.72,9.83,9.61,9.75,29645649.0,290880960.0,0.041043685126602655,9.83,9.94,9.72,9.86,0.988843813387424,0.7736537087818032
002300,太阳电缆,2026-05-11,9.86,9.89,9.56,9.59,35020314.0,342958835.0,0.04848477902611458,9.97,10.0,9.66,9.7,0.988659793814433,1.0155077782471729
002300,太阳电缆,2026-05-12,9.6,10.55,9.4,10.55,72535930.0,756058875.0,0.10042424341208692,9.71,10.67,9.5,10.67,0.9887535145267105,2.0544083279046403
002300,太阳电缆,2026-05-13,10.85,11.6,10.85,11.2,172080312.0,1943593850.0,0.23824103639004646,10.97,11.73,10.97,11.32,0.989399293286219,4.0713959147392185
002300,太阳电缆,2026-05-14,10.91,11.06,10.37,10.39,110856869.0,1195726376.0,0.15347865804378372,11.03,11.18,10.48,10.5,0.9895238095238096,1.5823249019620982
002300,太阳电缆,2026-05-15,10.56,10.63,9.91,10.02,65698035.0,669569376.0,0.09095734291317152,10.68,10.75,10.02,10.13,0.9891411648568607,0.781860567912805
002300,太阳电缆,2026-05-18,9.97,10.27,9.9,10.09,50172882.0,512679754.0,0.06946314350217767,10.08,10.38,10.01,10.2,0.9892156862745098,0.549910360005424
002300,太阳电缆,2026-05-19,10.01,10.31,9.82,10.19,59691863.0,607944646.0,0.082641942822446,10.12,10.42,9.93,10.3,0.9893203883495144,0.6332090729279379
002300,太阳电缆,2026-05-20,10.1,10.11,9.59,9.7,51517575.0,506998101.0,0.07132483848763563,10.21,10.22,9.7,9.81,0.9887869520897042,0.5618056639267631
002300,太阳电缆,2026-05-21,9.67,9.73,9.11,9.13,48466692.0,462302691.0,0.06710096465002442,9.78,9.84,9.21,9.23,0.9891657638136512,0.7170960840940092
002300,太阳电缆,2026-05-22,9.13,9.22,9.0,9.17,26025330.0,240640400.0,0.036031440898322914,9.23,9.32,9.1,9.27,0.9892125134843582,0.47224839248594813
002300,太阳电缆,2026-05-25,9.2,9.46,9.2,9.28,28112245.0,264156029.0,0.03892072431883376,9.3,9.56,9.3,9.38,0.9893390191897653,0.5959157058295048
002300,太阳电缆,2026-05-26,9.2,9.21,8.57,8.69,38601588.0,341125008.0,0.0534429663947935,9.3,9.31,8.66,8.79,0.9886234357224118,0.9026920888911214
002300,太阳电缆,2026-05-27,8.61,8.77,8.36,8.41,25967780.0,223066807.0,0.035951764313100036,8.7,8.87,8.45,8.5,0.9894117647058823,0.6737058384649962
002300,太阳电缆,2026-05-28,8.47,8.73,8.42,8.7,27073518.0,235522002.0,0.037482631871591315,8.56,8.83,8.51,8.8,0.9886363636363634,0.8097424572959725
002300,太阳电缆,2026-05-29,8.69,8.75,8.36,8.46,26030901.0,224052881.0,0.03603915381328863,8.79,8.85,8.45,8.55,0.9894736842105263,0.8928117259829491
002300,太阳电缆,2026-06-01,8.39,8.69,8.33,8.6,19700215.0,170603094.0,0.027274471926263935,8.48,8.79,8.42,8.69,0.9896432681242808,0.6756550929378474
002300,太阳电缆,2026-06-02,8.54,8.6,8.19,8.41,20856988.0,175975618.0,0.02887599620980907,8.63,8.69,8.28,8.5,0.9894117647058823,0.7591315567846674
002300,太阳电缆,2026-06-03,8.41,8.59,8.32,8.52,20185731.0,173379790.0,0.027946657103519713,8.5,8.68,8.41,8.61,0.9895470383275261,0.8436776688058677
002300,太阳电缆,2026-06-04,8.48,8.5,8.16,8.22,21750199.0,182075997.0,0.030112625269122895,8.57,8.59,8.25,8.31,0.9891696750902528,0.9552351647560923
002300,太阳电缆,2026-06-05,8.17,8.29,8.03,8.14,17899560.0,147876355.0,0.024781508562849535,8.26,8.38,8.12,8.23,0.9890643985419199,0.8246818396006178
002300,太阳电缆,2026-06-08,7.82,8.03,7.6,7.72,22726015.0,179246283.0,0.03146361895610546,7.91,8.12,7.68,7.8,0.9897435897435898,1.1318560305977647
002300,太阳电缆,2026-06-09,7.83,7.86,7.65,7.81,14701743.0,115440035.0,0.020354208150553044,7.92,7.95,7.73,7.9,0.9886075949367088,0.7107888818298677
002300,太阳电缆,2026-06-10,7.72,7.76,7.38,7.45,19860089.0,150767639.0,0.027495813618460672,7.8,7.85,7.46,7.53,0.9893758300132802,1.020945187847315
002300,太阳电缆,2026-06-11,7.44,7.51,7.28,7.41,14797670.0,110824730.0,0.020487016765508296,7.52,7.59,7.36,7.49,0.9893190921228304,0.763257450364516
002300,太阳电缆,2026-06-12,7.46,7.55,7.14,7.4,24506532.0,182358514.0,0.03392870174483318,7.54,7.63,7.22,7.48,0.9893048128342246,1.361699784954343
002300,太阳电缆,2026-06-15,7.45,7.6,7.41,7.55,15658497.0,119412681.0,0.021678810958864564,7.53,7.68,7.49,7.63,0.9895150720838795,0.8105479261548743
002300,太阳电缆,2026-06-16,7.56,7.73,7.45,7.64,15519473.0,119499042.0,0.02148633558816039,7.64,7.81,7.53,7.72,0.9896373056994818,0.8667720917744881
002300,太阳电缆,2026-06-17,7.64,7.66,7.33,7.37,18599709.0,140167107.0,0.02575084794542489,7.72,7.74,7.41,7.45,0.9892617449664429,1.0294024520816454
002300,太阳电缆,2026-06-18,7.34,7.37,7.2,7.23,13715467.0,100590418.0,0.018988732846169417,7.42,7.45,7.28,7.31,0.9890560875512997,0.769823607563922
002300,太阳电缆,2026-06-22,7.16,7.31,7.01,7.29,19624217.0,141934606.0,0.027169254530542506,7.24,7.39,7.09,7.37,0.9891451831750339,1.115016409491862
002300,太阳电缆,2026-06-23,7.27,7.4,7.18,7.27,15821130.0,116582265.0,0.021903972419934102,7.35,7.48,7.26,7.35,0.9891156462585033,0.9517343566349669
002300,太阳电缆,2026-06-24,7.24,7.25,6.96,7.09,15799185.0,112912877.0,0.021873590097384737,7.32,7.33,7.04,7.17,0.9888423988842399,0.9485582227933825
002300,太阳电缆,2026-06-25,7.16,7.16,6.83,6.83,18560841.0,129537610.0,0.025697036138049693,7.24,7.24,6.9,6.91,0.9884225759768451,1.1106334287333794
002300,太阳电缆,2026-06-26,6.84,6.92,6.66,6.66,15547909.0,105877874.0,0.02152570454345835,6.92,7.0,6.73,6.73,0.9895988112927191,0.930780210064937
002300,太阳电缆,2026-06-29,6.62,6.75,6.47,6.64,13634934.0,91123846.0,0.018877236852463876,6.69,6.82,6.54,6.71,0.9895678092399404,0.7987351909912498
002300,太阳电缆,2026-06-30,6.58,6.71,6.52,6.69,11999830.0,80804948.0,0.01661354847703451,6.65,6.78,6.59,6.76,0.9896449704142013,0.755999581119898
002300,太阳电缆,2026-07-01,6.77,6.82,6.6,6.74,15579900.0,105671719.0,0.02157009090273362,6.84,6.89,6.67,6.81,0.9897209985315714,1.0311982631173926
002300,太阳电缆,2026-07-02,6.76,6.89,6.66,6.71,16359584.0,112248039.0,0.022649549355959055,6.83,6.97,6.73,6.78,0.9896755162241887,1.0859560879702026
002300,太阳电缆,2026-07-03,6.69,6.84,6.67,6.76,14237127.0,97359144.0,0.019711045872166266,6.76,6.92,6.74,6.83,0.9897510980966324,0.973516618225581
002300,太阳电缆,2026-07-06,6.79,6.89,6.56,6.58,16271536.0,109850212.0,0.02252764848600457,6.86,6.97,6.63,6.65,0.9894736842105263,1.132935833633599
002300,太阳电缆,2026-07-07,6.56,6.6,6.36,6.37,11954085.0,77879698.0,0.016550215348558363,6.63,6.67,6.43,6.44,0.9891304347826086,0.8028482090252096
002300,太阳电缆,2026-07-08,6.45,6.46,6.21,6.23,15372501.0,96401323.0,0.021282950723198704,6.45,6.46,6.21,6.23,1.0,1.0330671934680669
002300,太阳电缆,2026-07-09,6.2,6.28,6.0,6.25,14923265.0,91932440.0,0.020660991573474993,6.2,6.28,6.0,6.25,1.0,1.0056808807696893
002300,太阳电缆,2026-07-10,6.22,6.54,6.16,6.38,19463609.0,124329776.0,0.026947016054356204,6.22,6.54,6.16,6.38,1.0,1.3375485513626624
002300,太阳电缆,2026-07-13,6.38,6.38,6.0,6.01,16904300.0,103213146.0,0.02340369884576152,6.38,6.38,6.0,6.01,1.0,1.0838174563732748
002300,太阳电缆,2026-07-14,5.98,6.04,5.8,6.04,18667163.0,110626925.0,0.025844350914071695,5.98,6.04,5.8,6.04,1.0,1.187210307187587
002300,太阳电缆,2026-07-15,5.98,6.17,5.96,6.06,13125010.0,79811924.0,0.018171339918695743,5.98,6.17,5.96,6.06,1.0,0.7690660438609545
002300,太阳电缆,2026-07-16,5.95,6.2,5.95,6.08,15156360.0,92485171.0,0.020983707402137095,5.95,6.2,5.95,6.08,1.0,0.9121178038241526
002300,太阳电缆,2026-07-17,6.08,6.12,5.86,5.91,18376518.0,110291640.0,0.025441958147081858,6.08,6.12,5.86,5.91,1.0,1.1028146161114274
002300,太阳电缆,2026-07-20,5.92,6.1,5.78,5.86,20475111.0,121792989.0,0.028347422352746877,5.92,6.1,5.78,5.86,1.0,1.2450001581552068
002300,太阳电缆,2026-07-21,5.85,5.91,5.59,5.88,18703794.0,108145524.0,0.025895065873722145,5.85,5.91,5.59,5.88,1.0,1.0899626273432912
002300,太阳电缆,2026-07-22,5.84,5.93,5.8,5.86,10967298.0,64244623.0,0.015184026522466037,5.84,5.93,5.8,5.86,1.0,0.6388459783207417
002300,太阳电缆,2026-07-23,5.87,6.45,5.85,6.45,31165335.0,193780698.0,0.04314784491326296,5.87,6.45,5.85,6.45,1.0,1.8621939096104558
002300,太阳电缆,2026-07-24,6.59,7.1,6.58,7.1,85122718.0,583682969.0,0.11785086971981587,6.59,7.1,6.58,7.1,1.0,4.26945420622908
002300,太阳电缆,2026-07-27,6.96,7.8,6.81,7.46,109475755.0,808265786.0,0.15156721076485694,6.96,7.8,6.81,7.46,1.0,3.2888588452607976
002300,太阳电缆,2026-07-28,7.32,7.39,6.85,7.07,75005567.0,525813603.0,0.10384385640479572,7.32,7.39,6.85,7.07,1.0,1.4681934027026065
002300,太阳电缆,2026-07-29,7.08,7.4,6.86,7.27,76891446.0,547613046.0,0.10645482190916715,7.08,7.4,6.86,7.27,1.0,1.2332755921854597
002300,太阳电缆,2026-07-30,7.01,7.23,6.94,6.97,51161912.0,362265020.0,0.07083274556304328,7.01,7.23,6.94,6.97,1.0,0.6773526555459137
002300,太阳电缆,2026-07-31,6.95,7.04,6.91,6.97,35727090.0,249286469.0,0.04946351253795886,6.95,7.04,6.91,6.97,1.0,0.4492194811373785
002300,太阳电缆,2026-08-03,7.1,7.35,6.96,7.35,62413437.0,450296334.0,0.08641027924710928,7.1,7.35,6.96,7.35,1.0,0.8960707487359293
002300,太阳电缆,2026-08-04,7.28,7.48,7.17,7.4,62134936.0,457578740.0,0.08602469962936449,7.28,7.48,7.17,7.4,1.0,1.031458317527085
002300,太阳电缆,2026-08-05,7.35,7.4,7.25,7.39,45625118.0,333855239.0,0.06316715400663342,7.35,7.4,7.25,7.39,1.0,0.7911993993829705
002300,太阳电缆,2026-08-06,7.34,7.41,7.14,7.26,35595213.0,257724488.0,0.04928093120701452,7.34,7.41,7.14,7.26,1.0,0.6923455184883778
002300,太阳电缆,2026-08-07,7.29,7.3,7.08,7.18,23314813.0,166685331.0,0.03227893861900497,7.29,7.3,7.08,7.18,1.0,0.4827167507521891
002300,太阳电缆,2026-08-10,7.2,7.9,7.19,7.9,91292312.0,704563362.0,0.12639256147733421,7.2,7.9,7.19,7.9,1.0,1.9925552304140677
002300,太阳电缆,2026-08-11,7.79,7.83,7.59,7.61,73829948.0,566325288.0,0.10221623307621334,7.79,7.83,7.59,7.61,1.0,1.4310215420858712
002300,太阳电缆,2026-08-12,7.59,7.67,7.5,7.6,39492363.0,299528904.0,0.054676465181018735,7.59,7.67,7.5,7.6,1.0,0.7322692129751424
002300,太阳电缆,2026-08-13,7.65,7.65,7.42,7.44,35584040.0,267034100.0,0.04926546238977845,7.65,7.65,7.42,7.44,1.0,0.6751558181565019
002300,太阳电缆,2026-08-14,7.42,7.42,7.12,7.26,31276227.0,225907320.0,0.04330137288971891,7.42,7.42,7.12,7.26,1.0,0.5934464429439654
002300,太阳电缆,2026-08-17,7.25,7.28,7.09,7.27,27493115.0,197903162.0,0.038063722472500415,7.25,7.28,7.09,7.27,1.0,0.5063657084454477
002300,太阳电缆,2026-08-18,7.26,7.36,6.98,7.03,30974803.0,220179434.0,0.04288405679139571,7.26,7.36,6.98,7.03,1.0,0.7457493593147658
002300,太阳电缆,2026-08-19,7.05,7.05,6.65,6.67,24656204.0,167251603.0,0.03413607029546687,7.05,7.05,6.65,6.67,1.0,0.747971181360227
002300,太阳电缆,2026-08-20,6.78,6.81,6.67,6.7,12824400.0,86238864.0,0.017755150788709623,6.78,6.81,6.67,6.7,1.0,0.4275244938991617
002300,太阳电缆,2026-08-21,6.66,6.73,6.57,6.72,11954438.0,79785394.0,0.016550704070699626,6.66,6.73,6.57,6.72,1.0,0.4698157431617334
002300,太阳电缆,2026-08-24,6.69,6.75,6.52,6.62,12205777.0,80649508.0,0.01689867838872491,6.69,6.75,6.52,6.62,1.0,0.5655904620225433
002300,太阳电缆,2026-08-25,6.54,6.77,6.52,6.76,13794429.0,92307774.0,0.019098138465670822,6.54,6.77,6.52,6.76,1.0,0.7447139425355261
002300,太阳电缆,2026-08-26,6.77,6.88,6.71,6.83,15211152.0,103740989.0,0.021059565939145843,6.77,6.88,6.71,6.83,1.0,1.0082257567443804
002300,太阳电缆,2026-08-27,6.76,6.83,6.62,6.81,12943549.0,87557362.0,0.017920110432928762,6.76,6.83,6.62,6.81,1.0,0.9807175750773646
002300,太阳电缆,2026-08-28,6.76,6.86,6.74,6.83,12315900.0,83976107.0,0.017051141698533175,6.76,6.86,6.74,6.83,1.0,0.9314795056583907
002300,太阳电缆,2026-08-31,6.8,6.85,6.72,6.84,11246761.0,76334005.0,0.015570938011881929,6.8,6.85,6.72,6.84,1.0,0.8459925121715463
002300,太阳电缆,2026-09-01,6.85,6.96,6.83,6.94,14680488.0,101631199.0,0.02032487119021881,6.85,6.96,6.83,6.94,1.0,1.120446241501778
002300,太阳电缆,2026-09-02,6.89,7.63,6.86,7.63,56783429.0,423822601.0,0.07861563458680225,6.89,7.63,6.86,7.63,1.0,4.275999072259117
002300,太阳电缆,2026-09-03,7.83,8.39,7.7,8.39,59881592.0,486964760.0,0.08290498545179406,7.83,8.39,7.7,8.39,1.0,2.7730629602760404
002300,太阳电缆,2026-09-04,8.35,8.7,7.82,8.03,140718413.0,1145841423.0,0.1948221079787683,8.35,8.7,7.82,8.03,1.0,4.541994557162479
002300,太阳电缆,2026-09-07,7.95,8.14,7.89,8.0,74154847.0,593197179.0,0.10266604988917152,7.95,8.14,7.89,8.0,1.0,1.308719569180524
002300,太阳电缆,2026-09-08,8.05,8.08,7.85,8.08,74956289.0,598723965.0,0.103775631901461,8.05,8.08,7.85,8.08,1.0,1.0824989242567609
002300,太阳电缆,2026-09-09,7.95,8.8,7.89,8.28,115597282.0,963569587.0,0.16004235462672628,7.95,8.8,7.89,8.28,1.0,1.4218797805835388
002564,天沃科技,2026-03-19,6.76,6.83,6.7,6.74,8607500.0,58085907.0,0.010021486941207317,6.76,6.83,6.7,6.74,1.0,0.6816862615861321
002564,天沃科技,2026-03-20,6.72,6.81,6.57,6.6,11482316.0,76488324.0,0.013368559959200213,6.72,6.81,6.57,6.6,1.0,0.9934836808919255
002564,天沃科技,2026-03-23,6.49,6.59,6.2,6.32,18571881.0,119077616.0,0.021622754913175286,6.49,6.59,6.2,6.32,1.0,1.6694647369788735
002564,天沃科技,2026-03-24,6.45,6.58,6.32,6.56,11944400.0,76839894.0,0.013906552264949948,6.45,6.58,6.32,6.56,1.0,0.98788938133382
002564,天沃科技,2026-03-25,6.6,6.63,6.53,6.61,11349700.0,74675997.0,0.013214158621739261,6.6,6.63,6.53,6.61,1.0,0.9260979287219313
002564,天沃科技,2026-03-26,6.52,6.54,6.08,6.14,27574500.0,171642694.0,0.032104268563499405,6.52,6.54,6.08,6.14,1.0,2.2253365572877706
002564,天沃科技,2026-03-27,6.07,6.23,5.99,6.22,18513755.0,114239849.0,0.02155508033287385,6.07,6.23,5.99,6.22,1.0,1.1439146746250008
002564,天沃科技,2026-03-30,6.14,6.23,6.0,6.1,17297547.0,105158761.0,0.020139081193775173,6.14,6.23,6.0,6.1,1.0,0.983326544954583
002564,天沃科技,2026-03-31,6.09,6.23,6.05,6.06,12432600.0,76286693.0,0.014474950745890686,6.09,6.23,6.05,6.06,1.0,0.7171558638818027
002564,天沃科技,2026-04-01,6.18,6.22,6.08,6.16,11367500.0,69773989.0,0.01323488269580879,6.18,6.22,6.08,6.16,1.0,0.652044712410969
002564,天沃科技,2026-04-02,6.17,6.17,5.93,5.97,11010366.0,66375934.0,0.012819080927901601,6.17,6.17,5.93,5.97,1.0,0.6314304117654251
002564,天沃科技,2026-04-03,5.97,6.02,5.76,5.81,12429545.0,72382635.0,0.014471393889357967,5.97,6.02,5.76,5.81,1.0,0.88000805927147
002564,天沃科技,2026-04-07,5.78,5.94,5.72,5.89,11019000.0,64741756.0,0.012829133268099148,5.78,5.94,5.72,5.89,1.0,0.8536889480695876
002564,天沃科技,2026-04-08,6.01,6.14,5.99,6.13,15107103.0,91589750.0,0.017588804581350436,6.01,6.14,5.99,6.13,1.0,1.2965464690088886
002564,天沃科技,2026-04-09,6.08,6.19,5.98,6.06,15179979.0,92457984.0,0.017673652200557805,6.08,6.19,5.98,6.06,1.0,1.2456182159459899
002564,天沃科技,2026-04-10,6.13,6.15,6.06,6.07,8975200.0,54789201.0,0.010449590426340274,6.13,6.15,6.06,6.07,1.0,0.6931085295116256
002564,天沃科技,2026-04-13,6.03,6.17,6.03,6.14,9522255.0,58010880.0,0.011086512243200241,6.03,6.17,6.03,6.14,1.0,0.7592193769028114
002564,天沃科技,2026-04-14,6.2,6.22,6.08,6.19,12185280.0,74852461.0,0.014187002543706615,6.2,6.22,6.08,6.19,1.0,1.0187758627052443
002564,天沃科技,2026-04-15,6.23,6.24,5.99,6.01,13042501.0,79189479.0,0.01518504251550199,6.23,6.24,5.99,6.01,1.0,1.0695866940194358
002564,天沃科技,2026-04-16,6.0,6.15,5.97,6.09,13730337.0,83351796.0,0.015985871965596938,6.0,6.15,5.97,6.09,1.0,1.16546022283426
002564,天沃科技,2026-04-17,6.06,6.53,5.95,6.38,35696137.0,223492350.0,0.04156007793169298,6.06,6.53,5.95,6.38,1.0,3.106412062064023
002564,天沃科技,2026-04-20,6.32,6.35,6.14,6.25,20292900.0,126117572.0,0.023626492285707342,6.32,6.35,6.14,6.25,1.0,1.2053778423458041
002564,天沃科技,2026-04-21,6.23,6.23,6.08,6.15,13485900.0,82689836.0,0.015701280364847837,6.23,6.23,6.08,6.15,1.0,0.7101792570825318
002564,天沃科技,2026-04-22,6.14,6.35,6.07,6.29,26718643.0,166648168.0,0.03110781666120015,6.14,6.35,6.07,6.29,1.0,1.3880135410922487
002564,天沃科技,2026-04-23,6.29,6.35,6.19,6.31,19099804.0,119830306.0,0.02223740184323198,6.29,6.35,6.19,6.31,1.0,0.8687738083423647
002564,天沃科技,2026-04-24,6.28,6.31,6.15,6.23,13972700.0,86760616.0,0.01626804886243479,6.28,6.31,6.15,6.23,1.0,0.6059627844733918
002564,天沃科技,2026-04-27,6.23,6.57,6.18,6.36,22608002.0,145149447.0,0.0263219049445006,6.23,6.57,6.18,6.36,1.0,1.2080803038180625
002564,天沃科技,2026-04-28,6.34,6.38,6.26,6.33,12392549.0,78221401.0,0.014428320414960416,6.34,6.38,6.26,6.33,1.0,0.6462190471425843
002564,天沃科技,2026-04-29,6.32,6.49,6.25,6.4,12789880.0,81975705.0,0.0148909224977762,6.32,6.49,6.25,6.4,1.0,0.6746308099681894
002564,天沃科技,2026-04-30,6.3,6.48,6.1,6.17,23253100.0,144170196.0,0.02707297565989984,6.3,6.48,6.1,6.17,1.0,1.437809547724183
002564,天沃科技,2026-05-06,6.18,6.36,6.15,6.22,16757131.0,104646997.0,0.01950988899083361,6.18,6.36,6.15,6.22,1.0,0.985525399261701
002564,天沃科技,2026-05-07,6.2,6.35,6.17,6.28,17896431.0,112448691.0,0.020836346158666023,6.2,6.35,6.17,6.28,1.0,1.0191512565133052
002564,天沃科技,2026-05-08,6.26,6.33,6.19,6.3,13680700.0,85716328.0,0.01592808090578855,6.26,6.33,6.19,6.3,1.0,0.8232548843265117
002564,天沃科技,2026-05-11,6.34,6.48,6.3,6.4,20516338.0,131116004.0,0.02388663530042352,6.34,6.48,6.3,6.4,1.0,1.2157506878454265
002564,天沃科技,2026-05-12,6.37,6.37,6.12,6.15,25040000.0,154724933.0,0.029153416556239466,6.37,6.37,6.12,6.15,1.0,1.359337355611121
002564,天沃科技,2026-05-13,6.13,6.28,6.13,6.26,18611720.0,115902562.0,0.02166913841805484,6.13,6.28,6.13,6.26,1.0,0.9911386230357458
002564,天沃科技,2026-05-14,6.26,6.28,6.0,6.0,20842938.0,127257509.0,0.024266887131384692,6.26,6.28,6.0,6.0,1.0,1.0884587631865241
002564,天沃科技,2026-05-15,6.0,6.02,5.82,5.86,19460600.0,114705994.0,0.022657467181883138,6.0,6.02,5.82,5.86,1.0,0.985928947862037
002564,天沃科技,2026-05-18,5.87,5.95,5.79,5.91,13051600.0,76730874.0,0.015195636243027756,5.87,5.95,5.79,5.91,1.0,0.6246482536746161
002564,天沃科技,2026-05-19,5.91,5.95,5.79,5.91,11438639.0,67009527.0,0.013317707971383643,5.91,5.95,5.79,5.91,1.0,0.5895788831754555
002564,天沃科技,2026-05-20,5.87,6.06,5.71,6.0,19537000.0,114981561.0,0.022746417702046745,5.87,6.06,5.71,6.0,1.0,1.171205777959695
002564,天沃科技,2026-05-21,6.0,6.09,5.63,5.64,17498900.0,102526826.0,0.020373511221085414,6.0,6.09,5.63,5.64,1.0,1.037515639159829
002564,天沃科技,2026-05-22,5.69,5.8,5.6,5.78,13798000.0,79177905.0,0.016064650225359113,5.69,5.8,5.6,5.78,1.0,0.8518678595022822
002564,天沃科技,2026-05-25,5.71,5.72,5.51,5.55,18392700.0,102727765.0,0.021414139165093677,5.71,5.72,5.51,5.55,1.0,1.220903434422264
002564,天沃科技,2026-05-26,5.52,5.65,5.41,5.5,14033310.0,77113877.0,0.01633861549891537,5.52,5.65,5.41,5.5,1.0,0.869848659346314
002564,天沃科技,2026-05-27,5.46,5.5,5.3,5.33,12421500.0,66616789.0,0.014462027306442833,5.46,5.5,5.3,5.33,1.0,0.7459472391935086
002564,天沃科技,2026-05-28,5.28,5.41,5.28,5.35,12379100.0,66458233.0,0.01441266209629968,5.28,5.41,5.28,5.35,1.0,0.8128699138912495
002564,天沃科技,2026-05-29,5.38,5.4,5.07,5.16,16856700.0,87307631.0,0.019625814571228507,5.38,5.4,5.07,5.16,1.0,1.1866802225313169
002564,天沃科技,2026-06-01,5.16,5.33,4.99,5.28,16905008.0,88233690.0,0.019682058311124625,5.16,5.33,4.99,5.28,1.0,1.1409457811752741
002564,天沃科技,2026-06-02,5.28,5.3,5.06,5.13,11872054.0,60954196.0,0.013822321710869369,5.28,5.3,5.06,5.13,1.0,0.8176839268728314
002564,天沃科技,2026-06-03,5.12,5.14,5.02,5.07,13533300.0,68714304.0,0.015756466944111643,5.12,5.14,5.02,5.07,1.0,0.9607029591607573
002564,天沃科技,2026-06-04,5.06,5.1,5.01,5.06,12907800.0,65210601.0,0.015028213667117723,5.06,5.1,5.01,5.06,1.0,0.9020609658977934
002564,天沃科技,2026-06-05,5.04,5.19,4.92,5.08,14949100.0,75577096.0,0.01740484582431627,5.04,5.19,4.92,5.08,1.0,1.0370536678932525
002564,天沃科技,2026-06-08,4.95,5.06,4.68,4.78,18299500.0,88414597.0,0.02130562884468467,4.95,5.06,4.68,4.78,1.0,1.3039913115036468
002564,天沃科技,2026-06-09,4.87,4.93,4.74,4.86,15420900.0,74931061.0,0.017954150214541262,4.87,4.93,4.74,4.86,1.0,1.077454026629923
002564,天沃科技,2026-06-10,4.88,4.93,4.7,4.79,10838500.0,51907531.0,0.012618981842843508,4.88,4.93,4.7,4.79,1.0,0.7215026906987828
002564,天沃科技,2026-06-11,4.72,4.79,4.63,4.78,10843546.0,51149571.0,0.012624856768560073,4.72,4.79,4.63,4.78,1.0,0.7487002836397582
002564,天沃科技,2026-06-12,4.86,4.92,4.78,4.89,13005846.0,63302297.0,0.015142366058478468,4.86,4.92,4.78,4.89,1.0,0.9243468508851249
002564,天沃科技,2026-06-15,4.9,4.94,4.69,4.75,18811300.0,89783396.0,0.0219015041878749,4.9,4.94,4.69,4.75,1.0,1.3749283493293474
002564,天沃科技,2026-06-16,4.75,4.92,4.68,4.82,17859900.0,86146076.0,0.020793814071596695,4.75,4.92,4.68,4.82,1.0,1.2956961810207681
002564,天沃科技,2026-06-17,5.01,5.3,4.73,4.85,46927916.0,231758635.0,0.054636944219816894,5.01,5.3,4.73,4.85,1.0,3.2881525454387788
002564,天沃科技,2026-06-18,4.81,4.95,4.63,4.67,28838301.0,136443737.0,0.03357567898670995,4.81,4.95,4.63,4.67,1.0,1.3419591177571306
002564,天沃科技,2026-06-22,4.6,4.65,4.4,4.51,24363624.0,109232117.0,0.02836592968416906,4.6,4.65,4.4,4.51,1.0,0.9711013336762453
002564,天沃科技,2026-06-23,4.51,4.67,4.45,4.63,23136393.0,106731826.0,0.026937096754706985,4.51,4.67,4.45,4.63,1.0,0.8456219642363687
002564,天沃科技,2026-06-24,4.64,4.66,4.42,4.45,18406800.0,82512765.0,0.021430555426013922,4.64,4.66,4.42,4.45,1.0,0.6521400210679618
002564,天沃科技,2026-06-25,4.46,4.55,4.35,4.43,18130350.0,80272376.0,0.021108691927332914,4.46,4.55,4.35,4.43,1.0,0.6398659465427979
002564,天沃科技,2026-06-26,4.4,4.47,4.29,4.33,14355000.0,62760043.0,0.01671315074540006,4.4,4.47,4.29,4.33,1.0,0.6358777622078164
002564,天沃科技,2026-06-29,4.3,4.35,4.18,4.3,18708300.0,79633219.0,0.02178158398398941,4.3,4.35,4.18,4.3,1.0,0.9507006792522418
002564,天沃科技,2026-06-30,4.29,4.37,4.24,4.3,13348000.0,57511167.0,0.015540727004500175,4.29,4.37,4.24,4.3,1.0,0.7196708216603837
002564,天沃科技,2026-07-01,4.3,4.55,4.3,4.45,21088100.0,93433973.0,0.024552322830656288,4.3,4.55,4.3,4.45,1.0,1.2711569655611408
002564,天沃科技,2026-07-02,4.41,4.54,4.35,4.36,17039119.0,75820937.0,0.019838200237952654,4.41,4.54,4.35,4.36,1.0,0.9949298579056928
002564,天沃科技,2026-07-03,4.46,4.54,4.34,4.5,21733300.0,96799419.0,0.02530351230198559,4.46,4.54,4.34,4.5,1.0,1.2854081344860087
002564,天沃科技,2026-07-06,4.47,4.58,4.37,4.38,12697938.0,56493031.0,0.01478387683383795,4.47,4.58,4.37,4.38,1.0,0.6907298434685821
002564,天沃科技,2026-07-07,4.35,4.37,4.21,4.24,12224200.0,52182551.0,0.014232316080941793,4.35,4.37,4.21,4.24,1.0,0.7114831892089323
002564,天沃科技,2026-07-08,4.21,4.27,4.17,4.23,11747400.0,49554428.0,0.013677190321596146,4.21,4.27,4.17,4.23,1.0,0.6927949898998802
002564,天沃科技,2026-07-09,4.18,4.26,4.09,4.21,12999800.0,54249937.0,0.015135326858937773,4.18,4.26,4.09,4.21,1.0,0.8615762711457763
002564,天沃科技,2026-07-10,4.2,4.46,4.13,4.33,21508800.0,93422792.0,0.025042132828468188,4.2,4.46,4.13,4.33,1.0,1.5061628395298226
002564,天沃科技,2026-07-13,4.3,4.33,4.04,4.07,20272617.0,83521123.0,0.023602877319732495,4.3,4.33,4.04,4.07,1.0,1.4240760976354847
002564,天沃科技,2026-07-14,4.07,4.15,3.97,4.12,15579000.0,63285896.0,0.018138221906136367,4.07,4.15,3.97,4.12,1.0,0.989107475355453
002564,天沃科技,2026-07-15,4.09,4.25,4.07,4.18,13560890.0,56794207.0,0.01578858925891942,4.09,4.25,4.07,4.18,1.0,0.8257997549727938
002564,天沃科技,2026-07-16,4.13,4.28,4.07,4.23,15186500.0,63925449.0,0.01768124443016496,4.13,4.28,4.07,4.23,1.0,0.904808131284541
002564,天沃科技,2026-07-17,4.23,4.28,4.06,4.1,14902600.0,61932522.0,0.01735070709149418,4.23,4.28,4.06,4.1,1.0,0.8653454616490234
002564,天沃科技,2026-07-20,4.1,4.25,3.99,4.04,18537900.0,76612227.0,0.021583191724357492,4.1,4.25,3.99,4.04,1.0,1.1658820934273693
002564,天沃科技,2026-07-21,4.09,4.12,3.93,4.08,17961700.0,72230571.0,0.020912337146893226,4.09,4.12,3.93,4.08,1.0,1.154842375720567
002564,天沃科技,2026-07-22,4.01,4.16,4.0,4.03,10954100.0,44574361.0,0.012753571896913049,4.01,4.16,4.0,4.03,1.0,0.683353464440679
002564,天沃科技,2026-07-23,4.02,4.22,3.99,4.2,18554000.0,76606825.0,0.021601936532926,4.02,4.22,3.99,4.2,1.0,1.1963715522266414
002564,天沃科技,2026-07-24,4.2,4.27,4.06,4.07,12674500.0,52547617.0,0.014756588583947967,4.2,4.27,4.06,4.07,1.0,0.7832439133212953
002564,天沃科技,2026-07-27,4.09,4.27,4.03,4.25,16503380.0,69246992.0,0.019214453343686554,4.09,4.27,4.03,4.25,1.0,1.0487365630345873
002564,天沃科技,2026-07-28,4.25,4.47,4.24,4.29,14311800.0,62236903.0,0.016662854116197605,4.25,4.47,4.24,4.29,1.0,0.9336094712847147
002564,天沃科技,2026-07-29,4.29,4.37,4.23,4.35,11539000.0,49789088.0,0.013434555656647253,4.29,4.37,4.23,4.35,1.0,0.7903665015566227
002564,天沃科技,2026-07-30,4.35,4.46,4.31,4.33,13720700.0,59965650.0,0.015974651858753786,4.35,4.46,4.31,4.33,1.0,0.9323321738213395
002564,天沃科技,2026-07-31,4.35,4.42,4.33,4.36,10717000.0,46843998.0,0.012477522573211596,4.35,4.42,4.33,4.36,1.0,0.7794252108164467
002564,天沃科技,2026-08-03,4.38,4.48,4.35,4.46,11735083.0,51989870.0,0.013662849960904326,4.38,4.48,4.35,4.46,1.0,0.8784812614946608
002564,天沃科技,2026-08-04,4.47,4.5,4.42,4.44,10517900.0,46908134.0,0.01224571565482712,4.47,4.5,4.42,4.44,1.0,0.8478952272073672
002564,天沃科技,2026-08-05,4.44,4.47,4.37,4.44,14135600.0,62500512.0,0.01645770906838573,4.44,4.47,4.37,4.44,1.0,1.2137795769899693
002564,天沃科技,2026-08-06,4.44,4.5,4.38,4.48,14621120.0,65038393.0,0.017022987295477795,4.44,4.5,4.38,4.48,1.0,1.201875182805433
002564,天沃科技,2026-08-07,4.48,4.49,4.32,4.4,14455261.0,63302499.0,0.016829882003281258,4.48,4.49,4.32,4.4,1.0,1.1709082372340542
002564,天沃科技,2026-08-10,4.4,4.6,4.38,4.56,17870861.0,80661984.0,0.020806575676982995,4.4,4.6,4.38,4.56,1.0,1.3649179582532116
002564,天沃科技,2026-08-11,4.59,4.71,4.49,4.63,15640300.0,71904152.0,0.018209591891555597,4.59,4.71,4.49,4.63,1.0,1.0921884021816421
002564,天沃科技,2026-08-12,4.69,4.77,4.59,4.74,15961000.0,75132299.0,0.018582974506954397,4.69,4.77,4.59,4.74,1.0,1.0401685582688989
002564,天沃科技,2026-08-13,4.74,4.78,4.57,4.58,14026194.0,65264433.0,0.016330330526382855,4.74,4.78,4.57,4.58,1.0,0.8928360503496042
002564,天沃科技,2026-08-14,4.59,4.62,4.48,4.56,11143100.0,50598754.0,0.012973619649673801,4.59,4.62,4.48,4.56,1.0,0.714726305961227
002564,天沃科技,2026-08-17,4.56,4.58,4.49,4.56,7117200.0,32286689.0,0.008286369661104933,4.56,4.58,4.49,4.56,1.0,0.47675919500765357
002564,天沃科技,2026-08-18,4.58,4.61,4.47,4.52,9825461.0,44378349.0,0.011439527052319695,4.58,4.61,4.47,4.52,1.0,0.7689622997469594
002564,天沃科技,2026-08-19,4.52,4.52,4.32,4.33,10245200.0,44896767.0,0.011928218182986604,4.52,4.52,4.32,4.33,1.0,0.8820973549563648
002564,天沃科技,2026-08-20,4.35,4.41,4.33,4.4,9406300.0,41202450.0,0.010951508871923135,4.35,4.41,4.33,4.4,1.0,0.8982821927585638
002564,天沃科技,2026-08-21,4.35,4.44,4.31,4.42,9253972.0,40535694.0,0.010774157368840912,4.35,4.44,4.31,4.42,1.0,0.9692608882608494
002564,天沃科技,2026-08-24,4.42,4.42,4.24,4.28,13109800.0,56586405.0,0.015263396979592178,4.42,4.42,4.24,4.28,1.0,1.4296983478040426
002564,天沃科技,2026-08-25,4.29,4.45,4.24,4.42,13025460.0,57019125.0,0.015165202125264973,4.29,4.45,4.24,4.42,1.0,1.2562958938099893
002564,天沃科技,2026-08-26,4.4,4.55,4.39,4.5,11165100.0,50043956.0,0.012999233673804683,4.4,4.55,4.39,4.5,1.0,1.0142579499124393
002564,天沃科技,2026-08-27,4.47,4.52,4.45,4.51,8002300.0,35897569.0,0.009316868422843254,4.47,4.52,4.45,4.51,1.0,0.7149937120081131
002564,天沃科技,2026-08-28,4.53,4.56,4.5,4.52,7485600.0,33917069.0,0.008715288137914782,4.53,4.56,4.5,4.52,1.0,0.6860394168027087
002564,天沃科技,2026-08-31,4.49,4.55,4.47,4.52,7298100.0,32917916.0,0.008496986795890225,4.49,4.55,4.47,4.52,1.0,0.6912616555271949
002564,天沃科技,2026-09-01,4.48,4.6,4.48,4.56,10593600.0,48295391.0,0.012333851183313834,4.48,4.6,4.48,4.56,1.0,1.1275410545174018
002564,天沃科技,2026-09-02,4.55,4.63,4.47,4.59,8061772.0,36736623.0,0.00938611011571197,4.55,4.63,4.47,4.59,1.0,0.9049081035454274
002564,天沃科技,2026-09-03,4.6,4.62,4.48,4.48,8349550.0,37822827.0,0.009721162508272733,4.6,4.62,4.48,4.48,1.0,1.0073930467360008
002564,天沃科技,2026-09-04,4.48,4.93,4.48,4.93,16280161.0,78292653.0,0.018954565304937863,4.48,4.93,4.48,4.93,1.0,1.9479179045434902
002564,天沃科技,2026-09-07,5.36,5.42,5.05,5.42,34366002.0,181942410.0,0.040011436568632534,5.36,5.42,5.05,5.42,1.0,3.396978992010052
002564,天沃科技,2026-09-08,5.56,5.77,5.4,5.41,111300707.0,615102766.0,0.12958449976737052,5.56,5.77,5.4,5.41,1.0,7.1667193703732535
002564,天沃科技,2026-09-09,5.41,5.45,5.14,5.35,73451267.0,385606089.0,0.08551738751735485,5.41,5.45,5.14,5.35,1.0,2.0590942915590893
003018,金富科技,2026-03-19,22.46,22.96,21.42,21.89,14768700.0,389504341.0,0.06221346953820231,27.0,27.6,25.75,26.32,0.8316869300911854,0.9984746939632166
003018,金富科技,2026-03-20,21.68,21.82,20.95,20.98,8286500.0,212494573.0,0.03490706123953451,26.06,26.23,25.18,25.22,0.8318794607454402,0.5136442483261948
003018,金富科技,2026-03-23,20.84,21.95,19.81,20.21,8676000.0,214809246.0,0.03654783844979201,25.05,26.39,23.81,24.3,0.8316872427983539,0.5776259350369757
003018,金富科技,2026-03-24,20.38,20.88,19.97,20.8,7004400.0,172587152.0,0.029506187141277448,24.5,25.1,24.01,25.0,0.8320000000000001,0.5593179330054595
003018,金富科技,2026-03-25,20.8,22.23,20.7,21.34,8677713.0,224169321.0,0.036555054499499764,25.01,26.72,24.88,25.65,0.8319688109161794,0.8248317783691349
003018,金富科技,2026-03-26,21.63,23.48,21.55,23.48,8319346.0,231195267.0,0.035045425727976406,26.0,28.22,25.9,28.22,0.8320340184266478,0.8773217345094615
003018,金富科技,2026-03-27,23.24,23.4,22.21,23.11,14467900.0,397772265.0,0.06094634300458112,27.94,28.13,26.7,27.78,0.8318934485241181,1.765930387734252
003018,金富科技,2026-03-30,22.88,24.7,22.54,24.63,16041117.0,460253083.0,0.06757355378863672,27.5,29.69,27.09,29.61,0.8318135764944276,1.701240306601547
003018,金富科技,2026-03-31,24.12,25.46,23.39,24.21,17474300.0,513065750.0,0.0736108683060397,29.0,30.61,28.12,29.1,0.831958762886598,1.6028386910435346
003018,金富科技,2026-04-01,24.83,26.3,24.29,25.73,17347965.0,530729735.0,0.07307867937444053,29.85,31.61,29.2,30.93,0.8318784351762043,1.3348618512148962
003018,金富科技,2026-04-02,25.54,25.9,25.04,25.38,9963202.0,304698946.0,0.04197020483386867,30.7,31.13,30.1,30.51,0.831858407079646,0.6763826915365881
003018,金富科技,2026-04-03,25.16,26.3,24.22,24.23,14910600.0,450918046.0,0.06281122637038597,30.25,31.61,29.12,29.13,0.8317885341572263,0.990152213540636
003018,金富科技,2026-04-07,24.37,24.37,23.45,23.73,10467700.0,299074163.0,0.04409541361697646,29.29,29.3,28.19,28.53,0.8317560462670872,0.6910542118914799
003018,金富科技,2026-04-08,24.12,26.1,23.73,25.71,17423340.0,535730044.0,0.07339619819914696,29.0,31.38,28.53,30.91,0.8317696538337108,1.2416194814625616
003018,金富科技,2026-04-09,27.48,27.73,25.88,26.2,16390978.0,527646120.0,0.06904735085040282,33.04,33.34,31.11,31.5,0.8317460317460317,1.1689004264228073
003018,金富科技,2026-04-10,26.6,27.51,25.79,26.83,11006747.0,355349398.0,0.04636616081301669,31.98,33.07,31.0,32.25,0.831937984496124,0.7957932535540754
003018,金富科技,2026-04-13,26.62,29.51,26.09,29.51,13748011.0,470033662.0,0.05791379495550524,32.0,35.48,31.36,35.48,0.8317361894024804,0.9792119202217855
003018,金富科技,2026-04-14,29.53,31.75,29.12,31.08,18316284.0,676320086.0,0.0771577441946185,35.5,38.17,35.0,37.36,0.8319057815845824,1.3265599193102529
003018,金富科技,2026-04-15,30.6,30.66,28.97,29.61,18591730.0,659340367.0,0.07831806645253014,36.79,36.86,34.83,35.59,0.8319752739533576,1.209055273981939
003018,金富科技,2026-04-16,29.92,30.6,28.99,29.66,13543700.0,481894184.0,0.05705313043020378,35.97,36.79,34.85,35.65,0.8319775596072931,0.8675880402927469
003018,金富科技,2026-04-17,29.54,32.63,28.56,32.63,15566098.0,584491931.0,0.06557252593333684,35.51,39.22,34.33,39.22,0.8319734829168792,1.0348908535424983
003018,金富科技,2026-04-20,32.69,35.89,32.69,35.89,17863359.0,741029334.0,0.07524978779421831,39.3,43.14,39.3,43.14,0.8319425127491887,1.1197376475385956
003018,金富科技,2026-04-21,36.6,39.47,36.23,39.47,12966119.0,599048847.0,0.05462005792217366,44.0,47.45,43.55,47.45,0.8318229715489989,0.7728861462842478
003018,金富科技,2026-04-22,41.26,43.42,40.76,43.42,20007251.0,1035964370.0,0.08428097941130008,49.6,52.2,49.0,52.2,0.8318007662835248,1.2738440533921087
003018,金富科技,2026-04-23,45.75,47.77,43.27,45.56,26643498.0,1435887814.0,0.11223631404349428,55.0,57.42,52.02,54.77,0.8318422494066094,1.6663324224203009
003018,金富科技,2026-04-24,42.65,48.25,42.65,47.65,22374072.0,1241684947.0,0.09425126428308146,51.27,58.0,51.27,57.28,0.8318784916201117,1.2023082050795666
003018,金富科技,2026-04-27,46.54,47.42,45.25,46.19,14349000.0,798061790.0,0.060445474171976196,55.95,57.0,54.4,55.53,0.8318026292094363,0.7184968571057716
003018,金富科技,2026-04-28,46.76,48.46,45.49,45.93,12870139.0,721726056.0,0.05421574008740983,56.21,58.25,54.69,55.21,0.8319145082412607,0.6679544849207919
003018,金富科技,2026-04-29,46.84,47.33,45.54,45.8,12138900.0,674772077.0,0.0511353799168027,56.31,56.9,54.75,55.06,0.8318198329095531,0.630631781984033
003018,金富科技,2026-04-30,44.92,45.71,43.34,44.26,11229400.0,596606582.0,0.047304091411721344,54.0,54.95,52.1,53.2,0.831954887218045,0.6353223546103088
003018,金富科技,2026-05-06,44.55,44.74,41.3,41.44,16280700.0,831557979.0,0.06858280238007478,53.55,53.78,49.65,49.82,0.8317944600562023,1.1157046898329723
003018,金富科技,2026-05-07,41.39,42.26,39.92,41.72,14473674.0,716949703.0,0.0609706661049971,49.76,50.8,47.99,50.15,0.8319042871385842,1.0822548837496433
003018,金富科技,2026-05-08,41.3,42.01,39.91,40.23,11837100.0,579429756.0,0.04986404086146069,49.65,50.5,47.98,48.36,0.8318858560794045,0.8834604392563722
003018,金富科技,2026-05-11,41.33,41.59,39.52,39.61,13589215.0,655908916.0,0.05724486335632668,49.68,50.0,47.51,47.61,0.8319680739340475,1.0301138236161937
003018,金富科技,2026-05-12,40.08,41.49,38.81,41.14,17672009.0,852873013.0,0.07444372176294034,48.18,49.88,46.66,49.46,0.831783259199353,1.310783686993797
003018,金富科技,2026-05-13,41.14,41.16,39.97,40.65,16588198.0,810201176.0,0.06987814438418198,49.46,49.48,48.05,48.87,0.8317986494782075,1.1230597154351762
003018,金富科技,2026-05-14,44.72,44.72,44.72,44.72,3983200.0,214136832.0,0.0167793165183508,53.76,53.76,53.76,53.76,0.8318452380952381,0.26855376703696954
003018,金富科技,2026-05-15,49.2,49.2,48.73,49.2,8277700.0,489527404.0,0.03486999104839134,59.14,59.14,58.58,59.14,0.8319242475481907,0.650049956241367
003018,金富科技,2026-05-18,49.35,54.11,45.12,54.11,20720200.0,1284233913.0,0.0872842925596335,59.33,65.05,54.24,65.05,0.8318216756341276,1.7235143075759933
003018,金富科技,2026-05-19,57.4,59.53,53.36,55.32,28111834.0,1900183001.0,0.11842171133694908,69.0,71.56,64.15,66.5,0.8318796992481203,2.0903693915408277
003018,金富科技,2026-05-20,55.14,59.53,52.56,58.1,22656172.0,1541900114.0,0.0954396166605234,66.29,71.56,63.18,69.84,0.8319014891179839,1.4582802423631005
003018,金富科技,2026-05-21,57.37,59.08,54.94,55.52,15086609.0,1022266064.0,0.06355266810594493,68.97,71.02,66.05,66.74,0.8318849265807613,0.9007026892919908
003018,金富科技,2026-05-22,54.15,56.32,51.38,55.4,19072626.0,1240090444.0,0.08034385129798326,65.1,67.7,61.77,66.6,0.8318318318318318,1.0053832520940535
003018,金富科技,2026-05-25,56.1,57.69,54.66,57.4,12737902.0,865744156.0,0.0536586888526144,67.44,69.35,65.71,69.0,0.8318840579710145,0.6028495285560206
003018,金富科技,2026-05-26,57.41,57.76,52.42,53.03,11473300.0,747156542.0,0.04833152545942815,69.01,69.44,63.01,63.75,0.831843137254902,0.5873794706879198
003018,金富科技,2026-05-27,52.91,53.24,48.49,48.84,13315668.0,803043477.0,0.056092540677162864,63.6,64.0,58.29,58.71,0.8318855390904446,0.8216848862575502
003018,金富科技,2026-05-28,48.8,53.72,48.11,53.72,7098200.0,438892382.0,0.029901321678689904,58.66,64.58,57.83,64.58,0.8318364818829359,0.49508897156568904
003018,金富科技,2026-05-29,55.46,58.93,54.96,56.01,17396302.0,1193309400.0,0.07328230003685957,66.67,70.84,66.07,67.33,0.8318728649933165,1.3655362040096397
003018,金富科技,2026-06-01,56.16,56.85,50.41,50.45,14937114.0,963286675.0,0.06292291717129167,67.51,68.34,60.6,60.65,0.8318219291014015,1.204190871495071
003018,金富科技,2026-06-02,50.91,51.47,45.41,45.41,17707700.0,999624919.0,0.07459407087567796,61.2,61.87,54.59,54.59,0.8318373328448433,1.3786623304453287
003018,金富科技,2026-06-03,45.41,45.42,41.48,43.33,20173918.0,1042127437.0,0.08498306776894318,54.59,54.6,49.86,52.09,0.8318295258206949,1.4316884948834847
003018,金富科技,2026-06-04,42.43,42.62,40.97,42.15,12273109.0,615031248.0,0.051700738244431575,51.01,51.23,49.25,50.67,0.8318531675547661,0.7937262720118524
003018,金富科技,2026-06-05,42.16,43.97,41.76,42.5,13560804.0,697908193.0,0.0571251814017166,50.68,52.86,50.2,51.09,0.8318653356821295,0.8219850457780339
003018,金富科技,2026-06-08,41.18,44.72,40.77,41.35,13080300.0,675970398.0,0.055101047864778055,49.5,53.76,49.01,49.71,0.831824582578958,0.831523211965726
003018,金富科技,2026-06-09,43.27,45.49,41.59,45.49,13183782.0,690811110.0,0.055536968037491447,52.01,54.68,50.0,54.68,0.8319312362838333,0.8583657360254361
003018,金富科技,2026-06-10,46.6,46.96,41.01,44.7,19816930.0,1034270263.0,0.08347924806487284,56.02,56.45,49.3,53.73,0.8319374651032944,1.3709980251941027
003018,金富科技,2026-06-11,44.86,49.16,44.86,48.06,19533000.0,1122386457.0,0.0822831867726818,53.93,59.1,53.93,57.77,0.8319196814955859,1.3580630168216126
003018,金富科技,2026-06-12,49.66,51.25,47.83,48.66,18179800.0,1082553912.0,0.07658280238007477,59.7,61.61,57.5,58.5,0.8317948717948718,1.14807971261973
003018,金富科技,2026-06-15,48.25,51.67,46.83,51.45,16826926.0,1007431358.0,0.07088379126954873,58.0,62.11,56.29,61.85,0.831851253031528,1.0040673409153411
003018,金富科技,2026-06-16,50.93,52.82,50.92,51.82,11225000.0,699067927.0,0.04728555631614976,61.22,63.5,61.21,62.29,0.8319152351902392,0.6411322730644778
003018,金富科技,2026-06-17,53.24,55.24,49.62,51.49,16251703.0,1010190544.0,0.0684606518877363,64.0,66.4,59.65,61.9,0.8318255250403878,0.9494851910787985
003018,金富科技,2026-06-18,51.83,56.64,51.5,54.84,18180818.0,1188488897.0,0.07658709072718656,62.3,68.09,61.91,65.92,0.8319174757281553,1.1083643985523923
003018,金富科技,2026-06-22,53.76,56.15,51.93,54.65,13467740.0,874119873.0,0.05673314728029066,64.62,67.5,62.43,65.69,0.8319378900898158,0.8348023133470768
003018,金富科技,2026-06-23,60.11,60.11,53.66,56.04,22182170.0,1514668508.0,0.0934428729398136,72.26,72.26,64.51,67.37,0.831824254119044,1.4602719734719423
003018,金富科技,2026-06-24,55.57,61.65,54.87,61.65,20528516.0,1471245972.0,0.08647681954610079,66.8,74.11,65.96,74.11,0.8318715423019836,1.2624009729196832
003018,金富科技,2026-06-25,63.95,67.7,61.83,64.57,18842579.0,1476192429.0,0.0793747733136749,76.87,81.38,74.33,77.62,0.8318732285493429,1.039751797318706
003018,金富科技,2026-06-26,63.1,64.75,58.99,62.35,14165437.0,1054246056.0,0.05967221104733821,75.85,77.84,70.91,74.95,0.8318879252835223,0.7599334725459178
003018,金富科技,2026-06-29,61.5,63.64,59.06,61.14,11742200.0,863375707.0,0.049464272550155335,73.93,76.5,71.0,73.5,0.8318367346938775,0.658295125171604
003018,金富科技,2026-06-30,60.61,64.04,57.81,63.41,11417400.0,841003175.0,0.048096045495234586,72.86,76.98,69.5,76.23,0.83182474091565,0.6527145123657655
003018,金富科技,2026-07-01,63.42,64.44,58.4,59.3,11123000.0,808499257.0,0.046855879100626614,76.24,77.46,70.2,71.28,0.8319304152637486,0.7251343522773743
003018,金富科技,2026-07-02,58.11,58.39,55.14,55.29,9690200.0,658355049.0,0.04082017797904271,69.85,70.19,66.28,66.46,0.8319289798374963,0.7200261028967249
003018,金富科技,2026-07-03,55.24,57.4,54.74,55.14,7396800.0,498923933.0,0.0311591806645253,66.4,69.0,65.81,66.28,0.8319251659625829,0.6361390009126008
003018,金富科技,2026-07-06,54.87,60.06,54.87,56.4,7641309.0,528663061.0,0.032189180137960086,65.96,72.2,65.96,67.8,0.831858407079646,0.7437578840403662
003018,金富科技,2026-07-07,57.69,57.69,52.74,53.67,8109700.0,530106157.0,0.0341622873992944,69.35,69.35,63.4,64.52,0.8318350898946064,0.8578296479389779
003018,金富科技,2026-07-08,54.61,54.61,51.31,51.66,5977630.0,376217702.0,0.025180896213996103,65.65,65.65,61.68,62.1,0.8318840579710144,0.6798786169807886
003018,金富科技,2026-07-09,52.7,56.82,51.48,56.82,8981200.0,585105689.0,0.03783350007898478,63.35,68.31,61.88,68.31,0.8317962231005709,1.156904823852056
003018,金富科技,2026-07-10,57.28,57.64,53.41,53.74,9490900.0,627514755.0,0.03998062240008425,68.86,69.29,64.2,64.6,0.831888544891641,1.245307937023782
003018,金富科技,2026-07-13,53.25,54.73,50.48,51.99,7993800.0,501925890.0,0.03367405613185193,64.01,65.79,60.68,62.5,0.83184,0.994235454228839
003018,金富科技,2026-07-14,51.99,55.9,49.36,55.01,9631000.0,607129665.0,0.04057079669317045,62.5,67.2,59.34,66.13,0.8318463632239529,1.1874516530495844
003018,金富科技,2026-07-15,52.74,55.86,51.7,52.0,10275157.0,546929533.0,0.03611507812438436,52.74,55.86,51.7,52.0,1.0,1.2210661652073118
003018,金富科技,2026-07-16,49.98,51.5,46.8,46.8,10886980.0,532807661.0,0.0382655110027623,49.98,51.5,46.8,46.8,1.0,1.1738728777979377
003018,金富科技,2026-07-17,46.8,46.99,42.12,42.12,10718649.0,470067236.0,0.037673861919857214,46.8,46.99,42.12,42.12,1.0,1.110100375872266
003018,金富科技,2026-07-20,42.34,43.2,37.91,37.91,11280888.0,453944446.0,0.03965001716591095,42.34,43.2,37.91,37.91,1.0,1.1393550618711998
003018,金富科技,2026-07-21,38.41,39.66,34.12,39.46,20970347.0,765241507.0,0.07370648645081036,38.41,39.66,34.12,39.46,1.0,1.9861038863081646
003018,金富科技,2026-07-22,39.3,41.22,38.5,39.13,13523773.0,542247006.0,0.04753329982514524,39.3,41.22,38.5,39.13,1.0,1.054369781984572
003018,金富科技,2026-07-23,39.82,41.55,37.96,38.17,9716112.0,384168914.0,0.03415014913594686,39.82,41.55,37.96,38.17,1.0,0.7209869505982853
003018,金富科技,2026-07-24,37.53,38.99,36.7,37.0,8023117.0,301903765.0,0.028199617510085373,37.53,38.99,36.7,37.0,1.0,0.6058861948302523
003018,金富科技,2026-07-27,36.68,38.22,36.02,38.12,9341012.0,348338320.0,0.03283174925120967,36.68,38.22,36.02,38.12,1.0,0.7353478874350643
003018,金富科技,2026-07-28,37.33,38.15,34.31,34.31,9994867.0,356462581.0,0.03512991602442971,37.33,38.15,34.31,34.31,1.0,0.8116094781722543
003018,金富科技,2026-07-29,33.94,34.31,30.88,32.05,17892188.0,577228794.0,0.0628873862887129,33.94,34.31,30.88,32.05,1.0,1.768041866380405
003018,金富科技,2026-07-30,32.06,32.25,28.85,28.85,14548071.0,434956429.0,0.05113349807930823,32.06,32.25,28.85,28.85,1.0,1.3233387903963842
003018,金富科技,2026-07-31,30.88,31.74,30.08,31.74,3606794.0,113157949.0,0.012677144211865646,30.88,31.74,30.08,31.74,1.0,0.301575161764139
003018,金富科技,2026-08-03,33.0,33.0,31.11,31.6,16787488.0,534598477.0,0.05900459142689158,33.0,33.0,31.11,31.6,1.0,1.5155831764197676
003018,金富科技,2026-08-04,31.93,34.76,30.97,34.76,8345732.0,278145876.0,0.029333543340036024,31.93,34.76,30.97,34.76,1.0,0.6641580961577738
003018,金富科技,2026-08-05,36.3,38.24,35.3,38.24,12091394.0,446494128.0,0.042498780207709946,36.3,38.24,35.3,38.24,1.0,0.9881775127090394
003018,金富科技,2026-08-06,38.48,39.51,37.7,39.4,21627645.0,836638307.0,0.07601675466578767,38.48,39.51,37.7,39.4,1.0,1.9526768209574523
003018,金富科技,2026-08-07,39.44,40.8,38.19,39.78,15980956.0,633140858.0,0.05616979618339155,39.44,40.8,38.19,39.78,1.0,1.279314625535549
003018,金富科技,2026-08-10,40.3,41.4,37.46,38.3,13677466.0,527212028.0,0.04807349932790427,40.3,41.4,37.46,38.3,1.0,0.9138633159085842
003018,金富科技,2026-08-11,37.8,39.59,37.41,38.58,10651194.0,409968868.0,0.037436771372736585,37.8,39.59,37.41,38.58,1.0,0.7425209025482176
003018,金富科技,2026-08-12,38.78,41.18,38.18,39.57,12867389.0,509171697.0,0.04522624413348078,38.78,41.18,38.18,39.57,1.0,0.869081641426553
003018,金富科技,2026-08-13,40.39,42.39,39.31,39.62,13532418.0,554687604.0,0.04756368523437892,40.39,42.39,39.31,39.62,1.0,0.9045171657109551
003018,金富科技,2026-08-14,40.02,42.3,40.02,41.03,12500785.0,513821443.0,0.04393770595341095,40.02,42.3,40.02,41.03,1.0,0.936957961696056
003018,金富科技,2026-08-17,41.19,42.95,40.72,42.59,13917507.0,585050824.0,0.048917194413833895,41.19,42.95,40.72,42.59,1.0,1.1005592000360844
003018,金富科技,2026-08-18,42.56,43.45,41.11,43.05,12552173.0,533058963.0,0.04411832427726292,42.56,43.45,41.11,43.05,1.0,0.988838256005152
003018,金富科技,2026-08-19,41.85,42.23,39.3,39.7,11286744.0,457548001.0,0.039670599809805966,41.85,42.23,39.3,39.7,1.0,0.8632933330918372
003018,金富科技,2026-08-20,40.25,40.79,38.8,39.11,8515868.0,337968376.0,0.029931536629264625,40.25,40.79,38.8,39.11,1.0,0.6674962999862031
003018,金富科技,2026-08-21,38.79,43.02,38.79,43.02,8991753.0,376032224.0,0.03160417531445551,38.79,43.02,38.79,43.02,1.0,0.764955100104764
003018,金富科技,2026-08-24,43.1,43.4,39.79,41.8,16541769.0,679967584.0,0.05814093953506345,43.1,43.4,39.79,41.8,1.0,1.496612218667671
003018,金富科技,2026-08-25,41.0,45.98,40.28,45.98,20363794.0,882941187.0,0.07157457679758966,41.0,45.98,40.28,45.98,1.0,1.7588866435496204
003018,金富科技,2026-08-26,46.98,47.37,42.0,44.07,30376084.0,1331250181.0,0.10676573123201082,46.98,47.37,42.0,44.07,1.0,2.3117288652127597
003018,金富科技,2026-08-27,44.94,47.5,43.8,47.05,25717634.0,1177699475.0,0.0903922309263835,44.94,47.5,43.8,47.05,1.0,1.5165618601637179
003018,金富科技,2026-08-28,46.11,47.39,44.4,44.89,22610316.0,1033279237.0,0.0794706427967092,46.11,47.39,44.4,44.89,1.0,1.1084462581289254
003018,金富科技,2026-08-31,44.12,49.38,43.8,49.38,22570481.0,1084941845.0,0.07933063090763137,44.12,49.38,43.8,49.38,1.0,0.9761508380658053
003018,金富科技,2026-09-01,52.0,52.5,50.03,50.61,30572295.0,1562569336.0,0.107455372822769,52.0,52.5,50.03,50.61,1.0,1.256688589776433
003018,金富科技,2026-09-02,50.39,52.52,49.6,51.3,27189053.0,1398128989.0,0.09556396818796319,50.39,52.52,49.6,51.3,1.0,1.0310849765724328
003018,金富科技,2026-09-03,52.08,56.43,51.5,56.43,20168474.0,1101025798.0,0.07088806688985315,52.08,56.43,51.5,56.43,1.0,0.7837909468195184
003018,金富科技,2026-09-04,56.45,60.91,55.03,55.5,34553618.0,1978859908.0,0.12144891002018467,56.45,60.91,55.03,55.5,1.0,1.4033565211787296
003018,金富科技,2026-09-07,55.52,56.05,53.02,55.01,23030815.0,1262892460.0,0.08094861089876375,55.52,56.05,53.02,55.01,1.0,0.8526525860733803
003018,金富科技,2026-09-08,54.46,55.0,51.36,52.37,22884195.0,1202659571.0,0.08043327154451264,54.46,55.0,51.36,52.37,1.0,0.8443464121173082
003018,金富科技,2026-09-09,52.13,53.77,50.84,51.56,17871332.0,928145242.0,0.06281408192939006,52.13,53.77,50.84,51.56,1.0,0.6990483285678115
300570,太辰光,2026-03-19,114.47,120.11,114.47,116.71,19796609.0,2345218571.0,0.103003906525155,115.01,120.68,115.01,117.26,0.9953095684803,0.9627970910454512
300570,太辰光,2026-03-20,119.71,124.61,117.74,118.6,28098985.0,3430875656.0,0.1462020704854923,120.28,125.2,118.3,119.16,0.9953004363880495,1.4573066189803503
300570,太辰光,2026-03-23,115.04,118.44,109.78,111.13,19530812.0,2230906022.0,0.1016209358687831,115.59,119.0,110.3,111.66,0.9952534479670428,0.8986046377408304
300570,太辰光,2026-03-24,114.41,115.45,109.63,114.16,18512285.0,2096062070.0,0.0963214292764497,114.95,116.0,110.15,114.7,0.9952920662598082,0.8195091617650854
300570,太辰光,2026-03-25,117.54,120.9,116.58,118.65,23299109.0,2781672341.0,0.1212277943942519,118.1,121.47,117.13,119.21,0.995302407516148,1.1362577160701544
300570,太辰光,2026-03-26,116.95,122.2,115.81,116.77,21117426.0,2527331467.0,0.109876260815975,117.5,122.78,116.36,117.32,0.9953119672690078,0.9665805243239978
300570,太辰光,2026-03-27,111.74,119.89,110.66,117.71,18786008.0,2189199609.0,0.0977456397715797,112.27,120.46,111.18,118.27,0.9952650714466896,0.8495949257397097
300570,太辰光,2026-03-30,115.35,117.34,112.88,116.66,14529279.0,1686632695.0,0.0755974165067309,115.9,117.9,113.42,117.21,0.9953075676136848,0.717526157175756
300570,太辰光,2026-03-31,111.29,111.47,105.53,107.15,25304867.0,2752509879.0,0.1316639710921946,111.82,112.0,106.03,107.66,0.995262864573658,1.3146190342853927
300570,太辰光,2026-04-01,109.88,110.48,107.34,110.4,20347401.0,2233521670.0,0.1058697371167883,110.4,111.0,107.85,110.92,0.995311936530833,0.9873862018217607
300570,太辰光,2026-04-02,108.8,116.35,108.34,111.49,22085850.0,2508155250.0,0.1149150760581569,109.32,116.9,108.85,112.02,0.9952687020174968,1.103354858008116
300570,太辰光,2026-04-03,114.46,116.0,111.59,111.98,21338256.0,2440596586.0,0.1110252632879615,115.0,116.55,112.12,112.51,0.9952893076171008,1.0557910443492726
300570,太辰光,2026-04-07,112.13,116.95,112.13,114.48,20803379.0,2396100597.0,0.1082422401696862,112.66,117.5,112.66,115.02,0.9953051643192488,1.0039693007870911
300570,太辰光,2026-04-08,116.89,122.83,115.96,122.37,30249267.0,3638811780.0,0.1573902212506422,117.44,123.41,116.51,122.95,0.995282635217568,1.3764713777614697
300570,太辰光,2026-04-09,120.43,129.28,119.85,127.68,34480433.0,4345250226.0,0.1794054374503668,121.0,129.89,120.42,128.29,0.9952451477122146,1.5014451271414995
300570,太辰光,2026-04-10,128.39,128.74,124.01,126.55,33728113.0,4281333810.0,0.175491034788931,129.0,129.35,124.6,127.15,0.9952811639795516,1.3077252345419916
300570,太辰光,2026-04-13,124.26,137.94,124.22,135.96,39389200.0,5253026424.0,0.2049462852400952,124.85,138.59,124.81,136.6,0.9953147877013178,1.4007594112318278
300570,太辰光,2026-04-14,134.35,136.74,131.46,135.78,34575702.0,4645999422.0,0.1799011324035149,134.99,137.39,132.08,136.42,0.9953086057762792,1.0896822114375866
300570,太辰光,2026-04-15,134.56,135.62,128.27,129.42,27265381.0,3613389777.0,0.1418647383446699,135.2,136.26,128.88,130.03,0.9953087748981004,0.7906551349687307
300570,太辰光,2026-04-16,130.16,135.73,129.91,133.88,24815889.0,3307622468.0,0.1291197654555193,130.78,136.37,130.53,134.52,0.9952423431460004,0.7322964029691211
300570,太辰光,2026-04-17,133.34,142.19,132.97,140.55,34123327.0,4754800350.0,0.1775473761509003,133.97,142.86,133.6,141.22,0.9952556295142332,1.0678604194661236
300570,太辰光,2026-04-20,142.32,142.32,135.37,136.8,29287568.0,4051357959.0,0.1523863969137907,143.0,143.0,136.01,137.45,0.9952710076391416,0.9142679531013579
300570,太辰光,2026-04-21,132.72,144.2,132.31,142.42,27203210.0,3789768175.0,0.1415412558799419,133.35,144.88,132.94,143.1,0.9952480782669462,0.9063635854836266
300570,太辰光,2026-04-22,142.56,150.62,142.42,144.81,28459526.0,4181391832.0,0.1480780044629976,143.24,151.33,143.1,145.5,0.9952577319587628,0.997212628650368
300570,太辰光,2026-04-23,145.03,146.9,133.37,134.39,30470939.0,4214962609.0,0.1585436047400694,145.72,147.6,134.0,135.03,0.9952603125231428,1.0588310740073357
300570,太辰光,2026-04-24,129.34,135.34,126.64,133.47,30487955.0,4022576095.0,0.1586321408359953,129.95,135.98,127.24,134.1,0.9953020134228188,1.019360147947866
300570,太辰光,2026-04-27,134.56,149.95,134.36,149.11,42281756.0,6113228916.0,0.2199965682376922,135.2,150.66,135.0,149.82,0.9952609798424776,1.448906463045599
300570,太辰光,2026-04-28,148.3,151.6,140.23,141.95,21231114.0,3083897638.0,0.1104677918264138,149.0,152.32,140.9,142.62,0.9953022016547468,0.668051025671662
300570,太辰光,2026-04-29,139.34,141.85,135.03,137.62,17648197.0,2448023915.0,0.0918254855730858,140.0,142.52,135.67,138.27,0.9952990525782888,0.5769975849938884
300570,太辰光,2026-04-30,140.05,143.84,134.96,135.28,18777896.0,2606344914.0,0.0977034321546221,140.71,144.52,135.6,135.92,0.9952913478516776,0.6606354191161086
300570,太辰光,2026-05-06,137.86,150.34,136.35,143.19,27701989.0,3974739101.0,0.1441364571839991,138.51,151.05,137.0,143.87,0.9952735108083686,1.0619736103861628
300570,太辰光,2026-05-07,154.32,157.33,145.01,149.34,38070854.0,5753407254.0,0.1980867878306241,155.05,158.08,145.7,150.05,0.9952682439186936,1.4913259970044725
300570,太辰光,2026-05-08,145.26,167.2,144.64,161.33,41791778.0,6674421967.0,0.2174471594924176,145.95,167.99,145.33,162.1,0.9952498457742136,1.6929336899725795
300570,太辰光,2026-05-11,162.85,182.5,160.24,177.96,41473369.0,7126362178.0,0.2157904428864186,163.62,183.37,161.0,178.8,0.9953020134228188,1.4401404037763157
300570,太辰光,2026-05-12,181.6,191.09,174.3,175.88,33668719.0,6115050351.0,0.1751820013567834,182.46,192.0,175.13,176.71,0.9953030388772564,1.0031445711879743
300570,太辰光,2026-05-13,173.18,177.92,169.58,177.49,30804549.0,5388421798.0,0.1602794137998865,174.0,178.76,170.38,178.33,0.9952896315818988,0.8430054147601116
300570,太辰光,2026-05-14,179.16,186.81,174.51,174.72,34769439.0,6331046294.0,0.1809091670542202,180.01,187.7,175.34,175.55,0.9952720022785532,0.9356217584602844
300570,太辰光,2026-05-15,176.16,177.04,159.49,159.64,36982808.0,6131678299.0,0.192425566331575,177.0,177.88,160.25,160.4,0.9952618453865336,1.0131840134397723
300570,太辰光,2026-05-18,159.24,163.77,153.81,159.57,22702117.0,3640433317.0,0.1181215801853303,160.0,164.55,154.54,160.33,0.9952597767105344,0.6387805170459034
300570,太辰光,2026-05-19,154.27,156.23,147.3,154.47,25396464.0,3880229712.0,0.1321405602305659,155.0,156.97,148.0,155.2,0.9952963917525772,0.7989946015177525
300570,太辰光,2026-05-20,152.28,163.65,151.28,160.34,28281661.0,4502712592.0,0.1471525535519806,153.0,164.43,152.0,161.1,0.99528243327126,0.9386210291053867
300570,太辰光,2026-05-21,161.73,161.73,147.31,147.82,24298253.0,3764700436.0,0.1264264491326048,162.5,162.5,148.01,148.52,0.995286830056558,0.8201527282782645
300570,太辰光,2026-05-22,150.29,161.24,149.95,160.66,27116224.0,4246064088.0,0.141088658275322,151.0,162.0,150.66,161.42,0.9952917854045348,0.9848891231256179
300570,太辰光,2026-05-25,162.23,162.71,155.92,162.43,23642939.0,3805313804.0,0.123016779223954,163.0,163.48,156.66,163.2,0.995281862745098,0.9250358381397591
300570,太辰光,2026-05-26,163.23,167.68,156.38,160.91,20506138.0,3298850315.0,0.1066956629665176,164.0,168.48,157.12,161.67,0.9952990659986392,0.7964443168029255
300570,太辰光,2026-05-27,157.26,165.4,152.58,161.2,25586301.0,4129911066.0,0.1331283027577339,158.01,166.18,153.3,161.96,0.9953074833292168,1.032995138326499
300570,太辰光,2026-05-28,157.25,171.19,153.62,169.6,29163130.0,4768810952.0,0.1517389324859092,158.0,172.0,154.35,170.4,0.9953051643192488,1.2035973959688189
300570,太辰光,2026-05-29,171.19,180.43,160.64,164.64,25771228.0,4398691468.0,0.1340904980216792,172.0,181.29,161.4,165.42,0.995284729778745,1.022548220790566
300570,太辰光,2026-06-01,161.57,164.88,147.0,147.05,21101361.0,3255009818.0,0.109792672876327,162.34,165.66,147.7,147.75,0.9952622673434856,0.8462904341114511
300570,太辰光,2026-06-02,147.29,163.18,145.31,160.09,24384101.0,3822080059.0,0.1268731255996387,147.99,163.95,146.0,160.85,0.9952751010258004,0.9982997123398847
300570,太辰光,2026-06-03,169.19,181.02,164.22,168.0,35922565.0,6193591485.0,0.1869090068609126,169.99,181.88,165.0,168.8,0.995260663507109,1.4254293646576106
300570,太辰光,2026-06-04,167.52,177.18,167.52,170.86,20616501.0,3566127368.0,0.1072698936408636,168.31,178.02,168.31,171.67,0.9952816450166018,0.7560561963178215
300570,太辰光,2026-06-05,171.19,179.65,166.21,167.59,26473680.0,4604539692.0,0.1377454320634845,172.0,180.5,167.0,168.38,0.9953082313813992,1.0357808752271869
300570,太辰光,2026-06-08,150.34,160.74,150.34,153.17,20624702.0,3225670175.0,0.1073125643344866,151.05,161.5,151.05,153.9,0.9952566601689408,0.8025287792340263
300570,太辰光,2026-06-09,157.25,183.81,155.5,180.85,40226973.0,7106437295.0,0.2093053091406682,158.0,184.68,156.24,181.71,0.9952671839744648,1.5711016353973346
300570,太辰光,2026-06-10,177.73,178.75,167.21,169.2,26052072.0,4502439499.0,0.1355517598531449,178.57,179.6,168.0,170.0,0.9952941176470588,0.9054383223771498
300570,太辰光,2026-06-11,172.18,184.12,168.2,176.74,31949899.0,5634286580.0,0.1662387942341107,173.0,184.99,169.0,177.58,0.9952697375830613,1.192214433776432
300570,太辰光,2026-06-12,182.14,191.84,174.17,184.21,38795826.0,7149201818.0,0.2018588958780859,183.0,192.75,175.0,185.08,0.995299330019451,1.334773957101502
300570,太辰光,2026-06-15,202.27,221.05,202.05,221.05,30235357.0,6444531666.0,0.1573178460100258,203.23,222.1,203.01,222.1,0.995272399819901,0.9589425393064431
300570,太辰光,2026-06-16,243.9,262.36,243.9,262.05,40870178.0,10470076277.0,0.2126519746072899,245.06,263.6,245.06,263.29,0.9952903642371528,1.221754961360277
300570,太辰光,2026-06-17,260.27,271.11,255.06,264.73,31696489.0,8349172880.0,0.1649202744839585,261.5,272.4,256.27,265.99,0.9952629798112712,0.9438910062844971
300570,太辰光,2026-06-18,263.75,267.75,252.8,267.33,30016760.0,7860523349.0,0.1561804620795416,265.0,269.02,254.0,268.6,0.995271779597915,0.8647983097723728
300570,太辰光,2026-06-22,262.75,284.5,260.76,279.85,33540469.0,9270517414.0,0.1745147026789214,264.0,285.85,262.0,281.18,0.9952699338502028,0.9772031938306418
300570,太辰光,2026-06-23,272.71,275.15,255.79,263.27,25007523.0,6658185771.0,0.1301168579688402,274.0,276.46,257.0,264.52,0.9952744593981552,0.7516120248508209
300570,太辰光,2026-06-24,263.27,271.71,258.85,270.04,19838359.0,5276695484.0,0.1032211363091763,264.52,273.0,260.08,271.32,0.995282323455698,0.6155956151543605
300570,太辰光,2026-06-25,270.85,275.95,245.14,257.09,32412595.0,8375066619.0,0.1686462517705788,272.13,277.26,246.3,258.31,0.9952769927606364,1.1567697195423827
300570,太辰光,2026-06-26,238.87,243.84,223.94,232.99,33383436.0,7786433417.0,0.1736976429262453,240.0,245.0,225.0,234.1,0.9952584365655704,1.1853591104390018
300570,太辰光,2026-06-29,232.9,238.67,215.67,224.57,22241678.0,5029415847.0,0.1157258660649708,234.0,239.8,216.69,225.64,0.9952579329906044,0.7713035979666365
300570,太辰光,2026-06-30,226.82,250.81,226.81,245.55,23870366.0,5832248950.0,0.1242001066033702,227.9,252.0,227.89,246.71,0.9952981233026632,0.8981683073269746
300570,太辰光,2026-07-01,245.92,249.37,232.9,237.23,15957538.0,3827449604.0,0.0830288031916784,247.09,250.55,234.0,238.36,0.9952592716898808,0.605615556926573
300570,太辰光,2026-07-02,230.0,250.63,223.48,234.58,18653965.0,4481932042.0,0.0970586057028005,231.09,251.82,224.54,235.69,0.9952904238618524,0.729436341888104
300570,太辰光,2026-07-03,230.55,247.82,228.91,236.0,17285684.0,4188596815.0,0.0899392910654227,231.64,249.0,230.0,237.12,0.99527665317139,0.7574332238720218
300570,太辰光,2026-07-06,239.4,240.77,213.49,216.53,17622211.0,3923950113.0,0.091690277593024,240.54,241.91,214.5,217.56,0.9952656738371024,0.8990077169363772
300570,太辰光,2026-07-07,216.2,219.96,206.02,210.91,13349148.0,2833471650.0,0.069457066752314,217.23,221.0,207.0,211.91,0.9952810155254588,0.7147008102515389
300570,太辰光,2026-07-08,215.98,218.28,197.81,204.39,12755216.0,2641191470.0,0.0663667740557062,217.0,219.32,198.75,205.36,0.9952765874561744,0.7696053940659222
300570,太辰光,2026-07-09,207.86,211.66,196.53,210.83,17669237.0,3659256533.0,0.0919349589780154,208.85,212.66,197.46,211.83,0.9952792333474956,1.1089540907574582
300570,太辰光,2026-07-10,215.15,222.2,210.92,211.64,21883912.0,4775639535.0,0.1138643707138287,215.15,222.2,210.92,211.64,1.0,1.3906644581338414
300570,太辰光,2026-07-13,207.61,211.15,189.5,190.7,15015955.0,2997274382.0,0.0781296445874106,207.61,211.15,189.5,190.7,1.0,0.9015372697440736
300570,太辰光,2026-07-14,193.19,204.9,184.3,203.88,16195904.0,3157342631.0,0.0842690473760624,193.19,204.9,184.3,203.88,1.0,1.003793713194529
300570,太辰光,2026-07-15,207.96,209.9,195.68,196.83,13551847.0,2737275485.0,0.0705117316622863,207.96,209.9,195.68,196.83,1.0,0.8112913466324037
300570,太辰光,2026-07-16,188.61,194.5,178.42,180.7,12891466.0,2393760012.0,0.0670756976023628,188.61,194.5,178.42,180.7,1.0,0.7644655389482922
300570,太辰光,2026-07-17,179.5,179.88,155.89,158.08,15456442.0,2558663544.0,0.0804215462849965,179.5,179.88,155.89,158.08,1.0,0.9716255972975499
300570,太辰光,2026-07-20,163.0,165.0,133.0,139.31,17211314.0,2540828543.0,0.0895523358788917,163.0,165.0,133.0,139.31,1.0,1.177057450817595
300570,太辰光,2026-07-21,142.01,154.0,120.68,153.19,24699931.0,3442241333.0,0.12851642338856,142.01,154.0,120.68,153.19,1.0,1.6399497958841076
300570,太辰光,2026-07-22,151.0,156.0,143.5,145.53,17174675.0,2594288748.0,0.0893616991829215,151.0,156.0,143.5,145.53,1.0,1.0246074500960494
300570,太辰光,2026-07-23,147.9,151.15,139.68,141.0,12405633.0,1794400397.0,0.0645478557422323,147.9,151.15,139.68,141.0,1.0,0.7094298216017717
300570,太辰光,2026-07-24,139.58,142.3,134.68,135.93,9488656.0,1308786062.0,0.0493705076295314,139.58,142.3,134.68,135.93,1.0,0.5456512251950145
300570,太辰光,2026-07-27,136.8,140.99,132.55,140.99,10964943.0,1503810787.0,0.0570517892142867,136.8,140.99,132.55,140.99,1.0,0.6770137503596712
300570,太辰光,2026-07-28,137.02,137.99,124.0,125.0,14051715.0,1836446922.0,0.0731125991516081,137.02,137.99,124.0,125.0,1.0,0.940117313391559
300570,太辰光,2026-07-29,125.12,127.77,114.15,120.0,15966810.0,1908400864.0,0.0830770464146112,125.12,127.77,114.15,120.0,1.0,1.245740425208013
300570,太辰光,2026-07-30,120.3,120.8,102.3,105.92,20074010.0,2196361977.0,0.1044472540537132,120.3,120.8,102.3,105.92,1.0,1.5962727487241632
300570,太辰光,2026-07-31,119.0,123.13,113.69,114.0,18780059.0,2219653470.0,0.0977146864785224,119.0,123.13,113.69,114.0,1.0,1.3310480628180135
300570,太辰光,2026-08-03,115.55,121.3,111.36,118.49,19915090.0,2319975136.0,0.1036203760351103,115.55,121.3,111.36,118.49,1.0,1.247225975921577
300570,太辰光,2026-08-04,121.99,133.88,120.3,133.8,33231700.0,4217710812.0,0.1729081440398198,121.99,133.88,120.3,133.8,1.0,1.8714138325761487
300570,太辰光,2026-08-05,128.52,132.95,122.0,132.3,34714673.0,4464135573.0,0.1806242136086701,128.52,132.95,122.0,132.3,1.0,1.6076420525481567
300570,太辰光,2026-08-06,131.42,140.5,126.15,137.88,28786910.0,3883730220.0,0.1497814189686754,131.42,140.5,126.15,137.88,1.0,1.1358871933710541
300570,太辰光,2026-08-07,137.22,146.0,134.5,143.43,26783415.0,3766686183.0,0.139357016905493,137.22,146.0,134.5,143.43,1.0,0.9888401794388346
300570,太辰光,2026-08-10,143.42,149.94,137.94,141.99,19448706.0,2764420651.0,0.1011937294341279,143.42,149.94,137.94,141.99,1.0,0.6779775345197537
300570,太辰光,2026-08-11,139.21,143.86,137.0,140.45,13842125.0,1944304581.0,0.0720220796202779,139.21,143.86,137.0,140.45,1.0,0.4841075047778692
300570,太辰光,2026-08-12,140.48,154.98,139.5,149.76,21057069.0,3123430959.0,0.1095622167902462,140.48,154.98,139.5,149.76,1.0,0.8519897932467035
300570,太辰光,2026-08-13,153.0,159.66,149.51,149.72,20002608.0,3086334070.0,0.104075741693505,153.0,159.66,149.51,149.72,1.0,0.90988587197437
300570,太辰光,2026-08-14,150.02,161.96,147.6,161.5,22183134.0,3497549425.0,0.1154212552751326,150.02,161.96,147.6,161.5,1.0,1.0967207313811014
300570,太辰光,2026-08-17,174.69,193.8,168.9,193.8,24414316.0,4508005583.0,0.127030337525967,174.69,193.8,168.9,193.8,1.0,1.2645496168061288
300570,太辰光,2026-08-18,203.04,205.0,193.1,199.27,28539480.0,5658068913.0,0.1484940138079471,203.04,205.0,193.1,199.27,1.0,1.4058960749779714
300570,太辰光,2026-08-19,190.71,195.0,178.59,180.27,26352768.0,4927013653.0,0.1371163137965242,190.71,195.0,178.59,180.27,1.0,1.1339732148977466
300570,太辰光,2026-08-20,184.12,216.2,180.66,213.4,39306865.0,7949703268.0,0.2045178872935707,184.12,216.2,180.66,213.4,1.0,1.6176688999548663
300570,太辰光,2026-08-21,213.0,230.46,205.48,214.46,35216134.0,7667732234.0,0.1832333696499907,213.0,230.46,205.48,214.46,1.0,1.2506034682110811
300570,太辰光,2026-08-24,215.3,215.8,195.0,202.9,24777564.0,5025981751.0,0.1289203563184506,215.3,215.8,195.0,202.9,1.0,0.8053576801749088
300570,太辰光,2026-08-25,199.9,206.6,195.8,202.7,20639856.0,4162646307.0,0.1073914122422006,199.9,206.6,195.8,202.7,1.0,0.669287234149976
300570,太辰光,2026-08-26,202.0,202.0,191.6,197.32,17831977.0,3492910006.0,0.0927817128714677,202.0,202.0,191.6,197.32,1.0,0.6094602683035404
300570,太辰光,2026-08-27,199.96,212.59,198.16,209.38,25084363.0,5185150555.0,0.1305166648336115,199.96,212.59,198.16,209.38,1.0,0.9103551846481642
300570,太辰光,2026-08-28,207.8,210.5,203.85,204.3,17296154.0,3585232898.0,0.0899937676124575,207.8,210.5,203.85,204.3,1.0,0.6999663633867625
300570,太辰光,2026-08-31,196.43,204.69,195.0,199.49,15461252.0,3071799176.0,0.0804465732373592,196.43,204.69,195.0,199.49,1.0,0.7318595374412593
300570,太辰光,2026-09-01,199.88,200.0,190.8,193.81,11430548.0,2216653795.0,0.0594743825936703,199.88,200.0,190.8,193.81,1.0,0.5934025808732603
300570,太辰光,2026-09-02,191.02,192.99,185.69,189.04,11098480.0,2090369547.0,0.0577465967273133,191.02,192.99,185.69,189.04,1.0,0.6370799584231749
300570,太辰光,2026-09-03,190.33,192.33,183.8,188.59,11079303.0,2077835953.0,0.0576468167137043,190.33,192.33,183.8,188.59,1.0,0.6892617352046415
300570,太辰光,2026-09-04,191.0,192.88,178.18,180.0,13886445.0,2562316756.0,0.0722526813933995,191.0,192.88,178.18,180.0,1.0,1.0462058908499727
300570,太辰光,2026-09-07,185.45,207.68,185.45,206.1,22780399.0,4523666761.0,0.1185288899327018,185.45,207.68,185.45,206.1,1.0,1.8092309603776147
300570,太辰光,2026-09-08,206.18,208.88,199.94,201.55,15957685.0,3257711269.0,,206.18,208.88,199.94,201.55,1.0,1.135371416720058
300570,太辰光,2026-09-09,206.83,211.0,200.13,201.55,21091011.0,4324081851.0,,206.83,211.0,200.13,201.55,1.0,1.409783363380533
300939,秋田微,2026-03-19,38.97,39.89,38.84,39.89,6924710.0,273496539.0,0.0577059166666666,39.13,40.06,39.0,40.06,0.9957563654518222,0.9639988631436818
300939,秋田微,2026-03-20,39.78,43.14,39.24,40.84,15896973.0,656614299.0,0.132474775,39.95,43.32,39.4,41.01,0.9958546695927823,2.1245398359446717
300939,秋田微,2026-03-23,38.81,43.92,38.28,42.7,18150117.0,763501690.0,0.151250975,38.97,44.1,38.44,42.88,0.9958022388059702,1.831498926597185
300939,秋田微,2026-03-24,42.87,46.7,41.36,46.51,18417422.0,809367846.0,0.1534785166666666,43.05,46.89,41.53,46.7,0.9959314775160598,1.5842319502595081
300939,秋田微,2026-03-25,45.72,46.39,44.42,46.32,14605501.0,666448605.0,0.1217125083333333,45.91,46.58,44.6,46.51,0.9959148570199956,1.0384335938985854
300939,秋田微,2026-03-26,44.81,49.56,42.0,42.82,19906772.0,916644263.0,0.1658897666666666,45.0,49.77,42.17,43.0,0.995813953488372,1.3451480857628186
300939,秋田微,2026-03-27,41.83,41.83,38.72,40.58,14273294.0,578067866.0,0.1189441166666666,42.0,42.0,38.88,40.75,0.9958282208588956,0.8205232005298885
300939,秋田微,2026-03-30,39.81,40.48,38.42,40.14,8804465.0,349967490.0,0.0733705416666666,39.98,40.65,38.58,40.31,0.9957826841974696,0.5157671122126476
300939,秋田微,2026-03-31,39.64,39.8,37.01,37.14,9838701.0,375191746.0,0.081989175,39.8,39.97,37.16,37.29,0.99597747385358,0.6472194819208126
300939,秋田微,2026-04-01,38.74,40.31,37.49,37.68,10905725.0,425572512.0,0.0908810416666666,38.9,40.48,37.65,37.84,0.9957716701902748,0.8086852974087472
300939,秋田微,2026-04-02,37.61,38.24,35.98,36.23,6941896.0,257055971.0,0.0578491333333333,37.77,38.4,36.13,36.38,0.9958768554150632,0.5446422102906846
300939,秋田微,2026-04-03,36.63,37.15,35.75,36.03,5148079.0,188482785.0,0.0429006583333333,36.78,37.3,35.9,36.18,0.9958540630182422,0.5070592137775527
300939,秋田微,2026-04-07,35.89,37.22,35.76,36.03,4700243.0,171889271.0,0.0391686916666666,36.04,37.37,35.91,36.18,0.9958540630182422,0.5644057405405805
300939,秋田微,2026-04-08,36.75,38.78,36.63,38.66,7536393.0,287159715.0,0.062803275,36.9,38.94,36.78,38.82,0.9958784131890775,1.0039249339889837
300939,秋田微,2026-04-09,38.04,39.28,37.85,38.74,6148151.0,239484630.0,0.0512345916666666,38.2,39.44,38.01,38.9,0.9958868894601544,0.8725153790540598
300939,秋田微,2026-04-10,39.2,39.22,38.28,38.4,5074342.0,197109972.0,0.0422861833333333,39.36,39.38,38.44,38.56,0.9958506224066388,0.8325482574728557
300939,秋田微,2026-04-13,37.96,39.98,37.94,39.73,6202096.0,244833101.0,0.0516841333333333,38.12,40.15,38.1,39.9,0.9957393483709271,1.0840093168127418
300939,秋田微,2026-04-14,39.83,40.7,39.53,40.44,6261739.0,252752012.0,0.0521811583333333,40.0,40.87,39.69,40.61,0.995813838955922,1.0555428846920516
300939,秋田微,2026-04-15,40.48,41.01,39.61,39.76,5572229.0,225040519.0,0.0464352416666666,40.65,41.18,39.77,39.93,0.9957425494615576,0.8923355847172961
300939,秋田微,2026-04-16,39.92,40.71,39.44,40.55,4986246.0,201431129.0,0.04155205,40.09,40.88,39.6,40.72,0.9958251473477406,0.8521004641479756
300939,秋田微,2026-04-17,40.3,41.09,39.84,40.24,5305273.0,215059365.0,0.0442106083333333,40.47,41.26,40.01,40.41,0.9957931205147242,0.9441112414390155
300939,秋田微,2026-04-20,40.14,41.32,40.14,40.67,5350313.0,219164087.0,0.0445859416666666,40.31,41.49,40.31,40.84,0.9958374142997062,0.9443645439146715
300939,秋田微,2026-04-21,40.38,40.68,39.49,40.13,3997139.0,160321800.0,0.0333094916666666,40.55,40.85,39.65,40.3,0.9957816377171216,0.7273926509874143
300939,秋田微,2026-04-22,39.87,41.29,39.64,40.98,4726206.0,193730922.0,0.03938505,40.04,41.46,39.8,41.15,0.995868772782503,0.9373226978485752
300939,秋田微,2026-04-23,40.85,42.49,39.21,39.58,5478745.0,220051146.0,0.0456562083333333,41.02,42.67,39.37,39.74,0.9959738298943128,1.124298214619988
300939,秋田微,2026-04-24,39.55,39.96,38.4,38.84,4216954.0,164976221.0,0.0351412833333333,39.71,40.13,38.56,39.0,0.995897435897436,0.8482196807135148
300939,秋田微,2026-04-27,38.17,39.68,37.84,39.55,3834342.0,149919698.0,0.03195285,38.33,39.84,38.0,39.71,0.9959707882145554,0.8065725126683064
300939,秋田微,2026-04-28,39.16,39.52,38.42,38.66,3385300.0,131772275.0,0.0282108333333333,39.32,39.68,38.58,38.82,0.9958784131890775,0.7606258211671698
300939,秋田微,2026-04-29,38.17,38.79,37.94,38.15,3112311.0,119962239.0,0.025935925,38.33,38.95,38.1,38.31,0.9958235447663796,0.7190592705780229
300939,秋田微,2026-04-30,38.15,38.57,37.08,38.48,4134775.0,157231597.0,0.0344564583333333,38.31,38.73,37.23,38.64,0.9958592132505176,1.0322665382841683
300939,秋田微,2026-05-06,39.01,40.22,39.01,39.27,4495984.0,178599115.0,0.0374665333333333,39.17,40.39,39.17,39.43,0.9959421760081156,1.2031846827622092
300939,秋田微,2026-05-07,39.23,40.8,39.14,40.63,5297175.0,214375217.0,0.044143125,39.39,40.97,39.3,40.8,0.9958333333333336,1.3967345493619268
300939,秋田微,2026-05-08,40.31,42.72,40.11,42.51,7936954.0,332033480.0,0.0661412833333333,40.48,42.9,40.28,42.69,0.9957835558678848,1.9428989532470247
300939,秋田微,2026-05-11,42.52,47.45,42.22,45.62,13125213.0,600747564.0,0.109376775,42.7,47.65,42.4,45.81,0.9958524339663828,2.6274389294011713
300939,秋田微,2026-05-12,45.12,46.03,43.97,45.33,7721157.0,348572501.0,0.064342975,45.31,46.22,44.15,45.52,0.9958260105448152,1.103334483087088
300939,秋田微,2026-05-13,45.11,46.91,44.95,46.37,7078485.0,329281755.0,0.058987375,45.3,47.1,45.14,46.56,0.9959192439862542,0.9174611640983447
300939,秋田微,2026-05-14,46.7,48.28,45.83,46.71,7817820.0,367896799.0,0.0651485,46.89,48.48,46.02,46.9,0.9959488272921108,0.9497100317150686
300939,秋田微,2026-05-15,47.1,48.08,46.02,46.81,6439085.0,304369926.0,0.0536590416666666,47.3,48.28,46.21,47.0,0.9959574468085108,0.7370810086321932
300939,秋田微,2026-05-18,47.05,48.3,44.81,48.15,8039744.0,376029552.0,0.0669978666666666,47.25,48.5,45.0,48.35,0.9958634953464324,0.9529882110182221
300939,秋田微,2026-05-19,47.5,51.5,46.7,48.28,9924366.0,484887940.0,0.08270305,47.5,51.5,46.7,48.28,1.0,1.337649362304172
300939,秋田微,2026-05-20,48.1,50.3,46.85,48.44,7531176.0,364970238.0,0.0627598,48.1,50.3,46.85,48.44,1.0,0.9581770760442245
300939,秋田微,2026-05-21,49.35,55.88,48.93,53.2,17138681.0,908457584.0,0.1428223416666666,49.35,55.88,48.93,53.2,1.0,2.155690110263356
300939,秋田微,2026-05-22,53.0,57.99,52.3,56.96,16844679.0,943305891.0,0.140372325,53.0,57.99,52.3,56.96,1.0,1.716286058588734
300939,秋田微,2026-05-25,57.0,68.35,56.27,68.35,14043987.0,896249255.0,0.117033225,57.0,68.35,56.27,68.35,1.0,1.180590677871181
300939,秋田微,2026-05-26,69.36,77.99,67.0,71.0,19795623.0,1399557921.0,0.164963525,69.36,77.99,67.0,71.0,1.0,1.511511121630568
300939,秋田微,2026-05-27,69.92,73.6,67.17,73.55,15856315.0,1105854809.0,0.1321359583333333,69.92,73.6,67.17,73.55,1.0,1.0521196139625815
300939,秋田微,2026-05-28,70.97,79.36,70.5,77.06,15858947.0,1196510283.0,0.1321578916666666,70.97,79.36,70.5,77.06,1.0,0.9476029222764033
300939,秋田微,2026-05-29,76.51,76.51,71.06,72.13,11988886.0,881246487.0,0.0999073833333333,76.51,76.51,71.06,72.13,1.0,0.727484910688409
300939,秋田微,2026-06-01,70.92,72.58,66.99,69.16,10433800.0,728340953.0,0.0869483333333333,70.92,72.58,66.99,69.16,1.0,0.6727685289639947
300939,秋田微,2026-06-02,68.43,70.31,65.0,67.22,10548591.0,708455181.0,0.087904925,68.43,70.31,65.0,67.22,1.0,0.7133830313701471
300939,秋田微,2026-06-03,66.68,70.87,66.02,68.6,9171921.0,631158718.0,0.076432675,66.68,70.87,66.02,68.6,1.0,0.7089512858308897
300939,秋田微,2026-06-04,66.19,67.37,63.0,63.81,11823640.0,763167412.0,0.0985303333333333,66.19,67.37,63.0,63.81,1.0,1.0192416159781676
300939,秋田微,2026-06-05,62.72,64.5,61.0,62.19,7281325.0,457386143.0,0.0606777083333333,62.72,64.5,61.0,62.19,1.0,0.6746110453979164
300939,秋田微,2026-06-08,59.11,64.06,57.89,59.39,7112313.0,428439188.0,0.059269275,59.11,64.06,57.89,59.39,1.0,0.7219262475167875
300939,秋田微,2026-06-09,60.01,60.43,56.0,56.95,7574951.0,434790187.0,0.0631245916666666,60.01,60.43,56.0,56.95,1.0,0.8244792577091759
300939,秋田微,2026-06-10,56.33,57.0,53.88,55.3,5832023.0,321964438.0,0.0486001916666666,56.33,57.0,53.88,55.3,1.0,0.6787080624194823
300939,秋田微,2026-06-11,54.23,55.0,52.74,53.41,3866772.0,207631602.0,0.0322231,54.23,55.0,52.74,53.41,1.0,0.48792996773793984
300939,秋田微,2026-06-12,54.44,55.9,52.01,52.12,5021034.0,270062725.0,0.04184195,54.44,55.9,52.01,52.12,1.0,0.7927768836225941
300939,秋田微,2026-06-15,53.5,57.23,53.5,56.61,6140612.0,343440242.0,0.0511717666666666,53.5,57.23,53.5,56.61,1.0,1.0440698779712774
300939,秋田微,2026-06-16,56.99,63.4,55.92,61.72,10940279.0,651086902.0,0.0911689916666666,56.99,63.4,55.92,61.72,1.0,1.9237081380836951
300939,秋田微,2026-06-17,60.51,72.27,59.8,71.54,12651878.0,845624723.0,0.1054323166666666,60.51,72.27,59.8,71.54,1.0,1.9892439542249358
300939,秋田微,2026-06-18,69.61,73.0,68.76,69.82,9538537.0,669773744.0,0.0794878083333333,69.61,73.0,68.76,69.82,1.0,1.2349035455841866
300939,秋田微,2026-06-22,69.61,72.85,68.2,71.32,7739162.0,547422581.0,0.0644930166666666,69.61,72.85,68.2,71.32,1.0,0.8736456461771945
300939,秋田微,2026-06-23,69.5,73.0,68.23,71.68,7549325.0,538805471.0,0.0629110416666666,69.5,73.0,68.23,71.68,1.0,0.802940847132175
300939,秋田微,2026-06-24,70.42,70.98,66.0,70.15,7910605.0,541701990.0,0.0659217083333333,70.42,70.98,66.0,70.15,1.0,0.8168875264536177
300939,秋田微,2026-06-25,71.28,71.6,66.96,67.66,6577463.0,448402209.0,0.0548121916666666,71.28,71.6,66.96,67.66,1.0,0.7245576604301959
300939,秋田微,2026-06-26,66.99,69.98,65.43,68.43,6334609.0,429541436.0,0.0527884083333333,66.99,69.98,65.43,68.43,1.0,0.8056205235383908
300939,秋田微,2026-06-29,68.43,71.46,63.86,66.6,6126509.0,411456772.0,0.0510542416666666,68.43,71.46,63.86,66.6,1.0,0.8482846191277579
300939,秋田微,2026-06-30,66.53,69.65,65.0,69.2,5232373.0,357470593.0,0.0436031083333333,66.53,69.65,65.0,69.2,1.0,0.7583476573815027
300939,秋田微,2026-07-01,68.65,70.4,65.16,66.31,5590650.0,376034595.0,0.04658875,68.65,70.4,65.16,66.31,1.0,0.8686108090661487
300939,秋田微,2026-07-02,65.0,66.22,61.4,61.69,4617583.0,293764707.0,0.0384798583333333,65.0,66.22,61.4,61.69,1.0,0.7731639264923612
300939,秋田微,2026-07-03,61.7,62.42,59.75,61.19,3806350.0,232419256.0,0.0317195833333333,61.7,62.42,59.75,61.19,1.0,0.6820994286948003
300939,秋田微,2026-07-06,61.97,63.5,59.39,61.25,4938900.0,303737095.0,0.0411575,61.97,63.5,59.39,61.25,1.0,0.9732411399073796
300939,秋田微,2026-07-07,61.44,61.74,57.06,58.61,3984711.0,234011639.0,0.033205925,61.44,61.74,57.06,58.61,1.0,0.8237688589562429
300939,秋田微,2026-07-08,59.0,59.78,54.77,55.66,3199035.0,179410153.0,0.026658625,59.0,59.78,54.77,55.66,1.0,0.6973162316091668
300939,秋田微,2026-07-09,56.77,59.0,55.01,59.0,3734578.0,213528561.0,0.0311214833333333,56.77,59.0,55.01,59.0,1.0,0.9088077387481391
300939,秋田微,2026-07-10,59.9,61.27,56.91,57.1,3898259.0,230533876.0,0.0324854916666666,59.9,61.27,56.91,57.1,1.0,0.9912386730916771
300939,秋田微,2026-07-13,57.1,58.24,55.33,57.5,4104750.0,232051974.0,0.03420625,57.1,58.24,55.33,57.5,1.0,1.038888798618591
300939,秋田微,2026-07-14,57.5,62.0,54.02,61.96,6470089.0,377711878.0,0.0539174083333333,57.5,62.0,54.02,61.96,1.0,1.7097339283654063
300939,秋田微,2026-07-15,60.9,61.86,57.04,59.01,4992272.0,295473480.0,0.0416022666666666,60.9,61.86,57.04,59.01,1.0,1.1660530195413952
300939,秋田微,2026-07-16,57.58,57.82,54.04,54.7,4035204.0,224905538.0,0.0336267,57.58,57.82,54.04,54.7,1.0,0.8696579837161704
300939,秋田微,2026-07-17,55.5,55.5,50.3,52.0,4250456.0,225345601.0,0.0354204666666666,55.5,55.5,50.3,52.0,1.0,0.904330251678108
300939,秋田微,2026-07-20,51.89,52.6,41.6,43.14,6771074.0,311597412.0,0.0564256166666666,51.89,52.6,41.6,43.14,1.0,1.419347462816794
300939,秋田微,2026-07-21,43.0,45.38,37.37,45.25,7506062.0,314145601.0,0.0625505166666666,43.0,45.38,37.37,45.25,1.0,1.415218354925008
300939,秋田微,2026-07-22,45.01,47.3,44.16,44.55,4882784.0,222418038.0,0.0406898666666666,45.01,47.3,44.16,44.55,1.0,0.8860047088252514
300939,秋田微,2026-07-23,45.0,46.48,43.87,45.88,3949887.0,179867701.0,0.032915725,45.0,46.48,43.87,45.88,1.0,0.7195852665529385
300939,秋田微,2026-07-24,45.0,47.28,44.61,46.12,3040752.0,139682654.0,0.0253396,45.0,47.28,44.61,46.12,1.0,0.5556876408680721
300939,秋田微,2026-07-27,45.53,49.35,45.01,49.22,4329663.0,205043714.0,0.036080525,45.53,49.35,45.01,49.22,1.0,0.8278337377032744
300939,秋田微,2026-07-28,48.85,49.19,44.36,45.29,4096105.0,190551111.0,0.0341342083333333,48.85,49.19,44.36,45.29,1.0,0.863823744320125
300939,秋田微,2026-07-29,44.96,45.51,41.48,43.96,3537662.0,153226493.0,0.0294805166666666,44.96,45.51,41.48,43.96,1.0,0.8713800466235329
300939,秋田微,2026-07-30,43.88,45.47,41.43,42.9,3786707.0,164790773.0,0.0315558916666666,43.88,45.47,41.43,42.9,1.0,0.9989166442308509
300939,秋田微,2026-07-31,45.0,48.25,44.7,45.5,4511939.0,210056553.0,0.0375994916666666,45.0,48.25,44.7,45.5,1.0,1.2005656038945258
300939,秋田微,2026-08-03,45.5,53.0,45.15,51.79,6154813.0,303558714.0,0.0512901083333333,45.5,53.0,45.15,51.79,1.0,1.5188011830574517
300939,秋田微,2026-08-04,52.2,55.18,50.59,54.99,5316384.0,281225167.0,0.0443032,52.2,55.18,50.59,54.99,1.0,1.2034974423678193
300939,秋田微,2026-08-05,54.57,57.69,54.01,56.84,4141567.0,232431353.0,0.0345130583333333,54.57,57.69,54.01,56.84,1.0,0.8884621069479551
300939,秋田微,2026-08-06,56.66,62.62,56.0,59.9,5397305.0,323911196.0,0.0449775416666666,56.66,62.62,56.0,59.9,1.0,1.1286045030385075
300939,秋田微,2026-08-07,61.23,63.0,60.41,61.79,3928550.0,242371032.0,0.0327379166666666,61.23,63.0,60.41,61.79,1.0,0.7696396772542349
300939,秋田微,2026-08-10,62.3,62.9,59.93,61.96,2943527.0,180474676.0,0.0245293916666666,62.3,62.9,59.93,61.96,1.0,0.5901543706169134
300939,秋田微,2026-08-11,61.27,63.97,61.0,62.83,2587750.0,161798349.0,0.0215645833333333,61.27,63.97,61.0,62.83,1.0,0.59550567020812
300939,秋田微,2026-08-12,62.66,66.0,62.66,64.98,3073115.0,198565608.0,0.0256092916666666,62.66,66.0,62.66,64.98,1.0,0.8087698531357331
300939,秋田微,2026-08-13,65.97,67.65,65.07,65.38,3458869.0,230065193.0,0.0288239083333333,65.97,67.65,65.07,65.38,1.0,0.9645346770738853
300939,秋田微,2026-08-14,65.4,67.3,64.5,66.7,3026390.0,200440979.0,0.0252199166666666,65.4,67.3,64.5,66.7,1.0,0.946231167939641
300939,秋田微,2026-08-17,66.9,69.1,65.72,69.08,3472713.0,233705054.0,0.028939275,66.9,69.1,65.72,69.08,1.0,1.1506936111378585
300939,秋田微,2026-08-18,69.41,70.1,66.9,67.69,2528298.0,172498578.0,0.02106915,69.41,70.1,66.9,67.69,1.0,0.8093746032435065
300939,秋田微,2026-08-19,66.01,66.1,62.51,62.91,4779408.0,305425914.0,0.0398284,66.01,66.1,62.51,62.91,1.0,1.5358601898468351
300939,秋田微,2026-08-20,64.01,65.15,61.67,62.55,3203033.0,203450129.0,0.0266919416666666,64.01,65.15,61.67,62.55,1.0,0.927572320067593
300939,秋田微,2026-08-21,62.17,63.5,60.27,61.7,2936229.0,181910568.0,0.024468575,62.17,63.5,60.27,61.7,1.0,0.8630970822656672
300939,秋田微,2026-08-24,61.65,62.5,58.5,61.72,3564889.0,215014619.0,0.0297074083333333,61.65,62.5,58.5,61.72,1.0,1.0534740578146833
300939,秋田微,2026-08-25,60.81,61.8,59.53,61.01,2677397.0,162445120.0,0.0223116416666666,60.81,61.8,59.53,61.01,1.0,0.7869208517330001
300939,秋田微,2026-08-26,61.3,61.61,59.47,61.0,2042800.0,124140192.0,0.0170233333333333,61.3,61.61,59.47,61.0,1.0,0.5951882867131645
300939,秋田微,2026-08-27,62.0,67.39,61.88,65.61,3781995.0,246138145.0,0.031516625,62.0,67.39,61.88,65.61,1.0,1.3109760663012289
300939,秋田微,2026-08-28,64.95,66.29,63.33,63.72,2709780.0,175540769.0,0.0225815,64.95,66.29,63.33,63.72,1.0,0.9030607246001049
300939,秋田微,2026-08-31,62.1,66.88,61.84,66.7,2783500.0,181363154.0,0.0231958333333333,62.1,66.88,61.84,66.7,1.0,0.9418441440303187
300939,秋田微,2026-09-01,66.99,66.99,63.0,64.2,2275957.0,146502491.0,0.0189663083333333,66.99,66.99,63.0,64.2,1.0,0.8131047670275072
300939,秋田微,2026-09-02,63.44,65.59,62.66,64.7,1939400.0,124405367.0,0.0161616666666666,63.44,65.59,62.66,64.7,1.0,0.7133277308748428
300939,秋田微,2026-09-03,65.29,66.18,64.0,65.5,1823700.0,118715564.0,0.0151975,65.29,66.18,64.0,65.5,1.0,0.6759134783307409
300939,秋田微,2026-09-04,66.13,68.18,64.04,65.06,3914777.0,260337606.0,0.0326231416666666,66.13,68.18,64.04,65.06,1.0,1.697304284465499
300939,秋田微,2026-09-07,64.77,69.9,64.77,69.01,4386304.0,297625100.0,0.0365525333333333,64.77,69.9,64.77,69.01,1.0,1.721829701568633
300939,秋田微,2026-09-08,70.0,75.27,68.02,74.66,6716037.0,487338882.0,0.055966975,70.0,75.27,68.02,74.66,1.0,2.3416919000361083
300939,秋田微,2026-09-09,74.77,75.71,69.11,71.1,6006658.0,430666922.0,0.0500554833333333,74.77,75.71,69.11,71.1,1.0,1.5991981562727333
301282,金禄电子,2026-03-19,25.56,25.75,24.46,24.85,18235555.0,640029786.0,0.1550877753934023,35.8,36.07,34.26,34.8,0.714080459770115,1.2757144479557996
301282,金禄电子,2026-03-20,25.34,25.53,23.44,23.51,15687754.0,533409426.0,0.1334195130764569,35.49,35.76,32.83,32.93,0.7139386577588825,0.9825884081937183
301282,金禄电子,2026-03-23,22.14,23.11,21.84,21.98,11504827.0,361003488.0,0.0978450080469693,31.01,32.36,30.59,30.79,0.7138681390061709,0.6565537680424173
301282,金禄电子,2026-03-24,22.63,23.67,22.26,23.6,12857996.0,414979693.0,0.1093532933687659,31.69,33.15,31.18,33.05,0.714069591527988,0.7807927498494462
301282,金禄电子,2026-03-25,23.54,24.63,23.54,24.13,10342394.0,349048269.0,0.0879588736236474,32.97,34.49,32.97,33.79,0.7141166025451317,0.6167667945217309
301282,金禄电子,2026-03-26,23.92,24.72,23.68,23.85,8829342.0,299699800.0,0.0750908326600168,33.5,34.62,33.16,33.41,0.7138581263094883,0.6432705548710168
301282,金禄电子,2026-03-27,23.41,23.94,23.06,23.57,7257707.0,239214720.0,0.0617245613356502,32.78,33.53,32.3,33.01,0.7140260527112997,0.6127510588787709
301282,金禄电子,2026-03-30,23.08,23.7,22.89,23.61,5809688.0,189414437.0,0.0494096059949776,32.33,33.19,32.06,33.07,0.7139401270033262,0.5719067544653353
301282,金禄电子,2026-03-31,23.88,25.22,23.61,24.63,17814519.0,612508828.0,0.151506993969391,33.44,35.32,33.06,34.5,0.7139130434782608,1.9751279277724276
301282,金禄电子,2026-04-01,25.13,25.98,24.46,25.29,18002385.0,633759027.0,0.15310473640235,35.2,36.38,34.26,35.42,0.7140033879164314,1.7983089145347042
301282,金禄电子,2026-04-02,24.85,25.89,24.83,25.34,13856656.0,489520034.0,0.1178465888990843,34.81,36.26,34.77,35.49,0.7140039447731755,1.200466281446357
301282,金禄电子,2026-04-03,25.35,25.87,24.71,24.71,12101463.0,424784892.0,0.1029192133541079,35.5,36.23,34.61,34.61,0.7139555041895407,0.964399011777873
301282,金禄电子,2026-04-07,24.4,25.28,24.31,24.49,11315561.0,391836246.0,0.096235359045466,34.17,35.4,34.05,34.3,0.7139941690962099,0.8371391127203311
301282,金禄电子,2026-04-08,25.03,26.3,24.89,26.26,18604758.0,672513857.0,0.1582277331264448,35.06,36.84,34.86,36.78,0.7139749864056553,1.2727192055272125
301282,金禄电子,2026-04-09,25.7,27.62,25.46,27.48,21241545.0,797414543.0,0.1806527939494492,36.0,38.69,35.66,38.49,0.7139516757599376,1.4375547088856875
301282,金禄电子,2026-04-10,26.78,27.29,26.39,27.02,14669264.0,551174962.0,0.1247575695074004,37.5,38.22,36.96,37.84,0.7140591966173361,0.9510676370351379
301282,金禄电子,2026-04-13,26.49,27.49,26.43,27.33,11299083.0,425662369.0,0.0960952187336997,37.1,38.5,37.02,38.28,0.7139498432601881,0.7249266869620696
301282,金禄电子,2026-04-14,27.56,29.82,26.78,29.52,20712169.0,822586739.0,0.1761506142139458,38.6,41.76,37.5,41.34,0.7140783744557329,1.3426755049328207
301282,金禄电子,2026-04-15,29.47,31.74,27.99,28.2,24999862.0,1028180745.0,0.2126161217863703,41.27,44.45,39.2,39.5,0.7139240506329114,1.444630825963913
301282,金禄电子,2026-04-16,28.17,32.63,27.7,32.45,28579561.0,1211264956.0,0.2430603585802594,39.45,45.7,38.8,45.45,0.713971397139714,1.5378266009410932
301282,金禄电子,2026-04-17,32.11,33.8,30.54,33.13,26617059.0,1193098152.0,0.2263698838793192,44.97,47.34,42.77,46.4,0.7140086206896552,1.3274025131812617
301282,金禄电子,2026-04-20,32.85,33.31,31.92,32.16,15471868.0,700612063.0,0.1315834691787757,46.01,46.65,44.7,45.04,0.714031971580817,0.6894296608823773
301282,金禄电子,2026-04-21,31.92,33.36,31.07,32.75,16655471.0,745854061.0,0.1416496479278709,44.7,46.72,43.51,45.87,0.7139742751253543,0.7155609522586851
301282,金禄电子,2026-04-22,32.37,36.38,32.19,33.92,22050594.0,1055061120.0,0.1875335063595874,45.34,50.95,45.08,47.5,0.7141052631578948,0.9815635634403855
301282,金禄电子,2026-04-23,33.28,33.83,31.48,31.72,18955854.0,860365560.0,0.1612136964047504,46.61,47.38,44.09,44.43,0.7139320279090704,0.8665568672084081
301282,金禄电子,2026-04-24,31.27,31.83,30.35,30.57,12111973.0,522464046.0,0.1030085976651083,43.8,44.58,42.5,42.81,0.7140854940434478,0.6071112920686407
301282,金禄电子,2026-04-27,29.92,33.04,29.63,32.06,17076708.0,753628754.0,0.1452321387949375,41.9,46.28,41.5,44.9,0.714031180400891,1.0016162680701068
301282,金禄电子,2026-04-28,31.92,33.27,31.25,31.55,10356134.0,465539050.0,0.081802026995773,44.71,46.6,43.77,44.19,0.7139624349400318,0.5962039410205572
301282,金禄电子,2026-04-29,31.13,32.24,30.16,30.17,12087708.0,522934901.0,0.0954795502002022,43.6,45.15,42.24,42.25,0.7140828402366864,0.7503115128064473
301282,金禄电子,2026-04-30,29.49,29.85,28.21,28.25,14311977.0,575139454.0,0.1130488200439355,41.3,41.8,39.51,39.57,0.7139246904220369,1.0137630023707727
301282,金禄电子,2026-05-06,28.66,29.59,28.32,29.01,10265622.0,415769110.0,0.0810870821073193,40.14,41.44,39.66,40.63,0.7140044302239724,0.7783531606123331
301282,金禄电子,2026-05-07,28.92,30.3,28.45,30.1,14168578.0,584622864.0,0.1119161262347238,40.51,42.43,39.85,42.16,0.7139468690702088,1.1052252070492705
301282,金禄电子,2026-05-08,29.8,31.77,29.53,31.37,19091583.0,591564798.0,0.1081199046029974,29.8,31.77,29.53,31.37,1.0,1.5600242745471282
301282,金禄电子,2026-05-11,31.32,31.76,30.25,30.75,15287728.0,470040936.0,0.0865778229577176,31.32,31.76,30.25,30.75,1.0,1.0931444892152886
301282,金禄电子,2026-05-12,30.58,30.65,29.11,29.6,11866790.0,352650297.0,0.0672042859276678,30.58,30.65,29.11,29.6,1.0,0.8113990295695531
301282,金禄电子,2026-05-13,29.36,30.4,29.21,30.09,10738808.0,322076069.0,0.0608162715742275,29.36,30.4,29.21,30.09,1.0,0.7596747501117744
301282,金禄电子,2026-05-14,30.11,30.28,28.1,28.12,13222884.0,378139166.0,0.0748841495572421,30.11,30.28,28.1,28.12,1.0,0.9291803225328928
301282,金禄电子,2026-05-15,28.17,28.99,27.3,27.53,13987243.0,393178796.0,0.0792128855327996,28.17,28.99,27.3,27.53,1.0,0.9961317969359897
301282,金禄电子,2026-05-18,27.48,27.75,27.0,27.45,8264637.0,227147727.0,0.0468044878215914,27.48,27.75,27.0,27.45,1.0,0.6347310794713147
301282,金禄电子,2026-05-19,27.35,27.5,26.14,27.39,9606946.0,257603359.0,0.054406283912976,27.35,27.5,26.14,27.39,1.0,0.8270390945566076
301282,金禄电子,2026-05-20,27.1,27.55,26.77,27.18,6856732.0,185837850.0,0.0388312069108318,27.1,27.55,26.77,27.18,1.0,0.6141766724558163
301282,金禄电子,2026-05-21,27.5,28.35,26.21,26.22,11920470.0,328618042.0,0.0675082877738788,27.5,28.35,26.21,26.22,1.0,1.1475575258880504
301282,金禄电子,2026-05-22,26.76,29.28,26.76,28.9,17069049.0,482480085.0,0.0966658421956884,26.76,29.28,26.76,28.9,1.0,1.6854648433324984
301282,金禄电子,2026-05-25,29.0,30.55,29.0,29.4,17659599.0,524743549.0,0.1000102589296648,29.0,30.55,29.0,29.4,1.0,1.6437370687731006
301282,金禄电子,2026-05-26,29.26,30.0,28.33,28.95,12376899.0,358631531.0,0.0700931472869973,29.26,30.0,28.33,28.95,1.0,0.9805380037354073
301282,金禄电子,2026-05-27,28.84,28.99,27.09,27.51,12351646.0,343992114.0,0.0699501338998444,28.84,28.99,27.09,27.51,1.0,0.9373960701002321
301282,金禄电子,2026-05-28,27.34,28.62,27.02,28.28,11559022.0,323624537.0,0.0654613269074622,27.34,28.62,27.02,28.28,1.0,0.8097086339181488
301282,金禄电子,2026-05-29,28.38,29.63,27.13,27.38,14560960.0,413553129.0,0.0824619732228627,28.38,29.63,27.13,27.38,1.0,1.0251855861369126
301282,金禄电子,2026-06-01,27.47,29.0,27.0,27.82,13314544.0,372674354.0,0.0754032406381603,27.47,29.0,27.0,27.82,1.0,0.9717492491328693
301282,金禄电子,2026-06-02,27.7,30.18,27.56,29.8,20579216.0,595987226.0,0.1165447030099325,27.7,30.18,27.56,29.8,1.0,1.603665136290001
301282,金禄电子,2026-06-03,29.73,31.29,29.28,29.56,29762130.0,902441390.0,0.1685495988667889,29.73,31.29,29.28,29.56,1.0,2.056378803634688
301282,金禄电子,2026-06-04,28.92,31.22,28.68,31.22,23432092.0,707205898.0,0.1327011778797315,28.92,31.22,28.68,31.22,1.0,1.305032826637429
301282,金禄电子,2026-06-05,30.67,32.01,30.0,31.3,24541219.0,761168570.0,0.1389824121510127,30.67,32.01,30.0,31.3,1.0,1.2071556534252958
301282,金禄电子,2026-06-08,29.57,32.78,29.3,32.47,24860697.0,779155247.0,0.1407916875203079,29.57,32.78,29.3,32.47,1.0,1.113539144654453
301282,金禄电子,2026-06-09,32.48,33.02,31.0,32.2,24345053.0,781734101.0,0.1378714802180058,32.48,33.02,31.0,32.2,1.0,0.9882274419929817
301282,金禄电子,2026-06-10,31.35,31.35,26.81,26.87,23630011.0,684078131.0,0.133822037443819,31.35,31.35,26.81,26.87,1.0,0.9307463879080826
301282,金禄电子,2026-06-11,26.09,26.46,25.01,25.45,16740867.0,428395133.0,0.0948072741276334,26.09,26.46,25.01,25.45,1.0,0.6928646467874532
301282,金禄电子,2026-06-12,26.18,27.2,25.08,25.3,15173671.0,396309032.0,0.085931892656427,26.18,27.2,25.08,25.3,1.0,0.6648246264232448
301282,金禄电子,2026-06-15,25.55,28.82,25.5,28.41,20594285.0,567511980.0,0.116630042127305,25.55,28.82,25.5,28.41,1.0,0.9830179577816766
301282,金禄电子,2026-06-16,28.35,29.0,28.04,28.63,13830597.0,395327828.0,0.0783257641989405,28.35,29.0,28.04,28.63,1.0,0.6881997409196562
301282,金禄电子,2026-06-17,28.3,30.12,28.1,29.41,14954574.0,440490850.0,0.084691097341612,28.3,30.12,28.1,29.41,1.0,0.8310919516652273
301282,金禄电子,2026-06-18,29.12,30.09,28.89,29.98,13980460.0,415025093.0,0.0791744718866958,29.12,30.09,28.89,29.98,1.0,0.8598704105988444
301282,金禄电子,2026-06-22,30.01,30.28,28.08,29.04,14735176.0,428171166.0,0.0834485973964745,30.01,30.28,28.08,29.04,1.0,0.9381448475032726
301282,金禄电子,2026-06-23,28.82,28.82,27.0,27.45,11291051.0,312072845.0,0.0639437471993589,28.82,28.82,27.0,27.45,1.0,0.7229040078472537
301282,金禄电子,2026-06-24,27.38,28.7,27.35,28.41,14333471.0,403902400.0,0.0811736521350707,27.38,28.7,27.35,28.41,1.0,1.0417999612686724
301282,金禄电子,2026-06-25,28.81,31.17,27.41,30.31,22007936.0,652241031.0,0.1246358639212302,28.81,31.17,27.41,30.31,1.0,1.5879948853832062
301282,金禄电子,2026-06-26,30.31,30.5,27.63,28.85,17215621.0,499452463.0,0.09749591221437,30.31,30.5,27.63,28.85,1.0,1.1274427492584163
301282,金禄电子,2026-06-29,28.9,29.75,26.8,27.48,14225024.0,399887887.0,0.0805594925185275,28.9,29.75,26.8,27.48,1.0,0.8937196650224976
301282,金禄电子,2026-06-30,27.48,29.69,26.78,29.49,14247551.0,405638975.0,0.080687067957976,27.48,29.69,26.78,29.49,1.0,0.9009100730497449
301282,金禄电子,2026-07-01,30.08,30.68,29.41,30.15,15331724.0,460077099.0,0.0868269821459795,30.08,30.68,29.41,30.15,1.0,0.9345238450075152
301282,金禄电子,2026-07-02,29.5,30.46,28.29,28.37,13275014.0,389084500.0,0.0751793734067759,29.5,30.46,28.29,28.37,1.0,0.7994313378391946
301282,金禄电子,2026-07-03,28.45,31.09,27.91,30.07,19128429.0,569471319.0,0.1083285717420713,28.45,31.09,27.91,30.07,1.0,1.2873306408751908
301282,金禄电子,2026-07-06,30.12,31.29,28.66,30.78,21359430.0,645915544.0,0.1209632293966613,30.12,31.29,28.66,30.78,1.0,1.401395018369656
301282,金禄电子,2026-07-07,30.23,31.71,30.0,31.68,25639483.0,799243672.0,0.1452021268236465,30.23,31.71,30.0,31.68,1.0,1.538206274693088
301282,金禄电子,2026-07-08,31.0,31.16,26.6,26.73,22653894.0,642948194.0,0.1282940685519066,31.0,31.16,26.6,26.73,1.0,1.195657043378687
301282,金禄电子,2026-07-09,26.98,27.5,24.0,25.7,17120747.0,440127394.0,0.0969586195325999,26.98,27.5,24.0,25.7,1.0,0.838789736052422
301282,金禄电子,2026-07-10,25.45,26.3,25.08,25.48,11517262.0,295674659.0,0.06522483068731,25.45,26.3,25.08,25.48,1.0,0.5437698933361804
301282,金禄电子,2026-07-13,25.02,25.1,21.81,21.85,13015382.0,300101654.0,0.0737090193207954,25.02,25.1,21.81,21.85,1.0,0.6620853569879814
301282,金禄电子,2026-07-14,21.65,22.63,21.29,22.32,8203068.0,180542368.0,0.0464558088039059,21.65,22.63,21.29,22.32,1.0,0.4559957062603961
301282,金禄电子,2026-07-15,22.39,22.56,21.35,21.4,6249118.0,136074579.0,0.0353901529282759,22.39,22.56,21.35,21.4,1.0,0.4309121209215462
301282,金禄电子,2026-07-16,21.03,21.98,20.7,21.43,6150090.0,132268523.0,0.0348293352154113,21.03,21.98,20.7,21.43,1.0,0.5480818778496833
301282,金禄电子,2026-07-17,21.2,21.36,19.44,19.53,7963398.0,162034879.0,0.0450985039886792,21.2,21.36,19.44,19.53,1.0,0.8821770372031235
301282,金禄电子,2026-07-20,19.88,19.95,17.06,17.36,9989181.0,183887649.0,0.0565709662096681,19.88,19.95,17.06,17.36,1.0,1.2011697105528056
301282,金禄电子,2026-07-21,18.55,20.83,17.2,20.83,14579002.0,277392002.0,0.0825641491041842,18.55,20.83,17.2,20.83,1.0,1.8906830281166924
301282,金禄电子,2026-07-22,20.7,23.13,20.4,21.67,15916128.0,347525974.0,0.0901365927073253,20.7,23.13,20.4,21.67,1.0,1.7711827851498445
301282,金禄电子,2026-07-23,21.84,22.45,21.41,21.98,10289955.0,225335243.0,0.0582743166435772,21.84,22.45,21.41,21.98,1.0,0.9423415584939605
301282,金禄电子,2026-07-24,21.88,22.13,21.3,21.31,6973265.0,150976219.0,0.0394911593539111,21.88,22.13,21.3,21.31,1.0,0.5935940012868063
301282,金禄电子,2026-07-27,21.1,23.25,21.1,23.09,9522592.0,213387893.0,0.0539285683441371,21.1,23.25,21.1,23.09,1.0,0.8245020899681409
301282,金禄电子,2026-07-28,22.5,23.08,21.81,22.2,7990020.0,179347049.0,0.0452492703290262,22.5,23.08,21.81,22.2,1.0,0.6974413933346277
301282,金禄电子,2026-07-29,22.23,22.52,21.34,22.48,7450796.0,163079830.0,0.0421955242127588,22.23,22.52,21.34,22.48,1.0,0.734909046720624
301282,金禄电子,2026-07-30,22.01,22.3,20.61,20.84,8155092.0,173505084.0,0.0461841099854667,22.01,22.3,20.61,20.84,1.0,0.9656338175996436
301282,金禄电子,2026-07-31,22.18,22.49,21.08,21.1,8529654.0,185643229.0,0.0483053383669953,22.18,22.49,21.08,21.1,1.0,1.0637663370520105
301282,金禄电子,2026-08-03,20.81,21.21,20.52,20.84,4912704.0,102234077.0,0.0278217415403826,20.81,21.21,20.52,20.84,1.0,0.5897865245119868
301282,金禄电子,2026-08-04,21.1,21.97,20.89,21.95,6623830.0,143266464.0,0.0375122307933539,21.1,21.97,20.89,21.95,1.0,0.8941873790743875
301282,金禄电子,2026-08-05,21.7,23.25,21.7,22.76,8206092.0,185797715.0,0.0464729343922617,21.7,23.25,21.7,22.76,1.0,1.1502122836921518
301282,金禄电子,2026-08-06,22.74,23.49,22.3,23.12,7958478.0,182804492.0,0.0450706409282589,22.74,23.49,22.3,23.12,1.0,1.092376084665125
301282,金禄电子,2026-08-07,23.12,24.38,22.86,24.35,11093984.0,265629911.0,0.0628277127018319,23.12,24.38,22.86,24.35,1.0,1.5310173747951947
301282,金禄电子,2026-08-10,24.35,24.43,23.45,23.88,7650551.0,181915664.0,0.0433267814554909,24.35,24.43,23.45,23.88,1.0,0.9860205755945186
301282,金禄电子,2026-08-11,23.69,24.25,23.5,23.8,5641727.0,134961927.0,0.0319503618445968,23.69,24.25,23.5,23.8,1.0,0.6791871318509034
301282,金禄电子,2026-08-12,23.89,27.6,23.88,26.45,20052713.0,520261583.0,0.1135629987618777,23.89,27.6,23.88,26.45,1.0,2.472540267484524
301282,金禄电子,2026-08-13,26.6,29.16,26.02,27.96,24703467.0,698167866.0,0.1399012588638299,26.6,29.16,26.02,27.96,1.0,2.357315631353303
301282,金禄电子,2026-08-14,27.87,29.5,27.72,29.31,22140953.0,638469859.0,0.1253891689431646,27.87,29.5,27.72,29.31,1.0,1.601111586426178
301282,金禄电子,2026-08-17,29.29,35.17,28.84,35.17,34524807.0,1125432242.0,0.1955217039507356,29.29,35.17,28.84,35.17,1.0,2.1527036156930994
301282,金禄电子,2026-08-18,37.64,42.0,36.28,39.06,50094314.0,1954663791.0,0.2836953044088904,37.64,42.0,36.28,39.06,1.0,2.339463769721245
301282,金禄电子,2026-08-19,39.0,40.63,37.37,37.66,36374367.0,1409038005.0,0.2059961759082218,39.0,40.63,37.37,37.66,1.0,1.2003453768069001
301282,金禄电子,2026-08-20,38.4,38.83,36.04,36.71,27010071.0,1000479154.0,0.1529640732169871,38.4,38.83,36.04,36.71,1.0,0.8046475114549211
301282,金禄电子,2026-08-21,36.58,36.9,35.23,35.77,23723756.0,848681449.0,0.1343529363460739,36.58,36.9,35.23,35.77,1.0,0.6971648900435884
301282,金禄电子,2026-08-24,36.06,36.09,32.28,33.48,21448951.0,717023763.0,0.1214702068421652,36.06,36.09,32.28,33.48,1.0,0.6245060956086107
301282,金禄电子,2026-08-25,33.2,34.54,32.0,34.0,18612579.0,623217433.0,0.1054071978156946,33.2,34.54,32.0,34.0,1.0,0.5865870732395849
301282,金禄电子,2026-08-26,33.81,34.5,32.55,33.67,14293110.0,478985905.0,0.0809450787648226,,,,,,0.561969844331816
301282,金禄电子,2026-08-27,33.7,35.64,33.7,34.78,20195060.0,706001340.0,0.1143691416605846,33.7,35.64,33.7,34.78,1.0,0.9608599581150994
301282,金禄电子,2026-08-28,34.46,35.85,33.8,33.88,16233511.0,561140539.0,0.0919340036230473,,,,,,0.8259356931540089
301282,金禄电子,2026-08-31,33.0,36.86,32.58,36.59,21925887.0,778554470.0,0.1241712020829336,33.0,36.86,32.58,36.59,1.0,1.2075959177077358
301282,金禄电子,2026-09-01,36.65,37.05,35.52,36.58,17784651.0,647140315.0,0.1007184563751262,,,,,,0.9743930721479115
301282,金禄电子,2026-09-02,36.0,37.18,35.6,36.15,12426478.0,449888115.0,0.0703739242529677,,,,,,0.6870603274702349
301282,金禄电子,2026-09-03,37.68,41.13,37.05,40.6,28807567.0,1146858155.0,0.1631436950977012,,,,,,1.6263408833952628
301282,金禄电子,2026-09-04,40.6,41.67,39.05,39.72,23031893.0,933125594.0,0.1304347614331637,,,,,,1.1850352302649607
301282,金禄电子,2026-09-07,40.26,41.1,39.5,40.93,18056487.0,731911332.0,0.1022579244426857,,,,,,0.868296738581523
301282,金禄电子,2026-09-08,40.31,41.46,39.3,40.3,14384326.0,582538598.0,0.0814616553744346,,,,,,0.7184470156734974
301282,金禄电子,2026-09-09,40.9,43.44,40.6,42.88,19914247.0,843709553.0,0.1127788348342055,,,,,,1.02962031058204
301550,斯菱智驱,2026-03-19,99.83,100.29,95.65,96.38,4146816.0,586271653.0,0.029393455055186233,145.0,145.68,138.93,140.0,0.6884285714285714,1.0316289529474227
301550,斯菱智驱,2026-03-20,97.0,99.01,93.74,93.74,4245012.0,592561944.0,0.030089487797559916,140.9,143.82,136.16,136.16,0.688454759106933,1.0996696285733203
301550,斯菱智驱,2026-03-23,92.87,95.3,89.06,89.62,4190726.0,559124174.0,0.0297046978524247,134.89,138.42,129.37,130.18,0.6884314026732217,1.022913491058307
301550,斯菱智驱,2026-03-24,92.25,92.35,87.43,91.12,3748396.0,488211248.0,0.026569374998803866,134.0,134.14,127.0,132.36,0.6884255061952251,0.8889185479963407
301550,斯菱智驱,2026-03-25,92.17,102.1,91.26,100.76,7893657.0,1128420236.0,0.05595180790528352,133.88,148.31,132.56,146.36,0.6884394643345176,1.992985466934571
301550,斯菱智驱,2026-03-26,101.89,105.33,98.72,101.03,7581178.0,1126075097.0,0.053736894718349366,148.0,152.99,143.4,146.75,0.688449744463373,1.5647680063499068
301550,斯菱智驱,2026-03-27,99.83,108.42,97.6,105.34,8478364.0,1280722804.0,0.06009632720031682,145.0,157.48,141.77,153.01,0.6884517351807072,1.5326608884083859
301550,斯菱智驱,2026-03-30,102.59,109.39,102.3,108.78,6850888.0,1065572951.0,0.04856045421743205,149.02,158.9,148.6,158.0,0.6884810126582278,1.0740654466634774
301550,斯菱智驱,2026-03-31,109.31,110.07,105.88,106.04,4967748.0,778289075.0,0.035095081340155855,158.77,159.88,153.8,154.02,0.6884820153226854,0.71886990003005
301550,斯菱智驱,2026-04-01,109.0,114.11,107.78,111.65,7003079.0,1126603056.0,0.049473851559406264,158.32,165.75,156.56,162.18,0.6884326057467012,0.9788537546368533
301550,斯菱智驱,2026-04-02,110.84,114.7,108.78,109.15,4649482.0,749485733.0,0.03284666391684734,161.0,166.6,158.0,158.55,0.6884263639230527,0.6664728280864419
301550,斯菱智驱,2026-04-03,108.77,112.1,107.27,110.84,4041173.0,645773880.0,0.028549212871635532,157.99,162.83,155.81,161.0,0.6884472049689441,0.6324301294781484
301550,斯菱智驱,2026-04-07,110.7,112.36,108.09,109.67,3646947.0,583443067.0,0.025764169520723953,160.8,163.2,157.0,159.3,0.688449466415568,0.6627831408199294
301550,斯菱智驱,2026-04-08,112.83,115.43,112.22,114.22,4023121.0,665392382.0,0.028421682971094583,163.89,167.66,163.0,165.91,0.6884455427641493,0.8275156325404657
301550,斯菱智驱,2026-04-09,113.71,118.99,111.95,116.61,4677457.0,789955226.0,0.033044295701006046,165.17,172.83,162.61,169.38,0.6884520014169323,1.0010051018237527
301550,斯菱智驱,2026-04-10,117.19,122.41,115.44,115.52,5073444.0,871701112.0,0.03584177978728504,170.22,177.8,167.68,167.79,0.6884796471780201,1.20577065126356
301550,斯菱智驱,2026-04-13,114.28,116.07,108.19,109.0,6453385.0,1036634313.0,0.045590491203326276,166.0,168.6,157.15,158.32,0.6884790298130369,1.503434512734097
301550,斯菱智驱,2026-04-14,109.32,110.08,105.39,106.16,5941835.0,927055909.0,0.04197660240309794,158.79,159.9,153.08,154.2,0.6884565499351492,1.244397021171756
301550,斯菱智驱,2026-04-15,106.78,114.7,106.69,109.26,6839374.0,1105324120.0,0.04831734356206215,155.1,166.6,154.97,158.7,0.6884688090737241,1.306758139956824
301550,斯菱智驱,2026-04-16,114.28,117.52,108.43,111.07,7883966.0,1285253970.0,0.055696953237769554,166.0,170.7,157.5,161.33,0.6884646376991259,1.3599847095935398
301550,斯菱智驱,2026-04-17,108.11,113.07,106.37,112.07,5567603.0,888217501.0,0.03933280837810126,157.04,164.24,154.5,162.79,0.6884329504269304,0.8647493644695123
301550,斯菱智驱,2026-04-20,110.85,111.46,106.92,108.94,5387344.0,849410358.0,0.03805935322955203,161.02,161.9,155.3,158.24,0.688447927199191,0.8241016236748254
301550,斯菱智驱,2026-04-21,107.94,112.4,107.4,108.51,4809595.0,764965704.0,0.033977795922459614,156.79,163.26,156.0,157.62,0.6884278644842026,0.7605275843021732
301550,斯菱智驱,2026-04-22,108.08,111.87,106.43,109.72,4518524.0,718490471.0,0.03192149990648608,156.99,162.49,154.6,159.37,0.6884608144569241,0.7410360614751789
301550,斯菱智驱,2026-04-23,108.42,109.31,103.32,104.33,6125215.0,935756275.0,0.043272106123527755,157.48,158.78,150.08,151.54,0.6884650917249572,1.0873021694298497
301550,斯菱智驱,2026-04-24,104.33,107.59,103.1,103.13,5093602.0,778151837.0,0.035984187705250054,151.54,156.28,149.76,149.8,0.6884512683578103,0.9643948426631782
301550,斯菱智驱,2026-04-27,103.65,111.18,103.26,109.33,6376013.0,1010495901.0,0.045043890080755135,150.55,161.5,149.99,158.8,0.6884760705289672,1.2292635461636106
301550,斯菱智驱,2026-04-28,109.4,109.81,105.73,106.64,3982219.0,622520612.0,0.02813272728796109,158.91,159.5,153.57,154.9,0.6884441575209812,0.739558471102107
301550,斯菱智驱,2026-04-29,106.61,106.92,104.38,105.64,2476170.0,380572831.0,0.017493115102065106,154.86,155.3,151.61,153.45,0.6884327142391659,0.4744425424189766
301550,斯菱智驱,2026-04-30,106.71,111.36,105.67,110.12,5569377.0,883435114.0,0.039345340953082404,155.0,161.75,153.49,159.95,0.6884651453579245,1.1577196798482565
301550,斯菱智驱,2026-05-06,110.15,117.31,108.78,116.05,6166757.0,1025313852.0,0.04356558314149098,159.99,170.4,158.0,168.57,0.6884380376104883,1.3122222004231023
301550,斯菱智驱,2026-05-07,116.97,128.66,114.97,128.33,7795995.0,1419444960.0,0.055075474571666755,169.9,186.88,167.0,186.4,0.6884656652360516,1.5864519601851583
301550,斯菱智驱,2026-05-08,128.74,135.62,127.02,133.49,10674693.0,2049676577.0,0.07541228321488778,187.0,197.0,184.5,193.9,0.6884476534296029,2.0535744997464076
301550,斯菱智驱,2026-05-11,130.12,133.82,129.19,130.3,7186342.0,1369972048.0,0.05076852872331252,189.0,194.38,187.66,189.27,0.6884345115443546,1.0994008749260165
301550,斯菱智驱,2026-05-12,131.33,132.6,127.67,128.88,4995527.0,936214385.0,0.035291328465522964,190.76,192.61,185.45,187.2,0.6884615384615385,0.6679732958676619
301550,斯菱智驱,2026-05-13,127.36,128.2,124.13,125.42,4838736.0,882729061.0,0.03418366501351123,185.0,186.22,180.3,182.18,0.6884400043912614,0.6570920903089069
301550,斯菱智驱,2026-05-14,125.42,126.21,118.43,118.79,6075034.0,1078253617.0,0.04291759814994891,182.18,183.32,172.03,172.55,0.6884381338742394,0.8558485034625254
301550,斯菱智驱,2026-05-15,120.2,130.77,116.71,126.19,9831485.0,1780322135.0,0.06945536806003892,174.6,189.95,169.53,183.29,0.6884718206121447,1.4556393760061346
301550,斯菱智驱,2026-05-18,125.3,134.24,123.94,131.21,9501054.0,1796235538.0,0.06712100995203725,182.0,194.99,180.03,190.58,0.6884772798824641,1.442739730320814
301550,斯菱智驱,2026-05-19,132.12,135.62,129.43,130.94,6071309.0,1159895343.0,0.042891282568322774,191.91,197.0,188.0,190.2,0.6884332281808623,0.8613780791670446
301550,斯菱智驱,2026-05-20,130.81,130.94,125.99,128.4,5317746.0,990408819.0,0.037567672195990706,190.0,190.19,183.0,186.5,0.6884718498659518,0.7321165721826801
301550,斯菱智驱,2026-05-21,127.18,143.2,126.82,135.43,11134456.0,2207629050.0,0.07866031831694893,184.74,208.0,184.21,196.72,0.6884404229361529,1.5129723299645828
301550,斯菱智驱,2026-05-22,136.32,141.03,132.27,134.39,9323263.0,1852095295.0,0.06586499020092515,198.01,204.85,192.13,195.2,0.6884733606557377,1.1137294369631152
301550,斯菱智驱,2026-05-25,134.94,137.68,132.87,133.82,6386730.0,1253108921.0,0.045119601245396025,196.0,199.98,193.0,194.38,0.6884453133038378,0.7723174721535555
301550,斯菱智驱,2026-05-26,134.4,140.38,125.31,128.4,8361575.0,1616660056.0,0.05907106293572333,195.22,203.9,182.02,186.51,0.6884349364645328,1.093487926191646
301550,斯菱智驱,2026-05-27,128.01,128.4,120.03,124.6,6501205.0,1177352756.0,0.04592831969013484,185.94,186.5,174.35,180.98,0.688473864515416,0.8021471102022344
301550,斯菱智驱,2026-05-28,124.06,124.71,117.17,118.34,6093238.0,1055684092.0,0.043046201867511916,180.2,181.15,170.2,171.9,0.6884235020360675,0.7304774431310217
301550,斯菱智驱,2026-05-29,119.0,121.99,112.3,114.11,7561318.0,879928513.0,0.03683970953522378,119.0,121.99,112.3,114.11,1.0,1.0311072562543004
301550,斯菱智驱,2026-06-01,115.0,118.12,107.07,108.3,9341226.0,1041869422.0,0.04551164923137478,115.0,118.12,107.07,108.3,1.0,1.3381286294840262
301550,斯菱智驱,2026-06-02,110.85,111.88,107.11,108.36,7282574.0,796611008.0,0.035481633073595475,110.85,111.88,107.11,108.36,1.0,0.9618133409293252
301550,斯菱智驱,2026-06-03,108.0,115.86,107.9,110.74,7617528.0,860040895.0,0.037113571853006865,108.0,115.86,107.9,110.74,1.0,1.0355653782817038
301550,斯菱智驱,2026-06-04,110.45,116.7,109.08,113.3,6985670.0,796763563.0,0.03403507876654926,110.45,116.7,109.08,113.3,1.0,0.9216924455436902
301550,斯菱智驱,2026-06-05,113.32,122.0,108.67,116.68,11877943.0,1369167405.0,0.05787085928616474,113.32,122.0,108.67,116.68,1.0,1.531123831207315
301550,斯菱智驱,2026-06-08,112.85,128.58,111.5,124.27,16228425.0,2015815687.0,0.0790669646765503,112.85,128.58,111.5,124.27,1.0,1.882432109117143
301550,斯菱智驱,2026-06-09,124.89,125.51,117.5,119.62,11861593.0,1424088489.0,0.05779119999252031,124.89,125.51,117.5,119.62,1.0,1.1863457935587474
301550,斯菱智驱,2026-06-10,118.19,120.61,108.03,108.97,10754325.0,1211846036.0,0.05239644850902918,118.19,120.61,108.03,108.97,1.0,0.9853487810291879
301550,斯菱智驱,2026-06-11,108.82,109.73,102.14,102.67,11855542.0,1238339524.0,0.05776171874567979,108.82,109.73,102.14,102.67,1.0,1.027201691219145
301550,斯菱智驱,2026-06-12,104.59,105.28,94.96,94.96,14337376.0,1432801719.0,0.0698535317966112,104.59,105.28,94.96,94.96,1.0,1.1455635692565105
301550,斯菱智驱,2026-06-15,97.9,108.0,97.07,106.11,13303073.0,1364936750.0,0.0648142751364085,97.9,108.0,97.07,106.11,1.0,1.022727033354003
301550,斯菱智驱,2026-06-16,106.12,106.65,102.3,102.84,8162559.0,846409857.0,0.03976903267712411,106.12,106.65,102.3,102.84,1.0,0.6570848595234772
301550,斯菱智驱,2026-06-17,102.91,102.91,99.0,99.85,6902475.0,693304561.0,0.03362974207329249,102.91,102.91,99.0,99.85,1.0,0.5908350684673541
301550,斯菱智驱,2026-06-18,99.76,102.22,98.3,100.05,9081330.0,908562543.0,0.04424540263926392,99.76,102.22,98.3,100.05,1.0,0.8322176865262337
301550,斯菱智驱,2026-06-22,100.03,101.59,94.23,96.66,9460298.0,912287072.0,0.0460917832627405,100.03,101.59,94.23,96.66,1.0,0.9133887037999423
301550,斯菱智驱,2026-06-23,96.0,98.1,93.65,95.07,7018446.0,670277725.0,0.03419476763557004,96.0,98.1,93.65,95.07,1.0,0.7480799028176135
301550,斯菱智驱,2026-06-24,95.9,96.78,92.58,94.45,5954024.0,563246273.0,0.029008767350579785,95.9,96.78,92.58,94.45,1.0,0.7328010057228648
301550,斯菱智驱,2026-06-25,94.03,95.59,91.49,91.72,7245950.0,672192042.0,0.035303196255831955,94.03,95.59,91.49,91.72,1.0,0.9430760520986607
301550,斯菱智驱,2026-06-26,91.69,94.26,89.4,89.43,7116722.0,650286471.0,0.03467358089197371,91.69,94.26,89.4,89.43,1.0,0.91804865669929
301550,斯菱智驱,2026-06-29,89.44,90.18,86.3,88.82,6592661.0,581375301.0,0.032120288593099504,89.44,90.18,86.3,88.82,1.0,0.8958529915663462
301550,斯菱智驱,2026-06-30,90.95,93.47,87.77,91.43,8880461.0,807263736.0,0.0432737013376308,90.95,93.47,87.77,91.43,1.0,1.3087291564384527
301550,斯菱智驱,2026-07-01,90.0,98.61,89.02,96.1,13285225.0,1253066404.0,0.06473772688751475,90.0,98.61,89.02,96.1,1.0,1.8560062250107001
301550,斯菱智驱,2026-07-02,99.5,107.9,97.12,102.3,19472247.0,2019994428.0,0.09488653810321078,99.5,107.9,97.12,102.3,1.0,2.25786025603894
301550,斯菱智驱,2026-07-03,105.0,112.66,102.89,109.09,19761744.0,2133692597.0,0.09629723138998272,105.0,112.66,102.89,109.09,1.0,1.785248628858534
301550,斯菱智驱,2026-07-06,109.0,109.52,100.5,101.63,14361085.0,1496055814.0,0.0699802975514818,109.0,109.52,100.5,101.63,1.0,1.0560811278470819
301550,斯菱智驱,2026-07-07,102.5,108.78,100.6,102.58,10039622.0,1043007910.0,0.04892219041001448,102.5,108.78,100.6,102.58,1.0,0.6625871846431534
301550,斯菱智驱,2026-07-08,102.27,102.5,89.41,89.45,11833203.0,1117425722.0,0.05766215205376802,102.27,102.5,89.41,89.45,1.0,0.7691897325482242
301550,斯菱智驱,2026-07-09,90.76,91.0,84.6,86.8,9946091.0,863046718.0,0.04846642211602502,90.76,91.0,84.6,86.8,1.0,0.6589616822654177
301550,斯菱智驱,2026-07-10,86.99,94.44,86.99,90.5,9789120.0,890883975.0,0.04770151631072175,86.99,94.44,86.99,90.5,1.0,0.7422551526351024
301550,斯菱智驱,2026-07-13,88.63,88.88,82.28,82.51,6820733.0,579286957.0,0.03323682889274808,88.63,88.88,82.28,82.51,1.0,0.6093300089526151
301550,斯菱智驱,2026-07-14,82.56,85.58,81.18,85.28,5948034.0,497390045.0,0.028984243820458586,82.56,85.58,81.18,85.28,1.0,0.6141012999938115
301550,斯菱智驱,2026-07-15,85.96,87.28,82.95,83.57,4504509.0,378700842.0,0.021950074116498002,85.96,87.28,82.95,83.57,1.0,0.5079832432287474
301550,斯菱智驱,2026-07-16,82.89,84.87,81.11,81.86,4620117.0,382979535.0,0.022513421679675277,82.89,84.87,81.11,81.86,1.0,0.624196957849155
301550,斯菱智驱,2026-07-17,81.86,82.25,72.83,73.44,8788314.0,671345355.0,0.042824677153282864,81.86,82.25,72.83,73.44,1.0,1.3869344896978344
301550,斯菱智驱,2026-07-20,74.68,75.88,67.91,71.0,8765844.0,624506409.0,0.0427151828298399,74.68,75.88,67.91,71.0,1.0,1.4285130876192773
301550,斯菱智驱,2026-07-21,71.5,76.76,68.03,76.56,9313059.0,680397032.0,0.045381713145943046,71.5,76.76,68.03,76.56,1.0,1.4272092056295531
301550,斯菱智驱,2026-07-22,75.8,76.85,74.0,75.27,5204332.0,391762835.0,0.0253602497246342,75.8,76.85,74.0,75.27,1.0,0.7229877058532401
301550,斯菱智驱,2026-07-23,74.44,79.15,73.8,76.28,7085840.0,543594140.0,0.03452867186582294,74.44,79.15,73.8,76.28,1.0,0.9655925680779935
301550,斯菱智驱,2026-07-24,74.71,75.55,71.44,71.57,5851026.0,425639182.0,0.028511532412868273,74.71,75.55,71.44,71.57,1.0,0.747116463766264
301550,斯菱智驱,2026-07-27,72.0,74.0,70.45,73.9,4504235.0,326463632.0,0.02194873893872215,72.0,74.0,70.45,73.9,1.0,0.621786642726369
301550,斯菱智驱,2026-07-28,73.44,74.62,70.5,70.66,4117585.0,297251252.0,0.020064627672179237,73.44,74.62,70.5,70.66,1.0,0.6442082749085908
301550,斯菱智驱,2026-07-29,71.6,72.0,67.03,68.45,5785165.0,397562704.0,0.02819059758259339,71.6,72.0,67.03,68.45,1.0,1.0808132700131203
301550,斯菱智驱,2026-07-30,68.33,68.92,62.8,63.52,6335976.0,412239112.0,0.03087465088877668,68.33,68.92,62.8,63.52,1.0,1.158574189129395
301550,斯菱智驱,2026-07-31,67.38,72.78,66.88,72.44,8384364.0,595306469.0,0.040856264516220896,67.38,72.78,66.88,72.44,1.0,1.5763646120455725
301550,斯菱智驱,2026-08-03,72.0,74.5,69.5,70.15,6424549.0,458575369.0,0.031306259287099465,72.0,74.5,69.5,70.15,1.0,1.10283882917501
301550,斯菱智驱,2026-08-04,70.21,71.32,68.6,70.62,5849105.0,411565264.0,0.028502171549702544,70.21,71.32,68.6,70.62,1.0,0.9419564882212139
301550,斯菱智驱,2026-08-05,70.8,74.94,70.24,73.99,6812986.0,499551103.0,0.033199078446654956,70.8,74.94,70.24,73.99,1.0,1.0392252589518847
301550,斯菱智驱,2026-08-06,72.48,75.3,71.53,73.77,5972843.0,441215746.0,0.029105135884112183,72.48,75.3,71.53,73.77,1.0,0.8833742321851878
301550,斯菱智驱,2026-08-07,74.46,74.55,71.38,73.95,6701286.0,491192263.0,0.032654774221974124,74.46,74.55,71.38,73.95,1.0,1.0018712859199481
301550,斯菱智驱,2026-08-10,74.25,75.0,71.8,72.85,4674936.0,339578620.0,0.022780549820165686,74.25,75.0,71.8,72.85,1.0,0.73596076971562
301550,斯菱智驱,2026-08-11,72.06,87.42,72.06,87.42,14553569.0,1173063680.0,0.07091825506610548,72.06,87.42,72.06,87.42,1.0,2.424693170766231
301550,斯菱智驱,2026-08-12,89.58,91.0,84.49,88.69,21211937.0,1873069148.0,0.10336389366843007,89.58,91.0,84.49,88.69,1.0,2.7394546438879193
301550,斯菱智驱,2026-08-13,88.71,93.66,87.0,91.1,17628393.0,1610900707.0,0.08590160057505815,88.71,93.66,87.0,91.1,1.0,1.6594686418534756
301550,斯菱智驱,2026-08-14,90.17,92.17,87.7,88.92,10305406.0,919876807.0,0.05021733234423623,90.17,92.17,87.7,88.92,1.0,0.795537034738595
301550,斯菱智驱,2026-08-17,88.92,91.74,86.78,90.64,10611752.0,947643696.0,0.051710129318399835,88.92,91.74,86.78,90.64,1.0,0.7760051040274071
301550,斯菱智驱,2026-08-18,91.0,91.0,86.33,88.85,11838228.0,1044118176.0,0.05768663843451127,91.0,91.0,86.33,88.85,1.0,0.7965320692450922
301550,斯菱智驱,2026-08-19,87.04,87.12,75.07,75.43,15163999.0,1193412951.0,0.07389282648841453,87.04,87.12,75.07,75.43,1.0,1.0590018402777062
301550,斯菱智驱,2026-08-20,77.09,86.86,73.89,84.03,15472398.0,1247742692.0,0.07539562755007383,77.09,86.86,73.89,84.03,1.0,1.18023817679983
301550,斯菱智驱,2026-08-21,82.77,89.5,82.77,88.22,12764459.0,1109684262.0,0.06220008021007395,82.77,89.5,82.77,88.22,1.0,1.0067912902844207
301550,斯菱智驱,2026-08-24,88.22,89.99,85.8,86.88,8804369.0,769618924.0,0.0429029117488715,88.22,89.99,85.8,86.88,1.0,0.6685085212889325
301550,斯菱智驱,2026-08-25,86.74,86.87,82.65,85.8,7456534.0,630861019.0,0.036335030955024696,86.74,86.87,82.65,85.8,1.0,0.5821464685859459
301550,斯菱智驱,2026-08-26,85.95,87.94,84.08,84.13,5274896.0,451131727.0,0.02570410185812013,85.95,87.94,84.08,84.13,1.0,0.44206675166918896
301550,斯菱智驱,2026-08-27,84.14,91.6,82.78,91.15,9132656.0,810537505.0,0.04450262527624658,84.14,91.6,82.78,91.15,1.0,0.9174370762934573
301550,斯菱智驱,2026-08-28,91.8,91.89,85.55,87.32,8084451.0,711752714.0,0.039394814982320246,91.8,91.89,85.55,87.32,1.0,0.9306825464209009
301550,斯菱智驱,2026-08-31,86.45,89.93,85.53,89.37,6611594.0,584397388.0,0.032217713035581345,86.45,89.93,85.53,89.37,1.0,0.8530449303595451
301550,斯菱智驱,2026-09-01,90.7,91.58,86.43,87.25,6074228.0,536067583.0,0.029599176025734978,90.7,91.58,86.43,87.25,1.0,0.8307174829324325
301550,斯菱智驱,2026-09-02,86.8,88.81,85.01,85.89,5420071.0,470513445.0,0.02641152679829954,86.8,88.81,85.01,85.89,1.0,0.7703817674913103
301550,斯菱智驱,2026-09-03,86.59,91.88,86.0,89.4,11926277.0,1067746257.0,0.05811569342716053,86.59,91.88,86.0,89.4,1.0,1.6881744189338392
301550,斯菱智驱,2026-09-04,90.5,90.99,80.74,81.46,12074993.0,1017538022.0,0.05884037334728259,90.5,90.99,80.74,81.46,1.0,1.5839537560268
301550,斯菱智驱,2026-09-07,88.64,97.75,88.64,97.75,16671161.0,1588661869.0,0.08123709366727228,88.64,97.75,88.64,97.75,1.0,1.9796110462250807
301550,斯菱智驱,2026-09-08,99.18,101.98,95.35,97.41,17353940.0,1709316313.0,0.08456421537025664,99.18,101.98,95.35,97.41,1.0,1.6633149135473893
301550,斯菱智驱,2026-09-09,96.0,99.1,94.5,95.85,10331819.0,995056632.0,0.05034604055808131,96.0,99.1,94.5,95.85,1.0,0.8142157916436039
600172,黄河旋风,2026-03-19,8.8,8.81,8.35,8.43,149192546.0,1269083417.0,0.11689862788081463,8.8,8.81,8.35,8.43,1.0,0.6626615727582911
600172,黄河旋风,2026-03-20,8.48,8.63,8.05,8.09,116637914.0,970892746.0,0.09139070597723066,8.48,8.63,8.05,8.09,1.0,0.6276966711199341
600172,黄河旋风,2026-03-23,8.0,8.38,7.78,7.9,147406549.0,1189367925.0,0.11549922419546396,8.0,8.38,7.78,7.9,1.0,0.8859614051078939
600172,黄河旋风,2026-03-24,8.1,8.21,7.86,8.17,104416851.0,839097855.0,0.08181498966801913,8.1,8.21,7.86,8.17,1.0,0.6550658476088251
600172,黄河旋风,2026-03-25,8.19,8.61,8.19,8.36,119108053.0,1001644085.0,0.09332616366272982,8.19,8.61,8.19,8.36,1.0,0.8871386242146707
600172,黄河旋风,2026-03-26,8.33,8.36,7.74,7.79,119916714.0,953659135.0,0.09395978353084795,8.33,8.36,7.74,7.79,1.0,0.9416134315809809
600172,黄河旋风,2026-03-27,7.61,8.0,7.53,7.9,79276040.0,617520280.0,0.062116107997946333,7.61,8.0,7.53,7.9,1.0,0.6524926453417786
600172,黄河旋风,2026-03-30,7.89,8.18,7.76,8.09,99903816.0,798537516.0,0.07827883713746246,7.89,8.18,7.76,8.09,1.0,0.8761583421066701
600172,黄河旋风,2026-03-31,8.05,8.22,7.8,7.89,84253932.0,674286457.0,0.06601649551823763,8.05,8.22,7.8,7.89,1.0,0.8060703223228061
600172,黄河旋风,2026-04-01,8.17,8.19,7.83,7.89,76113064.0,606120912.0,0.05963778341449196,8.17,8.19,7.83,7.89,1.0,0.7574063894682816
600172,黄河旋风,2026-04-02,7.85,8.08,7.58,7.7,96613451.0,753711667.0,0.07570069792045991,7.85,8.08,7.58,7.7,1.0,1.05137227572904
600172,黄河旋风,2026-04-03,7.65,7.94,7.55,7.8,87447666.0,679326102.0,0.06851892028694093,7.65,7.94,7.55,7.8,1.0,1.0024716302528798
600172,黄河旋风,2026-04-07,7.75,8.19,7.64,8.12,117616457.0,949015909.0,0.09215743552967343,7.75,8.19,7.64,8.12,1.0,1.3235202032937858
600172,黄河旋风,2026-04-08,8.3,8.43,8.13,8.38,124633758.0,1032408067.0,0.0976557856840214,8.3,8.43,8.13,8.38,1.0,1.3487200812683504
600172,黄河旋风,2026-04-09,8.35,8.61,8.26,8.43,123509397.0,1045899647.0,0.09677480160226506,8.35,8.61,8.26,8.43,1.0,1.229134154146448
600172,黄河旋风,2026-04-10,8.5,8.79,8.32,8.44,137847410.0,1181770102.0,0.10800923717679627,8.5,8.79,8.32,8.44,1.0,1.2535668694295445
600172,黄河旋风,2026-04-13,8.2,8.56,8.18,8.34,89725848.0,749963579.0,0.07030397159816909,8.2,8.56,8.18,8.34,1.0,0.7590316921739736
600172,黄河旋风,2026-04-14,8.44,8.99,8.3,8.78,172702239.0,1498294832.0,0.13531946006903398,8.44,8.99,8.3,8.78,1.0,1.4553570831159244
600172,黄河旋风,2026-04-15,9.1,9.27,8.62,8.75,154615981.0,1377758480.0,0.12114811706039326,9.1,9.27,8.62,8.75,1.0,1.1922542675407184
600172,黄河旋风,2026-04-16,8.61,8.85,8.44,8.77,105822389.0,919097903.0,0.08291628774248422,8.61,8.85,8.44,8.77,1.0,0.7799399506965553
600172,黄河旋风,2026-04-17,8.62,8.99,8.52,8.77,112451911.0,988088639.0,0.08811079675840834,8.62,8.99,8.52,8.77,1.0,0.8509879738909732
600172,黄河旋风,2026-04-20,8.62,9.16,8.53,8.96,161484617.0,1441464990.0,0.12652998194131546,8.62,9.16,8.53,8.96,1.0,1.270895232482874
600172,黄河旋风,2026-04-21,8.8,9.07,8.72,8.74,111506865.0,983273787.0,0.08737031351278926,8.8,9.07,8.72,8.74,1.0,0.7885056605924453
600172,黄河旋风,2026-04-22,8.63,8.89,8.08,8.46,150493470.0,1265452012.0,0.11791795649108731,8.63,8.89,8.08,8.46,1.0,1.1650233728615125
600172,黄河旋风,2026-04-23,8.43,9.2,8.43,8.55,145555334.0,1276339664.0,0.11404871946708174,8.43,9.2,8.43,8.55,1.0,1.1340337793836746
600172,黄河旋风,2026-04-24,8.5,8.54,8.07,8.3,105356123.0,869238676.0,0.08255094874205268,8.5,8.54,8.07,8.3,1.0,0.772981139503788
600172,黄河旋风,2026-04-27,8.43,8.59,8.27,8.34,71191498.0,598450040.0,0.05578152968164884,8.43,8.59,8.27,8.34,1.0,0.5278164077531439
600172,黄河旋风,2026-04-28,8.28,8.39,7.91,7.99,76233964.0,616869137.0,0.05973251364391502,8.28,8.39,7.91,7.99,1.0,0.6525726297484131
600172,黄河旋风,2026-04-29,7.99,8.38,7.91,8.32,76568054.0,630366144.0,0.05999428719518012,7.99,8.38,7.91,8.32,1.0,0.6975566179882216
600172,黄河旋风,2026-04-30,8.56,8.88,8.26,8.43,121696180.0,1041379980.0,0.09535406990330896,8.56,8.88,8.26,8.43,1.0,1.2812687476321711
600172,黄河旋风,2026-05-06,8.59,8.99,8.47,8.77,142687576.0,1250119939.0,0.11180171058974661,8.59,8.99,8.47,8.77,1.0,1.5817414771336125
600172,黄河旋风,2026-05-07,8.73,8.93,8.67,8.84,98262785.0,864133778.0,0.07699302040362992,8.73,8.93,8.67,8.84,1.0,1.006013082852881
600172,黄河旋风,2026-05-08,8.75,8.97,8.68,8.89,84418975.0,749168154.0,0.0661458136427593,8.75,8.97,8.68,8.89,1.0,0.8188884567237679
600172,黄河旋风,2026-05-11,9.78,9.78,9.78,9.78,70596720.0,690435922.0,0.055315496129988054,9.78,9.78,9.78,9.78,1.0,0.6741042213928339
600172,黄河旋风,2026-05-12,10.33,10.76,9.9,10.76,358433011.0,3662489411.0,0.2808473231168596,10.33,10.76,9.9,10.76,1.0,3.4620355327600136
600172,黄河旋风,2026-05-13,10.92,11.84,10.91,11.84,329807794.0,3791924487.0,0.2584182629539573,10.92,11.84,10.91,11.84,1.0,2.1858974144250896
600172,黄河旋风,2026-05-14,11.98,12.48,11.55,11.83,374394474.0,4527867645.0,0.2933537999730853,11.98,12.48,11.55,11.83,1.0,1.9882464436190492
600172,黄河旋风,2026-05-15,11.59,12.2,10.97,11.06,282680954.0,3217547711.0,0.2214924038540081,11.59,12.2,10.97,11.06,1.0,1.160763470140336
600172,黄河旋风,2026-05-18,10.77,11.98,10.77,11.04,214814585.0,2438056257.0,0.16831625244391651,10.77,11.98,10.77,11.04,1.0,0.7585727093775657
600172,黄河旋风,2026-05-19,11.01,11.08,10.43,10.82,158608393.0,1696467300.0,0.12427633959729466,11.01,11.08,10.43,10.82,1.0,0.5083176076328235
600172,黄河旋风,2026-05-20,10.73,11.11,10.5,10.7,124593649.0,1343665127.0,0.09762435859740495,10.73,11.11,10.5,10.7,1.0,0.45796177728220305
600172,黄河旋风,2026-05-21,10.71,10.9,9.95,9.99,142318708.0,1476860076.0,0.11151268701433863,10.71,10.9,9.95,9.99,1.0,0.6160492031087513
600172,黄河旋风,2026-05-22,10.8,10.99,10.8,10.99,78420470.0,860569117.0,0.06144573295752047,10.8,10.99,10.8,10.99,1.0,0.4248054499935266
600172,黄河旋风,2026-05-25,11.5,12.09,11.16,12.09,189011724.0,2206864851.0,0.14809862678385582,11.5,12.09,11.16,12.09,1.0,1.3148535475132614
600172,黄河旋风,2026-05-26,12.74,13.3,12.6,13.3,309524916.0,4052724264.0,0.24252577588778737,12.74,13.3,12.6,13.3,1.0,2.233376152594858
600172,黄河旋风,2026-05-27,13.3,13.69,13.0,13.27,322567563.0,4308604641.0,0.2527452377785565,13.3,13.69,13.0,13.27,1.0,1.9112408708585258
600172,黄河旋风,2026-05-28,13.22,14.6,13.2,14.6,167491776.0,2363779628.0,0.13123684339913846,13.22,14.6,13.2,14.6,1.0,0.8038241594395655
600172,黄河旋风,2026-05-29,16.0,16.06,13.93,14.08,415850208.0,6276559097.0,0.325836109259449,16.0,16.06,13.93,14.08,1.0,1.9486588439650192
600172,黄河旋风,2026-06-01,14.1,14.45,13.31,13.47,258415048.0,3549402060.0,0.20247904700919075,14.1,14.45,13.31,13.47,1.0,0.9199891401748668
600172,黄河旋风,2026-06-02,13.44,14.54,12.91,13.9,288035800.0,3984679895.0,0.22568815067042794,13.44,14.54,12.91,13.9,1.0,0.9771547157639218
600172,黄河旋风,2026-06-03,13.5,15.29,13.5,15.04,334210406.0,4894197083.0,0.26186789442476555,13.5,15.29,13.5,15.04,1.0,1.1505766996627582
600172,黄河旋风,2026-06-04,14.24,14.8,14.06,14.48,277379141.0,3996700701.0,0.21733821062118625,14.24,14.8,14.06,14.48,1.0,0.9473310365724751
600172,黄河旋风,2026-06-05,14.27,14.65,13.26,13.43,229835074.0,3159820721.0,0.18008543663760182,14.27,14.65,13.26,13.43,1.0,0.7301494575350737
600172,黄河旋风,2026-06-08,12.35,13.17,12.35,12.56,167093653.0,2126078366.0,0.13092489730212772,12.35,13.17,12.35,12.56,1.0,0.6019763902895239
600172,黄河旋风,2026-06-09,12.85,12.94,12.29,12.85,158533423.0,2003761689.0,0.1242175974525482,12.85,12.94,12.29,12.85,1.0,0.6113644859828653
600172,黄河旋风,2026-06-10,12.75,13.22,11.89,12.12,165072676.0,2039907555.0,0.12934137691446249,12.75,13.22,11.89,12.12,1.0,0.7072209244214825
600172,黄河旋风,2026-06-11,12.0,12.5,11.65,11.82,141101658.0,1692436327.0,0.11055907720689995,12.0,12.5,11.65,11.82,1.0,0.7069830800353955
600172,黄河旋风,2026-06-12,12.08,13.0,11.7,11.83,273537562.0,3385204630.0,0.21432817207679575,12.08,13.0,11.7,11.83,1.0,1.587314181092638
600172,黄河旋风,2026-06-15,11.86,12.48,11.28,12.42,213966232.0,2570281297.0,0.16765153222620152,11.86,12.48,11.28,12.42,1.0,1.1816912704383171
600172,黄河旋风,2026-06-16,12.5,13.13,12.29,12.9,214962520.0,2747738409.0,0.16843216573167252,12.5,13.13,12.29,12.9,1.0,1.1287540031112269
600172,黄河旋风,2026-06-17,12.9,13.54,12.7,13.3,219265032.0,2892126673.0,0.17180336464693693,12.9,13.54,12.7,13.3,1.0,1.0869333515101407
600172,黄河旋风,2026-06-18,13.8,14.63,13.78,14.01,342833474.0,4893890045.0,0.26862443048738466,13.8,14.63,13.78,14.01,1.0,1.6128285097928705
600172,黄河旋风,2026-06-22,15.41,15.41,14.97,15.41,154800254.0,2378339090.0,0.1212925026978331,15.41,15.41,14.97,15.41,1.0,0.6120692729693366
600172,黄河旋风,2026-06-23,16.76,16.95,16.18,16.95,326165852.0,5472236917.0,0.2555646483865009,16.76,16.95,16.18,16.95,1.0,1.4232764032288308
600172,黄河旋风,2026-06-24,16.55,17.43,15.75,17.1,409238401.0,6816215803.0,0.3206554806902927,16.55,17.43,15.75,17.1,1.0,1.6265086443302559
600172,黄河旋风,2026-06-25,16.83,18.81,15.6,18.27,401468168.0,6812273190.0,0.31456717668069273,16.83,18.81,15.6,18.27,1.0,1.3821777012315541
600172,黄河旋风,2026-06-26,17.45,17.78,16.54,16.65,275344491.0,4723014789.0,0.21574397686357144,17.45,17.78,16.54,16.65,1.0,0.8422864948181972
600172,黄河旋风,2026-06-29,16.77,17.0,15.41,16.16,207967108.0,3351252514.0,0.1629509665284564,16.77,17.0,15.41,16.16,1.0,0.6635763554870975
600172,黄河旋风,2026-06-30,16.0,16.94,15.63,16.8,199412352.0,3288651532.0,0.15624795578785836,16.0,16.94,15.63,16.8,1.0,0.6154003173046972
600172,黄河旋风,2026-07-01,16.66,17.8,16.07,16.39,203061174.0,3417262522.0,0.15910696112436712,16.66,17.8,16.07,16.39,1.0,0.6798480789049363
600172,黄河旋风,2026-07-02,15.48,18.03,15.36,18.03,236556826.0,4054534541.0,0.18535221173342412,15.48,18.03,15.36,18.03,1.0,0.9188433515236695
600172,黄河旋风,2026-07-03,17.66,17.76,16.24,16.86,262642358.0,4447473172.0,0.20579132199796163,17.66,17.76,16.24,16.86,1.0,1.1700638908043455
600172,黄河旋风,2026-07-06,17.0,18.55,16.67,18.55,288233564.0,5247582045.0,0.22584310707317087,17.0,18.55,16.67,18.55,1.0,1.2987708233087216
600172,黄河旋风,2026-07-07,17.99,19.89,17.96,18.36,361022520.0,6860525095.0,0.2828763122125013,17.99,19.89,17.96,18.36,1.0,1.5170208271378522
600172,黄河旋风,2026-07-08,18.42,19.6,17.46,17.59,317623341.0,5907720790.0,0.24887123211785725,18.42,19.6,17.46,17.59,1.0,1.175062807707966
600172,黄河旋风,2026-07-09,17.35,19.24,16.53,18.7,320783986.0,5701947231.0,0.25134773026487833,17.35,19.24,16.53,18.7,1.0,1.0940204161999338
600172,黄河旋风,2026-07-10,18.35,19.8,16.92,17.0,323449370.0,5935782022.0,0.2534361706107886,18.35,19.8,16.92,17.0,1.0,1.0431792762038028
600172,黄河旋风,2026-07-13,16.5,17.17,15.3,15.3,176249011.0,2808032565.0,0.13809850494307274,16.5,17.17,15.3,15.3,1.0,0.5469791223759152
600172,黄河旋风,2026-07-14,14.54,15.55,13.81,15.23,199507161.0,2975425590.0,0.15632224262260913,14.54,15.55,13.81,15.23,1.0,0.6654105942163607
600172,黄河旋风,2026-07-15,15.38,15.71,13.95,14.07,171562413.0,2504853671.0,0.13442635851004,15.38,15.71,13.95,14.07,1.0,0.6413006968460917
600172,黄河旋风,2026-07-16,13.88,14.04,12.75,12.88,150017078.0,2011576692.0,0.11754468334422784,13.88,14.04,12.75,12.88,1.0,0.6295028896268652
600172,黄河旋风,2026-07-17,12.87,13.08,11.78,11.89,140292786.0,1744750514.0,0.10992529201141699,12.87,13.08,11.78,11.89,1.0,0.6871808532874522
600172,黄河旋风,2026-07-20,12.29,12.57,10.7,10.7,147695370.0,1699669339.0,0.11572552758332333,12.29,12.57,10.7,10.7,1.0,0.881628185959572
600172,黄河旋风,2026-07-21,10.76,11.5,9.63,11.49,215052365.0,2274073760.0,0.16850256306386865,10.76,11.5,9.63,11.49,1.0,1.3290017367590563
600172,黄河旋风,2026-07-22,11.25,11.96,11.12,11.32,167238828.0,1936967887.0,0.13103864801392667,11.25,11.96,11.12,11.32,1.0,1.014035710789905
600172,黄河旋风,2026-07-23,11.56,12.45,11.4,11.87,217300769.0,2594266623.0,0.17026428206102107,11.56,12.45,11.4,11.87,1.0,1.3245258777654043
600172,黄河旋风,2026-07-24,11.35,11.63,10.92,11.03,129850392.0,1459162241.0,0.10174323759168176,11.35,11.63,10.92,11.03,1.0,0.7314854702502473
600172,黄河旋风,2026-07-27,11.05,11.46,10.59,11.45,120614460.0,1342398763.0,0.09450649683654706,11.05,11.46,10.59,11.45,1.0,0.6875457336959777
600172,黄河旋风,2026-07-28,11.21,11.7,10.67,10.77,117638121.0,1310624449.0,0.09217441018385225,11.21,11.7,10.67,10.77,1.0,0.6919426976089152
600172,黄河旋风,2026-07-29,10.96,11.0,10.0,10.37,125804468.0,1300399469.0,0.09857308615455797,10.96,11.0,10.0,10.37,1.0,0.8357517433540864
600172,黄河旋风,2026-07-30,10.15,10.45,9.38,9.52,130946814.0,1283152646.0,0.10260233029312503,10.15,10.45,9.38,9.52,1.0,0.9205940831307332
600172,黄河旋风,2026-07-31,10.2,10.29,9.7,9.72,141937372.0,1422418002.0,0.1106121617613226,10.2,10.29,9.7,9.72,1.0,1.1357638270383548
600172,黄河旋风,2026-08-03,9.61,9.92,9.5,9.59,89769639.0,864406229.0,0.06995771226709435,9.61,9.92,9.5,9.59,1.0,0.7046932594966944
600172,黄河旋风,2026-08-04,9.73,10.24,9.53,10.2,133398080.0,1336002488.0,0.10395746938029721,9.73,10.24,9.53,10.2,1.0,1.1004691408717029
600172,黄河旋风,2026-08-05,10.06,11.22,10.05,11.22,154430885.0,1671761185.0,0.12034838881309011,10.06,11.22,10.05,11.22,1.0,1.2416925491571669
600172,黄河旋风,2026-08-06,11.21,11.96,11.05,11.74,232915047.0,2696940895.0,0.18151129961325518,11.21,11.96,11.05,11.74,1.0,1.790324437330617
600172,黄河旋风,2026-08-07,11.74,12.35,11.56,12.18,210400762.0,2528355618.0,0.16396585897792681,11.74,12.35,11.56,12.18,1.0,1.3981027041543408
600172,黄河旋风,2026-08-10,12.2,12.43,11.82,12.37,167905020.0,2036968240.0,0.13084881713026297,12.2,12.43,11.82,12.37,1.0,1.0226706788250775
600172,黄河旋风,2026-08-11,12.15,12.55,11.9,12.34,123581452.0,1516216151.0,0.0963073457448763,12.15,12.55,11.9,12.34,1.0,0.6872892515228138
600172,黄河旋风,2026-08-12,12.48,12.6,12.13,12.47,131240385.0,1626951753.0,0.10227597207617918,12.48,12.6,12.13,12.47,1.0,0.7379413522684556
600172,黄河旋风,2026-08-13,12.71,12.9,12.06,12.08,140195054.0,1756658557.0,0.10925436882955222,12.71,12.9,12.06,12.08,1.0,0.8094003881328407
600172,黄河旋风,2026-08-14,12.3,12.49,11.9,12.4,124714882.0,1523666565.0,0.09719063068060935,12.3,12.49,11.9,12.4,1.0,0.806357335393941
600172,黄河旋风,2026-08-17,12.5,13.64,12.5,13.64,77616820.0,1040317755.0,0.06048698893226979,12.5,13.64,12.5,13.64,1.0,0.5643736692838657
600172,黄河旋风,2026-08-18,14.02,14.7,13.71,14.32,300854747.0,4246383166.0,0.23445688385597127,14.02,14.7,13.71,14.32,1.0,2.5182510725357985
600172,黄河旋风,2026-08-19,13.58,15.7,13.28,14.42,324722516.0,4652065944.0,0.2530570980793957,13.58,15.7,13.28,14.42,1.0,2.096006587410037
600172,黄河旋风,2026-08-20,14.28,14.28,13.3,13.44,214252624.0,2943769995.0,0.16696762501475532,14.28,14.28,13.3,13.44,1.0,1.1065578687572828
600172,黄河旋风,2026-08-21,13.05,13.68,12.72,13.54,149948035.0,2005010708.0,0.11685489219296286,13.05,13.68,12.72,13.54,1.0,0.7194087585970317
600172,黄河旋风,2026-08-24,13.49,13.59,12.47,12.72,140418813.0,1805275431.0,0.10942874479801493,13.49,13.59,12.47,12.72,1.0,0.6577642154058877
600172,黄河旋风,2026-08-25,12.3,13.99,12.14,13.99,185209649.0,2449812112.0,0.14433435934649955,12.3,13.99,12.14,13.99,1.0,0.8193690676340523
600172,黄河旋风,2026-08-26,13.88,14.14,13.61,13.9,184909270.0,2570395180.0,0.14410027321351335,13.88,14.14,13.61,13.9,1.0,0.9112856519889485
600172,黄河旋风,2026-08-27,13.92,14.93,13.79,14.61,240521038.0,3460838711.0,0.1874386681067846,13.92,14.93,13.79,14.61,1.0,1.374816976565054
600172,黄河旋风,2026-08-28,14.6,14.88,14.3,14.42,178255903.0,2592464390.0,0.1387984677854262,14.6,14.88,14.3,14.42,1.0,0.9892039772108048
600172,黄河旋风,2026-08-31,13.89,14.46,13.89,14.46,118049427.0,1683167513.0,0.09191886111366265,13.89,14.46,13.89,14.46,1.0,0.635142381960432
600172,黄河旋风,2026-09-01,14.46,15.03,14.04,14.64,188000816.0,2749338251.0,0.14638631744615963,14.46,15.03,14.04,14.64,1.0,1.0364507026761802
600172,黄河旋风,2026-09-02,14.16,15.99,14.16,14.75,257031173.0,3893296681.0,0.20013661474925074,14.16,15.99,14.16,14.75,1.0,1.4126683165760003
600172,黄河旋风,2026-09-03,15.1,16.23,14.76,15.92,387195462.0,6092419508.0,0.3014886797834135,15.1,16.23,14.76,15.92,1.0,1.9717480593792003
600172,黄河旋风,2026-09-04,15.8,16.45,15.21,15.79,349249513.0,5535759459.0,0.271942171133633,15.8,16.45,15.21,15.79,1.0,1.5473609578736731
600172,黄河旋风,2026-09-07,15.49,16.2,14.86,15.89,243138292.0,3815177039.0,0.18931896123274833,15.49,16.2,14.86,15.89,1.0,0.9354880889063838
600172,黄河旋风,2026-09-08,15.61,16.78,15.61,16.5,253135166.0,4122415321.0,0.19710299963199263,15.61,16.78,15.61,16.5,1.0,0.8884334381998223
600172,黄河旋风,2026-09-09,16.2,17.24,16.03,16.93,250564981.0,4197422824.0,0.19510173216246549,16.2,17.24,16.03,16.93,1.0,0.8409634075110473
600551,时代出版,2026-03-19,8.11,8.17,8.08,8.17,3552320.0,29713174.0,0.0052389831914564705,8.35,8.41,8.32,8.41,0.9714625445897741,0.6107221947433453
600551,时代出版,2026-03-20,8.15,8.18,7.91,7.91,6396441.0,52635112.0,0.009433510180429415,8.39,8.42,8.14,8.14,0.9717444717444716,1.2187260465679013
600551,时代出版,2026-03-23,7.84,7.84,7.41,7.53,9450613.0,73776954.0,0.013937821664703634,8.07,8.07,7.63,7.75,0.9716129032258065,1.7003082161983918
600551,时代出版,2026-03-24,7.61,7.64,7.45,7.64,3961281.0,30873526.0,0.005842121367341873,7.83,7.86,7.67,7.86,0.9720101781170483,0.6306311397799121
600551,时代出版,2026-03-25,7.65,7.78,7.62,7.76,4107029.0,32658220.0,0.006057071406242759,7.87,8.01,7.84,7.99,0.9712140175219023,0.6651900426596465
600551,时代出版,2026-03-26,7.74,7.79,7.63,7.68,3641260.0,28831128.0,0.005370152445647574,7.97,8.02,7.85,7.9,0.9721518987341772,0.6628261778459371
600551,时代出版,2026-03-27,7.62,7.7,7.6,7.69,3943861.0,31070511.0,0.005816430245147033,7.84,7.93,7.82,7.91,0.9721871049304678,0.7155921930059357
600551,时代出版,2026-03-30,7.58,7.74,7.56,7.72,3597800.0,28394648.0,0.005306057372709129,7.8,7.97,7.78,7.95,0.971069182389937,0.7165777752779592
600551,时代出版,2026-03-31,7.73,7.86,7.71,7.72,3242721.0,26006283.0,0.0047823846988961916,7.96,8.09,7.94,7.95,0.971069182389937,0.842211337030863
600551,时代出版,2026-04-01,7.77,7.85,7.74,7.81,3151700.0,25309017.0,0.004648146373219012,8.0,8.08,7.97,8.04,0.9713930348258707,0.8503091648257285
600551,时代出版,2026-04-02,7.82,7.82,7.7,7.75,2664720.0,21318266.0,0.003929945300518502,8.05,8.05,7.93,7.98,0.9711779448621554,0.7579985642880477
600551,时代出版,2026-04-03,7.75,7.76,7.55,7.57,2861899.0,22399287.0,0.004220746091750203,7.98,7.99,7.77,7.79,0.9717586649550707,0.8619761262136613
600551,时代出版,2026-04-07,7.57,7.68,7.57,7.63,2369971.0,18611089.0,0.0034952476784859705,7.79,7.9,7.79,7.85,0.9719745222929936,0.7635786566521725
600551,时代出版,2026-04-08,7.74,7.89,7.71,7.88,5088475.0,40987848.0,0.007504513950079516,7.97,8.12,7.94,8.11,0.9716399506781751,1.7803061658828754
600551,时代出版,2026-04-09,7.87,7.87,7.76,7.78,2959045.0,23770144.0,0.004364017604766269,8.1,8.1,7.99,8.01,0.9712858926342073,0.9168643777113938
600551,时代出版,2026-04-10,7.83,8.04,7.76,7.92,6686117.0,54483385.0,0.009860726111136205,8.06,8.27,7.99,8.15,0.9717791411042944,2.096735722470555
600551,时代出版,2026-04-13,7.77,7.83,7.68,7.73,5303036.0,42152834.0,0.007820949820874402,8.0,8.06,7.9,7.96,0.971105527638191,1.3280494204329498
600551,时代出版,2026-04-14,7.74,7.78,7.67,7.73,2946821.0,23401079.0,0.004345989575046997,7.97,8.01,7.89,7.96,0.971105527638191,0.6575775024586458
600551,时代出版,2026-04-15,7.77,7.8,7.7,7.78,2694161.0,21534446.0,0.003973365066795096,8.0,8.03,7.93,8.01,0.9712858926342073,0.5861077954465931
600551,时代出版,2026-04-16,7.77,7.98,7.77,7.97,7374273.0,60096371.0,0.010875622775034705,8.0,8.21,8.0,8.2,0.9719512195121952,1.7908126987087392
600551,时代出版,2026-04-17,7.91,8.02,7.87,7.99,3325039.0,27186072.0,0.004903787787118624,8.14,8.25,8.1,8.22,0.9720194647201946,0.6648905664953156
600551,时代出版,2026-04-20,7.92,8.08,7.92,8.04,4188096.0,34637003.0,0.006176629512038915,8.15,8.32,8.15,8.27,0.9721886336154776,0.9675257920107488
600551,时代出版,2026-04-21,8.05,8.06,7.97,7.97,2592481.0,21366641.0,0.003823406782939111,8.29,8.3,8.2,8.2,0.9719512195121952,0.6314379744344296
600551,时代出版,2026-04-22,7.94,8.03,7.94,7.96,2865120.0,23526731.0,0.004225496442185885,8.17,8.26,8.17,8.19,0.971916971916972,0.7101003516894228
600551,时代出版,2026-04-23,8.02,8.06,7.94,7.97,4534695.0,37397172.0,0.006687795830156546,8.25,8.3,8.17,8.2,0.9719512195121952,1.1144490031928715
600551,时代出版,2026-04-24,7.93,8.04,7.85,7.95,4612687.0,37724557.0,0.006802818907207057,8.16,8.27,8.08,8.18,0.9718826405867971,1.3175016941885063
600551,时代出版,2026-04-27,7.95,7.99,7.87,7.94,3746560.0,30559681.0,0.005525449527571603,8.18,8.22,8.1,8.17,0.9718482252141983,0.9967924894052752
600551,时代出版,2026-04-28,7.92,7.98,7.88,7.94,2347809.0,19177094.0,0.0034625630257832133,8.15,8.21,8.11,8.17,0.9718482252141983,0.6396761841769926
600551,时代出版,2026-04-29,7.97,8.04,7.93,7.94,3648839.0,29997911.0,0.005381330001050254,8.2,8.28,8.16,8.17,0.9718482252141983,1.0075840823077604
600551,时代出版,2026-04-30,7.91,7.94,7.74,7.89,4767280.0,38589613.0,0.007030813606028343,8.14,8.17,7.97,8.12,0.9716748768472907,1.2618134213912853
600551,时代出版,2026-05-06,7.87,7.96,7.85,7.88,6940757.0,56433592.0,0.010236270735458472,8.1,8.19,8.08,8.11,0.9716399506781751,1.8147501657020866
600551,时代出版,2026-05-07,7.91,7.91,7.85,7.87,3199800.0,25921374.0,0.004719084546443568,8.14,8.14,8.08,8.1,0.971604938271605,0.7458308363920136
600551,时代出版,2026-05-08,7.89,7.9,7.76,7.77,5172240.0,41549840.0,0.00762805108272307,8.12,8.13,7.99,8.0,0.97125,1.237112514371916
600551,时代出版,2026-05-11,7.79,7.82,7.71,7.78,4369239.0,34859400.0,0.0064437803127128405,8.02,8.05,7.94,8.01,0.9712858926342073,0.9206571003917752
600551,时代出版,2026-05-12,7.78,7.78,7.68,7.69,3336620.0,26484292.0,0.0049208675165180755,8.01,8.01,7.9,7.91,0.9721871049304678,0.6823544675033035
600551,时代出版,2026-05-13,7.69,8.02,7.67,7.99,13146364.0,106501728.0,0.019388337769336225,7.91,8.25,7.89,8.22,0.9720194647201946,2.8555889622747737
600551,时代出版,2026-05-14,7.97,8.24,7.89,8.12,18660484.0,155483076.0,0.027520595560209218,8.2,8.48,8.12,8.36,0.9712918660287081,3.1926355165911287
600551,时代出版,2026-05-15,8.07,8.2,8.02,8.04,7167750.0,59646480.0,0.01057104139564063,8.31,8.44,8.25,8.28,0.9710144927536232,0.8020318341207834
600551,时代出版,2026-05-18,8.04,8.23,7.82,8.1,14361410.0,118500946.0,0.021180295017232363,8.28,8.47,8.05,8.34,0.9712230215827338,1.538267930838809
600551,时代出版,2026-05-19,8.1,8.19,7.94,8.11,15578564.0,129602993.0,0.022975361156379177,8.34,8.43,8.17,8.35,0.9712574850299401,1.374434585952146
600551,时代出版,2026-05-20,8.12,8.17,7.99,8.12,11107373.0,92484515.0,0.016381221412552202,8.36,8.41,8.22,8.36,0.9712918660287081,0.8058798507810511
600551,时代出版,2026-05-21,8.13,8.15,7.33,7.64,23521668.0,186089438.0,0.03468989935788992,8.37,8.39,7.54,7.86,0.9720101781170483,1.7586141046011998
600551,时代出版,2026-05-22,7.46,7.47,7.16,7.34,10699702.0,80908277.0,0.015779985736530826,7.68,7.69,7.37,7.55,0.9721854304635762,0.7457613958477218
600551,时代出版,2026-05-25,7.32,7.43,7.23,7.29,4793438.0,35927703.0,0.007069391583891294,7.53,7.65,7.44,7.5,0.972,0.31842166248163895
600551,时代出版,2026-05-26,7.24,7.32,7.11,7.28,4619737.0,34344160.0,0.0068132162901848765,7.45,7.53,7.32,7.49,0.9719626168224299,0.3515741716475209
600551,时代出版,2026-05-27,7.25,7.32,6.94,7.09,6906781.0,50513737.0,0.010186162723535862,7.46,7.53,7.14,7.3,0.9712328767123287,0.6308493794462956
600551,时代出版,2026-05-28,7.05,7.13,6.97,7.02,3963120.0,28712207.0,0.0058448335357526825,7.26,7.34,7.17,7.23,0.9709543568464729,0.3920672757972357
600551,时代出版,2026-05-29,7.03,7.17,6.99,7.07,3658540.0,26664370.0,0.0053956370949889525,7.24,7.38,7.19,7.28,0.9711538461538461,0.5904151009312335
600551,时代出版,2026-06-01,7.05,7.4,7.02,7.33,5980641.0,44632960.0,0.00882028580565248,7.26,7.62,7.23,7.54,0.9721485411140584,1.2490052885319018
600551,时代出版,2026-06-02,7.32,7.43,7.12,7.17,4784680.0,35573177.0,0.00705647523210126,7.53,7.65,7.33,7.38,0.9715447154471545,0.9520304157549148
600551,时代出版,2026-06-03,7.19,7.22,7.02,7.1,3307901.0,24144689.0,0.004878512560242898,7.4,7.43,7.23,7.31,0.9712722298221614,0.6538966010670931
600551,时代出版,2026-06-04,7.01,7.09,6.89,7.03,3046422.0,21966735.0,0.004492881737029098,7.22,7.3,7.09,7.24,0.9709944751381215,0.7021061465095776
600551,时代出版,2026-06-05,7.02,7.23,6.99,7.06,2708920.0,19727339.0,0.0039951317299680945,7.23,7.44,7.19,7.27,0.9711141678129298,0.6518663998740217
600551,时代出版,2026-06-08,6.98,7.07,6.9,7.02,3277840.0,23522202.0,0.004834178414186694,7.18,7.28,7.1,7.23,0.9709543568464729,0.8265449782445163
600551,时代出版,2026-06-09,7.02,7.14,6.96,7.09,3184700.0,23185059.0,0.004696814974391784,7.23,7.35,7.16,7.3,0.9712328767123287,0.9297979891465273
600551,时代出版,2026-06-10,7.06,7.17,7.01,7.17,3820900.0,27984815.0,0.005635086612758994,7.27,7.38,7.21,7.38,0.9715447154471545,1.2305015470073233
600551,时代出版,2026-06-11,7.13,7.23,6.98,7.1,4656600.0,33789582.0,0.006867582067307056,7.34,7.44,7.18,7.31,0.9712722298221614,1.4516688361996566
600551,时代出版,2026-06-12,7.09,7.23,7.01,7.21,4797560.0,35326904.0,0.0070754707346196025,7.3,7.44,7.21,7.42,0.9716981132075472,1.3591622395880552
600551,时代出版,2026-06-15,7.2,7.26,7.14,7.19,2785442.0,20602364.0,0.004107986842057274,7.41,7.47,7.35,7.4,0.9716216216216216,0.7056182109273671
600551,时代出版,2026-06-16,7.15,7.22,7.07,7.16,2872080.0,21081461.0,0.004235761092615051,7.36,7.43,7.28,7.37,0.9715061058344641,0.7461807883336324
600551,时代出版,2026-06-17,7.14,7.17,6.95,7.0,3481220.0,25122552.0,0.005134124478020588,7.35,7.38,7.15,7.2,0.9722222222222222,0.9193727511651607
600551,时代出版,2026-06-18,6.99,7.01,6.83,6.84,3416620.0,24167550.0,0.005038852004209646,7.19,7.22,7.03,7.04,0.9715909090909091,0.918796861296854
600551,时代出版,2026-06-22,6.81,6.91,6.63,6.86,4592514.0,31905602.0,0.006773067643829532,7.01,7.11,6.82,7.06,0.9716713881019831,1.3232682080862233
600551,时代出版,2026-06-23,6.76,6.97,6.76,6.86,3106072.0,22012464.0,0.004580853920664124,6.96,7.17,6.96,7.06,0.9716713881019831,0.9056725159430824
600551,时代出版,2026-06-24,6.86,6.89,6.67,6.75,2950434.0,20523074.0,0.004351318049472368,7.06,7.09,6.87,6.95,0.9712230215827338,0.8445009550330177
600551,时代出版,2026-06-25,6.73,6.78,6.58,6.78,3550120.0,24465437.0,0.005235738618044952,6.93,6.98,6.77,6.98,0.9713467048710601,1.0116111942535588
600551,时代出版,2026-06-26,6.75,6.9,6.6,6.84,6696855.0,46868430.0,0.009876562578996606,6.95,7.1,6.79,7.04,0.9715909090909091,1.9008135328819193
600551,时代出版,2026-06-29,6.9,6.9,6.52,6.78,4424995.0,29738538.0,0.0065260096014094805,6.9,6.9,6.52,6.78,1.0,1.0588141411787282
600551,时代出版,2026-06-30,6.78,6.79,6.57,6.65,3543735.0,23565464.0,0.005226321981121069,6.78,6.79,6.57,6.65,1.0,0.8547987319472979
600551,时代出版,2026-07-01,6.62,6.81,6.56,6.72,5275434.0,35306559.0,0.007780242223008618,6.62,6.81,6.56,6.72,1.0,1.2461965784123405
600551,时代出版,2026-07-02,6.69,6.8,6.64,6.7,5433704.0,36503731.0,0.008013659783845427,6.69,6.8,6.64,6.7,1.0,1.1565433246978787
600551,时代出版,2026-07-03,6.64,6.88,6.64,6.78,5028583.0,34188880.0,0.007416184863369222,6.64,6.88,6.64,6.78,1.0,0.9908646096353446
600551,时代出版,2026-07-06,6.78,6.88,6.73,6.84,3358220.0,22922032.0,0.0049527233281947995,6.78,6.88,6.73,6.84,1.0,0.7082924390496071
600551,时代出版,2026-07-07,6.86,6.86,6.66,6.73,3010820.0,20246874.0,0.004440375690394157,6.86,6.86,6.66,6.73,1.0,0.6649432615555099
600551,时代出版,2026-07-08,6.72,6.78,6.62,6.7,2628100.0,17619380.0,0.0038759379012776865,6.72,6.78,6.62,6.7,1.0,0.5944109134757461
600551,时代出版,2026-07-09,6.71,6.71,6.55,6.58,3360840.0,22176486.0,0.004956587320166698,6.71,6.71,6.55,6.58,1.0,0.8635506071170544
600551,时代出版,2026-07-10,6.56,6.68,6.47,6.6,4898800.0,32327950.0,0.007224780103793284,6.56,6.68,6.47,6.6,1.0,1.4087890746434473
600551,时代出版,2026-07-13,6.57,6.68,6.51,6.62,4335800.0,28601974.0,0.0063944642716638606,6.57,6.68,6.51,6.62,1.0,1.2562598584440434
600551,时代出版,2026-07-14,6.59,6.69,6.48,6.69,4039600.0,26699894.0,0.005957626705985823,6.59,6.69,6.48,6.69,1.0,1.1076890003268554
600551,时代出版,2026-07-15,6.66,6.83,6.63,6.83,4660420.0,31586625.0,0.006873215826594329,6.66,6.83,6.63,6.83,1.0,1.2096729816634255
600551,时代出版,2026-07-16,6.8,6.92,6.75,6.87,4591920.0,31530803.0,0.006772191609008422,6.8,6.92,6.75,6.87,1.0,1.0781452948187078
600551,时代出版,2026-07-17,6.86,6.98,6.74,6.75,4437100.0,30474624.0,0.006543862129203311,6.86,6.98,6.74,6.75,1.0,0.9848605245190784
600551,时代出版,2026-07-20,6.75,6.89,6.7,6.8,4590510.0,31255264.0,0.006770112132412858,6.75,6.89,6.7,6.8,1.0,1.040231880222109
600551,时代出版,2026-07-21,6.82,6.92,6.69,6.71,5702960.0,38769485.0,0.008410760174068945,6.82,6.92,6.69,6.71,1.0,1.277570560338358
600551,时代出版,2026-07-22,6.74,6.77,6.55,6.73,4664460.0,31007717.0,0.006879174043222753,6.74,6.77,6.55,6.73,1.0,0.9724549689758248
600551,时代出版,2026-07-23,6.68,6.82,6.67,6.79,3841941.0,26006270.0,0.005666118007827973,6.68,6.82,6.67,6.79,1.0,0.8008398316584643
600551,时代出版,2026-07-24,6.76,6.83,6.67,6.69,2420585.0,16299514.0,0.0035698935142362345,6.76,6.83,6.67,6.69,1.0,0.5208477903595955
600551,时代出版,2026-07-27,6.73,6.79,6.66,6.71,3247520.0,21901954.0,0.004789462293351589,6.73,6.79,6.66,6.71,1.0,0.7651861958103068
600551,时代出版,2026-07-28,6.68,6.79,6.68,6.73,2780727.0,18761424.0,0.0041010331313139515,6.68,6.79,6.68,6.73,1.0,0.6994671755444078
600551,时代出版,2026-07-29,6.71,6.86,6.71,6.8,5144651.0,35025241.0,0.007587362657336536,6.71,6.86,6.71,6.8,1.0,1.5171277799603224
600551,时代出版,2026-07-30,6.79,7.01,6.77,6.9,7309320.0,50482047.0,0.010779829694671823,6.79,7.01,6.77,6.9,1.0,2.0961119156035437
600551,时代出版,2026-07-31,6.91,7.04,6.86,7.0,5703352.0,39687269.0,0.008411338298058634,6.91,7.04,6.86,7.0,1.0,1.364255310639439
600551,时代出版,2026-08-03,6.99,7.1,6.87,7.1,4800344.0,33860400.0,0.007079576594791269,6.99,7.1,6.87,7.1,1.0,0.992398359848455
600551,时代出版,2026-08-04,7.1,7.13,6.98,7.03,4878960.0,34315934.0,0.0071955199508457746,7.1,7.13,6.98,7.03,1.0,0.9477980638574419
600551,时代出版,2026-08-05,7.02,7.1,6.93,7.02,4309900.0,30292740.0,0.006356266793773715,7.02,7.1,6.93,7.02,1.0,0.7741419245945279
600551,时代出版,2026-08-06,7.03,7.04,6.9,6.97,3695900.0,25721206.0,0.005450735850740916,7.03,7.04,6.9,6.97,1.0,0.6843783743025855
600551,时代出版,2026-08-07,6.97,6.97,6.8,6.86,5122363.0,35109606.0,0.0075544921790656645,6.97,6.97,6.8,6.86,1.0,1.095062239251706
600551,时代出版,2026-08-10,6.83,6.99,6.82,6.96,5514327.0,38227479.0,0.008132563075734896,6.83,6.99,6.82,6.96,1.0,1.2088863265701535
600551,时代出版,2026-08-11,6.93,6.98,6.89,6.91,3524947.0,24421633.0,0.005198613324186704,6.93,6.98,6.89,6.91,1.0,0.7493047835061188
600551,时代出版,2026-08-12,6.92,6.98,6.89,6.95,3720488.0,25803955.0,0.0054869983830329195,6.92,6.98,6.89,6.95,1.0,0.8391786565131548
600551,时代出版,2026-08-13,6.95,7.08,6.92,6.94,5086200.0,35540332.0,0.007501158766210787,6.95,7.08,6.92,6.94,1.0,1.178560132356877
600551,时代出版,2026-08-14,6.92,6.96,6.85,6.9,3923410.0,27080048.0,0.0057862689856747794,6.92,6.96,6.85,6.9,1.0,0.8540914498553986
600551,时代出版,2026-08-17,6.92,6.98,6.83,6.95,3824527.0,26510635.0,0.00564043573446971,6.92,6.98,6.83,6.95,1.0,0.8784192304674658
600551,时代出版,2026-08-18,6.97,6.98,6.9,6.97,2334037.0,16187836.0,0.00344225199622711,6.97,6.98,6.9,6.97,1.0,0.5811969000136059
600551,时代出版,2026-08-19,6.94,6.98,6.86,6.87,2984981.0,20636154.0,0.004402268175675876,6.94,6.98,6.86,6.87,1.0,0.7901515205259113
600551,时代出版,2026-08-20,6.88,7.0,6.86,6.98,3882701.0,26945340.0,0.005726231104306828,6.88,7.0,6.86,6.98,1.0,1.0694287026139533
600551,时代出版,2026-08-21,6.94,6.95,6.77,6.86,5161527.0,35318965.0,0.007612251485015073,6.94,6.95,6.77,6.86,1.0,1.5226052375340242
600551,时代出版,2026-08-24,6.85,6.87,6.8,6.83,2584107.0,17661835.0,0.003811056756689996,6.85,6.87,6.8,6.83,1.0,0.7103967594053433
600551,时代出版,2026-08-25,6.84,6.93,6.8,6.9,3587988.0,24725026.0,0.005291586575293757,6.84,6.93,6.8,6.9,1.0,1.0585688514306628
600551,时代出版,2026-08-26,6.89,6.95,6.87,6.93,3488100.0,24164866.0,0.005144271143962063,6.89,6.95,6.87,6.93,1.0,0.9582005772773204
600551,时代出版,2026-08-27,6.9,6.92,6.76,6.82,4904038.0,33433860.0,0.007232505138124889,6.9,6.92,6.76,6.82,1.0,1.3109300404508601
600551,时代出版,2026-08-28,7.17,7.5,7.17,7.5,18513648.0,138324673.0,0.027304040932275727,7.17,7.5,7.17,7.5,1.0,4.692759112956865
600551,时代出版,2026-08-31,7.15,8.25,7.12,8.25,44240945.0,340864937.0,0.06524681538519903,7.15,8.25,7.12,8.25,1.0,6.687391039347411
600551,时代出版,2026-09-01,8.73,9.08,8.66,9.08,108508897.0,976363286.0,0.1600295827815291,8.73,9.08,8.66,9.08,1.0,7.259604267729968
600551,时代出版,2026-09-02,9.0,9.5,8.33,8.62,102234954.0,898596280.0,0.15077673339826522,9.0,9.5,8.33,8.62,1.0,2.8453034045780075
600551,时代出版,2026-09-03,8.49,8.88,7.88,7.96,87762314.0,738290431.0,0.12943239569895867,8.49,8.88,7.88,7.96,1.0,1.5761769322157122
600551,时代出版,2026-09-04,7.79,8.5,7.79,8.05,71241651.0,580628577.0,0.10506762119420775,7.79,8.5,7.79,8.05,1.0,0.9860142490206479
600551,时代出版,2026-09-07,8.04,8.4,7.94,8.15,62850034.0,511750218.0,0.09269161328609689,8.04,8.4,7.94,8.15,1.0,0.7590789886201765
600551,时代出版,2026-09-08,8.2,8.4,8.06,8.25,57687597.0,477238522.0,0.08507801972753433,8.2,8.4,8.06,8.25,1.0,0.666757786706522
600551,时代出版,2026-09-09,8.15,8.23,7.53,7.74,52518268.0,405923748.0,0.07745426180535712,8.15,8.23,7.53,7.74,1.0,0.6878142201243109
601566,九牧王,2026-03-19,10.44,10.49,10.24,10.29,4871201.0,52536554.0,0.008477003270672632,10.89,10.94,10.68,10.73,0.9589934762348554,1.0060482255371634
601566,九牧王,2026-03-20,10.35,10.37,10.1,10.1,4894200.0,52281480.0,0.008517026788121862,10.79,10.81,10.53,10.53,0.9591642924976258,0.9886203818932546
601566,九牧王,2026-03-23,9.91,10.01,9.63,9.66,8476200.0,86735867.0,0.014750525614294168,10.34,10.44,10.04,10.07,0.9592850049652433,1.6946771638203522
601566,九牧王,2026-03-24,9.85,10.03,9.74,10.02,9022299.0,93056258.0,0.015700862709624674,10.27,10.46,10.16,10.45,0.9588516746411484,1.5255985154805243
601566,九牧王,2026-03-25,10.05,10.23,9.97,10.23,6234400.0,65895676.0,0.010849281150722678,10.48,10.67,10.4,10.67,0.9587628865979382,0.9602198167782795
601566,九牧王,2026-03-26,10.16,10.29,10.02,10.05,4748900.0,50171037.0,0.0082641715733137,10.6,10.73,10.45,10.48,0.958969465648855,0.7088270151022589
601566,九牧王,2026-03-27,10.02,10.17,9.96,10.16,4233272.0,44628059.0,0.0073668609834919305,10.45,10.61,10.39,10.6,0.9584905660377359,0.6341790698160076
601566,九牧王,2026-03-30,10.04,10.39,10.04,10.37,5783135.0,61886422.0,0.01006397689394081,10.47,10.84,10.47,10.81,0.9592969472710452,0.8838640454119754
601566,九牧王,2026-03-31,10.33,10.6,10.31,10.31,8394200.0,91536646.0,0.014607826869529755,10.77,11.05,10.75,10.75,0.9590697674418606,1.398007847976581
601566,九牧王,2026-04-01,10.4,10.45,10.23,10.36,6104881.0,65698899.0,0.010623888483367287,10.85,10.9,10.67,10.8,0.9592592592592591,1.0384602836227248
601566,九牧王,2026-04-02,10.3,10.38,10.2,10.25,3997460.0,42790559.0,0.0069564941981213714,10.74,10.82,10.64,10.69,0.9588400374181478,0.6829905344338655
601566,九牧王,2026-04-03,10.25,10.25,9.98,9.99,4481351.0,47017418.0,0.007798575153033527,10.69,10.69,10.41,10.42,0.9587332053742803,0.7858449080747456
601566,九牧王,2026-04-07,9.99,10.14,9.94,10.12,3819600.0,40115999.0,0.006646977140270169,10.42,10.57,10.37,10.55,0.9592417061611374,0.6640235760704929
601566,九牧王,2026-04-08,10.21,10.38,10.21,10.35,5880906.0,63315272.0,0.010234120783872048,10.65,10.82,10.65,10.79,0.9592215013901761,1.0972866416006393
601566,九牧王,2026-04-09,10.35,10.35,10.14,10.16,4282200.0,45525095.0,0.007452006888172823,10.79,10.79,10.58,10.6,0.9584905660377359,0.8816844599932846
601566,九牧王,2026-04-10,10.19,10.32,10.19,10.24,4353600.0,46634571.0,0.007576259209833545,10.63,10.76,10.63,10.68,0.9588014981273408,0.9691242136495054
601566,九牧王,2026-04-13,10.24,10.39,10.21,10.31,3803800.0,40853421.0,0.006619481528474099,10.68,10.84,10.65,10.75,0.9590697674418606,0.8335211630186219
601566,九牧王,2026-04-14,10.33,10.35,10.19,10.28,4017988.0,42955075.0,0.006992217610713125,10.77,10.79,10.63,10.72,0.958955223880597,0.90740035300644
601566,九牧王,2026-04-15,10.36,10.36,10.26,10.27,3561034.0,38272984.0,0.00619701319345608,10.8,10.8,10.7,10.71,0.9589169000933706,0.7970622370514324
601566,九牧王,2026-04-16,10.27,10.36,10.22,10.32,4362200.0,46831080.0,0.007591225175747861,10.71,10.8,10.66,10.76,0.9591078066914499,1.089535533464791
601566,九牧王,2026-04-17,10.33,10.34,10.17,10.24,4554695.0,48599095.0,0.007926210479082322,10.77,10.78,10.61,10.68,0.9588014981273408,1.1330863877135458
601566,九牧王,2026-04-20,10.25,10.39,10.21,10.38,5257980.0,56735557.0,0.009150087146297451,10.69,10.84,10.65,10.82,0.9593345656192237,1.2950870201786557
601566,九牧王,2026-04-21,10.36,10.5,10.35,10.46,6155088.0,66914822.0,0.010711260140420786,10.8,10.95,10.79,10.91,0.9587534372135657,1.414709281743864
601566,九牧王,2026-04-22,10.43,10.45,10.1,10.2,9560742.0,101785211.0,0.01663787661483425,10.88,10.9,10.53,10.64,0.9586466165413533,2.00090896164777
601566,九牧王,2026-04-23,10.14,10.19,10.03,10.09,5730677.0,60342345.0,0.00997268798232067,10.57,10.63,10.46,10.52,0.9591254752851711,0.9586051918146461
601566,九牧王,2026-04-24,10.09,10.36,10.08,10.28,8604508.0,91827287.0,0.014973810864821392,10.52,10.8,10.51,10.72,0.958955223880597,1.3763168850675618
601566,九牧王,2026-04-27,10.19,10.52,9.96,10.48,13269385.0,142559605.0,0.023091763210923624,10.63,10.97,10.39,10.93,0.958828911253431,1.879037480392744
601566,九牧王,2026-04-28,10.35,10.46,10.24,10.33,6950170.0,74903656.0,0.012094884571942487,10.79,10.91,10.68,10.77,0.9591457753017643,0.8021821128152095
601566,九牧王,2026-04-29,10.24,10.42,10.24,10.38,5551900.0,60131589.0,0.009661575134848138,10.68,10.87,10.68,10.82,0.9593345656192237,0.6292462133815062
601566,九牧王,2026-04-30,10.38,10.49,10.37,10.41,6165300.0,67028015.0,0.010729031354829738,10.82,10.94,10.81,10.86,0.9585635359116023,0.7686133767376175
601566,九牧王,2026-05-06,10.43,10.48,10.31,10.4,6343600.0,68716296.0,0.011039314113262604,10.88,10.93,10.75,10.85,0.9585253456221199,0.7823633910961284
601566,九牧王,2026-05-07,10.36,10.44,10.34,10.38,5050700.0,54671953.0,0.008789372563190527,10.8,10.89,10.78,10.82,0.9593345656192237,0.6596986887922016
601566,九牧王,2026-05-08,10.33,10.53,10.32,10.51,7509465.0,82079015.0,0.013068185723808494,10.77,10.98,10.76,10.96,0.958941605839416,1.2490099518755944
601566,九牧王,2026-05-11,10.54,10.54,10.33,10.41,7238200.0,78446099.0,0.012596122614070462,10.99,10.99,10.77,10.86,0.9585635359116023,1.1819026604811442
601566,九牧王,2026-05-12,10.42,10.72,10.35,10.56,13801191.0,151637633.0,0.024017227218950252,10.87,11.18,10.79,11.01,0.9591280653950954,2.1359268573183154
601566,九牧王,2026-05-13,10.58,10.9,10.54,10.75,17609871.0,196942721.0,0.03064520106296643,11.03,11.37,10.99,11.21,0.958965209634255,2.2043665002334816
601566,九牧王,2026-05-14,10.74,10.85,10.57,10.57,14061608.0,156600820.0,0.02447041232889311,11.2,11.32,11.02,11.02,0.9591651542649728,1.3729511169886748
601566,九牧王,2026-05-15,10.52,11.14,10.36,10.93,26820178.0,304112740.0,0.0466732406702212,10.97,11.62,10.8,11.4,0.9587719298245614,2.22683732994843
601566,九牧王,2026-05-18,10.93,11.36,10.93,10.99,21546678.0,248999099.0,0.03749614517613419,11.4,11.85,11.4,11.46,0.9589877835951134,1.3546079513500187
601566,九牧王,2026-05-19,10.97,11.26,10.77,10.92,17507575.0,200538766.0,0.03046718263864423,11.44,11.74,11.23,11.39,0.9587357330992098,0.9328465171488611
601566,九牧王,2026-05-20,10.92,11.51,10.82,11.49,31791239.0,375883301.0,0.055324023168359375,11.39,12.0,11.28,11.98,0.9590984974958263,1.6295526383422945
601566,九牧王,2026-05-21,11.49,11.69,11.23,11.55,29252678.0,349840239.0,0.05090634672679969,11.98,12.19,11.71,12.05,0.9585062240663901,1.3091108332559573
601566,九牧王,2026-05-22,11.55,11.68,11.31,11.62,22154361.0,265707336.0,0.03855365250923996,12.05,12.18,11.8,12.12,0.9587458745874587,0.8727800727440921
601566,九牧王,2026-05-25,11.63,12.78,11.44,12.18,38803812.0,488665634.0,0.06752750322529617,12.13,13.33,11.93,12.7,0.9590551181102362,1.5870351183158735
601566,九牧王,2026-05-26,11.95,12.71,11.9,12.64,33574207.0,435278813.0,0.058426795065372995,12.46,13.26,12.41,13.18,0.9590288315629742,1.2032932270319765
601566,九牧王,2026-05-27,12.58,12.6,11.37,11.64,34579182.0,434226640.0,0.06017568129731953,13.12,13.14,11.86,12.14,0.9588138385502472,1.111325525378715
601566,九牧王,2026-05-28,11.2,11.36,10.48,10.51,30688161.0,344626207.0,0.053404415290588154,11.68,11.85,10.93,10.96,0.958941605839416,0.9689106896860049
601566,九牧王,2026-05-29,10.54,11.56,10.13,11.56,33908707.0,399127356.0,0.059008901530296115,10.99,12.06,10.56,12.06,0.9585406301824212,1.0609751495001027
601566,九牧王,2026-06-01,11.45,12.47,11.32,12.22,42156737.0,533640345.0,0.07336235918614033,11.94,13.0,11.81,12.74,0.9591836734693878,1.2286720229294008
601566,九牧王,2026-06-02,12.08,12.32,11.65,11.78,26462214.0,326867151.0,0.046050301481552314,12.6,12.85,12.15,12.28,0.9592833876221498,0.7564652903473946
601566,九牧王,2026-06-03,11.78,11.93,11.38,11.66,20547732.0,248830236.0,0.03575775078238502,12.28,12.44,11.87,12.16,0.9588815789473685,0.6122867748604739
601566,九牧王,2026-06-04,11.45,11.5,10.95,11.08,18364845.0,205717299.0,0.031959028406012384,11.45,11.5,10.95,11.08,1.0,0.5971780984688627
601566,九牧王,2026-06-05,11.0,11.39,10.81,11.19,17813812.0,199024877.0,0.03100010502279569,11.0,11.39,10.81,11.19,1.0,0.6297292987387924
601566,九牧王,2026-06-08,11.05,11.74,10.76,10.92,16926200.0,189099942.0,0.029455457239407512,11.05,11.74,10.76,10.92,1.0,0.6751826593633238
601566,九牧王,2026-06-09,11.0,11.07,10.66,10.73,11707347.0,126487072.0,0.020373460017334418,11.0,11.07,10.66,10.73,1.0,0.5846961013347846
601566,九牧王,2026-06-10,10.63,10.7,10.13,10.24,14211451.0,146635538.0,0.02473117340220694,10.63,10.7,10.13,10.24,1.0,0.8324426930217005
601566,九牧王,2026-06-11,10.14,10.19,9.61,9.89,12113000.0,118860291.0,0.021079388967455377,10.14,10.19,9.61,9.89,1.0,0.7664160813619668
601566,九牧王,2026-06-12,9.87,9.94,9.3,9.74,14774973.0,142405423.0,0.025711830500342696,9.87,9.94,9.3,9.74,1.0,1.015157723849386
601566,九牧王,2026-06-15,9.75,9.9,9.58,9.62,11322346.0,109605546.0,0.019703470268150954,9.75,9.9,9.58,9.62,1.0,0.8118359104475844
601566,九牧王,2026-06-16,9.68,9.69,9.49,9.65,8096300.0,77560833.0,0.014089412771172208,9.68,9.69,9.49,9.65,1.0,0.6312499203754824
601566,九牧王,2026-06-17,9.56,9.59,9.21,9.24,11638700.0,108581282.0,0.02025399854499487,9.56,9.59,9.21,9.24,1.0,0.9615888279318888
601566,九牧王,2026-06-18,9.21,9.35,8.92,8.95,11053095.0,100233532.0,0.019234911978802623,9.21,9.35,8.92,8.95,1.0,0.9537521917861906
601566,九牧王,2026-06-22,8.99,8.99,8.57,8.77,13312500.0,115874545.0,0.023166793166783595,8.99,8.99,8.57,8.77,1.0,1.170115418339049
601566,九牧王,2026-06-23,8.74,9.0,8.69,8.8,10551890.0,93479498.0,0.01836270070600204,8.74,9.0,8.69,8.8,1.0,0.95194244563817
601566,九牧王,2026-06-24,8.8,8.84,8.37,8.45,12464236.0,105649953.0,0.0216906198981392,8.8,8.84,8.37,8.45,1.0,1.140317407342045
601566,九牧王,2026-06-25,8.44,8.44,8.18,8.22,8302123.0,68549638.0,0.01444759184121667,8.44,8.44,8.18,8.22,1.0,0.7033263114134682
601566,九牧王,2026-06-26,8.21,8.21,7.91,7.95,8698161.0,69588694.0,0.015136788493399705,8.21,8.21,7.91,7.95,1.0,0.7810309396025173
601566,九牧王,2026-06-29,7.94,8.14,7.75,8.12,9898041.0,79136040.0,0.017224853979593904,7.94,8.14,7.75,8.12,1.0,0.9280183112686908
601566,九牧王,2026-06-30,8.04,8.2,7.99,8.13,7532300.0,60948762.0,0.013107923843768193,8.04,8.2,7.99,8.13,1.0,0.7545209702897464
601566,九牧王,2026-07-01,8.19,8.35,8.06,8.28,8635800.0,70885337.0,0.015028266098006369,8.19,8.35,8.06,8.28,1.0,0.9207618719671651
601566,九牧王,2026-07-02,8.3,8.8,8.25,8.68,16418569.0,141475678.0,0.028572063257657463,8.3,8.8,8.25,8.68,1.0,1.906191307962061
601566,九牧王,2026-07-03,8.68,8.78,8.52,8.7,10362296.0,89569253.0,0.018032763805820768,8.68,8.78,8.52,8.7,1.0,1.0122816283596128
601566,九牧王,2026-07-06,8.7,8.86,8.59,8.75,7052200.0,61633272.0,0.0122724400954585,8.7,8.86,8.59,8.75,1.0,0.6672279598961577
601566,九牧王,2026-07-07,8.75,8.77,8.41,8.42,7575314.0,64371750.0,0.013182778036540102,8.75,8.77,8.41,8.42,1.0,0.7575137499296266
601566,九牧王,2026-07-08,8.41,8.47,8.3,8.36,5014300.0,41951457.0,0.008726028242343887,8.41,8.47,8.3,8.36,1.0,0.5009873376082361
601566,九牧王,2026-07-09,8.4,8.4,8.12,8.26,6124800.0,50419133.0,0.010658552096744876,8.4,8.4,8.12,8.26,1.0,0.6596775683712696
601566,九牧王,2026-07-10,8.23,8.4,8.14,8.27,5990457.0,49808741.0,0.01042476456664871,8.23,8.4,8.14,8.27,1.0,0.8290392652310851
601566,九牧王,2026-07-13,8.32,8.35,8.09,8.13,4992125.0,40766625.0,0.00868743867325668,8.32,8.35,8.09,8.13,1.0,0.785986371350179
601566,九牧王,2026-07-14,8.12,8.29,8.05,8.26,4986982.0,40934805.0,0.0086784886775942,8.12,8.29,8.05,8.26,1.0,0.8396441848865791
601566,九牧王,2026-07-15,8.19,8.38,8.16,8.26,6918687.0,57328580.0,0.012040096955095924,8.19,8.38,8.16,8.26,1.0,1.2761025405014428
601566,九牧王,2026-07-16,8.22,8.39,8.1,8.32,6077600.0,50431015.0,0.010576413307075604,8.22,8.39,8.1,8.32,1.0,1.0473907070304327
601566,九牧王,2026-07-17,8.28,8.41,7.9,7.95,8331700.0,67499119.0,0.014499062582361756,8.28,8.41,7.9,7.95,1.0,1.4381935472912568
601566,九牧王,2026-07-20,7.95,8.09,7.78,7.85,7287169.0,57824110.0,0.012681339868123738,7.95,8.09,7.78,7.85,1.0,1.1638207302153307
601566,九牧王,2026-07-21,7.81,7.87,7.57,7.63,10430914.0,80108002.0,0.018152174811531068,7.81,7.87,7.57,7.63,1.0,1.5521205823272317
601566,九牧王,2026-07-22,7.6,7.62,7.4,7.47,8889100.0,66532954.0,0.01546906600104083,7.6,7.62,7.4,7.47,1.0,1.1382835711763053
601566,九牧王,2026-07-23,7.53,7.88,7.47,7.86,10283100.0,79361528.0,0.01789494466203586,7.53,7.88,7.47,7.86,1.0,1.2535326346727487
601566,九牧王,2026-07-24,7.76,7.83,7.67,7.69,6068390.0,46952218.0,0.010560385801718529,7.76,7.83,7.67,7.69,1.0,0.6709557606087287
601566,九牧王,2026-07-27,7.65,8.0,7.63,7.97,5758700.0,45467596.0,0.01002145440822961,7.65,8.0,7.63,7.97,1.0,0.6702604617232939
601566,九牧王,2026-07-28,7.92,8.19,7.91,8.1,5925100.0,47984983.0,0.010311028446385689,7.92,8.19,7.91,8.1,1.0,0.7150700971687226
601566,九牧王,2026-07-29,8.02,8.51,8.0,8.38,9609318.0,80546178.0,0.016722409959049812,8.02,8.51,8.0,8.38,1.0,1.301215538022429
601566,九牧王,2026-07-30,8.38,8.57,8.3,8.3,8992960.0,75771732.0,0.015649806142885123,8.38,8.57,8.3,8.3,1.0,1.1944552590373634
601566,九牧王,2026-07-31,8.24,8.45,8.21,8.4,7103115.0,59270765.0,0.012361043834357037,8.24,8.45,8.21,8.4,1.0,0.9769246245055766
601566,九牧王,2026-08-03,8.45,8.61,8.37,8.58,6413138.0,54568016.0,0.011160326129280015,8.45,8.61,8.37,8.58,1.0,0.8576192056351685
601566,九牧王,2026-08-04,8.57,8.68,8.49,8.51,6580695.0,56373146.0,0.011451913611920148,8.57,8.68,8.49,8.51,1.0,0.8648878704558983
601566,九牧王,2026-08-05,8.48,8.56,8.36,8.4,6209200.0,52327148.0,0.01080542739013654,8.48,8.56,8.36,8.4,1.0,0.802238266987562
601566,九牧王,2026-08-06,8.42,8.46,8.31,8.43,4968611.0,41690204.0,0.008646518938081188,8.42,8.46,8.31,8.43,1.0,0.7037870475367253
601566,九牧王,2026-08-07,8.43,8.46,8.25,8.39,4932525.0,41085708.0,0.008583721049013277,8.43,8.46,8.25,8.39,1.0,0.7885792181484117
601566,九牧王,2026-08-10,8.4,8.66,8.34,8.66,7486800.0,63950993.0,0.01302874344270989,8.4,8.66,8.34,8.66,1.0,1.2862074845703377
601566,九牧王,2026-08-11,8.61,8.66,8.54,8.57,3857400.0,33135483.0,0.006712757781149374,8.61,8.66,8.54,8.57,1.0,0.6391115385330377
601566,九牧王,2026-08-12,8.58,8.67,8.53,8.66,4213734.0,36241406.0,0.007332860397208917,8.58,8.67,8.53,8.66,1.0,0.7674021516881582
601566,九牧王,2026-08-13,8.63,8.64,8.48,8.48,4800964.0,40980909.0,0.008354774834867533,8.63,8.64,8.48,8.48,1.0,0.9428789032749428
601566,九牧王,2026-08-14,8.47,8.52,8.33,8.41,3998538.0,33577337.0,0.006958370164546444,8.47,8.52,8.33,8.41,1.0,0.790492887648117
601566,九牧王,2026-08-17,8.45,8.55,8.32,8.51,6585286.0,55773768.0,0.011459903001398361,8.45,8.55,8.32,8.51,1.0,1.351801971274809
601566,九牧王,2026-08-18,8.54,8.84,8.51,8.7,9909195.0,86026906.0,0.017244264489339054,8.54,8.84,8.51,8.7,1.0,2.112301319896954
601566,九牧王,2026-08-19,8.64,8.69,8.37,8.37,7874829.0,66664095.0,0.013704002604078069,8.64,8.69,8.37,8.37,1.0,1.3343677181125195
601566,九牧王,2026-08-20,8.45,8.53,8.3,8.47,5557132.0,46813201.0,0.009670680010855547,8.45,8.53,8.3,8.47,1.0,0.8377044073812472
601566,九牧王,2026-08-21,8.44,8.45,8.28,8.37,4498070.0,37545607.0,0.007827670034908115,8.44,8.45,8.28,8.37,1.0,0.6629436480139413
601566,九牧王,2026-08-24,8.37,8.44,8.28,8.32,3453800.0,28776840.0,0.00601040152033331,8.37,8.44,8.28,8.32,1.0,0.50164836033115
601566,九牧王,2026-08-25,8.25,8.45,8.24,8.4,4326900.0,36272699.0,0.007529795106355376,8.25,8.45,8.24,8.4,1.0,0.6913521242720343
601566,九牧王,2026-08-26,8.38,8.45,8.31,8.37,4648775.0,38938772.0,0.008089931185270566,8.38,8.45,8.31,8.37,1.0,0.9040534475663099
601566,九牧王,2026-08-27,8.33,8.4,8.23,8.37,4781592.0,39849118.0,0.008321063126531239,8.33,8.4,8.23,8.37,1.0,1.0633001310181152
601566,九牧王,2026-08-28,8.33,8.44,8.33,8.4,5048700.0,42408844.0,0.008785892106001152,8.33,8.44,8.33,8.4,1.0,1.1628053201746342
601566,九牧王,2026-08-31,8.43,8.67,8.38,8.56,7935200.0,67764370.0,0.013809061944567977,8.43,8.67,8.38,8.56,1.0,1.7824085939444019
601566,九牧王,2026-09-01,8.5,9.42,8.5,9.42,15681364.0,142921420.0,0.027289158036510518,8.5,9.42,8.5,9.42,1.0,2.932064258826101
601566,九牧王,2026-09-02,9.81,10.36,9.44,10.36,48866179.0,492159523.0,0.08503832200894078,9.81,10.36,9.44,10.36,1.0,6.413619845278321
601566,九牧王,2026-09-03,10.35,11.4,10.05,10.68,75107746.0,809887860.0,0.13070464727176098,10.35,11.4,10.05,10.68,1.0,4.562323938122316
601566,九牧王,2026-09-04,9.79,11.27,9.79,10.51,64431445.0,668844850.0,0.11212544298606521,9.79,11.27,9.79,10.51,1.0,2.1105800359041478
601566,九牧王,2026-09-07,10.2,10.92,10.2,10.69,51935209.0,552026437.0,0.090379135772896,10.2,10.92,10.2,10.69,1.0,1.2247602882445172
601566,九牧王,2026-09-08,10.7,11.5,10.63,10.87,52834943.0,579440513.0,0.09194487860730897,10.7,11.5,10.63,10.87,1.0,1.0318440361184198
601566,九牧王,2026-09-09,10.51,11.18,10.44,10.55,39596904.0,421402208.0,0.06890766460191444,10.51,11.18,10.44,10.55,1.0,0.6753105397387167
603395,红四方,2026-03-19,31.44,33.58,31.43,31.87,8300099.0,268640162.0,0.1276938307692307,31.53,33.68,31.52,31.96,0.9971839799749688,0.8938994695168408
603395,红四方,2026-03-20,31.41,31.79,30.29,30.3,6610213.0,203540082.0,0.1016955846153846,31.5,31.88,30.38,30.39,0.9970384995064164,0.7516915015564857
603395,红四方,2026-03-23,29.65,29.8,28.92,29.03,4494175.0,131688419.0,0.0691411538461538,29.74,29.89,29.0,29.11,0.9972518035039506,0.6063301533135274
603395,红四方,2026-03-24,29.41,29.53,28.92,29.3,3075961.0,89827543.0,0.0473224769230769,29.5,29.62,29.0,29.38,0.997277059223962,0.4769634435138026
603395,红四方,2026-03-25,29.32,30.01,29.22,29.71,3539904.0,105049155.0,0.0544600615384615,29.4,30.1,29.3,29.8,0.996979865771812,0.6224883934419034
603395,红四方,2026-03-26,29.74,30.19,29.42,29.52,2972511.0,88728241.0,0.0457309384615384,29.83,30.28,29.51,29.61,0.9969604863221884,0.5711896211088919
603395,红四方,2026-03-27,29.14,29.89,29.04,29.72,2905890.0,86611468.0,0.044706,29.22,29.98,29.12,29.81,0.996980878899698,0.7021512447539633
603395,红四方,2026-03-30,29.51,30.39,29.49,29.97,3301996.0,99308362.0,0.0507999384615384,29.6,30.48,29.58,30.06,0.997005988023952,0.971836085488951
603395,红四方,2026-03-31,30.21,30.21,29.4,29.43,2954490.0,87697807.0,0.0454536923076923,30.3,30.3,29.49,29.52,0.9969512195121952,0.9351864384118218
603395,红四方,2026-04-01,29.69,29.71,29.41,29.54,1857366.0,55017890.0,0.0285748615384615,29.78,29.8,29.5,29.63,0.9969625379682754,0.5924691436077202
603395,红四方,2026-04-02,29.51,29.51,28.83,28.92,2920900.0,85251759.0,0.044936923076923,29.6,29.6,28.91,29.0,0.9972413793103448,1.0437561413447856
603395,红四方,2026-04-03,29.0,29.1,27.69,27.71,3353901.0,94798509.0,0.0515984769230769,29.08,29.18,27.77,27.79,0.9971212666426772,1.202922003161691
603395,红四方,2026-04-07,27.72,28.33,27.56,28.26,2327471.0,65509077.0,0.0358072461538461,27.8,28.41,27.64,28.34,0.9971771347918138,0.8087869656735762
603395,红四方,2026-04-08,28.3,28.8,28.06,28.64,3253740.0,92976672.0,0.0500575384615384,28.38,28.88,28.14,28.72,0.9972144846796658,1.2128033965383362
603395,红四方,2026-04-09,28.56,28.58,27.97,28.01,2746748.0,77595287.0,0.0422576615384615,28.64,28.66,28.05,28.09,0.9971520113919544,1.0014848274436832
603395,红四方,2026-04-10,28.01,28.47,28.01,28.19,2352230.0,66713428.0,0.0361881538461538,28.09,28.55,28.09,28.27,0.9971701450300672,0.8054059643519444
603395,红四方,2026-04-13,28.44,28.44,27.92,28.25,1736879.0,48999729.0,0.0267212153846153,28.52,28.52,28.0,28.33,0.99717613836922,0.6188071332020815
603395,红四方,2026-04-14,28.25,28.35,27.83,28.08,2678739.0,75213322.0,0.0412113692307692,28.33,28.43,27.91,28.16,0.9971590909090908,1.0786519812889805
603395,红四方,2026-04-15,28.08,28.2,27.76,27.79,2518580.0,70500973.0,0.0387473846153846,28.16,28.28,27.84,27.87,0.997129529960531,0.9862600733564655
603395,红四方,2026-04-16,27.8,27.99,27.66,27.93,1873920.0,52321627.0,0.0288295384615384,27.88,28.07,27.74,28.01,0.9971438771867188,0.7786472997652489
603395,红四方,2026-04-17,27.99,28.12,27.69,27.78,2014446.0,56200713.0,0.0309914769230769,28.07,28.2,27.77,27.86,0.9971284996410624,0.9025014273748453
603395,红四方,2026-04-20,27.69,28.02,27.69,28.0,1756870.0,49156109.0,0.0270287692307692,27.77,28.1,27.77,28.08,0.9971509971509972,0.811669951778525
603395,红四方,2026-04-21,28.12,28.22,27.82,28.14,2512708.0,70657296.0,0.0386570461538461,28.2,28.3,27.9,28.22,0.997165131112686,1.1587250422063804
603395,红四方,2026-04-22,28.14,28.56,28.02,28.44,3103160.0,88324531.0,0.047740923076923,28.22,28.64,28.1,28.52,0.997194950911641,1.4532632530962326
603395,红四方,2026-04-23,28.45,28.47,28.08,28.18,2073839.0,58615046.0,0.0319052153846153,28.53,28.55,28.16,28.26,0.9971691436659588,0.920797374751179
603395,红四方,2026-04-24,27.94,28.62,27.94,28.29,2298140.0,65350053.0,0.035356,28.02,28.7,28.02,28.37,0.9971801198449064,1.002589384909183
603395,红四方,2026-04-27,28.27,28.29,27.93,28.19,1905380.0,53773885.0,0.0293135384615384,28.35,28.37,28.01,28.27,0.9971701450300672,0.8111647134622316
603395,红四方,2026-04-28,28.06,28.22,27.16,27.25,4154070.0,114638365.0,0.0639087692307692,28.14,28.3,27.24,27.33,0.9970728137577756,1.7464015443411616
603395,红四方,2026-04-29,27.01,27.49,27.01,27.36,2512708.0,68830451.0,0.0386570461538461,27.09,27.57,27.09,27.44,0.9970845481049562,0.9282542676397488
603395,红四方,2026-04-30,28.13,28.13,27.52,27.56,2484272.0,69065906.0,0.0382195692307692,28.21,28.21,27.6,27.64,0.9971056439942112,0.9596128347529078
603395,红四方,2026-05-06,27.62,27.84,27.52,27.74,2032540.0,56542424.0,0.0312698461538461,27.7,27.92,27.6,27.82,0.9971243709561466,0.7609904324886537
603395,红四方,2026-05-07,27.73,27.73,27.32,27.35,2781287.0,76476836.0,0.0427890307692307,27.81,27.81,27.4,27.43,0.997083485235144,1.0624544941274983
603395,红四方,2026-05-08,27.32,27.57,27.29,27.53,2056669.0,56601654.0,0.0316410615384615,27.4,27.65,27.37,27.61,0.9971024990945312,0.736372042517811
603395,红四方,2026-05-11,27.57,27.95,27.55,27.81,2819101.0,78616117.0,0.0433707846153846,27.65,28.03,27.63,27.89,0.9971315883829328,1.187742448352118
603395,红四方,2026-05-12,27.81,27.81,27.33,27.42,2097829.0,57794795.0,0.0322742923076923,27.89,27.89,27.41,27.5,0.9970909090909092,0.8616114564728765
603395,红四方,2026-05-13,27.51,27.52,27.33,27.35,1463768.0,40204772.0,0.0225195076923076,27.59,27.6,27.41,27.43,0.997083485235144,0.6209023072552057
603395,红四方,2026-05-14,27.36,27.39,26.68,26.78,2536520.0,68542937.0,0.0390233846153846,27.44,27.47,26.76,26.86,0.9970215934475056,1.1304921249911086
603395,红四方,2026-05-15,26.86,27.3,26.77,26.9,2029288.0,55032667.0,0.0312198153846153,26.94,27.38,26.85,26.98,0.9970348406226834,0.9245985492651784
603395,红四方,2026-05-18,26.61,26.86,25.88,26.16,2908681.0,76283660.0,0.0447489384615384,26.69,26.94,25.95,26.24,0.9969512195121952,1.3285887752676515
603395,红四方,2026-05-19,26.05,26.35,25.93,26.2,1445820.0,37964890.0,0.0222433846153846,26.13,26.43,26.0,26.28,0.9969558599695584,0.6550420139893799
603395,红四方,2026-05-20,26.17,26.18,25.33,25.65,2818240.0,72317756.0,0.0433575384615384,26.25,26.26,25.4,25.72,0.9972783825816484,1.3570007233189816
603395,红四方,2026-05-21,25.64,25.87,24.87,24.92,2398070.0,61018592.0,0.0368933846153846,25.71,25.94,24.94,24.99,0.9971988795518208,1.0214507772638681
603395,红四方,2026-05-22,24.93,25.19,24.83,25.01,1676687.0,42042836.0,0.0257951846153846,25.0,25.26,24.9,25.08,0.997208931419458,0.7227037458904446
603395,红四方,2026-05-25,25.08,25.22,24.68,24.86,1546620.0,38616959.0,0.0237941538461538,25.15,25.29,24.75,24.93,0.9971921379863616,0.6875395754682507
603395,红四方,2026-05-26,24.78,24.99,24.51,24.89,1919132.0,47563569.0,0.0295251076923076,24.85,25.06,24.58,24.96,0.9971955128205128,0.9706864754689146
603395,红四方,2026-05-27,24.81,24.98,24.03,24.21,2540721.0,61946772.0,0.0390880153846153,24.88,25.05,24.1,24.28,0.9971169686985172,1.2263647859408506
603395,红四方,2026-05-28,24.23,24.35,23.74,24.03,2038989.0,49133489.0,0.0313690615384615,24.3,24.42,23.81,24.1,0.9970954356846472,1.011279873586854
603395,红四方,2026-05-29,24.03,24.12,23.64,23.78,2238066.0,53602342.0,0.0344317846153846,24.1,24.19,23.71,23.85,0.9970649895178196,1.1510140402086
603395,红四方,2026-06-01,23.8,24.62,23.68,24.47,2811380.0,68500340.0,0.043252,23.87,24.69,23.75,24.54,0.9971475142624286,1.36693360488735
603395,红四方,2026-06-02,24.45,24.62,23.9,23.92,2161040.0,52197635.0,0.0332467692307692,24.52,24.69,23.97,23.99,0.9970821175489788,0.9356538389066846
603395,红四方,2026-06-03,23.94,23.97,23.25,23.43,2536662.0,59905486.0,0.0390255692307692,24.01,24.04,23.32,23.5,0.9970212765957448,1.075750564282392
603395,红四方,2026-06-04,23.32,23.66,22.88,23.0,2329904.0,54031768.0,0.0358446769230769,23.39,23.73,22.95,23.07,0.9969657563935848,0.9884086702878135
603395,红四方,2026-06-05,22.99,23.19,22.69,22.86,2107390.0,48520110.0,0.0324213846153846,23.06,23.26,22.76,22.93,0.996947230702137,0.872476991901666
603395,红四方,2026-06-08,22.81,22.96,21.84,22.24,3113949.0,69663034.0,0.0479069076923076,22.88,23.03,21.9,22.3,0.9973094170403588,1.3033027756702116
603395,红四方,2026-06-09,22.24,22.72,21.9,22.14,2026471.0,44995110.0,0.0311764769230769,22.3,22.79,21.96,22.2,0.9972972972972972,0.82720226109269
603395,红四方,2026-06-10,22.12,22.34,21.71,22.19,1865415.0,41079686.0,0.0286986923076923,22.12,22.34,21.71,22.19,1.0,0.7699179058005133
603395,红四方,2026-06-11,22.02,23.37,21.87,23.21,5521644.0,126021672.0,0.0849483692307692,22.02,23.37,21.87,23.21,1.0,2.4126460516175254
603395,红四方,2026-06-12,22.95,22.95,22.22,22.71,4371139.0,98590736.0,0.0672482923076923,22.95,22.95,22.22,22.71,1.0,1.4933987451476334
603395,红四方,2026-06-15,22.53,22.98,22.53,22.75,2374771.0,54094348.0,0.0365349384615384,22.53,22.98,22.53,22.75,1.0,0.7026524299206006
603395,红四方,2026-06-16,22.62,22.73,22.27,22.36,1962130.0,43939603.0,0.0301866153846153,22.62,22.73,22.27,22.36,1.0,0.6071157168812781
603395,红四方,2026-06-17,22.37,23.08,22.16,22.43,2838246.0,63979611.0,0.043665323076923,22.37,23.08,22.16,22.43,1.0,0.8817112588123875
603395,红四方,2026-06-18,22.35,22.35,21.78,21.87,2358450.0,51900748.0,0.0362838461538461,22.35,22.35,21.78,21.87,1.0,0.6909010055700955
603395,红四方,2026-06-22,21.82,22.13,20.98,22.08,3385181.0,72750548.0,0.0520797076923076,21.82,22.13,20.98,22.08,1.0,1.2172762575283702
603395,红四方,2026-06-23,21.9,22.67,21.88,22.21,2398699.0,53470229.0,0.0369030615384615,21.9,22.67,21.88,22.21,1.0,0.9283768944709786
603395,红四方,2026-06-24,22.07,22.5,21.3,21.34,2318939.0,50137807.0,0.0356759846153846,22.07,22.5,21.3,21.34,1.0,0.8958478234767906
603395,红四方,2026-06-25,21.0,21.26,20.6,20.84,2292420.0,47798013.0,0.035268,21.0,21.26,20.6,20.84,1.0,0.8618434582012953
603395,红四方,2026-06-26,20.84,20.84,20.3,20.33,2234420.0,45789988.0,0.0343756923076923,20.84,20.84,20.3,20.33,1.0,0.8759896842395953
603395,红四方,2026-06-29,20.0,20.59,19.88,20.38,2459118.0,49952221.0,0.0378325846153846,20.0,20.59,19.88,20.38,1.0,0.9735488503688026
603395,红四方,2026-06-30,20.28,20.4,19.92,20.0,2274410.0,45581266.0,0.034990923076923,20.28,20.4,19.92,20.0,1.0,0.9716714418371926
603395,红四方,2026-07-01,20.0,20.94,19.93,20.78,3168870.0,65074535.0,0.0487518461538461,20.0,20.94,19.93,20.78,1.0,1.3683331826334686
603395,红四方,2026-07-02,20.59,21.23,20.59,20.93,2572750.0,54068387.0,0.0395807692307692,20.59,21.23,20.59,20.93,1.0,1.034958860712137
603395,红四方,2026-07-03,21.1,21.14,20.66,20.82,1930360.0,40308267.0,0.0296978461538461,21.1,21.14,20.66,20.82,1.0,0.7594121216393822
603395,红四方,2026-07-06,20.85,21.27,20.7,20.93,1842685.0,38677705.0,0.028349,20.85,21.27,20.7,20.93,1.0,0.7426882478331399
603395,红四方,2026-07-07,20.93,21.0,20.22,20.23,1974750.0,40366732.0,0.0303807692307692,20.93,21.0,20.22,20.23,1.0,0.8375339032112358
603395,红四方,2026-07-08,20.17,20.54,19.88,20.31,2096632.0,42450348.0,0.0322558769230769,20.17,20.54,19.88,20.31,1.0,0.912418952575044
603395,红四方,2026-07-09,20.3,20.42,19.81,20.05,2303735.0,46197981.0,0.0354420769230769,20.3,20.42,19.81,20.05,1.0,1.105738627653154
603395,红四方,2026-07-10,19.9,20.88,19.8,20.61,2935195.0,60264752.0,0.0451568461538461,19.9,20.88,19.8,20.61,1.0,1.4461707450078152
603395,红四方,2026-07-13,20.61,20.71,20.25,20.36,2236200.0,45595794.0,0.0344030769230769,20.61,20.71,20.25,20.36,1.0,1.0025108049432812
603395,红四方,2026-07-14,20.35,20.78,20.3,20.74,1979390.0,40798579.0,0.0304521538461538,20.35,20.78,20.3,20.74,1.0,0.857137636023762
603395,红四方,2026-07-15,20.76,21.29,20.63,21.19,2362947.0,49885446.0,0.0363530307692307,20.76,21.29,20.63,21.19,1.0,1.0228187630116892
603395,红四方,2026-07-16,21.2,22.85,21.07,22.17,6005320.0,132373546.0,0.0923895384615384,21.2,22.85,21.07,22.17,1.0,2.540865990994517
603395,红四方,2026-07-17,22.0,22.61,21.84,22.29,5211205.0,115672436.0,0.0801723846153846,22.0,22.61,21.84,22.29,1.0,1.6789701458568476
603395,红四方,2026-07-20,22.42,22.98,22.1,22.98,5417857.0,122616652.0,0.0833516461538461,22.42,22.98,22.1,22.98,1.0,1.5222922516369992
603395,红四方,2026-07-21,22.74,22.93,22.08,22.18,5316394.0,119228130.0,0.0817906769230769,22.74,22.93,22.08,22.18,1.0,1.267212951653688
603395,红四方,2026-07-22,21.96,22.28,21.81,22.05,2954171.0,65051124.0,0.0454487846153846,21.96,22.28,21.81,22.05,1.0,0.6075110339950818
603395,红四方,2026-07-23,21.8,22.57,21.8,22.5,2635670.0,58758908.0,0.0405487692307692,21.8,22.57,21.8,22.5,1.0,0.5291458761185076
603395,红四方,2026-07-24,22.36,22.6,21.87,21.9,2429140.0,53899747.0,0.0373713846153846,22.36,22.6,21.87,21.9,1.0,0.5639903642842724
603395,红四方,2026-07-27,21.95,22.32,21.8,22.13,2090433.0,46364767.0,0.0321605076923076,21.95,22.32,21.8,22.13,1.0,0.557352727252561
603395,红四方,2026-07-28,22.04,22.89,21.93,22.8,3597217.0,81126742.0,0.0553418,22.04,22.89,21.93,22.8,1.0,1.1659736073468565
603395,红四方,2026-07-29,22.7,23.28,22.66,23.2,3331090.0,76823580.0,0.0512475384615384,22.7,23.28,22.66,23.2,1.0,1.2151381327767559
603395,红四方,2026-07-30,23.18,23.69,23.11,23.22,3719129.0,87045471.0,0.0572173692307692,23.18,23.69,23.11,23.22,1.0,1.3203805148559844
603395,红四方,2026-07-31,23.01,23.21,22.82,23.1,3056520.0,70296797.0,0.0470233846153846,23.01,23.21,22.82,23.1,1.0,1.007621212593729
603395,红四方,2026-08-03,23.16,23.55,23.1,23.41,2515277.0,58741247.0,0.0386965692307692,23.16,23.55,23.1,23.41,1.0,0.7962565060288183
603395,红四方,2026-08-04,23.41,23.51,22.82,22.86,2889016.0,66501339.0,0.0444464,23.41,23.51,22.82,22.86,1.0,0.8906142479117231
603395,红四方,2026-08-05,23.0,23.06,22.51,22.68,2739803.0,62160958.0,0.0421508153846153,23.0,23.06,22.51,22.68,1.0,0.8831788239493027
603395,红四方,2026-08-06,22.75,22.79,22.18,22.39,2921278.0,65432082.0,0.0449427384615384,22.75,22.79,22.18,22.39,1.0,0.9789972951950586
603395,红四方,2026-08-07,22.73,22.85,22.01,22.21,2948226.0,65805897.0,0.045357323076923,22.73,22.85,22.01,22.21,1.0,1.0438493590165738
603395,红四方,2026-08-10,22.17,22.82,22.14,22.61,3697752.0,83572789.0,0.0568884923076923,22.17,22.82,22.14,22.61,1.0,1.3193440657646858
603395,红四方,2026-08-11,22.63,22.63,22.28,22.35,2557884.0,57263642.0,0.0393520615384615,22.63,22.63,22.28,22.35,1.0,0.841626538431799
603395,红四方,2026-08-12,22.22,22.62,22.22,22.36,1945465.0,43532984.0,0.0299302307692307,22.22,22.62,22.22,22.36,1.0,0.6543802421576725
603395,红四方,2026-08-13,22.3,22.45,22.03,22.06,2304761.0,51212113.0,0.0354578615384615,22.3,22.45,22.03,22.06,1.0,0.8189985434172873
603395,红四方,2026-08-14,22.2,22.2,21.7,21.78,1811110.0,39581786.0,0.0278632307692307,22.2,22.2,21.7,21.78,1.0,0.6730705195327992
603395,红四方,2026-08-17,21.79,23.96,21.79,23.96,5011250.0,116992722.0,0.0770961538461538,21.79,23.96,21.79,23.96,1.0,2.034286511327622
603395,红四方,2026-08-18,26.0,26.36,25.8,26.36,4870227.0,127945512.0,0.0749265692307692,26.0,26.36,25.8,26.36,1.0,1.7865220348234507
603395,红四方,2026-08-19,29.0,29.0,28.01,29.0,11771965.0,340767017.0,0.1811071538461538,29.0,29.0,28.01,29.0,1.0,3.6919347294608547
603395,红四方,2026-08-20,27.2,31.18,26.13,30.64,28416480.0,811465751.0,0.4371766153846154,27.2,31.18,26.13,30.64,1.0,5.513627778901207
603395,红四方,2026-08-21,29.0,29.46,27.58,27.58,9766464.0,272837713.0,0.1502532923076923,29.0,29.46,27.58,27.58,1.0,0.9412364811864189
603395,红四方,2026-08-24,25.35,27.47,25.01,25.95,17443207.0,456140416.0,0.2683570307692308,25.35,27.47,25.01,25.95,1.0,1.4575752452696593
603395,红四方,2026-08-25,25.77,28.55,25.76,28.55,13560558.0,375668731.0,0.2086239692307692,25.77,28.55,25.76,28.55,1.0,0.9382087257763749
603395,红四方,2026-08-26,27.07,29.97,27.07,28.81,23422882.0,666759089.0,0.3603520307692308,27.07,29.97,27.07,28.81,1.0,1.4465949627584067
603395,红四方,2026-08-27,28.31,30.3,27.78,29.33,22355363.0,648794595.0,0.3439286615384615,28.31,30.3,27.78,29.33,1.0,1.2069680234307483
603395,红四方,2026-08-28,29.33,32.26,28.08,31.0,29687334.0,899932528.0,0.4567282153846154,29.33,32.26,28.08,31.0,1.0,1.7150697538583983
603395,红四方,2026-08-31,30.3,33.18,28.75,29.1,26242433.0,812366765.0,0.4037297384615385,30.3,33.18,28.75,29.1,1.0,1.2323938522623
603395,红四方,2026-09-01,29.06,31.5,29.06,30.9,23961276.0,730695788.0,0.3686350153846154,29.06,31.5,29.06,30.9,1.0,1.0393672793893427
603395,红四方,2026-09-02,29.63,29.85,27.81,27.81,20607349.0,581623317.0,0.3170361384615384,29.63,29.85,27.81,27.81,1.0,0.8199039450275233
603395,红四方,2026-09-03,27.53,29.8,27.05,28.34,17002580.0,479529699.0,0.2615781538461538,27.53,29.8,27.05,28.34,1.0,0.691984546992479
603395,红四方,2026-09-04,27.56,28.39,26.74,27.06,14406867.0,395419678.0,0.2216441076923077,27.56,28.39,26.74,27.06,1.0,0.6130530988288335
603395,红四方,2026-09-07,27.06,29.77,27.06,29.77,18891054.0,548068279.0,0.2906316,27.06,29.77,27.06,29.77,1.0,0.9240344684268582
603395,红四方,2026-09-08,30.66,31.66,29.35,30.97,27642350.0,839370231.0,,30.66,31.66,29.35,30.97,1.0,1.4568675377066298
603395,红四方,2026-09-09,30.0,30.97,29.8,30.36,18134128.0,550003301.0,,30.0,30.97,29.8,30.36,1.0,0.9200452155348239
603989,艾华集团,2026-03-19,17.79,17.92,17.38,17.43,4362750.0,77127547.0,0.010940246581158837,17.86,17.99,17.45,17.5,0.996,0.8207153579109059
603989,艾华集团,2026-03-20,17.43,17.74,16.98,17.0,4876338.0,84863222.0,0.012228145122474339,17.5,17.81,17.05,17.07,0.9958992384299942,0.9384876315480427
603989,艾华集团,2026-03-23,16.62,16.68,15.44,15.57,8595590.0,138245932.0,0.021554724453737458,16.69,16.75,15.5,15.63,0.9961612284069098,1.6313568111883163
603989,艾华集团,2026-03-24,15.93,16.34,15.63,16.3,6275691.0,100491820.0,0.01573723156430217,15.99,16.4,15.69,16.36,0.9963325183374084,1.0639080480503247
603989,艾华集团,2026-03-25,16.52,16.85,16.51,16.58,3620835.0,60652095.0,0.009079784019182914,16.59,16.92,16.58,16.65,0.9957957957957958,0.6169349669457046
603989,艾华集团,2026-03-26,16.58,17.54,16.42,17.0,9805064.0,167804378.0,0.024587660971644856,16.65,17.61,16.48,17.07,0.9958992384299942,1.7678756392978827
603989,艾华集团,2026-03-27,16.73,16.89,16.44,16.61,6200795.0,103477966.0,0.01554941866923771,16.8,16.96,16.5,16.68,0.9958033573141487,0.9346001530497912
603989,艾华集团,2026-03-30,16.36,17.23,16.2,16.9,5565344.0,93298196.0,0.013955930472516842,16.42,17.3,16.26,16.97,0.9958750736593989,0.8066189392275923
603989,艾华集团,2026-03-31,16.79,16.93,16.49,16.59,3043390.0,50966827.0,0.007631754522407426,16.86,17.0,16.56,16.66,0.9957983193277311,0.48357318699420604
603989,艾华集团,2026-04-01,16.9,17.22,16.85,17.17,3948636.0,67715864.0,0.009901793937136144,16.97,17.29,16.92,17.24,0.9959396751740142,0.6992343094639827
603989,艾华集团,2026-04-02,17.05,17.33,16.73,16.88,3429065.0,58655070.0,0.008598892130610608,17.12,17.4,16.8,16.95,0.9958702064896755,0.6002586402258653
603989,艾华集团,2026-04-03,16.81,17.13,16.62,16.75,3599747.0,61008468.0,0.009026902712689654,16.88,17.2,16.69,16.82,0.9958382877526754,0.8112204633025394
603989,艾华集团,2026-04-07,16.81,17.68,16.81,17.54,5229395.0,91146516.0,0.013113488228818778,16.88,17.75,16.88,17.61,0.9960249858035207,1.3349704909308002
603989,艾华集团,2026-04-08,17.82,19.27,17.57,19.12,12654679.0,236364213.0,0.03173349576881841,17.89,19.35,17.64,19.2,0.9958333333333335,3.286889826216649
603989,艾华集团,2026-04-09,18.93,19.18,18.71,18.81,7367815.0,139801933.0,0.018475895447678827,19.0,19.26,18.78,18.88,0.996292372881356,1.2764079108509938
603989,艾华集团,2026-04-10,18.95,19.06,18.58,18.67,4781715.0,90293078.0,0.01199086383148838,19.02,19.14,18.65,18.74,0.9962646744930631,0.7406460906781424
603989,艾华集团,2026-04-13,18.65,19.19,18.55,18.83,4761330.0,90221197.0,0.011939745402388175,18.72,19.27,18.62,18.9,0.9962962962962962,0.7078286668491641
603989,艾华集团,2026-04-14,18.89,20.67,18.89,19.85,16809170.0,336574815.0,0.042151501833618175,18.96,20.75,18.96,19.93,0.9959859508278978,2.41546226240866
603989,艾华集团,2026-04-15,19.86,20.23,19.4,19.48,8970123.0,178358618.0,0.02249392183446777,19.94,20.31,19.48,19.56,0.9959100204498978,0.9671352331289021
603989,艾华集团,2026-04-16,19.47,19.68,19.28,19.43,7518695.0,146836911.0,0.01885424956014579,19.55,19.76,19.36,19.51,0.9958995386981034,0.8806123276250615
603989,艾华集团,2026-04-17,19.4,19.63,19.15,19.42,6462591.0,125584066.0,0.01620591120123268,19.48,19.71,19.23,19.5,0.995897435897436,0.7542524709896702
603989,艾华集团,2026-04-20,19.41,19.68,19.2,19.29,6239700.0,121394923.0,0.015646978761665646,19.49,19.76,19.28,19.37,0.9958699019101702,0.7007448849509126
603989,艾华集团,2026-04-21,19.22,19.75,18.91,19.33,6364330.0,123306551.0,0.015959507082428888,19.3,19.83,18.98,19.41,0.9958784131890777,0.6917708042596872
603989,艾华集团,2026-04-22,19.32,20.07,19.18,19.83,8861344.0,175907620.0,0.022221142261296747,19.4,20.15,19.26,19.91,0.9959819186338522,1.2461305849718238
603989,艾华集团,2026-04-23,19.98,19.98,19.26,19.38,6343910.0,124199932.0,0.015908300885606408,20.06,20.06,19.34,19.46,0.9958890030832476,0.8948529988438967
603989,艾华集团,2026-04-24,19.28,20.04,19.26,19.37,8195318.0,161742952.0,0.02055098269004859,19.36,20.12,19.34,19.45,0.9958868894601544,1.195633154007477
603989,艾华集团,2026-04-27,19.23,20.06,19.23,20.06,8719830.0,173631395.0,0.021866274791309672,19.31,20.14,19.31,20.14,0.9960278053624627,1.210932702436205
603989,艾华集团,2026-04-28,19.92,20.44,19.64,19.7,12223553.0,244765234.0,0.03065238299647329,20.0,20.52,19.72,19.78,0.9959555106167846,1.5881042123406237
603989,艾华集团,2026-04-29,19.68,19.82,19.22,19.62,8714170.0,171196867.0,0.021852081496793744,19.76,19.9,19.3,19.7,0.9959390862944163,0.982565718371309
603989,艾华集团,2026-04-30,19.57,20.35,19.42,19.78,8177637.0,163632821.0,0.02050664494440617,19.65,20.43,19.5,19.86,0.9959718026183284,0.9251394349285302
603989,艾华集团,2026-05-06,20.0,20.5,19.97,20.2,10796724.0,219551071.0,0.027074396385013026,20.08,20.58,20.05,20.28,0.9960552268244575,1.1727791489939672
603989,艾华集团,2026-05-07,20.23,21.47,20.23,21.15,16493546.0,346896237.0,0.041360027560067854,20.31,21.55,20.31,21.23,0.9962317475270842,1.6957533277427657
603989,艾华集团,2026-05-08,21.0,21.32,20.63,20.97,10423720.0,219229906.0,0.02613903319992138,21.08,21.4,20.71,21.05,0.9961995249406175,0.9239964166697544
603989,艾华集团,2026-05-11,21.18,21.31,20.96,21.24,10250136.0,217590614.0,0.02570374541984141,21.26,21.39,21.04,21.32,0.99624765478424,0.9385574941796014
603989,艾华集团,2026-05-12,21.32,21.6,20.9,20.97,11205712.0,238285602.0,0.028099994819196738,21.4,21.69,20.98,21.05,0.9961995249406175,0.997983622281331
603989,艾华集团,2026-05-13,20.62,21.17,20.6,20.86,10926198.0,229744760.0,0.02739907175853866,20.7,21.25,20.68,20.94,0.9961795606494745,0.9232911876486801
603989,艾华集团,2026-05-14,20.93,20.97,20.42,20.42,7998441.0,165797244.0,0.02005728423697225,21.01,21.05,20.5,20.5,0.9960975609756099,0.6744126306220888
603989,艾华集团,2026-05-15,20.4,20.7,19.77,19.92,8307141.0,167646641.0,0.020831395547408035,20.48,20.78,19.85,20.0,0.9960000000000001,0.8175642816351802
603989,艾华集团,2026-05-18,19.89,21.91,19.77,21.91,18768753.0,402492618.0,0.04706544859110989,19.97,22.0,19.85,22.0,0.995909090909091,1.9274663575724003
603989,艾华集团,2026-05-19,22.41,24.1,21.92,24.1,27086872.0,630597232.0,0.06792437311152073,22.5,24.2,22.01,24.2,0.9958677685950414,2.3674750894766823
603989,艾华集团,2026-05-20,24.66,26.22,24.26,25.61,44445651.0,1133737369.0,0.11145410151856716,24.76,26.32,24.36,25.71,0.9961104628549202,3.0405820948219464
603989,艾华集团,2026-05-21,25.5,27.14,24.52,25.74,40125312.0,1053721796.0,0.10062020684795867,25.6,27.25,24.62,25.84,0.9961300309597523,1.8819292094698072
603989,艾华集团,2026-05-22,26.26,28.31,26.21,28.31,15999364.0,445225143.0,0.04012079245927816,26.36,28.42,26.31,28.42,0.9961294862772694,0.5766212771517155
603989,艾华集团,2026-05-25,31.14,31.14,28.89,30.58,46975836.0,1422328534.0,0.11779891792930566,31.26,31.26,29.0,30.7,0.9960912052117263,1.604081631649559
603989,艾华集团,2026-05-26,29.7,32.97,28.9,31.63,46747157.0,1435722569.0,0.1172254712161241,29.82,33.1,29.01,31.75,0.9962204724409448,1.3384396886877674
603989,艾华集团,2026-05-27,31.67,34.79,31.67,34.79,39935164.0,1353985360.0,0.10014338236640136,31.8,34.93,31.8,34.93,0.9959919839679359,1.027702959628257
603989,艾华集团,2026-05-28,34.99,38.27,34.99,38.27,43356468.0,1587710327.0,0.10872281263151053,35.13,38.42,35.13,38.42,0.9960957834461218,1.1422652753845233
603989,艾华集团,2026-05-29,36.95,38.14,34.87,35.67,41430080.0,1503434828.0,0.10389210728947043,37.1,38.29,35.01,35.81,0.9960904775202457,1.0732403442529754
603989,艾华集团,2026-06-01,34.33,35.45,32.1,32.1,27694945.0,925063178.0,0.06944920688823152,34.47,35.59,32.23,32.23,0.995966490847037,0.6339120236400329
603989,艾华集团,2026-06-02,30.37,33.23,30.19,31.62,40167729.0,1271473768.0,0.10072657380440427,30.49,33.36,30.31,31.74,0.9962192816635161,1.008409313752146
603989,艾华集团,2026-06-03,30.98,31.99,30.33,31.02,33686406.0,1050723569.0,0.08447368931821181,31.1,32.12,30.45,31.14,0.9961464354527938,0.8745881922120103
603989,艾华集团,2026-06-04,30.57,34.12,30.38,34.12,30608232.0,1002617887.0,0.07675470872576162,30.69,34.25,30.5,34.25,0.9962043795620438,0.8213199034593641
603989,艾华集团,2026-06-05,34.07,37.14,33.89,35.36,41282118.0,1471397070.0,0.10352107049739172,34.2,37.29,34.02,35.5,0.996056338028169,1.1890874540012677
603989,艾华集团,2026-06-08,33.1,35.76,31.82,31.82,25626811.0,856351337.0,0.06426305230158814,33.23,35.9,31.95,31.95,0.9959311424100157,0.7387827266268114
603989,艾华集团,2026-06-09,32.25,33.97,31.16,32.95,28106839.0,915370307.0,0.07048209255101298,32.38,34.1,31.28,33.08,0.9960701330108829,0.8200567906074538
603989,艾华集团,2026-06-10,32.67,33.67,30.57,31.1,22987639.0,732035082.0,0.057644934726643414,32.8,33.8,30.69,31.22,0.9961563100576555,0.7214732413650368
603989,艾华集团,2026-06-11,30.38,31.75,29.38,30.47,21789556.0,666319728.0,0.05464056284086162,30.5,31.88,29.5,30.59,0.9960771493952272,0.733103952914482
603989,艾华集团,2026-06-12,31.06,31.25,28.37,28.65,22410688.0,660679703.0,0.05619814400857656,31.18,31.37,28.48,28.76,0.9961752433936021,0.8015671003410951
603989,艾华集团,2026-06-15,29.29,31.52,29.06,31.06,22641270.0,698195835.0,0.05677636277820049,29.41,31.64,29.17,31.18,0.9961513790891597,0.9361967814284987
603989,艾华集团,2026-06-16,30.88,34.17,30.87,34.17,20062448.0,657278210.0,0.05030958183294412,31.0,34.3,30.99,34.3,0.9962099125364433,0.8505651099284433
603989,艾华集团,2026-06-17,34.17,37.58,34.17,37.58,14820860.0,547646665.0,0.03716551783733511,34.3,37.73,34.3,37.73,0.9960243837794859,0.6743399798133799
603989,艾华集团,2026-06-18,39.9,41.34,39.46,41.34,5371723.0,220419394.0,0.01347039692526097,40.06,41.5,39.62,41.5,0.9961445783132531,0.26403206682435876
603989,艾华集团,2026-06-22,44.7,45.47,40.65,45.47,32816052.0,1474790567.0,0.08229114679964028,44.88,45.65,40.81,45.65,0.9960569550930997,1.9234093469176363
603989,艾华集团,2026-06-23,47.5,49.1,43.55,44.25,42620610.0,1963697721.0,0.10687753890078601,47.69,49.29,43.72,44.42,0.9961728950923008,2.2264947346974115
603989,艾华集团,2026-06-24,42.83,48.67,42.83,48.67,18208495.0,844134132.0,0.04566051806126819,43.0,48.86,43.0,48.86,0.9961113385182153,0.7869404677136153
603989,艾华集团,2026-06-25,52.8,53.54,51.76,53.54,9931961.0,529684881.0,0.02490587413316209,53.01,53.75,51.96,53.75,0.996093023255814,0.4362332298585689
603989,艾华集团,2026-06-26,53.63,57.77,53.63,55.78,37612540.0,2116731748.0,0.09431905613287492,53.84,58.0,53.84,56.0,0.9960714285714286,1.726156040521808
603989,艾华集团,2026-06-29,55.78,56.46,51.4,53.79,27945105.0,1506427568.0,0.07007652041404498,56.0,56.68,51.6,54.0,0.9961111111111111,0.989630026584525
603989,艾华集团,2026-06-30,53.17,53.44,49.66,52.29,23209575.0,1196300644.0,0.05820147236121704,53.38,53.65,49.86,52.5,0.996,0.8512982124662256
603989,艾华集团,2026-07-01,54.32,55.76,50.38,50.65,20275457.0,1066279128.0,0.050843733683040064,54.53,55.98,50.58,50.85,0.9960668633235005,0.8671567896020789
603989,艾华集团,2026-07-02,45.59,50.84,45.59,47.63,19408940.0,932736633.0,0.04867081301447872,45.59,50.84,45.59,47.63,1.0,0.815675522374777
603989,艾华集团,2026-07-03,46.44,51.31,46.18,48.03,17747680.0,871875761.0,0.04450495569159385,46.44,51.31,46.18,48.03,1.0,0.6908313190016129
603989,艾华集团,2026-07-06,47.07,48.82,43.97,44.17,17323132.0,788133692.0,0.04344033823573738,47.07,48.82,43.97,44.17,1.0,0.7976631993899588
603989,艾华集团,2026-07-07,44.83,44.87,41.94,42.52,11730798.0,507526899.0,0.029416726311103075,44.83,44.87,41.94,42.52,1.0,0.5987252521273358
603989,艾华集团,2026-07-08,43.05,43.26,39.78,39.88,10883381.0,446646680.0,0.02729170174240996,43.05,43.26,39.78,39.88,1.0,0.629198952380817
603989,艾华集团,2026-07-09,41.79,43.87,39.02,41.5,24596970.0,1018963104.0,0.06168057233381846,41.79,43.87,39.02,41.5,1.0,1.59525981364214
603989,艾华集团,2026-07-10,42.1,42.51,38.19,38.3,24372754.0,983694256.0,0.06111831725905115,42.1,42.51,38.19,38.3,1.0,1.481050870919326
603989,艾华集团,2026-07-13,37.03,38.35,34.47,34.47,15960874.0,573168022.0,0.040024273041271444,37.03,38.35,34.47,34.47,1.0,0.8976159198200683
603989,艾华集团,2026-07-14,35.09,37.92,33.96,37.92,15610020.0,557326299.0,0.039144454286131704,35.09,37.92,33.96,37.92,1.0,0.8915449062141081
603989,艾华集团,2026-07-15,39.28,40.0,34.96,34.96,17037232.0,624744493.0,0.04272340132723854,39.28,40.0,34.96,34.96,1.0,0.9317702237024219
603989,艾华集团,2026-07-16,34.26,38.46,33.8,35.2,25536020.0,916984635.0,0.06403538032236633,34.26,38.46,33.8,35.2,1.0,1.3084947044846755
603989,艾华集团,2026-07-17,34.92,35.91,31.68,31.68,18119350.0,600299851.0,0.04543697367264234,34.92,35.91,31.68,31.68,1.0,0.9196061792443733
603989,艾华集团,2026-07-20,31.71,31.88,28.51,28.51,15033146.0,443499025.0,0.037697856657053844,31.71,31.88,28.51,28.51,1.0,0.8146854743071952
603989,艾华集团,2026-07-21,27.42,29.7,25.66,29.47,29841088.0,824535973.0,0.0748309806819231,27.42,29.7,25.66,29.47,1.0,1.6335926578073992
603989,艾华集团,2026-07-22,28.5,29.74,27.43,27.8,25360251.0,727434927.0,0.06359461332876741,28.5,29.74,27.43,27.8,1.0,1.2011466839832161
603989,艾华集团,2026-07-23,28.69,30.11,27.61,28.11,23085724.0,663539296.0,0.05789089749918665,28.69,30.11,27.61,28.11,1.0,1.0135109927043107
603989,艾华集团,2026-07-24,27.37,27.93,25.93,26.24,20726948.0,555821813.0,0.05197591473150123,27.37,27.93,25.93,26.24,1.0,0.9299636585963158
603989,艾华集团,2026-07-27,26.35,28.86,25.85,28.86,25292168.0,698339561.0,0.06342388504775542,26.35,28.86,25.85,28.86,1.0,1.108846930748129
603989,艾华集团,2026-07-28,27.39,28.3,25.97,26.34,22038293.0,596313499.0,0.055264307981852445,27.39,28.3,25.97,26.34,1.0,0.8864520322839301
603989,艾华集团,2026-07-29,26.3,28.5,24.81,26.01,23727030.0,619249384.0,0.059499067982018955,26.3,28.5,24.81,26.01,1.0,1.0182978890982257
603989,艾华集团,2026-07-30,25.7,26.51,23.47,24.14,23121492.0,571968162.0,0.05798059109604983,25.7,26.51,23.47,24.14,1.0,1.0064185248870936
603989,艾华集团,2026-07-31,26.0,26.55,24.31,24.36,32711442.0,835568538.0,0.08202882161601642,26.0,26.55,24.31,24.36,1.0,1.4234009382857704
603989,艾华集团,2026-08-03,24.0,24.45,22.88,23.57,25771530.0,606731807.0,0.0646259567872861,24.0,24.45,22.88,23.57,1.0,1.015503336835699
603989,艾华集团,2026-08-04,23.8,25.91,23.41,25.52,25020824.0,623248778.0,0.06274344948112474,23.8,25.91,23.41,25.52,1.0,0.9822118961382891
603989,艾华集团,2026-08-05,25.27,28.07,25.05,27.24,27832418.0,749388987.0,0.06979394094777003,25.27,28.07,25.05,27.24,1.0,1.067584314074108
603989,艾华集团,2026-08-06,27.27,28.33,26.72,27.92,29805706.0,820976012.0,0.07474225503765411,27.27,28.33,26.72,27.92,1.0,1.1083673404334298
603989,艾华集团,2026-08-07,27.92,29.56,27.15,29.22,35483577.0,1017220921.0,0.08898036375257266,27.92,29.56,27.15,29.22,1.0,1.2570176528702457
603989,艾华集团,2026-08-10,29.3,29.58,27.68,28.81,26577386.0,753758402.0,0.06664676094725545,29.3,29.58,27.68,28.81,1.0,0.9233770113697373
603989,艾华集团,2026-08-11,28.55,30.55,28.2,29.12,34509365.0,1012369039.0,0.0865373818025815,28.55,30.55,28.2,29.12,1.0,1.1922811713171935
603989,艾华集团,2026-08-12,29.1,29.66,28.0,29.52,28230887.0,817212208.0,0.0707931614199373,29.1,29.66,28.0,29.52,1.0,0.9153482391483964
603989,艾华集团,2026-08-13,30.0,32.47,29.75,29.99,51159161.0,1597041228.0,0.128289229551362,30.0,32.47,29.75,29.99,1.0,1.6544912953799786
603989,艾华集团,2026-08-14,30.65,32.99,30.44,32.99,42587787.0,1385909317.0,0.10679523033083968,30.65,32.99,30.44,32.99,1.0,1.2101527618922567
603989,艾华集团,2026-08-17,33.07,33.81,31.5,32.12,63551880.0,2048479309.0,0.15936582153371537,33.07,33.81,31.5,32.12,1.0,1.7357775577631382
603989,艾华集团,2026-08-18,31.66,32.55,30.41,30.98,35320674.0,1108114027.0,0.08857186017368078,31.66,32.55,30.41,30.98,1.0,0.8026000199600907
603989,艾华集团,2026-08-19,29.44,30.48,27.88,27.88,27371215.0,791395500.0,0.06863740561020308,29.44,30.48,27.88,27.88,1.0,0.6196777629402319
603989,艾华集团,2026-08-20,28.44,28.99,27.63,28.21,25791834.0,731532726.0,0.06467687209680048,28.44,28.99,27.63,28.21,1.0,0.5862027805473264
603989,艾华集团,2026-08-21,27.99,28.88,27.17,28.69,20283448.0,574085727.0,0.05086377230785928,27.99,28.88,27.17,28.69,1.0,0.5210948180483342
603989,艾华集团,2026-08-24,28.49,28.5,26.5,27.33,18371218.0,501097348.0,0.04606857026330267,28.49,28.5,26.5,27.33,1.0,0.5330582397415825
603989,艾华集团,2026-08-25,26.82,27.84,25.98,27.41,13182377.0,355259927.0,0.03305677724045542,26.82,27.84,25.98,27.41,1.0,0.5184263031679598
603989,艾华集团,2026-08-26,27.5,27.62,26.5,27.14,11173847.0,302425891.0,0.028020088577191436,27.5,27.62,26.5,27.14,1.0,0.5320874861709646
603989,艾华集团,2026-08-27,27.2,28.65,26.95,28.38,16019656.0,448881055.0,0.04017167767700204,27.2,28.65,26.95,28.38,1.0,0.9019799888120549
603989,艾华集团,2026-08-28,28.38,30.17,28.29,28.6,22094753.0,644803593.0,0.055405889856122624,28.38,30.17,28.29,28.6,1.0,1.3978615939209127
603989,艾华集团,2026-08-31,28.01,31.46,27.88,31.46,40841627.0,1262212718.0,0.10241647359021591,28.01,31.46,27.88,31.46,1.0,2.526020031382013
603989,艾华集团,2026-09-01,32.31,32.98,29.85,29.85,42523377.0,1300952769.0,0.10663371264536779,32.31,32.98,29.85,29.85,1.0,2.0580024577915537
603989,艾华集团,2026-09-02,29.26,29.98,28.8,29.12,23976846.0,700198349.0,0.06012551887650495,29.26,29.98,28.8,29.12,1.0,0.9037413027014941
603989,艾华集团,2026-09-03,29.45,32.03,29.3,32.03,46608879.0,1442052558.0,0.11687871849897334,29.45,32.03,29.3,32.03,1.0,1.6021613411630502
603989,艾华集团,2026-09-04,32.18,34.14,31.13,31.52,49027421.0,1592439129.0,0.1229435734292098,32.18,34.14,31.13,31.52,1.0,1.3924646188875214
603989,艾华集团,2026-09-07,32.08,32.83,31.0,32.8,45489471.0,1461074422.0,0.11407163591461214,32.08,32.83,31.0,32.8,1.0,1.120550931220922
603989,艾华集团,2026-09-08,32.8,34.3,31.7,34.29,52015068.0,1719236848.0,0.130435544061829,32.8,34.3,31.7,34.29,1.0,1.2526145449784096
603989,艾华集团,2026-09-09,34.3,34.38,32.9,33.65,39309234.0,1317066570.0,0.09857376949778758,34.3,34.38,32.9,33.65,1.0,0.9052517762429164
688368,晶丰明源,2026-03-19,89.32,90.07,87.59,88.22,1342888.0,166926002.0,0.015173793236219812,125.44,126.5,123.01,123.9,0.7120258272800645,0.9823711486815085
688368,晶丰明源,2026-03-20,88.22,90.86,86.57,86.67,1355294.0,168629413.0,0.015313973265297846,123.9,127.6,121.58,121.72,0.7120440354912915,1.009017543269273
688368,晶丰明源,2026-03-23,84.73,85.44,79.62,80.1,1922318.0,222077442.0,0.02172098929044239,119.0,120.0,111.82,112.5,0.712,1.3538596717834848
688368,晶丰明源,2026-03-24,82.24,82.6,79.04,81.73,1135538.0,128624221.0,0.012830868116976675,115.5,116.0,111.0,114.78,0.7120578497996167,0.7505578265788915
688368,晶丰明源,2026-03-25,81.62,85.67,81.62,85.08,1411046.0,167200568.0,0.01594393594312781,114.63,120.32,114.63,119.49,0.7120261109716295,0.9126777609995429
688368,晶丰明源,2026-03-26,85.3,85.3,82.45,83.43,1003283.0,117914348.0,0.011336469459414576,119.8,119.8,115.8,117.17,0.7120423316548605,0.6999241253486076
688368,晶丰明源,2026-03-27,82.04,90.79,81.31,87.99,2191360.0,268408220.0,0.024760995366793544,115.22,127.5,114.19,123.58,0.71200841560123,1.6048090371277597
688368,晶丰明源,2026-03-30,86.25,93.69,86.25,92.25,2594400.0,330572383.0,0.029315094908919197,121.13,131.58,121.13,129.56,0.7120253164556962,1.692689218892823
688368,晶丰明源,2026-03-31,92.28,93.46,89.0,89.0,1701052.0,217802435.0,0.019220822087961307,129.6,131.26,125.0,125.0,0.712,1.0203503587672529
688368,晶丰明源,2026-04-01,91.14,94.63,90.07,91.85,2056644.0,266487285.0,0.023238788950762878,128.0,132.9,126.5,129.0,0.7120155038759689,1.1552698693347292
688368,晶丰明源,2026-04-02,91.0,91.0,87.65,89.4,1427929.0,179049986.0,0.016134703267883934,127.8,127.8,123.1,125.56,0.7120101943294043,0.7478621757649392
688368,晶丰明源,2026-04-03,90.81,93.76,89.62,91.42,1736063.0,223096510.0,0.019616424457625264,127.53,131.68,125.87,128.39,0.7120492250175248,0.8705225001341338
688368,晶丰明源,2026-04-07,91.61,95.55,90.98,93.28,1827036.0,239810025.0,0.02064436237357851,128.66,134.19,127.78,131.0,0.7120610687022901,0.9599722070666012
688368,晶丰明源,2026-04-08,96.04,96.55,92.77,95.51,2559594.0,341468349.0,0.028921808910846485,134.88,135.59,130.29,134.13,0.7120703794825916,1.4628384665009435
688368,晶丰明源,2026-04-09,94.71,100.58,93.7,98.72,2543035.0,350797988.0,0.028734702583141893,133.01,141.26,131.6,138.64,0.712060011540681,1.3234956750442841
688368,晶丰明源,2026-04-10,99.69,105.63,98.97,100.26,2585417.0,372255761.0,0.02921359263572816,140.0,148.35,139.0,140.8,0.7120738636363636,1.2807137195171185
688368,晶丰明源,2026-04-13,99.31,103.85,99.31,103.19,2015086.0,289574116.0,0.022769209582036057,139.47,145.85,139.47,144.92,0.7120480264973779,0.8955026355095415
688368,晶丰明源,2026-04-14,103.1,106.45,102.19,103.47,2112240.0,308902665.0,0.023866988926308775,144.8,149.5,143.52,145.32,0.7120148637489678,0.9159623693254079
688368,晶丰明源,2026-04-15,103.47,105.22,101.39,101.69,1916883.0,276971715.0,0.02165957719484033,145.32,147.77,142.39,142.82,0.7120151239322224,0.8111818231368424
688368,晶丰明源,2026-04-16,100.6,105.6,99.69,104.09,1854232.0,269623497.0,0.02095166013843473,141.28,148.31,140.0,146.18,0.712067314270078,0.8298076886070381
688368,晶丰明源,2026-04-17,104.86,111.65,103.96,109.23,2461842.0,375169247.0,0.0278172725411515,147.26,156.8,146.0,153.41,0.7120135584381723,1.1741107138230982
688368,晶丰明源,2026-04-20,108.94,108.94,97.98,99.4,4790615.0,677436031.0,0.054130948734617615,153.0,153.0,137.6,139.6,0.7120343839541547,2.3120097201977976
688368,晶丰明源,2026-04-21,99.9,113.91,94.92,111.33,6370228.0,931944427.0,0.07197958619004569,140.3,159.98,133.31,156.36,0.712010744435917,2.424756079030364
688368,晶丰明源,2026-04-22,109.33,110.76,105.72,108.61,4955097.0,749572171.0,0.055989492305697185,153.55,155.55,148.48,152.54,0.7120099645994493,1.4243859881107062
688368,晶丰明源,2026-04-23,108.64,109.56,100.97,101.56,3864022.0,567053367.0,0.04366102823780133,152.58,153.87,141.8,142.63,0.7120521629390731,0.9455803035373802
688368,晶丰明源,2026-04-24,103.94,108.84,103.25,104.24,4252782.0,633514431.0,0.04805377272469288,145.98,152.85,145.0,146.4,0.7120218579234973,0.9475133995466675
688368,晶丰明源,2026-04-27,104.96,112.5,102.53,110.44,4266888.0,642479643.0,0.04821316168891782,147.41,158.0,144.0,155.1,0.7120567375886525,0.8803972014064937
688368,晶丰明源,2026-04-28,107.52,110.34,103.6,105.44,3694101.0,555718344.0,0.041741027373625235,151.0,154.96,145.5,148.08,0.7120475418692598,0.7790498020225807
688368,晶丰明源,2026-04-29,103.6,105.32,101.7,104.14,1964087.0,286560054.0,0.02219295282700215,145.5,147.91,142.83,146.25,0.712068376068376,0.46690849426778724
688368,晶丰明源,2026-04-30,104.68,111.58,104.68,109.87,4311923.0,657688332.0,0.0487220289797069,147.02,156.7,147.02,154.3,0.7120544394037589,1.194976077881019
688368,晶丰明源,2026-05-06,113.21,122.47,111.08,116.88,4812697.0,796208464.0,0.05438046150280245,159.0,172.0,156.0,164.15,0.712031678342979,1.3014478105500547
688368,晶丰明源,2026-05-07,117.49,120.83,115.36,118.18,3048496.0,507588841.0,0.03444609527037486,165.0,169.69,162.01,165.97,0.7120563957341689,0.8001429524124689
688368,晶丰明源,2026-05-08,118.25,119.25,114.1,116.24,2726353.0,444773611.0,0.030806081155649312,166.07,167.48,160.24,163.25,0.7120367534456356,0.7644850314929296
688368,晶丰明源,2026-05-11,119.34,121.45,115.74,119.81,3492223.0,583711055.0,0.03945993242680794,167.6,170.56,162.55,168.27,0.7120104593807571,1.035434934363784
688368,晶丰明源,2026-05-12,119.02,123.81,116.06,121.76,3373242.0,568041296.0,0.03811552165462242,167.16,173.88,163.0,171.0,0.712046783625731,0.9170559185092921
688368,晶丰明源,2026-05-13,116.28,118.63,115.39,117.66,3098878.0,509283103.0,0.0350153803118878,163.3,166.6,162.06,165.24,0.7120551924473493,0.887777472895651
688368,晶丰明源,2026-05-14,118.9,138.84,118.2,133.79,7005504.0,1254756859.0,0.07915780706321811,166.99,194.99,166.0,187.9,0.7120276742948376,2.225496709106795
688368,晶丰明源,2026-05-15,134.56,140.47,128.17,131.02,5059938.0,952270473.0,0.05717412993495482,188.98,197.28,180.0,184.0,0.7120652173913044,1.284495994151156
688368,晶丰明源,2026-05-18,131.8,147.94,131.73,137.46,5276167.0,1051782467.0,0.059617382192532944,185.1,207.77,185.0,193.05,0.712043512043512,1.197507601640234
688368,晶丰明源,2026-05-19,136.04,139.55,131.04,138.24,4092772.0,773171036.0,0.04624575995242331,191.06,195.99,184.03,194.15,0.7120267834148855,0.8593303467928102
688368,晶丰明源,2026-05-20,142.38,155.06,141.86,150.33,5470192.0,1145164504.0,0.061809743158345094,199.96,217.77,199.23,211.13,0.7120257661156634,1.1148522909247403
688368,晶丰明源,2026-05-21,152.16,153.08,140.28,141.02,5045884.0,1047518122.0,0.05701532853815789,213.69,214.99,197.01,198.05,0.7120424135319364,0.9377372389444725
688368,晶丰明源,2026-05-22,142.76,154.43,141.7,146.02,4591139.0,958171168.0,0.05187699488322555,200.49,216.88,199.0,205.07,0.7120495440581266,0.9202540890736496
688368,晶丰明源,2026-05-25,146.05,174.36,146.03,165.69,5199337.0,1193401708.0,0.05874925131762843,205.12,244.88,205.09,232.7,0.7120326600773529,1.062122954447827
688368,晶丰明源,2026-05-26,162.69,163.66,149.51,156.65,4811624.0,1050365623.0,0.054368337274912665,228.48,229.85,209.98,220.0,0.7120454545454545,0.9860158420782478
688368,晶丰明源,2026-05-27,159.5,177.83,159.5,169.11,5840933.0,1385888502.0,0.06599888423205293,224.0,249.75,224.0,237.5,0.7120421052631579,1.1626905154259608
688368,晶丰明源,2026-05-28,164.6,174.45,160.93,172.38,3808985.0,904507268.0,0.043039144612106686,231.16,245.0,226.01,242.1,0.7120198265179678,0.7471845508383114
688368,晶丰明源,2026-05-29,170.32,175.31,151.66,155.22,4874869.0,1095744197.0,0.05508296615924607,239.2,246.21,213.0,218.0,0.7120183486238532,1.0050439926277477
688368,晶丰明源,2026-06-01,157.36,160.79,144.9,145.32,4797682.0,1024425591.0,0.05421080140796071,221.0,225.81,203.5,204.09,0.7120388064089372,0.9776922227926371
688368,晶丰明源,2026-06-02,144.54,156.65,139.63,154.11,4966184.0,1040299994.0,0.05611476846097593,203.0,220.0,196.1,216.43,0.712054705909532,1.0288731380955565
688368,晶丰明源,2026-06-03,153.8,159.92,148.96,151.3,4111992.0,892615139.0,0.04646293391331963,216.0,224.6,209.2,212.49,0.7120335074591746,0.8464841586727762
688368,晶丰明源,2026-06-04,148.1,156.61,147.39,152.71,2455175.0,527506005.0,0.027741939617254737,208.0,219.94,207.0,214.47,0.7120343171539143,0.5441503419901814
688368,晶丰明源,2026-06-05,151.19,161.63,146.0,151.91,3502619.0,764998068.0,0.03957740071491815,212.33,227.0,205.05,213.34,0.7120558732539608,0.8258594706322796
688368,晶丰明源,2026-06-08,136.6,148.75,136.6,143.69,2700494.0,548473350.0,0.030513890653317464,191.84,208.91,191.84,201.8,0.712041625371655,0.6807858683816778
688368,晶丰明源,2026-06-09,148.0,172.43,145.03,172.43,5302814.0,866222415.0,0.0429255162905296,148.0,172.43,145.03,172.43,1.0,1.4948904133315413
688368,晶丰明源,2026-06-10,166.89,178.0,166.88,175.84,6456548.0,1114671007.0,0.05226482700592295,166.89,178.0,166.88,175.84,1.0,1.78623206408377
688368,晶丰明源,2026-06-11,175.0,196.12,172.34,187.68,5899417.0,1115372735.0,0.04775493172834786,175.0,196.12,172.34,187.68,1.0,1.444685602897493
688368,晶丰明源,2026-06-12,190.0,191.18,177.53,182.53,4918762.0,899776298.0,0.039816670613043934,190.0,191.18,177.53,182.53,1.0,1.0306730916391709
688368,晶丰明源,2026-06-15,187.28,203.79,180.2,201.02,5226799.0,1008917880.0,0.042310185803579724,187.28,203.79,180.2,201.02,1.0,1.0338618092743364
688368,晶丰明源,2026-06-16,199.0,206.0,197.25,201.5,3362895.0,674498965.0,0.027222151126899893,199.0,206.0,197.25,201.5,1.0,0.6047428207251099
688368,晶丰明源,2026-06-17,197.0,212.0,197.0,205.1,3530317.0,727015312.0,0.02857740812599378,197.0,212.0,197.0,205.1,1.0,0.68246588624582
688368,晶丰明源,2026-06-18,209.9,220.0,204.5,219.2,4422983.0,952452898.0,0.03580341094732636,209.9,220.0,204.5,219.2,1.0,0.9641089815717805
688368,晶丰明源,2026-06-22,226.0,226.0,202.0,208.69,4881583.0,1030028659.0,0.03951571195785339,226.0,226.0,202.0,208.69,1.0,1.1372748343611772
688368,晶丰明源,2026-06-23,206.66,216.8,200.0,207.36,3689126.0,776647736.0,0.029862944129440763,206.66,216.8,200.0,207.36,1.0,0.8609565547081746
688368,晶丰明源,2026-06-24,206.0,224.88,202.0,222.1,3562816.0,775561959.0,0.028840482854605026,206.0,224.88,202.0,222.1,1.0,0.8957693967849395
688368,晶丰明源,2026-06-25,219.81,231.2,212.9,225.58,3583651.0,791000726.0,0.029009139181587866,219.81,231.2,212.9,225.58,1.0,0.8920401805661173
688368,晶丰明源,2026-06-26,222.0,228.06,213.02,219.79,2816809.0,622339272.0,0.022801663535023175,222.0,228.06,213.02,219.79,1.0,0.6993015794959713
688368,晶丰明源,2026-06-29,220.0,227.68,198.0,208.9,5036878.0,1051953632.0,0.04077280263694147,220.0,227.68,198.0,208.9,1.0,1.35882218529906
688368,晶丰明源,2026-06-30,206.0,217.7,203.0,216.52,4163843.0,878420013.0,0.03370570993583928,206.0,217.7,203.0,216.52,1.0,1.113965599530854
688368,晶丰明源,2026-07-01,221.03,225.42,200.78,201.99,3704731.0,781643870.0,0.029989264358985628,221.03,225.42,200.78,201.99,1.0,0.966586198067136
688368,晶丰明源,2026-07-02,195.02,205.95,188.88,190.94,3540033.0,694675003.0,0.02865605774792636,195.02,205.95,188.88,190.94,1.0,0.9168261514918332
688368,晶丰明源,2026-07-03,191.89,194.75,181.7,187.99,3116852.0,585042898.0,0.025230468445842105,191.89,194.75,181.7,187.99,1.0,0.8090552454448053
688368,晶丰明源,2026-07-06,190.0,192.9,173.33,181.92,3048210.0,555368144.0,0.02467482133296684,190.0,192.9,173.33,181.92,1.0,0.7791016993521787
688368,晶丰明源,2026-07-07,180.8,185.5,176.0,179.69,2510942.0,453164830.0,0.020325714182238896,180.8,185.5,176.0,179.69,1.0,0.7144046015661272
688368,晶丰明源,2026-07-08,180.9,207.9,180.0,198.57,5415572.0,1055915122.0,0.0438382760754075,180.9,207.9,180.0,198.57,1.0,1.7007885549239836
688368,晶丰明源,2026-07-09,200.74,203.21,190.02,198.99,3457817.0,678312027.0,0.027990531058258914,200.74,203.21,190.02,198.99,1.0,0.9805732987840191
688368,晶丰明源,2026-07-10,197.69,202.49,180.9,181.02,3474948.0,669347342.0,0.028129204038222583,197.69,202.49,180.9,181.02,1.0,0.9900479178966475
688368,晶丰明源,2026-07-13,178.51,184.63,169.46,169.77,3409795.0,602304547.0,0.02760179987830355,178.51,184.63,169.46,169.77,1.0,0.9520583818311993
688368,晶丰明源,2026-07-14,169.68,173.0,162.08,171.16,2816345.0,474448378.0,0.022797907521789673,169.68,173.0,162.08,171.16,1.0,0.7707957721338258
688368,晶丰明源,2026-07-15,170.86,173.33,155.01,155.98,3400025.0,548562764.0,0.027522713134141213,170.86,173.33,155.01,155.98,1.0,0.9152411128453307
688368,晶丰明源,2026-07-16,153.74,156.46,138.59,140.8,3949645.0,582156216.0,0.031971807947498966,153.74,156.46,138.59,140.8,1.0,1.1926027225189066
688368,晶丰明源,2026-07-17,142.63,145.2,126.0,128.0,4468449.0,605596457.0,0.036171451675073026,142.63,145.2,126.0,128.0,1.0,1.3103373468792414
688368,晶丰明源,2026-07-20,133.0,138.58,116.31,120.01,4779041.0,609754760.0,0.03868564922296141,133.0,138.58,116.31,120.01,1.0,1.3242552658992537
688368,晶丰明源,2026-07-21,122.0,129.84,107.77,129.33,7172994.0,867107706.0,0.058064354284135006,122.0,129.84,107.77,129.33,1.0,1.8474237392990085
688368,晶丰明源,2026-07-22,128.0,136.92,126.11,127.5,6500721.0,851954762.0,0.05262240108472367,128.0,136.92,126.11,127.5,1.0,1.3674124702768018
688368,晶丰明源,2026-07-23,128.0,129.9,119.98,122.8,3960096.0,491908166.0,0.03205640728866996,128.0,129.9,119.98,122.8,1.0,0.7368758338496921
688368,晶丰明源,2026-07-24,120.34,124.97,118.0,119.5,3415909.0,414848668.0,0.027651291828539842,120.34,124.97,118.0,119.5,1.0,0.6353689875352387
688368,晶丰明源,2026-07-27,120.65,129.32,119.11,128.87,3952900.0,490816282.0,0.031998156704126236,120.65,129.32,119.11,128.87,1.0,0.7652128570936871
688368,晶丰明源,2026-07-28,127.5,128.24,114.61,115.36,3697523.0,448811644.0,0.029930916636168623,127.5,128.24,114.61,115.36,1.0,0.7394271080390775
688368,晶丰明源,2026-07-29,114.88,117.84,105.09,112.28,4373888.0,484262625.0,0.03540599398676852,114.88,117.84,105.09,112.28,1.0,1.0159004334480148
688368,晶丰明源,2026-07-30,111.6,112.53,100.0,103.23,3606994.0,378350911.0,0.02915755895614472,111.6,112.53,100.0,103.23,1.0,0.9296224865615591
688368,晶丰明源,2026-07-31,111.44,117.33,107.0,107.49,4143512.0,463532353.0,0.03349456512139835,111.44,117.33,107.0,107.49,1.0,1.0876950298348096
688368,晶丰明源,2026-08-03,105.04,108.0,96.09,96.59,5734267.0,573682218.0,0.04635361969628314,105.04,108.0,96.09,96.59,1.0,1.449891293557862
688368,晶丰明源,2026-08-04,96.66,107.33,95.95,107.3,5371657.0,550934966.0,0.04342241924153117,96.66,107.33,95.95,107.3,1.0,1.2459665866648755
688368,晶丰明源,2026-08-05,105.16,116.5,105.08,113.83,4340195.0,487059395.0,0.035084475215003,105.16,116.5,105.08,113.83,1.0,0.9341660755569511
688368,晶丰明源,2026-08-06,113.0,119.99,111.25,117.7,3736236.0,434323455.0,0.030202301818098482,113.0,119.99,111.25,117.7,1.0,0.805340432067165
688368,晶丰明源,2026-08-07,119.61,128.0,116.07,125.87,4984192.0,615223396.0,0.04029030047977481,119.61,128.0,116.07,125.87,1.0,1.068383010157779
688368,晶丰明源,2026-08-10,128.2,131.87,121.42,125.13,4057159.0,506428955.0,0.03279652052012095,128.2,131.87,121.42,125.13,1.0,0.8394163634548204
688368,晶丰明源,2026-08-11,123.23,126.58,121.0,124.3,2961102.0,367818473.0,0.02393641523666467,123.23,126.58,121.0,124.3,1.0,0.6583316729243447
688368,晶丰明源,2026-08-12,124.83,129.28,122.03,126.3,3048303.0,385564781.0,0.024641314745378787,124.83,129.28,122.03,126.3,1.0,0.7590817796447253
688368,晶丰明源,2026-08-13,129.89,132.0,123.0,123.74,2656275.0,339988863.0,0.02147231043806375,129.89,132.0,123.0,123.74,1.0,0.7069452629777029
688368,晶丰明源,2026-08-14,124.38,130.49,124.38,130.02,3122252.0,400905567.0,0.02523909015815961,124.38,130.49,124.38,130.02,1.0,0.8816418743492345
688368,晶丰明源,2026-08-17,131.32,135.17,127.08,134.34,3718126.0,489635132.0,0.030055907509514722,131.32,135.17,127.08,134.34,1.0,1.173273791863991
688368,晶丰明源,2026-08-18,134.41,141.85,133.0,137.54,4279465.0,589358498.0,0.03459355713878589,134.41,141.85,133.0,137.54,1.0,1.3799332493145582
688368,晶丰明源,2026-08-19,133.0,136.28,123.34,124.65,4812121.0,615394132.0,0.03889934437418029,133.0,136.28,123.34,124.65,1.0,1.4301000313770085
688368,晶丰明源,2026-08-20,126.25,131.45,124.0,129.41,3604252.0,460929349.0,0.029135393677617017,126.25,131.45,124.0,129.41,1.0,0.9694979712709741
688368,晶丰明源,2026-08-21,128.0,135.0,126.18,126.84,3857560.0,497076941.0,0.03118303859858531,128.0,135.0,126.18,126.84,1.0,0.9872843338750963
688368,晶丰明源,2026-08-24,126.68,126.99,117.35,122.0,4594018.0,556042257.0,0.03713628319886034,126.68,126.99,117.35,122.0,1.0,1.1331210223760186
688368,晶丰明源,2026-08-25,116.0,120.17,111.16,118.24,4415098.0,513747242.0,0.03568996239865013,116.0,120.17,111.16,118.24,1.0,1.043885929136685
688368,晶丰明源,2026-08-26,117.97,120.88,113.0,116.9,3490353.0,407620521.0,0.02821467775528781,117.97,120.88,113.0,116.9,1.0,0.819984251316623
688368,晶丰明源,2026-08-27,118.48,140.28,115.77,140.28,6145950.0,794789891.0,0.049681507500849084,118.48,140.28,115.77,140.28,1.0,1.5394678327508138
688368,晶丰明源,2026-08-28,144.53,150.62,137.99,141.5,10124502.0,1460764442.0,0.0818425991189908,144.53,150.62,137.99,141.5,1.0,2.249591487420399
688368,晶丰明源,2026-08-31,140.14,153.3,137.01,150.75,7513199.0,1118325473.0,0.060733825116356596,140.14,153.3,137.01,150.75,1.0,1.3057385524277247
688368,晶丰明源,2026-09-01,147.24,156.7,147.24,152.55,6182196.0,935388280.0,0.049974506292065374,147.24,156.7,147.24,152.55,1.0,0.9754451230583939
688368,晶丰明源,2026-09-02,147.24,155.88,147.24,151.99,4910474.0,750093292.0,0.039694392382581115,147.24,155.88,147.24,151.99,1.0,0.7338660696672067
688368,晶丰明源,2026-09-03,155.22,157.3,149.5,154.52,4418395.0,675612782.0,0.03571661408475729,155.22,157.3,149.5,154.52,1.0,0.6334376553077373
688368,晶丰明源,2026-09-04,157.55,158.2,144.99,146.61,4247203.0,640934655.0,0.03433276347873457,157.55,158.2,144.99,146.61,1.0,0.6406276179330477
688368,晶丰明源,2026-09-07,150.6,151.99,144.44,150.7,3395288.0,506817743.0,0.027446208680438806,150.6,151.99,144.44,150.7,1.0,0.6224982323099817
688368,晶丰明源,2026-09-08,150.0,151.49,145.0,145.91,3015722.0,444803774.0,0.024377942411421438,150.0,151.49,145.0,145.91,1.0,0.6512438089423499
688368,晶丰明源,2026-09-09,148.8,154.98,143.2,144.0,2987069.0,442139186.0,0.02414632252606249,148.8,154.98,143.2,144.0,1.0,0.7472498987095766
