股票代码,股票名称,最新收盘,ret1,ret5,ret10,ret20,ret40,ret60,ret120,amp5,距20日高点,前10日区间振幅,振幅收敛比,近5日平均成交量,前10日平均成交量,成交量收敛比,近5日平均换手率,前10日平均换手率,换手率收敛比,流动性收敛证据,MA5_3日斜率,MA10_3日斜率,短期下行停止证据,整理证据可用项,整理收敛支持项,整理成熟度状态,距250日高点,250日位置,MA20距离,MA30_5日斜率,MA60_10日斜率,MA120_20日斜率,距稳健5日上沿,近5日低点,近10日低点,距近5日低点,距近10日低点,基础整理条件,振幅收敛,成交量收敛,换手率收敛,流动性收敛,短期下行停止,整理成熟,中期趋势仍活,均线趋势辅助,稳健上沿核心区,稳健上沿宽区,适度重新加速,整理成熟贡献,振幅收敛贡献,流动性收敛贡献,短期止跌贡献,40日趋势贡献,均线趋势辅助贡献,稳健上沿贡献,重新加速辅助贡献,阶段2分,阶段2通过,阶段2风险提示,阶段2规则说明,阶段排名,本阶段入选,阶段软容量下限,阶段软容量上限,实际入选数,边界分数,决策说明
002041,登海种业,11.58,0.05464480874316946,0.07222222222222219,0.13640824337585866,0.2924107142857142,0.4087591240875912,0.3310344827586209,,0.16584887144259092,-0.025252525252525304,0.3363329583802025,0.4931091863293087,74435247.2,80432772.7,0.9254343062078724,0.08458550818181815,0.09140087806818176,0.9254343062078727,True,-0.004287245444801746,0.03122676579925643,True,3,3,收敛较充分,-0.050819672131147464,0.8606741573033709,0.13651977622926692,0.049215714491293694,0.05110765643218018,,-0.014468085106382977,10.19,10.16,0.13640824337585866,0.13976377952755903,True,True,True,True,True,True,True,True,True,True,True,True,3,1,1,1,3,1,4,1,15,True,,核心：振幅、流动性（成交量/换手合并）与短期止跌三类证据中至少两类支持+40日趋势仍活；缺失量价/换手必须明示；2%-6%单日加速仅为中等证据,1,True,30,50,34,14,入选：阶段2分=15；软容量30-50只，本次实际34只
002229,鸿博股份,12.37,0.024855012427506207,0.014766201804758072,0.15932521087160256,0.15932521087160256,0.3117709437963945,-0.06992481203007528,,0.041911148365465216,-0.12887323943661977,0.3184466019417475,0.13161122809886946,50803695.2,65512427.1,0.7754818047338076,0.10301575985322584,0.13284097605434741,0.7754818047338075,True,0.015194523292703321,0.035720539310103216,True,3,3,收敛较充分,-0.3870168483647176,0.3278829604130808,0.03358957219251324,0.03729048595200757,-0.034106974552309266,,0.0,11.93,10.3,0.03688181056160933,0.20097087378640754,True,True,True,True,True,True,True,True,True,True,True,True,3,1,1,1,3,1,4,1,15,True,,核心：振幅、流动性（成交量/换手合并）与短期止跌三类证据中至少两类支持+40日趋势仍活；缺失量价/换手必须明示；2%-6%单日加速仅为中等证据,1,True,30,50,34,14,入选：阶段2分=15；软容量30-50只，本次实际34只
002329,皇氏集团,4.04,0.03856041131105403,0.02020202020202011,0.112947658402204,0.1642651296829971,0.24691358024691357,0.2784810126582278,,0.07611548556430435,-0.1422505307855626,0.3137829912023461,0.24257365025633437,41247448.6,96069499.3,0.4293500944685365,0.0633118572574083,0.147459749218823,0.42935009446853617,True,-0.004515805318615063,0.024377593360995764,True,3,3,收敛较充分,-0.17886178861788615,0.6271186440677966,0.01443816698053979,0.03623725671918443,0.015295227690321322,,-0.0024691358024691024,3.81,3.64,0.06036745406824151,0.10989010989010994,True,True,True,True,True,True,True,True,True,True,True,True,3,1,1,1,3,1,4,1,15,True,,核心：振幅、流动性（成交量/换手合并）与短期止跌三类证据中至少两类支持+40日趋势仍活；缺失量价/换手必须明示；2%-6%单日加速仅为中等证据,1,True,30,50,34,14,入选：阶段2分=15；软容量30-50只，本次实际34只
002476,新叶股份,5.29,0.029182879377432025,0.0372549019607844,0.04752475247524757,0.14008620689655182,0.23023255813953503,-0.005639097744360999,,0.051383399209486307,-0.005639097744360999,0.08823529411764705,0.5823451910408448,8262456.0,12693797.0,0.6509050050193808,0.01350074509803914,0.02074149836601303,0.6509050050193784,True,0.010208087946603772,0.011060635986569478,True,3,3,收敛较充分,-0.15359999999999996,0.5714285714285715,0.06717772846479741,0.034144935888200445,-0.0030068878710536318,,0.025193798449612448,5.06,4.99,0.045454545454545636,0.060120240480961984,True,True,True,True,True,True,True,True,True,True,True,True,3,1,1,1,3,1,4,1,15,True,,核心：振幅、流动性（成交量/换手合并）与短期止跌三类证据中至少两类支持+40日趋势仍活；缺失量价/换手必须明示；2%-6%单日加速仅为中等证据,1,True,30,50,34,14,入选：阶段2分=15；软容量30-50只，本次实际34只
002655,共达电声,38.85,0.03023070803500394,-0.008169517487873423,0.09807801017524032,0.24240486088903102,0.16736778846153855,0.17018072289156616,,0.09262295081967215,-0.047093451066961056,0.2133928571428572,0.4340489745524384,23641335.2,37473080.4,0.6308884924229501,0.06507886292396244,0.10315477558644852,0.6308856042192957,True,-0.00681050168962849,0.020575692963752612,True,3,3,收敛较充分,-0.2630880121396054,0.6203120722693676,0.06830556013859113,0.06430429128738613,0.010348391047660721,,-0.016455696202531622,36.6,33.6,0.061475409836065475,0.15625,True,True,True,True,True,True,True,True,True,True,True,True,3,1,1,1,3,1,4,1,15,True,,核心：振幅、流动性（成交量/换手合并）与短期止跌三类证据中至少两类支持+40日趋势仍活；缺失量价/换手必须明示；2%-6%单日加速仅为中等证据,1,True,30,50,34,14,入选：阶段2分=15；软容量30-50只，本次实际34只
002951,金时科技,16.38,0.03539823008849541,0.040000000000000036,0.016129032258064502,0.0588235294117645,0.2542113323124042,0.040000000000000036,,0.0752895752895754,-0.16725978647686846,0.22582781456953654,0.333393720490495,5153060.0,8278813.0,0.6224394729051134,0.0128466186390713,0.020639145167179483,0.6224394729051126,True,0.0016233766233768598,-0.0026054590570721015,True,3,3,收敛较充分,-0.33924969745865274,0.4122990915443745,0.00021372088052995508,0.05099913906384512,-0.03930350432578866,,0.0006108735491752171,15.54,15.1,0.054054054054053946,0.08476821192052975,True,True,True,True,True,True,True,True,True,True,True,True,3,1,1,1,3,1,4,1,15,True,,核心：振幅、流动性（成交量/换手合并）与短期止跌三类证据中至少两类支持+40日趋势仍活；缺失量价/换手必须明示；2%-6%单日加速仅为中等证据,1,True,30,50,34,14,入选：阶段2分=15；软容量30-50只，本次实际34只
300839,博汇股份,13.19,0.043512658227848,0.028059236165237644,-0.06586402266288949,0.22016651248843644,0.14895470383275256,-0.10211027910142956,,0.09813463098134624,-0.0711267605633803,0.3759689922480619,0.26101788446584884,18769997.8,19891917.6,0.9435992133810166,0.06628259459330725,0.07024443604166397,0.9435992133810166,True,0.003765296517100891,0.012652222046497075,True,3,3,收敛较充分,-0.3640308582449373,0.3388791593695271,0.09857160704618328,0.040445504210558036,-0.03396558117815085,,0.003041825095057016,12.33,12.33,0.0697485806974858,0.0697485806974858,True,True,True,True,True,True,True,True,True,True,True,True,3,1,1,1,3,1,4,1,15,True,,核心：振幅、流动性（成交量/换手合并）与短期止跌三类证据中至少两类支持+40日趋势仍活；缺失量价/换手必须明示；2%-6%单日加速仅为中等证据,1,True,30,50,34,14,入选：阶段2分=15；软容量30-50只，本次实际34只
301227,森鹰窗业,35.17,0.03776925346709947,0.05079175380938161,0.1569078947368423,0.3906682483194941,0.6660350544765514,0.3118239462886985,,0.11499999999999999,-0.014293721973094087,0.3421259842519687,0.3361334867663979,2440237.8,3247972.8,0.751311033146583,0.03301703971902418,0.04394590024952085,0.7513110331465828,True,0.04118656533464082,0.04236078058067583,True,3,3,收敛较充分,-0.014293721973094087,0.974702380952381,0.17051902883863357,0.11576606442344861,0.06545311810019117,,0.013252664938058212,32.0,29.91,0.09906250000000005,0.17586091608157806,True,True,True,True,True,True,True,True,True,True,True,True,3,1,1,1,3,1,4,1,15,True,,核心：振幅、流动性（成交量/换手合并）与短期止跌三类证据中至少两类支持+40日趋势仍活；缺失量价/换手必须明示；2%-6%单日加速仅为中等证据,1,True,30,50,34,14,入选：阶段2分=15；软容量30-50只，本次实际34只
301251,威尔高,55.64,0.03651266766020855,0.0007194244604316058,0.16134418701732423,0.29727209139659605,0.19887955182072847,0.2017278617710585,,0.07699619771863113,-0.017828773168579004,0.24711111111111106,0.3115853324944606,7402539.2,9114673.3,0.8121562843069756,0.08799513548273122,0.12058084532332221,0.7297604793429956,True,0.03991803900736124,0.04124142879923465,True,3,3,收敛较充分,-0.08667104399212078,0.8462882096069869,0.12640699651793663,0.09206595474276646,0.015247114178401633,,-0.01522123893805305,52.6,45.0,0.05779467680608352,0.23644444444444446,True,True,True,True,True,True,True,True,True,True,True,True,3,1,1,1,3,1,4,1,15,True,,核心：振幅、流动性（成交量/换手合并）与短期止跌三类证据中至少两类支持+40日趋势仍活；缺失量价/换手必须明示；2%-6%单日加速仅为中等证据,1,True,30,50,34,14,入选：阶段2分=15；软容量30-50只，本次实际34只
600475,华光环能,15.54,0.04365345869711201,0.039464882943143875,0.06804123711340204,0.06584362139917688,0.18174904942965764,0.07841776544066614,,0.059580230196343995,-0.010191082802547768,0.08952116585704366,0.6655435016506338,8793558.8,10511116.0,0.8365961140567758,0.009326218999333221,0.011147815346773528,0.8365961140567757,True,0.000263817438332703,0.007099727954349433,True,3,3,收敛较充分,-0.27110694183864925,0.3662280701754385,0.037279311150418826,0.024356186333981844,0.0045292262186735766,,0.01237785016286641,14.77,14.5,0.05213270142180093,0.07172413793103449,True,True,True,True,True,True,True,True,True,True,True,True,3,1,1,1,3,1,4,1,15,True,,核心：振幅、流动性（成交量/换手合并）与短期止跌三类证据中至少两类支持+40日趋势仍活；缺失量价/换手必须明示；2%-6%单日加速仅为中等证据,1,True,30,50,34,14,入选：阶段2分=15；软容量30-50只，本次实际34只
601886,江河集团,13.75,0.021545319465081647,0.0029175784099197966,0.03930461073318203,0.510989010989011,0.7973856209150325,0.5363128491620113,,0.08443067389620448,-0.03169014084507038,0.1639344262295082,0.5150271107668473,21612316.0,31461066.7,0.6869543301276558,0.019075266288571376,0.027767881286994263,0.6869543301276545,True,0.010228640192538885,0.010908264525415046,True,3,3,收敛较充分,-0.03169014084507038,0.9354375896700144,0.08216590587124206,0.08070108470910076,0.08604548302679582,,-0.017857142857142905,12.91,12.81,0.06506584043377228,0.07338017174082734,True,True,True,True,True,True,True,True,True,True,True,True,3,1,1,1,3,1,4,1,15,True,,核心：振幅、流动性（成交量/换手合并）与短期止跌三类证据中至少两类支持+40日趋势仍活；缺失量价/换手必须明示；2%-6%单日加速仅为中等证据,1,True,30,50,34,14,入选：阶段2分=15；软容量30-50只，本次实际34只
603848,好太太,13.88,0.02359882005899716,-0.002873563218390718,0.08522283033620037,0.033507073715562274,0.018341892883345645,-0.007862759113652529,,0.04444444444444442,-0.05320600272851295,0.15615141955835965,0.2846240179573511,2536280.0,5634812.5,0.4501090320219173,0.006302780722153839,0.01400278660004082,0.45010903202191666,True,-0.004327131112072613,0.011852179034157917,True,3,3,收敛较充分,-0.22846025569760964,0.29259896729776275,0.018229835307926656,0.016708122911484713,-0.003988548217387922,,-0.011396011396011319,13.5,12.69,0.028148148148148255,0.09377462568951933,True,True,True,True,True,True,True,True,True,True,True,True,3,1,1,1,3,1,4,1,15,True,,核心：振幅、流动性（成交量/换手合并）与短期止跌三类证据中至少两类支持+40日趋势仍活；缺失量价/换手必须明示；2%-6%单日加速仅为中等证据,1,True,30,50,34,14,入选：阶段2分=15；软容量30-50只，本次实际34只
603880,南卫股份,10.23,0.05791106514994837,0.07345225603357819,0.1785714285714286,0.3285714285714285,0.4978038067349928,0.3496042216358839,,0.09722222222222224,-0.003894839337877265,0.28481012658227844,0.3413580246913581,11659109.8,18895493.2,0.6170312506053032,0.04033707834847529,0.06537282886224144,0.6170312506053031,True,0.027812630698452523,0.045827408946735426,True,3,3,收敛较充分,-0.003894839337877265,0.9919517102615696,0.1374881859120478,0.08426794675976423,0.03786784618162131,,0.026078234704112413,9.36,8.6,0.09294871794871806,0.1895348837209303,True,True,True,True,True,True,True,True,True,True,True,True,3,1,1,1,3,1,4,1,15,True,,核心：振幅、流动性（成交量/换手合并）与短期止跌三类证据中至少两类支持+40日趋势仍活；缺失量价/换手必须明示；2%-6%单日加速仅为中等证据,1,True,30,50,34,14,入选：阶段2分=15；软容量30-50只，本次实际34只
603955,大千生态,21.73,0.026452527161076933,0.06000000000000005,0.13531870428422144,0.05281007751937983,0.21261160714285698,-0.12765957446808507,,0.08663366336633664,-0.017186793306196213,0.20687772925764186,0.4187674704145878,2712304.0,3455337.6,0.7849606359737468,0.01998455643972882,0.025459310344827533,0.7849606359737471,True,0.02866927592954993,0.03609585621567657,True,3,3,收敛较充分,-0.22806394316163403,0.44892703862660954,0.07223921839534198,0.031006426910980434,-0.025097820926310965,,0.006484483557202436,20.2,19.02,0.07574257425742581,0.14248159831756047,True,True,True,True,True,True,True,True,True,True,True,True,3,1,1,1,3,1,4,1,15,True,,核心：振幅、流动性（成交量/换手合并）与短期止跌三类证据中至少两类支持+40日趋势仍活；缺失量价/换手必须明示；2%-6%单日加速仅为中等证据,1,True,30,50,34,14,入选：阶段2分=15；软容量30-50只，本次实际34只
000026,飞亚达,21.13,0.069873417721519,0.04037419990152635,0.07204464738711303,0.10802307288935498,0.20125071063104039,0.03527682508574226,,0.11196712891628145,-0.10504023718763233,0.24002100840336138,0.46648886970809594,10844075.2,11875241.0,0.913166747521166,0.02975562533481188,0.03258509512702351,0.9131667475211668,True,-0.0017855371490924643,-0.006789333858112867,True,3,3,收敛较充分,-0.23552821997105644,0.5565395095367847,0.02069898316547114,0.035691375623663424,-0.01263648423415753,,0.022254475084663605,19.47,19.1,0.0852593733949667,0.1062827225130889,True,True,True,True,True,True,True,True,True,True,True,False,3,1,1,1,3,1,4,0,14,True,,核心：振幅、流动性（成交量/换手合并）与短期止跌三类证据中至少两类支持+40日趋势仍活；缺失量价/换手必须明示；2%-6%单日加速仅为中等证据,15,True,30,50,34,14,入选：阶段2分=14；软容量30-50只，本次实际34只
000523,红棉股份,3.6,0.06824925816023741,0.06824925816023741,0.17263843648208477,0.21212121212121215,0.358490566037736,0.22033898305084731,,0.1557632398753894,-0.029649595687331498,0.22635135135135134,0.6881480448226158,80536447.6,125707948.7,0.6406631277724445,0.04487165003745828,0.07003938277745889,0.6406631277724443,True,-0.0017492711370260539,0.015540944411237101,True,3,3,收敛较充分,-0.04255319148936165,0.8730158730158732,0.1124845488257109,0.03977335851572028,0.02058189026878887,,0.022727272727272707,3.21,3.09,0.12149532710280386,0.16504854368932054,True,True,True,True,True,True,True,True,True,True,True,False,3,1,1,1,3,1,4,0,14,True,,核心：振幅、流动性（成交量/换手合并）与短期止跌三类证据中至少两类支持+40日趋势仍活；缺失量价/换手必须明示；2%-6%单日加速仅为中等证据,15,True,30,50,34,14,入选：阶段2分=14；软容量30-50只，本次实际34只
000721,西安饮食,7.59,0.04979253112033177,0.09999999999999987,0.18593749999999987,0.12444444444444436,0.3825136612021858,0.23817292006525292,,0.10144927536231874,-0.001315789473684159,0.15905511811023634,0.6378246520304193,50543515.6,18477077.2,2.7354713655685763,0.0986483824191939,0.03606266315227521,2.7354713655685776,False,0.03284671532846706,0.03655162370758713,True,3,2,部分收敛/待确认,-0.10705882352941176,0.7120253164556962,0.10819097678493228,0.041718170580964165,0.023112859601672087,,0.0,6.9,6.37,0.09999999999999987,0.1915227629513343,True,True,False,False,False,True,True,True,True,True,True,True,3,1,0,1,3,1,4,1,14,True,,核心：振幅、流动性（成交量/换手合并）与短期止跌三类证据中至少两类支持+40日趋势仍活；缺失量价/换手必须明示；2%-6%单日加速仅为中等证据,15,True,30,50,34,14,入选：阶段2分=14；软容量30-50只，本次实际34只
000887,中鼎股份,21.32,0.03696498054474717,-0.0023397285914834587,0.01186521120075934,0.1063829787234043,0.07405541561712847,0.04869650762420075,,0.08819133034379668,-0.10004221190375695,0.1342013019529294,0.6571570399125447,35089618.4,56273360.5,0.6235564766031699,0.026696898261741965,0.042813921855440584,0.6235564766031695,True,-0.0003797228023544319,-0.010896226415094246,False,3,2,部分收敛/待确认,-0.10004221190375695,0.6865079365079365,0.0006570918989956542,0.03608397351446602,-0.001088419049904421,,-0.01751152073732709,20.07,19.97,0.06228201295465863,0.0676014021031548,True,True,True,True,True,False,True,True,True,True,True,True,3,1,1,0,3,1,4,1,14,True,,核心：振幅、流动性（成交量/换手合并）与短期止跌三类证据中至少两类支持+40日趋势仍活；缺失量价/换手必须明示；2%-6%单日加速仅为中等证据,15,True,30,50,34,14,入选：阶段2分=14；软容量30-50只，本次实际34只
001268,联合精密,26.02,0.05088852988691439,0.0038580246913579863,0.16057091882247976,0.3316274309109519,0.1293402777777779,-0.10306790761806284,,0.10388548057259711,-0.0359392367543534,0.36734693877551017,0.2827993637809588,4417748.8,7762610.0,0.5691061125059741,0.04682913285799868,0.08228541537147369,0.5691061125059738,True,-0.012326656394453184,0.0549271672440419,False,3,2,部分收敛/待确认,-0.22467222884386184,0.5766423357664232,0.14273166447079477,0.06117365746737091,-0.02219073260592308,,-0.014020462296324365,24.45,22.08,0.06421267893660532,0.17844202898550732,True,True,True,True,True,False,True,True,True,True,True,True,3,1,1,0,3,1,4,1,14,True,,核心：振幅、流动性（成交量/换手合并）与短期止跌三类证据中至少两类支持+40日趋势仍活；缺失量价/换手必须明示；2%-6%单日加速仅为中等证据,15,True,30,50,34,14,入选：阶段2分=14；软容量30-50只，本次实际34只
002734,利民股份,16.9,0.005952380952380931,0.03680981595092003,0.1583276216586702,0.020531400966183666,0.12441783100465731,0.11184210526315774,,0.05781057810578091,-0.01744186046511631,0.14225941422594138,0.4063743578612248,15129067.6,17171068.7,0.8810789744263268,0.03505300537990904,0.03942363184001885,0.8891368893194362,True,0.020114592222357786,0.04187711783134063,True,3,3,收敛较充分,-0.23839567372690407,0.4957102001906576,0.07458510841228438,0.0431437519858382,0.00038284839203694965,,-0.011117612638970265,16.26,14.42,0.03936039360393595,0.1719833564493758,True,True,True,True,True,True,True,True,True,True,True,False,3,1,1,1,3,1,4,0,14,True,,核心：振幅、流动性（成交量/换手合并）与短期止跌三类证据中至少两类支持+40日趋势仍活；缺失量价/换手必须明示；2%-6%单日加速仅为中等证据,15,True,30,50,34,14,入选：阶段2分=14；软容量30-50只，本次实际34只
002913,奥士康,65.11,0.06737704918032783,0.016549570647931278,0.1323478260869566,0.17675763600216876,0.3032425940752601,0.16831150188408395,,0.09950248756218906,-0.017948717948717885,0.17766404679217704,0.5600597833875886,5888564.8,6174777.5,0.9536480950123304,0.019279025485304503,0.020216079270892102,0.9536480950123298,True,0.024275338611529085,0.021613276727132202,True,3,3,收敛较充分,-0.07854514576846872,0.8419253773853603,0.09588810529682057,0.05859276866291796,0.02352012774234513,,0.006959480358800008,60.3,54.71,0.07976782752902167,0.19009321878998353,True,True,True,True,True,True,True,True,True,True,True,False,3,1,1,1,3,1,4,0,14,True,,核心：振幅、流动性（成交量/换手合并）与短期止跌三类证据中至少两类支持+40日趋势仍活；缺失量价/换手必须明示；2%-6%单日加速仅为中等证据,15,True,30,50,34,14,入选：阶段2分=14；软容量30-50只，本次实际34只
300063,天龙集团,9.51,0.024784482758620774,0.04505494505494512,0.1071012805587892,0.0031645569620253333,0.19622641509433958,0.02922077922077926,,0.11617312072892955,-0.15089285714285716,0.14319526627218945,0.8112916282309537,65621569.8,34975053.3,1.8762393079755508,0.1047152247824886,0.05581123065557962,1.8762393079755515,False,0.022631462169957928,0.013845114813147097,True,3,2,部分收敛/待确认,-0.31484149855907784,0.34776119402985073,0.03843633981218608,0.029753128426146302,-0.016241299303944023,,-0.0020986358866735833,8.78,8.45,0.08314350797266523,0.12544378698224867,True,True,False,False,False,True,True,True,True,True,True,True,3,1,0,1,3,1,4,1,14,True,,核心：振幅、流动性（成交量/换手合并）与短期止跌三类证据中至少两类支持+40日趋势仍活；缺失量价/换手必须明示；2%-6%单日加速仅为中等证据,15,True,30,50,34,14,入选：阶段2分=14；软容量30-50只，本次实际34只
300765,石药创新,45.42,0.0350957155879672,0.027601809954751033,0.003978779840848823,0.1137812653261403,0.20958721704394145,0.9552303056392597,,0.08418843283582088,-0.12282734646581694,0.22295701464336318,0.37759939049456115,18972935.0,38737475.2,0.4897824368274781,0.013507781796175618,0.027579146944653833,0.4897824368274769,True,-0.008949641569081512,-0.0271068635968722,False,3,2,部分收敛/待确认,-0.12282734646581694,0.7827868852459017,0.016061921166838244,0.02358422594745191,0.09770306822085773,,0.008660892738174608,42.88,42.64,0.059235074626865725,0.0651969981238274,True,True,True,True,True,False,True,True,True,True,True,True,3,1,1,0,3,1,4,1,14,True,,核心：振幅、流动性（成交量/换手合并）与短期止跌三类证据中至少两类支持+40日趋势仍活；缺失量价/换手必须明示；2%-6%单日加速仅为中等证据,15,True,30,50,34,14,入选：阶段2分=14；软容量30-50只，本次实际34只
301106,骏成科技,19.98,0.05491024287222812,-0.015763546798029604,-0.04218600191754551,0.17116060961313018,0.2072507552870091,0.032024793388429895,,0.09724473257698525,-0.2140047206923682,0.34639830508474595,0.2807309711090949,6596844.4,12496414.9,0.527898957644244,0.046144438408833637,0.08741149748571928,0.5278989576442438,True,-0.026972826631906366,-0.043837602706621515,False,3,2,部分收敛/待确认,-0.2802593659942363,0.45249824067558053,0.005283018867924483,0.04056927553532774,-0.025755375786489676,,-0.016248153618906858,18.51,18.51,0.0794165316045381,0.0794165316045381,True,True,True,True,True,False,True,True,True,True,True,True,3,1,1,0,3,1,4,1,14,True,,核心：振幅、流动性（成交量/换手合并）与短期止跌三类证据中至少两类支持+40日趋势仍活；缺失量价/换手必须明示；2%-6%单日加速仅为中等证据,15,True,30,50,34,14,入选：阶段2分=14；软容量30-50只，本次实际34只
301127,武汉天源,18.32,0.05590778097982696,0.007700770077007757,-0.010799136069114423,0.2428765264586159,0.11503347534996955,0.4991816693944353,,0.10769230769230771,-0.09842519685039375,0.2779874213836478,0.3873999303863558,29373658.6,39907006.3,0.7360526715330186,0.04488453405747192,0.060980057261375564,0.7360526715330183,True,-0.03787059078121613,-0.010262747837300412,False,3,2,部分收敛/待确认,-0.14512365842277175,0.6783867631851086,0.028231464331818,0.005705352066921243,0.05309588419195421,,-0.012398921832884158,16.9,15.9,0.08402366863905342,0.1522012578616352,True,True,True,True,True,False,True,True,True,True,True,True,3,1,1,0,3,1,4,1,14,True,,核心：振幅、流动性（成交量/换手合并）与短期止跌三类证据中至少两类支持+40日趋势仍活；缺失量价/换手必须明示；2%-6%单日加速仅为中等证据,15,True,30,50,34,14,入选：阶段2分=14；软容量30-50只，本次实际34只
301366,一博科技,57.79,0.04635162049610719,-0.0015549412577747779,0.053216694004009524,0.07117701575532887,0.22488342518016102,0.2737491734626405,,0.10074626865671639,-0.036833333333333385,0.10054706659120931,1.0019811822687674,7616238.0,9349574.3,0.8146079977138637,0.0650980765555441,0.07991337764696264,0.814607997713864,True,-0.007104098243609913,0.0016884609857736876,True,3,2,部分收敛/待确认,-0.10927866831072741,0.7980056980056981,0.03612729717615415,0.05831290849673221,0.02973771641317602,,-0.009427494000685654,53.6,53.01,0.07817164179104474,0.09017166572344837,True,False,True,True,True,True,True,True,True,True,True,True,3,0,1,1,3,1,4,1,14,True,,核心：振幅、流动性（成交量/换手合并）与短期止跌三类证据中至少两类支持+40日趋势仍活；缺失量价/换手必须明示；2%-6%单日加速仅为中等证据,15,True,30,50,34,14,入选：阶段2分=14；软容量30-50只，本次实际34只
600186,莲花控股,12.55,0.056397306397306446,0.08470181503889362,0.10767872903795239,0.1534926470588236,0.1357466063348416,0.08470181503889362,,0.15531335149863768,-0.06203288490284009,0.23888888888888887,0.6501489132501113,286878865.2,231833280.2,1.2374360788602603,0.16034471267151476,0.12957817814654324,1.2374360788602605,False,0.02743227125575043,0.024575977847006047,True,3,2,部分收敛/待确认,-0.21217827997489014,0.6565040650406505,0.06799421325844612,0.05548709300817212,0.01800522634925894,,0.017842660178426728,11.01,10.8,0.13987284287011814,0.16203703703703698,True,True,False,False,False,True,True,True,True,True,True,True,3,1,0,1,3,1,4,1,14,True,,核心：振幅、流动性（成交量/换手合并）与短期止跌三类证据中至少两类支持+40日趋势仍活；缺失量价/换手必须明示；2%-6%单日加速仅为中等证据,15,True,30,50,34,14,入选：阶段2分=14；软容量30-50只，本次实际34只
600313,农发种业,7.8,0.06703146374829005,0.08635097493036215,0.1729323308270676,0.3265306122448979,0.5116279069767442,0.32427843803056033,,0.16176470588235303,-0.012658227848101333,0.2515923566878981,0.6429635145197323,131160344.0,156674952.1,0.837149411836329,0.12119802812951726,0.14477466795761507,0.8371494118363288,True,0.010557661072008617,0.031488280146851455,True,3,3,收敛较充分,-0.2024539877300613,0.5857740585774059,0.14764952549106147,0.05497811816192555,0.03816927753097965,,-0.007633587786259555,6.8,6.62,0.1470588235294117,0.17824773413897277,True,True,True,True,True,True,True,True,True,True,True,False,3,1,1,1,3,1,4,0,14,True,,核心：振幅、流动性（成交量/换手合并）与短期止跌三类证据中至少两类支持+40日趋势仍活；缺失量价/换手必须明示；2%-6%单日加速仅为中等证据,15,True,30,50,34,14,入选：阶段2分=14；软容量30-50只，本次实际34只
600368,五洲交通,4.36,0.004608294930875667,0.004608294930875667,0.07389162561576379,0.07125307125307123,0.1815718157181574,0.2011019283746558,,0.032710280373831696,-0.013574660633484115,0.12755102040816327,0.2564485981308405,33048232.0,34171771.2,0.9671208380325336,0.02053126629414754,0.02122926679556962,0.967120838032534,True,0.0,0.02273265451101092,True,3,3,收敛较充分,-0.013574660633484115,0.9482758620689659,0.050475846283580594,0.025270758122743597,0.025697175545227102,,-0.0113378684807256,4.28,4.05,0.01869158878504673,0.07654320987654328,True,True,True,True,True,True,True,True,True,True,True,False,3,1,1,1,3,1,4,0,14,True,,核心：振幅、流动性（成交量/换手合并）与短期止跌三类证据中至少两类支持+40日趋势仍活；缺失量价/换手必须明示；2%-6%单日加速仅为中等证据,15,True,30,50,34,14,入选：阶段2分=14；软容量30-50只，本次实际34只
600712,南宁百货,5.97,0.03466204506065851,0.08152173913043481,0.14587332053742808,0.07181328545780952,0.2811158798283262,0.11173184357541888,,0.09764918625678119,-0.016474464579901205,0.10679611650485432,0.914351471313497,20499571.0,10317624.5,1.9868498800281014,0.0380574268923204,0.019154656461404167,1.9868498800281034,False,0.02813390313390296,0.028482746028847927,True,3,2,部分收敛/待确认,-0.09954751131221717,0.7167381974248926,0.0816197119304285,0.040679481448368415,0.0002609092688017345,,0.02051282051282044,5.53,5.16,0.07956600361663635,0.15697674418604635,True,True,False,False,False,True,True,True,True,True,True,True,3,1,0,1,3,1,4,1,14,True,,核心：振幅、流动性（成交量/换手合并）与短期止跌三类证据中至少两类支持+40日趋势仍活；缺失量价/换手必须明示；2%-6%单日加速仅为中等证据,15,True,30,50,34,14,入选：阶段2分=14；软容量30-50只，本次实际34只
600737,中粮糖业,16.51,0.0576553491351699,0.09773936170212782,0.13548830811554358,0.18266475644699143,0.45334507042253547,0.27,,0.1720136518771332,-0.03843913803145016,0.21323529411764708,0.8066847122513832,105619918.6,105258984.1,1.0034290137139943,0.04938167992348071,0.04921292811805807,1.0034290137139943,False,0.016049060542797644,0.017762460233297972,True,3,2,部分收敛/待确认,-0.03843913803145016,0.9130434782608695,0.1222894432737407,0.04615308101656157,0.02548151692786238,,0.029943855271366226,14.65,14.21,0.12696245733788403,0.16185784658691071,True,True,False,False,False,True,True,True,True,True,True,True,3,1,0,1,3,1,4,1,14,True,,核心：振幅、流动性（成交量/换手合并）与短期止跌三类证据中至少两类支持+40日趋势仍活；缺失量价/换手必须明示；2%-6%单日加速仅为中等证据,15,True,30,50,34,14,入选：阶段2分=14；软容量30-50只，本次实际34只
603009,北特科技,48.84,0.10000000000000009,0.022613065326633208,0.07814569536423854,0.22100000000000009,0.06173913043478274,0.14459807827513482,,0.10723192019950134,-0.023199999999999887,0.1519226232602028,0.7058324685181465,6551291.0,8094571.9,0.8093437282334844,0.01891305897663298,0.023368388877138272,0.8093437282334844,True,-0.004233664043790442,0.01008117308195855,True,3,3,收敛较充分,-0.19192587690271334,0.5440251572327046,0.05644542023123278,0.022453590478186847,-0.004170805111009979,,0.012227979274611389,44.11,43.95,0.10723192019950134,0.11126279863481225,True,True,True,True,True,True,True,True,True,True,True,False,3,1,1,1,3,1,4,0,14,True,,核心：振幅、流动性（成交量/换手合并）与短期止跌三类证据中至少两类支持+40日趋势仍活；缺失量价/换手必须明示；2%-6%单日加速仅为中等证据,15,True,30,50,34,14,入选：阶段2分=14；软容量30-50只，本次实际34只
603268,松发股份,193.65,0.005451713395638658,-0.0029861504401996752,0.0703034322666225,0.05669540543490137,0.18854722887129438,0.30968483700798033,,0.08287292817679558,-0.021969696969696972,0.13142857142857142,0.6305548883017055,5619942.8,5795984.4,0.9696269713907442,0.0240940956551849,0.024848829875912554,0.9696269713907429,True,0.009277865663345874,0.020096978980695956,True,3,3,收敛较充分,-0.021969696969696972,0.9511126095751855,0.05371698462275143,0.03437207122774155,0.05006060877435936,,-0.006821212432044255,181.0,178.0,0.06988950276243089,0.08792134831460685,True,True,True,True,True,True,True,True,True,True,True,False,3,1,1,1,3,1,4,0,14,True,,核心：振幅、流动性（成交量/换手合并）与短期止跌三类证据中至少两类支持+40日趋势仍活；缺失量价/换手必须明示；2%-6%单日加速仅为中等证据,15,True,30,50,34,14,入选：阶段2分=14；软容量30-50只，本次实际34只
688195,腾景科技,204.0,0.056173958063681084,0.03616416091019903,0.19788608338226643,0.3737373737373737,0.38822728819326313,0.0740233758028852,,0.15469248542193864,-0.02810862315388285,0.27701863354037265,0.5584190617249355,13934042.4,13205586.2,1.0551627310569522,0.07694539952509796,0.07292277983323203,1.0551627310569525,False,0.04628674574522962,0.045272857558725565,True,3,2,部分收敛/待确认,-0.3340949893912193,0.5071507680454567,0.1565445397207852,0.08069036328079648,-0.030601392194548938,,-0.01114881240911303,181.78,161.0,0.12223566949059306,0.26708074534161486,True,True,False,False,False,True,True,True,True,True,True,True,3,1,0,1,3,1,4,1,14,True,,核心：振幅、流动性（成交量/换手合并）与短期止跌三类证据中至少两类支持+40日趋势仍活；缺失量价/换手必须明示；2%-6%单日加速仅为中等证据,15,True,30,50,34,14,入选：阶段2分=14；软容量30-50只，本次实际34只
002580,圣阳股份,22.48,-0.007943512797881747,0.045095304509530365,0.0679334916864609,0.07098618389709399,0.31078717201166195,0.08441871683550417,,0.1604819277108433,-0.06644518272425237,0.2091397849462364,0.7673428934245984,86926394.2,74143191.2,1.1724123657628591,0.19217098820618522,0.1639107483152009,1.172412365762859,False,0.028007048131317713,0.03425047438330164,True,3,2,部分收敛/待确认,-0.3829261597584408,0.4163179916317992,0.05497806039843267,0.05416282956444629,-0.007174567281312827,,-0.011868131868131848,20.75,20.19,0.08337349397590366,0.11342248637939578,True,True,False,False,False,True,True,True,True,True,True,False,3,1,0,1,3,1,4,0,13,True,,核心：振幅、流动性（成交量/换手合并）与短期止跌三类证据中至少两类支持+40日趋势仍活；缺失量价/换手必须明示；2%-6%单日加速仅为中等证据,35,False,30,50,34,14,未入选：满足基础条件，但位于本次软容量边界之外（30-50只）
002779,中坚科技,81.51,0.009786917740337131,0.047551728569592555,0.1107931316434998,0.09541728262330351,0.17246835443037978,-0.010921004732435291,,0.126947568080206,-0.0200769415724934,0.14224932633668982,0.8924300124960444,3614131.8,2903291.5,1.2448394520495099,0.02179704536566266,0.01750992493833313,1.2448394520495099,False,0.033749373301316554,0.02511139189998035,True,3,2,部分收敛/待确认,-0.18943914081145585,0.5903225806451613,0.0640505982102646,0.05069360529750089,0.006122752128341125,,0.0033234859675037587,73.81,71.65,0.10432190760059612,0.13761339846475917,True,True,False,False,False,True,True,True,True,True,True,False,3,1,0,1,3,1,4,0,13,True,,核心：振幅、流动性（成交量/换手合并）与短期止跌三类证据中至少两类支持+40日趋势仍活；缺失量价/换手必须明示；2%-6%单日加速仅为中等证据,35,False,30,50,34,14,未入选：满足基础条件，但位于本次软容量边界之外（30-50只）
002880,卫光生物,23.18,0.04414414414414414,0.05507510241238056,0.13073170731707306,0.10644391408114551,0.11281805088814223,0.03899596593455845,,0.0842644320297951,-0.06569931479242241,0.24798792756539234,0.3397924764203502,4203136.4,5628268.3,0.7467903404676001,0.01853234744268074,0.024815997795414418,0.7467903404675998,True,-0.004642442639049893,0.017049799811057476,True,3,3,收敛较充分,-0.2434725848563969,0.3819386909693454,0.06852282941895038,0.022637320204653033,-0.0065027369611482255,,0.032516703786191536,21.48,21.19,0.07914338919925501,0.09391222274657851,True,True,True,True,True,True,True,True,True,False,True,True,3,1,1,1,3,1,2,1,13,True,,核心：振幅、流动性（成交量/换手合并）与短期止跌三类证据中至少两类支持+40日趋势仍活；缺失量价/换手必须明示；2%-6%单日加速仅为中等证据,35,False,30,50,34,14,未入选：满足基础条件，但位于本次软容量边界之外（30-50只）
002902,铭普光磁,27.18,0.09995953055443141,-0.00036778227289446797,0.13061564059900177,0.12406947890818865,0.07134410721324391,-0.1728545343883141,,0.11252045826513911,-0.033771773906860925,0.20626072041166374,0.5455253818592609,13120373.6,15545953.6,0.8439735469170576,0.07036152772106793,0.08336935201119856,0.8439735469170571,True,-0.01897733263046908,0.01520316602014038,False,3,2,部分收敛/待确认,-0.36834766442017197,0.3541157294213529,0.06768275916250932,0.028400346959903677,-0.04066461810219535,,-0.00036778227289446797,24.44,23.35,0.11211129296235667,0.16402569593147742,True,True,True,True,True,False,True,True,True,True,True,False,3,1,1,0,3,1,4,0,13,True,,核心：振幅、流动性（成交量/换手合并）与短期止跌三类证据中至少两类支持+40日趋势仍活；缺失量价/换手必须明示；2%-6%单日加速仅为中等证据,35,False,30,50,34,14,未入选：满足基础条件，但位于本次软容量边界之外（30-50只）
300369,绿盟科技,7.89,-0.010037641154328703,0.04503311258278142,0.18468468468468457,0.05059920106524629,0.1287553648068669,0.351027397260274,,0.10121457489878542,-0.05622009569377984,0.18931297709923667,0.534641504505681,54272366.6,44596421.8,1.2169668419451536,0.06716412159035601,0.055189771220885045,1.2169668419451538,False,0.04966078697421983,0.04325771452726501,True,3,2,部分收敛/待确认,-0.21257485029940115,0.5626283367556467,0.06809259509949905,0.029555276732190272,0.031056533591500957,,0.008951406649616356,7.41,6.55,0.06477732793522262,0.20458015267175567,True,True,False,False,False,True,True,True,True,True,True,False,3,1,0,1,3,1,4,0,13,True,,核心：振幅、流动性（成交量/换手合并）与短期止跌三类证据中至少两类支持+40日趋势仍活；缺失量价/换手必须明示；2%-6%单日加速仅为中等证据,35,False,30,50,34,14,未入选：满足基础条件，但位于本次软容量边界之外（30-50只）
300394,天孚通信,267.0,0.07358262967430651,0.015209125475285079,0.0701402805611222,0.19714836569071426,0.029655624542053838,-0.049652963160704666,,0.13065601345668626,-0.09491525423728808,0.22406639004149378,0.5831129489455813,38138815.0,48105996.1,0.7928079260788864,0.03504155988761684,0.044199305701858135,0.7928079260788863,True,-0.0225625429367583,-0.013174562959209601,False,3,2,部分收敛/待确认,-0.28678277593760015,0.5093460079521045,0.024491878887409335,0.02755595160571689,-0.036028856348881866,,0.016445865692096717,237.8,237.8,0.12279226240538255,0.12279226240538255,True,True,True,True,True,False,True,True,True,True,True,False,3,1,1,0,3,1,4,0,13,True,,核心：振幅、流动性（成交量/换手合并）与短期止跌三类证据中至少两类支持+40日趋势仍活；缺失量价/换手必须明示；2%-6%单日加速仅为中等证据,35,False,30,50,34,14,未入选：满足基础条件，但位于本次软容量边界之外（30-50只）
301205,联特科技,318.98,0.11922807017543868,0.03253164147217813,0.049345351667872794,0.11142857142857143,0.33397457343593184,0.050139917695473324,,0.13822695035461,-0.06424548228115456,0.3054034389001647,0.4526044331799286,6221632.2,9036105.7,0.6885302592243914,0.07434232902404328,0.10797249362400962,0.6885302592243913,True,-0.045585412667946246,-0.005647080328901488,False,3,2,部分收敛/待确认,-0.15562379225454637,0.7384437424923256,0.060865574250280385,0.04233380487828753,-0.014442207952007347,,0.02900093551404881,282.0,282.0,0.13113475177304967,0.13113475177304967,True,True,True,True,True,False,True,True,True,True,True,False,3,1,1,0,3,1,4,0,13,True,,核心：振幅、流动性（成交量/换手合并）与短期止跌三类证据中至少两类支持+40日趋势仍活；缺失量价/换手必须明示；2%-6%单日加速仅为中等证据,35,False,30,50,34,14,未入选：满足基础条件，但位于本次软容量边界之外（30-50只）
301419,阿莱德,40.79,0.14257703081232487,0.05318874257681383,-0.0075425790754258815,0.3077909586405898,0.21182412358882963,0.06780104712041868,,0.17114568599717106,-0.09355555555555561,0.2590934527140458,0.6605558118292544,8600902.6,11711708.1,0.7343849869345702,0.07672304415795256,0.10447251172468235,0.73438498693457,True,0.005808686384226158,-0.017175076651249843,False,3,2,部分收敛/待确认,-0.22526115859449192,0.5726126126126126,0.08931647327449244,0.047621452888704896,-0.021955964276240136,,0.02771478961955154,35.35,35.35,0.15388967468175374,0.15388967468175374,True,True,True,True,True,False,True,True,True,True,True,False,3,1,1,0,3,1,4,0,13,True,,核心：振幅、流动性（成交量/换手合并）与短期止跌三类证据中至少两类支持+40日趋势仍活；缺失量价/换手必须明示；2%-6%单日加速仅为中等证据,35,False,30,50,34,14,未入选：满足基础条件，但位于本次软容量边界之外（30-50只）
600330,天通股份,28.89,0.10015232292460019,0.016537649542575528,0.10817031070195626,0.23040885860306637,0.3430962343096233,0.022654867256637123,,0.1241245136186771,-0.04432682765464768,0.19062623079952737,0.6511407852847545,83371771.4,143837460.1,0.5796248859096755,0.06759319370248537,0.11661540997571773,0.5796248859096751,True,-0.028010003572704445,0.004943836562579351,False,3,2,部分收敛/待确认,-0.2269199892962268,0.6212594908441269,0.0742172975384845,0.05927247928727941,-0.012834029703098992,,0.01689545934530101,25.7,25.42,0.12412451361867705,0.1365066876475216,True,True,True,True,True,False,True,True,True,True,True,False,3,1,1,0,3,1,4,0,13,True,,核心：振幅、流动性（成交量/换手合并）与短期止跌三类证据中至少两类支持+40日趋势仍活；缺失量价/换手必须明示；2%-6%单日加速仅为中等证据,35,False,30,50,34,14,未入选：满足基础条件，但位于本次软容量边界之外（30-50只）
600379,宝光股份,14.69,0.02512212142358683,0.008928571428571397,0.0027303754266210234,0.029432375613174466,0.08413284132841325,0.23653198653198637,,0.0864022662889519,-0.08644278606965172,0.16945454545454533,0.5098846186579783,17036198.4,22218146.6,0.766769555836849,0.05159333043013686,0.06728661830323732,0.7667695558368489,True,0.01296194153337038,-0.004911993450675389,True,3,3,收敛较充分,-0.2920481927710844,0.47487001733102246,0.005406885223461666,0.04620237194044896,0.025262734954735633,,-0.030363036303630464,14.12,13.75,0.040368271954674295,0.0683636363636364,True,True,True,True,True,True,True,True,True,False,True,True,3,1,1,1,3,1,2,1,13,True,,核心：振幅、流动性（成交量/换手合并）与短期止跌三类证据中至少两类支持+40日趋势仍活；缺失量价/换手必须明示；2%-6%单日加速仅为中等证据,35,False,30,50,34,14,未入选：满足基础条件，但位于本次软容量边界之外（30-50只）
600698,湖南天雁,7.84,-0.008849557522123908,0.059459459459459296,0.18429003021148027,0.08587257617728539,0.40501792114695334,0.134587554269175,,0.15363128491620107,-0.05084745762711862,0.17241379310344837,0.8910614525139657,69331114.8,26630111.4,2.6034857218058804,0.08348602498745314,0.0320670185698364,2.603485721805882,False,0.026202052944354293,0.04346606842400447,True,3,2,部分收敛/待确认,-0.12888888888888894,0.6732394366197183,0.09010011123470507,0.03212180746561888,0.0219748709660601,,-0.008849557522123908,7.16,6.67,0.0949720670391061,0.17541229385307355,True,True,False,False,False,True,True,True,True,True,True,False,3,1,0,1,3,1,4,0,13,True,,核心：振幅、流动性（成交量/换手合并）与短期止跌三类证据中至少两类支持+40日趋势仍活；缺失量价/换手必须明示；2%-6%单日加速仅为中等证据,35,False,30,50,34,14,未入选：满足基础条件，但位于本次软容量边界之外（30-50只）
603082,北自科技,46.91,0.0697833523375142,0.051793721973093954,0.12037258180081212,0.17187109667749167,0.3360865850185131,0.4487337862878318,,0.08885298869143785,-0.005722763883001303,0.1713840560893275,0.5184437264404955,6705871.2,5647001.0,1.1875101846094944,0.16534476747483162,0.1392365047624448,1.1875101846094946,False,0.029430465982378085,0.032813340505648325,True,3,2,部分收敛/待确认,-0.07347422476792431,0.8351063829787232,0.09764372791726128,0.05173638752642873,0.04197504757876924,,0.0014944491887274314,43.33,40.01,0.08262174013385648,0.17245688577855534,True,True,False,False,False,True,True,True,True,True,True,False,3,1,0,1,3,1,4,0,13,True,,核心：振幅、流动性（成交量/换手合并）与短期止跌三类证据中至少两类支持+40日趋势仍活；缺失量价/换手必须明示；2%-6%单日加速仅为中等证据,35,False,30,50,34,14,未入选：满足基础条件，但位于本次软容量边界之外（30-50只）
603186,华正新材,186.09,0.10001773364071664,0.019671232876712352,0.125907550822846,0.2242763157894736,0.15641312453392997,0.0927187316500293,,0.12232835820895528,-0.08194375925012332,0.2615920831518019,0.4676302001768461,19512539.0,27199814.0,0.7173776629501952,0.12444973872718497,0.17347869212346115,0.717377662950195,True,-0.015379156641201042,0.019372462247364997,False,3,2,部分收敛/待确认,-0.3104457701856449,0.6066481994459834,0.07690349014183928,0.04680037989440389,0.038981525234593306,,-0.010106920580882028,167.5,163.26,0.11098507462686569,0.13983829474457932,True,True,True,True,True,False,True,True,True,True,True,False,3,1,1,0,3,1,4,0,13,True,,核心：振幅、流动性（成交量/换手合并）与短期止跌三类证据中至少两类支持+40日趋势仍活；缺失量价/换手必须明示；2%-6%单日加速仅为中等证据,35,False,30,50,34,14,未入选：满足基础条件，但位于本次软容量边界之外（30-50只）
603191,望变电气,15.73,-0.004430379746835467,0.0571236559139785,0.09084604715672673,0.09999999999999987,0.17651458489154837,-0.0012698412698411987,,0.09986225895316812,-0.07361601884570079,0.1336633663366337,0.7471176410570354,20669765.2,11262924.1,1.835204163366421,0.06264236453531005,0.034133730614691674,1.8352041633664218,False,0.03677663601947012,0.021668251596250743,True,3,2,部分收敛/待确认,-0.3456738768718801,0.32766990291262144,0.03907256333190223,0.02893456551595719,-0.0328032347935433,,-0.008821676118462407,14.52,14.14,0.08333333333333348,0.11244695898161239,True,True,False,False,False,True,True,True,True,True,True,False,3,1,0,1,3,1,4,0,13,True,,核心：振幅、流动性（成交量/换手合并）与短期止跌三类证据中至少两类支持+40日趋势仍活；缺失量价/换手必须明示；2%-6%单日加速仅为中等证据,35,False,30,50,34,14,未入选：满足基础条件，但位于本次软容量边界之外（30-50只）
603679,华体科技,23.77,0.09995372512725598,0.004649196956889146,0.055506216696270094,0.05926916221033851,0.24973711882229233,0.2731655061596143,,0.13255269320843083,-0.03726204941271771,0.16462264150943406,0.8051911449910406,7432586.6,8489274.7,0.8755266925218005,0.04182984322301146,0.04777677663090768,0.8755266925218007,True,-0.03289700310024113,0.0038625290786991062,False,3,2,部分收敛/待确认,-0.03726204941271771,0.9235245220282625,0.054172117879238035,0.050433891575138334,0.04797777835109196,,-0.01614238410596025,21.35,21.35,0.11334894613583124,0.11334894613583124,True,True,True,True,True,False,True,True,True,True,True,False,3,1,1,0,3,1,4,0,13,True,,核心：振幅、流动性（成交量/换手合并）与短期止跌三类证据中至少两类支持+40日趋势仍活；缺失量价/换手必须明示；2%-6%单日加速仅为中等证据,35,False,30,50,34,14,未入选：满足基础条件，但位于本次软容量边界之外（30-50只）
605388,均瑶健康,6.49,0.050161812297734754,0.05700325732899025,0.10186757215619702,0.04677419354838719,0.34368530020703947,0.21082089552238803,,0.09816971713810314,-0.04698972099853149,0.10787671232876711,0.9100176953754324,10501664.0,11717557.8,0.8962331724107219,0.017488665809580202,0.019513522092178923,0.8962331724107209,True,0.006785137318255252,0.013108307389808393,True,3,3,收敛较充分,-0.2868131868131868,0.41741071428571436,0.0517786240985334,0.040852474002970984,0.01757178717933039,,0.030158730158730274,6.01,5.84,0.07986688851913493,0.11130136986301387,True,True,True,True,True,True,True,True,True,False,True,True,3,1,1,1,3,1,2,1,13,True,,核心：振幅、流动性（成交量/换手合并）与短期止跌三类证据中至少两类支持+40日趋势仍活；缺失量价/换手必须明示；2%-6%单日加速仅为中等证据,35,False,30,50,34,14,未入选：满足基础条件，但位于本次软容量边界之外（30-50只）
688433,华曙高科,110.41,0.025162488393686067,-0.009331538806639839,0.04160377358490552,0.18529253891572717,0.2683515221137278,0.19014767705077085,,0.10714955901670109,-0.06432203389830515,0.33466603951081836,0.320168605016875,6242975.0,8688076.6,0.7185681350921791,0.01502240687704906,0.02090602984381152,0.718568135092178,True,0.041290274013851214,0.015501645131274833,True,3,3,收敛较充分,-0.15062697130548508,0.6861173453029815,0.08917288560281333,0.061099681005681195,0.022261920866682328,,-0.0382404181184669,106.58,92.92,0.03593544755113531,0.18822643133878603,True,True,True,True,True,True,True,True,True,False,True,True,3,1,1,1,3,1,2,1,13,True,,核心：振幅、流动性（成交量/换手合并）与短期止跌三类证据中至少两类支持+40日趋势仍活；缺失量价/换手必须明示；2%-6%单日加速仅为中等证据,35,False,30,50,34,14,未入选：满足基础条件，但位于本次软容量边界之外（30-50只）
688618,三旺通信,30.65,0.06018678657903842,-0.007448186528497436,0.017596281540504632,0.05945385413066018,0.14323013800820594,-0.008411517308314465,,0.08498780912574008,-0.10038156736131498,0.18710801393728227,0.45421789979678584,1714319.2,3040457.3,0.5638359729636723,0.01557794387764852,0.027628503012616788,0.5638359729636716,True,-0.018500423425184098,-0.01103430370298264,False,3,2,部分收敛/待确认,-0.3641078838174274,0.3499999999999999,0.011567847654251562,0.016446949617472395,-0.01308577769309216,,-0.010652033570045294,28.71,28.7,0.06757227446882608,0.06794425087108014,True,True,True,True,True,False,True,True,True,True,True,False,3,1,1,0,3,1,4,0,13,True,,核心：振幅、流动性（成交量/换手合并）与短期止跌三类证据中至少两类支持+40日趋势仍活；缺失量价/换手必须明示；2%-6%单日加速仅为中等证据,35,False,30,50,34,14,未入选：满足基础条件，但位于本次软容量边界之外（30-50只）
000526,学大教育,37.35,0.0056542810985460434,0.031198233020430788,0.08010410641989596,0.026945284575199402,0.3616478308421438,0.42884468247895957,,0.07602663706992237,-0.04451266308518809,0.15959655888460406,0.4763676460273386,4399282.6,7325393.7,0.6005523771370813,0.036215983519501324,0.06030445452925868,0.6005523771370812,True,0.023337543243094894,0.008623072245868002,True,3,3,收敛较充分,-0.04451266308518809,0.8862001308044473,0.03863961847026598,0.023045833691633266,0.05160460572072023,,-0.028861154446177872,36.04,33.71,0.036348501664816846,0.10797982794423011,True,True,True,True,True,True,True,True,True,False,True,False,3,1,1,1,3,1,2,0,12,True,,核心：振幅、流动性（成交量/换手合并）与短期止跌三类证据中至少两类支持+40日趋势仍活；缺失量价/换手必须明示；2%-6%单日加速仅为中等证据,53,False,30,50,34,14,未入选：满足基础条件，但位于本次软容量边界之外（30-50只）
002012,凯恩股份,7.2,0.016949152542372836,-0.008264462809917328,0.09090909090909105,0.08108108108108114,0.254355400696864,0.025641025641025772,,0.05848787446504995,-0.029649595687331498,0.13395638629283493,0.43661878379723323,11101152.8,12116553.6,0.9161972262475694,0.023739410088163,0.025910807638429057,0.916197226247568,True,0.0022203719122952936,0.022063037249283823,True,3,3,收敛较充分,-0.2538860103626943,0.4820295983086681,0.050558108995403916,0.046786414454511815,-0.006143045195260988,,-0.024390243902438935,7.01,6.51,0.02710413694721825,0.10599078341013835,True,True,True,True,True,True,True,True,True,False,True,False,3,1,1,1,3,1,2,0,12,True,,核心：振幅、流动性（成交量/换手合并）与短期止跌三类证据中至少两类支持+40日趋势仍活；缺失量价/换手必须明示；2%-6%单日加速仅为中等证据,53,False,30,50,34,14,未入选：满足基础条件，但位于本次软容量边界之外（30-50只）
002322,理工能科,12.75,-0.0007836990595611049,0.0007849293563579884,0.07868020304568524,0.17837338262476887,0.3130792996910401,0.19718309859154926,,0.04365079365079371,-0.09638554216867468,0.14471403812824973,0.30163482558692145,8593540.8,16531404.6,0.5198312549920895,0.02445648039139878,0.0470469602520744,0.5198312549920894,True,0.013097680290358182,0.024881709903736393,True,3,3,收敛较充分,-0.13676371022342582,0.623134328358209,0.03996737357259361,0.04301904705393711,0.024711309150244443,,-0.03041825095057038,12.6,11.63,0.011904761904761862,0.09630266552020639,True,True,True,True,True,True,True,True,True,False,True,False,3,1,1,1,3,1,2,0,12,True,,核心：振幅、流动性（成交量/换手合并）与短期止跌三类证据中至少两类支持+40日趋势仍活；缺失量价/换手必须明示；2%-6%单日加速仅为中等证据,53,False,30,50,34,14,未入选：满足基础条件，但位于本次软容量边界之外（30-50只）
002491,通鼎互联,21.1,0.035328753680078595,-0.05040504050405026,0.013935607880826595,0.21473805411629243,0.061902365374937096,-0.07171139463264409,,0.09356435643564359,-0.12809917355371891,0.4086146682188591,0.22897943640517907,136269316.6,254471790.2,0.5354987147805274,0.11582909556404412,0.21630135118347832,0.5354987147805272,True,-0.050135501355013656,0.00583711664968023,False,3,2,部分收敛/待确认,-0.46864769579451016,0.3872242344418835,0.02864107251675807,0.04176209826376076,-0.022328275533451403,,-0.04481665912177446,20.2,19.6,0.044554455445544594,0.07653061224489788,True,True,True,True,True,False,True,True,True,False,True,True,3,1,1,0,3,1,2,1,12,True,,核心：振幅、流动性（成交量/换手合并）与短期止跌三类证据中至少两类支持+40日趋势仍活；缺失量价/换手必须明示；2%-6%单日加速仅为中等证据,53,False,30,50,34,14,未入选：满足基础条件，但位于本次软容量边界之外（30-50只）
002515,金字火腿,8.16,0.09973045822102433,0.0012269938650306678,0.023839397741530766,0.17073170731707332,0.020000000000000018,0.08366533864541825,,0.12809917355371897,-0.08108108108108114,0.15926892950391652,0.8042948110012187,112923694.8,113399480.5,0.9958043396856655,0.10248536335994993,0.10291716884091943,0.9958043396856655,True,-0.04580152671755722,-0.013201727328809532,False,3,2,部分收敛/待确认,-0.30077120822622105,0.4437400950871632,0.033958438925494105,-0.004512398142469176,0.020065042645885933,,-0.003663003663003539,7.26,7.26,0.12396694214876036,0.12396694214876036,True,True,True,True,True,False,True,True,False,True,True,False,3,1,1,0,3,0,4,0,12,True,,核心：振幅、流动性（成交量/换手合并）与短期止跌三类证据中至少两类支持+40日趋势仍活；缺失量价/换手必须明示；2%-6%单日加速仅为中等证据,53,False,30,50,34,14,未入选：满足基础条件，但位于本次软容量边界之外（30-50只）
002724,海洋王,6.86,0.0,-0.005797101449275366,0.0735524256651019,0.2564102564102564,0.4533898305084747,0.3268858800773695,,0.09467455621301783,-0.08042895442359244,0.3019538188277087,0.3135398538113473,19941232.0,42440641.9,0.4698616964132204,0.0352021116911684,0.07492015620743406,0.46986169641322,True,0.0,0.032253225322532275,True,3,3,收敛较充分,-0.14142678347934912,0.6606606606606606,0.049651901155228995,0.05895561057055687,0.048260416995236755,,-0.045897079276773334,6.76,6.36,0.01479289940828421,0.07861635220125796,True,True,True,True,True,True,True,True,True,False,True,False,3,1,1,1,3,1,2,0,12,True,,核心：振幅、流动性（成交量/换手合并）与短期止跌三类证据中至少两类支持+40日趋势仍活；缺失量价/换手必须明示；2%-6%单日加速仅为中等证据,53,False,30,50,34,14,未入选：满足基础条件，但位于本次软容量边界之外（30-50只）
002973,侨银股份,12.49,-0.012648221343873556,-0.011867088607595,0.07765314926660927,0.05400843881856554,0.2354104846686449,-0.012648221343873556,,0.0689655172413793,-0.04070660522273417,0.2284894837476098,0.3018323474246142,6181345.8,9004489.9,0.6864737335093241,0.019459423591670598,0.02834693105035797,0.6864737335093233,True,0.006991895757190614,0.04242171189979138,True,3,3,收敛较充分,-0.12840195394277742,0.6743362831858407,0.03664356558907733,0.05439875872769595,-0.0025905551407281457,,-0.039969254419677136,12.18,11.01,0.02545155993431858,0.1344232515894641,True,True,True,True,True,True,True,True,True,False,True,False,3,1,1,1,3,1,2,0,12,True,,核心：振幅、流动性（成交量/换手合并）与短期止跌三类证据中至少两类支持+40日趋势仍活；缺失量价/换手必须明示；2%-6%单日加速仅为中等证据,53,False,30,50,34,14,未入选：满足基础条件，但位于本次软容量边界之外（30-50只）
300134,大富科技,8.71,0.011614401858304424,-0.003432494279176135,0.07398273736128247,0.009269988412514474,0.1430446194225723,-0.09740932642487043,,0.042007001166861076,-0.024636058230682933,0.1447028423772609,0.2902983830638437,10971909.4,11868844.6,0.9244294427782803,0.01429568456755046,0.015464332815478302,0.9244294427782789,True,0.007623007623007716,0.019192038857955396,True,3,3,收敛较充分,-0.2729549248747912,0.3511904761904763,0.027849893792778024,0.026300789837961025,-0.029434383050717217,,-0.022446689113355678,8.57,8.02,0.016336056009334854,0.08603491271820474,True,True,True,True,True,True,True,True,True,False,True,False,3,1,1,1,3,1,2,0,12,True,,核心：振幅、流动性（成交量/换手合并）与短期止跌三类证据中至少两类支持+40日趋势仍活；缺失量价/换手必须明示；2%-6%单日加速仅为中等证据,53,False,30,50,34,14,未入选：满足基础条件，但位于本次软容量边界之外（30-50只）
301231,荣信文化,29.8,0.03832752613240431,-0.04731457800511507,0.13480578827113487,0.07194244604316546,0.21384928716904272,-0.0858895705521473,,0.1449683321604503,-0.08420405654578977,0.23489932885906054,0.6171508997687738,11867605.6,4838889.8,2.4525471937798624,0.18137588604789773,0.07395408598370799,2.452547193779863,False,0.025765341460036062,0.02369515342701467,True,3,2,部分收敛/待确认,-0.2374616171954964,0.5021459227467812,0.06360197016203895,0.04692127029510873,-0.032529859632663305,,-0.04792332268370603,28.42,25.33,0.04855735397607308,0.17647058823529416,True,True,False,False,False,True,True,True,True,False,True,True,3,1,0,1,3,1,2,1,12,True,,核心：振幅、流动性（成交量/换手合并）与短期止跌三类证据中至少两类支持+40日趋势仍活；缺失量价/换手必须明示；2%-6%单日加速仅为中等证据,53,False,30,50,34,14,未入选：满足基础条件，但位于本次软容量边界之外（30-50只）
600165,宁科生物,3.14,0.0,-0.012578616352201255,-0.051359516616314216,0.2975206611570249,0.15867158671586723,0.1254480286738351,,0.04501607717041805,-0.12777777777777777,0.3483146067415731,0.12923970542474855,12702535.8,27344613.4,0.4645352126280199,0.017331558594012,0.03730946142050676,0.4645352126280195,True,-0.006273525721455453,-0.004036013660353777,True,3,3,收敛较充分,-0.19280205655526994,0.5689655172413793,0.05475310715485393,0.06050591076649314,0.01995327397865765,,-0.03384615384615386,3.11,3.09,0.009646302250803984,0.016181229773462924,True,True,True,True,True,True,True,True,True,False,True,False,3,1,1,1,3,1,2,0,12,True,,核心：振幅、流动性（成交量/换手合并）与短期止跌三类证据中至少两类支持+40日趋势仍活；缺失量价/换手必须明示；2%-6%单日加速仅为中等证据,53,False,30,50,34,14,未入选：满足基础条件，但位于本次软容量边界之外（30-50只）
600536,中国软件,33.58,0.002388059701492473,-0.008854781582054438,0.011445783132530085,0.03641975308641965,0.04124031007751938,0.12608987256874582,,0.05732484076433123,-0.09706910459801021,0.22335526315789472,0.2566531898727054,23925509.8,43129324.4,0.5547388031888578,0.02835932273074432,0.051121938050346885,0.5547388031888569,True,0.0005917860101785077,-0.006994457781334229,True,3,3,收敛较充分,-0.2315789473684211,0.4004739336492889,0.008999263833175508,0.005066555655961702,-0.010120071300502187,,-0.03616532721010346,32.97,32.12,0.018501668183196873,0.045454545454545414,True,True,True,True,True,True,True,True,True,False,True,False,3,1,1,1,3,1,2,0,12,True,,核心：振幅、流动性（成交量/换手合并）与短期止跌三类证据中至少两类支持+40日趋势仍活；缺失量价/换手必须明示；2%-6%单日加速仅为中等证据,53,False,30,50,34,14,未入选：满足基础条件，但位于本次软容量边界之外（30-50只）
600604,市北高新,4.82,-0.008230452674897082,0.004166666666666874,-0.02429149797570851,0.0758928571428572,0.1503579952267302,0.14218009478673,,0.05307855626326964,-0.09906542056074752,0.1746031746031745,0.30399536768963537,31862880.4,47519482.3,0.6705224648459607,0.02263865262987152,0.03376270567619587,0.6705224648459596,True,-0.006573541495480728,0.010609527771999083,True,3,3,收敛较充分,-0.18855218855218858,0.45365853658536587,0.006998850934921252,0.02534984247930261,0.022640046520643775,,-0.028225806451612878,4.71,4.55,0.023354564755838636,0.05934065934065935,True,True,True,True,True,True,True,True,True,False,True,False,3,1,1,1,3,1,2,0,12,True,,核心：振幅、流动性（成交量/换手合并）与短期止跌三类证据中至少两类支持+40日趋势仍活；缺失量价/换手必须明示；2%-6%单日加速仅为中等证据,53,False,30,50,34,14,未入选：满足基础条件，但位于本次软容量边界之外（30-50只）
601609,金田股份,13.31,-0.002248875562218866,-0.013343217197924417,-0.0052316890881913825,0.2798076923076922,0.30746561886051094,0.06055776892430287,,0.06994619523443506,-0.04382183908045978,0.18711923411662318,0.3738054805784459,52838793.4,94757870.7,0.5576190453591524,0.030566716397894555,0.05481648564963757,0.557619045359152,True,0.00958945160323621,0.007376740684982952,True,3,3,收敛较充分,-0.07440890125173849,0.8043875685557587,0.059755563517656096,0.056816135422294245,0.016016420951696198,,-0.03968253968253965,13.01,12.56,0.023059185242121583,0.0597133757961783,True,True,True,True,True,True,True,True,True,False,True,False,3,1,1,1,3,1,2,0,12,True,,核心：振幅、流动性（成交量/换手合并）与短期止跌三类证据中至少两类支持+40日趋势仍活；缺失量价/换手必须明示；2%-6%单日加速仅为中等证据,53,False,30,50,34,14,未入选：满足基础条件，但位于本次软容量边界之外（30-50只）
601869,长飞光纤,400.51,0.05731256599788792,-0.04314690493824214,0.05622511142171471,0.16831480995303516,0.04966453506656876,-0.08169395148346859,,0.10461949265687585,-0.09821448674937516,0.3041933399894285,0.343924336609446,11564711.6,15563044.8,0.7430879849423809,0.02846079535586194,0.03830070722791841,0.74308798494238,True,-0.045760703032405314,0.018259026572592596,False,3,2,部分收敛/待确认,-0.3319377491618155,0.48984823625922885,0.05271319867001334,0.017869719578575305,-0.014146305430848494,,-0.03183620189518477,374.5,345.01,0.069452603471295,0.16086490246659513,True,True,True,True,True,False,True,True,True,False,True,True,3,1,1,0,3,1,2,1,12,True,,核心：振幅、流动性（成交量/换手合并）与短期止跌三类证据中至少两类支持+40日趋势仍活；缺失量价/换手必须明示；2%-6%单日加速仅为中等证据,53,False,30,50,34,14,未入选：满足基础条件，但位于本次软容量边界之外（30-50只）
603559,中通国脉,10.79,0.020813623462629938,0.02371916508538896,0.19358407079646023,0.18441273326015373,0.25465116279069755,0.3126520681265206,,0.1352941176470589,-0.06822107081174444,0.2653061224489795,0.5099547511312221,38850435.0,19089587.2,2.0351637043256754,0.09681700429667554,0.047572096579205914,2.0351637043256763,False,0.06562252180808881,0.054878048780488076,True,3,2,部分收敛/待确认,-0.06822107081174444,0.842942345924453,0.12925170068027203,0.057031338815415555,0.021786830812248636,,-0.046819787985865835,10.2,8.59,0.05784313725490198,0.25611175785797435,True,True,False,False,False,True,True,True,True,False,True,True,3,1,0,1,3,1,2,1,12,True,,核心：振幅、流动性（成交量/换手合并）与短期止跌三类证据中至少两类支持+40日趋势仍活；缺失量价/换手必须明示；2%-6%单日加速仅为中等证据,53,False,30,50,34,14,未入选：满足基础条件，但位于本次软容量边界之外（30-50只）
603912,佳力图,9.09,-0.006557377049180357,-0.016233766233766267,0.10181818181818181,0.17746113989637302,0.29487179487179493,0.12222222222222223,,0.07303370786516858,-0.04816753926701578,0.1766200762388818,0.41350739633012723,26376641.6,32072747.9,0.8224004279970037,0.04863611092871778,0.05913920916502123,0.8224004279970036,True,0.011231006386258624,0.028926553672316446,True,3,3,收敛较充分,-0.25369458128078815,0.48925619834710743,0.03962943901183724,0.04724641339559921,0.009015873015872922,,-0.04516806722689071,8.9,8.07,0.02134831460674147,0.12639405204460963,True,True,True,True,True,True,True,True,True,False,True,False,3,1,1,1,3,1,2,0,12,True,,核心：振幅、流动性（成交量/换手合并）与短期止跌三类证据中至少两类支持+40日趋势仍活；缺失量价/换手必须明示；2%-6%单日加速仅为中等证据,53,False,30,50,34,14,未入选：满足基础条件，但位于本次软容量边界之外（30-50只）
605006,山东玻纤,15.53,0.05862304021813225,0.026437541308658163,0.1294545454545455,0.0500338066260988,0.01304631441617743,-0.24575036425449248,,0.14911660777385166,-0.06445783132530136,0.23605805958747134,0.6316946264594557,63488206.2,31394195.5,2.02229122896301,0.09713598460017754,0.048032639023009006,2.0222912289630104,False,0.013285505513484841,0.027045721795669886,True,3,2,部分收敛/待确认,-0.4112964366944655,0.409041394335512,0.052524567943070144,0.023617731172545398,-0.03851424097093081,,-0.02694235588972438,14.15,13.09,0.09752650176678435,0.18640183346065697,True,True,False,False,False,True,True,True,True,False,True,True,3,1,0,1,3,1,2,1,12,True,,核心：振幅、流动性（成交量/换手合并）与短期止跌三类证据中至少两类支持+40日趋势仍活；缺失量价/换手必须明示；2%-6%单日加速仅为中等证据,53,False,30,50,34,14,未入选：满足基础条件，但位于本次软容量边界之外（30-50只）
688808,联讯仪器,2656.9,0.0778498985801217,0.0880194597782109,0.1725117939620211,0.24212248714352502,0.37308203143168694,0.277970177970178,,0.16379310344827586,-0.015962962962962957,0.1751672162034857,0.9350671147162782,890206.6,930519.4,0.9566770988331892,0.046133911521389945,0.04822307503509505,0.9566770988331896,True,0.051518822040784285,0.032215088974104855,True,3,3,收敛较充分,-0.043513321837301056,0.9421336856921266,0.14398450116071215,0.040149990635927946,0.02480768845273862,,0.03623244929797198,2320.0,2123.0,0.14521551724137938,0.25148374941121054,True,True,True,True,True,True,True,True,True,False,True,False,3,1,1,1,3,1,2,0,12,True,,核心：振幅、流动性（成交量/换手合并）与短期止跌三类证据中至少两类支持+40日趋势仍活；缺失量价/换手必须明示；2%-6%单日加速仅为中等证据,53,False,30,50,34,14,未入选：满足基础条件，但位于本次软容量边界之外（30-50只）
002015,协鑫能科,17.19,0.0011648223645894795,0.08522727272727271,0.10404624277456653,0.10121716848174267,0.2234875444839859,0.009988249118684012,,0.13685550604710367,-0.03751399776035824,0.26453488372093015,0.5173438909912492,143783505.6,98683473.2,1.4570170762899333,0.08857347714682032,0.06079096709858669,1.4570170762899335,False,0.03444123314065495,0.04805706776797458,True,3,2,部分收敛/待确认,-0.3258823529411764,0.3367916999201916,0.08130209152382473,0.023294798946291273,-0.042642843396436536,,-0.031003382187147488,15.71,15.41,0.09420751113940162,0.11550940947436739,True,True,False,False,False,True,True,True,True,False,True,False,3,1,0,1,3,1,2,0,11,True,,核心：振幅、流动性（成交量/换手合并）与短期止跌三类证据中至少两类支持+40日趋势仍活；缺失量价/换手必须明示；2%-6%单日加速仅为中等证据,71,False,30,50,34,14,未入选：满足基础条件，但位于本次软容量边界之外（30-50只）
002172,澳洋健康,4.63,0.09976247030878849,0.07424593967517401,0.04279279279279269,0.35777126099706735,0.5910652920962198,0.4559748427672954,,0.1504854368932039,-0.0885826771653544,0.34748010610079577,0.4330764099903654,131057695.8,197185536.0,0.6646415272568471,0.17128573955277476,0.25771146178559856,0.6646415272568469,True,-0.010974539069358857,0.007989347536617952,False,3,2,部分收敛/待确认,-0.0885826771653544,0.8085106382978723,0.055992701562321834,0.06575561274292308,0.06690373380746761,,-0.02114164904862592,4.12,4.12,0.12378640776699035,0.12378640776699035,True,True,True,True,True,False,True,True,True,False,True,False,3,1,1,0,3,1,2,0,11,True,,核心：振幅、流动性（成交量/换手合并）与短期止跌三类证据中至少两类支持+40日趋势仍活；缺失量价/换手必须明示；2%-6%单日加速仅为中等证据,71,False,30,50,34,14,未入选：满足基础条件，但位于本次软容量边界之外（30-50只）
002212,天融信,6.65,0.0,0.021505376344086002,0.10099337748344372,0.019938650306748684,0.1832740213523132,0.047244094488189115,,0.06821705426356581,-0.07252440725244069,0.15307820299500832,0.44563532187394617,74848657.6,51141360.3,1.4635640734022477,0.06414595707010058,0.04382859502760602,1.4635640734022481,False,0.002106530243755733,0.02103786816269282,True,3,2,部分收敛/待确认,-0.21948356807511726,0.45161290322580655,0.018922852983988436,0.030395136778115672,0.0030448020878643955,,-0.029197080291970656,6.45,6.05,0.03100775193798455,0.09917355371900838,True,True,False,False,False,True,True,True,True,False,True,False,3,1,0,1,3,1,2,0,11,True,,核心：振幅、流动性（成交量/换手合并）与短期止跌三类证据中至少两类支持+40日趋势仍活；缺失量价/换手必须明示；2%-6%单日加速仅为中等证据,71,False,30,50,34,14,未入选：满足基础条件，但位于本次软容量边界之外（30-50只）
002277,友阿股份,6.07,0.008305647840531671,-0.01938610662358642,-0.05745341614906829,0.05565217391304356,0.10363636363636375,-0.05745341614906829,,0.057239057239057214,-0.09538002980625926,0.22,0.2601775329048055,22778907.8,35427548.0,0.6429716163252394,0.01633865457710832,0.025411159936558736,0.6429716163252387,True,-0.030456852791878153,0.002719564869620994,False,3,2,部分收敛/待确认,-0.19708994708994698,0.4398496240601505,0.0027256958784174223,0.02346041055718473,-0.00860136725316607,,-0.03343949044585992,5.94,5.94,0.02188552188552184,0.02188552188552184,True,True,True,True,True,False,True,True,True,False,True,False,3,1,1,0,3,1,2,0,11,True,,核心：振幅、流动性（成交量/换手合并）与短期止跌三类证据中至少两类支持+40日趋势仍活；缺失量价/换手必须明示；2%-6%单日加速仅为中等证据,71,False,30,50,34,14,未入选：满足基础条件，但位于本次软容量边界之外（30-50只）
002846,英联股份,11.02,-0.0009066183136898776,-0.0009066183136898776,0.05052430886558623,0.011009174311926495,0.16122233930453111,-0.07550335570469802,,0.08248378127896207,-0.05650684931506855,0.10379241516966077,0.7946995080915377,8161841.4,5237891.4,1.5582303596443408,0.03007401612696468,0.019371535557275,1.5524848837122958,False,0.015587749862461031,0.02158878504672912,True,3,2,部分收敛/待确认,-0.3798536859876196,0.25083240843507215,0.023830538393645018,0.02961532271044587,-0.013784014264671796,,-0.027360988526037078,10.79,10.4,0.02131603336422616,0.059615384615384626,True,True,False,False,False,True,True,True,True,False,True,False,3,1,0,1,3,1,2,0,11,True,,核心：振幅、流动性（成交量/换手合并）与短期止跌三类证据中至少两类支持+40日趋势仍活；缺失量价/换手必须明示；2%-6%单日加速仅为中等证据,71,False,30,50,34,14,未入选：满足基础条件，但位于本次软容量边界之外（30-50只）
002882,金龙羽,23.79,-0.020987654320987703,0.100879222582138,0.0012626262626260765,0.01320272572402037,0.3912280701754385,0.09329044117647056,,0.13915857605178,-0.034496753246753276,0.15893719806763282,0.87555699825892,20705917.2,11737313.3,1.7641104629966722,0.08383300544291583,0.04752140367701789,1.764110462996673,False,0.05304363124560174,0.02510125061195434,True,3,2,部分收敛/待确认,-0.22884927066450578,0.51742993848257,0.05954660847102833,0.05398072342372151,0.015561245560419934,,-0.03016714227476569,21.63,21.38,0.09986130374479885,0.11272217025257247,True,True,False,False,False,True,True,True,True,False,True,False,3,1,0,1,3,1,2,0,11,True,,核心：振幅、流动性（成交量/换手合并）与短期止跌三类证据中至少两类支持+40日趋势仍活；缺失量价/换手必须明示；2%-6%单日加速仅为中等证据,71,False,30,50,34,14,未入选：满足基础条件，但位于本次软容量边界之外（30-50只）
002908,德生科技,7.35,-0.005412719891745632,0.011004126547455195,0.0714285714285714,0.008230452674897082,0.18932038834951448,0.03813559322033888,,0.04972375690607727,-0.03289473684210531,0.0720588235294118,0.6900439733904598,5959938.0,5807856.6,1.0261854605707723,0.01832428139260914,0.01785669559420288,1.026185460570771,False,0.013168724279835287,0.018709857581680867,True,3,2,部分收敛/待确认,-0.24226804123711343,0.34722222222222227,0.025676807144850766,0.025536015417971347,-0.0005857944837687201,,-0.025198938992042508,7.24,6.8,0.015193370165745845,0.0808823529411764,True,True,False,False,False,True,True,True,True,False,True,False,3,1,0,1,3,1,2,0,11,True,,核心：振幅、流动性（成交量/换手合并）与短期止跌三类证据中至少两类支持+40日趋势仍活；缺失量价/换手必须明示；2%-6%单日加速仅为中等证据,71,False,30,50,34,14,未入选：满足基础条件，但位于本次软容量边界之外（30-50只）
002953,日丰股份,10.68,0.017142857142857126,-0.03085299455535384,0.017142857142857126,0.07552870090634434,0.256470588235294,0.10444674250258523,,0.09903846153846148,-0.10999999999999999,0.1764705882352942,0.5612179487179481,17840171.4,26771090.5,0.6663968880909054,0.0634229781972666,0.09517298074269351,0.6663968880909051,True,-0.04087435578460996,-0.004887762490948577,False,3,2,部分收敛/待确认,-0.199400299850075,0.46478873239436624,0.0008903050466237961,0.018787978321563426,0.01777568856854339,,-0.04472271914132375,10.4,10.2,0.026923076923076827,0.04705882352941182,True,True,True,True,True,False,True,True,True,False,True,False,3,1,1,0,3,1,2,0,11,True,,核心：振幅、流动性（成交量/换手合并）与短期止跌三类证据中至少两类支持+40日趋势仍活；缺失量价/换手必须明示；2%-6%单日加速仅为中等证据,71,False,30,50,34,14,未入选：满足基础条件，但位于本次软容量边界之外（30-50只）
002963,豪尔赛,22.15,0.09980139026812296,0.11418511066398396,0.19924201407688136,0.21303395399780922,0.20906113537117887,0.1554512258737608,,0.15124740124740127,-0.09886086248982917,0.4762762762762763,0.317562324182753,14784521.2,11985421.5,1.2335420327103221,0.09899884717683469,0.08025575501413253,1.2335420327103224,False,0.01888677925452198,0.04641307122798044,True,3,2,部分收敛/待确认,-0.09886086248982917,0.8114817688130334,0.14517630027918504,0.07143280573833644,0.02876070752094395,,0.043826578699340146,19.24,18.23,0.15124740124740121,0.21503017004936908,True,True,False,False,False,True,True,True,True,False,True,False,3,1,0,1,3,1,2,0,11,True,,核心：振幅、流动性（成交量/换手合并）与短期止跌三类证据中至少两类支持+40日趋势仍活；缺失量价/换手必须明示；2%-6%单日加速仅为中等证据,71,False,30,50,34,14,未入选：满足基础条件，但位于本次软容量边界之外（30-50只）
300570,太辰光,206.1,0.14500000000000002,0.033134492957040296,0.015771315919171913,0.45151066976547627,0.08075511274252767,0.11883176809076579,,0.16556291390728475,-0.10570164019786521,0.29044179405341847,0.5700381876749948,14055035.0,25050641.3,0.5610648778081382,0.07312987347215785,0.130341207166358,0.561064877808138,True,-0.03863376237424965,-0.027664298401420928,False,3,2,部分收敛/待确认,-0.27557117750439364,0.5697036223929748,0.09155619581278818,0.05010222184323787,0.026410658377859164,,0.03049999999999997,178.18,178.18,0.15669547648445392,0.15669547648445392,True,True,True,True,True,False,True,True,True,False,True,False,3,1,1,0,3,1,2,0,11,True,,核心：振幅、流动性（成交量/换手合并）与短期止跌三类证据中至少两类支持+40日趋势仍活；缺失量价/换手必须明示；2%-6%单日加速仅为中等证据,71,False,30,50,34,14,未入选：满足基础条件，但位于本次软容量边界之外（30-50只）
300620,光库科技,302.29,0.08347670250896067,-0.052382445141065714,0.01107097464713358,0.06253075571177513,0.11644999261338462,0.05740170700993441,,0.13327781599623448,-0.0936919110151706,0.20176326058679012,0.660565335872454,10627747.0,11348340.7,0.9365022853076662,0.042968856920577655,0.045882276631563405,0.9365022853076661,True,-0.04282027295104274,-0.016571655397629503,False,3,2,部分收敛/待确认,-0.26859424147108635,0.5817414566142949,0.0027665728995276417,0.032624396746381734,-0.005637045060200574,,-0.03421725239616602,276.19,276.19,0.09450016293131558,0.09450016293131558,True,True,True,True,True,False,True,True,True,False,True,False,3,1,1,0,3,1,2,0,11,True,,核心：振幅、流动性（成交量/换手合并）与短期止跌三类证据中至少两类支持+40日趋势仍活；缺失量价/换手必须明示；2%-6%单日加速仅为中等证据,71,False,30,50,34,14,未入选：满足基础条件，但位于本次软容量边界之外（30-50只）
300805,电声股份,8.6,0.004672897196261516,0.014150943396226356,0.11688311688311681,0.005847953216374213,0.21126760563380276,0.07365792759051182,,0.06235011990407669,-0.02934537246049662,0.11417322834645671,0.5461010501943268,10639056.6,7941969.9,1.3395992095109803,0.035436504382207176,0.02645306456633641,1.3395992095109803,False,0.016373991457047765,0.024363369245837596,True,3,2,部分收敛/待确认,-0.27487352445193924,0.33874239350912777,0.03914934751087484,0.010751809002084833,0.001886752898262234,,-0.021615472127417434,8.34,7.64,0.031175059952038398,0.12565445026178002,True,True,False,False,False,True,True,True,True,False,True,False,3,1,0,1,3,1,2,0,11,True,,核心：振幅、流动性（成交量/换手合并）与短期止跌三类证据中至少两类支持+40日趋势仍活；缺失量价/换手必须明示；2%-6%单日加速仅为中等证据,71,False,30,50,34,14,未入选：满足基础条件，但位于本次软容量边界之外（30-50只）
301085,亚康股份,67.0,-0.00014923145799139448,0.09602486504171437,0.16908043971383702,0.0951291271657404,0.14903104098782372,0.1354007795288934,,0.17489090298757975,-0.042857142857142816,0.20443967060508417,0.8554646095346938,6989568.0,5076309.3,1.37689955180627,0.11703089831789079,0.08499595933803968,1.37689955180627,False,0.06329489291598023,0.0412324498207286,True,3,2,部分收敛/待确认,-0.2479515097092828,0.48279091547646913,0.08153481089283132,0.02746437796850265,-0.007488998824719317,,-0.027011327330816126,59.58,56.03,0.12453843571668344,0.19578797072996612,True,True,False,False,False,True,True,True,True,False,True,False,3,1,0,1,3,1,2,0,11,True,,核心：振幅、流动性（成交量/换手合并）与短期止跌三类证据中至少两类支持+40日趋势仍活；缺失量价/换手必须明示；2%-6%单日加速仅为中等证据,71,False,30,50,34,14,未入选：满足基础条件，但位于本次软容量边界之外（30-50只）
600183,生益科技,148.15,0.07745454545454544,-0.03422425032594523,0.17300079176563754,0.06913473334776654,0.10189661584232068,-0.02069011105235319,,0.12504613567579537,-0.05804933875890128,0.288652191724703,0.43320695030459333,71810982.2,76976528.0,0.9328945337726846,0.02977548097164904,0.03191730671980157,0.9328945337726839,True,-0.015327246305283815,0.031634651079843756,False,3,2,部分收敛/待确认,-0.2279028559516364,0.6897701475595915,0.06755539542424782,0.0224858572587312,-0.0009491986997023361,,-0.027950921855521282,135.47,122.05,0.09360005905366497,0.21384678410487523,True,True,True,True,True,False,True,True,True,False,True,False,3,1,1,0,3,1,2,0,11,True,,核心：振幅、流动性（成交量/换手合并）与短期止跌三类证据中至少两类支持+40日趋势仍活；缺失量价/换手必须明示；2%-6%单日加速仅为中等证据,71,False,30,50,34,14,未入选：满足基础条件，但位于本次软容量边界之外（30-50只）
600969,郴电国际,10.27,0.008840864440078589,0.04689092762487257,0.1997663551401867,0.19418604651162785,0.4126547455295737,0.0995717344753746,,0.10651499482936912,-0.040186915887850394,0.2556750298685784,0.41660304052421454,28448492.0,15948895.0,1.7837280889992693,0.07687732682441241,0.04309924102139528,1.7837280889992715,False,0.015882469724041837,0.05639177443290233,True,3,2,部分收敛/待确认,-0.16774716369529985,0.6072106261859581,0.10045539780337531,0.04133158057531716,-0.004106535257538457,,-0.03477443609022568,9.67,8.45,0.06204756980351589,0.2153846153846155,True,True,False,False,False,True,True,True,True,False,True,False,3,1,0,1,3,1,2,0,11,True,,核心：振幅、流动性（成交量/换手合并）与短期止跌三类证据中至少两类支持+40日趋势仍活；缺失量价/换手必须明示；2%-6%单日加速仅为中等证据,71,False,30,50,34,14,未入选：满足基础条件，但位于本次软容量边界之外（30-50只）
603118,共进股份,17.89,0.10024600246002446,-0.03817204301075272,0.11742660836976881,0.21866485013623982,0.20878378378378382,0.4748557295960427,,0.1559405940594059,-0.13070942662779383,0.33549643088903297,0.4648055231055021,75568316.8,138948653.7,0.5438578553136424,0.09598702085325796,0.1764928462748825,0.5438578553136423,True,-0.035634991119005144,0.0030855379692589224,False,3,2,部分收敛/待确认,-0.13070942662779383,0.7277327935222674,0.038576528983193414,0.014289532660320292,0.05858272162619982,,-0.04229122055674517,16.16,15.41,0.1070544554455446,0.16093445814406238,True,True,True,True,True,False,True,True,True,False,True,False,3,1,1,0,3,1,2,0,11,True,,核心：振幅、流动性（成交量/换手合并）与短期止跌三类证据中至少两类支持+40日趋势仍活；缺失量价/换手必须明示；2%-6%单日加速仅为中等证据,71,False,30,50,34,14,未入选：满足基础条件，但位于本次软容量边界之外（30-50只）
603188,亚邦股份,4.96,0.016393442622950838,0.024793388429751984,0.06437768240343344,0.11711711711711703,0.32266666666666666,0.1508120649651974,,0.12101910828025483,-0.06060606060606066,0.14125560538116588,0.8567384490951376,24415320.0,22274203.7,1.0961253802307644,0.04282112352456282,0.03906589911780692,1.0961253802307651,False,-0.0024291497975709175,0.019134775374376245,True,3,2,部分收敛/待确认,-0.08317929759704257,0.7783251231527093,0.034087355363285665,0.047586047586047675,0.020527976356883526,,-0.042471042471042386,4.71,4.54,0.05307855626326963,0.09251101321585908,True,True,False,False,False,True,True,True,True,False,True,False,3,1,0,1,3,1,2,0,11,True,,核心：振幅、流动性（成交量/换手合并）与短期止跌三类证据中至少两类支持+40日趋势仍活；缺失量价/换手必须明示；2%-6%单日加速仅为中等证据,71,False,30,50,34,14,未入选：满足基础条件，但位于本次软容量边界之外（30-50只）
603236,移远通信,63.22,0.016889174843171872,0.025632706035042085,0.11893805309734518,0.2712648300824452,0.21928640308582437,0.14903671392220996,,0.08778877887788779,-0.040958737864077666,0.1494274104174362,0.587501172861415,17326402.4,14453581.9,1.1987618377144282,0.04274270261777154,0.03573890271792886,1.1959713188488337,False,0.045459083496955044,0.02495293513606045,True,3,2,部分收敛/待确认,-0.040958737864077666,0.8730009407337722,0.07440263757180254,0.042039711533001345,0.0136116878172996,,-0.029921743133343615,60.6,54.14,0.043234323432343125,0.16771333579608427,True,True,False,False,False,True,True,True,True,False,True,False,3,1,0,1,3,1,2,0,11,True,,核心：振幅、流动性（成交量/换手合并）与短期止跌三类证据中至少两类支持+40日趋势仍活；缺失量价/换手必须明示；2%-6%单日加速仅为中等证据,71,False,30,50,34,14,未入选：满足基础条件，但位于本次软容量边界之外（30-50只）
603261,立航科技,56.4,-0.022869022869022926,0.004631278945493422,0.1302605210420842,0.14517766497461926,0.026574444848926015,0.6691328795501628,,0.10090415913200734,-0.12693498452012375,0.35600335852225007,0.28343597529769055,2701480.0,2407860.0,1.121942305615775,0.03485554781211462,0.0310671481391231,1.1219423056157753,False,0.0022815022815023678,0.04092731457420751,True,3,2,部分收敛/待确认,-0.12693498452012375,0.7699859747545583,0.04118591814506445,0.04613732465266129,0.08049382184062814,,-0.04826189672629089,55.3,47.64,0.019891500904159143,0.18387909319899243,True,True,False,False,False,True,True,True,True,False,True,False,3,1,0,1,3,1,2,0,11,True,,核心：振幅、流动性（成交量/换手合并）与短期止跌三类证据中至少两类支持+40日趋势仍活；缺失量价/换手必须明示；2%-6%单日加速仅为中等证据,71,False,30,50,34,14,未入选：满足基础条件，但位于本次软容量边界之外（30-50只）
603330,天洋新材,10.89,0.03320683111954481,0.032227488151658656,-0.007292616226071136,0.3698113207547171,0.523076923076923,0.27517564402810324,,0.14722753346080297,-0.15777262180974472,0.5052386495925495,0.29140196138900865,75646311.2,113871329.2,0.6643139386485707,0.1748345695995921,0.26318064310868167,0.6643139386485706,True,0.002902231090150753,0.0242424242424244,True,3,3,收敛较充分,-0.15777262180974472,0.725067385444744,0.03659987625529504,0.09504565766465878,0.05345964097674227,,-0.07319148936170206,10.46,10.28,0.041108986615678855,0.05933852140077822,True,True,True,True,True,True,True,True,True,False,False,True,3,1,1,1,3,1,0,1,11,True,,核心：振幅、流动性（成交量/换手合并）与短期止跌三类证据中至少两类支持+40日趋势仍活；缺失量价/换手必须明示；2%-6%单日加速仅为中等证据,71,False,30,50,34,14,未入选：满足基础条件，但位于本次软容量边界之外（30-50只）
603333,福华尚纬,9.9,-0.002016129032258007,-0.020771513353115667,0.04100946372239744,0.0714285714285714,0.2757731958762888,0.163337250293772,,0.07851239669421485,-0.08671586715867152,0.2678362573099414,0.29313580425132635,15334680.0,27585545.0,0.5558954880173657,0.024672565378296756,0.0443834603988116,0.5558954880173647,True,-0.011767013139831417,0.01725181598062986,False,3,2,部分收敛/待确认,-0.08671586715867152,0.739612188365651,0.026332158407630146,0.03320406278855037,0.027294795634411395,,-0.045323047251687454,9.68,9.25,0.022727272727272707,0.07027027027027022,True,True,True,True,True,False,True,True,True,False,True,False,3,1,1,0,3,1,2,0,11,True,,核心：振幅、流动性（成交量/换手合并）与短期止跌三类证据中至少两类支持+40日趋势仍活；缺失量价/换手必须明示；2%-6%单日加速仅为中等证据,71,False,30,50,34,14,未入选：满足基础条件，但位于本次软容量边界之外（30-50只）
603637,镇海股份,14.97,0.01975476839237067,-0.02729044834307992,0.1741176470588235,0.09349890430971519,0.19377990430622027,-0.1687951138256525,,0.08263888888888886,-0.07018633540372676,0.2973408541498792,0.2779264528756397,8212814.0,13903547.8,0.5906991595339428,0.034408462298755924,0.058250399959776364,0.5906991595339429,True,-0.016798941798941813,0.032367618519545394,False,3,2,部分收敛/待确认,-0.3207803992740471,0.41618497109826597,0.05526575496968866,0.050435188063413294,-0.04009600291193671,,-0.039769082745349515,14.4,12.55,0.039583333333333304,0.19282868525896402,True,True,True,True,True,False,True,True,True,False,True,False,3,1,1,0,3,1,2,0,11,True,,核心：振幅、流动性（成交量/换手合并）与短期止跌三类证据中至少两类支持+40日趋势仍活；缺失量价/换手必须明示；2%-6%单日加速仅为中等证据,71,False,30,50,34,14,未入选：满足基础条件，但位于本次软容量边界之外（30-50只）
603936,博敏电子,17.58,0.10012515644555675,-0.0414394765539805,0.02149912841371271,0.14453125,0.008027522935779574,-0.24871794871794872,,0.15476942514213526,-0.0984615384615386,0.20743034055727566,0.7461272286702935,37066848.2,68595531.0,0.5403682668481713,0.05879912049975332,0.108813052333205,0.5403682668481711,True,-0.050206865705020864,-0.011083323860407224,False,3,2,部分收敛/待确认,-0.4236065573770492,0.3207150368033648,0.026030115559705802,0.03324117672469651,-0.04009942579007986,,-0.038293216630197136,15.83,15.83,0.11054958938723924,0.11054958938723924,True,True,True,True,True,False,True,True,True,False,True,False,3,1,1,0,3,1,2,0,11,True,,核心：振幅、流动性（成交量/换手合并）与短期止跌三类证据中至少两类支持+40日趋势仍活；缺失量价/换手必须明示；2%-6%单日加速仅为中等证据,71,False,30,50,34,14,未入选：满足基础条件，但位于本次软容量边界之外（30-50只）
688112,鼎阳科技,69.57,0.07676830212041463,-0.022893258426966434,0.0199384254508137,0.3692186577445382,0.09714556063712343,-0.008409350057012599,,0.1228674283925496,-0.05346938775510213,0.20373403209957414,0.6030775866277396,2731527.0,4940671.3,0.5528655589777851,0.01711516508752864,0.03095719168901307,0.5528655589777846,True,-0.029144477888400022,-0.013698431775727937,False,3,2,部分收敛/待确认,-0.23692003948667328,0.6124170105867575,0.07666831744459568,0.04783058156363529,-0.004045667600617864,,-0.02970711297071138,63.89,63.89,0.08890280169040521,0.08890280169040521,True,True,True,True,True,False,True,True,True,False,True,False,3,1,1,0,3,1,2,0,11,True,,核心：振幅、流动性（成交量/换手合并）与短期止跌三类证据中至少两类支持+40日趋势仍活；缺失量价/换手必须明示；2%-6%单日加速仅为中等证据,71,False,30,50,34,14,未入选：满足基础条件，但位于本次软容量边界之外（30-50只）
001210,金房能源,28.29,0.005330490405117239,-0.04166666666666663,0.07077971233913694,0.25176991150442474,0.4650440186431901,0.17434620174346205,,0.13442028985507237,-0.09645480677099971,0.15393563396665383,0.8732239988318172,9000890.4,10668891.8,0.8436574827762335,0.06746288227742589,0.07996477676630687,0.8436574827762334,True,-0.0024154589371981894,0.0035937004544972506,True,3,3,收敛较充分,-0.09645480677099971,0.8307174887892378,0.045242097873676945,0.08221214708393454,0.029514478160191482,,-0.07820136852394921,27.6,25.79,0.02499999999999991,0.09693679720822024,True,True,True,True,True,True,True,True,True,False,False,False,3,1,1,1,3,1,0,0,10,True,,核心：振幅、流动性（成交量/换手合并）与短期止跌三类证据中至少两类支持+40日趋势仍活；缺失量价/换手必须明示；2%-6%单日加速仅为中等证据,95,False,30,50,34,14,未入选：满足基础条件，但位于本次软容量边界之外（30-50只）
002281,光迅科技,184.47,0.10000000000000009,0.025403001667593017,0.10866037622453284,0.03460459899046553,-0.14597222222222228,-0.10001463628823726,,0.10999458451170348,-0.08849688704417435,0.26242904372777737,0.41914028626268574,29092612.4,32068346.8,0.9072064918544538,0.037012100783686316,0.040794242183296706,0.9072873720115582,True,-0.004796108817374689,0.004334137230411317,True,3,3,收敛较充分,-0.3388172043010753,0.5327929619927841,0.02947742036297063,-0.01291923100615433,-0.030357078122167813,,0.025403001667593017,166.19,160.31,0.10999458451170341,0.15070800324371536,True,True,True,True,True,True,True,False,False,True,True,False,3,1,1,1,0,0,4,0,10,False,40日趋势偏弱,核心：振幅、流动性（成交量/换手合并）与短期止跌三类证据中至少两类支持+40日趋势仍活；缺失量价/换手必须明示；2%-6%单日加速仅为中等证据,95,False,30,50,34,14,未入选：未满足二级结构筛选最低资格条件
002396,星网锐捷,38.14,0.030532288570656707,-0.0550049554013875,0.1889027431421446,0.27006327006327013,0.31562607795791653,1.1732193732193732,,0.156284454244763,-0.09082240762812877,0.37278911564625855,0.41923019660547733,119724165.2,92775424.9,1.290472830806728,0.15806941827748544,0.12248953600880516,1.290472830806728,False,0.02316033266659656,0.05598199342067267,True,3,2,部分收敛/待确认,-0.09082240762812877,0.8480255285201436,0.11858988459226016,0.03244942946058105,0.10632648424059465,,-0.07382224380767366,36.28,29.53,0.051267916207276665,0.29156789705384356,True,True,False,False,False,True,True,True,True,False,False,True,3,1,0,1,3,1,0,1,10,True,,核心：振幅、流动性（成交量/换手合并）与短期止跌三类证据中至少两类支持+40日趋势仍活；缺失量价/换手必须明示；2%-6%单日加速仅为中等证据,95,False,30,50,34,14,未入选：满足基础条件，但位于本次软容量边界之外（30-50只）
002436,兴森科技,36.75,0.09997006884166426,0.020549847264648813,0.10559566787003605,0.0989832535885169,-0.045454545454545414,-0.02777777777777768,,0.12042682926829278,-0.06678517013712548,0.23797547940899103,0.5060472178367755,97016429.6,110834163.1,0.875329653659829,0.06391369950615776,0.07301671917423229,0.8753296536598292,True,-0.012158400090904076,0.008550228972233231,False,3,2,部分收敛/待确认,-0.3318181818181818,0.486060264714165,0.053129298486932486,0.001993308892761947,-0.016530489378171587,,0.0071252397917236365,32.8,31.81,0.12042682926829285,0.15529707639107193,True,True,True,True,True,False,True,False,True,True,True,False,3,1,1,0,0,1,4,0,10,False,40日趋势偏弱,核心：振幅、流动性（成交量/换手合并）与短期止跌三类证据中至少两类支持+40日趋势仍活；缺失量价/换手必须明示；2%-6%单日加速仅为中等证据,95,False,30,50,34,14,未入选：未满足二级结构筛选最低资格条件
002743,富煌钢构,4.89,-0.0060975609756097615,0.002049180327868827,0.06304347826086953,0.263565891472868,0.23484848484848486,0.11136363636363611,,0.11041666666666672,-0.0825515947467168,0.25505050505050497,0.43292079207920825,20020452.0,29678346.9,0.6745811034374021,0.046069463939214045,0.06829343974277079,0.6745811034374021,True,0.020984665052461438,0.0396334966972085,True,3,3,收敛较充分,-0.26021180030257196,0.5028901734104045,0.079946996466431,0.07175867574153427,0.009898131727636317,,-0.07034220532319391,4.8,4.42,0.018750000000000044,0.10633484162895912,True,True,True,True,True,True,True,True,True,False,False,False,3,1,1,1,3,1,0,0,10,True,,核心：振幅、流动性（成交量/换手合并）与短期止跌三类证据中至少两类支持+40日趋势仍活；缺失量价/换手必须明示；2%-6%单日加速仅为中等证据,95,False,30,50,34,14,未入选：满足基础条件，但位于本次软容量边界之外（30-50只）
300017,网宿科技,15.77,0.007667731629392938,-0.03606356968215163,0.04298941798941791,0.07133152173913038,0.07939767282683086,0.10822206605762474,,0.08268229166666664,-0.09834190966266432,0.1928620452985586,0.42871209593712933,155253647.6,191436420.0,0.8109932665895027,0.065605595526426,0.08089536402974026,0.8109932665895025,True,0.0025100401606423794,0.00628446838527652,True,3,3,收敛较充分,-0.19908583037074667,0.4987212276214833,0.004522581056118025,0.022772925271401734,0.014136418773910586,,-0.05057194461167969,15.36,14.57,0.02669270833333326,0.08236101578586141,True,True,True,True,True,True,True,True,True,False,False,False,3,1,1,1,3,1,0,0,10,True,,核心：振幅、流动性（成交量/换手合并）与短期止跌三类证据中至少两类支持+40日趋势仍活；缺失量价/换手必须明示；2%-6%单日加速仅为中等证据,95,False,30,50,34,14,未入选：满足基础条件，但位于本次软容量边界之外（30-50只）
300598,诚迈科技,33.26,-0.0038933812518718858,-0.02691632533645416,0.014643075045759568,0.1270755676042019,0.11274673803947799,0.07777057679844446,,0.07902735562310036,-0.10854998659876725,0.3391959798994976,0.23298435213328836,11683108.2,21136659.8,0.5527414601241771,0.0538551352686906,0.09743277672094958,0.5527414601241771,True,0.0013041674076705867,-0.006543759524307302,True,3,3,收敛较充分,-0.1958413926499033,0.46885245901639333,0.02313276731881375,0.034559178478957175,0.002962121591750577,,-0.05511363636363653,32.9,31.01,0.01094224924012166,0.07255723960012883,True,True,True,True,True,True,True,True,True,False,False,False,3,1,1,1,3,1,0,0,10,True,,核心：振幅、流动性（成交量/换手合并）与短期止跌三类证据中至少两类支持+40日趋势仍活；缺失量价/换手必须明示；2%-6%单日加速仅为中等证据,95,False,30,50,34,14,未入选：满足基础条件，但位于本次软容量边界之外（30-50只）
300903,科翔股份,89.16,0.03674418604651164,-0.04314230521571161,0.1460154241645244,0.27407830808802514,0.11939736346515994,0.2731686420105668,,0.10576470588235289,-0.07730518472524062,0.3420833333333333,0.30917819015547743,22979335.8,27788497.4,0.8269369685314472,0.06539744021214831,0.07908394799217562,0.8269369685314469,True,-0.021791340751349697,0.036691402885761226,False,3,2,部分收敛/待确认,-0.23716632443531827,0.6774118468520889,0.06868033081625313,0.058958017775999405,0.039354667849445635,,-0.05138844557931699,85.0,74.03,0.048941176470588266,0.20437660407942726,True,True,True,True,True,False,True,True,True,False,False,True,3,1,1,0,3,1,0,1,10,True,,核心：振幅、流动性（成交量/换手合并）与短期止跌三类证据中至少两类支持+40日趋势仍活；缺失量价/换手必须明示；2%-6%单日加速仅为中等证据,95,False,30,50,34,14,未入选：满足基础条件，但位于本次软容量边界之外（30-50只）
301152,天力锂能,22.27,-0.0017929179740026058,-0.03425845620121415,-0.045025728987993174,0.08001939864209495,0.08953033268101751,-0.11801980198019801,,0.08814175374829612,-0.12598116169544749,0.36402569593147754,0.24213058235561344,8983500.0,11133381.0,0.8068977429228372,0.12637908263627645,0.15662341820227646,0.806897742922837,True,-0.0063152355056574905,0.023901345291479803,True,3,3,收敛较充分,-0.38616317530319744,0.2579449152542373,0.03682666790818945,0.027850659192021343,-0.018915605000298874,,-0.0682008368200836,22.01,22.0,0.01181281235801901,0.012272727272727213,True,True,True,True,True,True,True,True,True,False,False,False,3,1,1,1,3,1,0,0,10,True,,核心：振幅、流动性（成交量/换手合并）与短期止跌三类证据中至少两类支持+40日趋势仍活；缺失量价/换手必须明示；2%-6%单日加速仅为中等证据,95,False,30,50,34,14,未入选：满足基础条件，但位于本次软容量边界之外（30-50只）
301626,苏州天脉,268.0,0.06395648894358663,0.009492240470091895,0.06357647432335911,0.08274078862314149,-0.0912789909127899,-0.08131084601672844,,0.11143586365881782,-0.13234913234913237,0.2750990752972258,0.40507538434441825,2141580.4,2106724.7,1.0165449714431125,0.040699756388367515,0.04003733974561807,1.0165449714431125,False,-0.006561933068282677,0.005836122609053529,True,3,2,部分收敛/待确认,-0.30751143381307977,0.39896974900257565,0.025327109954855098,0.022353920873064315,-0.028052524474884488,,-0.0037174721189591198,242.92,242.24,0.10324386629343008,0.10634081902245707,True,True,False,False,False,True,True,False,True,True,True,False,3,1,0,1,0,1,4,0,10,False,40日趋势偏弱,核心：振幅、流动性（成交量/换手合并）与短期止跌三类证据中至少两类支持+40日趋势仍活；缺失量价/换手必须明示；2%-6%单日加速仅为中等证据,95,False,30,50,34,14,未入选：未满足二级结构筛选最低资格条件
600547,山东黄金,36.45,-0.03825857519788911,-0.036988110964332854,-0.001369863013698569,0.16156787762906322,0.5257429886982001,0.3249727371864777,,0.11735870818915803,-0.05935483870967739,0.287643484132343,0.40800057940878653,102098661.8,136300160.1,0.7490722074360938,0.02824740962802532,0.03770986207686156,0.7490722074360935,True,0.01978033987213812,0.00830288940551327,True,3,3,收敛较充分,-0.19376244193762437,0.6173001310615991,0.06300762624126932,0.05884535227557941,0.05281397959681766,,-0.055944055944055826,34.68,33.6,0.051038062283737196,0.0848214285714286,True,True,True,True,True,True,True,True,True,False,False,False,3,1,1,1,3,1,0,0,10,True,,核心：振幅、流动性（成交量/换手合并）与短期止跌三类证据中至少两类支持+40日趋势仍活；缺失量价/换手必须明示；2%-6%单日加速仅为中等证据,95,False,30,50,34,14,未入选：满足基础条件，但位于本次软容量边界之外（30-50只）
603093,南华期货,13.14,-0.02594514455151964,-0.009796533534287777,0.1618037135278514,0.051200000000000134,0.140625,-0.002277904328018221,,0.09655172413793102,-0.08176100628930816,0.2441229656419529,0.39550446998722866,24097973.6,25723998.1,0.9367895887070525,0.02732075778192068,0.0291642414809803,0.9367895887070519,True,-0.0020768431983385627,0.0478702149764243,True,3,3,收敛较充分,-0.26592178770949715,0.310144927536232,0.05529454282616553,0.026854928017718827,-0.0025925679718140637,,-0.0594130279169649,13.05,11.29,0.006896551724137945,0.1638618246235608,True,True,True,True,True,True,True,True,True,False,False,False,3,1,1,1,3,1,0,0,10,True,,核心：振幅、流动性（成交量/换手合并）与短期止跌三类证据中至少两类支持+40日趋势仍活；缺失量价/换手必须明示；2%-6%单日加速仅为中等证据,95,False,30,50,34,14,未入选：满足基础条件，但位于本次软容量边界之外（30-50只）
603217,元利科技,29.16,0.0055172413793103114,-0.03283582089552228,0.12979465323518014,0.16826923076923084,0.4787018255578095,0.24296675191815842,,0.09964285714285712,-0.052939265995453066,0.20768925881886635,0.47976894765539807,4276220.8,5630652.5,0.7594538643611908,0.020550099092881982,0.027059048689109754,0.7594538643611896,True,-0.008315040244794791,0.0327027781655731,True,3,3,收敛较充分,-0.11097560975609744,0.7740533829919306,0.049638241963932295,0.08357470262366085,0.040479360852197166,,-0.05139882888744307,28.0,25.28,0.04142857142857137,0.15348101265822778,True,True,True,True,True,True,True,True,True,False,False,False,3,1,1,1,3,1,0,0,10,True,,核心：振幅、流动性（成交量/换手合并）与短期止跌三类证据中至少两类支持+40日趋势仍活；缺失量价/换手必须明示；2%-6%单日加速仅为中等证据,95,False,30,50,34,14,未入选：满足基础条件，但位于本次软容量边界之外（30-50只）
605162,新中港,10.26,-0.0393258426966292,-0.031161473087818692,0.15022421524663665,0.09967845659163976,0.43296089385474845,0.1399999999999999,,0.10700000000000003,-0.07317073170731714,0.2792899408284025,0.3831144067796609,34317286.4,37532391.9,0.9143378469305603,0.07749254210226444,0.08475263532227996,0.9143378469305606,True,0.014324428958575552,0.04237461617195515,True,3,3,收敛较充分,-0.3241106719367589,0.4225352112676056,0.06172711750400994,0.045852344977186155,-0.007031129603944919,,-0.06557377049180335,10.0,8.65,0.026000000000000023,0.18612716763005777,True,True,True,True,True,True,True,True,True,False,False,False,3,1,1,1,3,1,0,0,10,True,,核心：振幅、流动性（成交量/换手合并）与短期止跌三类证据中至少两类支持+40日趋势仍活；缺失量价/换手必须明示；2%-6%单日加速仅为中等证据,95,False,30,50,34,14,未入选：满足基础条件，但位于本次软容量边界之外（30-50只）
688152,麒麟信安,36.49,0.003575357535753554,-0.028229027962716202,0.1467630421118793,0.27498252969951076,0.3863981762917934,0.230691399662732,,0.12426696453504595,-0.10738747553816053,0.4491315136476427,0.27668279948963265,6145066.8,7121436.5,0.8628970854405568,0.06030601402130492,0.06988784066933701,0.8628970854405569,True,0.009327951123718092,0.024663547623173576,True,3,3,收敛较充分,-0.15356065877986536,0.6578811369509044,0.08732251672402747,0.06628420720436434,0.02488029401875891,,-0.0936413313462493,35.81,30.6,0.01898910918737773,0.19248366013071894,True,True,True,True,True,True,True,True,True,False,False,False,3,1,1,1,3,1,0,0,10,True,距离短周期稳健上沿较远,核心：振幅、流动性（成交量/换手合并）与短期止跌三类证据中至少两类支持+40日趋势仍活；缺失量价/换手必须明示；2%-6%单日加速仅为中等证据,95,False,30,50,34,14,未入选：满足基础条件，但位于本次软容量边界之外（30-50只）
000020,深华发Ａ,12.45,0.01384364820846895,-0.01813880126182965,0.012195121951219301,0.11659192825112097,0.23267326732673266,0.06501283147989723,,0.07944307944307935,-0.09388646288209612,0.2367236723672368,0.3355941492823617,7538243.2,17410408.7,0.4329733626528825,0.041609731077168,0.09610228865401774,0.43297336265288233,True,-0.027253019510684484,0.005775773399794293,False,3,2,部分收敛/待确认,-0.5148090413094311,0.1998788612961841,0.012030564135912858,0.04020381715362875,0.008250037296733126,,-0.055386949924127515,12.21,11.56,0.019656019656019597,0.07698961937716242,True,True,True,True,True,False,True,True,True,False,False,False,3,1,1,0,3,1,0,0,9,True,,核心：振幅、流动性（成交量/换手合并）与短期止跌三类证据中至少两类支持+40日趋势仍活；缺失量价/换手必须明示；2%-6%单日加速仅为中等证据,110,False,30,50,34,14,未入选：满足基础条件，但位于本次软容量边界之外（30-50只）
000536,华映科技,3.64,0.011111111111111072,0.011111111111111072,0.1518987341772151,0.0930930930930931,0.1518987341772151,0.040000000000000036,,0.10614525139664802,-0.08080808080808077,0.17857142857142852,0.5944134078212291,118773535.6,68707672.7,1.7286793589793645,0.04298588077345712,0.02486631228062821,1.7286793589793665,False,0.013609145345672147,0.03912543153049475,True,3,2,部分收敛/待确认,-0.2777777777777778,0.3693693693693695,0.0599883517763542,0.035179487179487046,-0.011361410381978687,,-0.054545454545454564,3.58,3.12,0.016759776536312776,0.16666666666666674,True,True,False,False,False,True,True,True,True,False,False,False,3,1,0,1,3,1,0,0,9,True,,核心：振幅、流动性（成交量/换手合并）与短期止跌三类证据中至少两类支持+40日趋势仍活；缺失量价/换手必须明示；2%-6%单日加速仅为中等证据,110,False,30,50,34,14,未入选：满足基础条件，但位于本次软容量边界之外（30-50只）
000596,古井贡酒,101.0,-0.0016803400217455522,0.10129756842220039,0.1141753998896855,0.04587345966656309,0.3287725299302722,0.19852853921917646,,0.11355191256830602,-0.03191795265024444,0.0963936636332996,1.178001834231343,5919205.0,3869741.2,1.5296126262913912,0.01448655163974542,0.009470732256485499,1.5296126262913958,False,0.044396397909276075,0.0270160210041257,True,3,1,结构未成熟,-0.09009009009009006,0.7410668047643708,0.057453212930244524,0.013536530382944667,0.01977889166931357,,0.0011895321173671647,91.5,89.01,0.10382513661202175,0.1347039658465341,True,False,False,False,False,True,False,True,True,True,True,False,0,0,0,1,3,1,4,0,9,False,振幅、量能、换手或短期趋势尚未形成两类收敛支持,核心：振幅、流动性（成交量/换手合并）与短期止跌三类证据中至少两类支持+40日趋势仍活；缺失量价/换手必须明示；2%-6%单日加速仅为中等证据,110,False,30,50,34,14,未入选：未满足二级结构筛选最低资格条件
001223,欧克科技,41.36,0.07067046337043736,0.006815968841285436,0.028855721393034717,0.06187419768934532,0.20547945205479445,-0.038810132465721625,,0.10000000000000014,-0.031381733021077385,0.12368421052631587,0.808510638297873,1808913.4,1665032.4,1.0864133334582557,0.025902750491159077,0.023842445313797662,1.0864133334582553,False,-0.010117199238705687,-0.0061303827751196804,False,3,1,结构未成熟,-0.24786324786324787,0.5362368152432799,0.024472406618448517,0.0489310136675285,-0.020134505095514954,,-0.004572803850782181,38.3,38.0,0.07989556135770237,0.08842105263157896,True,True,False,False,False,False,False,True,True,True,True,False,0,1,0,0,3,1,4,0,9,False,振幅、量能、换手或短期趋势尚未形成两类收敛支持,核心：振幅、流动性（成交量/换手合并）与短期止跌三类证据中至少两类支持+40日趋势仍活；缺失量价/换手必须明示；2%-6%单日加速仅为中等证据,110,False,30,50,34,14,未入选：未满足二级结构筛选最低资格条件
002017,东信和平,16.35,-0.041617819460726735,0.030245746691871522,0.023153942428035146,0.1813583815028903,0.26646010844306756,0.007393715341959428,,0.14623243933588756,-0.08913649025069625,0.3545098039215686,0.4124919472417182,61160340.4,44023653.3,1.3892609044329358,0.10541753030580706,0.07588029719215054,1.3892609044329363,False,0.013012282621914117,0.03864976785042029,True,3,2,部分收敛/待确认,-0.2158273381294964,0.4791666666666667,0.07375057463715784,0.04770368263898761,0.006619742888720914,,-0.05436668594563321,15.66,15.23,0.04406130268199249,0.07353906762967832,True,True,False,False,False,True,True,True,True,False,False,False,3,1,0,1,3,1,0,0,9,True,,核心：振幅、流动性（成交量/换手合并）与短期止跌三类证据中至少两类支持+40日趋势仍活；缺失量价/换手必须明示；2%-6%单日加速仅为中等证据,110,False,30,50,34,14,未入选：满足基础条件，但位于本次软容量边界之外（30-50只）
002107,沃华医药,6.84,0.0029325513196480912,0.020895522388059584,0.12131147540983611,0.10500807754442643,0.09440000000000004,0.15540540540540548,,0.11497730711043869,-0.07191316146540028,0.19900497512437812,0.5777609682299544,30913625.4,16884243.4,1.8309156452932918,0.05410189123858146,0.02954909002916676,1.8309156452932926,False,0.0017172295363481194,0.026018950218077874,True,3,2,部分收敛/待确认,-0.17788461538461542,0.49830508474576257,0.04411540222866739,0.030700334520340933,0.02114205592060059,,-0.06301369863013695,6.61,6.03,0.03479576399394846,0.13432835820895517,True,True,False,False,False,True,True,True,True,False,False,False,3,1,0,1,3,1,0,0,9,True,,核心：振幅、流动性（成交量/换手合并）与短期止跌三类证据中至少两类支持+40日趋势仍活；缺失量价/换手必须明示；2%-6%单日加速仅为中等证据,110,False,30,50,34,14,未入选：满足基础条件，但位于本次软容量边界之外（30-50只）
002349,精华制药,7.65,-0.0013054830287205776,0.00657894736842124,0.12334801762114544,0.11030478955007261,0.14179104477611948,0.1823802163833077,,0.1369127516778524,-0.09681227863046049,0.22700296735905034,0.6031319910514547,67228068.2,27754132.3,2.4222723835614204,0.08257141323191033,0.03408840962406841,2.422272383561423,False,0.01281722635221727,0.03013106336981508,True,3,2,部分收敛/待确认,-0.09681227863046049,0.6693548387096774,0.04436860068259385,0.030571469837754828,0.024244694132334654,,-0.08492822966507163,7.45,6.74,0.02684563758389258,0.13501483679525217,True,True,False,False,False,True,True,True,True,False,False,False,3,1,0,1,3,1,0,0,9,True,距离短周期稳健上沿较远,核心：振幅、流动性（成交量/换手合并）与短期止跌三类证据中至少两类支持+40日趋势仍活；缺失量价/换手必须明示；2%-6%单日加速仅为中等证据,110,False,30,50,34,14,未入选：满足基础条件，但位于本次软容量边界之外（30-50只）
002548,金新农,4.57,-0.0021834061135370675,0.0627906976744188,0.1396508728179553,0.09330143540669877,0.1283950617283951,0.14250000000000007,,0.1220095693779906,-0.02558635394456288,0.11586901763224168,1.0529956313709201,41935577.0,31880440.6,1.315401425160981,0.05212810822636332,0.03962904952758718,1.315401425160982,False,0.019870609981515575,0.024852071005917242,True,3,1,结构未成熟,-0.29692307692307685,0.36513157894736853,0.07923013342779561,0.02028364116094994,0.012193078018939207,,0.024663677130045025,4.18,3.97,0.09330143540669877,0.1511335012594459,True,False,False,False,False,True,False,True,True,True,True,False,0,0,0,1,3,1,4,0,9,False,振幅、量能、换手或短期趋势尚未形成两类收敛支持,核心：振幅、流动性（成交量/换手合并）与短期止跌三类证据中至少两类支持+40日趋势仍活；缺失量价/换手必须明示；2%-6%单日加速仅为中等证据,110,False,30,50,34,14,未入选：未满足二级结构筛选最低资格条件
002686,亿利达,6.55,0.001529051987767538,-0.03676470588235292,0.056451612903225756,0.029874213836477814,0.19090909090909092,0.11394557823129259,,0.07298136645962729,-0.1266666666666667,0.25418060200668885,0.2871240601503759,17967382.2,39800468.8,0.4514364463968324,0.034372032517244445,0.07613925014603255,0.4514364463968325,True,-0.019050410316529875,0.011039832910636926,False,3,2,部分收敛/待确认,-0.22393364928909953,0.46458923512747874,0.005680945800706327,0.0418816555055439,0.019185069263316423,,-0.050724637681159535,6.44,6.05,0.017080745341614856,0.0826446280991735,True,True,True,True,True,False,True,True,True,False,False,False,3,1,1,0,3,1,0,0,9,True,,核心：振幅、流动性（成交量/换手合并）与短期止跌三类证据中至少两类支持+40日趋势仍活；缺失量价/换手必须明示；2%-6%单日加速仅为中等证据,110,False,30,50,34,14,未入选：满足基础条件，但位于本次软容量边界之外（30-50只）
002703,浙江世宝,16.86,-0.014611338398597296,0.016887816646562248,0.17246175243393602,0.13765182186234814,0.3585817888799354,0.0962288686605981,,0.17396593673965932,-0.12642487046632134,0.33789954337899525,0.514845137107911,85026669.6,61459293.6,1.3834631773249015,0.1450848034012991,0.10487073727675107,1.3834631773249022,False,0.02444987775061125,0.06705303171932431,True,3,2,部分收敛/待确认,-0.31768514771347633,0.415922619047619,0.06604280610793212,0.06218899768396424,0.00478117798135691,,-0.08716838115863557,16.44,13.87,0.025547445255474255,0.2155731795241529,True,True,False,False,False,True,True,True,True,False,False,False,3,1,0,1,3,1,0,0,9,True,距离短周期稳健上沿较远,核心：振幅、流动性（成交量/换手合并）与短期止跌三类证据中至少两类支持+40日趋势仍活；缺失量价/换手必须明示；2%-6%单日加速仅为中等证据,110,False,30,50,34,14,未入选：满足基础条件，但位于本次软容量边界之外（30-50只）
002716,湖南白银,10.7,-0.04634581105169355,-0.01291512915129156,-0.06631762652705075,0.13829787234042534,0.4538043478260867,0.1875693673695893,,0.1630218687872762,-0.11570247933884303,0.3580246913580246,0.4553369438541164,249416672.2,369439694.4,0.675121477146826,0.10739258757032728,0.15907150224902633,0.6751214771468258,True,-0.010414796193212394,0.019792907541464455,False,3,2,部分收敛/待确认,-0.21496698459281005,0.5765895953757224,0.028895619981729848,0.06438286048552189,0.04108466640655495,,-0.08390410958904115,10.06,10.06,0.06361829025844923,0.06361829025844923,True,True,True,True,True,False,True,True,True,False,False,False,3,1,1,0,3,1,0,0,9,True,距离短周期稳健上沿较远,核心：振幅、流动性（成交量/换手合并）与短期止跌三类证据中至少两类支持+40日趋势仍活；缺失量价/换手必须明示；2%-6%单日加速仅为中等证据,110,False,30,50,34,14,未入选：满足基础条件，但位于本次软容量边界之外（30-50只）
002721,金一文化,2.98,-0.053968253968254,0.03114186851211076,0.04561403508771922,0.07581227436823101,0.36697247706422,0.23140495867768607,,0.1493055555555556,-0.09969788519637468,0.24399999999999994,0.6119080145719493,252893101.4,175938779.6,1.4373926088094795,0.09509480898040534,0.06615785304417811,1.4373926088094795,False,0.013175230566534912,0.03318508381799523,True,3,2,部分收敛/待确认,-0.09969788519637468,0.7179487179487178,0.03167734118054377,0.05089857986678403,0.032490483958673266,,-0.06289308176100639,2.88,2.74,0.03472222222222232,0.0875912408759123,True,True,False,False,False,True,True,True,True,False,False,False,3,1,0,1,3,1,0,0,9,True,,核心：振幅、流动性（成交量/换手合并）与短期止跌三类证据中至少两类支持+40日趋势仍活；缺失量价/换手必须明示；2%-6%单日加速仅为中等证据,110,False,30,50,34,14,未入选：满足基础条件，但位于本次软容量边界之外（30-50只）
002918,蒙娜丽莎,10.91,-0.002742230347349106,-0.05130434782608695,0.11213047910295604,0.08991008991008997,0.24685714285714289,-0.05785837651122627,,0.10599078341013829,-0.1243980738362761,0.2871900826446282,0.3690614328813447,24198695.8,17276346.9,1.4006836016935966,0.11296981801037995,0.0806533451764451,1.4006836016935962,False,-0.004637887977167243,0.02768622280817401,True,3,2,部分收敛/待确认,-0.41058887088060514,0.27411652340019105,0.042124367179291244,0.04153125106907063,-0.018986099754701447,,-0.09083333333333332,10.85,9.68,0.0055299539170508005,0.12706611570247928,True,True,False,False,False,True,True,True,True,False,False,False,3,1,0,1,3,1,0,0,9,True,距离短周期稳健上沿较远,核心：振幅、流动性（成交量/换手合并）与短期止跌三类证据中至少两类支持+40日趋势仍活；缺失量价/换手必须明示；2%-6%单日加速仅为中等证据,110,False,30,50,34,14,未入选：满足基础条件，但位于本次软容量边界之外（30-50只）
300333,兆日科技,12.02,-0.018775510204081636,-0.027508090614886682,0.12652296157450804,0.7001414427157,0.4605103280680436,0.16135265700483092,,0.09847198641765706,-0.1612002791346825,0.3953261927945473,0.24909046810574825,46807772.2,53855434.8,0.8691373929822958,0.13981648495219398,0.16086810449201563,0.8691373929822955,True,-0.04527651574494762,0.029564489112227754,False,3,2,部分收敛/待确认,-0.1612002791346825,0.7023195876288659,0.04968998340756259,0.08451010210732157,0.019582778517532207,,-0.06604506604506599,11.78,10.3,0.02037351443123936,0.16699029126213571,True,True,True,True,True,False,True,True,True,False,False,False,3,1,1,0,3,1,0,0,9,True,,核心：振幅、流动性（成交量/换手合并）与短期止跌三类证据中至少两类支持+40日趋势仍活；缺失量价/换手必须明示；2%-6%单日加速仅为中等证据,110,False,30,50,34,14,未入选：满足基础条件，但位于本次软容量边界之外（30-50只）
300386,飞天诚信,12.16,-0.03107569721115544,0.02443133951137333,0.015873015873015817,0.032258064516129004,0.2895015906680807,0.20158102766798436,,0.16666666666666674,-0.1137026239067056,0.19781221513217864,0.8425499231950849,22540131.4,22082710.8,1.0207139695910883,0.08763398420341711,0.08585557444513515,1.0207139695910885,False,0.006774193548387153,0.0167322834645669,True,3,2,部分收敛/待确认,-0.24189526184538646,0.4449213161659514,0.01574572944075503,0.045433975925422976,0.02944758454860552,,-0.07808946171341924,11.76,11.68,0.03401360544217691,0.041095890410958846,True,True,False,False,False,True,True,True,True,False,False,False,3,1,0,1,3,1,0,0,9,True,,核心：振幅、流动性（成交量/换手合并）与短期止跌三类证据中至少两类支持+40日趋势仍活；缺失量价/换手必须明示；2%-6%单日加速仅为中等证据,110,False,30,50,34,14,未入选：满足基础条件，但位于本次软容量边界之外（30-50只）
300802,矩子科技,25.5,0.08742004264392333,0.035322777101096214,0.08326253186066279,0.10246433203631655,0.3783783783783783,0.10151187904967607,,0.14622435617634227,-0.028941355674029,0.1412793373216751,1.0350017132612108,11030988.0,7823276.0,1.4100215817516857,0.054511784078346184,0.03866024803012274,1.4100215817516863,False,0.018829516539440316,0.017702899170443986,True,3,1,结构未成熟,-0.08339324227174694,0.8155802861685214,0.09065246679925565,0.040601779093364376,0.003472404903456461,,0.012306470821754623,22.91,22.5,0.11305106940200793,0.1333333333333333,True,False,False,False,False,True,False,True,True,True,True,False,0,0,0,1,3,1,4,0,9,False,振幅、量能、换手或短期趋势尚未形成两类收敛支持,核心：振幅、流动性（成交量/换手合并）与短期止跌三类证据中至少两类支持+40日趋势仍活；缺失量价/换手必须明示；2%-6%单日加速仅为中等证据,110,False,30,50,34,14,未入选：未满足二级结构筛选最低资格条件
300981,中红医疗,15.68,-0.049696969696969684,0.02752293577981657,0.08587257617728539,0.01950585175552666,0.5695695695695695,0.42286751361161534,,0.1173402868318123,-0.08731082654249123,0.20476858345021037,0.5730385240485081,18240646.0,18113235.8,1.0070340938199458,0.04641416705224382,0.046089965907889635,1.0070340938199456,False,0.007728745948641258,0.026993865030674913,True,3,2,部分收敛/待确认,-0.11959573273441881,0.7523255813953489,0.010341828022810029,0.0690125285005756,0.05943001653535673,,-0.07656065959952885,15.34,14.26,0.022164276401564598,0.09957924263674611,True,True,False,False,False,True,True,True,True,False,False,False,3,1,0,1,3,1,0,0,9,True,,核心：振幅、流动性（成交量/换手合并）与短期止跌三类证据中至少两类支持+40日趋势仍活；缺失量价/换手必须明示；2%-6%单日加速仅为中等证据,110,False,30,50,34,14,未入选：满足基础条件，但位于本次软容量边界之外（30-50只）
301123,奕东电子,80.1,0.05145707534786026,-0.0018691588785046953,0.08713355048859928,0.13617021276595742,-0.14959125172523624,-0.1422146069822232,,0.12985274431057567,-0.050947867298578364,0.17242355605889004,0.753103272421927,11894111.6,9053794.8,1.3137156145840636,0.07206733941973283,0.05485764089250783,1.3137156145840643,False,0.011061093247588527,0.023204564832425945,True,3,2,部分收敛/待确认,-0.3967010619868947,0.37215401120514946,0.04914339602871065,0.018961369746709922,-0.03622535475108879,,-0.04060366510959401,74.7,70.64,0.07228915662650581,0.13391845979614936,True,True,False,False,False,True,True,False,True,False,True,True,3,1,0,1,0,1,2,1,9,False,40日趋势偏弱,核心：振幅、流动性（成交量/换手合并）与短期止跌三类证据中至少两类支持+40日趋势仍活；缺失量价/换手必须明示；2%-6%单日加速仅为中等证据,110,False,30,50,34,14,未入选：未满足二级结构筛选最低资格条件
301183,东田微,242.75,0.14429150560950332,0.0569052594914663,0.03214422381903992,0.34928575398810513,0.2000098867961837,0.0969768177504633,,0.17671161084377535,-0.09718089854210055,0.3309573309573309,0.5339407661181499,3586811.6,6071340.1,0.5907775780836261,0.061104555129851135,0.1034307282413512,0.5907775780836257,True,-0.020254649900171673,-0.01281684027777763,False,3,2,部分收敛/待确认,-0.15898697339246115,0.7051529169879209,0.1008146708779536,0.036287962991818024,0.008980674619247786,,0.05232356511184322,209.89,209.89,0.1565581971508887,0.1565581971508887,True,True,True,True,True,False,True,True,True,False,False,False,3,1,1,0,3,1,0,0,9,True,,核心：振幅、流动性（成交量/换手合并）与短期止跌三类证据中至少两类支持+40日趋势仍活；缺失量价/换手必须明示；2%-6%单日加速仅为中等证据,110,False,30,50,34,14,未入选：满足基础条件，但位于本次软容量边界之外（30-50只）
301449,天溯计量,42.95,0.019705603038936426,-0.06099693922168781,-0.031567080045095786,0.052180303772660475,0.2801788375558869,0.07107231920199508,,0.10930399425974648,-0.11534500514933044,0.26267880364109214,0.4161127306225005,2024664.4,3925523.7,0.5157692462791652,0.09855508894087506,0.19108368645836465,0.5157692462791652,True,-0.0466014305147221,0.004620906235980327,False,3,2,部分收敛/待确认,-0.41620225635449226,0.2981893192757278,0.001363906601541176,0.05090408303792304,0.011459135718056679,,-0.06345399040558208,41.81,41.81,0.02726620425735482,0.02726620425735482,True,True,True,True,True,False,True,True,True,False,False,False,3,1,1,0,3,1,0,0,9,True,,核心：振幅、流动性（成交量/换手合并）与短期止跌三类证据中至少两类支持+40日趋势仍活；缺失量价/换手必须明示；2%-6%单日加速仅为中等证据,110,False,30,50,34,14,未入选：满足基础条件，但位于本次软容量边界之外（30-50只）
600500,中化国际,5.5,0.020408163265306145,-0.03169014084507038,0.024208566108007368,0.03578154425612068,-0.06779661016949157,-0.3064312736443884,,0.08614232209737828,-0.05982905982905973,0.17234468937875738,0.4998257991464162,103728838.2,143831495.1,0.7211830630550125,0.028907464815162914,0.040083393934277484,0.7211830630550118,True,-0.019203413940256153,0.007862497714390182,False,3,2,部分收敛/待确认,-0.4416243654822335,0.23951048951048953,0.013451262207481163,0.02232055703780822,-0.019572474693086317,,-0.03677758318739055,5.34,5.15,0.029962546816479474,0.06796116504854366,True,True,True,True,True,False,True,False,True,False,True,True,3,1,1,0,0,1,2,1,9,False,40日趋势偏弱,核心：振幅、流动性（成交量/换手合并）与短期止跌三类证据中至少两类支持+40日趋势仍活；缺失量价/换手必须明示；2%-6%单日加速仅为中等证据,110,False,30,50,34,14,未入选：未满足二级结构筛选最低资格条件
600610,中毅达,8.68,0.015204678362572999,-0.09865005192108,0.002309468822170757,0.20723226703755215,0.43471074380165287,0.06633906633906617,,0.15467625899280588,-0.1258811681772407,0.4370477568740954,0.3539115727285725,80167806.4,88975074.4,0.9010142103348441,0.11311526126280229,0.12554215012964695,0.9010142103348441,True,-0.029718004338394555,0.024483809093986286,False,3,2,部分收敛/待确认,-0.2542955326460482,0.47887323943661964,0.04830917874396112,0.055079614263287446,0.03050975933295441,,-0.09865005192108,8.34,8.34,0.04076738609112707,0.04076738609112707,True,True,True,True,True,False,True,True,True,False,False,False,3,1,1,0,3,1,0,0,9,True,距离短周期稳健上沿较远,核心：振幅、流动性（成交量/换手合并）与短期止跌三类证据中至少两类支持+40日趋势仍活；缺失量价/换手必须明示；2%-6%单日加速仅为中等证据,110,False,30,50,34,14,未入选：满足基础条件，但位于本次软容量边界之外（30-50只）
600746,江苏索普,7.18,0.00419580419580412,-0.008287292817679592,0.07646176911544234,0.03309352517985609,0.3834296724470134,0.17128874388254478,,0.08368794326241133,-0.060209424083769614,0.12248062015503876,0.6832749798007001,21771380.2,15222694.7,1.430192264185657,0.018642388028627936,0.013034882438860602,1.4301922641856595,False,0.00915903413821817,0.025482291966599346,True,3,2,部分收敛/待确认,-0.33271375464684017,0.37521815008725995,0.045961104231917904,0.024572380039356023,0.025402641437204387,,-0.05277044854881274,7.05,6.63,0.018439716312056653,0.08295625942684759,True,True,False,False,False,True,True,True,True,False,False,False,3,1,0,1,3,1,0,0,9,True,,核心：振幅、流动性（成交量/换手合并）与短期止跌三类证据中至少两类支持+40日趋势仍活；缺失量价/换手必须明示；2%-6%单日加速仅为中等证据,110,False,30,50,34,14,未入选：满足基础条件，但位于本次软容量边界之外（30-50只）
600801,华新建材,24.44,-0.014516129032258074,0.046680942184154084,0.03603221704111914,0.017485428809325576,0.2938062466913711,0.2986184909670564,,0.09908336970755127,-0.029388403494837068,0.09453405017921145,1.048123607522533,11592535.4,9325568.5,1.2430915498610084,0.00864019953276368,0.006950573780128861,1.2430915498610093,False,0.015756656555443227,0.015250637213254148,True,3,1,结构未成熟,-0.029388403494837068,0.9281553398058254,0.038938955959870736,0.02281206222812071,0.043964667969076165,,-0.00040899795501014857,22.91,22.91,0.0667830641641205,0.0667830641641205,True,False,False,False,False,True,False,True,True,True,True,False,0,0,0,1,3,1,4,0,9,False,振幅、量能、换手或短期趋势尚未形成两类收敛支持,核心：振幅、流动性（成交量/换手合并）与短期止跌三类证据中至少两类支持+40日趋势仍活；缺失量价/换手必须明示；2%-6%单日加速仅为中等证据,110,False,30,50,34,14,未入选：未满足二级结构筛选最低资格条件
603016,新宏泰,32.18,-0.024848484848484897,0.0018679950186799577,0.11542461005199289,0.09904371584699456,0.08204438466711506,-0.10011185682326618,,0.10800627943485079,-0.08812694814395017,0.2093862815884477,0.5158230931629942,7843676.8,4707217.9,1.6663084154230463,0.052940583153347695,0.0317711791306695,1.6663084154230476,False,0.036891875077765146,0.02901937871263005,True,3,2,部分收敛/待确认,-0.47072368421052635,0.21995094031071138,0.05213254646809773,0.038190698267961176,-0.04032717590626078,,-0.06832657788071794,31.85,28.06,0.010361067503924515,0.1468282252316464,True,True,False,False,False,True,True,True,True,False,False,False,3,1,0,1,3,1,0,0,9,True,,核心：振幅、流动性（成交量/换手合并）与短期止跌三类证据中至少两类支持+40日趋势仍活；缺失量价/换手必须明示；2%-6%单日加速仅为中等证据,110,False,30,50,34,14,未入选：满足基础条件，但位于本次软容量边界之外（30-50只）
603052,可川科技,58.3,0.05846042120551931,-0.030111462319081683,0.02604716649067229,0.08606557377049184,-0.08877774304470143,-0.293590209620744,,0.10999083409715858,-0.05341776262380271,0.16037735849056603,0.6858252008411065,4005909.6,6130894.1,0.6533972915956908,0.02131967826974736,0.03262896639452182,0.6533972915956906,True,-0.021468309498617777,-0.005694819606696044,False,3,2,部分收敛/待确认,-0.5160620901469246,0.18806321013451743,0.012302162645529302,0.015777393530284067,-0.07524489810738011,,-0.03508771929824572,54.55,53.72,0.06874427131072403,0.0852568875651527,True,True,True,True,True,False,True,False,True,False,True,True,3,1,1,0,0,1,2,1,9,False,40日趋势偏弱,核心：振幅、流动性（成交量/换手合并）与短期止跌三类证据中至少两类支持+40日趋势仍活；缺失量价/换手必须明示；2%-6%单日加速仅为中等证据,110,False,30,50,34,14,未入选：未满足二级结构筛选最低资格条件
603216,梦天家居,22.16,0.002714932126696823,-0.02163355408388512,0.07834549878345487,0.03745318352059934,0.1306122448979592,-0.02206531332744921,,0.14019562179785755,-0.09477124183006536,0.149746192893401,0.9362216099721337,12462749.2,4063143.4,3.0672678695022184,0.055964565988593964,0.01824573802146477,3.067267869502224,False,0.03287197231833927,0.02189542483660145,True,3,2,部分收敛/待确认,-0.39896935177651205,0.2487231869254342,0.037550332428129884,0.03273721790966588,-0.011238719611406878,,-0.08011623080116226,21.47,20.15,0.03213786679087094,0.0997518610421837,True,True,False,False,False,True,True,True,True,False,False,False,3,1,0,1,3,1,0,0,9,True,距离短周期稳健上沿较远,核心：振幅、流动性（成交量/换手合并）与短期止跌三类证据中至少两类支持+40日趋势仍活；缺失量价/换手必须明示；2%-6%单日加速仅为中等证据,110,False,30,50,34,14,未入选：满足基础条件，但位于本次软容量边界之外（30-50只）
603366,日出东方,7.64,-0.024265644955300147,-0.010362694300518172,0.043715846994535346,0.10086455331412103,0.20695102685624,0.10404624277456653,,0.07549668874172177,-0.059113300492610765,0.18540145985401454,0.40720654951243646,36695346.4,33981177.0,1.07987273071795,0.045133057139998135,0.04179479290118895,1.0798727307179508,False,0.01979936642027491,0.015566290928609838,True,3,2,部分收敛/待确认,-0.3067150635208712,0.300207039337474,0.03980945899965982,0.030532159264931025,0.010265891454010134,,-0.059113300492610765,7.55,7.14,0.01192052980132452,0.07002801120448177,True,True,False,False,False,True,True,True,True,False,False,False,3,1,0,1,3,1,0,0,9,True,,核心：振幅、流动性（成交量/换手合并）与短期止跌三类证据中至少两类支持+40日趋势仍活；缺失量价/换手必须明示；2%-6%单日加速仅为中等证据,110,False,30,50,34,14,未入选：满足基础条件，但位于本次软容量边界之外（30-50只）
603396,金辰股份,29.08,0.007623007623007494,-0.05767984445884644,0.13905209557383458,0.16459751702042458,0.25996533795493937,-0.011220673240394441,,0.10814606741573028,-0.09745499689633774,0.28468899521531105,0.3798744216787836,6476048.2,6670931.4,0.9707862083546535,0.04674919585268126,0.048156015660661876,0.9707862083546536,True,-0.0297936853206775,0.0371732748558693,False,3,2,部分收敛/待确认,-0.290904657400634,0.39838628340897625,0.049952160020219294,0.046431393205161875,-0.00290903019483435,,-0.07858048162230669,28.48,25.19,0.02106741573033699,0.15442635966653429,True,True,True,True,True,False,True,True,True,False,False,False,3,1,1,0,3,1,0,0,9,True,,核心：振幅、流动性（成交量/换手合并）与短期止跌三类证据中至少两类支持+40日趋势仍活；缺失量价/换手必须明示；2%-6%单日加速仅为中等证据,110,False,30,50,34,14,未入选：满足基础条件，但位于本次软容量边界之外（30-50只）
603626,科森科技,19.72,0.09983268265476841,-0.051010587102983784,0.012320328542094305,0.2504755865567534,0.2616762635956493,-0.06540284360189585,,0.17330342120022454,-0.06095238095238098,0.3770491803278688,0.45963081274842166,37955841.2,56254342.7,0.6747184195612332,0.0684037312665021,0.10138115291262503,0.6747184195612334,True,-0.025473217881595067,0.011850783182193014,False,3,2,部分收敛/待确认,-0.31976543635736465,0.4708904109589041,0.07439592470511314,0.06473673169708416,-0.02790811615504929,,-0.05736137667304031,17.83,17.83,0.10600112170499165,0.10600112170499165,True,True,True,True,True,False,True,True,True,False,False,False,3,1,1,0,3,1,0,0,9,True,,核心：振幅、流动性（成交量/换手合并）与短期止跌三类证据中至少两类支持+40日趋势仍活；缺失量价/换手必须明示；2%-6%单日加速仅为中等证据,110,False,30,50,34,14,未入选：满足基础条件，但位于本次软容量边界之外（30-50只）
605167,利柏特,16.34,0.018068535825545018,0.13947001394700131,0.09885675857431075,0.09224598930481287,0.08933333333333326,0.19970631424375918,,0.1725105189340813,-0.022727272727272707,0.12144886363636358,1.4204374892350091,14159067.0,10710641.0,1.3219626164297729,0.027767907688780142,0.02100506273299389,1.321962616429774,False,0.06859156838823366,0.027153304442036896,True,3,1,结构未成熟,-0.19068845963348202,0.5304878048780487,0.09191753817367787,0.033246109994859996,0.006571815718157348,,-0.015069318866787196,14.26,14.08,0.1458625525946704,0.16051136363636354,True,False,False,False,False,True,False,True,True,True,True,False,0,0,0,1,3,1,4,0,9,False,振幅、量能、换手或短期趋势尚未形成两类收敛支持,核心：振幅、流动性（成交量/换手合并）与短期止跌三类证据中至少两类支持+40日趋势仍活；缺失量价/换手必须明示；2%-6%单日加速仅为中等证据,110,False,30,50,34,14,未入选：未满足二级结构筛选最低资格条件
605488,福莱新材,29.94,0.09992652461425422,0.012512681772066214,0.01182832037850634,0.06321022727272729,0.08125677139761645,-0.12276589510694402,,0.11823946288698253,-0.05313092979127132,0.15328467153284683,0.7713717340722188,7219957.2,6037983.2,1.1957564240986958,0.02462016610035564,0.0218784805713035,1.1253142566329866,False,-0.01840532930430605,-0.009901666211417637,False,3,1,结构未成熟,-0.2780323125150711,0.4297725024727993,0.018159559273617676,0.03022648612544776,-0.03320761089844626,,0.0023434884499498043,26.81,26.81,0.11674748228273035,0.11674748228273035,True,True,False,False,False,False,False,True,True,True,True,False,0,1,0,0,3,1,4,0,9,False,振幅、量能、换手或短期趋势尚未形成两类收敛支持,核心：振幅、流动性（成交量/换手合并）与短期止跌三类证据中至少两类支持+40日趋势仍活；缺失量价/换手必须明示；2%-6%单日加速仅为中等证据,110,False,30,50,34,14,未入选：未满足二级结构筛选最低资格条件
688432,有研硅,45.22,-0.016742770167427756,0.023076923076922995,0.10292682926829255,0.5496915695681974,0.07181796634273518,1.2090864680019542,,0.16000956708921305,-0.11176586132390487,0.31380645161290316,0.5098989082818263,61735265.8,72094065.6,0.8563154995658894,0.04937628893773902,0.05766132805346911,0.8563154995658893,True,-0.017727115117891823,0.027085346939693,False,3,2,部分收敛/待确认,-0.2560052648897664,0.6728343145500421,0.09702696473841899,0.009904465785712357,0.13385255834943255,,-0.0575239683201334,41.81,40.23,0.08155943554173639,0.12403678846631871,True,True,True,True,True,False,True,True,True,False,False,False,3,1,1,0,3,1,0,0,9,True,,核心：振幅、流动性（成交量/换手合并）与短期止跌三类证据中至少两类支持+40日趋势仍活；缺失量价/换手必须明示；2%-6%单日加速仅为中等证据,110,False,30,50,34,14,未入选：满足基础条件，但位于本次软容量边界之外（30-50只）
688603,天承科技,120.52,0.021355932203389827,0.011413225914736591,0.15462732324200035,0.08196426968309534,-0.06646010844306738,-0.21907600596125198,,0.1710198431010614,-0.050126103404791955,0.26512788521522146,0.645046608214121,7438738.4,5013949.8,1.483608471708273,0.059641345273845195,0.04020019190452066,1.4836084717082731,False,0.023376172282042473,0.040994397886268796,True,3,2,部分收敛/待确认,-0.43608459666853827,0.3698018797755088,0.0752457934086328,0.026079113599013937,-0.0632645540748521,,-0.03583999999999998,108.35,96.18,0.11232118135671443,0.25306716573092114,True,True,False,False,False,True,True,False,True,False,True,True,3,1,0,1,0,1,2,1,9,False,40日趋势偏弱,核心：振幅、流动性（成交量/换手合并）与短期止跌三类证据中至少两类支持+40日趋势仍活；缺失量价/换手必须明示；2%-6%单日加速仅为中等证据,110,False,30,50,34,14,未入选：未满足二级结构筛选最低资格条件
688825,长鑫科技,58.47,0.06697080291970803,0.007929667298741672,0.03303886925795041,0.1397660818713451,,,,0.09203703703703701,-0.053883495145631066,0.11637224549262432,0.790884773662551,246284202.4,309976340.3,0.7945258085234578,0.05469288717821308,0.0688371436037478,0.7945258085234576,True,-0.024114465189321366,-0.005863614086676461,False,3,2,部分收敛/待确认,-0.053883495145631066,0.8594343604896582,0.03426317372154308,,,,-0.006963315217391353,54.0,54.0,0.08277777777777784,0.08277777777777784,True,True,True,True,True,False,True,False,False,True,True,False,3,1,1,0,0,0,4,0,9,False,,核心：振幅、流动性（成交量/换手合并）与短期止跌三类证据中至少两类支持+40日趋势仍活；缺失量价/换手必须明示；2%-6%单日加速仅为中等证据,110,False,30,50,34,14,未入选：未满足二级结构筛选最低资格条件
000062,深圳华强,24.05,0.011779554059739183,-0.020366598778004064,0.09967992684042071,0.03485370051635117,-0.15197461212976016,-0.1640597844977406,,0.05977108944467995,-0.03799999999999992,0.1612149532710282,0.3707540040916376,34400517.6,24195140.8,1.4217944786665593,0.03292665852802104,0.023158521869420617,1.421794478666561,False,0.00024785194976861824,0.023812605150769883,True,3,2,部分收敛/待确认,-0.4006977323697982,0.17917304747320065,0.030177121929279682,0.014438840775756745,-0.04840309583874214,,-0.03645833333333337,23.59,21.4,0.019499788045782118,0.12383177570093462,True,True,False,False,False,True,True,False,True,False,True,False,3,1,0,1,0,1,2,0,8,False,40日趋势偏弱,核心：振幅、流动性（成交量/换手合并）与短期止跌三类证据中至少两类支持+40日趋势仍活；缺失量价/换手必须明示；2%-6%单日加速仅为中等证据,145,False,30,50,34,14,未入选：未满足二级结构筛选最低资格条件
002222,福晶科技,68.29,0.06040372670807459,-0.03134751773049638,0.09089456869009593,0.11694471704285259,-0.03938669292446195,-0.2434079326390427,,0.1055512118842846,-0.034087694483734055,0.1738625041514447,0.6070958910861145,17633205.8,25576217.2,0.6894375998652373,0.037665579923520195,0.05463232630608285,0.6894375998652368,True,-0.021620351330709275,0.012305454104596603,False,3,2,部分收敛/待确认,-0.4512214721954355,0.2721026704692768,0.03897091824703147,0.024942425758083697,-0.05615458216506497,,-0.03271954674220945,63.95,60.22,0.06786551993745116,0.13400863500498184,True,True,True,True,True,False,True,False,True,False,True,False,3,1,1,0,0,1,2,0,8,False,40日趋势偏弱,核心：振幅、流动性（成交量/换手合并）与短期止跌三类证据中至少两类支持+40日趋势仍活；缺失量价/换手必须明示；2%-6%单日加速仅为中等证据,145,False,30,50,34,14,未入选：未满足二级结构筛选最低资格条件
002957,科瑞技术,40.92,0.09999999999999987,-0.019175455417066112,0.001468428781204123,0.04361132364192799,-0.019410496046009973,-0.1837223219628965,,0.14959349593495944,-0.08415398388540729,0.1635416666666667,0.9147118222774588,14660021.0,19736996.1,0.7427686019555934,0.034999599403180745,0.04712046162295002,0.7427686019555927,True,-0.03791678961345535,-0.016267521221165038,False,3,2,部分收敛/待确认,-0.4322974472807991,0.35646427096241223,0.007894185888988936,0.008566307008169849,-0.0647282022029757,,-0.022222222222222254,36.9,36.9,0.10894308943089448,0.10894308943089448,True,True,True,True,True,False,True,False,True,False,True,False,3,1,1,0,0,1,2,0,8,False,40日趋势偏弱,核心：振幅、流动性（成交量/换手合并）与短期止跌三类证据中至少两类支持+40日趋势仍活；缺失量价/换手必须明示；2%-6%单日加速仅为中等证据,145,False,30,50,34,14,未入选：未满足二级结构筛选最低资格条件
002975,博杰股份,104.53,0.09996843102178254,-0.031232622798887943,-0.0399522409992652,0.035052975542132936,-0.07659010600706717,-0.13874927906401913,,0.17835073513743868,-0.08307017543859652,0.23510292524377036,0.7586070439256031,15179501.0,17831459.7,0.851276410085485,0.10978705753050451,0.12896757883785334,0.8512764100854846,True,-0.032826771197404625,-0.003190983773508016,False,3,2,部分收敛/待确认,-0.33829208077483064,0.5026061057334327,0.029243796770382025,0.024623503437382288,-0.04305867635811711,,-0.047128532360984465,93.86,93.86,0.11367994886000421,0.11367994886000421,True,True,True,True,True,False,True,False,True,False,True,False,3,1,1,0,0,1,2,0,8,False,40日趋势偏弱,核心：振幅、流动性（成交量/换手合并）与短期止跌三类证据中至少两类支持+40日趋势仍活；缺失量价/换手必须明示；2%-6%单日加速仅为中等证据,145,False,30,50,34,14,未入选：未满足二级结构筛选最低资格条件
688123,聚辰股份,137.79,0.10003193357815743,-0.022973835354180072,0.04063137225285085,0.05102974828375295,-0.2551891891891892,0.13398074232573443,,0.1474617244157938,-0.10525974025974028,0.24193548387096775,0.6095084609186143,6800587.2,9310366.8,0.7304317161811498,0.04279087014180248,0.05859166946507953,0.7303234492627952,True,-0.03166052635441563,-0.012643550828994599,False,3,2,部分收敛/待确认,-0.416119327090131,0.2743127401714454,0.006559915846068298,0.0027295909205187208,0.007288347644506921,,-0.03135325131810196,124.1,124.0,0.110314262691378,0.11120967741935472,True,True,True,True,True,False,True,False,True,False,True,False,3,1,1,0,0,1,2,0,8,False,40日趋势偏弱,核心：振幅、流动性（成交量/换手合并）与短期止跌三类证据中至少两类支持+40日趋势仍活；缺失量价/换手必须明示；2%-6%单日加速仅为中等证据,145,False,30,50,34,14,未入选：未满足二级结构筛选最低资格条件
688378,奥来德,44.9,0.06676170111665458,0.0042496085886825075,0.028165788871078457,0.08297153883260977,-0.09017223910840932,0.03337169159953968,,0.15865384615384617,-0.11387408723110326,0.2595078299776288,0.6113643899204242,10297328.0,10711784.9,0.9613083250019331,0.04130840296912466,0.04383157171396962,0.9424349014607477,True,0.00013582650427834686,-0.013661016179907781,False,3,2,部分收敛/待确认,-0.2860550166958181,0.42339743589743584,0.016791784141218402,0.017607766802090197,-0.011952092413450743,,-0.032327586206896575,41.6,40.23,0.0793269230769229,0.11608252547849873,True,True,True,True,True,False,True,False,True,False,True,False,3,1,1,0,0,1,2,0,8,False,40日趋势偏弱,核心：振幅、流动性（成交量/换手合并）与短期止跌三类证据中至少两类支持+40日趋势仍活；缺失量价/换手必须明示；2%-6%单日加速仅为中等证据,145,False,30,50,34,14,未入选：未满足二级结构筛选最低资格条件
688661,和林微纳,104.15,0.07481940144478849,-0.035648148148148096,0.03415748187866163,0.006766553890768412,-0.219557886849007,-0.1913819875776398,,0.13866163205370252,-0.07008928571428563,0.23076923076923078,0.6008670722327109,3494571.8,4172163.1,0.8375923271072504,0.02300758324106894,0.02746871299612909,0.8375923271072505,True,-0.04028917840198809,0.005045871559633097,False,3,2,部分收敛/待确认,-0.41158192090395473,0.33439926907263595,0.014528753098866698,0.018673274717982524,-0.02357949433147377,,-0.040445918555371274,95.34,91.0,0.09240612544577309,0.14450549450549466,True,True,True,True,True,False,True,False,True,False,True,False,3,1,1,0,0,1,2,0,8,False,40日趋势偏弱,核心：振幅、流动性（成交量/换手合并）与短期止跌三类证据中至少两类支持+40日趋势仍活；缺失量价/换手必须明示；2%-6%单日加速仅为中等证据,145,False,30,50,34,14,未入选：未满足二级结构筛选最低资格条件
000520,凤凰航运,4.4,-0.009009009009009028,0.05011933174224348,0.032863849765258246,0.1055276381909549,0.08108108108108114,0.06024096385542177,,0.11510791366906485,-0.053763440860215006,0.10804020100502516,1.065417433495065,84429748.0,36073409.4,2.340498150973221,0.08342172533588146,0.03564272217057433,2.3404981509732217,False,0.028937381404174456,0.007775683317625015,True,3,1,结构未成熟,-0.11999999999999988,0.6491228070175441,0.05074626865671661,0.026194274200318945,0.0031076218514884957,,-0.045553145336225564,4.17,4.13,0.05515587529976029,0.06537530266343827,True,False,False,False,False,True,False,True,True,False,True,False,0,0,0,1,3,1,2,0,7,False,振幅、量能、换手或短期趋势尚未形成两类收敛支持,核心：振幅、流动性（成交量/换手合并）与短期止跌三类证据中至少两类支持+40日趋势仍活；缺失量价/换手必须明示；2%-6%单日加速仅为中等证据,152,False,30,50,34,14,未入选：未满足二级结构筛选最低资格条件
002579,中京电子,15.51,0.10000000000000009,0.05653950953678466,0.11824080749819754,0.046558704453441235,-0.02880400751408896,0.02715231788079464,,0.14888888888888888,-0.010210593490746711,0.19345011424219338,0.7696500437445322,63389782.0,64927320.7,0.9763190798045668,0.10864865517380698,0.11128396179203584,0.9763190798045666,True,-0.0032172331794656506,-0.0046826949958064246,True,3,3,收敛较充分,-0.3371794871794872,0.4120715350223547,0.06980273141122906,0.026675922253074358,-0.037182688306283906,,0.05295315682281054,13.5,13.13,0.14888888888888885,0.1812642802741813,True,True,True,True,True,True,True,False,True,False,False,False,3,1,1,1,0,1,0,0,7,False,40日趋势偏弱,核心：振幅、流动性（成交量/换手合并）与短期止跌三类证据中至少两类支持+40日趋势仍活；缺失量价/换手必须明示；2%-6%单日加速仅为中等证据,152,False,30,50,34,14,未入选：未满足二级结构筛选最低资格条件
301018,申菱环境,106.52,0.03497862417411568,-0.020955882352941213,0.18751393534002214,0.19123238649071794,-0.03688969258589514,0.08472505091649696,,0.14840114840114835,-0.0817241379310345,0.2960728649160159,0.5012318452190606,20620731.6,20612018.9,1.000422699981126,0.07291040319899977,0.07287959699472564,1.0004226999811259,False,0.00437854699891016,0.05611401954734552,True,3,2,部分收敛/待确认,-0.1997595973255204,0.6326840723856885,0.07778857050348065,0.03209855317304022,0.013130572859411549,,-0.06553206421615931,101.01,86.85,0.054549054549054565,0.22648244099021309,True,True,False,False,False,True,True,False,True,False,False,True,3,1,0,1,0,1,0,1,7,False,40日趋势偏弱,核心：振幅、流动性（成交量/换手合并）与短期止跌三类证据中至少两类支持+40日趋势仍活；缺失量价/换手必须明示；2%-6%单日加速仅为中等证据,152,False,30,50,34,14,未入选：未满足二级结构筛选最低资格条件
301630,同宇新材,190.41,0.057715809354516034,-0.07198557364265523,0.17587846600382884,0.09676861931916347,-0.06551825677267376,-0.039303733602421786,,0.15027215083328657,-0.10831694296150607,0.38124191461837,0.3941648204755023,1858550.0,2250359.2,0.8258903734123867,0.08858801603454766,0.10726365009985842,0.8258903734123868,True,-0.05039761232297746,0.035634179481096595,False,3,2,部分收敛/待确认,-0.39764638891525106,0.369165913881361,0.044610307853092834,0.024226574737159723,0.0049385668891999135,,-0.07112542075223183,178.21,154.6,0.0684585601256944,0.23163001293661067,True,True,True,True,True,False,True,False,True,False,False,True,3,1,1,0,0,1,0,1,7,False,40日趋势偏弱,核心：振幅、流动性（成交量/换手合并）与短期止跌三类证据中至少两类支持+40日趋势仍活；缺失量价/换手必须明示；2%-6%单日加速仅为中等证据,152,False,30,50,34,14,未入选：未满足二级结构筛选最低资格条件
600110,诺德股份,11.37,0.030825022665457835,-0.054862842892768104,0.027100271002709952,0.0922190201729105,-0.014731369150779883,-0.12132921174652245,,0.15490375802016493,-0.0976190476190476,0.2703273495248151,0.5730228861136573,190821907.8,199947342.6,0.9543608097945284,0.1099723402216363,0.11523140838663845,0.9543608097945285,True,-0.013074144159642143,0.01989166148654653,False,3,2,部分收敛/待确认,-0.3827361563517916,0.3794014084507041,0.03940031081451689,0.040248823133826495,-0.005809629390550408,,-0.06955810147299524,10.91,10.43,0.042163153070577275,0.09012464046021096,True,True,True,True,True,False,True,False,True,False,False,True,3,1,1,0,0,1,0,1,7,False,40日趋势偏弱,核心：振幅、流动性（成交量/换手合并）与短期止跌三类证据中至少两类支持+40日趋势仍活；缺失量价/换手必须明示；2%-6%单日加速仅为中等证据,152,False,30,50,34,14,未入选：未满足二级结构筛选最低资格条件
600487,亨通光电,64.0,0.028608164577306416,-0.05016325319085779,0.05907661757405269,0.07346528010734654,-0.08584487930295681,-0.33856965688300955,,0.12708265272786673,-0.11369616396620963,0.26684210526315777,0.4762466275797769,149003165.2,219774695.4,0.6779814433541014,0.060727240030998456,0.08957065215615549,0.6779814433541014,True,-0.04645512557812759,0.010492923377257268,False,3,2,部分收敛/待确认,-0.48738486183420104,0.2758538617160538,0.0049304399711083136,0.026889929715602667,-0.061171799967058904,,-0.06936164025010905,61.22,57.0,0.04540999673309387,0.12280701754385959,True,True,True,True,True,False,True,False,True,False,False,True,3,1,1,0,0,1,0,1,7,False,40日趋势偏弱,核心：振幅、流动性（成交量/换手合并）与短期止跌三类证据中至少两类支持+40日趋势仍活；缺失量价/换手必须明示；2%-6%单日加速仅为中等证据,152,False,30,50,34,14,未入选：未满足二级结构筛选最低资格条件
603011,合锻智能,26.33,0.08801652892561984,-0.017537313432835933,0.16042309387395304,0.09937369519832973,0.18925022583559148,-0.15364834458373522,,0.12744689712619736,-0.047739602169981965,0.27890841813135975,0.4569489081042103,51000954.2,50815808.0,1.0036434764552007,0.10315425760918864,0.10277978189378796,1.0036434764552007,False,-0.028686961165789282,0.024252747698422228,False,3,1,结构未成熟,-0.3640096618357488,0.3969587835134053,0.06295795401788418,0.05710259473700319,-0.034969481180060824,,-0.027336534909493948,24.01,21.62,0.09662640566430647,0.21785383903792765,True,True,False,False,False,False,False,True,True,False,True,False,0,1,0,0,3,1,2,0,7,False,振幅、量能、换手或短期趋势尚未形成两类收敛支持,核心：振幅、流动性（成交量/换手合并）与短期止跌三类证据中至少两类支持+40日趋势仍活；缺失量价/换手必须明示；2%-6%单日加速仅为中等证据,152,False,30,50,34,14,未入选：未满足二级结构筛选最低资格条件
605168,三人行,52.49,0.09995808885163471,0.09036144578313254,0.10505263157894751,0.24177903950792512,0.2780618456294133,0.16360008867213494,,0.10645025295109621,0.0,0.08084163898117383,1.316775046778629,6361269.0,6038453.2,1.0534600152237663,0.03017436650005036,0.02864310563665868,1.053460015223765,False,0.03202401801351007,0.017370565018256956,True,3,1,结构未成熟,-0.1821439700841384,0.6559741024131842,0.11845049114657691,0.0576712938605366,0.003131633232682507,,0.049800000000000066,47.44,45.15,0.10645025295109622,0.1625692137320045,True,False,False,False,False,True,False,True,True,False,True,False,0,0,0,1,3,1,2,0,7,False,振幅、量能、换手或短期趋势尚未形成两类收敛支持,核心：振幅、流动性（成交量/换手合并）与短期止跌三类证据中至少两类支持+40日趋势仍活；缺失量价/换手必须明示；2%-6%单日加速仅为中等证据,152,False,30,50,34,14,未入选：未满足二级结构筛选最低资格条件
001696,宗申动力,16.48,0.0024330900243307862,0.0778286461739699,0.11051212938005395,0.014778325123152802,-0.05666857469948472,-0.27845884413309985,,0.17105263157894746,-0.08393551973318503,0.1744505494505495,0.9805221715706591,72408933.6,37601563.6,1.925689430638464,0.08122023060426517,0.04217722199230045,1.9256894306384642,False,0.055792880258899835,0.029003535419667603,True,3,2,部分收敛/待确认,-0.35975135975135974,0.23911257189811017,0.03941974140649629,0.016518866284124467,-0.009945750452079682,,-0.0577472841623784,15.2,14.56,0.08421052631578951,0.13186813186813184,True,True,False,False,False,True,True,False,True,False,False,False,3,1,0,1,0,1,0,0,6,False,40日趋势偏弱,核心：振幅、流动性（成交量/换手合并）与短期止跌三类证据中至少两类支持+40日趋势仍活；缺失量价/换手必须明示；2%-6%单日加速仅为中等证据,160,False,30,50,34,14,未入选：未满足二级结构筛选最低资格条件
002837,英维克,64.47,0.008762322015334112,-0.05483066998973751,0.17753424657534245,0.1670890658942794,-0.037473872797850194,-0.024364406779661008,,0.1302816901408452,-0.08708581138487692,0.3249710536472404,0.40090244555217336,69451239.2,68129988.9,1.0193930796310462,0.061285547192513536,0.06011964218424447,1.0193930796310464,False,-0.005411288128419733,0.05703459155296087,True,3,2,部分收敛/待确认,-0.31025997646303627,0.391395592864638,0.07107256778309412,0.016222993713072453,-0.005739846920217229,,-0.06102534226623946,62.48,53.01,0.03185019206145978,0.2161856253537069,True,True,False,False,False,True,True,False,True,False,False,False,3,1,0,1,0,1,0,0,6,False,40日趋势偏弱,核心：振幅、流动性（成交量/换手合并）与短期止跌三类证据中至少两类支持+40日趋势仍活；缺失量价/换手必须明示；2%-6%单日加速仅为中等证据,160,False,30,50,34,14,未入选：未满足二级结构筛选最低资格条件
601208,东材科技,49.18,0.06611749403858647,-0.05767388388580186,0.12488563586459289,0.08373732921992061,-0.005057657293141782,-0.1936383013608789,,0.14095279720279727,-0.07014558517678204,0.28062953995157397,0.5022735569003904,58183129.4,65389852.3,0.8897883594087886,0.05759662623802586,0.06473070323857166,0.889788359408789,True,-0.0438472987650349,0.013750793314998955,False,3,2,部分收敛/待确认,-0.38808012940151804,0.41150943396226414,0.03623012821188154,0.02069725950825818,-0.028389642939529725,,-0.05803485922237117,45.76,41.3,0.0747377622377623,0.19079903147699762,True,True,True,True,True,False,True,False,True,False,False,False,3,1,1,0,0,1,0,0,6,False,40日趋势偏弱,核心：振幅、流动性（成交量/换手合并）与短期止跌三类证据中至少两类支持+40日趋势仍活；缺失量价/换手必须明示；2%-6%单日加速仅为中等证据,160,False,30,50,34,14,未入选：未满足二级结构筛选最低资格条件
603002,宏昌电子,16.32,0.08007941760423565,-0.06955530216647654,0.04214559386973171,0.07509881422924902,-0.04561403508771933,-0.06368330464715999,,0.17647058823529416,-0.14105263157894732,0.27602417730020146,0.6393301846285961,70676709.8,77978774.2,0.9063583074379745,0.06232082632649551,0.06875959078773086,0.9063583074379747,True,-0.056212671272982684,-0.007161063235829768,False,3,2,部分收敛/待确认,-0.40546448087431697,0.39477977161500816,0.0031964593066144964,0.023719398839787686,-0.008056498658813083,,-0.07272727272727275,14.96,14.89,0.09090909090909083,0.09603760913364678,True,True,True,True,True,False,True,False,True,False,False,False,3,1,1,0,0,1,0,0,6,False,40日趋势偏弱,核心：振幅、流动性（成交量/换手合并）与短期止跌三类证据中至少两类支持+40日趋势仍活；缺失量价/换手必须明示；2%-6%单日加速仅为中等证据,160,False,30,50,34,14,未入选：未满足二级结构筛选最低资格条件
603297,永新光学,108.33,0.007252440725244114,-0.06499223200414295,0.03269780743565298,0.04950590970742108,-0.02598453515554755,-0.06972949763847147,,0.12516419590917624,-0.09664776517678453,0.14849325931800164,0.8428947986193387,1951039.0,1373966.3,1.4200049884775194,0.01761993008161358,0.01240835787521071,1.420004988477524,False,-0.0007406470726377679,0.008325650009220142,True,3,2,部分收敛/待确认,-0.2913586707660104,0.3299232736572889,0.010107603080767413,0.030311458095361177,-0.01590430656152997,,-0.08124840980408787,106.58,100.88,0.016419590917620575,0.0738501189532117,True,True,False,False,False,True,True,False,True,False,False,False,3,1,0,1,0,1,0,0,6,False,40日趋势偏弱,核心：振幅、流动性（成交量/换手合并）与短期止跌三类证据中至少两类支持+40日趋势仍活；缺失量价/换手必须明示；2%-6%单日加速仅为中等证据,160,False,30,50,34,14,未入选：未满足二级结构筛选最低资格条件
688790,昂瑞微,107.42,0.013587469333836477,-0.08734069668649114,0.14288754122779035,0.10890884690822755,-0.11267140261027586,-0.118785890073831,,0.10661243023365823,-0.13384937913239792,0.3464336119856693,0.30774274361711873,741280.2,765679.8,0.9681334155609171,0.05848007849304332,0.06040497885217724,0.9681334155609171,True,-0.041735580814301065,0.03240151870164376,False,3,2,部分收敛/待确认,-0.3528525814808121,0.27584075173095945,0.03785935469534252,0.031087262006447514,-0.02118407631847352,,-0.08172337151649856,105.71,92.11,0.016176331472897543,0.1662143089783954,True,True,True,True,True,False,True,False,True,False,False,False,3,1,1,0,0,1,0,0,6,False,40日趋势偏弱,核心：振幅、流动性（成交量/换手合并）与短期止跌三类证据中至少两类支持+40日趋势仍活；缺失量价/换手必须明示；2%-6%单日加速仅为中等证据,160,False,30,50,34,14,未入选：未满足二级结构筛选最低资格条件
002072,凯瑞德,8.56,-0.038202247191011174,-0.06550218340611347,0.17260273972602747,0.17260273972602747,0.253294289897511,0.007058823529411784,,0.12220916568742667,-0.12563840653728287,0.3769338959212375,0.3242190925513448,22598459.2,20208503.8,1.118264836608042,0.06148708547124353,0.05498436815535414,1.118264836608042,False,-0.01911667765326297,0.05679758308157101,False,3,1,结构未成熟,-0.1924528301886792,0.5584415584415585,0.06315593367695449,0.05178920565634515,0.004614625142194795,,-0.09799789251844038,8.51,7.2,0.005875440658049458,0.18888888888888888,True,True,False,False,False,False,False,True,True,False,False,False,0,1,0,0,3,1,0,0,5,False,振幅、量能、换手或短期趋势尚未形成两类收敛支持,核心：振幅、流动性（成交量/换手合并）与短期止跌三类证据中至少两类支持+40日趋势仍活；缺失量价/换手必须明示；2%-6%单日加速仅为中等证据,166,False,30,50,34,14,未入选：未满足二级结构筛选最低资格条件
002155,湖南黄金,25.97,-0.030246452576549787,-0.046272493573264795,0.03466135458167319,0.13853572994300745,0.07225433526011571,0.07625362619146281,,0.12004801920768308,-0.12085308056872035,0.22318840579710147,0.5378774886578008,78624473.0,69070691.7,1.138318888443968,0.050319697597588774,0.044205273327559004,1.1383188884439686,False,-0.021202974306117728,0.022355611989688162,False,3,1,结构未成熟,-0.2982977573628749,0.3345388788426762,0.0037102883203214976,0.033987527258080075,0.01297814678683995,,-0.06850789096126253,24.99,24.2,0.03921568627450989,0.0731404958677686,True,True,False,False,False,False,False,True,True,False,False,False,0,1,0,0,3,1,0,0,5,False,振幅、量能、换手或短期趋势尚未形成两类收敛支持,核心：振幅、流动性（成交量/换手合并）与短期止跌三类证据中至少两类支持+40日趋势仍活；缺失量价/换手必须明示；2%-6%单日加速仅为中等证据,166,False,30,50,34,14,未入选：未满足二级结构筛选最低资格条件
002265,建设工业,20.8,-0.030303030303030276,0.09014675052410914,0.15171650055371,0.012165450121654597,0.2713936430317849,0.05103587670540688,,0.1721398305084746,-0.060099412562132803,0.13669467787114833,1.2593016289247025,29336722.0,11802657.6,2.485603072989256,0.028398426432510282,0.01142516548241849,2.4856030729892655,False,0.07065720456649172,0.04315594387079691,True,3,1,结构未成熟,-0.2355751561925763,0.43474426807760147,0.06519178573257567,0.02590042372881385,-0.0026909691076746345,,-0.05239179954441908,18.88,17.98,0.10169491525423746,0.15684093437152402,True,False,False,False,False,True,False,True,True,False,False,False,0,0,0,1,3,1,0,0,5,False,振幅、量能、换手或短期趋势尚未形成两类收敛支持,核心：振幅、流动性（成交量/换手合并）与短期止跌三类证据中至少两类支持+40日趋势仍活；缺失量价/换手必须明示；2%-6%单日加速仅为中等证据,166,False,30,50,34,14,未入选：未满足二级结构筛选最低资格条件
600629,华建集团,17.87,-0.027218290691344627,0.09430496019595846,0.11827284105131408,0.0983405039950831,0.27369921596578783,0.34969788519637457,,0.1649101053936764,-0.04896221394358691,0.13127413127413123,1.2562269793224177,42859303.8,28165189.0,1.5217119189223263,0.037275284372206285,0.02449562490027978,1.5217119189223274,False,0.05037999509683733,0.023970083374203144,True,3,1,结构未成熟,-0.05148619957537148,0.8696236559139786,0.07969306990514191,0.05547077168071124,0.03923753239518479,,0.051795173631548064,16.13,15.54,0.1078735275883449,0.14993564993565012,True,False,False,False,False,True,False,True,True,False,False,False,0,0,0,1,3,1,0,0,5,False,振幅、量能、换手或短期趋势尚未形成两类收敛支持,核心：振幅、流动性（成交量/换手合并）与短期止跌三类证据中至少两类支持+40日趋势仍活；缺失量价/换手必须明示；2%-6%单日加速仅为中等证据,166,False,30,50,34,14,未入选：未满足二级结构筛选最低资格条件
600654,中安科,3.22,-0.012269938650306678,-0.04166666666666652,0.12195121951219523,0.08417508417508412,0.27272727272727293,0.12195121951219523,,0.12578616352201255,-0.11294765840220378,0.30107526881720426,0.4177897574123989,128320383.2,83424857.2,1.5381552633931268,0.05537180508459769,0.0359988399106401,1.5381552633931286,False,-0.0339181286549709,0.03603034134007577,False,3,1,结构未成熟,-0.3347107438016529,0.31932773109243706,0.039883739706120025,0.029342060715494833,0.01041361961036702,,-0.07736389684813749,3.18,2.84,0.012578616352201255,0.1338028169014085,True,True,False,False,False,False,False,True,True,False,False,False,0,1,0,0,3,1,0,0,5,False,振幅、量能、换手或短期趋势尚未形成两类收敛支持,核心：振幅、流动性（成交量/换手合并）与短期止跌三类证据中至少两类支持+40日趋势仍活；缺失量价/换手必须明示；2%-6%单日加速仅为中等证据,166,False,30,50,34,14,未入选：未满足二级结构筛选最低资格条件
603200,上海洗霸,40.3,-0.01946472019464729,-0.04818138875767608,0.029900332225913484,0.04893284747527327,0.10592755214050498,-0.13463603178011607,,0.10376652531803433,-0.13630518645520784,0.34738665896621407,0.2987061323161705,11001359.4,10867465.3,1.0123206374535192,0.06269291624475504,0.061929900394462334,1.0123206374535187,False,-0.026961695797694363,0.03677284466855246,False,3,1,结构未成熟,-0.4613019649779442,0.21496815286624193,0.017586829446892382,0.0400950161348157,-0.019974248213989187,,-0.0840909090909091,40.09,38.21,0.005238214018458365,0.05469772310913368,True,True,False,False,False,False,False,True,True,False,False,False,0,1,0,0,3,1,0,0,5,False,振幅、量能、换手或短期趋势尚未形成两类收敛支持,核心：振幅、流动性（成交量/换手合并）与短期止跌三类证据中至少两类支持+40日趋势仍活；缺失量价/换手必须明示；2%-6%单日加速仅为中等证据,166,False,30,50,34,14,未入选：未满足二级结构筛选最低资格条件
603358,华达科技,47.08,0.014655172413793105,-0.053097345132743334,0.0212581344902385,0.14773281326182341,0.2308496732026144,0.2305279665446942,,0.14155251141552508,-0.10323809523809524,0.1318005918506715,1.073989952760625,14340018.0,10823761.5,1.3248645584069827,0.031054416770275255,0.02343969168260871,1.3248645584069845,False,0.004823808355817194,0.01112349391256795,True,3,1,结构未成熟,-0.10323809523809524,0.7864460204885736,0.013072247027812178,0.06558621413632415,0.0436599175307999,,-0.09461538461538466,45.99,43.93,0.023700804522722274,0.07170498520373325,True,False,False,False,False,True,False,True,True,False,False,False,0,0,0,1,3,1,0,0,5,False,振幅、量能、换手或短期趋势尚未形成两类收敛支持,核心：振幅、流动性（成交量/换手合并）与短期止跌三类证据中至少两类支持+40日趋势仍活；缺失量价/换手必须明示；2%-6%单日加速仅为中等证据,166,False,30,50,34,14,未入选：未满足二级结构筛选最低资格条件
603395,红四方,29.77,0.10014781966001474,0.023024054982817788,0.1472061657032755,0.31667403803626715,0.4621807465618861,0.31087626596213114,,0.17801047120418856,-0.10277275467148883,0.32666933226709305,0.5449255672970327,18973825.2,18753691.3,1.0117381637821883,0.2919050030769231,0.2885183276923077,1.0117381637821883,False,-0.028756581611988574,0.003452204232402112,False,3,1,结构未成熟,-0.11346039309112566,0.7235123367198839,0.09708684195979456,0.04487379245870993,0.044734293087257626,,-0.054920634920634925,26.74,25.76,0.11331338818249814,0.15566770186335388,True,True,False,False,False,False,False,True,True,False,False,False,0,1,0,0,3,1,0,0,5,False,振幅、量能、换手或短期趋势尚未形成两类收敛支持,核心：振幅、流动性（成交量/换手合并）与短期止跌三类证据中至少两类支持+40日趋势仍活；缺失量价/换手必须明示；2%-6%单日加速仅为中等证据,166,False,30,50,34,14,未入选：未满足二级结构筛选最低资格条件
605178,时空科技,69.15,0.06204884042389813,-0.01579846285226305,0.058148431522570876,0.04471974618522445,-0.2814091239738127,0.11352657004830924,,0.1431010398882508,-0.06109979633401219,0.13047603985449957,1.096761060864738,3513600.0,3792370.0,0.9264918771111469,0.0354622527250706,0.03827583770690346,0.9264918771111469,True,-0.017372547876526756,0.005758928571428568,False,3,1,结构未成熟,-0.43985419198055886,0.2191544434857637,0.0330995226676829,-0.0006706976791814867,0.009117277708011517,,-0.018313458262350868,64.43,63.23,0.07325779916188102,0.09362644314407742,True,False,True,True,True,False,False,False,False,True,True,False,0,0,1,0,0,0,4,0,5,False,振幅、量能、换手或短期趋势尚未形成两类收敛支持,核心：振幅、流动性（成交量/换手合并）与短期止跌三类证据中至少两类支持+40日趋势仍活；缺失量价/换手必须明示；2%-6%单日加速仅为中等证据,166,False,30,50,34,14,未入选：未满足二级结构筛选最低资格条件
